Customer_ID,Customer_Name,Age,Gender,City,State,Signup_Date,Customer_Segment,Acquisition_Channel
C00001,Customer 00001,32,Male,Pune,Maharashtra,2026-01-19,Regular,Social
C00002,Customer 00002,37,Female,Kolkata,West Bengal,2025-12-28,Occasional,Social
C00003,Customer 00003,46,Male,Lucknow,Uttar Pradesh,2024-03-14,Regular,Referral
C00004,Customer 00004,59,Female,Ahmedabad,Gujarat,2025-09-14,Occasional,Paid
C00005,Customer 00005,46,,Chennai,Tamil Nadu,2024-04-12,Occasional,Organic
C00006,Customer 00006,20,Female,Pune,Maharashtra,2026-05-20,Premium,Social
C00007,Customer 00007,36,Male,Kochi,Kerala,2025-08-08,Regular,Referral
C00008,Customer 00008,20,Male,Delhi,Delhi,2025-02-23,Regular,Referral
C00009,Customer 00009,31,Male,Pune,Maharashtra,2025-04-17,Regular,Referral
C00010,Customer 00010,57,Male,Lucknow,Uttar Pradesh,2026-02-02,Regular,Social
C00011,Customer 00011,21,Male,Lucknow,Uttar Pradesh,2024-04-23,Regular,Organic
C00012,Customer 00012,28,Female,Ahmedabad,Gujarat,2025-01-13,Occasional,Organic
C00013,Customer 00013,48,Female,Chennai,Tamil Nadu,2024-11-08,Regular,Referral
C00014,Customer 00014,60,Male,Kolkata,West Bengal,2024-11-25,Occasional,Social
C00015,Customer 00015,49,Male,Ahmedabad,Gujarat,2024-12-04,Occasional,Referral
C00016,Customer 00016,44,Female,Ahmedabad,Gujarat,2024-08-25,Occasional,Paid
C00017,Customer 00017,47,Female,Delhi,Delhi,2024-06-21,Regular,Paid
C00018,Customer 00018,60,Male,Hyderabad,Telangana,2024-03-19,Regular,Referral
C00019,Customer 00019,19,Female,Chennai,Tamil Nadu,2025-04-08,Regular,Referral
C00020,Customer 00020,26,Male,Mumbai,Maharashtra,2026-06-16,Regular,Referral
C00021,Customer 00021,45,Female,Ahmedabad,Gujarat,2025-08-27,Regular,Organic
C00022,Customer 00022,48,Male,Indore,Madhya Pradesh,2025-05-15,Occasional,Social
C00023,Customer 00023,51,Male,Hyderabad,Telangana,2025-07-15,Regular,Paid
C00024,Customer 00024,32,Female,Mumbai,Maharashtra,2024-10-11,Regular,Referral
C00025,Customer 00025,65,Male,Indore,Madhya Pradesh,2024-08-10,Occasional,Organic
C00026,Customer 00026,42,Female,bangalore,Tamil Nadu,2025-08-15,Premium,Paid
C00027,Customer 00027,53,Male,Bangalore,Karnataka,2024-09-22,Regular,Social
C00028,Customer 00028,25,Female,Indore,Madhya Pradesh,2025-10-28,Occasional,Organic
C00029,Customer 00029,26,Female,Kochi,Kerala,2025-01-07,Premium,Paid
C00030,Customer 00030,54,Male,Hyderabad,Telangana,2024-08-20,Regular,Paid
C00031,Customer 00031,65,Female,Indore,Madhya Pradesh,2026-04-07,Regular,Referral
C00032,Customer 00032,62,Female,Jaipur,Rajasthan,2024-08-23,Occasional,Organic
C00033,Customer 00033,56,Female,Bangalore,Karnataka,2025-11-01,Regular,Organic
C00034,Customer 00034,49,Female,Lucknow,Uttar Pradesh,2026-04-07,Regular,Social
C00035,Customer 00035,34,Female,Lucknow,Uttar Pradesh,2026-02-01,Regular,Paid
C00036,Customer 00036,52,Male,Kochi,Kerala,2024-11-09,Regular,Organic
C00037,Customer 00037,54,Male,Indore,Madhya Pradesh,2026-03-23,Regular,Organic
C00038,Customer 00038,36,Female,Indore,Madhya Pradesh,2025-01-14,Regular,Social
C00039,Customer 00039,61,Female,Delhi,Delhi,2026-03-04,Regular,Organic
C00040,Customer 00040,46,Male,Indore,Madhya Pradesh,2025-09-05,Regular,Referral
C00041,Customer 00041,24,Female,Pune,Maharashtra,2025-07-16,Regular,Paid
C00042,Customer 00042,45,Female,Kolkata,West Bengal,2025-02-23,Regular,Social
C00043,Customer 00043,26,Male,Jaipur,Rajasthan,2024-02-21,Regular,Referral
C00044,Customer 00044,45,Male,Delhi,Delhi,2025-12-21,Regular,Referral
C00045,Customer 00045,23,Female,Chennai,Tamil Nadu,2026-03-29,Premium,Organic
C00046,Customer 00046,46,Male,Delhi,Delhi,2025-10-04,Occasional,Social
C00047,Customer 00047,34,Female,Pune,Maharashtra,2025-05-23,Occasional,Paid
C00048,Customer 00048,33,Female,Chennai,Tamil Nadu,2026-02-20,Regular,Social
C00049,Customer 00049,40,Male,Jaipur,Rajasthan,2024-07-23,Regular,Paid
C00050,Customer 00050,48,Male,Pune,Maharashtra,2025-12-31,Regular,Referral
C00051,Customer 00051,20,Male,Mumbai,Maharashtra,2024-09-13,Regular,Organic
C00052,Customer 00052,38,Female,Kolkata,West Bengal,2024-07-03,Regular,Referral
C00053,Customer 00053,43,,Jaipur,Rajasthan,2024-05-24,Premium,Paid
C00054,Customer 00054,53,Male,Indore,Madhya Pradesh,2025-11-20,Occasional,Paid
C00055,Customer 00055,59,,Mumbai,Maharashtra,2024-01-14,Premium,Organic
C00056,Customer 00056,54,Male,Kochi,Kerala,2024-09-02,Regular,Organic
C00057,Customer 00057,39,Male,Jaipur,Rajasthan,2024-07-05,Occasional,Organic
C00058,Customer 00058,59,Male,Kochi,Kerala,2024-12-02,Regular,Paid
C00059,Customer 00059,29,Male,Chennai,Tamil Nadu,2024-09-15,Premium,Social
C00060,Customer 00060,59,Male,Mumbai,Maharashtra,2026-05-15,Occasional,Paid
C00061,Customer 00061,30,Male,Kolkata,West Bengal,2024-02-09,Occasional,Referral
C00062,Customer 00062,28,Female,Indore,Madhya Pradesh,2025-08-23,Occasional,Organic
C00063,Customer 00063,33,Female,Indore,Madhya Pradesh,2025-09-28,Regular,Referral
C00064,Customer 00064,25,Male,Pune,Maharashtra,2025-02-21,Regular,Paid
C00065,Customer 00065,57,Male,bangalore,Madhya Pradesh,2024-12-16,Occasional,Social
C00066,Customer 00066,57,Male,Ahmedabad,Gujarat,2024-01-09,Regular,Social
C00067,Customer 00067,62,Male,Delhi,Delhi,2024-12-15,Occasional,Paid
C00068,Customer 00068,19,Female,Bangalore,Karnataka,2024-03-24,Regular,Referral
C00069,Customer 00069,47,Male,Kolkata,West Bengal,2025-06-16,Regular,Organic
C00070,Customer 00070,47,Male,Mumbai,Maharashtra,2026-03-03,Occasional,Paid
C00071,Customer 00071,29,Male,Ahmedabad,Gujarat,2024-12-23,Regular,Organic
C00072,Customer 00072,27,Male,Kolkata,West Bengal,2025-01-12,Premium,Paid
C00073,Customer 00073,61,Male,Mumbai,Maharashtra,2024-06-20,Regular,Organic
C00074,Customer 00074,28,Female,Hyderabad,Telangana,2024-01-25,Regular,Referral
C00075,Customer 00075,32,Male,bangalore,Telangana,2025-01-27,Premium,Paid
C00076,Customer 00076,33,Male,Kochi,Kerala,2024-04-12,Regular,Referral
C00077,Customer 00077,34,Female,Kolkata,West Bengal,2025-12-02,Regular,Paid
C00078,Customer 00078,43,Female,Hyderabad,Telangana,2024-08-23,Occasional,Organic
C00079,Customer 00079,19,Female,Mumbai,Maharashtra,2025-02-13,Regular,Referral
C00080,Customer 00080,29,Female,Kochi,Kerala,2026-04-04,Occasional,Social
C00081,Customer 00081,43,Male,Indore,Madhya Pradesh,2025-07-02,Regular,Social
C00082,Customer 00082,40,Female,Mumbai,Maharashtra,2026-02-22,Regular,Paid
C00083,Customer 00083,35,Female,Kochi,Kerala,2026-03-15,Premium,Referral
C00084,Customer 00084,49,Male,Kolkata,West Bengal,2024-11-27,Occasional,Referral
C00085,Customer 00085,55,Female,Ahmedabad,Gujarat,2025-10-25,Occasional,Organic
C00086,Customer 00086,64,Female,Pune,Maharashtra,2026-03-04,Occasional,Organic
C00087,Customer 00087,20,Male,Indore,Madhya Pradesh,2025-06-15,Regular,Organic
C00088,Customer 00088,55,Male,Jaipur,Rajasthan,2025-10-10,Regular,Paid
C00089,Customer 00089,20,Male,Ahmedabad,Gujarat,2026-05-20,Occasional,Paid
C00090,Customer 00090,47,Male,Chennai,Tamil Nadu,2024-01-29,Occasional,Social
C00091,Customer 00091,18,Male,Mumbai,Maharashtra,2025-06-26,Occasional,Paid
C00092,Customer 00092,47,Female,Chennai,Tamil Nadu,2024-01-19,Regular,Referral
C00093,Customer 00093,62,Female,Ahmedabad,Gujarat,2024-05-27,Occasional,Referral
C00094,Customer 00094,49,Male,Kochi,Kerala,2025-04-15,Premium,Organic
C00095,Customer 00095,45,Female,Jaipur,Rajasthan,2025-05-05,Regular,Organic
C00096,Customer 00096,38,Male,Indore,Madhya Pradesh,2024-10-09,Premium,Paid
C00097,Customer 00097,63,Male,Indore,Madhya Pradesh,2026-05-11,Regular,Referral
C00098,Customer 00098,30,Female,Indore,Madhya Pradesh,2026-05-02,Occasional,Social
C00099,Customer 00099,44,Female,Jaipur,Rajasthan,2026-03-22,Occasional,Paid
C00100,Customer 00100,53,Female,Bangalore,Karnataka,2025-11-05,Occasional,Social
C00101,Customer 00101,24,Female,Jaipur,Rajasthan,2024-04-22,Regular,Paid
C00102,Customer 00102,39,Female,Pune,Maharashtra,2025-03-30,Regular,Referral
C00103,Customer 00103,27,Female,Jaipur,Rajasthan,2025-10-23,Occasional,Referral
C00104,Customer 00104,56,Male,Ahmedabad,Gujarat,2024-11-25,Regular,Organic
C00105,Customer 00105,32,Female,Bangalore,Karnataka,2024-09-11,Occasional,Organic
C00106,Customer 00106,32,Other,Indore,Madhya Pradesh,2025-08-21,Regular,Organic
C00107,Customer 00107,21,Female,Ahmedabad,Gujarat,2025-02-02,Regular,Paid
C00108,Customer 00108,49,Male,Ahmedabad,Gujarat,2026-05-11,Regular,Referral
C00109,Customer 00109,40,Female,Lucknow,Uttar Pradesh,2025-09-01,Occasional,Organic
C00110,Customer 00110,23,Female,Delhi,Delhi,2025-05-22,Regular,Referral
C00111,Customer 00111,41,Male,Bangalore,Karnataka,2025-10-05,Regular,Organic
C00112,Customer 00112,37,Female,Ahmedabad,Gujarat,2025-04-10,Occasional,Referral
C00113,Customer 00113,54,Male,Delhi,Delhi,2026-04-03,Regular,Referral
C00114,Customer 00114,37,Male,Delhi,Delhi,2025-02-10,Occasional,Referral
C00115,Customer 00115,29,Female,Bangalore,Karnataka,2025-08-31,Regular,Paid
C00116,Customer 00116,50,Male,Lucknow,Uttar Pradesh,2024-04-07,Regular,Organic
C00117,Customer 00117,45,Male,Chennai,Tamil Nadu,2024-10-16,Occasional,Social
C00118,Customer 00118,25,Female,Kochi,Kerala,2026-05-17,Regular,Organic
C00119,Customer 00119,18,Female,Pune,Maharashtra,2026-01-08,Regular,Organic
C00120,Customer 00120,54,Male,Kochi,Kerala,2025-10-18,Regular,Organic
C00121,Customer 00121,39,Other,Jaipur,Rajasthan,2024-06-04,Regular,Referral
C00122,Customer 00122,23,Female,Indore,Madhya Pradesh,2026-02-20,Regular,Referral
C00123,Customer 00123,38,Female,Pune,Maharashtra,2024-06-10,Premium,Referral
C00124,Customer 00124,49,Female,Jaipur,Rajasthan,2025-09-15,Occasional,Paid
C00125,Customer 00125,52,Female,Ahmedabad,Gujarat,2026-04-22,Occasional,Organic
C00126,Customer 00126,32,Male,Indore,Madhya Pradesh,2025-11-27,Regular,Social
C00127,Customer 00127,22,Male,Mumbai,Maharashtra,2025-12-17,Regular,Paid
C00128,Customer 00128,63,Female,Bangalore,Karnataka,2024-04-06,Regular,Paid
C00129,Customer 00129,65,Female,Pune,Maharashtra,2025-01-11,Regular,Referral
C00130,Customer 00130,23,Male,Pune,Maharashtra,2025-07-20,Regular,Organic
C00131,Customer 00131,42,Female,Ahmedabad,Gujarat,2025-03-25,Regular,Organic
C00132,Customer 00132,63,Female,Chennai,Tamil Nadu,2024-04-26,Regular,Paid
C00133,Customer 00133,57,Male,Delhi,Delhi,2025-08-27,Regular,Organic
C00134,Customer 00134,46,Male,Indore,Madhya Pradesh,2026-03-15,Regular,Organic
C00135,Customer 00135,24,Male,Ahmedabad,Gujarat,2025-12-16,Occasional,Social
C00136,Customer 00136,57,Female,Hyderabad,Telangana,2026-03-04,Occasional,Paid
C00137,Customer 00137,30,Male,Lucknow,Uttar Pradesh,2025-05-20,Regular,Paid
C00138,Customer 00138,55,Male,Delhi,Delhi,2024-07-07,Occasional,Referral
C00139,Customer 00139,35,Female,Bangalore,Karnataka,2025-04-20,Regular,Social
C00140,Customer 00140,19,Female,Delhi,Delhi,2024-11-18,Occasional,Organic
C00141,Customer 00141,25,Male,Chennai,Tamil Nadu,2025-08-18,Regular,Social
C00142,Customer 00142,28,Male,Delhi,Delhi,2024-06-28,Occasional,Referral
C00143,Customer 00143,50,Female,Bangalore,Karnataka,2026-02-24,Regular,Organic
C00144,Customer 00144,55,Female,Chennai,Tamil Nadu,2024-06-29,Regular,Organic
C00145,Customer 00145,65,Female,Kochi,Kerala,2025-11-23,Regular,Paid
C00146,Customer 00146,44,Female,Pune,Maharashtra,2026-03-05,Regular,Referral
C00147,Customer 00147,37,Male,Pune,Maharashtra,2024-10-13,Regular,Organic
C00148,Customer 00148,29,Male,Lucknow,Uttar Pradesh,2025-04-19,Regular,Paid
C00149,Customer 00149,60,Male,Jaipur,Rajasthan,2025-09-09,Occasional,Referral
C00150,Customer 00150,48,Male,Kochi,Kerala,2025-10-02,Regular,Paid
C00151,Customer 00151,44,Female,Kochi,Kerala,2024-09-18,Regular,Social
C00152,Customer 00152,49,Male,Indore,Madhya Pradesh,2025-06-06,Regular,Social
C00153,Customer 00153,27,Male,Delhi,Delhi,2024-06-10,Occasional,Paid
C00154,Customer 00154,20,Other,Pune,Maharashtra,2025-05-01,Occasional,Social
C00155,Customer 00155,62,Male,Bangalore,Karnataka,2024-06-29,Occasional,Organic
C00156,Customer 00156,44,Male,Kolkata,West Bengal,2025-12-25,Regular,Organic
C00157,Customer 00157,52,Male,Kolkata,West Bengal,2025-04-13,Regular,Paid
C00158,Customer 00158,48,Female,Chennai,Tamil Nadu,2026-02-24,Premium,Referral
C00159,Customer 00159,32,Female,Pune,Maharashtra,2024-01-21,Regular,Referral
C00160,Customer 00160,33,Male,Pune,Maharashtra,2024-10-01,Premium,Paid
C00161,Customer 00161,30,Female,Lucknow,Uttar Pradesh,2024-09-16,Regular,Organic
C00162,Customer 00162,52,Female,Kolkata,West Bengal,2024-11-28,Regular,Organic
C00163,Customer 00163,28,Female,Pune,Maharashtra,2025-04-10,Regular,Social
C00164,Customer 00164,38,Female,Lucknow,Uttar Pradesh,2024-04-25,Regular,Social
C00165,Customer 00165,28,Female,Delhi,Delhi,2025-02-16,Occasional,Referral
C00166,Customer 00166,47,Female,Hyderabad,Telangana,2025-06-20,Premium,Referral
C00167,Customer 00167,65,Male,Indore,Madhya Pradesh,2026-04-24,Occasional,Referral
C00168,Customer 00168,52,Male,Mumbai,Maharashtra,2026-02-04,Regular,Organic
C00169,Customer 00169,39,Male,Kochi,Kerala,2025-12-23,Premium,Paid
C00170,Customer 00170,55,Female,Jaipur,Rajasthan,2026-03-27,Regular,Referral
C00171,Customer 00171,48,Female,Chennai,Tamil Nadu,2026-04-12,Occasional,Paid
C00172,Customer 00172,31,Female,Hyderabad,Telangana,2026-04-30,Regular,Organic
C00173,Customer 00173,41,Male,Indore,Madhya Pradesh,2024-09-13,Occasional,Social
C00174,Customer 00174,49,Female,Indore,Madhya Pradesh,2024-06-16,Regular,Social
C00175,Customer 00175,53,Female,Indore,Madhya Pradesh,2026-04-28,Premium,Organic
C00176,Customer 00176,49,Female,Indore,Madhya Pradesh,2025-06-16,Occasional,Referral
C00177,Customer 00177,32,Female,Kolkata,West Bengal,2025-08-20,Premium,Social
C00178,Customer 00178,60,Female,Lucknow,Uttar Pradesh,2024-01-15,Occasional,Organic
C00179,Customer 00179,52,Female,Kochi,Kerala,2024-02-19,Premium,Paid
C00180,Customer 00180,20,Female,Pune,Maharashtra,2024-10-30,Regular,Paid
C00181,Customer 00181,33,Female,Indore,Madhya Pradesh,2025-05-01,Occasional,Paid
C00182,Customer 00182,22,Male,Jaipur,Rajasthan,2025-02-19,Occasional,Social
C00183,Customer 00183,38,Male,Pune,Maharashtra,2024-10-31,Regular,Paid
C00184,Customer 00184,27,Female,Bangalore,Karnataka,2024-07-14,Occasional,Organic
C00185,Customer 00185,36,Male,Bangalore,Karnataka,2026-05-25,Regular,Organic
C00186,Customer 00186,42,Female,Jaipur,Rajasthan,2026-03-23,Occasional,Organic
C00187,Customer 00187,21,Male,Lucknow,Uttar Pradesh,2026-03-10,Regular,Paid
C00188,Customer 00188,46,Female,Jaipur,Rajasthan,2025-01-22,Regular,Referral
C00189,Customer 00189,36,Male,Kolkata,West Bengal,2026-01-26,Regular,Organic
C00190,Customer 00190,60,Male,Jaipur,Rajasthan,2026-05-14,Premium,Referral
C00191,Customer 00191,19,Female,Delhi,Delhi,2025-03-30,Regular,Referral
C00192,Customer 00192,27,Male,Pune,Maharashtra,2025-12-13,Regular,Organic
C00193,Customer 00193,60,Male,Hyderabad,Telangana,2025-12-05,Regular,Referral
C00194,Customer 00194,42,Male,Ahmedabad,Gujarat,2026-04-27,Occasional,Referral
C00195,Customer 00195,37,Female,Lucknow,Uttar Pradesh,2025-10-19,Premium,Paid
C00196,Customer 00196,65,,Jaipur,Rajasthan,2024-11-05,Regular,Paid
C00197,Customer 00197,36,Female,Chennai,Tamil Nadu,2024-05-06,Regular,Referral
C00198,Customer 00198,40,Female,Bangalore,Karnataka,2024-06-23,Occasional,Social
C00199,Customer 00199,41,Female,Delhi,Delhi,2024-05-13,Regular,Paid
C00200,Customer 00200,28,Female,Kochi,Kerala,2024-03-06,Regular,Paid
C00201,Customer 00201,63,Female,Indore,Madhya Pradesh,2025-01-27,Regular,Paid
C00202,Customer 00202,51,Male,Ahmedabad,Gujarat,2024-12-30,Regular,Organic
C00203,Customer 00203,45,Female,Lucknow,Uttar Pradesh,2024-10-05,Premium,Paid
C00204,Customer 00204,22,Male,Hyderabad,Telangana,2026-01-27,Regular,Paid
C00205,Customer 00205,22,Female,Ahmedabad,Gujarat,2024-12-28,Premium,Organic
C00206,Customer 00206,38,Male,Jaipur,Rajasthan,2026-01-18,Regular,Paid
C00207,Customer 00207,29,Female,Kolkata,West Bengal,2024-06-19,Regular,Organic
C00208,Customer 00208,21,Male,Bangalore,Karnataka,2024-02-20,Regular,Paid
C00209,Customer 00209,59,Male,Bangalore,Karnataka,2024-11-23,Premium,Organic
C00210,Customer 00210,37,Female,Kochi,Kerala,2026-05-20,Occasional,Organic
C00211,Customer 00211,55,Female,Kolkata,West Bengal,2025-10-26,Occasional,Social
C00212,Customer 00212,42,Male,Bengaluru,Madhya Pradesh,2025-08-14,Regular,Social
C00213,Customer 00213,31,Female,Pune,Maharashtra,2024-05-24,Regular,Organic
C00214,Customer 00214,28,Female,Bengaluru,Maharashtra,2024-09-30,Regular,Paid
C00215,Customer 00215,49,Other,Delhi,Delhi,2024-06-03,Premium,Organic
C00216,Customer 00216,28,Female,Bangalore,Karnataka,2025-05-22,Regular,Paid
C00217,Customer 00217,35,Male,Chennai,Tamil Nadu,2026-04-28,Regular,Paid
C00218,Customer 00218,44,Male,Bangalore,Karnataka,2024-12-28,Occasional,Organic
C00219,Customer 00219,35,Female,Ahmedabad,Gujarat,2024-11-20,Occasional,Referral
C00220,Customer 00220,40,Female,Bangalore,Karnataka,2026-04-27,Regular,Organic
C00221,Customer 00221,28,Male,Lucknow,Uttar Pradesh,2025-10-16,Regular,Organic
C00222,Customer 00222,38,Male,Bangalore,Karnataka,2024-10-24,Occasional,Referral
C00223,Customer 00223,61,Female,Mumbai,Maharashtra,2025-05-08,Occasional,Referral
C00224,Customer 00224,22,Male,Mumbai,Maharashtra,2025-06-29,Occasional,Paid
C00225,Customer 00225,40,Male,Indore,Madhya Pradesh,2024-10-30,Premium,Paid
C00226,Customer 00226,58,Male,Hyderabad,Telangana,2025-04-11,Premium,Paid
C00227,Customer 00227,42,Male,Pune,Maharashtra,2024-08-26,Regular,Paid
C00228,Customer 00228,58,Male,Chennai,Tamil Nadu,2025-10-11,Regular,Paid
C00229,Customer 00229,27,Female,Bangalore,Karnataka,2026-02-04,Premium,Paid
C00230,Customer 00230,39,Male,Bangalore,Karnataka,2025-05-31,Premium,Paid
C00231,Customer 00231,36,Male,Delhi,Delhi,2026-06-02,Occasional,Referral
C00232,Customer 00232,18,Male,Mumbai,Maharashtra,2024-06-24,Occasional,Referral
C00233,Customer 00233,24,,Chennai,Tamil Nadu,2026-06-03,Regular,Paid
C00234,Customer 00234,21,Male,Indore,Madhya Pradesh,2025-02-13,Occasional,Paid
C00235,Customer 00235,18,Female,Kochi,Kerala,2025-12-26,Regular,Paid
C00236,Customer 00236,32,Female,Hyderabad,Telangana,2024-12-29,Occasional,Paid
C00237,Customer 00237,57,Male,Pune,Maharashtra,2024-01-23,Regular,Paid
C00238,Customer 00238,29,Male,Kolkata,West Bengal,2024-11-13,Premium,Social
C00239,Customer 00239,39,Male,Pune,Maharashtra,2025-06-08,Regular,Referral
C00240,Customer 00240,39,Female,Lucknow,Uttar Pradesh,2026-01-22,Regular,Social
C00241,Customer 00241,64,Female,Ahmedabad,Gujarat,2024-10-02,Regular,Referral
C00242,Customer 00242,34,Male,Lucknow,Uttar Pradesh,2025-08-26,Premium,Social
C00243,Customer 00243,46,Female,Bangalore,Karnataka,2025-09-11,Occasional,Referral
C00244,Customer 00244,63,Male,Bengaluru,Telangana,2024-08-16,Regular,Social
C00245,Customer 00245,31,Female,Ahmedabad,Gujarat,2025-10-25,Regular,Organic
C00246,Customer 00246,37,Female,Chennai,Tamil Nadu,2024-04-17,Regular,Organic
C00247,Customer 00247,65,Female,Kolkata,West Bengal,2026-03-11,Regular,Paid
C00248,Customer 00248,50,Female,Mumbai,Maharashtra,2024-06-24,Regular,Social
C00249,Customer 00249,60,Male,Hyderabad,Telangana,2024-11-15,Occasional,Paid
C00250,Customer 00250,32,Female,Hyderabad,Telangana,2024-10-12,Regular,Organic
C00251,Customer 00251,29,Female,Lucknow,Uttar Pradesh,2026-05-25,Regular,Paid
C00252,Customer 00252,57,Female,Bangalore,Karnataka,2024-11-24,Occasional,Referral
C00253,Customer 00253,37,Male,Jaipur,Rajasthan,2026-05-26,Premium,Paid
C00254,Customer 00254,47,Male,Indore,Madhya Pradesh,2026-01-22,Regular,Referral
C00255,Customer 00255,55,Female,Lucknow,Uttar Pradesh,2025-10-18,Occasional,Social
C00256,Customer 00256,20,Female,Hyderabad,Telangana,2024-12-21,Premium,Social
C00257,Customer 00257,45,Female,Delhi,Delhi,2024-01-14,Regular,Organic
C00258,Customer 00258,43,Female,Kolkata,West Bengal,2024-10-01,Occasional,Paid
C00259,Customer 00259,47,Female,Indore,Madhya Pradesh,2024-03-11,Regular,Paid
C00260,Customer 00260,30,Female,Lucknow,Uttar Pradesh,2026-04-06,Regular,Paid
C00261,Customer 00261,30,Female,Kolkata,West Bengal,2024-07-13,Occasional,Organic
C00262,Customer 00262,19,Female,Delhi,Delhi,2026-05-14,Regular,Referral
C00263,Customer 00263,54,Male,Kochi,Kerala,2026-03-22,Premium,Paid
C00264,Customer 00264,55,Male,Delhi,Delhi,2026-05-28,Occasional,Social
C00265,Customer 00265,19,Female,Delhi,Delhi,2025-06-06,Occasional,Social
C00266,Customer 00266,53,Male,Kolkata,West Bengal,2024-04-15,Regular,Organic
C00267,Customer 00267,43,Female,Pune,Maharashtra,2026-02-08,Regular,Social
C00268,Customer 00268,28,Male,Kolkata,West Bengal,2026-06-11,Occasional,Referral
C00269,Customer 00269,25,Male,Jaipur,Rajasthan,2024-07-14,Occasional,Paid
C00270,Customer 00270,61,Female,Bangalore,Karnataka,2024-05-24,Regular,Paid
C00271,Customer 00271,57,Female,Ahmedabad,Gujarat,2026-01-01,Premium,Paid
C00272,Customer 00272,60,Male,Pune,Maharashtra,2024-12-15,Regular,Paid
C00273,Customer 00273,39,Female,Mumbai,Maharashtra,2025-02-27,Occasional,Referral
C00274,Customer 00274,37,Female,Ahmedabad,Gujarat,2025-04-15,Occasional,Organic
C00275,Customer 00275,25,Female,Bangalore,Karnataka,2025-11-16,Occasional,Referral
C00276,Customer 00276,46,Male,Lucknow,Uttar Pradesh,2024-08-03,Occasional,Organic
C00277,Customer 00277,57,Female,Indore,Madhya Pradesh,2024-04-02,Regular,Organic
C00278,Customer 00278,43,Female,Jaipur,Rajasthan,2024-09-16,Regular,Paid
C00279,Customer 00279,47,Male,Jaipur,Rajasthan,2025-07-28,Occasional,Paid
C00280,Customer 00280,34,Female,Mumbai,Maharashtra,2025-06-24,Occasional,Paid
C00281,Customer 00281,37,Female,Pune,Maharashtra,2026-02-25,Regular,Organic
C00282,Customer 00282,33,Female,Kochi,Kerala,2026-05-08,Premium,Social
C00283,Customer 00283,63,Female,Delhi,Delhi,2024-10-11,Occasional,Referral
C00284,Customer 00284,60,Male,Pune,Maharashtra,2025-04-28,Regular,Organic
C00285,Customer 00285,24,Male,Indore,Madhya Pradesh,2025-01-06,Regular,Paid
C00286,Customer 00286,33,Female,Kochi,Kerala,2024-03-10,Regular,Paid
C00287,Customer 00287,62,Female,Jaipur,Rajasthan,2025-01-13,Regular,Organic
C00288,Customer 00288,64,Female,Kolkata,West Bengal,2024-10-05,Regular,Referral
C00289,Customer 00289,65,Female,Indore,Madhya Pradesh,2026-01-12,Occasional,Social
C00290,Customer 00290,44,Male,Bangalore,Karnataka,2024-10-28,Regular,Referral
C00291,Customer 00291,40,Male,Mumbai,Maharashtra,2024-09-11,Regular,Organic
C00292,Customer 00292,41,Male,Bangalore,Karnataka,2025-11-14,Regular,Social
C00293,Customer 00293,26,Male,Indore,Madhya Pradesh,2025-11-22,Occasional,Paid
C00294,Customer 00294,52,Female,Chennai,Tamil Nadu,2024-09-20,Occasional,Social
C00295,Customer 00295,37,Male,Chennai,Tamil Nadu,2025-11-25,Occasional,Organic
C00296,Customer 00296,54,Female,Lucknow,Uttar Pradesh,2026-04-13,Occasional,Paid
C00297,Customer 00297,59,Male,Pune,Maharashtra,2025-12-17,Premium,Referral
C00298,Customer 00298,34,Female,Jaipur,Rajasthan,2025-02-27,Premium,Organic
C00299,Customer 00299,64,Female,Jaipur,Rajasthan,2026-01-30,Regular,Referral
C00300,Customer 00300,48,Male,Delhi,Delhi,2024-07-31,Regular,Referral
C00301,Customer 00301,25,Male,Delhi,Delhi,2025-11-01,Occasional,Organic
C00302,Customer 00302,32,Male,Delhi,Delhi,2024-04-09,Regular,Referral
C00303,Customer 00303,48,Female,Kolkata,West Bengal,2026-04-08,Occasional,Paid
C00304,Customer 00304,47,Male,Ahmedabad,Gujarat,2024-04-21,Regular,Organic
C00305,Customer 00305,63,Female,Hyderabad,Telangana,2024-11-03,Regular,Social
C00306,Customer 00306,37,Other,Ahmedabad,Gujarat,2025-11-08,Regular,Social
C00307,Customer 00307,56,Female,Bangalore,Karnataka,2025-04-19,Regular,Organic
C00308,Customer 00308,29,Male,Ahmedabad,Gujarat,2025-07-01,Regular,Paid
C00309,Customer 00309,34,Female,Kolkata,West Bengal,2024-04-21,Regular,Paid
C00310,Customer 00310,59,Male,Lucknow,Uttar Pradesh,2024-03-27,Regular,Referral
C00311,Customer 00311,47,Male,Bangalore,Karnataka,2024-07-01,Regular,Social
C00312,Customer 00312,46,Female,Ahmedabad,Gujarat,2025-08-19,Premium,Paid
C00313,Customer 00313,36,Female,Kolkata,West Bengal,2026-02-19,Regular,Social
C00314,Customer 00314,63,Male,Hyderabad,Telangana,2024-06-13,Regular,Paid
C00315,Customer 00315,28,Male,Ahmedabad,Gujarat,2026-03-25,Premium,Paid
C00316,Customer 00316,51,Male,Kolkata,West Bengal,2024-03-30,Regular,Social
C00317,Customer 00317,24,Female,Delhi,Delhi,2025-03-30,Regular,Paid
C00318,Customer 00318,61,Male,Jaipur,Rajasthan,2024-08-25,Regular,Paid
C00319,Customer 00319,51,Female,Delhi,Delhi,2025-06-17,Premium,Referral
C00320,Customer 00320,37,Female,Jaipur,Rajasthan,2025-11-09,Regular,Organic
C00321,Customer 00321,55,Female,Mumbai,Maharashtra,2025-12-27,Regular,Paid
C00322,Customer 00322,41,Male,Mumbai,Maharashtra,2024-02-27,Regular,Social
C00323,Customer 00323,27,Female,Mumbai,Maharashtra,2025-06-25,Occasional,Referral
C00324,Customer 00324,49,Female,Hyderabad,Telangana,2025-09-09,Regular,Social
C00325,Customer 00325,32,Female,Delhi,Delhi,2025-02-05,Regular,Organic
C00326,Customer 00326,54,Male,Jaipur,Rajasthan,2026-04-21,Occasional,Paid
C00327,Customer 00327,37,Male,Kolkata,West Bengal,2025-11-09,Regular,Social
C00328,Customer 00328,20,Male,Bangalore,Karnataka,2026-05-11,Occasional,Paid
C00329,Customer 00329,54,Female,Kolkata,West Bengal,2025-10-27,Regular,Organic
C00330,Customer 00330,57,Female,Bangalore,Karnataka,2026-04-18,Regular,Paid
C00331,Customer 00331,25,Female,Chennai,Tamil Nadu,2025-06-02,Occasional,Paid
C00332,Customer 00332,57,Male,Kolkata,West Bengal,2024-07-15,Regular,Organic
C00333,Customer 00333,61,Male,Ahmedabad,Gujarat,2026-04-12,Regular,Social
C00334,Customer 00334,40,Male,Ahmedabad,Gujarat,2024-02-15,Regular,Social
C00335,Customer 00335,57,Male,Pune,Maharashtra,2025-06-13,Regular,Paid
C00336,Customer 00336,28,Male,Delhi,Delhi,2025-01-31,Regular,Referral
C00337,Customer 00337,63,Female,Bangalore,Karnataka,2025-10-26,Regular,Social
C00338,Customer 00338,25,Female,Bangalore,Karnataka,2026-02-14,Occasional,Referral
C00339,Customer 00339,46,Female,Indore,Madhya Pradesh,2024-03-14,Occasional,Organic
C00340,Customer 00340,47,Male,Lucknow,Uttar Pradesh,2025-02-19,Regular,Organic
C00341,Customer 00341,27,Male,Delhi,Delhi,2025-10-18,Occasional,Organic
C00342,Customer 00342,56,Male,Hyderabad,Telangana,2025-09-05,Regular,Organic
C00343,Customer 00343,45,Female,Pune,Maharashtra,2024-11-30,Regular,Paid
C00344,Customer 00344,53,Male,Hyderabad,Telangana,2026-04-26,Occasional,Paid
C00345,Customer 00345,30,Female,Hyderabad,Telangana,2025-09-24,Occasional,Organic
C00346,Customer 00346,49,Male,Hyderabad,Telangana,2025-11-18,Occasional,Organic
C00347,Customer 00347,53,Female,Delhi,Delhi,2025-07-28,Regular,Paid
C00348,Customer 00348,54,Female,Hyderabad,Telangana,2024-10-22,Regular,Organic
C00349,Customer 00349,43,Male,Ahmedabad,Gujarat,2024-03-24,Occasional,Referral
C00350,Customer 00350,39,Female,Lucknow,Uttar Pradesh,2024-01-15,Regular,Organic
C00351,Customer 00351,21,Male,Lucknow,Uttar Pradesh,2026-05-16,Regular,Social
C00352,Customer 00352,48,Female,Mumbai,Maharashtra,2024-05-13,Regular,Social
C00353,Customer 00353,35,Male,Chennai,Tamil Nadu,2025-04-22,Occasional,Referral
C00354,Customer 00354,55,Male,Bangalore,Karnataka,2025-09-24,Regular,Referral
C00355,Customer 00355,41,Female,Indore,Madhya Pradesh,2024-11-14,Regular,Social
C00356,Customer 00356,40,Female,Bangalore,Karnataka,2025-01-26,Premium,Organic
C00357,Customer 00357,39,Male,Chennai,Tamil Nadu,2025-04-23,Regular,Social
C00358,Customer 00358,19,Female,Indore,Madhya Pradesh,2025-10-01,Occasional,Referral
C00359,Customer 00359,48,Male,Delhi,Delhi,2025-01-02,Premium,Referral
C00360,Customer 00360,28,Male,Kolkata,West Bengal,2025-01-01,Regular,Paid
C00361,Customer 00361,45,Female,Delhi,Delhi,2024-10-14,Regular,Paid
C00362,Customer 00362,63,Male,Bangalore,Karnataka,2026-03-23,Premium,Referral
C00363,Customer 00363,49,Male,Bangalore,Karnataka,2025-01-12,Regular,Referral
C00364,Customer 00364,22,Female,Indore,Madhya Pradesh,2025-11-22,Regular,Referral
C00365,Customer 00365,55,Male,Indore,Madhya Pradesh,2025-04-07,Regular,Organic
C00366,Customer 00366,27,Female,Chennai,Tamil Nadu,2025-08-16,Regular,Paid
C00367,Customer 00367,57,Male,Hyderabad,Telangana,2024-01-13,Occasional,Paid
C00368,Customer 00368,63,Male,Delhi,Delhi,2025-06-19,Occasional,Organic
C00369,Customer 00369,41,Male,Indore,Madhya Pradesh,2024-06-16,Regular,Organic
C00370,Customer 00370,52,Female,Jaipur,Rajasthan,2024-09-26,Premium,Organic
C00371,Customer 00371,61,Female,Chennai,Tamil Nadu,2024-03-10,Occasional,Paid
C00372,Customer 00372,65,Male,Ahmedabad,Gujarat,2024-11-13,Regular,Paid
C00373,Customer 00373,40,Male,Bangalore,Karnataka,2025-01-10,Premium,Organic
C00374,Customer 00374,34,Female,Chennai,Tamil Nadu,2024-03-29,Occasional,Social
C00375,Customer 00375,18,Male,Delhi,Delhi,2025-12-01,Regular,Referral
C00376,Customer 00376,48,Female,Indore,Madhya Pradesh,2024-09-13,Regular,Referral
C00377,Customer 00377,48,Male,Bangalore,Karnataka,2024-08-04,Regular,Organic
C00378,Customer 00378,59,Female,Kolkata,West Bengal,2025-03-25,Regular,Referral
C00379,Customer 00379,59,Male,Chennai,Tamil Nadu,2026-06-12,Occasional,Paid
C00380,Customer 00380,51,Female,Pune,Maharashtra,2025-06-27,Regular,Social
C00381,Customer 00381,26,Female,Bangalore,Karnataka,2024-05-20,Premium,Referral
C00382,Customer 00382,39,Male,Delhi,Delhi,2024-06-09,Occasional,Paid
C00383,Customer 00383,30,Male,Mumbai,Maharashtra,2024-02-01,Occasional,Social
C00384,Customer 00384,42,Female,Jaipur,Rajasthan,2026-04-03,Regular,Organic
C00385,Customer 00385,65,Female,Kochi,Kerala,2024-05-31,Regular,Organic
C00386,Customer 00386,35,Male,Hyderabad,Telangana,2026-05-08,Premium,Referral
C00387,Customer 00387,29,Male,Kochi,Kerala,2024-09-16,Occasional,Organic
C00388,Customer 00388,57,Female,Delhi,Delhi,2025-12-28,Premium,Organic
C00389,Customer 00389,34,Male,Ahmedabad,Gujarat,2024-10-05,Premium,Referral
C00390,Customer 00390,32,Female,Ahmedabad,Gujarat,2024-10-11,Regular,Organic
C00391,Customer 00391,59,Male,Mumbai,Maharashtra,2025-09-01,Premium,Referral
C00392,Customer 00392,32,Female,Hyderabad,Telangana,2025-06-25,Premium,Social
C00393,Customer 00393,32,Female,Pune,Maharashtra,2025-08-24,Regular,Paid
C00394,Customer 00394,56,Other,Mumbai,Maharashtra,2024-05-27,Premium,Organic
C00395,Customer 00395,30,Male,Lucknow,Uttar Pradesh,2025-10-17,Premium,Organic
C00396,Customer 00396,34,Female,Kochi,Kerala,2024-03-07,Premium,Organic
C00397,Customer 00397,49,Male,Mumbai,Maharashtra,2026-05-18,Regular,Organic
C00398,Customer 00398,26,Female,Kochi,Kerala,2025-07-23,Occasional,Organic
C00399,Customer 00399,57,Female,Bangalore,Karnataka,2026-03-03,Occasional,Paid
C00400,Customer 00400,37,Male,Ahmedabad,Gujarat,2024-10-05,Regular,Paid
C00401,Customer 00401,43,Female,Bangalore,Karnataka,2026-01-17,Regular,Referral
C00402,Customer 00402,44,Male,Jaipur,Rajasthan,2025-03-18,Premium,Social
C00403,Customer 00403,38,Female,Lucknow,Uttar Pradesh,2026-06-15,Premium,Referral
C00404,Customer 00404,35,Female,Hyderabad,Telangana,2026-05-14,Regular,Paid
C00405,Customer 00405,30,Female,Pune,Maharashtra,2025-02-02,Regular,Organic
C00406,Customer 00406,33,Male,Kochi,Kerala,2024-05-07,Occasional,Referral
C00407,Customer 00407,26,Male,Pune,Maharashtra,2024-12-02,Regular,Paid
C00408,Customer 00408,29,Female,Kochi,Kerala,2025-04-26,Regular,Organic
C00409,Customer 00409,61,Male,Delhi,Delhi,2025-12-21,Premium,Social
C00410,Customer 00410,55,Male,Mumbai,Maharashtra,2024-07-04,Occasional,Paid
C00411,Customer 00411,36,Male,Jaipur,Rajasthan,2024-06-17,Regular,Organic
C00412,Customer 00412,24,Male,Ahmedabad,Gujarat,2025-11-14,Occasional,Social
C00413,Customer 00413,52,Female,Indore,Madhya Pradesh,2024-09-16,Regular,Social
C00414,Customer 00414,65,Male,Kochi,Kerala,2025-12-17,Occasional,Paid
C00415,Customer 00415,35,Female,Pune,Maharashtra,2025-10-08,Occasional,Paid
C00416,Customer 00416,33,Male,Jaipur,Rajasthan,2025-07-11,Occasional,Paid
C00417,Customer 00417,56,Male,Kolkata,West Bengal,2025-05-21,Regular,Referral
C00418,Customer 00418,21,Male,Kolkata,West Bengal,2025-06-04,Regular,Organic
C00419,Customer 00419,42,Male,Bangalore,Karnataka,2025-04-15,Regular,Referral
C00420,Customer 00420,49,Male,Ahmedabad,Gujarat,2024-06-09,Occasional,Social
C00421,Customer 00421,57,Female,Indore,Madhya Pradesh,2024-10-15,Regular,Organic
C00422,Customer 00422,30,Male,Delhi,Delhi,2024-12-05,Premium,Social
C00423,Customer 00423,62,Male,Pune,Maharashtra,2026-06-18,Regular,Social
C00424,Customer 00424,34,Male,Indore,Madhya Pradesh,2026-04-12,Premium,Organic
C00425,Customer 00425,54,Male,Mumbai,Maharashtra,2025-05-16,Regular,Referral
C00426,Customer 00426,23,Female,Mumbai,Maharashtra,2024-04-15,Regular,Organic
C00427,Customer 00427,36,Female,Pune,Maharashtra,2026-03-12,Regular,Referral
C00428,Customer 00428,30,Male,Hyderabad,Telangana,2025-04-19,Premium,Referral
C00429,Customer 00429,43,Male,Delhi,Delhi,2026-05-02,Occasional,Organic
C00430,Customer 00430,31,Other,Jaipur,Rajasthan,2025-08-22,Occasional,Referral
C00431,Customer 00431,48,Male,Kochi,Kerala,2025-04-07,Occasional,Social
C00432,Customer 00432,21,Female,Hyderabad,Telangana,2025-04-27,Regular,Paid
C00433,Customer 00433,56,Male,Kochi,Kerala,2025-12-04,Occasional,Organic
C00434,Customer 00434,25,Female,Kochi,Kerala,2024-06-01,Regular,Organic
C00435,Customer 00435,42,Female,Hyderabad,Telangana,2026-04-02,Regular,Paid
C00436,Customer 00436,30,Female,Bangalore,Karnataka,2025-10-10,Premium,Social
C00437,Customer 00437,49,Male,Kolkata,West Bengal,2026-02-23,Regular,Social
C00438,Customer 00438,55,Male,Kochi,Kerala,2024-05-28,Premium,Paid
C00439,Customer 00439,55,Male,Hyderabad,Telangana,2024-07-06,Occasional,Paid
C00440,Customer 00440,45,Male,Hyderabad,Telangana,2025-10-14,Premium,Organic
C00441,Customer 00441,47,Male,Lucknow,Uttar Pradesh,2024-05-10,Regular,Organic
C00442,Customer 00442,20,Male,Indore,Madhya Pradesh,2025-03-27,Regular,Paid
C00443,Customer 00443,45,Female,Bengaluru,Tamil Nadu,2025-05-30,Regular,Paid
C00444,Customer 00444,20,Female,Bangalore,Karnataka,2025-05-05,Regular,Paid
C00445,Customer 00445,62,Male,Ahmedabad,Gujarat,2025-04-20,Premium,Social
C00446,Customer 00446,51,Male,Chennai,Tamil Nadu,2024-09-19,Occasional,Referral
C00447,Customer 00447,33,Other,Indore,Madhya Pradesh,2025-06-21,Regular,Referral
C00448,Customer 00448,39,Female,Indore,Madhya Pradesh,2025-04-03,Regular,Organic
C00449,Customer 00449,49,Female,Indore,Madhya Pradesh,2025-06-19,Occasional,Social
C00450,Customer 00450,55,Male,Chennai,Tamil Nadu,2026-02-16,Occasional,Referral
C00451,Customer 00451,25,Male,Pune,Maharashtra,2026-01-10,Occasional,Social
C00452,Customer 00452,25,Male,Kolkata,West Bengal,2026-02-19,Regular,Paid
C00453,Customer 00453,23,Male,bangalore,Telangana,2025-09-28,Regular,Paid
C00454,Customer 00454,31,Female,Kolkata,West Bengal,2025-11-14,Regular,Paid
C00455,Customer 00455,49,Female,Delhi,Delhi,2026-01-15,Occasional,Organic
C00456,Customer 00456,52,Male,Pune,Maharashtra,2024-10-21,Occasional,Referral
C00457,Customer 00457,27,Female,Ahmedabad,Gujarat,2025-03-10,Premium,Social
C00458,Customer 00458,20,Male,Kolkata,West Bengal,2024-10-01,Regular,Organic
C00459,Customer 00459,29,Other,Mumbai,Maharashtra,2025-08-10,Occasional,Organic
C00460,Customer 00460,48,Other,Indore,Madhya Pradesh,2024-11-03,Regular,Referral
C00461,Customer 00461,46,Male,Kochi,Kerala,2025-12-26,Regular,Organic
C00462,Customer 00462,22,Male,Delhi,Delhi,2025-01-10,Regular,Referral
C00463,Customer 00463,42,Female,Bangalore,Karnataka,2024-06-06,Regular,Referral
C00464,Customer 00464,58,Female,Ahmedabad,Gujarat,2026-03-24,Occasional,Paid
C00465,Customer 00465,48,Female,Delhi,Delhi,2024-07-22,Regular,Social
C00466,Customer 00466,38,Female,Indore,Madhya Pradesh,2025-10-22,Regular,Paid
C00467,Customer 00467,37,Female,Kochi,Kerala,2024-03-15,Premium,Social
C00468,Customer 00468,56,Male,Pune,Maharashtra,2025-01-14,Premium,Referral
C00469,Customer 00469,39,Male,Kochi,Kerala,2026-01-10,Regular,Social
C00470,Customer 00470,21,Female,Chennai,Tamil Nadu,2024-10-30,Regular,Organic
C00471,Customer 00471,30,Male,Kochi,Kerala,2024-03-02,Regular,Organic
C00472,Customer 00472,62,Female,Chennai,Tamil Nadu,2025-07-23,Regular,Organic
C00473,Customer 00473,59,Male,Pune,Maharashtra,2026-02-24,Occasional,Paid
C00474,Customer 00474,37,Male,Jaipur,Rajasthan,2024-04-17,Regular,Social
C00475,Customer 00475,30,Male,Indore,Madhya Pradesh,2024-07-05,Regular,Paid
C00476,Customer 00476,34,Female,Chennai,Tamil Nadu,2024-08-16,Occasional,Social
C00477,Customer 00477,53,Male,Bangalore,Karnataka,2024-02-17,Regular,Paid
C00478,Customer 00478,50,Female,Kochi,Kerala,2026-04-10,Occasional,Paid
C00479,Customer 00479,18,Female,Kochi,Kerala,2024-09-24,Regular,Social
C00480,Customer 00480,32,Female,Bangalore,Karnataka,2025-12-27,Occasional,Paid
C00481,Customer 00481,30,Female,Mumbai,Maharashtra,2026-03-12,Occasional,Referral
C00482,Customer 00482,34,Male,Hyderabad,Telangana,2024-09-10,Regular,Organic
C00483,Customer 00483,41,Female,Jaipur,Rajasthan,2026-05-19,Occasional,Social
C00484,Customer 00484,25,Male,Ahmedabad,Gujarat,2024-03-27,Occasional,Paid
C00485,Customer 00485,44,Male,Chennai,Tamil Nadu,2024-06-29,Regular,Referral
C00486,Customer 00486,62,Male,Bangalore,Karnataka,2024-01-25,Regular,Organic
C00487,Customer 00487,40,Female,Pune,Maharashtra,2025-01-22,Regular,Paid
C00488,Customer 00488,63,Female,Chennai,Tamil Nadu,2024-08-09,Occasional,Social
C00489,Customer 00489,25,Female,Hyderabad,Telangana,2025-01-31,Regular,Social
C00490,Customer 00490,25,Female,Pune,Maharashtra,2025-05-25,Regular,Organic
C00491,Customer 00491,43,Female,Delhi,Delhi,2025-07-14,Premium,Paid
C00492,Customer 00492,64,Male,Indore,Madhya Pradesh,2026-04-25,Regular,Paid
C00493,Customer 00493,30,Female,Kochi,Kerala,2025-03-15,Regular,Organic
C00494,Customer 00494,56,Male,Delhi,Delhi,2024-06-23,Regular,Referral
C00495,Customer 00495,54,Other,Chennai,Tamil Nadu,2024-11-06,Occasional,Organic
C00496,Customer 00496,45,Female,Hyderabad,Telangana,2024-09-30,Regular,Paid
C00497,Customer 00497,42,Female,Jaipur,Rajasthan,2024-02-04,Premium,Referral
C00498,Customer 00498,33,Female,Indore,Madhya Pradesh,2024-08-04,Regular,Paid
C00499,Customer 00499,19,Male,Chennai,Tamil Nadu,2025-12-21,Regular,Referral
C00500,Customer 00500,35,Female,Bangalore,Karnataka,2025-11-02,Regular,Social
C00501,Customer 00501,34,Male,Kolkata,West Bengal,2025-02-11,Regular,Organic
C00502,Customer 00502,47,Female,Chennai,Tamil Nadu,2025-06-02,Regular,Referral
C00503,Customer 00503,56,Female,Indore,Madhya Pradesh,2024-09-25,Regular,Organic
C00504,Customer 00504,30,Female,Kochi,Kerala,2025-09-29,Premium,Paid
C00505,Customer 00505,49,Female,Kochi,Kerala,2025-04-19,Regular,Organic
C00506,Customer 00506,46,Male,Chennai,Tamil Nadu,2026-05-29,Occasional,Organic
C00507,Customer 00507,63,Male,Pune,Maharashtra,2024-11-20,Regular,Paid
C00508,Customer 00508,47,Female,Kolkata,West Bengal,2024-12-21,Occasional,Paid
C00509,Customer 00509,35,Male,Bangalore,Karnataka,2024-03-30,Occasional,Social
C00510,Customer 00510,30,Male,Chennai,Tamil Nadu,2024-02-11,Regular,Referral
C00511,Customer 00511,60,Female,Pune,Maharashtra,2024-12-30,Occasional,Social
C00512,Customer 00512,38,Female,Kochi,Kerala,2025-11-01,Regular,Referral
C00513,Customer 00513,47,Female,Kochi,Kerala,2024-07-20,Regular,Organic
C00514,Customer 00514,38,Male,Hyderabad,Telangana,2024-12-31,Regular,Paid
C00515,Customer 00515,65,Female,Chennai,Tamil Nadu,2026-03-04,Occasional,Paid
C00516,Customer 00516,34,Male,Kolkata,West Bengal,2026-04-23,Premium,Paid
C00517,Customer 00517,57,Female,Mumbai,Maharashtra,2024-10-14,Occasional,Referral
C00518,Customer 00518,36,Male,Kolkata,West Bengal,2025-08-25,Premium,Paid
C00519,Customer 00519,32,Female,Kochi,Kerala,2025-04-25,Occasional,Paid
C00520,Customer 00520,26,Female,Kochi,Kerala,2025-09-28,Regular,Organic
C00521,Customer 00521,27,Male,Delhi,Delhi,2025-05-15,Regular,Organic
C00522,Customer 00522,61,Female,Kochi,Kerala,2025-09-29,Regular,Organic
C00523,Customer 00523,48,Female,Bangalore,Karnataka,2024-02-21,Regular,Organic
C00524,Customer 00524,40,Male,Ahmedabad,Gujarat,2024-04-12,Regular,Referral
C00525,Customer 00525,47,Female,Chennai,Tamil Nadu,2024-12-26,Occasional,Organic
C00526,Customer 00526,50,Male,Kolkata,West Bengal,2025-02-27,Premium,Referral
C00527,Customer 00527,26,Female,Ahmedabad,Gujarat,2025-11-29,Occasional,Paid
C00528,Customer 00528,64,Female,Pune,Maharashtra,2024-07-23,Regular,Organic
C00529,Customer 00529,18,Male,Mumbai,Maharashtra,2024-01-14,Occasional,Social
C00530,Customer 00530,61,Female,Bangalore,Karnataka,2025-09-07,Regular,Paid
C00531,Customer 00531,52,Male,Indore,Madhya Pradesh,2025-09-20,Regular,Organic
C00532,Customer 00532,28,Male,Lucknow,Uttar Pradesh,2025-04-14,Occasional,Social
C00533,Customer 00533,51,Female,Kolkata,West Bengal,2025-04-10,Regular,Organic
C00534,Customer 00534,33,Female,Ahmedabad,Gujarat,2024-10-30,Regular,Organic
C00535,Customer 00535,26,Male,Indore,Madhya Pradesh,2025-08-27,Premium,Referral
C00536,Customer 00536,49,Male,Mumbai,Maharashtra,2025-03-02,Premium,Referral
C00537,Customer 00537,32,Male,Delhi,Delhi,2025-10-17,Regular,Organic
C00538,Customer 00538,29,Other,Indore,Madhya Pradesh,2024-04-19,Occasional,Organic
C00539,Customer 00539,50,Male,Bangalore,Karnataka,2025-11-05,Regular,Social
C00540,Customer 00540,62,Male,Bangalore,Karnataka,2025-07-18,Premium,Paid
C00541,Customer 00541,31,Female,Delhi,Delhi,2025-05-29,Regular,Organic
C00542,Customer 00542,25,Male,Lucknow,Uttar Pradesh,2024-03-08,Regular,Paid
C00543,Customer 00543,25,Male,Chennai,Tamil Nadu,2024-09-02,Regular,Social
C00544,Customer 00544,44,Male,Indore,Madhya Pradesh,2025-01-23,Occasional,Organic
C00545,Customer 00545,29,Male,Delhi,Delhi,2025-10-11,Occasional,Referral
C00546,Customer 00546,18,Male,Bangalore,Karnataka,2024-11-03,Premium,Paid
C00547,Customer 00547,60,Female,Bangalore,Karnataka,2024-12-17,Occasional,Paid
C00548,Customer 00548,57,Male,Ahmedabad,Gujarat,2026-03-09,Regular,Referral
C00549,Customer 00549,59,Female,Kochi,Kerala,2024-03-06,Occasional,Social
C00550,Customer 00550,28,Female,Lucknow,Uttar Pradesh,2025-04-04,Premium,Organic
C00551,Customer 00551,56,Female,Indore,Madhya Pradesh,2024-12-12,Regular,Organic
C00552,Customer 00552,60,Female,Indore,Madhya Pradesh,2024-11-20,Regular,Social
C00553,Customer 00553,48,Male,Mumbai,Maharashtra,2025-10-28,Regular,Referral
C00554,Customer 00554,34,Male,Delhi,Delhi,2025-08-21,Premium,Paid
C00555,Customer 00555,50,Male,Mumbai,Maharashtra,2024-02-02,Premium,Paid
C00556,Customer 00556,49,Male,Delhi,Delhi,2024-03-08,Premium,Referral
C00557,Customer 00557,46,Female,Pune,Maharashtra,2024-07-05,Regular,Referral
C00558,Customer 00558,38,Female,Bangalore,Karnataka,2024-07-10,Premium,Social
C00559,Customer 00559,38,Female,Kochi,Kerala,2024-07-31,Regular,Paid
C00560,Customer 00560,57,Male,Ahmedabad,Gujarat,2025-08-22,Premium,Organic
C00561,Customer 00561,40,Female,Kochi,Kerala,2025-03-03,Regular,Referral
C00562,Customer 00562,23,Male,Kochi,Kerala,2024-12-16,Premium,Paid
C00563,Customer 00563,39,Female,Kochi,Kerala,2024-04-17,Occasional,Referral
C00564,Customer 00564,55,Male,Mumbai,Maharashtra,2024-08-27,Occasional,Paid
C00565,Customer 00565,54,Female,Delhi,Delhi,2024-08-03,Regular,Organic
C00566,Customer 00566,62,Male,Jaipur,Rajasthan,2024-06-25,Regular,Paid
C00567,Customer 00567,25,Female,Pune,Maharashtra,2025-07-18,Premium,Referral
C00568,Customer 00568,58,Female,Kolkata,West Bengal,2024-11-25,Occasional,Referral
C00569,Customer 00569,52,Female,Kochi,Kerala,2025-07-14,Regular,Paid
C00570,Customer 00570,28,Male,Chennai,Tamil Nadu,2026-05-30,Premium,Organic
C00571,Customer 00571,41,Female,Mumbai,Maharashtra,2025-09-17,Regular,Paid
C00572,Customer 00572,38,Female,Lucknow,Uttar Pradesh,2025-03-25,Premium,Referral
C00573,Customer 00573,19,Male,Ahmedabad,Gujarat,2025-08-29,Regular,Paid
C00574,Customer 00574,57,Male,Kolkata,West Bengal,2025-03-22,Regular,Referral
C00575,Customer 00575,36,Male,Jaipur,Rajasthan,2025-06-20,Regular,Paid
C00576,Customer 00576,56,Male,Chennai,Tamil Nadu,2025-10-05,Regular,Organic
C00577,Customer 00577,45,Female,Jaipur,Rajasthan,2024-06-27,Premium,Referral
C00578,Customer 00578,34,Other,Kolkata,West Bengal,2025-01-29,Regular,Organic
C00579,Customer 00579,23,Male,Kochi,Kerala,2024-05-24,Premium,Paid
C00580,Customer 00580,36,Female,Chennai,Tamil Nadu,2026-05-25,Occasional,Organic
C00581,Customer 00581,55,Female,Jaipur,Rajasthan,2024-07-16,Premium,Organic
C00582,Customer 00582,45,Male,Ahmedabad,Gujarat,2026-04-16,Regular,Paid
C00583,Customer 00583,19,Female,Delhi,Delhi,2024-03-24,Regular,Paid
C00584,Customer 00584,55,Female,Bangalore,Karnataka,2025-10-30,Regular,Referral
C00585,Customer 00585,54,Female,Delhi,Delhi,2024-03-25,Regular,Referral
C00586,Customer 00586,21,Male,Kolkata,West Bengal,2025-04-01,Regular,Referral
C00587,Customer 00587,39,Female,Mumbai,Maharashtra,2025-04-20,Regular,Paid
C00588,Customer 00588,43,Male,Bangalore,Karnataka,2024-09-09,Regular,Referral
C00589,Customer 00589,60,Female,Pune,Maharashtra,2026-06-05,Regular,Paid
C00590,Customer 00590,53,Male,Ahmedabad,Gujarat,2024-03-12,Regular,Paid
C00591,Customer 00591,30,,Pune,Maharashtra,2024-08-10,Regular,Referral
C00592,Customer 00592,49,Male,Chennai,Tamil Nadu,2024-10-02,Regular,Social
C00593,Customer 00593,34,Male,Indore,Madhya Pradesh,2026-03-05,Premium,Organic
C00594,Customer 00594,58,Female,Bangalore,Karnataka,2026-02-14,Regular,Social
C00595,Customer 00595,53,Male,Pune,Maharashtra,2024-09-02,Premium,Organic
C00596,Customer 00596,63,Female,Pune,Maharashtra,2024-12-06,Regular,Paid
C00597,Customer 00597,36,Female,Jaipur,Rajasthan,2025-07-26,Regular,Organic
C00598,Customer 00598,52,Female,Delhi,Delhi,2025-04-15,Occasional,Referral
C00599,Customer 00599,63,,Jaipur,Rajasthan,2025-03-29,Occasional,Organic
C00600,Customer 00600,57,Female,Bangalore,Karnataka,2026-02-09,Premium,Social
C00601,Customer 00601,45,Female,Bangalore,Karnataka,2024-01-07,Regular,Social
C00602,Customer 00602,18,Female,bangalore,West Bengal,2024-07-06,Regular,Referral
C00603,Customer 00603,59,Male,Jaipur,Rajasthan,2024-01-04,Premium,Paid
C00604,Customer 00604,35,Female,Hyderabad,Telangana,2026-01-12,Occasional,Social
C00605,Customer 00605,65,Female,Lucknow,Uttar Pradesh,2025-10-06,Occasional,Social
C00606,Customer 00606,57,Male,Delhi,Delhi,2024-05-04,Occasional,Paid
C00607,Customer 00607,50,Male,Bangalore,Karnataka,2024-01-15,Premium,Referral
C00608,Customer 00608,29,Male,Kolkata,West Bengal,2025-06-08,Regular,Paid
C00609,Customer 00609,25,Female,Indore,Madhya Pradesh,2025-09-21,Occasional,Referral
C00610,Customer 00610,41,Female,Jaipur,Rajasthan,2024-08-27,Regular,Paid
C00611,Customer 00611,33,Female,Delhi,Delhi,2026-02-13,Occasional,Paid
C00612,Customer 00612,21,Male,Indore,Madhya Pradesh,2024-12-25,Premium,Organic
C00613,Customer 00613,55,Male,Jaipur,Rajasthan,2025-06-01,Regular,Paid
C00614,Customer 00614,61,Other,Pune,Maharashtra,2024-11-15,Regular,Referral
C00615,Customer 00615,44,Other,Indore,Madhya Pradesh,2024-08-18,Premium,Social
C00616,Customer 00616,26,Female,Kolkata,West Bengal,2024-01-30,Regular,Social
C00617,Customer 00617,64,Female,Delhi,Delhi,2025-06-17,Regular,Paid
C00618,Customer 00618,33,Male,Kochi,Kerala,2024-06-04,Regular,Referral
C00619,Customer 00619,29,Female,Chennai,Tamil Nadu,2025-09-21,Regular,Organic
C00620,Customer 00620,48,Male,Chennai,Tamil Nadu,2026-05-01,Regular,Referral
C00621,Customer 00621,41,Male,Delhi,Delhi,2025-12-05,Regular,Organic
C00622,Customer 00622,31,Female,Indore,Madhya Pradesh,2025-02-02,Occasional,Organic
C00623,Customer 00623,62,Male,Jaipur,Rajasthan,2024-12-11,Regular,Referral
C00624,Customer 00624,42,Male,Kolkata,West Bengal,2024-07-13,Regular,Paid
C00625,Customer 00625,51,Male,Lucknow,Uttar Pradesh,2024-06-16,Occasional,Organic
C00626,Customer 00626,20,Male,Chennai,Tamil Nadu,2025-01-11,Occasional,Social
C00627,Customer 00627,41,Female,Kolkata,West Bengal,2025-05-03,Premium,Paid
C00628,Customer 00628,59,Male,Chennai,Tamil Nadu,2026-01-20,Occasional,Organic
C00629,Customer 00629,26,Male,Pune,Maharashtra,2024-12-27,Premium,Organic
C00630,Customer 00630,43,Male,Jaipur,Rajasthan,2025-04-26,Premium,Organic
C00631,Customer 00631,37,Male,Pune,Maharashtra,2024-08-31,Regular,Organic
C00632,Customer 00632,57,Male,bangalore,Tamil Nadu,2025-08-03,Regular,Referral
C00633,Customer 00633,27,Female,Kochi,Kerala,2025-08-29,Occasional,Paid
C00634,Customer 00634,36,Male,Kochi,Kerala,2025-08-11,Occasional,Social
C00635,Customer 00635,20,Female,Pune,Maharashtra,2024-06-19,Occasional,Organic
C00636,Customer 00636,41,Other,Kochi,Kerala,2025-05-27,Occasional,Paid
C00637,Customer 00637,22,Female,Chennai,Tamil Nadu,2025-02-09,Regular,Referral
C00638,Customer 00638,20,Male,Delhi,Delhi,2025-07-27,Regular,Referral
C00639,Customer 00639,44,Male,Pune,Maharashtra,2024-07-25,Occasional,Referral
C00640,Customer 00640,33,Female,Lucknow,Uttar Pradesh,2024-06-02,Occasional,Social
C00641,Customer 00641,32,Female,Lucknow,Uttar Pradesh,2026-02-24,Occasional,Organic
C00642,Customer 00642,52,Female,Mumbai,Maharashtra,2024-02-17,Occasional,Paid
C00643,Customer 00643,29,Female,Indore,Madhya Pradesh,2025-10-10,Premium,Social
C00644,Customer 00644,58,Female,Jaipur,Rajasthan,2024-01-01,Occasional,Organic
C00645,Customer 00645,61,Female,Kochi,Kerala,2026-01-16,Occasional,Organic
C00646,Customer 00646,43,Female,Kochi,Kerala,2026-02-06,Occasional,Organic
C00647,Customer 00647,64,Male,Indore,Madhya Pradesh,2025-02-10,Regular,Referral
C00648,Customer 00648,51,Female,Bangalore,Karnataka,2024-04-16,Regular,Organic
C00649,Customer 00649,40,Female,Hyderabad,Telangana,2024-06-21,Regular,Organic
C00650,Customer 00650,48,Male,Pune,Maharashtra,2025-05-20,Regular,Paid
C00651,Customer 00651,37,Female,Ahmedabad,Gujarat,2024-05-09,Regular,Referral
C00652,Customer 00652,29,Female,Kochi,Kerala,2025-02-01,Regular,Organic
C00653,Customer 00653,40,Female,Jaipur,Rajasthan,2024-10-20,Regular,Paid
C00654,Customer 00654,21,Female,Mumbai,Maharashtra,2025-07-05,Regular,Referral
C00655,Customer 00655,40,Male,Lucknow,Uttar Pradesh,2025-03-22,Regular,Social
C00656,Customer 00656,65,Female,Kochi,Kerala,2026-04-29,Regular,Referral
C00657,Customer 00657,65,Female,Mumbai,Maharashtra,2024-01-16,Regular,Referral
C00658,Customer 00658,18,Female,Chennai,Tamil Nadu,2025-09-30,Regular,Paid
C00659,Customer 00659,42,Male,Chennai,Tamil Nadu,2026-06-03,Premium,Organic
C00660,Customer 00660,19,Male,Hyderabad,Telangana,2024-12-14,Premium,Paid
C00661,Customer 00661,47,Female,Delhi,Delhi,2024-07-21,Regular,Social
C00662,Customer 00662,20,Male,Ahmedabad,Gujarat,2024-05-13,Regular,Paid
C00663,Customer 00663,38,Male,Bangalore,Karnataka,2026-02-09,Occasional,Social
C00664,Customer 00664,42,Female,Hyderabad,Telangana,2025-06-09,Premium,Social
C00665,Customer 00665,37,Female,Kolkata,West Bengal,2025-05-22,Premium,Organic
C00666,Customer 00666,39,Male,Bangalore,Karnataka,2024-03-06,Occasional,Organic
C00667,Customer 00667,38,Male,Pune,Maharashtra,2025-04-24,Regular,Organic
C00668,Customer 00668,50,Male,Jaipur,Rajasthan,2026-05-12,Occasional,Paid
C00669,Customer 00669,55,Female,Kolkata,West Bengal,2025-04-03,Occasional,Organic
C00670,Customer 00670,32,Male,Kolkata,West Bengal,2024-12-07,Regular,Social
C00671,Customer 00671,63,Male,Hyderabad,Telangana,2025-12-07,Regular,Organic
C00672,Customer 00672,32,Female,Indore,Madhya Pradesh,2025-09-17,Regular,Paid
C00673,Customer 00673,63,Other,Delhi,Delhi,2024-06-07,Premium,Organic
C00674,Customer 00674,42,Female,Indore,Madhya Pradesh,2024-06-09,Premium,Social
C00675,Customer 00675,38,,Hyderabad,Telangana,2024-09-10,Regular,Referral
C00676,Customer 00676,41,Male,Pune,Maharashtra,2026-06-15,Occasional,Social
C00677,Customer 00677,22,Female,Lucknow,Uttar Pradesh,2025-06-10,Regular,Social
C00678,Customer 00678,23,Male,Kochi,Kerala,2025-07-02,Premium,Paid
C00679,Customer 00679,60,Female,Kochi,Kerala,2024-06-03,Regular,Organic
C00680,Customer 00680,65,Male,Delhi,Delhi,2025-04-30,Regular,Organic
C00681,Customer 00681,61,Male,Pune,Maharashtra,2025-03-07,Regular,Organic
C00682,Customer 00682,64,Female,Delhi,Delhi,2024-01-27,Regular,Referral
C00683,Customer 00683,40,Female,Mumbai,Maharashtra,2024-01-12,Regular,Organic
C00684,Customer 00684,21,,Indore,Madhya Pradesh,2024-03-07,Occasional,Organic
C00685,Customer 00685,44,Male,Kochi,Kerala,2025-06-25,Premium,Referral
C00686,Customer 00686,35,Male,Kolkata,West Bengal,2024-04-05,Regular,Referral
C00687,Customer 00687,38,Female,Indore,Madhya Pradesh,2024-08-02,Regular,Referral
C00688,Customer 00688,45,Female,Ahmedabad,Gujarat,2024-07-12,Regular,Paid
C00689,Customer 00689,52,Male,Jaipur,Rajasthan,2025-10-08,Regular,Social
C00690,Customer 00690,39,Male,Pune,Maharashtra,2024-10-16,Occasional,Paid
C00691,Customer 00691,57,Male,Bangalore,Karnataka,2025-06-27,Occasional,Organic
C00692,Customer 00692,40,Other,Delhi,Delhi,2026-06-03,Regular,Referral
C00693,Customer 00693,20,Female,Indore,Madhya Pradesh,2024-02-08,Regular,Social
C00694,Customer 00694,57,Female,Jaipur,Rajasthan,2026-05-13,Regular,Organic
C00695,Customer 00695,27,Male,Indore,Madhya Pradesh,2024-07-24,Regular,Paid
C00696,Customer 00696,42,Female,Bangalore,Karnataka,2026-06-17,Regular,Paid
C00697,Customer 00697,25,Male,Jaipur,Rajasthan,2025-07-08,Regular,Organic
C00698,Customer 00698,28,Female,Ahmedabad,Gujarat,2025-04-28,Regular,Social
C00699,Customer 00699,22,Female,Bangalore,Karnataka,2024-12-02,Regular,Organic
C00700,Customer 00700,62,Male,Hyderabad,Telangana,2025-05-10,Occasional,Referral
C00701,Customer 00701,54,Male,Chennai,Tamil Nadu,2026-02-09,Occasional,Referral
C00702,Customer 00702,62,Male,Hyderabad,Telangana,2024-09-05,Premium,Referral
C00703,Customer 00703,55,Male,Kochi,Kerala,2024-03-14,Premium,Organic
C00704,Customer 00704,46,Female,Indore,Madhya Pradesh,2025-01-07,Occasional,Organic
C00705,Customer 00705,22,Female,Chennai,Tamil Nadu,2026-04-10,Regular,Organic
C00706,Customer 00706,26,Female,Hyderabad,Telangana,2026-05-28,Occasional,Organic
C00707,Customer 00707,65,,Chennai,Tamil Nadu,2026-03-18,Premium,Paid
C00708,Customer 00708,19,Female,Lucknow,Uttar Pradesh,2026-02-24,Regular,Social
C00709,Customer 00709,18,Male,Indore,Madhya Pradesh,2026-04-14,Regular,Paid
C00710,Customer 00710,57,Male,Chennai,Tamil Nadu,2026-05-20,Occasional,Referral
C00711,Customer 00711,47,Other,Kolkata,West Bengal,2025-12-02,Premium,Paid
C00712,Customer 00712,28,Male,Delhi,Delhi,2024-05-17,Regular,Referral
C00713,Customer 00713,45,Female,Delhi,Delhi,2025-04-01,Regular,Social
C00714,Customer 00714,61,Male,Kolkata,West Bengal,2026-03-24,Occasional,Organic
C00715,Customer 00715,29,Female,Jaipur,Rajasthan,2026-04-02,Occasional,Social
C00716,Customer 00716,56,Female,Mumbai,Maharashtra,2026-04-22,Occasional,Referral
C00717,Customer 00717,43,Male,Jaipur,Rajasthan,2025-03-19,Occasional,Social
C00718,Customer 00718,30,Male,Bangalore,Karnataka,2024-12-18,Premium,Referral
C00719,Customer 00719,25,Female,Bangalore,Karnataka,2026-03-04,Premium,Paid
C00720,Customer 00720,45,Male,Chennai,Tamil Nadu,2025-02-14,Premium,Organic
C00721,Customer 00721,47,Male,Hyderabad,Telangana,2025-11-08,Regular,Organic
C00722,Customer 00722,26,Female,Hyderabad,Telangana,2026-02-28,Occasional,Paid
C00723,Customer 00723,56,Male,Delhi,Delhi,2025-06-21,Occasional,Social
C00724,Customer 00724,48,Female,Pune,Maharashtra,2025-03-28,Regular,Referral
C00725,Customer 00725,38,Female,Jaipur,Rajasthan,2025-02-22,Regular,Paid
C00726,Customer 00726,64,Male,Lucknow,Uttar Pradesh,2025-03-25,Occasional,Social
C00727,Customer 00727,51,Female,Indore,Madhya Pradesh,2025-08-07,Regular,Referral
C00728,Customer 00728,48,Female,Kochi,Kerala,2024-04-24,Premium,Organic
C00729,Customer 00729,42,Male,Ahmedabad,Gujarat,2024-02-20,Regular,Organic
C00730,Customer 00730,29,Male,Hyderabad,Telangana,2025-01-03,Regular,Organic
C00731,Customer 00731,18,Male,Indore,Madhya Pradesh,2025-11-13,Regular,Social
C00732,Customer 00732,39,Male,Ahmedabad,Gujarat,2026-02-18,Regular,Social
C00733,Customer 00733,57,Male,Indore,Madhya Pradesh,2025-05-29,Premium,Organic
C00734,Customer 00734,54,Male,Chennai,Tamil Nadu,2024-07-28,Occasional,Organic
C00735,Customer 00735,64,Male,Ahmedabad,Gujarat,2026-06-06,Regular,Referral
C00736,Customer 00736,18,Female,Kochi,Kerala,2026-04-29,Regular,Social
C00737,Customer 00737,18,Female,Indore,Madhya Pradesh,2026-03-23,Occasional,Referral
C00738,Customer 00738,59,Female,Kolkata,West Bengal,2026-06-13,Premium,Referral
C00739,Customer 00739,59,Female,Kochi,Kerala,2026-05-03,Regular,Organic
C00740,Customer 00740,38,Female,Ahmedabad,Gujarat,2025-09-18,Occasional,Paid
C00741,Customer 00741,32,Female,Kochi,Kerala,2025-11-09,Regular,Organic
C00742,Customer 00742,34,Female,Indore,Madhya Pradesh,2025-03-10,Occasional,Social
C00743,Customer 00743,39,Male,Mumbai,Maharashtra,2026-02-15,Regular,Paid
C00744,Customer 00744,55,Female,Indore,Madhya Pradesh,2024-08-14,Premium,Social
C00745,Customer 00745,52,Male,Indore,Madhya Pradesh,2025-10-24,Regular,Paid
C00746,Customer 00746,62,Male,Chennai,Tamil Nadu,2024-09-24,Regular,Social
C00747,Customer 00747,33,Female,Jaipur,Rajasthan,2024-04-25,Occasional,Paid
C00748,Customer 00748,25,Male,Kolkata,West Bengal,2025-08-22,Regular,Paid
C00749,Customer 00749,64,Male,Lucknow,Uttar Pradesh,2026-04-09,Occasional,Referral
C00750,Customer 00750,34,Female,Hyderabad,Telangana,2026-01-23,Occasional,Organic
C00751,Customer 00751,34,Female,Bangalore,Karnataka,2024-12-25,Regular,Social
C00752,Customer 00752,43,Female,Jaipur,Rajasthan,2024-11-24,Occasional,Paid
C00753,Customer 00753,30,Female,Bangalore,Karnataka,2026-04-24,Regular,Paid
C00754,Customer 00754,34,,Chennai,Tamil Nadu,2024-02-09,Regular,Social
C00755,Customer 00755,55,Male,Kolkata,West Bengal,2024-06-30,Occasional,Social
C00756,Customer 00756,34,Female,Indore,Madhya Pradesh,2025-05-04,Regular,Paid
C00757,Customer 00757,65,Male,Delhi,Delhi,2024-07-27,Regular,Social
C00758,Customer 00758,31,Female,Hyderabad,Telangana,2024-09-29,Regular,Organic
C00759,Customer 00759,62,,Mumbai,Maharashtra,2024-04-28,Regular,Organic
C00760,Customer 00760,23,Male,Delhi,Delhi,2025-01-16,Regular,Referral
C00761,Customer 00761,52,Female,Chennai,Tamil Nadu,2025-06-19,Regular,Paid
C00762,Customer 00762,63,Female,Jaipur,Rajasthan,2024-09-14,Regular,Paid
C00763,Customer 00763,31,Female,Mumbai,Maharashtra,2025-04-27,Premium,Paid
C00764,Customer 00764,64,Female,Kochi,Kerala,2025-05-23,Premium,Paid
C00765,Customer 00765,25,Male,Ahmedabad,Gujarat,2024-04-01,Regular,Social
C00766,Customer 00766,32,Male,Mumbai,Maharashtra,2024-06-09,Regular,Referral
C00767,Customer 00767,44,Male,Lucknow,Uttar Pradesh,2024-05-28,Occasional,Social
C00768,Customer 00768,30,Male,Chennai,Tamil Nadu,2024-04-26,Regular,Referral
C00769,Customer 00769,48,Male,Pune,Maharashtra,2025-04-02,Regular,Organic
C00770,Customer 00770,52,Female,Ahmedabad,Gujarat,2025-07-18,Regular,Organic
C00771,Customer 00771,23,Male,Bangalore,Karnataka,2026-03-24,Regular,Paid
C00772,Customer 00772,22,Female,Hyderabad,Telangana,2024-02-14,Regular,Social
C00773,Customer 00773,39,Female,Bangalore,Karnataka,2026-02-15,Occasional,Organic
C00774,Customer 00774,40,Male,Mumbai,Maharashtra,2026-02-12,Occasional,Organic
C00775,Customer 00775,42,Male,Bangalore,Karnataka,2026-03-29,Occasional,Social
C00776,Customer 00776,51,Male,Lucknow,Uttar Pradesh,2024-08-21,Occasional,Referral
C00777,Customer 00777,43,Female,Chennai,Tamil Nadu,2025-01-09,Regular,Organic
C00778,Customer 00778,64,Male,Kochi,Kerala,2025-06-30,Regular,Organic
C00779,Customer 00779,22,Male,Jaipur,Rajasthan,2026-04-29,Occasional,Social
C00780,Customer 00780,43,Female,Hyderabad,Telangana,2024-07-15,Regular,Social
C00781,Customer 00781,37,Male,Lucknow,Uttar Pradesh,2024-01-25,Occasional,Organic
C00782,Customer 00782,23,Female,Lucknow,Uttar Pradesh,2025-01-29,Occasional,Paid
C00783,Customer 00783,23,Female,Bangalore,Karnataka,2025-12-14,Occasional,Social
C00784,Customer 00784,35,Female,Bangalore,Karnataka,2026-02-23,Regular,Referral
C00785,Customer 00785,21,Male,Mumbai,Maharashtra,2024-02-05,Occasional,Social
C00786,Customer 00786,34,Female,Jaipur,Rajasthan,2025-04-18,Regular,Paid
C00787,Customer 00787,31,Female,Delhi,Delhi,2024-08-10,Regular,Social
C00788,Customer 00788,31,Male,Bangalore,Karnataka,2026-05-13,Regular,Paid
C00789,Customer 00789,30,Male,Chennai,Tamil Nadu,2026-02-27,Occasional,Organic
C00790,Customer 00790,24,Male,Pune,Maharashtra,2025-06-13,Occasional,Referral
C00791,Customer 00791,61,Female,Hyderabad,Telangana,2024-07-06,Regular,Paid
C00792,Customer 00792,32,Female,Indore,Madhya Pradesh,2025-02-05,Regular,Social
C00793,Customer 00793,36,Female,Bangalore,Karnataka,2024-09-13,Regular,Organic
C00794,Customer 00794,60,Female,Chennai,Tamil Nadu,2025-10-15,Occasional,Social
C00795,Customer 00795,64,Male,Chennai,Tamil Nadu,2024-05-15,Regular,Organic
C00796,Customer 00796,61,Male,Hyderabad,Telangana,2026-03-29,Regular,Referral
C00797,Customer 00797,52,Female,Delhi,Delhi,2025-08-13,Regular,Organic
C00798,Customer 00798,34,Female,Chennai,Tamil Nadu,2025-03-19,Regular,Referral
C00799,Customer 00799,52,Male,Pune,Maharashtra,2025-02-21,Premium,Referral
C00800,Customer 00800,36,Female,Chennai,Tamil Nadu,2024-10-18,Regular,Paid
C00801,Customer 00801,37,Female,Chennai,Tamil Nadu,2025-07-27,Occasional,Organic
C00802,Customer 00802,53,Female,Chennai,Tamil Nadu,2024-05-08,Occasional,Paid
C00803,Customer 00803,52,Female,Kochi,Kerala,2024-12-06,Premium,Social
C00804,Customer 00804,49,Female,Kochi,Kerala,2026-03-20,Occasional,Paid
C00805,Customer 00805,65,Male,Delhi,Delhi,2024-09-13,Regular,Organic
C00806,Customer 00806,61,Female,Bangalore,Karnataka,2025-12-24,Premium,Organic
C00807,Customer 00807,57,Male,Chennai,Tamil Nadu,2025-07-19,Premium,Social
C00808,Customer 00808,41,Female,Jaipur,Rajasthan,2025-11-17,Regular,Paid
C00809,Customer 00809,34,Male,Bangalore,Karnataka,2024-04-09,Occasional,Organic
C00810,Customer 00810,24,Female,Delhi,Delhi,2024-02-08,Premium,Referral
C00811,Customer 00811,60,Female,Kolkata,West Bengal,2024-09-19,Regular,Referral
C00812,Customer 00812,18,Male,Bangalore,Karnataka,2024-05-29,Occasional,Organic
C00813,Customer 00813,52,Male,Bangalore,Karnataka,2025-09-24,Regular,Social
C00814,Customer 00814,49,Other,Ahmedabad,Gujarat,2025-11-20,Occasional,Referral
C00815,Customer 00815,53,Female,Bengaluru,Maharashtra,2026-03-23,Occasional,Paid
C00816,Customer 00816,30,Male,Indore,Madhya Pradesh,2024-11-25,Premium,Paid
C00817,Customer 00817,23,Other,Ahmedabad,Gujarat,2024-04-29,Occasional,Social
C00818,Customer 00818,31,Female,Pune,Maharashtra,2025-08-06,Regular,Organic
C00819,Customer 00819,54,Female,Kochi,Kerala,2024-08-06,Regular,Organic
C00820,Customer 00820,65,Male,Kochi,Kerala,2026-03-24,Regular,Organic
C00821,Customer 00821,32,Female,Mumbai,Maharashtra,2024-05-02,Premium,Referral
C00822,Customer 00822,64,Female,Hyderabad,Telangana,2024-08-31,Occasional,Referral
C00823,Customer 00823,21,Female,Hyderabad,Telangana,2026-06-04,Regular,Referral
C00824,Customer 00824,57,Female,Delhi,Delhi,2025-08-09,Premium,Organic
C00825,Customer 00825,33,Female,Lucknow,Uttar Pradesh,2025-06-01,Occasional,Referral
C00826,Customer 00826,45,Female,Mumbai,Maharashtra,2024-01-21,Regular,Referral
C00827,Customer 00827,33,Male,Indore,Madhya Pradesh,2024-07-08,Regular,Paid
C00828,Customer 00828,21,Male,Bangalore,Karnataka,2024-08-12,Regular,Social
C00829,Customer 00829,62,Male,Hyderabad,Telangana,2025-09-06,Occasional,Paid
C00830,Customer 00830,43,Male,Indore,Madhya Pradesh,2026-05-05,Premium,Referral
C00831,Customer 00831,45,Female,Chennai,Tamil Nadu,2025-04-10,Regular,Organic
C00832,Customer 00832,49,Female,Lucknow,Uttar Pradesh,2024-04-08,Regular,Paid
C00833,Customer 00833,62,Female,Jaipur,Rajasthan,2026-04-09,Premium,Social
C00834,Customer 00834,19,Male,Bangalore,Karnataka,2024-12-28,Occasional,Social
C00835,Customer 00835,48,Female,Pune,Maharashtra,2024-03-23,Regular,Organic
C00836,Customer 00836,20,Male,Chennai,Tamil Nadu,2025-11-23,Regular,Paid
C00837,Customer 00837,25,Male,Chennai,Tamil Nadu,2025-10-25,Premium,Organic
C00838,Customer 00838,41,Male,Mumbai,Maharashtra,2024-02-25,Occasional,Social
C00839,Customer 00839,32,Female,Lucknow,Uttar Pradesh,2025-12-02,Occasional,Paid
C00840,Customer 00840,60,Male,Delhi,Delhi,2024-01-22,Regular,Paid
C00841,Customer 00841,48,Female,Pune,Maharashtra,2025-08-02,Regular,Organic
C00842,Customer 00842,26,Male,Hyderabad,Telangana,2024-07-03,Regular,Social
C00843,Customer 00843,56,Female,Indore,Madhya Pradesh,2025-06-05,Regular,Paid
C00844,Customer 00844,62,Female,Mumbai,Maharashtra,2025-07-31,Premium,Organic
C00845,Customer 00845,19,Female,Hyderabad,Telangana,2024-09-20,Regular,Paid
C00846,Customer 00846,25,Female,Mumbai,Maharashtra,2024-08-12,Regular,Organic
C00847,Customer 00847,24,Female,Mumbai,Maharashtra,2025-09-26,Occasional,Referral
C00848,Customer 00848,61,Female,Mumbai,Maharashtra,2024-02-07,Regular,Social
C00849,Customer 00849,56,Female,Lucknow,Uttar Pradesh,2024-05-02,Occasional,Social
C00850,Customer 00850,59,Male,Delhi,Delhi,2026-04-09,Regular,Paid
C00851,Customer 00851,33,Male,Mumbai,Maharashtra,2024-06-04,Occasional,Social
C00852,Customer 00852,52,Male,Kolkata,West Bengal,2024-10-27,Regular,Paid
C00853,Customer 00853,47,Female,Jaipur,Rajasthan,2026-04-12,Regular,Organic
C00854,Customer 00854,27,Female,Hyderabad,Telangana,2024-03-07,Occasional,Social
C00855,Customer 00855,55,Female,Bangalore,Karnataka,2025-10-06,Premium,Paid
C00856,Customer 00856,35,Female,Ahmedabad,Gujarat,2026-05-23,Premium,Paid
C00857,Customer 00857,22,Male,Indore,Madhya Pradesh,2025-01-28,Premium,Social
C00858,Customer 00858,46,Female,Pune,Maharashtra,2025-10-13,Occasional,Organic
C00859,Customer 00859,56,Other,Kochi,Kerala,2025-08-16,Premium,Referral
C00860,Customer 00860,51,Male,Delhi,Delhi,2025-07-23,Occasional,Social
C00861,Customer 00861,60,Female,Bangalore,Karnataka,2025-10-22,Regular,Paid
C00862,Customer 00862,62,Male,Chennai,Tamil Nadu,2025-02-08,Premium,Organic
C00863,Customer 00863,40,Female,Kolkata,West Bengal,2025-03-24,Regular,Paid
C00864,Customer 00864,22,Male,Kochi,Kerala,2024-05-10,Regular,Organic
C00865,Customer 00865,47,Female,Ahmedabad,Gujarat,2024-03-09,Regular,Paid
C00866,Customer 00866,23,Female,Bangalore,Karnataka,2024-12-10,Regular,Referral
C00867,Customer 00867,63,Male,Kochi,Kerala,2026-01-31,Regular,Paid
C00868,Customer 00868,61,Male,Bangalore,Karnataka,2024-11-15,Premium,Paid
C00869,Customer 00869,21,Female,Indore,Madhya Pradesh,2024-06-25,Regular,Paid
C00870,Customer 00870,46,Female,Kolkata,West Bengal,2025-08-06,Occasional,Referral
C00871,Customer 00871,40,Female,Ahmedabad,Gujarat,2025-06-12,Occasional,Social
C00872,Customer 00872,23,Female,Chennai,Tamil Nadu,2026-04-20,Occasional,Paid
C00873,Customer 00873,49,Male,Mumbai,Maharashtra,2024-06-08,Regular,Social
C00874,Customer 00874,59,Female,Hyderabad,Telangana,2025-08-04,Occasional,Paid
C00875,Customer 00875,35,Female,Chennai,Tamil Nadu,2025-09-16,Regular,Paid
C00876,Customer 00876,32,Female,Mumbai,Maharashtra,2026-01-13,Premium,Organic
C00877,Customer 00877,57,Male,Lucknow,Uttar Pradesh,2025-06-16,Occasional,Paid
C00878,Customer 00878,49,Female,Lucknow,Uttar Pradesh,2024-05-14,Occasional,Referral
C00879,Customer 00879,26,Female,Lucknow,Uttar Pradesh,2026-02-13,Regular,Organic
C00880,Customer 00880,54,Female,Delhi,Delhi,2024-04-20,Regular,Social
C00881,Customer 00881,27,Female,Jaipur,Rajasthan,2026-01-27,Regular,Paid
C00882,Customer 00882,37,Female,Pune,Maharashtra,2024-10-09,Regular,Social
C00883,Customer 00883,23,Female,Pune,Maharashtra,2025-06-03,Occasional,Organic
C00884,Customer 00884,65,Male,Lucknow,Uttar Pradesh,2026-03-06,Premium,Paid
C00885,Customer 00885,20,Female,Hyderabad,Telangana,2025-12-19,Occasional,Organic
C00886,Customer 00886,59,Male,Ahmedabad,Gujarat,2024-07-12,Regular,Organic
C00887,Customer 00887,28,Male,Kolkata,West Bengal,2024-02-16,Occasional,Social
C00888,Customer 00888,60,,Ahmedabad,Gujarat,2024-12-07,Occasional,Organic
C00889,Customer 00889,34,Female,Kolkata,West Bengal,2024-08-29,Regular,Paid
C00890,Customer 00890,49,Male,Ahmedabad,Gujarat,2025-06-05,Regular,Organic
C00891,Customer 00891,21,Male,Jaipur,Rajasthan,2025-01-04,Occasional,Paid
C00892,Customer 00892,21,Female,Delhi,Delhi,2026-03-11,Regular,Social
C00893,Customer 00893,34,Male,Delhi,Delhi,2024-05-10,Regular,Referral
C00894,Customer 00894,58,Male,Lucknow,Uttar Pradesh,2024-09-26,Regular,Referral
C00895,Customer 00895,36,Female,Mumbai,Maharashtra,2026-03-24,Premium,Paid
C00896,Customer 00896,22,Female,Kochi,Kerala,2024-03-01,Occasional,Social
C00897,Customer 00897,49,Male,Delhi,Delhi,2024-06-12,Regular,Referral
C00898,Customer 00898,39,Female,Delhi,Delhi,2025-06-08,Occasional,Paid
C00899,Customer 00899,23,Female,Chennai,Tamil Nadu,2024-09-28,Regular,Paid
C00900,Customer 00900,52,Male,Chennai,Tamil Nadu,2025-12-20,Occasional,Social
C00901,Customer 00901,39,Female,Mumbai,Maharashtra,2026-01-27,Regular,Paid
C00902,Customer 00902,18,Female,Indore,Madhya Pradesh,2024-05-12,Regular,Referral
C00903,Customer 00903,37,Male,Kochi,Kerala,2024-08-31,Regular,Paid
C00904,Customer 00904,39,Male,Hyderabad,Telangana,2026-03-16,Occasional,Organic
C00905,Customer 00905,65,Female,Chennai,Tamil Nadu,2025-03-09,Regular,Referral
C00906,Customer 00906,28,Female,Hyderabad,Telangana,2024-02-07,Occasional,Referral
C00907,Customer 00907,30,Male,Bangalore,Karnataka,2026-05-20,Regular,Paid
C00908,Customer 00908,59,Female,Chennai,Tamil Nadu,2025-07-21,Regular,Referral
C00909,Customer 00909,20,Female,Jaipur,Rajasthan,2024-11-14,Occasional,Organic
C00910,Customer 00910,26,Female,Indore,Madhya Pradesh,2025-05-24,Premium,Referral
C00911,Customer 00911,29,Female,Kochi,Kerala,2025-01-10,Regular,Social
C00912,Customer 00912,40,Male,Mumbai,Maharashtra,2025-07-13,Regular,Social
C00913,Customer 00913,31,Female,Bangalore,Karnataka,2025-09-08,Regular,Paid
C00914,Customer 00914,50,Female,Kochi,Kerala,2025-04-18,Regular,Paid
C00915,Customer 00915,35,Male,Lucknow,Uttar Pradesh,2024-02-28,Regular,Social
C00916,Customer 00916,58,Female,Jaipur,Rajasthan,2025-08-11,Regular,Referral
C00917,Customer 00917,26,Female,Kochi,Kerala,2025-05-13,Occasional,Paid
C00918,Customer 00918,40,Male,Jaipur,Rajasthan,2024-08-05,Occasional,Social
C00919,Customer 00919,27,Female,Jaipur,Rajasthan,2026-06-13,Regular,Paid
C00920,Customer 00920,36,Male,Hyderabad,Telangana,2025-07-20,Regular,Paid
C00921,Customer 00921,64,Male,Ahmedabad,Gujarat,2025-07-20,Premium,Organic
C00922,Customer 00922,22,Male,Lucknow,Uttar Pradesh,2024-05-08,Occasional,Organic
C00923,Customer 00923,64,Male,Bangalore,Karnataka,2025-01-17,Regular,Organic
C00924,Customer 00924,40,Female,Kochi,Kerala,2025-01-22,Regular,Social
C00925,Customer 00925,47,Male,Kolkata,West Bengal,2024-03-25,Occasional,Paid
C00926,Customer 00926,42,Female,Bangalore,Karnataka,2025-05-24,Regular,Paid
C00927,Customer 00927,45,Male,Ahmedabad,Gujarat,2025-12-26,Occasional,Social
C00928,Customer 00928,51,Female,Bangalore,Karnataka,2025-09-18,Regular,Referral
C00929,Customer 00929,62,Female,Delhi,Delhi,2025-03-12,Premium,Referral
C00930,Customer 00930,65,Female,Kolkata,West Bengal,2026-04-05,Occasional,Organic
C00931,Customer 00931,64,Male,Ahmedabad,Gujarat,2024-10-19,Premium,Social
C00932,Customer 00932,42,Male,Hyderabad,Telangana,2024-02-18,Occasional,Organic
C00933,Customer 00933,27,Male,Kochi,Kerala,2024-03-07,Premium,Organic
C00934,Customer 00934,31,Female,Indore,Madhya Pradesh,2026-02-25,Occasional,Organic
C00935,Customer 00935,59,Female,Pune,Maharashtra,2024-05-08,Premium,Organic
C00936,Customer 00936,63,Female,Ahmedabad,Gujarat,2024-01-29,Regular,Organic
C00937,Customer 00937,47,,Mumbai,Maharashtra,2024-12-08,Regular,Referral
C00938,Customer 00938,58,Male,Kochi,Kerala,2025-06-28,Regular,Organic
C00939,Customer 00939,42,Female,Lucknow,Uttar Pradesh,2024-04-28,Regular,Referral
C00940,Customer 00940,31,Female,Ahmedabad,Gujarat,2025-11-22,Regular,Organic
C00941,Customer 00941,52,Female,Delhi,Delhi,2025-10-24,Regular,Organic
C00942,Customer 00942,65,Female,Pune,Maharashtra,2024-05-12,Regular,Paid
C00943,Customer 00943,51,Male,Delhi,Delhi,2024-11-22,Regular,Social
C00944,Customer 00944,27,Male,Pune,Maharashtra,2024-07-03,Regular,Social
C00945,Customer 00945,52,Female,Lucknow,Uttar Pradesh,2025-05-20,Regular,Social
C00946,Customer 00946,28,Female,Indore,Madhya Pradesh,2025-10-07,Occasional,Referral
C00947,Customer 00947,28,Male,Mumbai,Maharashtra,2025-11-19,Regular,Referral
C00948,Customer 00948,38,Female,Kochi,Kerala,2025-06-17,Regular,Referral
C00949,Customer 00949,38,Male,Hyderabad,Telangana,2024-08-28,Regular,Referral
C00950,Customer 00950,39,Female,Delhi,Delhi,2025-08-11,Occasional,Organic
C00951,Customer 00951,62,Other,Delhi,Delhi,2025-12-16,Premium,Paid
C00952,Customer 00952,24,Female,Jaipur,Rajasthan,2025-05-30,Regular,Paid
C00953,Customer 00953,34,Female,Pune,Maharashtra,2026-04-19,Regular,Paid
C00954,Customer 00954,19,Male,Chennai,Tamil Nadu,2024-06-13,Premium,Paid
C00955,Customer 00955,29,Male,Indore,Madhya Pradesh,2025-10-01,Occasional,Organic
C00956,Customer 00956,59,Female,Kochi,Kerala,2025-07-10,Regular,Paid
C00957,Customer 00957,35,Male,Pune,Maharashtra,2024-08-05,Regular,Organic
C00958,Customer 00958,28,Male,Jaipur,Rajasthan,2026-01-16,Occasional,Social
C00959,Customer 00959,33,Female,Bangalore,Karnataka,2025-10-09,Regular,Organic
C00960,Customer 00960,35,Male,Bengaluru,Maharashtra,2025-11-10,Occasional,Organic
C00961,Customer 00961,52,Female,Hyderabad,Telangana,2026-01-18,Regular,Social
C00962,Customer 00962,43,Female,Kochi,Kerala,2025-08-27,Occasional,Paid
C00963,Customer 00963,33,Female,Indore,Madhya Pradesh,2024-01-05,Occasional,Organic
C00964,Customer 00964,23,Female,Jaipur,Rajasthan,2025-10-29,Premium,Paid
C00965,Customer 00965,61,Female,Bangalore,Karnataka,2026-01-26,Occasional,Organic
C00966,Customer 00966,60,Female,Kolkata,West Bengal,2026-05-21,Regular,Organic
C00967,Customer 00967,64,Female,Jaipur,Rajasthan,2024-03-21,Premium,Organic
C00968,Customer 00968,64,Male,Kolkata,West Bengal,2024-09-03,Regular,Paid
C00969,Customer 00969,65,Female,Kochi,Kerala,2026-05-04,Premium,Social
C00970,Customer 00970,59,Female,Delhi,Delhi,2025-05-07,Occasional,Referral
C00971,Customer 00971,29,Male,Jaipur,Rajasthan,2025-10-10,Regular,Referral
C00972,Customer 00972,30,Male,Mumbai,Maharashtra,2025-01-20,Occasional,Organic
C00973,Customer 00973,21,Female,Kolkata,West Bengal,2025-07-28,Regular,Paid
C00974,Customer 00974,56,Male,Hyderabad,Telangana,2024-11-02,Regular,Social
C00975,Customer 00975,19,Female,Mumbai,Maharashtra,2025-09-19,Regular,Organic
C00976,Customer 00976,43,Female,Ahmedabad,Gujarat,2025-09-16,Regular,Social
C00977,Customer 00977,44,Male,Ahmedabad,Gujarat,2025-06-26,Occasional,Paid
C00978,Customer 00978,44,Female,Bangalore,Karnataka,2024-01-07,Occasional,Social
C00979,Customer 00979,32,Male,Indore,Madhya Pradesh,2025-05-29,Occasional,Paid
C00980,Customer 00980,25,Female,Delhi,Delhi,2026-03-29,Occasional,Paid
C00981,Customer 00981,24,Male,Kochi,Kerala,2026-01-24,Premium,Referral
C00982,Customer 00982,64,,Jaipur,Rajasthan,2025-07-21,Regular,Referral
C00983,Customer 00983,63,Male,Bengaluru,Tamil Nadu,2024-03-13,Regular,Organic
C00984,Customer 00984,57,Male,Hyderabad,Telangana,2024-01-10,Regular,Social
C00985,Customer 00985,29,Male,Kolkata,West Bengal,2025-07-26,Regular,Organic
C00986,Customer 00986,30,,Kochi,Kerala,2025-07-15,Regular,Organic
C00987,Customer 00987,60,Female,Mumbai,Maharashtra,2024-05-01,Regular,Referral
C00988,Customer 00988,34,Male,Lucknow,Uttar Pradesh,2025-11-17,Regular,Referral
C00989,Customer 00989,34,Female,Ahmedabad,Gujarat,2025-05-27,Occasional,Social
C00990,Customer 00990,53,Female,Lucknow,Uttar Pradesh,2025-03-16,Regular,Paid
C00991,Customer 00991,38,Female,Hyderabad,Telangana,2024-02-07,Premium,Organic
C00992,Customer 00992,25,Female,Chennai,Tamil Nadu,2025-12-02,Premium,Referral
C00993,Customer 00993,22,Female,Jaipur,Rajasthan,2025-08-13,Occasional,Organic
C00994,Customer 00994,43,Male,Bangalore,Karnataka,2024-12-10,Occasional,Paid
C00995,Customer 00995,33,Male,Chennai,Tamil Nadu,2024-12-03,Regular,Paid
C00996,Customer 00996,53,Female,Hyderabad,Telangana,2025-12-02,Regular,Organic
C00997,Customer 00997,45,Female,Chennai,Tamil Nadu,2024-07-02,Occasional,Paid
C00998,Customer 00998,46,Other,Hyderabad,Telangana,2024-03-07,Regular,Paid
C00999,Customer 00999,64,Male,Hyderabad,Telangana,2024-01-17,Occasional,Referral
C01000,Customer 01000,29,Male,Pune,Maharashtra,2025-01-17,Occasional,Referral
C01001,Customer 01001,54,Male,Kolkata,West Bengal,2025-01-02,Regular,Organic
C01002,Customer 01002,47,Female,Lucknow,Uttar Pradesh,2024-11-11,Regular,Organic
C01003,Customer 01003,40,Female,Ahmedabad,Gujarat,2025-05-11,Regular,Organic
C01004,Customer 01004,33,Male,Pune,Maharashtra,2026-03-18,Regular,Organic
C01005,Customer 01005,31,Female,Jaipur,Rajasthan,2025-12-21,Occasional,Referral
C01006,Customer 01006,27,Female,Pune,Maharashtra,2024-12-10,Occasional,Social
C01007,Customer 01007,24,Female,Delhi,Delhi,2025-07-06,Occasional,Referral
C01008,Customer 01008,62,Male,Delhi,Delhi,2025-04-17,Regular,Referral
C01009,Customer 01009,54,Female,Ahmedabad,Gujarat,2024-04-24,Premium,Paid
C01010,Customer 01010,46,Female,Chennai,Tamil Nadu,2024-04-09,Premium,Paid
C01011,Customer 01011,20,Female,Kolkata,West Bengal,2026-06-03,Regular,Social
C01012,Customer 01012,32,Female,Ahmedabad,Gujarat,2025-03-13,Regular,Social
C01013,Customer 01013,53,Male,Hyderabad,Telangana,2024-12-10,Regular,Paid
C01014,Customer 01014,64,Male,Mumbai,Maharashtra,2024-12-14,Premium,Organic
C01015,Customer 01015,63,Female,Kolkata,West Bengal,2024-05-18,Occasional,Referral
C01016,Customer 01016,36,Male,Indore,Madhya Pradesh,2026-04-07,Regular,Organic
C01017,Customer 01017,30,Female,Lucknow,Uttar Pradesh,2024-11-19,Occasional,Referral
C01018,Customer 01018,59,Female,Kolkata,West Bengal,2026-04-25,Regular,Social
C01019,Customer 01019,38,Female,Hyderabad,Telangana,2024-10-28,Premium,Organic
C01020,Customer 01020,54,Male,Hyderabad,Telangana,2024-10-20,Occasional,Social
C01021,Customer 01021,44,Male,Bangalore,Karnataka,2025-06-12,Occasional,Social
C01022,Customer 01022,46,Female,Ahmedabad,Gujarat,2026-04-13,Regular,Social
C01023,Customer 01023,37,Male,Hyderabad,Telangana,2024-10-18,Regular,Paid
C01024,Customer 01024,42,Female,Delhi,Delhi,2024-03-14,Premium,Organic
C01025,Customer 01025,23,,Jaipur,Rajasthan,2026-02-13,Regular,Referral
C01026,Customer 01026,53,Male,Mumbai,Maharashtra,2025-04-28,Occasional,Paid
C01027,Customer 01027,19,Female,Lucknow,Uttar Pradesh,2024-01-16,Premium,Organic
C01028,Customer 01028,39,Male,Ahmedabad,Gujarat,2025-06-09,Regular,Paid
C01029,Customer 01029,49,Male,Kochi,Kerala,2024-12-01,Occasional,Referral
C01030,Customer 01030,33,Other,Delhi,Delhi,2026-03-03,Regular,Organic
C01031,Customer 01031,35,Other,Indore,Madhya Pradesh,2026-05-22,Regular,Paid
C01032,Customer 01032,22,Female,Chennai,Tamil Nadu,2025-05-30,Regular,Organic
C01033,Customer 01033,53,Female,Hyderabad,Telangana,2024-05-06,Regular,Referral
C01034,Customer 01034,47,Female,Kochi,Kerala,2026-04-03,Regular,Referral
C01035,Customer 01035,62,Male,Hyderabad,Telangana,2025-06-01,Regular,Organic
C01036,Customer 01036,36,Male,Kolkata,West Bengal,2024-05-08,Premium,Social
C01037,Customer 01037,40,Female,Delhi,Delhi,2025-05-25,Occasional,Organic
C01038,Customer 01038,51,Male,Kolkata,West Bengal,2025-02-26,Occasional,Referral
C01039,Customer 01039,30,Female,Bangalore,Karnataka,2025-01-19,Regular,Referral
C01040,Customer 01040,60,Female,Kolkata,West Bengal,2026-06-01,Regular,Referral
C01041,Customer 01041,46,Female,Bangalore,Karnataka,2024-08-19,Regular,Organic
C01042,Customer 01042,53,Female,Indore,Madhya Pradesh,2026-04-04,Premium,Social
C01043,Customer 01043,39,Male,Bangalore,Karnataka,2024-07-13,Occasional,Social
C01044,Customer 01044,64,Male,Kochi,Kerala,2024-03-05,Regular,Paid
C01045,Customer 01045,53,Female,Hyderabad,Telangana,2026-04-12,Regular,Paid
C01046,Customer 01046,26,Female,Chennai,Tamil Nadu,2025-09-06,Premium,Organic
C01047,Customer 01047,56,Female,Lucknow,Uttar Pradesh,2024-10-03,Premium,Paid
C01048,Customer 01048,36,Female,Kolkata,West Bengal,2025-10-31,Regular,Paid
C01049,Customer 01049,55,Male,Lucknow,Uttar Pradesh,2024-08-11,Occasional,Referral
C01050,Customer 01050,23,Female,Delhi,Delhi,2026-03-11,Occasional,Paid
C01051,Customer 01051,64,Female,Bangalore,Karnataka,2024-10-04,Occasional,Referral
C01052,Customer 01052,32,Male,Hyderabad,Telangana,2025-11-24,Occasional,Organic
C01053,Customer 01053,37,Male,Mumbai,Maharashtra,2024-12-31,Occasional,Organic
C01054,Customer 01054,26,Female,Ahmedabad,Gujarat,2025-05-30,Regular,Organic
C01055,Customer 01055,49,Female,Kochi,Kerala,2024-08-02,Regular,Organic
C01056,Customer 01056,21,Male,Chennai,Tamil Nadu,2025-03-14,Occasional,Paid
C01057,Customer 01057,35,Female,Pune,Maharashtra,2025-03-03,Regular,Referral
C01058,Customer 01058,22,Male,Kochi,Kerala,2025-12-29,Regular,Referral
C01059,Customer 01059,37,Male,Indore,Madhya Pradesh,2025-01-30,Regular,Paid
C01060,Customer 01060,40,Female,Mumbai,Maharashtra,2024-07-27,Regular,Referral
C01061,Customer 01061,28,Female,Ahmedabad,Gujarat,2025-05-15,Regular,Paid
C01062,Customer 01062,54,Female,Mumbai,Maharashtra,2025-04-07,Premium,Paid
C01063,Customer 01063,39,Male,Kolkata,West Bengal,2025-08-08,Regular,Paid
C01064,Customer 01064,21,Male,Bangalore,Karnataka,2024-08-14,Occasional,Referral
C01065,Customer 01065,46,Male,Chennai,Tamil Nadu,2025-01-09,Regular,Organic
C01066,Customer 01066,61,Male,Jaipur,Rajasthan,2025-05-14,Occasional,Organic
C01067,Customer 01067,51,Male,Bangalore,Karnataka,2024-04-02,Regular,Referral
C01068,Customer 01068,30,Male,Jaipur,Rajasthan,2025-04-04,Premium,Social
C01069,Customer 01069,59,Male,Lucknow,Uttar Pradesh,2025-07-30,Regular,Referral
C01070,Customer 01070,26,Male,Ahmedabad,Gujarat,2024-11-16,Regular,Referral
C01071,Customer 01071,59,Female,Hyderabad,Telangana,2024-01-10,Regular,Referral
C01072,Customer 01072,48,Male,Pune,Maharashtra,2024-10-29,Occasional,Paid
C01073,Customer 01073,24,Male,Delhi,Delhi,2024-11-17,Occasional,Referral
C01074,Customer 01074,21,Female,Bangalore,Karnataka,2026-03-27,Occasional,Social
C01075,Customer 01075,36,Male,Chennai,Tamil Nadu,2025-03-31,Regular,Organic
C01076,Customer 01076,59,Female,Indore,Madhya Pradesh,2024-10-04,Regular,Paid
C01077,Customer 01077,47,Male,Indore,Madhya Pradesh,2025-08-20,Regular,Organic
C01078,Customer 01078,48,Male,Mumbai,Maharashtra,2025-06-21,Premium,Paid
C01079,Customer 01079,52,Male,Chennai,Tamil Nadu,2025-12-30,Regular,Social
C01080,Customer 01080,38,Male,Ahmedabad,Gujarat,2025-01-27,Regular,Paid
C01081,Customer 01081,48,Female,Lucknow,Uttar Pradesh,2024-04-04,Regular,Paid
C01082,Customer 01082,36,Female,Jaipur,Rajasthan,2026-01-25,Premium,Social
C01083,Customer 01083,48,Male,Mumbai,Maharashtra,2024-04-16,Premium,Paid
C01084,Customer 01084,49,Male,Indore,Madhya Pradesh,2025-01-24,Regular,Paid
C01085,Customer 01085,19,Female,Delhi,Delhi,2026-01-29,Regular,Social
C01086,Customer 01086,27,Male,Delhi,Delhi,2025-06-09,Occasional,Paid
C01087,Customer 01087,19,Female,Bangalore,Karnataka,2025-11-03,Regular,Referral
C01088,Customer 01088,19,Male,Ahmedabad,Gujarat,2024-03-11,Premium,Organic
C01089,Customer 01089,41,Female,Hyderabad,Telangana,2025-10-25,Regular,Organic
C01090,Customer 01090,34,Male,Indore,Madhya Pradesh,2025-08-09,Premium,Paid
C01091,Customer 01091,49,Male,Ahmedabad,Gujarat,2025-01-10,Occasional,Paid
C01092,Customer 01092,33,Female,Lucknow,Uttar Pradesh,2025-12-27,Occasional,Social
C01093,Customer 01093,33,Female,Jaipur,Rajasthan,2025-01-02,Regular,Social
C01094,Customer 01094,63,Female,Chennai,Tamil Nadu,2024-02-20,Regular,Social
C01095,Customer 01095,56,Female,Indore,Madhya Pradesh,2026-06-16,Occasional,Paid
C01096,Customer 01096,48,Female,Delhi,Delhi,2024-05-22,Regular,Social
C01097,Customer 01097,60,Male,Chennai,Tamil Nadu,2025-02-22,Occasional,Referral
C01098,Customer 01098,41,Female,Chennai,Tamil Nadu,2025-07-01,Regular,Paid
C01099,Customer 01099,18,Male,Chennai,Tamil Nadu,2025-05-14,Regular,Referral
C01100,Customer 01100,28,Female,Delhi,Delhi,2026-06-04,Occasional,Organic
C01101,Customer 01101,38,Other,Lucknow,Uttar Pradesh,2024-06-15,Regular,Organic
C01102,Customer 01102,21,Male,Kochi,Kerala,2026-01-17,Regular,Social
C01103,Customer 01103,24,Male,Kolkata,West Bengal,2024-09-16,Regular,Referral
C01104,Customer 01104,43,Male,Jaipur,Rajasthan,2024-07-10,Regular,Paid
C01105,Customer 01105,64,Male,Kochi,Kerala,2024-07-20,Occasional,Paid
C01106,Customer 01106,29,Female,Jaipur,Rajasthan,2026-02-12,Regular,Social
C01107,Customer 01107,48,Male,Mumbai,Maharashtra,2024-07-03,Regular,Referral
C01108,Customer 01108,34,Male,Ahmedabad,Gujarat,2024-06-06,Occasional,Paid
C01109,Customer 01109,50,Female,Ahmedabad,Gujarat,2026-01-27,Regular,Organic
C01110,Customer 01110,28,Female,Pune,Maharashtra,2025-09-13,Regular,Organic
C01111,Customer 01111,45,Female,Ahmedabad,Gujarat,2024-04-08,Occasional,Social
C01112,Customer 01112,49,Female,Delhi,Delhi,2024-08-28,Occasional,Paid
C01113,Customer 01113,18,Female,Hyderabad,Telangana,2025-05-05,Regular,Paid
C01114,Customer 01114,64,Female,Bangalore,Karnataka,2024-07-20,Regular,Paid
C01115,Customer 01115,45,Female,Pune,Maharashtra,2025-09-25,Occasional,Social
C01116,Customer 01116,59,Female,Bangalore,Karnataka,2025-05-23,Occasional,Referral
C01117,Customer 01117,24,Male,Jaipur,Rajasthan,2025-09-20,Occasional,Referral
C01118,Customer 01118,19,Male,Bengaluru,Karnataka,2024-04-05,Regular,Paid
C01119,Customer 01119,59,Female,Bangalore,Karnataka,2026-01-15,Regular,Organic
C01120,Customer 01120,41,Female,Pune,Maharashtra,2025-05-04,Regular,Social
C01121,Customer 01121,21,Female,Mumbai,Maharashtra,2025-08-01,Occasional,Social
C01122,Customer 01122,61,Other,Chennai,Tamil Nadu,2026-06-06,Occasional,Social
C01123,Customer 01123,36,Female,Ahmedabad,Gujarat,2024-08-05,Premium,Social
C01124,Customer 01124,43,Female,Ahmedabad,Gujarat,2025-06-10,Regular,Social
C01125,Customer 01125,28,Female,Delhi,Delhi,2024-09-29,Regular,Referral
C01126,Customer 01126,57,Female,Pune,Maharashtra,2024-08-06,Occasional,Social
C01127,Customer 01127,60,Male,Delhi,Delhi,2026-02-24,Regular,Referral
C01128,Customer 01128,28,Male,Hyderabad,Telangana,2026-06-01,Regular,Organic
C01129,Customer 01129,62,Female,Hyderabad,Telangana,2025-10-20,Premium,Paid
C01130,Customer 01130,20,Male,Delhi,Delhi,2024-11-27,Regular,Social
C01131,Customer 01131,29,Female,Pune,Maharashtra,2026-05-05,Premium,Paid
C01132,Customer 01132,20,Male,Delhi,Delhi,2025-03-28,Occasional,Social
C01133,Customer 01133,59,Female,Ahmedabad,Gujarat,2024-05-31,Occasional,Organic
C01134,Customer 01134,44,Female,Kochi,Kerala,2024-12-12,Regular,Paid
C01135,Customer 01135,19,Female,Kolkata,West Bengal,2026-03-26,Regular,Paid
C01136,Customer 01136,33,Male,Bangalore,Karnataka,2025-02-17,Occasional,Organic
C01137,Customer 01137,19,Female,Kolkata,West Bengal,2025-06-10,Regular,Organic
C01138,Customer 01138,47,Female,Pune,Maharashtra,2025-03-06,Regular,Organic
C01139,Customer 01139,37,Male,Lucknow,Uttar Pradesh,2025-01-13,Occasional,Social
C01140,Customer 01140,55,Female,Kolkata,West Bengal,2026-06-13,Occasional,Organic
C01141,Customer 01141,45,Male,Hyderabad,Telangana,2025-03-03,Occasional,Organic
C01142,Customer 01142,42,Male,Jaipur,Rajasthan,2026-05-15,Regular,Organic
C01143,Customer 01143,49,Male,Bangalore,Karnataka,2024-03-24,Premium,Referral
C01144,Customer 01144,27,Female,Chennai,Tamil Nadu,2024-07-10,Premium,Referral
C01145,Customer 01145,59,Female,Lucknow,Uttar Pradesh,2024-02-10,Regular,Referral
C01146,Customer 01146,57,Female,Pune,Maharashtra,2026-05-13,Occasional,Paid
C01147,Customer 01147,50,Male,Bangalore,Karnataka,2026-04-15,Regular,Organic
C01148,Customer 01148,30,Male,Kolkata,West Bengal,2026-02-11,Occasional,Referral
C01149,Customer 01149,58,Female,Hyderabad,Telangana,2024-11-04,Regular,Social
C01150,Customer 01150,59,,Mumbai,Maharashtra,2025-01-12,Regular,Organic
C01151,Customer 01151,64,Female,Kochi,Kerala,2024-05-15,Occasional,Paid
C01152,Customer 01152,54,Male,Chennai,Tamil Nadu,2026-02-28,Regular,Organic
C01153,Customer 01153,33,Male,Lucknow,Uttar Pradesh,2024-04-15,Regular,Organic
C01154,Customer 01154,62,Female,Kochi,Kerala,2025-06-02,Regular,Referral
C01155,Customer 01155,39,Female,Bangalore,Karnataka,2026-03-24,Premium,Paid
C01156,Customer 01156,37,Male,Hyderabad,Telangana,2025-06-25,Regular,Organic
C01157,Customer 01157,60,Male,Hyderabad,Telangana,2024-05-05,Regular,Paid
C01158,Customer 01158,44,Female,Kolkata,West Bengal,2024-12-22,Regular,Social
C01159,Customer 01159,58,Male,Ahmedabad,Gujarat,2025-02-03,Occasional,Social
C01160,Customer 01160,33,Female,Bengaluru,West Bengal,2024-03-19,Regular,Social
C01161,Customer 01161,51,Male,Ahmedabad,Gujarat,2025-01-23,Premium,Paid
C01162,Customer 01162,49,Male,Ahmedabad,Gujarat,2025-08-01,Regular,Referral
C01163,Customer 01163,43,Other,Chennai,Tamil Nadu,2025-06-18,Premium,Paid
C01164,Customer 01164,42,Male,Kolkata,West Bengal,2025-12-01,Regular,Organic
C01165,Customer 01165,19,Female,Indore,Madhya Pradesh,2024-03-14,Regular,Paid
C01166,Customer 01166,29,Female,Mumbai,Maharashtra,2024-01-05,Regular,Referral
C01167,Customer 01167,57,Male,Lucknow,Uttar Pradesh,2025-04-07,Occasional,Organic
C01168,Customer 01168,26,Male,Delhi,Delhi,2024-03-22,Occasional,Social
C01169,Customer 01169,29,Female,Delhi,Delhi,2025-06-20,Occasional,Organic
C01170,Customer 01170,43,Female,Kolkata,West Bengal,2026-02-14,Regular,Paid
C01171,Customer 01171,26,Male,Kolkata,West Bengal,2025-02-08,Regular,Organic
C01172,Customer 01172,27,Male,Kochi,Kerala,2025-05-28,Occasional,Paid
C01173,Customer 01173,49,Female,Lucknow,Uttar Pradesh,2024-10-04,Regular,Organic
C01174,Customer 01174,51,Female,Lucknow,Uttar Pradesh,2026-04-19,Occasional,Organic
C01175,Customer 01175,65,Female,Chennai,Tamil Nadu,2026-05-04,Premium,Paid
C01176,Customer 01176,37,Male,Kolkata,West Bengal,2024-08-11,Premium,Paid
C01177,Customer 01177,56,Female,Lucknow,Uttar Pradesh,2025-08-06,Occasional,Paid
C01178,Customer 01178,19,Female,Kochi,Kerala,2024-03-08,Occasional,Organic
C01179,Customer 01179,18,Female,Ahmedabad,Gujarat,2024-11-15,Occasional,Paid
C01180,Customer 01180,53,Female,Hyderabad,Telangana,2025-08-28,Occasional,Paid
C01181,Customer 01181,41,Female,Hyderabad,Telangana,2024-01-19,Premium,Paid
C01182,Customer 01182,44,Female,Ahmedabad,Gujarat,2025-10-01,Regular,Social
C01183,Customer 01183,19,Female,Pune,Maharashtra,2024-12-08,Occasional,Paid
C01184,Customer 01184,48,Male,Kochi,Kerala,2025-08-16,Regular,Paid
C01185,Customer 01185,31,Male,Lucknow,Uttar Pradesh,2026-02-04,Regular,Social
C01186,Customer 01186,19,Male,Indore,Madhya Pradesh,2026-01-02,Regular,Social
C01187,Customer 01187,46,Male,Kochi,Kerala,2024-12-08,Premium,Social
C01188,Customer 01188,32,Male,Ahmedabad,Gujarat,2024-04-06,Regular,Referral
C01189,Customer 01189,29,Female,Mumbai,Maharashtra,2024-02-21,Regular,Paid
C01190,Customer 01190,54,Male,Jaipur,Rajasthan,2024-06-23,Occasional,Organic
C01191,Customer 01191,45,Female,Bangalore,Karnataka,2024-12-03,Occasional,Referral
C01192,Customer 01192,37,Female,Ahmedabad,Gujarat,2025-11-24,Regular,Social
C01193,Customer 01193,56,Male,Indore,Madhya Pradesh,2024-12-18,Regular,Referral
C01194,Customer 01194,41,Female,Lucknow,Uttar Pradesh,2025-01-25,Regular,Social
C01195,Customer 01195,38,Female,Indore,Madhya Pradesh,2024-04-24,Premium,Paid
C01196,Customer 01196,27,Male,Indore,Madhya Pradesh,2024-12-13,Regular,Paid
C01197,Customer 01197,63,Male,Kolkata,West Bengal,2024-01-01,Premium,Social
C01198,Customer 01198,31,Male,Kolkata,West Bengal,2024-03-03,Regular,Referral
C01199,Customer 01199,54,Female,Chennai,Tamil Nadu,2026-01-29,Regular,Social
C01200,Customer 01200,35,Male,Ahmedabad,Gujarat,2026-01-12,Regular,Referral
C01201,Customer 01201,41,,Chennai,Tamil Nadu,2024-08-13,Premium,Paid
C01202,Customer 01202,31,Female,Ahmedabad,Gujarat,2025-02-26,Regular,Paid
C01203,Customer 01203,51,Male,Kochi,Kerala,2024-01-19,Regular,Social
C01204,Customer 01204,29,,Bangalore,Karnataka,2024-01-31,Premium,Paid
C01205,Customer 01205,39,Male,Indore,Madhya Pradesh,2026-04-24,Occasional,Organic
C01206,Customer 01206,23,Female,Kochi,Kerala,2025-09-24,Premium,Paid
C01207,Customer 01207,53,Male,Jaipur,Rajasthan,2024-01-24,Occasional,Paid
C01208,Customer 01208,62,Female,Hyderabad,Telangana,2026-04-16,Premium,Organic
C01209,Customer 01209,53,Male,Delhi,Delhi,2024-07-29,Occasional,Referral
C01210,Customer 01210,39,Female,Ahmedabad,Gujarat,2024-06-09,Premium,Organic
C01211,Customer 01211,31,Female,Jaipur,Rajasthan,2024-09-11,Occasional,Paid
C01212,Customer 01212,33,Male,Hyderabad,Telangana,2025-07-24,Regular,Social
C01213,Customer 01213,53,Female,Lucknow,Uttar Pradesh,2024-04-23,Occasional,Paid
C01214,Customer 01214,42,Male,Pune,Maharashtra,2025-05-18,Regular,Social
C01215,Customer 01215,49,Female,Bangalore,Karnataka,2025-11-02,Premium,Paid
C01216,Customer 01216,50,Female,Chennai,Tamil Nadu,2024-08-07,Occasional,Social
C01217,Customer 01217,62,Male,Chennai,Tamil Nadu,2024-12-22,Premium,Organic
C01218,Customer 01218,53,Male,Kochi,Kerala,2024-06-17,Occasional,Organic
C01219,Customer 01219,37,Male,Kolkata,West Bengal,2025-06-07,Premium,Social
C01220,Customer 01220,35,Female,Hyderabad,Telangana,2024-08-29,Regular,Referral
C01221,Customer 01221,55,Male,Pune,Maharashtra,2025-01-09,Occasional,Organic
C01222,Customer 01222,20,Male,Jaipur,Rajasthan,2024-05-18,Regular,Social
C01223,Customer 01223,40,Male,Bangalore,Karnataka,2024-04-06,Regular,Paid
C01224,Customer 01224,49,Male,Hyderabad,Telangana,2024-05-26,Occasional,Social
C01225,Customer 01225,62,Other,Pune,Maharashtra,2024-06-30,Occasional,Paid
C01226,Customer 01226,33,Male,Delhi,Delhi,2024-02-26,Occasional,Paid
C01227,Customer 01227,22,Female,Ahmedabad,Gujarat,2024-02-11,Regular,Paid
C01228,Customer 01228,21,Female,Chennai,Tamil Nadu,2026-05-15,Regular,Paid
C01229,Customer 01229,38,Female,Jaipur,Rajasthan,2025-12-11,Regular,Paid
C01230,Customer 01230,57,Male,Chennai,Tamil Nadu,2025-06-26,Regular,Paid
C01231,Customer 01231,31,,Jaipur,Rajasthan,2025-11-22,Occasional,Organic
C01232,Customer 01232,56,Female,Kochi,Kerala,2024-01-02,Regular,Organic
C01233,Customer 01233,48,Male,Kolkata,West Bengal,2024-10-14,Regular,Organic
C01234,Customer 01234,31,Male,Jaipur,Rajasthan,2024-05-17,Regular,Social
C01235,Customer 01235,23,Male,Chennai,Tamil Nadu,2025-09-08,Occasional,Referral
C01236,Customer 01236,29,Male,Kochi,Kerala,2025-05-26,Occasional,Referral
C01237,Customer 01237,33,Male,Jaipur,Rajasthan,2025-12-30,Regular,Social
C01238,Customer 01238,34,Female,Delhi,Delhi,2024-08-09,Regular,Referral
C01239,Customer 01239,62,Male,Kolkata,West Bengal,2024-11-26,Occasional,Social
C01240,Customer 01240,40,Female,Jaipur,Rajasthan,2025-09-08,Regular,Paid
C01241,Customer 01241,31,,Kochi,Kerala,2025-02-07,Premium,Organic
C01242,Customer 01242,24,Female,Lucknow,Uttar Pradesh,2025-05-22,Premium,Paid
C01243,Customer 01243,63,Female,Hyderabad,Telangana,2024-05-06,Premium,Paid
C01244,Customer 01244,49,Male,Mumbai,Maharashtra,2024-09-21,Regular,Social
C01245,Customer 01245,32,Female,Pune,Maharashtra,2025-12-12,Occasional,Paid
C01246,Customer 01246,61,Female,Mumbai,Maharashtra,2026-02-02,Regular,Organic
C01247,Customer 01247,34,Female,Lucknow,Uttar Pradesh,2024-01-15,Regular,Referral
C01248,Customer 01248,58,Female,Mumbai,Maharashtra,2024-08-13,Occasional,Paid
C01249,Customer 01249,64,Male,Lucknow,Uttar Pradesh,2026-05-14,Occasional,Organic
C01250,Customer 01250,61,Male,Bangalore,Karnataka,2024-04-14,Regular,Paid
C01251,Customer 01251,51,Female,Lucknow,Uttar Pradesh,2026-01-14,Regular,Social
C01252,Customer 01252,22,Female,Lucknow,Uttar Pradesh,2025-05-07,Premium,Social
C01253,Customer 01253,62,Female,Indore,Madhya Pradesh,2024-11-14,Premium,Referral
C01254,Customer 01254,44,Other,Lucknow,Uttar Pradesh,2024-08-06,Premium,Paid
C01255,Customer 01255,40,Male,Delhi,Delhi,2024-10-03,Regular,Organic
C01256,Customer 01256,57,Male,Hyderabad,Telangana,2026-02-11,Regular,Paid
C01257,Customer 01257,31,Male,Ahmedabad,Gujarat,2026-06-11,Premium,Referral
C01258,Customer 01258,32,Male,Jaipur,Rajasthan,2024-12-06,Premium,Paid
C01259,Customer 01259,60,Female,Pune,Maharashtra,2025-03-27,Regular,Organic
C01260,Customer 01260,50,Female,Kolkata,West Bengal,2025-01-03,Regular,Social
C01261,Customer 01261,48,Male,Hyderabad,Telangana,2026-04-27,Regular,Social
C01262,Customer 01262,52,Male,Chennai,Tamil Nadu,2025-04-18,Regular,Referral
C01263,Customer 01263,34,Male,Ahmedabad,Gujarat,2024-07-08,Regular,Organic
C01264,Customer 01264,45,Male,Bangalore,Karnataka,2026-06-02,Regular,Organic
C01265,Customer 01265,36,Female,Bangalore,Karnataka,2025-02-22,Premium,Organic
C01266,Customer 01266,63,Male,Lucknow,Uttar Pradesh,2025-12-10,Regular,Referral
C01267,Customer 01267,40,Female,Hyderabad,Telangana,2026-05-14,Occasional,Organic
C01268,Customer 01268,49,Female,Kochi,Kerala,2026-02-27,Occasional,Social
C01269,Customer 01269,57,Female,Indore,Madhya Pradesh,2026-04-27,Regular,Social
C01270,Customer 01270,30,Male,Mumbai,Maharashtra,2025-05-09,Occasional,Paid
C01271,Customer 01271,37,Female,Chennai,Tamil Nadu,2024-02-08,Regular,Paid
C01272,Customer 01272,52,Female,Bangalore,Karnataka,2024-06-10,Premium,Referral
C01273,Customer 01273,22,,Pune,Maharashtra,2024-04-30,Occasional,Social
C01274,Customer 01274,26,Male,Bangalore,Karnataka,2026-06-10,Premium,Social
C01275,Customer 01275,46,Male,Kolkata,West Bengal,2025-02-02,Regular,Organic
C01276,Customer 01276,23,Female,Jaipur,Rajasthan,2024-09-18,Regular,Organic
C01277,Customer 01277,42,Male,Bangalore,Karnataka,2025-12-28,Regular,Referral
C01278,Customer 01278,48,Male,Kolkata,West Bengal,2026-04-03,Regular,Referral
C01279,Customer 01279,39,Other,Hyderabad,Telangana,2025-07-14,Regular,Organic
C01280,Customer 01280,19,Male,Hyderabad,Telangana,2025-08-26,Regular,Paid
C01281,Customer 01281,62,Male,Indore,Madhya Pradesh,2024-05-08,Regular,Referral
C01282,Customer 01282,22,Male,Ahmedabad,Gujarat,2026-04-12,Regular,Organic
C01283,Customer 01283,44,Female,Bangalore,Karnataka,2025-06-23,Occasional,Social
C01284,Customer 01284,42,Male,Pune,Maharashtra,2024-12-21,Occasional,Organic
C01285,Customer 01285,25,Female,Bangalore,Karnataka,2025-10-21,Regular,Referral
C01286,Customer 01286,18,Male,Pune,Maharashtra,2025-03-07,Regular,Referral
C01287,Customer 01287,37,Male,Delhi,Delhi,2026-04-19,Occasional,Paid
C01288,Customer 01288,61,Female,Lucknow,Uttar Pradesh,2024-03-05,Premium,Referral
C01289,Customer 01289,40,Male,Ahmedabad,Gujarat,2024-08-05,Regular,Referral
C01290,Customer 01290,49,Other,Delhi,Delhi,2025-07-16,Regular,Social
C01291,Customer 01291,28,Male,Bangalore,Karnataka,2025-03-02,Occasional,Paid
C01292,Customer 01292,56,Male,Ahmedabad,Gujarat,2026-03-27,Premium,Referral
C01293,Customer 01293,64,Male,Bengaluru,Delhi,2024-03-14,Premium,Referral
C01294,Customer 01294,41,Male,Mumbai,Maharashtra,2025-04-04,Regular,Paid
C01295,Customer 01295,28,Other,Bangalore,Karnataka,2025-02-28,Regular,Social
C01296,Customer 01296,46,Female,Delhi,Delhi,2025-12-11,Regular,Organic
C01297,Customer 01297,43,,Mumbai,Maharashtra,2024-07-10,Regular,Organic
C01298,Customer 01298,33,Female,Mumbai,Maharashtra,2024-07-07,Regular,Paid
C01299,Customer 01299,52,Female,Hyderabad,Telangana,2024-01-12,Premium,Organic
C01300,Customer 01300,37,Male,Indore,Madhya Pradesh,2024-08-26,Premium,Social
C01301,Customer 01301,63,Male,Bangalore,Karnataka,2026-05-21,Occasional,Referral
C01302,Customer 01302,20,Female,Mumbai,Maharashtra,2025-08-15,Occasional,Paid
C01303,Customer 01303,18,Female,Hyderabad,Telangana,2025-03-28,Regular,Social
C01304,Customer 01304,64,Other,Delhi,Delhi,2025-01-17,Premium,Paid
C01305,Customer 01305,18,Female,Kolkata,West Bengal,2026-02-20,Premium,Paid
C01306,Customer 01306,34,Female,Bangalore,Karnataka,2026-03-12,Regular,Organic
C01307,Customer 01307,19,Male,Ahmedabad,Gujarat,2024-02-17,Occasional,Paid
C01308,Customer 01308,46,Male,Pune,Maharashtra,2024-11-12,Regular,Organic
C01309,Customer 01309,37,Male,Pune,Maharashtra,2024-07-27,Regular,Referral
C01310,Customer 01310,23,Female,Delhi,Delhi,2025-06-30,Occasional,Paid
C01311,Customer 01311,25,Female,Kochi,Kerala,2024-04-28,Occasional,Paid
C01312,Customer 01312,46,Female,Kochi,Kerala,2025-07-30,Premium,Paid
C01313,Customer 01313,65,Female,Delhi,Delhi,2024-11-10,Regular,Organic
C01314,Customer 01314,50,Female,Mumbai,Maharashtra,2026-01-23,Premium,Social
C01315,Customer 01315,20,Other,Indore,Madhya Pradesh,2024-02-05,Occasional,Organic
C01316,Customer 01316,52,Male,Bangalore,Karnataka,2025-04-07,Occasional,Social
C01317,Customer 01317,22,Female,Pune,Maharashtra,2026-02-02,Regular,Paid
C01318,Customer 01318,44,Female,Pune,Maharashtra,2026-01-24,Premium,Referral
C01319,Customer 01319,61,Male,Indore,Madhya Pradesh,2025-07-07,Regular,Paid
C01320,Customer 01320,29,Other,Mumbai,Maharashtra,2025-08-03,Regular,Social
C01321,Customer 01321,37,Female,Pune,Maharashtra,2025-02-06,Regular,Organic
C01322,Customer 01322,62,Male,Ahmedabad,Gujarat,2024-04-16,Regular,Referral
C01323,Customer 01323,37,Male,Bangalore,Karnataka,2024-02-08,Premium,Social
C01324,Customer 01324,26,Female,Jaipur,Rajasthan,2025-08-03,Occasional,Social
C01325,Customer 01325,56,Female,Pune,Maharashtra,2024-06-28,Regular,Paid
C01326,Customer 01326,21,Female,Delhi,Delhi,2024-01-12,Regular,Social
C01327,Customer 01327,36,Male,Ahmedabad,Gujarat,2024-12-04,Premium,Referral
C01328,Customer 01328,55,Male,Pune,Maharashtra,2025-12-16,Occasional,Organic
C01329,Customer 01329,44,Male,Lucknow,Uttar Pradesh,2025-07-01,Regular,Paid
C01330,Customer 01330,62,Male,Ahmedabad,Gujarat,2024-05-05,Occasional,Paid
C01331,Customer 01331,60,Male,Hyderabad,Telangana,2024-03-03,Regular,Paid
C01332,Customer 01332,30,Female,Jaipur,Rajasthan,2026-04-23,Occasional,Referral
C01333,Customer 01333,30,Male,Chennai,Tamil Nadu,2024-03-22,Occasional,Referral
C01334,Customer 01334,39,Male,Delhi,Delhi,2026-03-29,Regular,Organic
C01335,Customer 01335,45,Male,Delhi,Delhi,2024-10-25,Occasional,Social
C01336,Customer 01336,64,Male,Bangalore,Karnataka,2024-02-03,Regular,Organic
C01337,Customer 01337,62,Female,Indore,Madhya Pradesh,2026-01-21,Regular,Social
C01338,Customer 01338,39,Female,Ahmedabad,Gujarat,2025-08-31,Premium,Social
C01339,Customer 01339,60,Female,Mumbai,Maharashtra,2024-02-18,Regular,Social
C01340,Customer 01340,36,Male,Delhi,Delhi,2025-10-19,Occasional,Social
C01341,Customer 01341,25,Male,Ahmedabad,Gujarat,2025-09-28,Occasional,Organic
C01342,Customer 01342,25,Female,Ahmedabad,Gujarat,2025-12-01,Premium,Paid
C01343,Customer 01343,59,Male,Lucknow,Uttar Pradesh,2024-02-26,Regular,Organic
C01344,Customer 01344,43,Female,Kolkata,West Bengal,2026-05-10,Regular,Organic
C01345,Customer 01345,65,Male,Kolkata,West Bengal,2024-04-18,Regular,Referral
C01346,Customer 01346,43,Female,Chennai,Tamil Nadu,2025-05-31,Premium,Organic
C01347,Customer 01347,40,Male,Hyderabad,Telangana,2024-01-24,Occasional,Social
C01348,Customer 01348,60,Female,Chennai,Tamil Nadu,2024-08-08,Regular,Social
C01349,Customer 01349,30,Female,Pune,Maharashtra,2024-11-10,Regular,Paid
C01350,Customer 01350,45,Female,Mumbai,Maharashtra,2024-10-20,Occasional,Paid
C01351,Customer 01351,26,Female,Pune,Maharashtra,2024-01-10,Regular,Paid
C01352,Customer 01352,37,Female,Kochi,Kerala,2025-11-07,Premium,Social
C01353,Customer 01353,36,,Pune,Maharashtra,2025-04-25,Regular,Referral
C01354,Customer 01354,65,Male,Bangalore,Karnataka,2025-12-27,Premium,Organic
C01355,Customer 01355,56,,Pune,Maharashtra,2025-09-29,Occasional,Paid
C01356,Customer 01356,29,Female,Chennai,Tamil Nadu,2024-09-23,Regular,Paid
C01357,Customer 01357,32,Female,Delhi,Delhi,2026-03-02,Regular,Social
C01358,Customer 01358,48,Male,Delhi,Delhi,2024-03-28,Regular,Organic
C01359,Customer 01359,31,Male,Kolkata,West Bengal,2025-03-30,Premium,Organic
C01360,Customer 01360,28,Other,Indore,Madhya Pradesh,2025-09-17,Occasional,Social
C01361,Customer 01361,43,Male,Mumbai,Maharashtra,2025-06-16,Occasional,Social
C01362,Customer 01362,59,Male,Mumbai,Maharashtra,2024-05-27,Occasional,Social
C01363,Customer 01363,44,Male,Bangalore,Karnataka,2026-01-26,Regular,Paid
C01364,Customer 01364,28,Female,Chennai,Tamil Nadu,2026-02-16,Regular,Referral
C01365,Customer 01365,55,Male,Kolkata,West Bengal,2025-12-29,Premium,Paid
C01366,Customer 01366,51,Female,Lucknow,Uttar Pradesh,2025-03-06,Regular,Organic
C01367,Customer 01367,60,Male,Kochi,Kerala,2026-01-21,Regular,Referral
C01368,Customer 01368,36,Female,Mumbai,Maharashtra,2026-01-13,Regular,Organic
C01369,Customer 01369,23,Female,Delhi,Delhi,2026-01-13,Occasional,Paid
C01370,Customer 01370,63,Male,Pune,Maharashtra,2024-08-29,Premium,Social
C01371,Customer 01371,55,Female,Pune,Maharashtra,2025-12-02,Premium,Paid
C01372,Customer 01372,59,Male,Indore,Madhya Pradesh,2026-01-10,Premium,Social
C01373,Customer 01373,45,Male,Kolkata,West Bengal,2024-03-06,Regular,Organic
C01374,Customer 01374,18,Female,Chennai,Tamil Nadu,2025-01-12,Premium,Paid
C01375,Customer 01375,52,Male,Chennai,Tamil Nadu,2025-01-22,Regular,Referral
C01376,Customer 01376,57,Female,Hyderabad,Telangana,2026-03-01,Regular,Referral
C01377,Customer 01377,25,Male,Jaipur,Rajasthan,2026-02-19,Regular,Paid
C01378,Customer 01378,64,Male,Mumbai,Maharashtra,2024-07-27,Occasional,Social
C01379,Customer 01379,24,Male,Chennai,Tamil Nadu,2025-02-18,Regular,Organic
C01380,Customer 01380,28,Female,Indore,Madhya Pradesh,2024-01-16,Regular,Social
C01381,Customer 01381,56,Male,Delhi,Delhi,2024-10-23,Regular,Organic
C01382,Customer 01382,21,Female,Kolkata,West Bengal,2024-08-07,Regular,Social
C01383,Customer 01383,42,Male,Kochi,Kerala,2026-02-07,Occasional,Paid
C01384,Customer 01384,29,Male,Hyderabad,Telangana,2025-01-01,Premium,Social
C01385,Customer 01385,43,Female,Indore,Madhya Pradesh,2026-02-18,Regular,Referral
C01386,Customer 01386,55,Female,Ahmedabad,Gujarat,2024-08-16,Occasional,Organic
C01387,Customer 01387,63,Male,Bangalore,Karnataka,2025-09-22,Regular,Social
C01388,Customer 01388,29,Female,Kochi,Kerala,2025-03-15,Regular,Organic
C01389,Customer 01389,60,Male,Ahmedabad,Gujarat,2025-11-20,Regular,Organic
C01390,Customer 01390,54,Female,Lucknow,Uttar Pradesh,2025-06-15,Regular,Social
C01391,Customer 01391,63,Female,Pune,Maharashtra,2025-03-25,Occasional,Organic
C01392,Customer 01392,41,Female,Bangalore,Karnataka,2024-02-05,Premium,Organic
C01393,Customer 01393,33,Female,Mumbai,Maharashtra,2026-04-26,Premium,Paid
C01394,Customer 01394,30,Male,Delhi,Delhi,2025-02-25,Regular,Social
C01395,Customer 01395,42,Female,Bangalore,Karnataka,2025-09-11,Regular,Organic
C01396,Customer 01396,21,Female,Jaipur,Rajasthan,2024-07-07,Regular,Paid
C01397,Customer 01397,28,Male,Ahmedabad,Gujarat,2024-06-26,Regular,Referral
C01398,Customer 01398,49,Male,Mumbai,Maharashtra,2025-08-30,Regular,Social
C01399,Customer 01399,24,Female,Jaipur,Rajasthan,2024-11-10,Premium,Social
C01400,Customer 01400,63,Female,Pune,Maharashtra,2024-01-20,Occasional,Referral
C01401,Customer 01401,28,Male,Jaipur,Rajasthan,2025-11-06,Premium,Referral
C01402,Customer 01402,45,Female,Hyderabad,Telangana,2025-01-16,Regular,Paid
C01403,Customer 01403,58,Female,Hyderabad,Telangana,2025-08-31,Regular,Organic
C01404,Customer 01404,40,Male,Lucknow,Uttar Pradesh,2024-05-22,Occasional,Referral
C01405,Customer 01405,62,Male,Kolkata,West Bengal,2024-03-02,Occasional,Social
C01406,Customer 01406,40,Female,Kochi,Kerala,2024-08-29,Occasional,Referral
C01407,Customer 01407,45,Male,Kochi,Kerala,2024-08-25,Premium,Organic
C01408,Customer 01408,60,Male,Mumbai,Maharashtra,2024-05-10,Occasional,Paid
C01409,Customer 01409,64,Female,Pune,Maharashtra,2025-08-27,Regular,Referral
C01410,Customer 01410,43,Female,Chennai,Tamil Nadu,2025-08-25,Regular,Referral
C01411,Customer 01411,42,Female,Lucknow,Uttar Pradesh,2025-10-06,Regular,Referral
C01412,Customer 01412,46,Female,bangalore,Telangana,2024-05-02,Occasional,Paid
C01413,Customer 01413,36,Male,Mumbai,Maharashtra,2025-03-15,Occasional,Organic
C01414,Customer 01414,50,Male,Chennai,Tamil Nadu,2024-12-07,Occasional,Social
C01415,Customer 01415,53,Female,Kochi,Kerala,2025-02-22,Occasional,Referral
C01416,Customer 01416,31,Male,Kolkata,West Bengal,2025-09-21,Regular,Organic
C01417,Customer 01417,31,Female,Jaipur,Rajasthan,2025-03-30,Regular,Paid
C01418,Customer 01418,52,Male,Hyderabad,Telangana,2024-07-16,Premium,Social
C01419,Customer 01419,47,Male,Mumbai,Maharashtra,2024-10-08,Occasional,Social
C01420,Customer 01420,45,Male,Bangalore,Karnataka,2026-06-04,Premium,Paid
C01421,Customer 01421,34,,Chennai,Tamil Nadu,2024-01-01,Occasional,Organic
C01422,Customer 01422,20,Male,Jaipur,Rajasthan,2025-12-23,Regular,Organic
C01423,Customer 01423,33,Male,Hyderabad,Telangana,2026-02-13,Regular,Organic
C01424,Customer 01424,63,Male,Kochi,Kerala,2024-11-27,Premium,Referral
C01425,Customer 01425,47,Female,Indore,Madhya Pradesh,2024-07-30,Regular,Referral
C01426,Customer 01426,46,Male,Pune,Maharashtra,2024-03-27,Occasional,Referral
C01427,Customer 01427,62,Male,Chennai,Tamil Nadu,2025-10-26,Premium,Referral
C01428,Customer 01428,32,Male,Kochi,Kerala,2026-05-11,Regular,Organic
C01429,Customer 01429,63,Female,Hyderabad,Telangana,2025-11-29,Premium,Organic
C01430,Customer 01430,42,Male,Chennai,Tamil Nadu,2024-03-01,Regular,Paid
C01431,Customer 01431,55,Male,Lucknow,Uttar Pradesh,2026-03-07,Regular,Organic
C01432,Customer 01432,59,Male,Jaipur,Rajasthan,2024-04-04,Regular,Organic
C01433,Customer 01433,64,Female,Bengaluru,Telangana,2026-02-24,Occasional,Referral
C01434,Customer 01434,55,Female,Lucknow,Uttar Pradesh,2025-07-06,Regular,Social
C01435,Customer 01435,40,Female,Ahmedabad,Gujarat,2024-05-26,Regular,Referral
C01436,Customer 01436,42,Female,Mumbai,Maharashtra,2024-09-02,Regular,Social
C01437,Customer 01437,59,Female,Indore,Madhya Pradesh,2025-10-05,Premium,Referral
C01438,Customer 01438,24,Male,Jaipur,Rajasthan,2024-10-23,Regular,Referral
C01439,Customer 01439,39,Female,Chennai,Tamil Nadu,2024-05-02,Regular,Organic
C01440,Customer 01440,34,Female,Pune,Maharashtra,2025-10-16,Regular,Social
C01441,Customer 01441,35,Female,Kochi,Kerala,2025-11-24,Regular,Organic
C01442,Customer 01442,58,Male,Bangalore,Karnataka,2025-12-04,Regular,Organic
C01443,Customer 01443,27,Female,Kochi,Kerala,2025-03-31,Occasional,Organic
C01444,Customer 01444,27,Male,Chennai,Tamil Nadu,2025-02-02,Occasional,Social
C01445,Customer 01445,24,Female,Indore,Madhya Pradesh,2025-12-19,Premium,Social
C01446,Customer 01446,65,Male,Kochi,Kerala,2024-08-18,Regular,Referral
C01447,Customer 01447,55,Male,Mumbai,Maharashtra,2025-06-17,Regular,Referral
C01448,Customer 01448,44,Male,Indore,Madhya Pradesh,2025-02-05,Premium,Paid
C01449,Customer 01449,50,Male,Hyderabad,Telangana,2025-08-14,Occasional,Social
C01450,Customer 01450,18,Female,Lucknow,Uttar Pradesh,2024-05-09,Occasional,Referral
C01451,Customer 01451,61,Male,Bangalore,Karnataka,2024-10-18,Regular,Social
C01452,Customer 01452,51,Male,Delhi,Delhi,2024-10-02,Regular,Paid
C01453,Customer 01453,21,Female,Chennai,Tamil Nadu,2026-04-14,Premium,Paid
C01454,Customer 01454,34,Male,Kolkata,West Bengal,2025-01-10,Regular,Social
C01455,Customer 01455,21,Female,Delhi,Delhi,2024-02-24,Occasional,Organic
C01456,Customer 01456,60,Male,Kochi,Kerala,2025-07-31,Regular,Social
C01457,Customer 01457,43,Male,Chennai,Tamil Nadu,2026-01-08,Regular,Paid
C01458,Customer 01458,21,Female,Lucknow,Uttar Pradesh,2024-01-26,Regular,Social
C01459,Customer 01459,18,Female,Ahmedabad,Gujarat,2025-03-16,Regular,Paid
C01460,Customer 01460,24,Male,Lucknow,Uttar Pradesh,2026-02-03,Regular,Referral
C01461,Customer 01461,47,Female,Kolkata,West Bengal,2024-07-15,Regular,Paid
C01462,Customer 01462,26,Female,Bangalore,Karnataka,2025-10-03,Regular,Referral
C01463,Customer 01463,52,Female,Lucknow,Uttar Pradesh,2024-08-30,Occasional,Paid
C01464,Customer 01464,25,Male,Pune,Maharashtra,2026-04-03,Occasional,Social
C01465,Customer 01465,41,Male,Ahmedabad,Gujarat,2025-12-24,Premium,Referral
C01466,Customer 01466,36,Female,Delhi,Delhi,2024-07-08,Occasional,Organic
C01467,Customer 01467,53,Female,Hyderabad,Telangana,2026-03-12,Regular,Social
C01468,Customer 01468,60,Male,Mumbai,Maharashtra,2026-01-07,Occasional,Organic
C01469,Customer 01469,44,Female,Pune,Maharashtra,2026-01-27,Occasional,Paid
C01470,Customer 01470,49,Male,Ahmedabad,Gujarat,2025-07-21,Regular,Organic
C01471,Customer 01471,31,Female,Hyderabad,Telangana,2025-07-20,Occasional,Social
C01472,Customer 01472,35,Male,Hyderabad,Telangana,2024-10-02,Regular,Organic
C01473,Customer 01473,45,Female,Chennai,Tamil Nadu,2026-03-28,Premium,Organic
C01474,Customer 01474,46,Male,Ahmedabad,Gujarat,2025-02-12,Regular,Social
C01475,Customer 01475,33,Female,Bangalore,Karnataka,2024-12-05,Occasional,Social
C01476,Customer 01476,52,Female,Kochi,Kerala,2024-06-01,Occasional,Organic
C01477,Customer 01477,64,Female,Kolkata,West Bengal,2025-07-18,Regular,Referral
C01478,Customer 01478,48,Other,Kolkata,West Bengal,2025-02-01,Regular,Social
C01479,Customer 01479,21,Female,Delhi,Delhi,2025-03-19,Regular,Organic
C01480,Customer 01480,54,Other,Delhi,Delhi,2025-09-14,Occasional,Social
C01481,Customer 01481,34,Male,Kolkata,West Bengal,2025-03-02,Regular,Paid
C01482,Customer 01482,56,Male,Lucknow,Uttar Pradesh,2025-05-01,Occasional,Referral
C01483,Customer 01483,65,Male,Bangalore,Karnataka,2024-07-22,Regular,Paid
C01484,Customer 01484,63,Male,Lucknow,Uttar Pradesh,2024-04-21,Regular,Referral
C01485,Customer 01485,43,Female,Lucknow,Uttar Pradesh,2024-11-20,Regular,Organic
C01486,Customer 01486,65,Male,Mumbai,Maharashtra,2024-09-14,Occasional,Referral
C01487,Customer 01487,56,Female,Jaipur,Rajasthan,2025-06-11,Regular,Organic
C01488,Customer 01488,58,Female,Kochi,Kerala,2024-12-15,Occasional,Paid
C01489,Customer 01489,21,Female,Mumbai,Maharashtra,2025-11-08,Premium,Organic
C01490,Customer 01490,47,Male,Chennai,Tamil Nadu,2026-03-23,Regular,Social
C01491,Customer 01491,47,Female,Jaipur,Rajasthan,2026-06-12,Occasional,Paid
C01492,Customer 01492,39,Male,Jaipur,Rajasthan,2025-03-10,Occasional,Paid
C01493,Customer 01493,28,Male,Ahmedabad,Gujarat,2025-03-01,Occasional,Paid
C01494,Customer 01494,19,Female,Bangalore,Karnataka,2024-10-06,Premium,Referral
C01495,Customer 01495,61,Female,Bangalore,Karnataka,2025-01-05,Premium,Paid
C01496,Customer 01496,29,,Jaipur,Rajasthan,2025-10-31,Regular,Referral
C01497,Customer 01497,47,Female,Lucknow,Uttar Pradesh,2024-09-05,Premium,Organic
C01498,Customer 01498,53,Male,Ahmedabad,Gujarat,2026-06-09,Occasional,Organic
C01499,Customer 01499,35,Male,Kochi,Kerala,2024-06-29,Regular,Paid
C01500,Customer 01500,43,Male,Jaipur,Rajasthan,2025-12-03,Regular,Social
C01501,Customer 01501,24,Female,Pune,Maharashtra,2025-10-12,Premium,Organic
C01502,Customer 01502,18,Female,Delhi,Delhi,2024-03-18,Regular,Organic
C01503,Customer 01503,43,Male,Delhi,Delhi,2026-06-03,Regular,Organic
C01504,Customer 01504,40,Male,Mumbai,Maharashtra,2024-12-01,Premium,Referral
C01505,Customer 01505,43,Female,Chennai,Tamil Nadu,2024-02-19,Regular,Paid
C01506,Customer 01506,62,Male,Indore,Madhya Pradesh,2024-03-25,Regular,Social
C01507,Customer 01507,23,Male,Indore,Madhya Pradesh,2025-11-25,Occasional,Organic
C01508,Customer 01508,23,Female,Delhi,Delhi,2025-11-25,Regular,Organic
C01509,Customer 01509,61,Male,Hyderabad,Telangana,2024-01-04,Regular,Paid
C01510,Customer 01510,25,Female,Mumbai,Maharashtra,2024-11-12,Occasional,Referral
C01511,Customer 01511,41,Male,Indore,Madhya Pradesh,2024-04-20,Occasional,Referral
C01512,Customer 01512,39,,Delhi,Delhi,2024-11-29,Occasional,Organic
C01513,Customer 01513,36,Female,Chennai,Tamil Nadu,2026-04-30,Occasional,Social
C01514,Customer 01514,54,Female,Indore,Madhya Pradesh,2026-02-01,Regular,Paid
C01515,Customer 01515,35,Male,Lucknow,Uttar Pradesh,2024-05-12,Regular,Referral
C01516,Customer 01516,48,Female,Lucknow,Uttar Pradesh,2025-09-03,Premium,Paid
C01517,Customer 01517,54,Female,Bangalore,Karnataka,2025-11-14,Regular,Organic
C01518,Customer 01518,47,Female,Bangalore,Karnataka,2026-03-09,Occasional,Social
C01519,Customer 01519,59,Female,Kochi,Kerala,2024-04-28,Regular,Social
C01520,Customer 01520,50,Female,Jaipur,Rajasthan,2024-12-15,Occasional,Paid
C01521,Customer 01521,27,Female,Pune,Maharashtra,2025-11-17,Occasional,Referral
C01522,Customer 01522,54,Male,Bangalore,Karnataka,2025-06-25,Regular,Organic
C01523,Customer 01523,29,Male,Indore,Madhya Pradesh,2024-02-24,Occasional,Referral
C01524,Customer 01524,47,Female,Ahmedabad,Gujarat,2024-12-26,Regular,Paid
C01525,Customer 01525,44,Male,Delhi,Delhi,2025-12-08,Regular,Social
C01526,Customer 01526,56,Other,Ahmedabad,Gujarat,2025-03-28,Occasional,Organic
C01527,Customer 01527,26,Female,Chennai,Tamil Nadu,2025-07-06,Regular,Organic
C01528,Customer 01528,38,Female,Bangalore,Karnataka,2025-11-15,Occasional,Organic
C01529,Customer 01529,29,Male,Pune,Maharashtra,2024-11-25,Regular,Organic
C01530,Customer 01530,46,Male,Chennai,Tamil Nadu,2024-08-06,Regular,Paid
C01531,Customer 01531,50,Female,Hyderabad,Telangana,2024-07-26,Occasional,Organic
C01532,Customer 01532,60,Female,Hyderabad,Telangana,2025-10-31,Regular,Referral
C01533,Customer 01533,32,Other,Ahmedabad,Gujarat,2026-04-24,Regular,Organic
C01534,Customer 01534,19,Male,Jaipur,Rajasthan,2026-01-09,Premium,Referral
C01535,Customer 01535,56,Male,Mumbai,Maharashtra,2024-03-25,Occasional,Paid
C01536,Customer 01536,61,Male,Jaipur,Rajasthan,2025-11-15,Premium,Social
C01537,Customer 01537,35,Female,Indore,Madhya Pradesh,2024-09-01,Occasional,Social
C01538,Customer 01538,20,Male,Lucknow,Uttar Pradesh,2026-05-21,Regular,Social
C01539,Customer 01539,24,Male,Kochi,Kerala,2025-11-15,Regular,Referral
C01540,Customer 01540,60,Male,Jaipur,Rajasthan,2024-11-30,Occasional,Paid
C01541,Customer 01541,35,Male,Kochi,Kerala,2024-07-30,Premium,Referral
C01542,Customer 01542,61,Other,Kochi,Kerala,2025-08-18,Regular,Social
C01543,Customer 01543,55,Female,Pune,Maharashtra,2025-11-15,Occasional,Organic
C01544,Customer 01544,54,Male,bangalore,Karnataka,2024-07-01,Occasional,Paid
C01545,Customer 01545,50,Male,Pune,Maharashtra,2024-05-12,Regular,Organic
C01546,Customer 01546,61,Male,Kochi,Kerala,2026-06-10,Regular,Paid
C01547,Customer 01547,48,Male,Chennai,Tamil Nadu,2026-03-10,Occasional,Paid
C01548,Customer 01548,28,Male,Hyderabad,Telangana,2026-02-12,Occasional,Paid
C01549,Customer 01549,21,Female,Kochi,Kerala,2024-12-15,Occasional,Paid
C01550,Customer 01550,35,Male,Pune,Maharashtra,2024-10-08,Regular,Social
C01551,Customer 01551,21,Male,Chennai,Tamil Nadu,2024-10-19,Occasional,Paid
C01552,Customer 01552,51,,Pune,Maharashtra,2024-09-25,Regular,Social
C01553,Customer 01553,46,Female,Jaipur,Rajasthan,2026-05-10,Premium,Paid
C01554,Customer 01554,41,Female,Delhi,Delhi,2024-07-15,Regular,Paid
C01555,Customer 01555,39,Female,Ahmedabad,Gujarat,2025-06-20,Premium,Paid
C01556,Customer 01556,19,Female,Mumbai,Maharashtra,2025-10-14,Premium,Organic
C01557,Customer 01557,61,Female,Lucknow,Uttar Pradesh,2026-01-04,Regular,Paid
C01558,Customer 01558,23,Male,Pune,Maharashtra,2024-01-20,Premium,Referral
C01559,Customer 01559,59,Female,Mumbai,Maharashtra,2026-01-28,Regular,Referral
C01560,Customer 01560,42,Male,Kolkata,West Bengal,2026-04-19,Premium,Referral
C01561,Customer 01561,38,Male,Pune,Maharashtra,2025-12-13,Regular,Paid
C01562,Customer 01562,33,Female,Delhi,Delhi,2025-02-08,Premium,Paid
C01563,Customer 01563,48,Male,Mumbai,Maharashtra,2024-04-24,Premium,Referral
C01564,Customer 01564,31,Female,Lucknow,Uttar Pradesh,2026-06-13,Regular,Organic
C01565,Customer 01565,56,Male,Kochi,Kerala,2025-12-01,Regular,Organic
C01566,Customer 01566,45,Female,Pune,Maharashtra,2024-01-26,Occasional,Organic
C01567,Customer 01567,49,Female,Bangalore,Karnataka,2025-07-19,Occasional,Organic
C01568,Customer 01568,45,Other,Ahmedabad,Gujarat,2025-11-12,Occasional,Organic
C01569,Customer 01569,26,Female,Delhi,Delhi,2025-01-29,Regular,Organic
C01570,Customer 01570,62,Female,Indore,Madhya Pradesh,2025-01-15,Regular,Organic
C01571,Customer 01571,39,Female,Bengaluru,Madhya Pradesh,2025-06-06,Premium,Referral
C01572,Customer 01572,49,Male,Mumbai,Maharashtra,2025-06-22,Occasional,Organic
C01573,Customer 01573,22,Male,Delhi,Delhi,2026-05-11,Premium,Paid
C01574,Customer 01574,40,Female,Chennai,Tamil Nadu,2024-03-23,Regular,Social
C01575,Customer 01575,22,,Lucknow,Uttar Pradesh,2026-03-12,Regular,Referral
C01576,Customer 01576,59,Female,Ahmedabad,Gujarat,2025-07-03,Regular,Paid
C01577,Customer 01577,49,Female,Kochi,Kerala,2025-03-20,Occasional,Social
C01578,Customer 01578,27,Female,Pune,Maharashtra,2024-03-27,Occasional,Paid
C01579,Customer 01579,56,Male,Pune,Maharashtra,2026-04-12,Occasional,Organic
C01580,Customer 01580,32,Male,Indore,Madhya Pradesh,2025-01-21,Regular,Social
C01581,Customer 01581,24,Male,Pune,Maharashtra,2025-10-29,Occasional,Social
C01582,Customer 01582,46,Male,Ahmedabad,Gujarat,2025-02-01,Regular,Paid
C01583,Customer 01583,64,Female,Bangalore,Karnataka,2026-03-30,Occasional,Referral
C01584,Customer 01584,20,Other,Kolkata,West Bengal,2024-10-12,Regular,Referral
C01585,Customer 01585,36,Female,Hyderabad,Telangana,2025-11-28,Regular,Organic
C01586,Customer 01586,27,Male,Jaipur,Rajasthan,2025-11-24,Regular,Organic
C01587,Customer 01587,45,Male,Mumbai,Maharashtra,2025-01-03,Regular,Paid
C01588,Customer 01588,46,Male,Bangalore,Karnataka,2025-10-16,Occasional,Social
C01589,Customer 01589,32,Female,Kochi,Kerala,2025-02-25,Occasional,Organic
C01590,Customer 01590,52,Male,Indore,Madhya Pradesh,2025-12-18,Regular,Referral
C01591,Customer 01591,23,Male,Mumbai,Maharashtra,2025-10-15,Regular,Organic
C01592,Customer 01592,29,Male,Pune,Maharashtra,2025-11-27,Regular,Paid
C01593,Customer 01593,64,Male,Delhi,Delhi,2025-03-18,Occasional,Referral
C01594,Customer 01594,55,Female,Kochi,Kerala,2026-01-22,Regular,Referral
C01595,Customer 01595,30,Male,Mumbai,Maharashtra,2025-06-03,Premium,Organic
C01596,Customer 01596,46,Male,Lucknow,Uttar Pradesh,2025-08-06,Regular,Paid
C01597,Customer 01597,36,Male,Pune,Maharashtra,2024-10-14,Premium,Referral
C01598,Customer 01598,20,Male,Mumbai,Maharashtra,2024-04-04,Occasional,Organic
C01599,Customer 01599,25,Female,Delhi,Delhi,2025-10-30,Regular,Organic
C01600,Customer 01600,25,Female,Lucknow,Uttar Pradesh,2024-02-10,Regular,Referral
C01601,Customer 01601,37,Male,Pune,Maharashtra,2024-11-26,Occasional,Paid
C01602,Customer 01602,64,Female,Kolkata,West Bengal,2026-03-23,Premium,Organic
C01603,Customer 01603,21,Male,Bangalore,Karnataka,2026-02-19,Premium,Paid
C01604,Customer 01604,38,Female,Chennai,Tamil Nadu,2024-06-03,Regular,Social
C01605,Customer 01605,20,,Indore,Madhya Pradesh,2025-05-18,Regular,Organic
C01606,Customer 01606,62,Male,Jaipur,Rajasthan,2024-10-01,Regular,Referral
C01607,Customer 01607,25,Female,Ahmedabad,Gujarat,2025-10-27,Occasional,Organic
C01608,Customer 01608,40,Female,Indore,Madhya Pradesh,2025-07-18,Occasional,Organic
C01609,Customer 01609,33,Female,Jaipur,Rajasthan,2024-06-27,Occasional,Organic
C01610,Customer 01610,30,Male,Kochi,Kerala,2026-01-21,Occasional,Paid
C01611,Customer 01611,20,Male,Jaipur,Rajasthan,2024-05-16,Regular,Social
C01612,Customer 01612,65,Other,Pune,Maharashtra,2026-02-05,Regular,Organic
C01613,Customer 01613,26,Male,Kolkata,West Bengal,2026-01-05,Regular,Referral
C01614,Customer 01614,31,Male,Chennai,Tamil Nadu,2024-06-28,Occasional,Paid
C01615,Customer 01615,30,Male,Bangalore,Karnataka,2024-06-30,Regular,Organic
C01616,Customer 01616,24,Male,Bangalore,Karnataka,2024-09-15,Regular,Paid
C01617,Customer 01617,32,Male,Delhi,Delhi,2024-08-30,Regular,Referral
C01618,Customer 01618,24,Female,Ahmedabad,Gujarat,2024-04-05,Regular,Social
C01619,Customer 01619,55,Male,Mumbai,Maharashtra,2024-07-15,Regular,Social
C01620,Customer 01620,51,Female,Kolkata,West Bengal,2025-06-09,Occasional,Paid
C01621,Customer 01621,58,Male,Mumbai,Maharashtra,2025-09-23,Regular,Referral
C01622,Customer 01622,39,Male,Chennai,Tamil Nadu,2025-01-21,Occasional,Organic
C01623,Customer 01623,41,Female,Jaipur,Rajasthan,2025-02-11,Regular,Referral
C01624,Customer 01624,54,Female,Bangalore,Karnataka,2024-09-25,Occasional,Social
C01625,Customer 01625,61,Female,Chennai,Tamil Nadu,2024-06-19,Occasional,Organic
C01626,Customer 01626,18,Female,Jaipur,Rajasthan,2025-08-06,Occasional,Paid
C01627,Customer 01627,27,Male,Bangalore,Karnataka,2025-11-21,Premium,Referral
C01628,Customer 01628,60,Female,Jaipur,Rajasthan,2024-06-18,Regular,Referral
C01629,Customer 01629,33,Female,Ahmedabad,Gujarat,2024-06-07,Regular,Organic
C01630,Customer 01630,63,Male,Kolkata,West Bengal,2025-05-23,Regular,Social
C01631,Customer 01631,25,Female,Indore,Madhya Pradesh,2025-03-22,Regular,Referral
C01632,Customer 01632,42,Female,Lucknow,Uttar Pradesh,2025-10-27,Occasional,Organic
C01633,Customer 01633,29,Male,Kochi,Kerala,2024-03-22,Premium,Organic
C01634,Customer 01634,42,Male,Chennai,Tamil Nadu,2024-02-26,Regular,Referral
C01635,Customer 01635,34,Male,Chennai,Tamil Nadu,2025-06-02,Regular,Organic
C01636,Customer 01636,43,Female,Lucknow,Uttar Pradesh,2024-04-21,Occasional,Organic
C01637,Customer 01637,63,Male,Indore,Madhya Pradesh,2024-02-17,Occasional,Paid
C01638,Customer 01638,65,Male,Hyderabad,Telangana,2025-08-14,Regular,Referral
C01639,Customer 01639,31,Male,Pune,Maharashtra,2026-06-05,Premium,Referral
C01640,Customer 01640,58,Female,Ahmedabad,Gujarat,2025-01-10,Occasional,Paid
C01641,Customer 01641,53,Female,Ahmedabad,Gujarat,2026-04-07,Regular,Referral
C01642,Customer 01642,40,Female,Lucknow,Uttar Pradesh,2024-02-02,Regular,Social
C01643,Customer 01643,60,Male,Mumbai,Maharashtra,2025-05-18,Occasional,Organic
C01644,Customer 01644,23,Female,Jaipur,Rajasthan,2025-09-18,Occasional,Referral
C01645,Customer 01645,64,Female,Pune,Maharashtra,2026-06-14,Regular,Social
C01646,Customer 01646,22,Female,Kolkata,West Bengal,2024-01-03,Regular,Referral
C01647,Customer 01647,60,Male,Kolkata,West Bengal,2025-04-30,Regular,Referral
C01648,Customer 01648,42,Male,Lucknow,Uttar Pradesh,2025-05-30,Regular,Organic
C01649,Customer 01649,35,Female,Ahmedabad,Gujarat,2026-05-17,Regular,Paid
C01650,Customer 01650,30,Male,Kolkata,West Bengal,2026-02-10,Regular,Paid
C01651,Customer 01651,60,Female,Hyderabad,Telangana,2024-02-11,Premium,Referral
C01652,Customer 01652,31,Female,Chennai,Tamil Nadu,2024-01-09,Regular,Social
C01653,Customer 01653,45,Female,Delhi,Delhi,2026-03-29,Regular,Organic
C01654,Customer 01654,35,Female,Kochi,Kerala,2025-10-18,Regular,Organic
C01655,Customer 01655,45,Female,Lucknow,Uttar Pradesh,2025-08-31,Regular,Organic
C01656,Customer 01656,44,Male,Mumbai,Maharashtra,2026-02-26,Regular,Referral
C01657,Customer 01657,49,Male,Jaipur,Rajasthan,2024-05-21,Regular,Organic
C01658,Customer 01658,64,Male,Kochi,Kerala,2026-02-28,Regular,Referral
C01659,Customer 01659,26,Female,Jaipur,Rajasthan,2025-03-11,Occasional,Paid
C01660,Customer 01660,57,Male,Bangalore,Karnataka,2024-01-27,Regular,Paid
C01661,Customer 01661,49,Male,Kochi,Kerala,2024-02-12,Occasional,Organic
C01662,Customer 01662,37,Female,Delhi,Delhi,2024-05-10,Regular,Social
C01663,Customer 01663,45,Female,Ahmedabad,Gujarat,2024-08-03,Regular,Referral
C01664,Customer 01664,50,Other,Hyderabad,Telangana,2025-08-28,Premium,Social
C01665,Customer 01665,21,Female,Chennai,Tamil Nadu,2025-06-03,Regular,Paid
C01666,Customer 01666,63,Female,Chennai,Tamil Nadu,2025-08-20,Occasional,Organic
C01667,Customer 01667,51,Female,Hyderabad,Telangana,2024-12-10,Occasional,Organic
C01668,Customer 01668,65,Other,Pune,Maharashtra,2025-05-22,Occasional,Social
C01669,Customer 01669,20,Female,Bangalore,Karnataka,2025-10-11,Regular,Referral
C01670,Customer 01670,43,Female,Jaipur,Rajasthan,2026-05-30,Regular,Organic
C01671,Customer 01671,25,Female,Delhi,Delhi,2025-02-16,Regular,Referral
C01672,Customer 01672,23,Female,Kolkata,West Bengal,2024-09-02,Regular,Paid
C01673,Customer 01673,33,Male,Kochi,Kerala,2025-03-24,Premium,Paid
C01674,Customer 01674,41,Male,Bangalore,Karnataka,2024-01-21,Occasional,Organic
C01675,Customer 01675,65,Male,Lucknow,Uttar Pradesh,2025-02-11,Occasional,Social
C01676,Customer 01676,56,Male,Kochi,Kerala,2025-04-01,Regular,Organic
C01677,Customer 01677,47,Male,Delhi,Delhi,2025-03-19,Regular,Organic
C01678,Customer 01678,62,Male,Mumbai,Maharashtra,2024-09-21,Premium,Paid
C01679,Customer 01679,30,Male,Mumbai,Maharashtra,2025-10-21,Regular,Organic
C01680,Customer 01680,22,Female,Bangalore,Karnataka,2024-07-02,Regular,Paid
C01681,Customer 01681,42,Female,Ahmedabad,Gujarat,2024-08-14,Occasional,Organic
C01682,Customer 01682,37,Male,Delhi,Delhi,2026-03-14,Regular,Paid
C01683,Customer 01683,35,Female,Delhi,Delhi,2025-07-01,Regular,Social
C01684,Customer 01684,64,Female,Hyderabad,Telangana,2024-09-02,Regular,Paid
C01685,Customer 01685,35,Female,Ahmedabad,Gujarat,2024-03-13,Premium,Paid
C01686,Customer 01686,19,Female,Jaipur,Rajasthan,2024-05-29,Occasional,Paid
C01687,Customer 01687,27,Male,Bengaluru,Rajasthan,2025-05-27,Regular,Paid
C01688,Customer 01688,62,Male,Kolkata,West Bengal,2024-03-09,Occasional,Social
C01689,Customer 01689,64,Male,Chennai,Tamil Nadu,2026-03-15,Regular,Organic
C01690,Customer 01690,29,Male,Mumbai,Maharashtra,2024-08-17,Occasional,Social
C01691,Customer 01691,64,Female,Lucknow,Uttar Pradesh,2025-12-23,Premium,Referral
C01692,Customer 01692,30,Male,Jaipur,Rajasthan,2024-03-12,Regular,Referral
C01693,Customer 01693,64,Male,Ahmedabad,Gujarat,2026-05-24,Occasional,Organic
C01694,Customer 01694,28,Male,Delhi,Delhi,2025-08-30,Occasional,Organic
C01695,Customer 01695,36,Male,Lucknow,Uttar Pradesh,2025-01-31,Occasional,Referral
C01696,Customer 01696,52,Female,Indore,Madhya Pradesh,2024-03-24,Regular,Social
C01697,Customer 01697,56,Female,Jaipur,Rajasthan,2026-01-09,Occasional,Referral
C01698,Customer 01698,43,Male,Delhi,Delhi,2024-10-25,Occasional,Organic
C01699,Customer 01699,63,Male,Jaipur,Rajasthan,2026-01-17,Premium,Organic
C01700,Customer 01700,31,Male,Mumbai,Maharashtra,2024-10-19,Occasional,Referral
C01701,Customer 01701,62,Male,Indore,Madhya Pradesh,2026-01-03,Regular,Referral
C01702,Customer 01702,61,Female,Kochi,Kerala,2024-08-10,Regular,Organic
C01703,Customer 01703,41,Male,Jaipur,Rajasthan,2026-03-03,Regular,Organic
C01704,Customer 01704,58,Female,Ahmedabad,Gujarat,2026-01-02,Occasional,Paid
C01705,Customer 01705,18,Female,Jaipur,Rajasthan,2024-08-03,Premium,Referral
C01706,Customer 01706,60,Male,Chennai,Tamil Nadu,2024-08-18,Regular,Referral
C01707,Customer 01707,39,Male,Lucknow,Uttar Pradesh,2025-02-08,Regular,Social
C01708,Customer 01708,40,Female,Lucknow,Uttar Pradesh,2024-06-17,Regular,Referral
C01709,Customer 01709,36,Female,Mumbai,Maharashtra,2024-11-24,Regular,Organic
C01710,Customer 01710,35,Female,Ahmedabad,Gujarat,2025-03-01,Premium,Referral
C01711,Customer 01711,29,Female,Indore,Madhya Pradesh,2025-07-07,Occasional,Social
C01712,Customer 01712,45,Female,Hyderabad,Telangana,2026-02-08,Occasional,Social
C01713,Customer 01713,45,Male,Ahmedabad,Gujarat,2024-07-14,Occasional,Social
C01714,Customer 01714,50,Female,Lucknow,Uttar Pradesh,2025-08-30,Occasional,Paid
C01715,Customer 01715,36,Male,Chennai,Tamil Nadu,2026-04-08,Regular,Referral
C01716,Customer 01716,45,Female,Kochi,Kerala,2025-06-09,Regular,Social
C01717,Customer 01717,54,Other,Mumbai,Maharashtra,2025-09-16,Regular,Referral
C01718,Customer 01718,43,Female,Hyderabad,Telangana,2024-03-17,Premium,Organic
C01719,Customer 01719,52,Male,Chennai,Tamil Nadu,2024-10-03,Occasional,Social
C01720,Customer 01720,51,Male,Indore,Madhya Pradesh,2025-04-10,Premium,Paid
C01721,Customer 01721,52,Female,Indore,Madhya Pradesh,2025-03-23,Occasional,Organic
C01722,Customer 01722,57,Female,Chennai,Tamil Nadu,2024-11-15,Premium,Organic
C01723,Customer 01723,33,Female,Bangalore,Karnataka,2024-06-08,Occasional,Referral
C01724,Customer 01724,55,Female,Mumbai,Maharashtra,2025-05-06,Premium,Paid
C01725,Customer 01725,30,Female,Ahmedabad,Gujarat,2024-11-08,Premium,Organic
C01726,Customer 01726,40,Male,Delhi,Delhi,2025-09-22,Occasional,Referral
C01727,Customer 01727,39,Male,Kochi,Kerala,2024-06-09,Regular,Referral
C01728,Customer 01728,33,Male,Delhi,Delhi,2024-11-03,Occasional,Referral
C01729,Customer 01729,45,Female,Ahmedabad,Gujarat,2026-05-12,Regular,Organic
C01730,Customer 01730,65,Female,Ahmedabad,Gujarat,2024-05-25,Premium,Referral
C01731,Customer 01731,52,Female,Mumbai,Maharashtra,2025-11-05,Occasional,Organic
C01732,Customer 01732,62,Male,Ahmedabad,Gujarat,2025-01-30,Regular,Paid
C01733,Customer 01733,63,Male,Lucknow,Uttar Pradesh,2025-11-21,Occasional,Paid
C01734,Customer 01734,25,Male,Bangalore,Karnataka,2024-03-29,Regular,Social
C01735,Customer 01735,61,Female,Hyderabad,Telangana,2026-01-04,Regular,Paid
C01736,Customer 01736,39,Male,Ahmedabad,Gujarat,2026-02-16,Regular,Organic
C01737,Customer 01737,38,Male,Delhi,Delhi,2026-01-20,Regular,Paid
C01738,Customer 01738,43,Male,Ahmedabad,Gujarat,2024-11-03,Regular,Paid
C01739,Customer 01739,57,,Indore,Madhya Pradesh,2025-06-29,Regular,Social
C01740,Customer 01740,38,Male,Bangalore,Karnataka,2025-01-05,Regular,Social
C01741,Customer 01741,42,Female,Lucknow,Uttar Pradesh,2025-03-26,Regular,Organic
C01742,Customer 01742,58,Female,Lucknow,Uttar Pradesh,2024-06-15,Regular,Organic
C01743,Customer 01743,18,Female,Jaipur,Rajasthan,2025-01-26,Premium,Organic
C01744,Customer 01744,23,Female,Lucknow,Uttar Pradesh,2025-09-28,Regular,Referral
C01745,Customer 01745,40,Male,Jaipur,Rajasthan,2026-01-05,Regular,Organic
C01746,Customer 01746,40,Male,Chennai,Tamil Nadu,2025-05-05,Premium,Organic
C01747,Customer 01747,60,Female,Kochi,Kerala,2024-05-29,Regular,Paid
C01748,Customer 01748,60,Female,Kolkata,West Bengal,2025-04-12,Premium,Organic
C01749,Customer 01749,40,Female,Lucknow,Uttar Pradesh,2025-12-01,Occasional,Organic
C01750,Customer 01750,49,Female,Hyderabad,Telangana,2024-02-12,Occasional,Paid
C01751,Customer 01751,47,Male,Indore,Madhya Pradesh,2024-01-29,Premium,Organic
C01752,Customer 01752,30,Male,Pune,Maharashtra,2026-05-23,Premium,Paid
C01753,Customer 01753,60,Female,Chennai,Tamil Nadu,2025-09-23,Occasional,Social
C01754,Customer 01754,35,Male,Lucknow,Uttar Pradesh,2026-04-28,Regular,Organic
C01755,Customer 01755,40,Male,Kochi,Kerala,2024-01-31,Occasional,Paid
C01756,Customer 01756,32,Female,Jaipur,Rajasthan,2025-11-23,Occasional,Social
C01757,Customer 01757,50,Male,Delhi,Delhi,2025-11-04,Regular,Social
C01758,Customer 01758,38,Male,Pune,Maharashtra,2024-05-07,Regular,Paid
C01759,Customer 01759,56,Female,Kochi,Kerala,2026-02-05,Occasional,Referral
C01760,Customer 01760,40,Female,Kochi,Kerala,2024-10-20,Occasional,Organic
C01761,Customer 01761,44,Male,Lucknow,Uttar Pradesh,2025-03-16,Regular,Referral
C01762,Customer 01762,62,Female,Chennai,Tamil Nadu,2026-05-18,Regular,Social
C01763,Customer 01763,61,Female,Pune,Maharashtra,2025-01-22,Regular,Paid
C01764,Customer 01764,35,Male,Mumbai,Maharashtra,2026-02-04,Regular,Paid
C01765,Customer 01765,41,Male,Kolkata,West Bengal,2025-10-03,Occasional,Organic
C01766,Customer 01766,64,Male,Mumbai,Maharashtra,2025-06-07,Occasional,Referral
C01767,Customer 01767,57,Female,Indore,Madhya Pradesh,2025-06-30,Regular,Referral
C01768,Customer 01768,59,Male,Pune,Maharashtra,2025-12-10,Occasional,Referral
C01769,Customer 01769,24,Other,Mumbai,Maharashtra,2026-01-29,Regular,Organic
C01770,Customer 01770,65,Female,Lucknow,Uttar Pradesh,2024-04-19,Regular,Paid
C01771,Customer 01771,37,Female,bangalore,Karnataka,2024-11-23,Regular,Referral
C01772,Customer 01772,44,Female,Jaipur,Rajasthan,2025-02-08,Regular,Organic
C01773,Customer 01773,23,Female,Bangalore,Karnataka,2024-09-01,Regular,Organic
C01774,Customer 01774,44,Male,Ahmedabad,Gujarat,2026-01-31,Regular,Organic
C01775,Customer 01775,26,Male,Mumbai,Maharashtra,2026-05-27,Occasional,Referral
C01776,Customer 01776,62,Female,Indore,Madhya Pradesh,2026-04-08,Occasional,Referral
C01777,Customer 01777,48,Male,Ahmedabad,Gujarat,2024-06-11,Regular,Social
C01778,Customer 01778,38,Male,Delhi,Delhi,2025-07-13,Regular,Organic
C01779,Customer 01779,43,Female,Hyderabad,Telangana,2025-02-02,Regular,Social
C01780,Customer 01780,57,Female,Delhi,Delhi,2025-08-05,Occasional,Referral
C01781,Customer 01781,65,Male,Pune,Maharashtra,2025-02-02,Regular,Paid
C01782,Customer 01782,62,Female,Kochi,Kerala,2025-05-07,Premium,Organic
C01783,Customer 01783,30,Male,Jaipur,Rajasthan,2025-10-07,Premium,Organic
C01784,Customer 01784,40,Female,Mumbai,Maharashtra,2024-08-26,Regular,Social
C01785,Customer 01785,37,Male,Indore,Madhya Pradesh,2025-04-09,Regular,Paid
C01786,Customer 01786,54,Female,Indore,Madhya Pradesh,2025-08-02,Occasional,Paid
C01787,Customer 01787,45,Male,Chennai,Tamil Nadu,2026-02-28,Occasional,Organic
C01788,Customer 01788,34,Female,Hyderabad,Telangana,2024-02-01,Regular,Social
C01789,Customer 01789,45,Male,Kolkata,West Bengal,2024-05-02,Regular,Organic
C01790,Customer 01790,58,Male,Kolkata,West Bengal,2025-06-17,Regular,Paid
C01791,Customer 01791,19,Female,Kolkata,West Bengal,2025-10-28,Occasional,Paid
C01792,Customer 01792,42,Male,Mumbai,Maharashtra,2024-04-19,Regular,Paid
C01793,Customer 01793,58,Male,Kolkata,West Bengal,2024-09-27,Regular,Paid
C01794,Customer 01794,23,Male,Lucknow,Uttar Pradesh,2025-01-14,Regular,Paid
C01795,Customer 01795,28,Female,Bangalore,Karnataka,2024-10-26,Regular,Social
C01796,Customer 01796,55,Female,Indore,Madhya Pradesh,2025-09-18,Regular,Social
C01797,Customer 01797,23,Male,Hyderabad,Telangana,2026-01-01,Regular,Referral
C01798,Customer 01798,62,Female,Bangalore,Karnataka,2026-01-11,Regular,Organic
C01799,Customer 01799,28,Male,Kochi,Kerala,2026-02-02,Regular,Referral
C01800,Customer 01800,31,Female,Hyderabad,Telangana,2024-09-05,Regular,Organic
C01801,Customer 01801,19,Male,Bangalore,Karnataka,2025-06-04,Premium,Organic
C01802,Customer 01802,57,Female,Hyderabad,Telangana,2024-02-03,Regular,Social
C01803,Customer 01803,20,Male,Kochi,Kerala,2024-08-15,Regular,Social
C01804,Customer 01804,52,Other,Ahmedabad,Gujarat,2025-08-07,Regular,Paid
C01805,Customer 01805,50,Male,Lucknow,Uttar Pradesh,2025-02-02,Occasional,Social
C01806,Customer 01806,41,Male,Mumbai,Maharashtra,2026-03-23,Premium,Social
C01807,Customer 01807,36,Male,Mumbai,Maharashtra,2025-12-24,Regular,Referral
C01808,Customer 01808,35,Female,Indore,Madhya Pradesh,2025-08-06,Regular,Referral
C01809,Customer 01809,41,Female,Kolkata,West Bengal,2025-07-23,Regular,Referral
C01810,Customer 01810,62,Female,Lucknow,Uttar Pradesh,2024-08-07,Regular,Organic
C01811,Customer 01811,52,Female,Delhi,Delhi,2025-01-05,Occasional,Organic
C01812,Customer 01812,18,Female,Kolkata,West Bengal,2026-02-25,Regular,Referral
C01813,Customer 01813,53,Female,Indore,Madhya Pradesh,2026-01-30,Regular,Paid
C01814,Customer 01814,42,Male,Pune,Maharashtra,2025-06-11,Occasional,Organic
C01815,Customer 01815,62,Female,Lucknow,Uttar Pradesh,2024-03-15,Occasional,Paid
C01816,Customer 01816,60,Male,Bangalore,Karnataka,2025-09-09,Occasional,Paid
C01817,Customer 01817,51,Female,Hyderabad,Telangana,2024-05-15,Occasional,Social
C01818,Customer 01818,42,Female,Delhi,Delhi,2024-03-14,Occasional,Referral
C01819,Customer 01819,33,Female,Lucknow,Uttar Pradesh,2024-09-10,Regular,Paid
C01820,Customer 01820,51,Female,Bengaluru,Kerala,2024-01-18,Regular,Social
C01821,Customer 01821,46,Female,Pune,Maharashtra,2024-02-12,Premium,Social
C01822,Customer 01822,36,Female,Kochi,Kerala,2024-02-19,Occasional,Paid
C01823,Customer 01823,40,Male,Mumbai,Maharashtra,2025-05-29,Occasional,Social
C01824,Customer 01824,36,Male,Mumbai,Maharashtra,2026-01-13,Regular,Paid
C01825,Customer 01825,42,Female,Kolkata,West Bengal,2025-12-31,Regular,Organic
C01826,Customer 01826,33,Female,Bangalore,Karnataka,2025-07-24,Occasional,Organic
C01827,Customer 01827,26,Male,Delhi,Delhi,2026-03-06,Occasional,Referral
C01828,Customer 01828,18,Male,Jaipur,Rajasthan,2026-03-24,Regular,Paid
C01829,Customer 01829,59,Male,Pune,Maharashtra,2025-07-29,Occasional,Referral
C01830,Customer 01830,36,Male,Pune,Maharashtra,2025-08-04,Regular,Referral
C01831,Customer 01831,50,Female,Lucknow,Uttar Pradesh,2024-10-29,Regular,Organic
C01832,Customer 01832,51,Female,Kolkata,West Bengal,2024-05-21,Regular,Organic
C01833,Customer 01833,33,Female,Mumbai,Maharashtra,2024-07-20,Regular,Paid
C01834,Customer 01834,61,Female,Kolkata,West Bengal,2024-07-25,Premium,Organic
C01835,Customer 01835,57,Female,Hyderabad,Telangana,2025-02-18,Occasional,Referral
C01836,Customer 01836,35,Male,Lucknow,Uttar Pradesh,2024-08-08,Occasional,Paid
C01837,Customer 01837,51,Male,Lucknow,Uttar Pradesh,2024-12-27,Occasional,Referral
C01838,Customer 01838,42,Female,Delhi,Delhi,2026-01-27,Regular,Paid
C01839,Customer 01839,62,Male,Bangalore,Karnataka,2024-03-21,Regular,Referral
C01840,Customer 01840,23,Male,Indore,Madhya Pradesh,2026-02-01,Regular,Social
C01841,Customer 01841,38,Male,Ahmedabad,Gujarat,2025-07-16,Premium,Social
C01842,Customer 01842,23,Male,Indore,Madhya Pradesh,2024-10-11,Regular,Social
C01843,Customer 01843,49,Male,Chennai,Tamil Nadu,2025-01-03,Premium,Paid
C01844,Customer 01844,58,Female,Chennai,Tamil Nadu,2025-05-06,Premium,Organic
C01845,Customer 01845,65,Male,Lucknow,Uttar Pradesh,2026-06-14,Occasional,Referral
C01846,Customer 01846,60,Female,Kolkata,West Bengal,2024-12-11,Premium,Social
C01847,Customer 01847,56,Male,Hyderabad,Telangana,2024-07-22,Occasional,Organic
C01848,Customer 01848,48,Female,Delhi,Delhi,2024-01-25,Regular,Organic
C01849,Customer 01849,59,Female,Jaipur,Rajasthan,2025-07-06,Occasional,Organic
C01850,Customer 01850,27,Female,Chennai,Tamil Nadu,2024-03-09,Premium,Referral
C01851,Customer 01851,47,Female,Delhi,Delhi,2025-05-30,Regular,Paid
C01852,Customer 01852,35,Male,Lucknow,Uttar Pradesh,2025-05-06,Regular,Organic
C01853,Customer 01853,41,Male,Bangalore,Karnataka,2024-08-27,Occasional,Social
C01854,Customer 01854,26,Male,Kochi,Kerala,2024-12-26,Regular,Paid
C01855,Customer 01855,48,Male,Indore,Madhya Pradesh,2025-03-16,Regular,Paid
C01856,Customer 01856,32,Male,Hyderabad,Telangana,2024-01-31,Occasional,Paid
C01857,Customer 01857,21,Female,Mumbai,Maharashtra,2026-06-17,Regular,Organic
C01858,Customer 01858,57,Female,Delhi,Delhi,2025-09-20,Premium,Paid
C01859,Customer 01859,26,Female,Bangalore,Karnataka,2025-12-07,Regular,Paid
C01860,Customer 01860,62,Female,Jaipur,Rajasthan,2025-08-24,Regular,Paid
C01861,Customer 01861,26,Female,Ahmedabad,Gujarat,2025-11-20,Regular,Referral
C01862,Customer 01862,43,Female,Indore,Madhya Pradesh,2025-10-18,Regular,Referral
C01863,Customer 01863,21,Female,Mumbai,Maharashtra,2025-12-14,Premium,Organic
C01864,Customer 01864,34,Male,Indore,Madhya Pradesh,2024-11-17,Regular,Paid
C01865,Customer 01865,33,Male,Lucknow,Uttar Pradesh,2024-12-09,Occasional,Social
C01866,Customer 01866,32,Female,Ahmedabad,Gujarat,2025-12-15,Regular,Organic
C01867,Customer 01867,52,Female,Indore,Madhya Pradesh,2025-06-19,Regular,Organic
C01868,Customer 01868,22,Female,Jaipur,Rajasthan,2024-12-20,Premium,Paid
C01869,Customer 01869,22,Male,Bangalore,Karnataka,2025-04-15,Regular,Referral
C01870,Customer 01870,37,Female,Chennai,Tamil Nadu,2024-04-14,Premium,Organic
C01871,Customer 01871,32,Male,Ahmedabad,Gujarat,2026-02-25,Regular,Referral
C01872,Customer 01872,35,Male,Lucknow,Uttar Pradesh,2024-11-17,Regular,Referral
C01873,Customer 01873,64,Male,Mumbai,Maharashtra,2025-07-25,Occasional,Social
C01874,Customer 01874,19,Female,Kolkata,West Bengal,2026-06-01,Premium,Organic
C01875,Customer 01875,46,Male,Pune,Maharashtra,2025-06-10,Regular,Referral
C01876,Customer 01876,30,Male,Delhi,Delhi,2025-05-18,Regular,Organic
C01877,Customer 01877,21,Male,Indore,Madhya Pradesh,2024-03-25,Regular,Paid
C01878,Customer 01878,59,Female,Chennai,Tamil Nadu,2025-12-09,Occasional,Paid
C01879,Customer 01879,62,Female,Ahmedabad,Gujarat,2024-08-22,Regular,Paid
C01880,Customer 01880,27,Female,Indore,Madhya Pradesh,2026-05-05,Premium,Social
C01881,Customer 01881,48,Male,Kochi,Kerala,2024-09-19,Regular,Organic
C01882,Customer 01882,58,Female,bangalore,Delhi,2024-01-06,Regular,Paid
C01883,Customer 01883,25,Female,Kolkata,West Bengal,2025-05-08,Premium,Organic
C01884,Customer 01884,20,Female,Jaipur,Rajasthan,2026-06-11,Regular,Referral
C01885,Customer 01885,65,Male,Pune,Maharashtra,2024-10-15,Regular,Organic
C01886,Customer 01886,63,Female,Bangalore,Karnataka,2025-07-23,Regular,Social
C01887,Customer 01887,26,Female,Indore,Madhya Pradesh,2025-10-18,Regular,Social
C01888,Customer 01888,47,Male,Kolkata,West Bengal,2026-05-27,Regular,Social
C01889,Customer 01889,28,Male,Kolkata,West Bengal,2025-07-07,Regular,Organic
C01890,Customer 01890,52,Male,Jaipur,Rajasthan,2024-12-15,Regular,Referral
C01891,Customer 01891,54,Female,Hyderabad,Telangana,2024-07-18,Occasional,Organic
C01892,Customer 01892,59,Male,Jaipur,Rajasthan,2025-11-16,Premium,Social
C01893,Customer 01893,30,Male,Indore,Madhya Pradesh,2026-06-15,Occasional,Referral
C01894,Customer 01894,53,Male,Hyderabad,Telangana,2024-11-30,Regular,Paid
C01895,Customer 01895,30,Female,Hyderabad,Telangana,2025-08-29,Occasional,Referral
C01896,Customer 01896,29,Female,Chennai,Tamil Nadu,2024-08-04,Regular,Organic
C01897,Customer 01897,54,Female,Chennai,Tamil Nadu,2025-09-14,Regular,Paid
C01898,Customer 01898,27,Female,Mumbai,Maharashtra,2024-12-18,Occasional,Organic
C01899,Customer 01899,26,Male,Ahmedabad,Gujarat,2025-11-22,Occasional,Social
C01900,Customer 01900,24,Female,Ahmedabad,Gujarat,2025-11-05,Regular,Social
C01901,Customer 01901,19,Female,Lucknow,Uttar Pradesh,2025-09-22,Regular,Referral
C01902,Customer 01902,40,Male,Bangalore,Karnataka,2024-11-20,Regular,Social
C01903,Customer 01903,56,Female,Ahmedabad,Gujarat,2024-08-15,Occasional,Paid
C01904,Customer 01904,57,Female,Chennai,Tamil Nadu,2024-05-24,Regular,Social
C01905,Customer 01905,56,Female,Mumbai,Maharashtra,2024-11-03,Regular,Paid
C01906,Customer 01906,38,Male,Bengaluru,Maharashtra,2025-10-15,Occasional,Referral
C01907,Customer 01907,40,Female,Hyderabad,Telangana,2025-09-25,Occasional,Referral
C01908,Customer 01908,46,Female,Lucknow,Uttar Pradesh,2024-10-11,Regular,Organic
C01909,Customer 01909,31,Male,Jaipur,Rajasthan,2025-01-26,Regular,Paid
C01910,Customer 01910,43,Male,Bangalore,Karnataka,2026-01-07,Occasional,Organic
C01911,Customer 01911,22,Male,Indore,Madhya Pradesh,2024-12-25,Regular,Social
C01912,Customer 01912,48,Other,Hyderabad,Telangana,2026-02-07,Occasional,Organic
C01913,Customer 01913,42,Female,Jaipur,Rajasthan,2026-03-07,Regular,Paid
C01914,Customer 01914,48,Male,Ahmedabad,Gujarat,2024-06-13,Regular,Referral
C01915,Customer 01915,37,Male,Lucknow,Uttar Pradesh,2026-01-02,Regular,Organic
C01916,Customer 01916,61,Male,Hyderabad,Telangana,2025-08-03,Regular,Paid
C01917,Customer 01917,34,Female,Delhi,Delhi,2026-03-31,Occasional,Referral
C01918,Customer 01918,62,,Ahmedabad,Gujarat,2024-08-11,Regular,Organic
C01919,Customer 01919,19,Female,Jaipur,Rajasthan,2024-05-03,Regular,Referral
C01920,Customer 01920,42,Female,Bangalore,Karnataka,2024-12-09,Regular,Organic
C01921,Customer 01921,30,Female,Indore,Madhya Pradesh,2026-04-30,Regular,Organic
C01922,Customer 01922,56,Male,Jaipur,Rajasthan,2025-06-07,Regular,Paid
C01923,Customer 01923,45,Male,Hyderabad,Telangana,2024-02-21,Regular,Paid
C01924,Customer 01924,59,Female,Hyderabad,Telangana,2024-05-08,Regular,Social
C01925,Customer 01925,23,Male,Indore,Madhya Pradesh,2024-05-14,Occasional,Social
C01926,Customer 01926,20,Male,Kolkata,West Bengal,2025-10-18,Occasional,Paid
C01927,Customer 01927,52,Female,Bangalore,Karnataka,2024-05-06,Regular,Paid
C01928,Customer 01928,35,,Kochi,Kerala,2026-01-07,Regular,Paid
C01929,Customer 01929,28,Male,Ahmedabad,Gujarat,2024-03-11,Regular,Organic
C01930,Customer 01930,37,Male,Mumbai,Maharashtra,2024-09-29,Regular,Paid
C01931,Customer 01931,22,Male,Indore,Madhya Pradesh,2024-07-05,Occasional,Social
C01932,Customer 01932,36,Other,Bangalore,Karnataka,2024-01-03,Regular,Paid
C01933,Customer 01933,39,Male,Mumbai,Maharashtra,2024-10-11,Regular,Organic
C01934,Customer 01934,36,Male,Bangalore,Karnataka,2024-01-22,Regular,Paid
C01935,Customer 01935,64,Female,Bangalore,Karnataka,2024-06-14,Regular,Organic
C01936,Customer 01936,33,Male,bangalore,Rajasthan,2024-11-05,Premium,Referral
C01937,Customer 01937,41,Male,Bangalore,Karnataka,2026-05-24,Regular,Paid
C01938,Customer 01938,58,Male,Kolkata,West Bengal,2025-04-21,Premium,Paid
C01939,Customer 01939,21,Male,Kochi,Kerala,2025-05-12,Occasional,Paid
C01940,Customer 01940,32,Male,Hyderabad,Telangana,2025-03-09,Occasional,Social
C01941,Customer 01941,42,Male,Pune,Maharashtra,2026-01-27,Occasional,Organic
C01942,Customer 01942,61,Female,Mumbai,Maharashtra,2024-08-21,Occasional,Social
C01943,Customer 01943,52,Male,Hyderabad,Telangana,2026-04-16,Regular,Paid
C01944,Customer 01944,31,Female,Pune,Maharashtra,2025-10-31,Occasional,Social
C01945,Customer 01945,36,Female,Kochi,Kerala,2025-10-24,Premium,Referral
C01946,Customer 01946,55,Female,Kochi,Kerala,2025-12-25,Premium,Organic
C01947,Customer 01947,53,Male,Mumbai,Maharashtra,2025-01-10,Occasional,Social
C01948,Customer 01948,24,Male,Mumbai,Maharashtra,2025-12-30,Premium,Referral
C01949,Customer 01949,47,Female,Kochi,Kerala,2024-09-02,Occasional,Organic
C01950,Customer 01950,36,Female,Pune,Maharashtra,2024-10-29,Regular,Organic
C01951,Customer 01951,42,Female,Indore,Madhya Pradesh,2025-02-08,Occasional,Referral
C01952,Customer 01952,33,Male,Bangalore,Karnataka,2026-02-26,Regular,Referral
C01953,Customer 01953,64,Female,Ahmedabad,Gujarat,2025-10-24,Regular,Referral
C01954,Customer 01954,57,Male,Lucknow,Uttar Pradesh,2025-12-08,Premium,Referral
C01955,Customer 01955,25,Male,Delhi,Delhi,2024-01-21,Occasional,Referral
C01956,Customer 01956,35,,Lucknow,Uttar Pradesh,2024-09-13,Premium,Referral
C01957,Customer 01957,45,Male,Hyderabad,Telangana,2025-02-02,Regular,Paid
C01958,Customer 01958,33,Female,Jaipur,Rajasthan,2025-06-12,Regular,Organic
C01959,Customer 01959,36,Female,Hyderabad,Telangana,2024-02-20,Premium,Social
C01960,Customer 01960,59,Female,Jaipur,Rajasthan,2025-03-22,Regular,Organic
C01961,Customer 01961,34,Female,Pune,Maharashtra,2024-09-26,Premium,Paid
C01962,Customer 01962,62,Female,Jaipur,Rajasthan,2026-04-06,Occasional,Referral
C01963,Customer 01963,30,Female,Mumbai,Maharashtra,2025-08-17,Regular,Paid
C01964,Customer 01964,24,Male,Indore,Madhya Pradesh,2026-03-28,Regular,Organic
C01965,Customer 01965,44,Female,Ahmedabad,Gujarat,2025-09-27,Regular,Organic
C01966,Customer 01966,27,Male,Ahmedabad,Gujarat,2026-03-12,Regular,Referral
C01967,Customer 01967,51,Male,Mumbai,Maharashtra,2024-09-18,Regular,Social
C01968,Customer 01968,53,Male,Indore,Madhya Pradesh,2024-12-30,Occasional,Paid
C01969,Customer 01969,42,Male,Kolkata,West Bengal,2024-02-18,Regular,Paid
C01970,Customer 01970,23,Female,Lucknow,Uttar Pradesh,2025-06-01,Premium,Paid
C01971,Customer 01971,41,Female,Pune,Maharashtra,2025-09-20,Regular,Organic
C01972,Customer 01972,35,Male,Lucknow,Uttar Pradesh,2024-04-27,Regular,Organic
C01973,Customer 01973,40,Other,Kolkata,West Bengal,2025-03-28,Regular,Organic
C01974,Customer 01974,23,Female,Kolkata,West Bengal,2026-02-13,Regular,Paid
C01975,Customer 01975,46,Female,Hyderabad,Telangana,2026-05-14,Occasional,Organic
C01976,Customer 01976,42,Female,Kochi,Kerala,2026-06-04,Premium,Organic
C01977,Customer 01977,34,Male,Hyderabad,Telangana,2025-10-02,Regular,Referral
C01978,Customer 01978,63,Female,Kochi,Kerala,2025-01-31,Regular,Social
C01979,Customer 01979,41,Female,Delhi,Delhi,2025-11-13,Regular,Social
C01980,Customer 01980,28,Other,Bengaluru,Rajasthan,2024-01-27,Occasional,Referral
C01981,Customer 01981,43,Female,Indore,Madhya Pradesh,2025-12-11,Regular,Organic
C01982,Customer 01982,51,Female,Kochi,Kerala,2025-01-06,Occasional,Referral
C01983,Customer 01983,45,Female,Lucknow,Uttar Pradesh,2026-06-17,Regular,Organic
C01984,Customer 01984,20,Male,Mumbai,Maharashtra,2026-04-05,Premium,Referral
C01985,Customer 01985,28,Male,Hyderabad,Telangana,2026-05-06,Premium,Referral
C01986,Customer 01986,55,Male,Indore,Madhya Pradesh,2024-04-06,Regular,Referral
C01987,Customer 01987,31,Male,Pune,Maharashtra,2025-06-12,Regular,Social
C01988,Customer 01988,43,Male,Indore,Madhya Pradesh,2025-11-15,Premium,Referral
C01989,Customer 01989,65,Female,Jaipur,Rajasthan,2025-09-04,Regular,Referral
C01990,Customer 01990,38,Female,Delhi,Delhi,2024-07-04,Regular,Organic
C01991,Customer 01991,56,Other,Kochi,Kerala,2025-11-26,Premium,Social
C01992,Customer 01992,47,Female,Delhi,Delhi,2024-08-02,Regular,Organic
C01993,Customer 01993,25,Female,Pune,Maharashtra,2024-09-07,Occasional,Social
C01994,Customer 01994,37,Female,Kolkata,West Bengal,2024-08-03,Regular,Paid
C01995,Customer 01995,65,Female,Ahmedabad,Gujarat,2024-01-29,Occasional,Organic
C01996,Customer 01996,49,Female,Pune,Maharashtra,2024-04-11,Regular,Social
C01997,Customer 01997,39,Male,Chennai,Tamil Nadu,2024-05-02,Regular,Organic
C01998,Customer 01998,24,Male,Pune,Maharashtra,2024-02-23,Regular,Social
C01999,Customer 01999,26,Male,Delhi,Delhi,2024-10-09,Regular,Organic
C02000,Customer 02000,62,Female,Indore,Madhya Pradesh,2025-09-05,Regular,Social
C02001,Customer 02001,18,Female,Mumbai,Maharashtra,2024-04-26,Regular,Referral
C02002,Customer 02002,46,Female,Hyderabad,Telangana,2025-09-07,Regular,Referral
C02003,Customer 02003,25,Male,Mumbai,Maharashtra,2025-07-10,Premium,Paid
C02004,Customer 02004,21,Female,Delhi,Delhi,2024-04-23,Occasional,Organic
C02005,Customer 02005,52,Female,Hyderabad,Telangana,2026-05-04,Regular,Social
C02006,Customer 02006,20,Male,Chennai,Tamil Nadu,2025-06-26,Regular,Organic
C02007,Customer 02007,62,Female,Ahmedabad,Gujarat,2025-11-06,Regular,Paid
C02008,Customer 02008,57,Female,Jaipur,Rajasthan,2025-12-01,Occasional,Referral
C02009,Customer 02009,24,Female,Lucknow,Uttar Pradesh,2024-10-19,Regular,Paid
C02010,Customer 02010,44,Female,Delhi,Delhi,2024-07-13,Regular,Organic
C02011,Customer 02011,18,Male,Indore,Madhya Pradesh,2024-10-18,Occasional,Organic
C02012,Customer 02012,44,Male,Kochi,Kerala,2026-06-05,Occasional,Organic
C02013,Customer 02013,33,Male,Delhi,Delhi,2024-09-17,Premium,Social
C02014,Customer 02014,55,Female,Delhi,Delhi,2024-07-25,Regular,Organic
C02015,Customer 02015,24,Male,Hyderabad,Telangana,2025-07-17,Occasional,Social
C02016,Customer 02016,61,Female,Bangalore,Karnataka,2024-02-18,Occasional,Organic
C02017,Customer 02017,40,Female,Pune,Maharashtra,2024-01-06,Regular,Organic
C02018,Customer 02018,58,Other,Indore,Madhya Pradesh,2025-01-13,Regular,Paid
C02019,Customer 02019,28,Male,Bangalore,Karnataka,2025-01-28,Regular,Organic
C02020,Customer 02020,59,Female,Chennai,Tamil Nadu,2026-06-04,Regular,Referral
C02021,Customer 02021,50,Female,Kochi,Kerala,2024-08-11,Regular,Social
C02022,Customer 02022,53,Female,Ahmedabad,Gujarat,2024-01-23,Premium,Organic
C02023,Customer 02023,54,Male,Kolkata,West Bengal,2025-10-18,Occasional,Referral
C02024,Customer 02024,58,Male,Chennai,Tamil Nadu,2024-04-19,Occasional,Paid
C02025,Customer 02025,34,Female,Kolkata,West Bengal,2025-12-24,Regular,Organic
C02026,Customer 02026,52,Male,Indore,Madhya Pradesh,2026-03-22,Regular,Organic
C02027,Customer 02027,65,Male,Indore,Madhya Pradesh,2025-07-06,Premium,Social
C02028,Customer 02028,22,Male,Kolkata,West Bengal,2025-02-02,Regular,Organic
C02029,Customer 02029,65,Female,Indore,Madhya Pradesh,2024-06-20,Regular,Social
C02030,Customer 02030,49,Female,Ahmedabad,Gujarat,2025-11-28,Regular,Paid
C02031,Customer 02031,20,Male,Mumbai,Maharashtra,2025-12-26,Regular,Organic
C02032,Customer 02032,64,Male,Bangalore,Karnataka,2024-11-01,Regular,Paid
C02033,Customer 02033,52,Female,Delhi,Delhi,2025-07-17,Occasional,Social
C02034,Customer 02034,31,Female,Jaipur,Rajasthan,2025-08-04,Premium,Referral
C02035,Customer 02035,65,Male,Kolkata,West Bengal,2025-12-08,Regular,Paid
C02036,Customer 02036,48,Male,Kochi,Kerala,2024-05-30,Occasional,Social
C02037,Customer 02037,48,Female,Chennai,Tamil Nadu,2025-03-03,Regular,Organic
C02038,Customer 02038,34,Other,Mumbai,Maharashtra,2025-09-12,Regular,Social
C02039,Customer 02039,41,Other,Kolkata,West Bengal,2025-04-11,Regular,Social
C02040,Customer 02040,40,Female,Mumbai,Maharashtra,2025-09-21,Occasional,Referral
C02041,Customer 02041,35,Male,Mumbai,Maharashtra,2026-05-26,Premium,Social
C02042,Customer 02042,31,Female,Kolkata,West Bengal,2025-08-29,Regular,Paid
C02043,Customer 02043,32,Male,Hyderabad,Telangana,2026-02-06,Premium,Referral
C02044,Customer 02044,32,Female,Pune,Maharashtra,2025-07-09,Premium,Paid
C02045,Customer 02045,23,Male,Kochi,Kerala,2024-03-07,Regular,Paid
C02046,Customer 02046,44,Female,Delhi,Delhi,2024-06-04,Premium,Paid
C02047,Customer 02047,32,Female,Delhi,Delhi,2026-04-14,Occasional,Organic
C02048,Customer 02048,53,Male,Kochi,Kerala,2024-07-24,Occasional,Paid
C02049,Customer 02049,25,Female,Hyderabad,Telangana,2026-02-24,Regular,Organic
C02050,Customer 02050,32,Male,Indore,Madhya Pradesh,2024-06-03,Regular,Organic
C02051,Customer 02051,20,Male,Delhi,Delhi,2025-11-21,Regular,Paid
C02052,Customer 02052,64,Male,Mumbai,Maharashtra,2025-05-23,Occasional,Social
C02053,Customer 02053,30,Male,Ahmedabad,Gujarat,2025-07-25,Regular,Paid
C02054,Customer 02054,58,Male,Chennai,Tamil Nadu,2024-03-14,Premium,Referral
C02055,Customer 02055,51,Female,Bangalore,Karnataka,2024-02-18,Occasional,Organic
C02056,Customer 02056,41,Male,Delhi,Delhi,2026-02-21,Occasional,Paid
C02057,Customer 02057,57,Male,Kochi,Kerala,2025-04-11,Regular,Organic
C02058,Customer 02058,49,Male,Ahmedabad,Gujarat,2025-08-07,Occasional,Organic
C02059,Customer 02059,49,Female,Kolkata,West Bengal,2025-12-08,Occasional,Referral
C02060,Customer 02060,47,Female,Pune,Maharashtra,2024-06-27,Regular,Referral
C02061,Customer 02061,30,Female,Kochi,Kerala,2024-02-17,Regular,Organic
C02062,Customer 02062,18,Female,bangalore,Madhya Pradesh,2024-03-12,Occasional,Paid
C02063,Customer 02063,51,Female,Mumbai,Maharashtra,2024-04-22,Regular,Social
C02064,Customer 02064,32,Female,Pune,Maharashtra,2026-01-26,Regular,Organic
C02065,Customer 02065,61,Female,Chennai,Tamil Nadu,2026-06-15,Regular,Organic
C02066,Customer 02066,31,Male,Chennai,Tamil Nadu,2026-03-31,Occasional,Referral
C02067,Customer 02067,46,Female,Hyderabad,Telangana,2024-06-07,Occasional,Organic
C02068,Customer 02068,51,Female,Jaipur,Rajasthan,2026-02-24,Premium,Social
C02069,Customer 02069,35,,Hyderabad,Telangana,2026-02-18,Occasional,Referral
C02070,Customer 02070,24,Female,Indore,Madhya Pradesh,2026-03-26,Occasional,Paid
C02071,Customer 02071,46,Female,Ahmedabad,Gujarat,2024-01-30,Occasional,Paid
C02072,Customer 02072,48,Female,Pune,Maharashtra,2024-04-06,Premium,Paid
C02073,Customer 02073,42,Male,Jaipur,Rajasthan,2024-09-07,Regular,Organic
C02074,Customer 02074,55,,Kolkata,West Bengal,2025-06-02,Regular,Social
C02075,Customer 02075,31,Male,Mumbai,Maharashtra,2024-04-01,Regular,Referral
C02076,Customer 02076,25,Female,Pune,Maharashtra,2024-04-22,Regular,Organic
C02077,Customer 02077,44,Female,Hyderabad,Telangana,2024-09-15,Occasional,Paid
C02078,Customer 02078,19,Female,Bangalore,Karnataka,2024-04-16,Regular,Organic
C02079,Customer 02079,34,Female,Lucknow,Uttar Pradesh,2025-07-28,Occasional,Organic
C02080,Customer 02080,54,Female,Jaipur,Rajasthan,2025-01-24,Premium,Referral
C02081,Customer 02081,31,Female,Jaipur,Rajasthan,2024-12-23,Regular,Referral
C02082,Customer 02082,42,Female,Indore,Madhya Pradesh,2026-02-21,Premium,Referral
C02083,Customer 02083,47,Female,Mumbai,Maharashtra,2024-07-17,Regular,Organic
C02084,Customer 02084,46,Female,Delhi,Delhi,2025-03-02,Regular,Referral
C02085,Customer 02085,37,Male,Chennai,Tamil Nadu,2025-04-22,Occasional,Organic
C02086,Customer 02086,38,Female,Chennai,Tamil Nadu,2026-05-08,Regular,Referral
C02087,Customer 02087,39,Male,Bangalore,Karnataka,2026-04-28,Regular,Paid
C02088,Customer 02088,52,Male,Ahmedabad,Gujarat,2025-05-17,Regular,Referral
C02089,Customer 02089,54,Female,Indore,Madhya Pradesh,2025-10-19,Premium,Social
C02090,Customer 02090,33,Female,Ahmedabad,Gujarat,2025-07-26,Regular,Social
C02091,Customer 02091,60,Other,Kolkata,West Bengal,2024-04-29,Regular,Social
C02092,Customer 02092,34,Male,Pune,Maharashtra,2025-07-26,Regular,Social
C02093,Customer 02093,33,Female,Lucknow,Uttar Pradesh,2024-11-04,Occasional,Referral
C02094,Customer 02094,19,Male,Kochi,Kerala,2025-06-21,Regular,Social
C02095,Customer 02095,21,Male,Delhi,Delhi,2025-09-18,Occasional,Social
C02096,Customer 02096,38,Male,Hyderabad,Telangana,2025-04-19,Regular,Referral
C02097,Customer 02097,56,Male,Kochi,Kerala,2025-07-05,Occasional,Organic
C02098,Customer 02098,51,Male,Kochi,Kerala,2024-12-09,Regular,Organic
C02099,Customer 02099,47,Male,Indore,Madhya Pradesh,2025-09-19,Regular,Social
C02100,Customer 02100,23,Male,Jaipur,Rajasthan,2024-05-15,Regular,Paid
C02101,Customer 02101,34,Female,Bangalore,Karnataka,2024-10-03,Occasional,Social
C02102,Customer 02102,56,Male,Chennai,Tamil Nadu,2026-03-21,Regular,Paid
C02103,Customer 02103,42,Female,Kolkata,West Bengal,2025-06-16,Regular,Paid
C02104,Customer 02104,22,Female,Ahmedabad,Gujarat,2026-06-17,Regular,Referral
C02105,Customer 02105,22,Female,Lucknow,Uttar Pradesh,2024-01-31,Regular,Social
C02106,Customer 02106,37,Female,Indore,Madhya Pradesh,2024-09-03,Regular,Organic
C02107,Customer 02107,33,Female,Bangalore,Karnataka,2025-02-14,Premium,Social
C02108,Customer 02108,58,Female,Jaipur,Rajasthan,2024-01-27,Regular,Referral
C02109,Customer 02109,54,Male,Hyderabad,Telangana,2024-03-13,Regular,Paid
C02110,Customer 02110,57,Female,Kolkata,West Bengal,2024-04-06,Regular,Paid
C02111,Customer 02111,26,Female,Indore,Madhya Pradesh,2025-11-03,Regular,Organic
C02112,Customer 02112,22,Male,Bengaluru,Rajasthan,2024-12-11,Premium,Organic
C02113,Customer 02113,59,Male,Lucknow,Uttar Pradesh,2025-04-20,Occasional,Paid
C02114,Customer 02114,19,Male,Chennai,Tamil Nadu,2024-10-26,Regular,Organic
C02115,Customer 02115,26,Female,Chennai,Tamil Nadu,2024-10-25,Occasional,Organic
C02116,Customer 02116,60,Male,Indore,Madhya Pradesh,2024-10-13,Regular,Social
C02117,Customer 02117,53,Female,Chennai,Tamil Nadu,2026-06-03,Occasional,Paid
C02118,Customer 02118,39,Male,Bangalore,Karnataka,2025-03-24,Regular,Referral
C02119,Customer 02119,39,Female,Bangalore,Karnataka,2024-07-30,Regular,Organic
C02120,Customer 02120,39,Male,Ahmedabad,Gujarat,2024-03-16,Regular,Social
C02121,Customer 02121,51,Male,Indore,Madhya Pradesh,2025-02-04,Occasional,Social
C02122,Customer 02122,46,Female,Ahmedabad,Gujarat,2025-10-16,Regular,Paid
C02123,Customer 02123,55,Male,Indore,Madhya Pradesh,2024-02-03,Regular,Social
C02124,Customer 02124,63,Male,Hyderabad,Telangana,2025-05-12,Premium,Social
C02125,Customer 02125,50,Male,Indore,Madhya Pradesh,2026-04-27,Regular,Referral
C02126,Customer 02126,35,Female,Lucknow,Uttar Pradesh,2025-05-30,Regular,Referral
C02127,Customer 02127,24,Female,Kolkata,West Bengal,2024-11-23,Premium,Organic
C02128,Customer 02128,18,Female,Mumbai,Maharashtra,2024-04-07,Regular,Organic
C02129,Customer 02129,50,Female,Mumbai,Maharashtra,2024-12-31,Regular,Organic
C02130,Customer 02130,18,Male,Jaipur,Rajasthan,2025-12-29,Occasional,Organic
C02131,Customer 02131,41,Female,Chennai,Tamil Nadu,2025-04-07,Premium,Organic
C02132,Customer 02132,21,Female,Kolkata,West Bengal,2024-01-28,Regular,Social
C02133,Customer 02133,21,Male,Kochi,Kerala,2025-12-13,Occasional,Organic
C02134,Customer 02134,35,Male,Bangalore,Karnataka,2025-01-20,Regular,Social
C02135,Customer 02135,44,Male,Pune,Maharashtra,2024-09-29,Regular,Referral
C02136,Customer 02136,60,Female,Delhi,Delhi,2026-04-05,Occasional,Organic
C02137,Customer 02137,49,Male,Hyderabad,Telangana,2024-05-06,Regular,Paid
C02138,Customer 02138,50,Female,Chennai,Tamil Nadu,2024-07-20,Regular,Organic
C02139,Customer 02139,45,Male,Chennai,Tamil Nadu,2025-06-04,Occasional,Social
C02140,Customer 02140,59,Male,Lucknow,Uttar Pradesh,2024-10-13,Occasional,Social
C02141,Customer 02141,58,Male,Chennai,Tamil Nadu,2025-03-25,Regular,Organic
C02142,Customer 02142,53,Male,Bangalore,Karnataka,2024-03-28,Premium,Social
C02143,Customer 02143,23,Male,Bangalore,Karnataka,2024-11-13,Regular,Referral
C02144,Customer 02144,33,Male,Delhi,Delhi,2024-01-19,Premium,Organic
C02145,Customer 02145,51,Male,Indore,Madhya Pradesh,2025-08-15,Premium,Referral
C02146,Customer 02146,40,,Kochi,Kerala,2024-04-16,Regular,Referral
C02147,Customer 02147,59,Male,bangalore,West Bengal,2025-04-02,Occasional,Organic
C02148,Customer 02148,41,Female,Chennai,Tamil Nadu,2024-11-06,Occasional,Referral
C02149,Customer 02149,30,Female,Mumbai,Maharashtra,2025-02-15,Regular,Organic
C02150,Customer 02150,35,Female,Ahmedabad,Gujarat,2026-01-11,Regular,Paid
C02151,Customer 02151,30,Male,Lucknow,Uttar Pradesh,2025-09-15,Premium,Organic
C02152,Customer 02152,54,Male,Lucknow,Uttar Pradesh,2026-01-01,Regular,Social
C02153,Customer 02153,60,Male,Mumbai,Maharashtra,2025-09-26,Premium,Referral
C02154,Customer 02154,56,Female,Jaipur,Rajasthan,2025-05-12,Occasional,Organic
C02155,Customer 02155,59,Female,Mumbai,Maharashtra,2024-08-31,Premium,Paid
C02156,Customer 02156,34,Male,Jaipur,Rajasthan,2025-11-20,Occasional,Organic
C02157,Customer 02157,32,Female,Pune,Maharashtra,2025-07-30,Regular,Referral
C02158,Customer 02158,35,Female,Ahmedabad,Gujarat,2025-01-14,Regular,Organic
C02159,Customer 02159,40,Male,Lucknow,Uttar Pradesh,2025-05-29,Premium,Social
C02160,Customer 02160,47,Male,Mumbai,Maharashtra,2024-07-25,Regular,Social
C02161,Customer 02161,51,Female,Pune,Maharashtra,2025-01-28,Occasional,Referral
C02162,Customer 02162,21,Female,Indore,Madhya Pradesh,2024-01-21,Occasional,Organic
C02163,Customer 02163,20,Male,Hyderabad,Telangana,2026-03-15,Regular,Paid
C02164,Customer 02164,24,Male,Kolkata,West Bengal,2025-06-10,Regular,Paid
C02165,Customer 02165,35,Female,Pune,Maharashtra,2024-12-08,Regular,Referral
C02166,Customer 02166,59,Male,Kolkata,West Bengal,2025-12-18,Occasional,Referral
C02167,Customer 02167,24,Female,Mumbai,Maharashtra,2024-07-20,Occasional,Paid
C02168,Customer 02168,57,Female,Kochi,Kerala,2024-04-29,Regular,Paid
C02169,Customer 02169,23,Male,Indore,Madhya Pradesh,2025-10-10,Regular,Social
C02170,Customer 02170,39,Male,Pune,Maharashtra,2026-03-22,Regular,Organic
C02171,Customer 02171,18,Female,Ahmedabad,Gujarat,2026-03-17,Regular,Paid
C02172,Customer 02172,21,Male,Mumbai,Maharashtra,2025-01-23,Premium,Referral
C02173,Customer 02173,63,Male,Chennai,Tamil Nadu,2025-06-20,Regular,Organic
C02174,Customer 02174,60,Female,Bangalore,Karnataka,2026-04-03,Occasional,Referral
C02175,Customer 02175,46,Male,Pune,Maharashtra,2024-08-21,Regular,Social
C02176,Customer 02176,38,Male,Ahmedabad,Gujarat,2025-09-24,Premium,Referral
C02177,Customer 02177,43,Male,Hyderabad,Telangana,2025-08-24,Occasional,Organic
C02178,Customer 02178,31,Female,Chennai,Tamil Nadu,2024-11-15,Regular,Organic
C02179,Customer 02179,26,Male,Hyderabad,Telangana,2025-12-12,Regular,Paid
C02180,Customer 02180,64,Female,Mumbai,Maharashtra,2024-06-28,Regular,Organic
C02181,Customer 02181,29,Female,Bangalore,Karnataka,2026-05-06,Regular,Social
C02182,Customer 02182,59,Male,Pune,Maharashtra,2025-01-02,Regular,Referral
C02183,Customer 02183,23,Male,Pune,Maharashtra,2024-03-16,Regular,Organic
C02184,Customer 02184,37,Male,Kochi,Kerala,2025-10-10,Occasional,Social
C02185,Customer 02185,41,Female,Lucknow,Uttar Pradesh,2025-10-11,Regular,Referral
C02186,Customer 02186,44,Female,Kochi,Kerala,2025-05-10,Occasional,Organic
C02187,Customer 02187,55,Female,Mumbai,Maharashtra,2025-06-05,Regular,Paid
C02188,Customer 02188,25,Male,Mumbai,Maharashtra,2024-07-19,Occasional,Organic
C02189,Customer 02189,18,Female,Bangalore,Karnataka,2026-04-09,Regular,Social
C02190,Customer 02190,41,Male,Kochi,Kerala,2024-12-11,Regular,Paid
C02191,Customer 02191,64,Female,Ahmedabad,Gujarat,2025-04-27,Regular,Social
C02192,Customer 02192,24,Female,Ahmedabad,Gujarat,2024-08-06,Regular,Paid
C02193,Customer 02193,36,Male,Bangalore,Karnataka,2024-02-29,Premium,Social
C02194,Customer 02194,39,Male,Indore,Madhya Pradesh,2025-10-20,Occasional,Organic
C02195,Customer 02195,52,Female,Lucknow,Uttar Pradesh,2025-09-10,Premium,Social
C02196,Customer 02196,47,Female,Ahmedabad,Gujarat,2025-07-03,Premium,Social
C02197,Customer 02197,46,Male,Jaipur,Rajasthan,2025-10-07,Regular,Paid
C02198,Customer 02198,39,Male,Kolkata,West Bengal,2024-08-08,Occasional,Referral
C02199,Customer 02199,28,Female,Bangalore,Karnataka,2026-03-25,Premium,Referral
C02200,Customer 02200,37,Male,Bangalore,Karnataka,2025-05-16,Occasional,Social
C02201,Customer 02201,46,Male,Delhi,Delhi,2024-05-12,Occasional,Paid
C02202,Customer 02202,58,Male,Chennai,Tamil Nadu,2026-04-25,Regular,Paid
C02203,Customer 02203,59,Male,Chennai,Tamil Nadu,2024-02-22,Regular,Social
C02204,Customer 02204,51,Female,Jaipur,Rajasthan,2025-03-25,Occasional,Referral
C02205,Customer 02205,18,Other,Kochi,Kerala,2024-03-02,Regular,Paid
C02206,Customer 02206,48,Female,Indore,Madhya Pradesh,2024-01-23,Regular,Social
C02207,Customer 02207,47,Male,Mumbai,Maharashtra,2024-02-13,Occasional,Organic
C02208,Customer 02208,65,Female,Mumbai,Maharashtra,2026-03-30,Occasional,Referral
C02209,Customer 02209,35,Female,Hyderabad,Telangana,2025-07-11,Occasional,Organic
C02210,Customer 02210,34,Male,Jaipur,Rajasthan,2025-10-20,Regular,Organic
C02211,Customer 02211,55,Female,Bangalore,Karnataka,2025-12-28,Regular,Paid
C02212,Customer 02212,31,Male,Jaipur,Rajasthan,2026-05-01,Regular,Paid
C02213,Customer 02213,40,Other,Jaipur,Rajasthan,2024-02-16,Regular,Paid
C02214,Customer 02214,42,Male,Jaipur,Rajasthan,2026-05-08,Regular,Paid
C02215,Customer 02215,32,Female,Chennai,Tamil Nadu,2026-03-30,Regular,Paid
C02216,Customer 02216,63,Male,Jaipur,Rajasthan,2024-01-24,Regular,Organic
C02217,Customer 02217,39,Male,bangalore,Uttar Pradesh,2025-10-18,Occasional,Referral
C02218,Customer 02218,20,Male,Kolkata,West Bengal,2024-03-29,Occasional,Paid
C02219,Customer 02219,36,Female,Mumbai,Maharashtra,2024-06-22,Occasional,Paid
C02220,Customer 02220,61,Female,Hyderabad,Telangana,2025-07-29,Premium,Referral
C02221,Customer 02221,51,Female,Kolkata,West Bengal,2024-04-28,Premium,Social
C02222,Customer 02222,52,Female,Hyderabad,Telangana,2026-01-04,Occasional,Referral
C02223,Customer 02223,18,Female,Delhi,Delhi,2025-10-29,Regular,Organic
C02224,Customer 02224,38,Male,Hyderabad,Telangana,2024-06-26,Regular,Social
C02225,Customer 02225,46,Male,Mumbai,Maharashtra,2026-04-11,Premium,Social
C02226,Customer 02226,23,Female,Mumbai,Maharashtra,2024-12-07,Regular,Paid
C02227,Customer 02227,54,Female,Jaipur,Rajasthan,2025-07-21,Regular,Social
C02228,Customer 02228,18,Female,Pune,Maharashtra,2024-02-28,Occasional,Paid
C02229,Customer 02229,18,Male,Delhi,Delhi,2025-03-13,Occasional,Paid
C02230,Customer 02230,44,Male,Lucknow,Uttar Pradesh,2025-03-03,Regular,Paid
C02231,Customer 02231,38,Female,Bangalore,Karnataka,2025-03-01,Regular,Referral
C02232,Customer 02232,33,Female,Ahmedabad,Gujarat,2025-01-15,Occasional,Organic
C02233,Customer 02233,61,Male,Hyderabad,Telangana,2025-04-30,Regular,Organic
C02234,Customer 02234,57,Female,Pune,Maharashtra,2026-01-01,Regular,Organic
C02235,Customer 02235,43,Female,Jaipur,Rajasthan,2024-07-03,Occasional,Organic
C02236,Customer 02236,33,Male,Chennai,Tamil Nadu,2025-07-12,Occasional,Paid
C02237,Customer 02237,45,Female,Bangalore,Karnataka,2025-04-04,Occasional,Paid
C02238,Customer 02238,18,Female,Indore,Madhya Pradesh,2026-06-07,Regular,Organic
C02239,Customer 02239,53,Female,Kochi,Kerala,2024-04-11,Regular,Social
C02240,Customer 02240,27,Female,Pune,Maharashtra,2025-07-09,Occasional,Organic
C02241,Customer 02241,60,Female,Chennai,Tamil Nadu,2024-01-15,Premium,Paid
C02242,Customer 02242,34,Male,Delhi,Delhi,2026-01-17,Occasional,Organic
C02243,Customer 02243,40,Male,Indore,Madhya Pradesh,2026-05-22,Regular,Organic
C02244,Customer 02244,24,Male,Jaipur,Rajasthan,2024-02-20,Occasional,Organic
C02245,Customer 02245,61,Male,Bangalore,Karnataka,2024-11-04,Regular,Paid
C02246,Customer 02246,24,Male,Bangalore,Karnataka,2024-02-03,Regular,Referral
C02247,Customer 02247,61,Male,Bangalore,Karnataka,2025-09-27,Regular,Organic
C02248,Customer 02248,32,Male,Delhi,Delhi,2025-08-11,Regular,Paid
C02249,Customer 02249,51,Male,Indore,Madhya Pradesh,2025-09-26,Regular,Organic
C02250,Customer 02250,63,,Hyderabad,Telangana,2024-07-23,Regular,Social
C02251,Customer 02251,62,Male,Kochi,Kerala,2026-01-09,Occasional,Referral
C02252,Customer 02252,21,Female,Lucknow,Uttar Pradesh,2024-03-10,Regular,Organic
C02253,Customer 02253,31,Female,Delhi,Delhi,2024-08-17,Regular,Paid
C02254,Customer 02254,31,Male,Ahmedabad,Gujarat,2025-04-24,Premium,Social
C02255,Customer 02255,33,Female,Kochi,Kerala,2025-06-16,Occasional,Paid
C02256,Customer 02256,24,Female,Mumbai,Maharashtra,2024-04-17,Regular,Paid
C02257,Customer 02257,49,Male,Jaipur,Rajasthan,2026-05-25,Regular,Paid
C02258,Customer 02258,36,Male,Delhi,Delhi,2024-08-28,Occasional,Referral
C02259,Customer 02259,19,Male,Chennai,Tamil Nadu,2024-09-07,Regular,Social
C02260,Customer 02260,27,Male,Kochi,Kerala,2024-05-14,Regular,Social
C02261,Customer 02261,34,Male,Ahmedabad,Gujarat,2024-03-30,Regular,Referral
C02262,Customer 02262,54,Female,Mumbai,Maharashtra,2025-08-13,Occasional,Paid
C02263,Customer 02263,29,Female,Hyderabad,Telangana,2025-03-15,Regular,Paid
C02264,Customer 02264,23,Female,Indore,Madhya Pradesh,2025-11-19,Occasional,Paid
C02265,Customer 02265,39,Male,Chennai,Tamil Nadu,2024-10-24,Occasional,Social
C02266,Customer 02266,49,Male,Kochi,Kerala,2025-02-10,Regular,Referral
C02267,Customer 02267,58,Male,Jaipur,Rajasthan,2024-11-03,Occasional,Paid
C02268,Customer 02268,37,Male,Indore,Madhya Pradesh,2024-04-11,Regular,Organic
C02269,Customer 02269,18,Male,Chennai,Tamil Nadu,2024-12-26,Regular,Paid
C02270,Customer 02270,64,Female,Mumbai,Maharashtra,2026-04-26,Regular,Social
C02271,Customer 02271,23,Male,Chennai,Tamil Nadu,2025-09-15,Occasional,Paid
C02272,Customer 02272,36,Female,Indore,Madhya Pradesh,2025-11-23,Regular,Organic
C02273,Customer 02273,35,Male,Kolkata,West Bengal,2025-09-07,Regular,Organic
C02274,Customer 02274,23,Other,Lucknow,Uttar Pradesh,2025-06-11,Regular,Paid
C02275,Customer 02275,62,Female,Pune,Maharashtra,2025-08-30,Regular,Social
C02276,Customer 02276,50,Female,Hyderabad,Telangana,2024-10-19,Premium,Social
C02277,Customer 02277,40,Male,Mumbai,Maharashtra,2024-05-25,Regular,Social
C02278,Customer 02278,40,Female,Indore,Madhya Pradesh,2025-02-07,Regular,Referral
C02279,Customer 02279,43,Female,Lucknow,Uttar Pradesh,2026-03-24,Regular,Paid
C02280,Customer 02280,30,Female,Lucknow,Uttar Pradesh,2024-01-02,Regular,Referral
C02281,Customer 02281,24,Female,Chennai,Tamil Nadu,2024-04-28,Regular,Paid
C02282,Customer 02282,32,Female,Pune,Maharashtra,2026-05-04,Occasional,Referral
C02283,Customer 02283,61,Male,Lucknow,Uttar Pradesh,2025-08-28,Occasional,Paid
C02284,Customer 02284,44,Female,Pune,Maharashtra,2024-07-09,Regular,Referral
C02285,Customer 02285,43,Female,Chennai,Tamil Nadu,2024-01-03,Premium,Organic
C02286,Customer 02286,50,Male,Indore,Madhya Pradesh,2025-05-01,Occasional,Organic
C02287,Customer 02287,32,Male,Jaipur,Rajasthan,2025-09-14,Occasional,Social
C02288,Customer 02288,53,Male,Kolkata,West Bengal,2024-06-25,Regular,Social
C02289,Customer 02289,62,Female,Lucknow,Uttar Pradesh,2024-09-13,Premium,Paid
C02290,Customer 02290,44,Male,Delhi,Delhi,2026-05-22,Premium,Organic
C02291,Customer 02291,22,Male,Kolkata,West Bengal,2025-06-17,Premium,Social
C02292,Customer 02292,19,Male,Chennai,Tamil Nadu,2025-04-21,Premium,Referral
C02293,Customer 02293,50,Female,Hyderabad,Telangana,2025-02-01,Occasional,Paid
C02294,Customer 02294,33,Male,Delhi,Delhi,2025-05-10,Regular,Referral
C02295,Customer 02295,40,Female,Mumbai,Maharashtra,2024-08-07,Regular,Paid
C02296,Customer 02296,55,Male,Kolkata,West Bengal,2024-06-21,Occasional,Paid
C02297,Customer 02297,33,Female,Chennai,Tamil Nadu,2026-01-05,Occasional,Social
C02298,Customer 02298,31,Female,Kolkata,West Bengal,2025-01-24,Occasional,Organic
C02299,Customer 02299,46,Male,Lucknow,Uttar Pradesh,2025-05-16,Occasional,Organic
C02300,Customer 02300,43,Male,Indore,Madhya Pradesh,2025-07-30,Regular,Organic
C02301,Customer 02301,52,Female,Delhi,Delhi,2026-02-27,Occasional,Paid
C02302,Customer 02302,32,Male,Ahmedabad,Gujarat,2026-01-30,Occasional,Organic
C02303,Customer 02303,20,Male,Kochi,Kerala,2024-09-16,Premium,Organic
C02304,Customer 02304,40,Female,Kolkata,West Bengal,2024-05-10,Regular,Organic
C02305,Customer 02305,46,Other,Mumbai,Maharashtra,2024-04-22,Regular,Organic
C02306,Customer 02306,51,Female,Mumbai,Maharashtra,2026-03-08,Occasional,Paid
C02307,Customer 02307,50,Male,Bangalore,Karnataka,2026-03-09,Regular,Organic
C02308,Customer 02308,58,Male,Kolkata,West Bengal,2025-12-23,Regular,Referral
C02309,Customer 02309,58,Male,Kochi,Kerala,2024-01-20,Premium,Paid
C02310,Customer 02310,40,Female,Jaipur,Rajasthan,2024-08-02,Regular,Organic
C02311,Customer 02311,24,Female,Lucknow,Uttar Pradesh,2024-11-05,Premium,Referral
C02312,Customer 02312,20,Female,Pune,Maharashtra,2024-09-07,Regular,Social
C02313,Customer 02313,49,Male,Indore,Madhya Pradesh,2025-05-02,Occasional,Social
C02314,Customer 02314,48,Female,Kochi,Kerala,2025-01-16,Regular,Organic
C02315,Customer 02315,35,Male,Pune,Maharashtra,2025-02-12,Regular,Referral
C02316,Customer 02316,60,Male,Pune,Maharashtra,2024-09-27,Regular,Paid
C02317,Customer 02317,24,Female,Ahmedabad,Gujarat,2025-02-10,Premium,Organic
C02318,Customer 02318,58,Male,Bangalore,Karnataka,2025-11-22,Regular,Organic
C02319,Customer 02319,18,Female,Kochi,Kerala,2024-07-12,Premium,Paid
C02320,Customer 02320,31,Female,Kochi,Kerala,2025-03-16,Regular,Paid
C02321,Customer 02321,49,Female,Ahmedabad,Gujarat,2024-11-08,Premium,Referral
C02322,Customer 02322,23,Female,Kolkata,West Bengal,2024-03-19,Premium,Referral
C02323,Customer 02323,56,Female,Kolkata,West Bengal,2024-06-28,Regular,Organic
C02324,Customer 02324,27,Female,Kolkata,West Bengal,2025-11-05,Regular,Paid
C02325,Customer 02325,24,Male,Hyderabad,Telangana,2025-12-14,Premium,Paid
C02326,Customer 02326,43,Male,Pune,Maharashtra,2024-01-14,Regular,Paid
C02327,Customer 02327,51,Female,Hyderabad,Telangana,2026-05-08,Occasional,Social
C02328,Customer 02328,47,Female,Bangalore,Karnataka,2024-09-02,Occasional,Referral
C02329,Customer 02329,53,Female,Indore,Madhya Pradesh,2024-01-14,Premium,Social
C02330,Customer 02330,38,Male,Ahmedabad,Gujarat,2024-04-08,Regular,Referral
C02331,Customer 02331,34,Male,Kochi,Kerala,2024-02-02,Regular,Paid
C02332,Customer 02332,50,Male,Lucknow,Uttar Pradesh,2025-03-11,Premium,Paid
C02333,Customer 02333,27,Female,Pune,Maharashtra,2024-09-13,Occasional,Paid
C02334,Customer 02334,64,Female,Hyderabad,Telangana,2024-02-03,Occasional,Paid
C02335,Customer 02335,59,Female,Hyderabad,Telangana,2024-01-19,Occasional,Social
C02336,Customer 02336,29,Male,Chennai,Tamil Nadu,2025-10-25,Occasional,Paid
C02337,Customer 02337,33,Male,bangalore,Telangana,2024-09-16,Occasional,Organic
C02338,Customer 02338,58,Female,Indore,Madhya Pradesh,2025-11-06,Regular,Referral
C02339,Customer 02339,49,Female,Jaipur,Rajasthan,2025-08-11,Regular,Social
C02340,Customer 02340,32,Male,Kochi,Kerala,2026-04-05,Occasional,Paid
C02341,Customer 02341,44,Female,Jaipur,Rajasthan,2025-02-19,Regular,Referral
C02342,Customer 02342,45,Male,Kochi,Kerala,2024-05-16,Regular,Organic
C02343,Customer 02343,34,Female,Ahmedabad,Gujarat,2024-12-24,Regular,Paid
C02344,Customer 02344,63,Female,Kochi,Kerala,2025-12-20,Occasional,Organic
C02345,Customer 02345,19,Female,Jaipur,Rajasthan,2026-01-23,Premium,Organic
C02346,Customer 02346,53,Female,Kochi,Kerala,2025-08-01,Regular,Referral
C02347,Customer 02347,24,Male,Ahmedabad,Gujarat,2024-04-25,Occasional,Paid
C02348,Customer 02348,30,Female,Ahmedabad,Gujarat,2025-02-07,Occasional,Referral
C02349,Customer 02349,32,Female,Bangalore,Karnataka,2024-07-20,Occasional,Social
C02350,Customer 02350,42,Female,Kochi,Kerala,2025-01-10,Regular,Organic
C02351,Customer 02351,40,Female,Lucknow,Uttar Pradesh,2024-09-06,Premium,Referral
C02352,Customer 02352,39,Male,Chennai,Tamil Nadu,2025-03-21,Occasional,Paid
C02353,Customer 02353,43,Female,Kolkata,West Bengal,2024-10-04,Regular,Organic
C02354,Customer 02354,50,Female,Mumbai,Maharashtra,2024-04-21,Regular,Referral
C02355,Customer 02355,28,Male,Ahmedabad,Gujarat,2026-04-22,Regular,Referral
C02356,Customer 02356,27,Female,Delhi,Delhi,2025-04-17,Regular,Paid
C02357,Customer 02357,42,Male,Kolkata,West Bengal,2026-01-15,Regular,Social
C02358,Customer 02358,54,Male,Indore,Madhya Pradesh,2025-11-18,Regular,Paid
C02359,Customer 02359,65,Male,Pune,Maharashtra,2025-01-26,Regular,Social
C02360,Customer 02360,60,Female,Kochi,Kerala,2024-05-22,Occasional,Paid
C02361,Customer 02361,55,Female,Jaipur,Rajasthan,2024-02-01,Regular,Organic
C02362,Customer 02362,58,Female,Mumbai,Maharashtra,2024-06-29,Regular,Paid
C02363,Customer 02363,62,Female,Delhi,Delhi,2025-08-01,Regular,Organic
C02364,Customer 02364,41,Male,Kolkata,West Bengal,2025-05-30,Regular,Referral
C02365,Customer 02365,57,Male,Kochi,Kerala,2026-03-08,Occasional,Referral
C02366,Customer 02366,63,Male,Bangalore,Karnataka,2024-09-25,Premium,Paid
C02367,Customer 02367,50,Female,Pune,Maharashtra,2024-08-23,Occasional,Organic
C02368,Customer 02368,34,Female,Mumbai,Maharashtra,2024-10-03,Regular,Paid
C02369,Customer 02369,41,Male,Chennai,Tamil Nadu,2025-07-06,Regular,Organic
C02370,Customer 02370,54,Female,Bangalore,Karnataka,2025-09-24,Premium,Referral
C02371,Customer 02371,19,Female,Delhi,Delhi,2024-10-01,Regular,Referral
C02372,Customer 02372,49,Male,Indore,Madhya Pradesh,2026-01-12,Regular,Social
C02373,Customer 02373,41,,Mumbai,Maharashtra,2026-03-26,Regular,Organic
C02374,Customer 02374,26,Female,Bangalore,Karnataka,2024-03-26,Regular,Paid
C02375,Customer 02375,21,Female,Pune,Maharashtra,2024-03-03,Occasional,Paid
C02376,Customer 02376,34,Male,Chennai,Tamil Nadu,2025-02-07,Occasional,Social
C02377,Customer 02377,34,Female,Bangalore,Karnataka,2024-07-10,Regular,Referral
C02378,Customer 02378,65,Female,Hyderabad,Telangana,2024-10-19,Regular,Organic
C02379,Customer 02379,47,Male,Chennai,Tamil Nadu,2024-01-31,Regular,Paid
C02380,Customer 02380,57,Female,Delhi,Delhi,2024-11-25,Occasional,Referral
C02381,Customer 02381,28,Male,Indore,Madhya Pradesh,2025-10-19,Regular,Referral
C02382,Customer 02382,38,Female,Pune,Maharashtra,2024-04-16,Regular,Social
C02383,Customer 02383,38,Female,Lucknow,Uttar Pradesh,2026-05-20,Regular,Organic
C02384,Customer 02384,35,Female,Kochi,Kerala,2025-09-13,Regular,Social
C02385,Customer 02385,46,Male,Jaipur,Rajasthan,2024-10-02,Regular,Organic
C02386,Customer 02386,41,Male,Jaipur,Rajasthan,2025-12-22,Premium,Social
C02387,Customer 02387,27,Male,Jaipur,Rajasthan,2025-10-12,Occasional,Social
C02388,Customer 02388,62,Male,Mumbai,Maharashtra,2025-08-20,Occasional,Referral
C02389,Customer 02389,34,Male,Delhi,Delhi,2025-07-09,Regular,Referral
C02390,Customer 02390,35,Female,Pune,Maharashtra,2024-03-22,Premium,Organic
C02391,Customer 02391,59,Male,Chennai,Tamil Nadu,2024-03-04,Regular,Organic
C02392,Customer 02392,65,Female,Mumbai,Maharashtra,2026-06-08,Occasional,Organic
C02393,Customer 02393,37,Male,Delhi,Delhi,2026-05-04,Occasional,Organic
C02394,Customer 02394,54,Female,Kochi,Kerala,2026-04-12,Regular,Paid
C02395,Customer 02395,62,Female,Hyderabad,Telangana,2025-07-20,Premium,Organic
C02396,Customer 02396,35,Female,Pune,Maharashtra,2025-08-08,Regular,Social
C02397,Customer 02397,34,Other,Jaipur,Rajasthan,2026-06-03,Regular,Paid
C02398,Customer 02398,26,Male,Bangalore,Karnataka,2024-05-08,Regular,Referral
C02399,Customer 02399,31,Male,Lucknow,Uttar Pradesh,2024-09-12,Occasional,Referral
C02400,Customer 02400,46,Male,Pune,Maharashtra,2024-08-18,Regular,Paid
C02401,Customer 02401,48,Male,Ahmedabad,Gujarat,2025-05-11,Premium,Organic
C02402,Customer 02402,21,Female,Indore,Madhya Pradesh,2024-05-16,Occasional,Paid
C02403,Customer 02403,35,Female,Delhi,Delhi,2026-05-12,Premium,Referral
C02404,Customer 02404,37,Female,Kolkata,West Bengal,2025-03-30,Occasional,Referral
C02405,Customer 02405,64,Male,Kochi,Kerala,2024-12-20,Regular,Organic
C02406,Customer 02406,60,Other,Hyderabad,Telangana,2025-09-15,Occasional,Social
C02407,Customer 02407,61,Female,Kochi,Kerala,2025-04-29,Regular,Organic
C02408,Customer 02408,26,Male,Pune,Maharashtra,2026-03-30,Premium,Referral
C02409,Customer 02409,30,Male,Kolkata,West Bengal,2024-05-25,Regular,Paid
C02410,Customer 02410,32,Female,Ahmedabad,Gujarat,2024-02-02,Regular,Referral
C02411,Customer 02411,44,Other,Chennai,Tamil Nadu,2024-09-16,Regular,Social
C02412,Customer 02412,32,Male,Bengaluru,Karnataka,2024-03-27,Occasional,Referral
C02413,Customer 02413,45,Male,Kolkata,West Bengal,2026-04-22,Occasional,Paid
C02414,Customer 02414,54,Female,Delhi,Delhi,2024-09-21,Regular,Organic
C02415,Customer 02415,36,Female,Jaipur,Rajasthan,2026-04-11,Premium,Social
C02416,Customer 02416,43,Male,Ahmedabad,Gujarat,2025-06-25,Occasional,Paid
C02417,Customer 02417,43,Female,Bangalore,Karnataka,2025-01-26,Occasional,Organic
C02418,Customer 02418,42,Female,Lucknow,Uttar Pradesh,2024-08-19,Regular,Referral
C02419,Customer 02419,43,Female,Hyderabad,Telangana,2025-08-10,Occasional,Organic
C02420,Customer 02420,43,Female,Jaipur,Rajasthan,2025-03-22,Premium,Organic
C02421,Customer 02421,63,Female,Pune,Maharashtra,2024-05-08,Regular,Social
C02422,Customer 02422,45,Male,Kolkata,West Bengal,2024-09-27,Premium,Paid
C02423,Customer 02423,35,Female,Bangalore,Karnataka,2024-03-29,Occasional,Organic
C02424,Customer 02424,49,Male,Indore,Madhya Pradesh,2025-04-10,Regular,Referral
C02425,Customer 02425,20,Female,Mumbai,Maharashtra,2024-06-18,Regular,Social
C02426,Customer 02426,19,Male,Indore,Madhya Pradesh,2024-05-07,Premium,Organic
C02427,Customer 02427,50,Female,Chennai,Tamil Nadu,2024-06-22,Premium,Referral
C02428,Customer 02428,59,Male,Indore,Madhya Pradesh,2024-01-26,Premium,Referral
C02429,Customer 02429,36,Female,Lucknow,Uttar Pradesh,2025-07-26,Regular,Organic
C02430,Customer 02430,34,Male,bangalore,Tamil Nadu,2025-05-25,Regular,Paid
C02431,Customer 02431,61,Female,Ahmedabad,Gujarat,2025-05-02,Regular,Organic
C02432,Customer 02432,50,Female,Hyderabad,Telangana,2026-06-09,Occasional,Referral
C02433,Customer 02433,29,Female,Ahmedabad,Gujarat,2025-08-01,Regular,Social
C02434,Customer 02434,20,,Mumbai,Maharashtra,2025-02-09,Occasional,Organic
C02435,Customer 02435,60,Male,Delhi,Delhi,2024-01-26,Premium,Social
C02436,Customer 02436,43,Female,Hyderabad,Telangana,2024-03-23,Regular,Referral
C02437,Customer 02437,52,Female,Indore,Madhya Pradesh,2024-12-29,Regular,Paid
C02438,Customer 02438,25,Female,Kochi,Kerala,2025-01-01,Regular,Referral
C02439,Customer 02439,53,Female,Delhi,Delhi,2024-02-29,Premium,Organic
C02440,Customer 02440,24,Female,Hyderabad,Telangana,2025-07-04,Occasional,Social
C02441,Customer 02441,63,,Hyderabad,Telangana,2025-09-26,Occasional,Paid
C02442,Customer 02442,63,Female,Mumbai,Maharashtra,2024-10-18,Premium,Referral
C02443,Customer 02443,53,Female,Pune,Maharashtra,2026-02-27,Regular,Referral
C02444,Customer 02444,33,Female,Indore,Madhya Pradesh,2026-06-04,Occasional,Paid
C02445,Customer 02445,41,,Mumbai,Maharashtra,2026-03-26,Premium,Social
C02446,Customer 02446,18,Male,Hyderabad,Telangana,2026-03-04,Regular,Referral
C02447,Customer 02447,42,Male,Bangalore,Karnataka,2024-07-09,Occasional,Social
C02448,Customer 02448,27,Male,Delhi,Delhi,2025-04-05,Occasional,Referral
C02449,Customer 02449,33,Male,Mumbai,Maharashtra,2026-03-14,Regular,Organic
C02450,Customer 02450,33,Female,Pune,Maharashtra,2025-10-25,Premium,Social
C02451,Customer 02451,25,Female,Kolkata,West Bengal,2026-06-14,Regular,Referral
C02452,Customer 02452,46,Male,Ahmedabad,Gujarat,2024-08-20,Occasional,Referral
C02453,Customer 02453,56,Male,Hyderabad,Telangana,2025-04-18,Occasional,Social
C02454,Customer 02454,45,Female,Indore,Madhya Pradesh,2025-02-08,Regular,Organic
C02455,Customer 02455,23,Female,Kochi,Kerala,2025-10-19,Occasional,Paid
C02456,Customer 02456,33,Female,Kolkata,West Bengal,2024-09-27,Occasional,Organic
C02457,Customer 02457,37,Female,Chennai,Tamil Nadu,2026-04-26,Regular,Referral
C02458,Customer 02458,33,Female,Jaipur,Rajasthan,2024-05-13,Occasional,Social
C02459,Customer 02459,24,Male,Pune,Maharashtra,2024-06-19,Regular,Social
C02460,Customer 02460,58,Male,Kochi,Kerala,2025-02-18,Regular,Paid
C02461,Customer 02461,31,Male,Jaipur,Rajasthan,2024-01-28,Regular,Referral
C02462,Customer 02462,60,Male,Pune,Maharashtra,2024-05-15,Occasional,Social
C02463,Customer 02463,43,Female,Indore,Madhya Pradesh,2025-02-08,Regular,Referral
C02464,Customer 02464,43,Female,Bangalore,Karnataka,2026-06-06,Regular,Organic
C02465,Customer 02465,31,Male,Indore,Madhya Pradesh,2025-05-19,Occasional,Referral
C02466,Customer 02466,24,Female,Ahmedabad,Gujarat,2024-08-28,Regular,Social
C02467,Customer 02467,50,Male,Kolkata,West Bengal,2026-05-05,Occasional,Social
C02468,Customer 02468,43,Female,Delhi,Delhi,2025-03-19,Premium,Referral
C02469,Customer 02469,62,Female,Pune,Maharashtra,2025-03-09,Regular,Social
C02470,Customer 02470,37,Male,Indore,Madhya Pradesh,2024-08-15,Regular,Organic
C02471,Customer 02471,20,Male,Delhi,Delhi,2025-05-23,Occasional,Organic
C02472,Customer 02472,21,Female,Ahmedabad,Gujarat,2026-03-09,Premium,Social
C02473,Customer 02473,43,Female,Hyderabad,Telangana,2024-10-29,Regular,Organic
C02474,Customer 02474,28,Male,Chennai,Tamil Nadu,2024-02-03,Occasional,Organic
C02475,Customer 02475,19,Female,Kolkata,West Bengal,2024-01-02,Regular,Paid
C02476,Customer 02476,31,Female,Ahmedabad,Gujarat,2024-12-27,Occasional,Referral
C02477,Customer 02477,61,Male,Ahmedabad,Gujarat,2024-07-13,Occasional,Referral
C02478,Customer 02478,47,Male,Indore,Madhya Pradesh,2025-08-28,Regular,Organic
C02479,Customer 02479,29,Male,Bangalore,Karnataka,2026-04-19,Premium,Social
C02480,Customer 02480,43,Female,Jaipur,Rajasthan,2024-11-03,Regular,Social
C02481,Customer 02481,61,Female,Chennai,Tamil Nadu,2025-10-08,Regular,Paid
C02482,Customer 02482,50,Female,Kolkata,West Bengal,2025-12-16,Occasional,Paid
C02483,Customer 02483,30,Female,Hyderabad,Telangana,2024-09-06,Occasional,Referral
C02484,Customer 02484,31,Female,Hyderabad,Telangana,2024-05-26,Premium,Referral
C02485,Customer 02485,41,Female,Mumbai,Maharashtra,2024-12-11,Regular,Paid
C02486,Customer 02486,51,Female,Ahmedabad,Gujarat,2024-12-13,Regular,Paid
C02487,Customer 02487,61,Male,Pune,Maharashtra,2024-09-10,Premium,Paid
C02488,Customer 02488,43,Female,Bangalore,Karnataka,2025-02-02,Regular,Organic
C02489,Customer 02489,38,Female,Chennai,Tamil Nadu,2024-11-29,Regular,Paid
C02490,Customer 02490,45,Female,Indore,Madhya Pradesh,2024-06-24,Regular,Referral
C02491,Customer 02491,65,Male,Hyderabad,Telangana,2024-05-04,Regular,Referral
C02492,Customer 02492,53,Female,Kolkata,West Bengal,2026-02-01,Occasional,Referral
C02493,Customer 02493,57,Female,Mumbai,Maharashtra,2025-02-01,Premium,Paid
C02494,Customer 02494,19,Male,Kolkata,West Bengal,2024-05-10,Occasional,Referral
C02495,Customer 02495,59,Female,Bangalore,Karnataka,2025-07-15,Regular,Organic
C02496,Customer 02496,26,Male,Pune,Maharashtra,2025-08-27,Occasional,Paid
C02497,Customer 02497,40,Female,Mumbai,Maharashtra,2026-06-10,Regular,Referral
C02498,Customer 02498,32,Female,Mumbai,Maharashtra,2026-04-01,Occasional,Referral
C02499,Customer 02499,30,Female,Jaipur,Rajasthan,2025-02-10,Occasional,Paid
C02500,Customer 02500,40,Male,Chennai,Tamil Nadu,2026-01-01,Regular,Referral
C02501,Customer 02501,34,Male,Mumbai,Maharashtra,2026-04-25,Regular,Social
C02502,Customer 02502,65,Female,Lucknow,Uttar Pradesh,2024-11-29,Occasional,Paid
C02503,Customer 02503,19,Male,Jaipur,Rajasthan,2024-01-20,Occasional,Referral
C02504,Customer 02504,37,Female,Jaipur,Rajasthan,2024-07-23,Occasional,Social
C02505,Customer 02505,37,Male,Bangalore,Karnataka,2025-08-25,Occasional,Referral
C02506,Customer 02506,63,Female,Lucknow,Uttar Pradesh,2024-12-20,Regular,Paid
C02507,Customer 02507,20,Female,Bengaluru,Delhi,2024-06-21,Premium,Organic
C02508,Customer 02508,29,Male,Kolkata,West Bengal,2024-07-07,Regular,Paid
C02509,Customer 02509,57,Female,Pune,Maharashtra,2026-04-03,Occasional,Paid
C02510,Customer 02510,19,Female,Kochi,Kerala,2024-01-02,Regular,Referral
C02511,Customer 02511,53,Female,Kolkata,West Bengal,2026-05-22,Premium,Paid
C02512,Customer 02512,31,Male,Mumbai,Maharashtra,2024-06-16,Occasional,Social
C02513,Customer 02513,33,Female,Pune,Maharashtra,2025-01-02,Occasional,Organic
C02514,Customer 02514,36,Male,bangalore,Telangana,2025-06-19,Regular,Referral
C02515,Customer 02515,51,Male,Delhi,Delhi,2026-05-26,Regular,Paid
C02516,Customer 02516,61,Male,Hyderabad,Telangana,2025-08-02,Regular,Paid
C02517,Customer 02517,63,Female,Lucknow,Uttar Pradesh,2025-01-04,Premium,Social
C02518,Customer 02518,23,Male,Hyderabad,Telangana,2025-12-06,Occasional,Organic
C02519,Customer 02519,30,Female,Indore,Madhya Pradesh,2025-08-18,Regular,Organic
C02520,Customer 02520,53,Male,Chennai,Tamil Nadu,2025-03-12,Occasional,Paid
C02521,Customer 02521,39,Male,Kolkata,West Bengal,2024-07-25,Occasional,Paid
C02522,Customer 02522,35,Female,Kochi,Kerala,2024-02-18,Regular,Referral
C02523,Customer 02523,29,Male,Indore,Madhya Pradesh,2025-06-27,Regular,Social
C02524,Customer 02524,47,Female,Bangalore,Karnataka,2026-04-08,Regular,Organic
C02525,Customer 02525,57,Male,Kochi,Kerala,2025-11-12,Regular,Referral
C02526,Customer 02526,24,Male,Hyderabad,Telangana,2024-05-08,Regular,Referral
C02527,Customer 02527,49,Male,Mumbai,Maharashtra,2025-03-22,Occasional,Social
C02528,Customer 02528,65,Male,Delhi,Delhi,2025-09-05,Regular,Social
C02529,Customer 02529,36,Male,Ahmedabad,Gujarat,2024-02-04,Occasional,Referral
C02530,Customer 02530,23,Female,Kochi,Kerala,2026-03-29,Premium,Paid
C02531,Customer 02531,37,Female,Hyderabad,Telangana,2024-07-17,Premium,Organic
C02532,Customer 02532,44,Female,Delhi,Delhi,2026-03-23,Occasional,Paid
C02533,Customer 02533,60,Female,Bengaluru,Maharashtra,2024-03-17,Regular,Referral
C02534,Customer 02534,54,Female,Kolkata,West Bengal,2025-01-03,Regular,Referral
C02535,Customer 02535,65,Female,Jaipur,Rajasthan,2026-04-12,Regular,Referral
C02536,Customer 02536,24,Male,Chennai,Tamil Nadu,2025-06-09,Regular,Referral
C02537,Customer 02537,22,Male,Delhi,Delhi,2024-12-14,Occasional,Paid
C02538,Customer 02538,28,Male,Mumbai,Maharashtra,2025-05-20,Premium,Referral
C02539,Customer 02539,32,Male,Lucknow,Uttar Pradesh,2025-10-04,Regular,Organic
C02540,Customer 02540,20,Male,Mumbai,Maharashtra,2024-08-25,Regular,Organic
C02541,Customer 02541,22,Female,Delhi,Delhi,2024-10-06,Occasional,Organic
C02542,Customer 02542,40,Male,Mumbai,Maharashtra,2025-07-30,Regular,Social
C02543,Customer 02543,54,Other,Kolkata,West Bengal,2025-03-07,Premium,Organic
C02544,Customer 02544,26,Male,Mumbai,Maharashtra,2024-05-17,Regular,Social
C02545,Customer 02545,32,Male,Kochi,Kerala,2024-09-25,Premium,Organic
C02546,Customer 02546,20,Other,Jaipur,Rajasthan,2026-01-09,Regular,Paid
C02547,Customer 02547,46,Female,Mumbai,Maharashtra,2024-07-19,Premium,Social
C02548,Customer 02548,23,Male,Jaipur,Rajasthan,2024-05-21,Regular,Referral
C02549,Customer 02549,34,Female,Hyderabad,Telangana,2025-09-03,Premium,Organic
C02550,Customer 02550,43,Female,Bangalore,Karnataka,2025-10-11,Regular,Organic
C02551,Customer 02551,38,Female,Kolkata,West Bengal,2025-11-10,Occasional,Social
C02552,Customer 02552,25,Male,Bangalore,Karnataka,2025-09-02,Occasional,Paid
C02553,Customer 02553,38,Female,Hyderabad,Telangana,2026-04-02,Premium,Referral
C02554,Customer 02554,28,Female,Kolkata,West Bengal,2026-04-10,Regular,Paid
C02555,Customer 02555,55,Male,Delhi,Delhi,2026-04-18,Regular,Paid
C02556,Customer 02556,25,Female,Delhi,Delhi,2024-12-20,Occasional,Organic
C02557,Customer 02557,59,Male,Jaipur,Rajasthan,2025-07-31,Premium,Referral
C02558,Customer 02558,41,Female,Hyderabad,Telangana,2026-04-26,Occasional,Referral
C02559,Customer 02559,52,Male,Jaipur,Rajasthan,2024-11-24,Regular,Organic
C02560,Customer 02560,31,Female,Chennai,Tamil Nadu,2025-07-12,Regular,Referral
C02561,Customer 02561,31,Female,Mumbai,Maharashtra,2026-04-28,Occasional,Social
C02562,Customer 02562,27,Male,Ahmedabad,Gujarat,2026-06-12,Occasional,Social
C02563,Customer 02563,29,Male,Chennai,Tamil Nadu,2024-08-18,Occasional,Organic
C02564,Customer 02564,55,Female,Mumbai,Maharashtra,2024-11-03,Regular,Paid
C02565,Customer 02565,61,Female,Kolkata,West Bengal,2025-10-19,Regular,Social
C02566,Customer 02566,63,Male,Jaipur,Rajasthan,2025-12-19,Regular,Organic
C02567,Customer 02567,51,Male,Kolkata,West Bengal,2024-05-25,Regular,Organic
C02568,Customer 02568,58,Female,Indore,Madhya Pradesh,2024-05-31,Regular,Social
C02569,Customer 02569,27,Female,Indore,Madhya Pradesh,2026-03-01,Regular,Paid
C02570,Customer 02570,34,Male,Indore,Madhya Pradesh,2024-05-19,Premium,Paid
C02571,Customer 02571,34,Female,Kolkata,West Bengal,2025-10-24,Regular,Paid
C02572,Customer 02572,20,Female,bangalore,Maharashtra,2024-01-21,Occasional,Social
C02573,Customer 02573,48,Male,Indore,Madhya Pradesh,2024-09-10,Occasional,Paid
C02574,Customer 02574,18,Male,Hyderabad,Telangana,2024-03-04,Regular,Social
C02575,Customer 02575,29,Male,Lucknow,Uttar Pradesh,2024-08-05,Regular,Referral
C02576,Customer 02576,56,Female,Mumbai,Maharashtra,2024-03-12,Premium,Paid
C02577,Customer 02577,21,Female,Indore,Madhya Pradesh,2024-06-10,Occasional,Paid
C02578,Customer 02578,59,Female,Pune,Maharashtra,2024-05-09,Regular,Organic
C02579,Customer 02579,30,Male,Delhi,Delhi,2025-08-03,Occasional,Referral
C02580,Customer 02580,51,Male,Delhi,Delhi,2024-08-12,Occasional,Paid
C02581,Customer 02581,59,Female,Chennai,Tamil Nadu,2026-01-27,Regular,Social
C02582,Customer 02582,38,Male,Delhi,Delhi,2025-08-02,Regular,Paid
C02583,Customer 02583,39,Female,Mumbai,Maharashtra,2025-03-29,Occasional,Paid
C02584,Customer 02584,21,Female,Kochi,Kerala,2025-01-18,Premium,Paid
C02585,Customer 02585,35,Male,Jaipur,Rajasthan,2024-04-16,Regular,Referral
C02586,Customer 02586,22,Male,Mumbai,Maharashtra,2025-09-12,Occasional,Paid
C02587,Customer 02587,36,Male,Lucknow,Uttar Pradesh,2026-04-19,Regular,Organic
C02588,Customer 02588,19,Male,Mumbai,Maharashtra,2024-04-12,Occasional,Social
C02589,Customer 02589,29,Female,Ahmedabad,Gujarat,2024-05-20,Occasional,Referral
C02590,Customer 02590,34,Male,Jaipur,Rajasthan,2025-07-30,Occasional,Referral
C02591,Customer 02591,27,Male,Pune,Maharashtra,2024-05-13,Regular,Referral
C02592,Customer 02592,51,Female,Delhi,Delhi,2024-07-17,Regular,Referral
C02593,Customer 02593,23,Male,Jaipur,Rajasthan,2026-05-29,Premium,Paid
C02594,Customer 02594,25,Female,Delhi,Delhi,2025-05-24,Occasional,Organic
C02595,Customer 02595,28,Male,Chennai,Tamil Nadu,2025-10-28,Occasional,Social
C02596,Customer 02596,29,Male,Jaipur,Rajasthan,2024-03-19,Regular,Organic
C02597,Customer 02597,26,Male,Indore,Madhya Pradesh,2026-06-12,Regular,Referral
C02598,Customer 02598,19,Male,Delhi,Delhi,2025-04-26,Premium,Organic
C02599,Customer 02599,25,Female,Pune,Maharashtra,2025-05-26,Occasional,Paid
C02600,Customer 02600,28,Female,Indore,Madhya Pradesh,2024-09-06,Occasional,Organic
C02601,Customer 02601,53,Male,Bangalore,Karnataka,2026-06-07,Occasional,Paid
C02602,Customer 02602,27,Male,Kolkata,West Bengal,2025-08-21,Occasional,Referral
C02603,Customer 02603,38,Male,Kolkata,West Bengal,2026-03-26,Occasional,Organic
C02604,Customer 02604,37,Male,Pune,Maharashtra,2026-01-22,Occasional,Paid
C02605,Customer 02605,65,Male,Ahmedabad,Gujarat,2025-08-22,Regular,Social
C02606,Customer 02606,25,Female,Bangalore,Karnataka,2025-04-27,Regular,Paid
C02607,Customer 02607,53,Female,Chennai,Tamil Nadu,2026-04-15,Occasional,Social
C02608,Customer 02608,46,Male,Pune,Maharashtra,2024-06-20,Regular,Social
C02609,Customer 02609,59,Female,Indore,Madhya Pradesh,2026-05-18,Regular,Social
C02610,Customer 02610,29,Female,Kolkata,West Bengal,2024-01-17,Premium,Social
C02611,Customer 02611,31,Male,Kolkata,West Bengal,2026-01-04,Regular,Paid
C02612,Customer 02612,65,Female,Kolkata,West Bengal,2024-10-20,Regular,Social
C02613,Customer 02613,38,Female,Indore,Madhya Pradesh,2025-01-28,Regular,Social
C02614,Customer 02614,39,Male,Hyderabad,Telangana,2026-04-01,Regular,Social
C02615,Customer 02615,38,Other,Pune,Maharashtra,2025-05-12,Regular,Organic
C02616,Customer 02616,61,Male,Mumbai,Maharashtra,2024-08-06,Premium,Social
C02617,Customer 02617,47,Male,Chennai,Tamil Nadu,2024-08-21,Occasional,Referral
C02618,Customer 02618,56,Female,Kolkata,West Bengal,2025-01-24,Regular,Referral
C02619,Customer 02619,37,Male,Delhi,Delhi,2024-09-04,Regular,Organic
C02620,Customer 02620,41,Male,Pune,Maharashtra,2024-02-21,Premium,Organic
C02621,Customer 02621,40,Male,Lucknow,Uttar Pradesh,2024-01-15,Regular,Social
C02622,Customer 02622,24,Female,Indore,Madhya Pradesh,2024-11-19,Regular,Paid
C02623,Customer 02623,26,Female,Hyderabad,Telangana,2025-03-16,Occasional,Paid
C02624,Customer 02624,18,Female,Pune,Maharashtra,2024-04-21,Occasional,Social
C02625,Customer 02625,43,Female,Chennai,Tamil Nadu,2025-11-26,Regular,Organic
C02626,Customer 02626,55,Male,Hyderabad,Telangana,2026-05-21,Regular,Paid
C02627,Customer 02627,55,Male,Chennai,Tamil Nadu,2024-01-07,Regular,Paid
C02628,Customer 02628,61,Female,Pune,Maharashtra,2025-07-16,Occasional,Paid
C02629,Customer 02629,39,Female,Mumbai,Maharashtra,2026-04-05,Occasional,Paid
C02630,Customer 02630,61,Male,Lucknow,Uttar Pradesh,2026-01-22,Regular,Organic
C02631,Customer 02631,27,Male,Chennai,Tamil Nadu,2024-09-01,Regular,Organic
C02632,Customer 02632,23,Female,Hyderabad,Telangana,2025-03-23,Occasional,Referral
C02633,Customer 02633,34,Other,Hyderabad,Telangana,2024-12-30,Occasional,Social
C02634,Customer 02634,55,Female,Chennai,Tamil Nadu,2025-01-01,Regular,Paid
C02635,Customer 02635,41,Male,Kochi,Kerala,2025-11-28,Occasional,Organic
C02636,Customer 02636,27,Other,Pune,Maharashtra,2024-10-13,Regular,Organic
C02637,Customer 02637,25,Female,Kochi,Kerala,2025-08-26,Regular,Social
C02638,Customer 02638,38,Female,Ahmedabad,Gujarat,2024-04-15,Occasional,Social
C02639,Customer 02639,23,Female,Pune,Maharashtra,2024-01-13,Regular,Paid
C02640,Customer 02640,38,Female,Chennai,Tamil Nadu,2024-05-25,Occasional,Organic
C02641,Customer 02641,56,Female,Bangalore,Karnataka,2025-04-22,Regular,Referral
C02642,Customer 02642,41,Female,Chennai,Tamil Nadu,2025-09-22,Regular,Referral
C02643,Customer 02643,50,Female,Kochi,Kerala,2025-12-15,Premium,Paid
C02644,Customer 02644,35,Female,Mumbai,Maharashtra,2025-10-14,Regular,Referral
C02645,Customer 02645,45,Male,Chennai,Tamil Nadu,2024-04-24,Regular,Referral
C02646,Customer 02646,49,Female,Chennai,Tamil Nadu,2025-05-23,Occasional,Social
C02647,Customer 02647,29,Female,Mumbai,Maharashtra,2024-05-31,Regular,Organic
C02648,Customer 02648,65,Female,Chennai,Tamil Nadu,2024-02-26,Occasional,Social
C02649,Customer 02649,59,Male,Kolkata,West Bengal,2025-01-16,Regular,Paid
C02650,Customer 02650,44,Female,Bangalore,Karnataka,2024-06-05,Occasional,Referral
C02651,Customer 02651,27,Male,Delhi,Delhi,2026-04-01,Regular,Paid
C02652,Customer 02652,63,Female,Bangalore,Karnataka,2024-05-12,Regular,Paid
C02653,Customer 02653,59,Female,Indore,Madhya Pradesh,2024-06-11,Regular,Referral
C02654,Customer 02654,49,Male,Lucknow,Uttar Pradesh,2024-10-01,Regular,Paid
C02655,Customer 02655,59,Female,Chennai,Tamil Nadu,2025-11-25,Regular,Organic
C02656,Customer 02656,43,Male,Kolkata,West Bengal,2024-03-17,Regular,Paid
C02657,Customer 02657,42,Male,Pune,Maharashtra,2026-04-16,Occasional,Paid
C02658,Customer 02658,28,Female,Chennai,Tamil Nadu,2024-02-13,Occasional,Organic
C02659,Customer 02659,40,Male,Kochi,Kerala,2025-12-18,Occasional,Social
C02660,Customer 02660,51,Male,Kolkata,West Bengal,2025-07-03,Regular,Organic
C02661,Customer 02661,57,Male,Mumbai,Maharashtra,2024-11-13,Occasional,Paid
C02662,Customer 02662,40,Male,Kolkata,West Bengal,2025-06-17,Occasional,Organic
C02663,Customer 02663,46,Female,Indore,Madhya Pradesh,2025-08-07,Regular,Paid
C02664,Customer 02664,48,Female,Mumbai,Maharashtra,2026-01-22,Regular,Paid
C02665,Customer 02665,24,Female,Ahmedabad,Gujarat,2024-06-02,Regular,Paid
C02666,Customer 02666,57,Male,Delhi,Delhi,2024-08-24,Premium,Organic
C02667,Customer 02667,50,Male,Jaipur,Rajasthan,2026-06-11,Regular,Organic
C02668,Customer 02668,38,Male,Kolkata,West Bengal,2025-05-31,Premium,Referral
C02669,Customer 02669,19,Female,Hyderabad,Telangana,2024-08-08,Occasional,Referral
C02670,Customer 02670,35,Female,Kochi,Kerala,2024-11-05,Regular,Paid
C02671,Customer 02671,64,Female,Chennai,Tamil Nadu,2025-08-20,Regular,Organic
C02672,Customer 02672,50,Female,Kochi,Kerala,2024-06-25,Occasional,Social
C02673,Customer 02673,54,Female,Bangalore,Karnataka,2026-02-09,Occasional,Organic
C02674,Customer 02674,51,Female,Jaipur,Rajasthan,2024-08-07,Occasional,Social
C02675,Customer 02675,37,Female,Bangalore,Karnataka,2024-02-07,Regular,Paid
C02676,Customer 02676,52,Male,Ahmedabad,Gujarat,2025-10-15,Regular,Paid
C02677,Customer 02677,35,Male,Jaipur,Rajasthan,2025-03-06,Regular,Referral
C02678,Customer 02678,63,Female,Jaipur,Rajasthan,2026-01-16,Regular,Social
C02679,Customer 02679,41,Female,Bangalore,Karnataka,2024-07-21,Regular,Paid
C02680,Customer 02680,25,Other,Mumbai,Maharashtra,2026-04-20,Regular,Paid
C02681,Customer 02681,47,Male,Indore,Madhya Pradesh,2026-03-16,Occasional,Paid
C02682,Customer 02682,61,Male,Bangalore,Karnataka,2025-03-23,Premium,Social
C02683,Customer 02683,27,Other,Kochi,Kerala,2025-05-09,Regular,Referral
C02684,Customer 02684,40,Female,Mumbai,Maharashtra,2025-11-14,Regular,Organic
C02685,Customer 02685,28,Male,Kochi,Kerala,2024-05-04,Occasional,Organic
C02686,Customer 02686,19,Female,Indore,Madhya Pradesh,2026-04-17,Regular,Organic
C02687,Customer 02687,43,Male,Ahmedabad,Gujarat,2024-03-05,Regular,Organic
C02688,Customer 02688,53,Male,Chennai,Tamil Nadu,2026-03-03,Premium,Organic
C02689,Customer 02689,50,Female,Indore,Madhya Pradesh,2026-02-22,Regular,Referral
C02690,Customer 02690,64,Female,Lucknow,Uttar Pradesh,2024-08-31,Premium,Organic
C02691,Customer 02691,30,Male,Pune,Maharashtra,2025-06-10,Regular,Paid
C02692,Customer 02692,57,Male,Mumbai,Maharashtra,2024-08-13,Premium,Referral
C02693,Customer 02693,42,Female,Ahmedabad,Gujarat,2025-04-09,Occasional,Organic
C02694,Customer 02694,21,Male,Lucknow,Uttar Pradesh,2025-10-04,Regular,Organic
C02695,Customer 02695,59,Female,Hyderabad,Telangana,2025-12-07,Occasional,Organic
C02696,Customer 02696,36,Female,Ahmedabad,Gujarat,2024-10-19,Regular,Organic
C02697,Customer 02697,35,Male,Bangalore,Karnataka,2025-12-21,Regular,Social
C02698,Customer 02698,54,Female,Bangalore,Karnataka,2025-01-15,Premium,Referral
C02699,Customer 02699,47,Female,Indore,Madhya Pradesh,2025-09-16,Regular,Organic
C02700,Customer 02700,36,Male,Pune,Maharashtra,2026-01-25,Regular,Paid
C02701,Customer 02701,40,Male,Ahmedabad,Gujarat,2024-06-14,Regular,Organic
C02702,Customer 02702,33,Male,Delhi,Delhi,2025-12-03,Occasional,Paid
C02703,Customer 02703,18,Female,Chennai,Tamil Nadu,2026-02-07,Occasional,Paid
C02704,Customer 02704,29,Female,Indore,Madhya Pradesh,2026-04-18,Occasional,Paid
C02705,Customer 02705,41,Male,Bangalore,Karnataka,2024-08-05,Premium,Paid
C02706,Customer 02706,51,Male,Pune,Maharashtra,2026-05-20,Regular,Organic
C02707,Customer 02707,25,Male,Chennai,Tamil Nadu,2024-10-01,Premium,Referral
C02708,Customer 02708,35,Female,Ahmedabad,Gujarat,2024-02-21,Regular,Social
C02709,Customer 02709,65,Male,Ahmedabad,Gujarat,2025-01-08,Regular,Social
C02710,Customer 02710,22,Female,Jaipur,Rajasthan,2025-10-31,Premium,Organic
C02711,Customer 02711,43,Male,Pune,Maharashtra,2024-12-28,Occasional,Referral
C02712,Customer 02712,47,Female,Lucknow,Uttar Pradesh,2025-07-20,Regular,Referral
C02713,Customer 02713,30,Female,Bangalore,Karnataka,2024-01-14,Regular,Social
C02714,Customer 02714,36,Female,Delhi,Delhi,2026-02-19,Premium,Organic
C02715,Customer 02715,46,Male,Ahmedabad,Gujarat,2024-12-05,Regular,Referral
C02716,Customer 02716,20,Female,Delhi,Delhi,2025-08-24,Occasional,Organic
C02717,Customer 02717,43,Male,Ahmedabad,Gujarat,2025-06-22,Regular,Referral
C02718,Customer 02718,57,Male,Bangalore,Karnataka,2024-03-29,Occasional,Paid
C02719,Customer 02719,29,Female,Chennai,Tamil Nadu,2024-02-10,Premium,Referral
C02720,Customer 02720,19,Female,Kolkata,West Bengal,2024-10-30,Regular,Social
C02721,Customer 02721,28,Male,Chennai,Tamil Nadu,2024-09-24,Occasional,Paid
C02722,Customer 02722,61,Male,Ahmedabad,Gujarat,2024-05-17,Regular,Paid
C02723,Customer 02723,45,Female,Kochi,Kerala,2024-01-06,Premium,Organic
C02724,Customer 02724,35,Female,Kolkata,West Bengal,2024-08-29,Regular,Paid
C02725,Customer 02725,30,Male,Lucknow,Uttar Pradesh,2024-06-10,Regular,Paid
C02726,Customer 02726,54,Female,Kolkata,West Bengal,2025-11-22,Occasional,Organic
C02727,Customer 02727,39,Male,Delhi,Delhi,2026-03-19,Occasional,Social
C02728,Customer 02728,29,Female,Pune,Maharashtra,2025-06-01,Occasional,Organic
C02729,Customer 02729,19,Female,Delhi,Delhi,2026-06-16,Regular,Referral
C02730,Customer 02730,54,Male,Indore,Madhya Pradesh,2026-02-21,Regular,Social
C02731,Customer 02731,24,Female,Delhi,Delhi,2025-02-04,Regular,Social
C02732,Customer 02732,43,Female,Lucknow,Uttar Pradesh,2026-02-22,Occasional,Referral
C02733,Customer 02733,43,Female,Kochi,Kerala,2024-06-04,Occasional,Organic
C02734,Customer 02734,41,Female,Chennai,Tamil Nadu,2024-03-25,Premium,Social
C02735,Customer 02735,29,Female,Chennai,Tamil Nadu,2025-12-12,Regular,Organic
C02736,Customer 02736,33,Male,Hyderabad,Telangana,2024-01-10,Regular,Social
C02737,Customer 02737,40,Male,Ahmedabad,Gujarat,2024-05-17,Regular,Referral
C02738,Customer 02738,57,Male,Kochi,Kerala,2026-01-23,Regular,Referral
C02739,Customer 02739,26,Other,Hyderabad,Telangana,2025-12-13,Regular,Organic
C02740,Customer 02740,49,Female,Indore,Madhya Pradesh,2024-06-04,Premium,Referral
C02741,Customer 02741,32,Female,Bangalore,Karnataka,2025-02-11,Occasional,Social
C02742,Customer 02742,54,Male,Ahmedabad,Gujarat,2026-02-25,Occasional,Social
C02743,Customer 02743,30,Female,Ahmedabad,Gujarat,2024-08-12,Occasional,Organic
C02744,Customer 02744,22,Female,Jaipur,Rajasthan,2025-08-02,Regular,Social
C02745,Customer 02745,28,Female,Jaipur,Rajasthan,2024-07-02,Regular,Organic
C02746,Customer 02746,27,Male,Mumbai,Maharashtra,2024-07-13,Regular,Referral
C02747,Customer 02747,30,Male,Mumbai,Maharashtra,2025-07-07,Regular,Referral
C02748,Customer 02748,58,Female,Delhi,Delhi,2025-01-30,Regular,Organic
C02749,Customer 02749,63,Female,Bangalore,Karnataka,2025-10-24,Occasional,Organic
C02750,Customer 02750,32,Male,Kolkata,West Bengal,2025-08-18,Premium,Referral
C02751,Customer 02751,59,Female,Kolkata,West Bengal,2024-05-13,Occasional,Paid
C02752,Customer 02752,24,Male,Jaipur,Rajasthan,2024-11-04,Occasional,Organic
C02753,Customer 02753,57,Female,Jaipur,Rajasthan,2026-05-15,Occasional,Referral
C02754,Customer 02754,45,Female,Jaipur,Rajasthan,2026-03-20,Occasional,Social
C02755,Customer 02755,49,Male,Kochi,Kerala,2025-06-25,Regular,Referral
C02756,Customer 02756,52,Female,Pune,Maharashtra,2024-01-09,Occasional,Organic
C02757,Customer 02757,32,Male,Mumbai,Maharashtra,2024-06-18,Regular,Organic
C02758,Customer 02758,65,Male,Kochi,Kerala,2024-10-16,Occasional,Referral
C02759,Customer 02759,53,Female,Chennai,Tamil Nadu,2024-06-16,Regular,Paid
C02760,Customer 02760,38,Male,Kolkata,West Bengal,2024-12-09,Regular,Referral
C02761,Customer 02761,23,Male,Indore,Madhya Pradesh,2025-05-11,Regular,Social
C02762,Customer 02762,18,Male,Lucknow,Uttar Pradesh,2024-05-24,Regular,Paid
C02763,Customer 02763,21,Male,Ahmedabad,Gujarat,2025-02-16,Regular,Organic
C02764,Customer 02764,28,Male,Mumbai,Maharashtra,2026-01-09,Regular,Social
C02765,Customer 02765,61,Male,Hyderabad,Telangana,2026-03-28,Occasional,Paid
C02766,Customer 02766,43,Female,Chennai,Tamil Nadu,2025-08-10,Regular,Referral
C02767,Customer 02767,54,Male,Indore,Madhya Pradesh,2026-01-04,Regular,Social
C02768,Customer 02768,40,Female,Mumbai,Maharashtra,2025-11-19,Regular,Social
C02769,Customer 02769,46,Male,Lucknow,Uttar Pradesh,2025-04-01,Regular,Paid
C02770,Customer 02770,38,Male,Kochi,Kerala,2025-12-01,Regular,Organic
C02771,Customer 02771,65,Male,Bangalore,Karnataka,2024-10-28,Occasional,Social
C02772,Customer 02772,62,Female,Ahmedabad,Gujarat,2024-02-15,Premium,Referral
C02773,Customer 02773,62,Female,Mumbai,Maharashtra,2026-06-12,Regular,Paid
C02774,Customer 02774,44,Female,Pune,Maharashtra,2024-01-17,Regular,Paid
C02775,Customer 02775,56,Male,Jaipur,Rajasthan,2025-07-31,Regular,Paid
C02776,Customer 02776,57,Female,Bengaluru,Rajasthan,2024-12-25,Regular,Social
C02777,Customer 02777,30,Male,Ahmedabad,Gujarat,2024-09-17,Occasional,Paid
C02778,Customer 02778,40,Male,Lucknow,Uttar Pradesh,2024-05-02,Regular,Social
C02779,Customer 02779,33,Female,Indore,Madhya Pradesh,2024-08-18,Regular,Social
C02780,Customer 02780,47,Male,Kochi,Kerala,2025-09-28,Regular,Social
C02781,Customer 02781,21,Other,Jaipur,Rajasthan,2024-04-21,Regular,Referral
C02782,Customer 02782,57,Male,Mumbai,Maharashtra,2026-02-22,Occasional,Social
C02783,Customer 02783,33,Other,Hyderabad,Telangana,2025-08-15,Regular,Paid
C02784,Customer 02784,48,Female,Kolkata,West Bengal,2024-09-02,Regular,Organic
C02785,Customer 02785,59,Female,Kolkata,West Bengal,2026-05-08,Occasional,Social
C02786,Customer 02786,42,Male,Chennai,Tamil Nadu,2025-01-25,Regular,Paid
C02787,Customer 02787,61,Male,Indore,Madhya Pradesh,2025-01-26,Occasional,Organic
C02788,Customer 02788,29,Female,Delhi,Delhi,2024-11-23,Regular,Organic
C02789,Customer 02789,43,Male,Bangalore,Karnataka,2024-08-02,Regular,Organic
C02790,Customer 02790,54,Female,Ahmedabad,Gujarat,2026-05-13,Occasional,Referral
C02791,Customer 02791,65,Other,Chennai,Tamil Nadu,2026-01-16,Occasional,Referral
C02792,Customer 02792,50,Male,Delhi,Delhi,2025-01-01,Regular,Organic
C02793,Customer 02793,45,Female,Kochi,Kerala,2024-03-22,Occasional,Social
C02794,Customer 02794,26,Female,Pune,Maharashtra,2026-03-16,Regular,Organic
C02795,Customer 02795,29,Male,Pune,Maharashtra,2026-04-01,Regular,Referral
C02796,Customer 02796,22,Male,Bangalore,Karnataka,2024-03-16,Premium,Paid
C02797,Customer 02797,45,Male,Indore,Madhya Pradesh,2025-06-10,Premium,Referral
C02798,Customer 02798,52,Male,Jaipur,Rajasthan,2026-01-01,Occasional,Paid
C02799,Customer 02799,22,Female,Mumbai,Maharashtra,2025-05-17,Premium,Paid
C02800,Customer 02800,51,Male,Chennai,Tamil Nadu,2026-01-11,Premium,Social
C02801,Customer 02801,63,Other,Chennai,Tamil Nadu,2025-04-23,Occasional,Organic
C02802,Customer 02802,51,Male,Ahmedabad,Gujarat,2025-01-06,Premium,Social
C02803,Customer 02803,30,Female,Ahmedabad,Gujarat,2024-09-21,Regular,Referral
C02804,Customer 02804,56,Female,Pune,Maharashtra,2024-09-20,Regular,Paid
C02805,Customer 02805,59,Male,Pune,Maharashtra,2024-04-19,Regular,Referral
C02806,Customer 02806,62,Male,Indore,Madhya Pradesh,2024-11-02,Occasional,Organic
C02807,Customer 02807,65,Female,Lucknow,Uttar Pradesh,2024-07-18,Regular,Paid
C02808,Customer 02808,31,Female,Hyderabad,Telangana,2024-08-13,Regular,Social
C02809,Customer 02809,28,Male,Hyderabad,Telangana,2024-07-03,Occasional,Organic
C02810,Customer 02810,59,Male,Lucknow,Uttar Pradesh,2024-01-31,Regular,Referral
C02811,Customer 02811,55,Male,Jaipur,Rajasthan,2025-09-05,Regular,Paid
C02812,Customer 02812,21,Male,Hyderabad,Telangana,2026-02-09,Occasional,Referral
C02813,Customer 02813,50,Female,Indore,Madhya Pradesh,2024-04-08,Regular,Organic
C02814,Customer 02814,24,Female,Mumbai,Maharashtra,2024-12-04,Regular,Paid
C02815,Customer 02815,58,Male,Mumbai,Maharashtra,2026-03-21,Premium,Social
C02816,Customer 02816,25,Other,Chennai,Tamil Nadu,2026-03-07,Regular,Organic
C02817,Customer 02817,54,Male,Kolkata,West Bengal,2024-09-22,Premium,Referral
C02818,Customer 02818,27,Female,Lucknow,Uttar Pradesh,2025-10-13,Regular,Paid
C02819,Customer 02819,60,Male,Mumbai,Maharashtra,2026-03-24,Occasional,Paid
C02820,Customer 02820,32,Male,Delhi,Delhi,2026-03-08,Regular,Referral
C02821,Customer 02821,55,Male,Pune,Maharashtra,2024-12-15,Regular,Paid
C02822,Customer 02822,32,Male,Ahmedabad,Gujarat,2025-12-28,Occasional,Organic
C02823,Customer 02823,22,Female,Indore,Madhya Pradesh,2025-06-27,Regular,Social
C02824,Customer 02824,46,Female,Hyderabad,Telangana,2025-04-01,Occasional,Social
C02825,Customer 02825,36,Male,Lucknow,Uttar Pradesh,2026-03-25,Regular,Organic
C02826,Customer 02826,27,Female,Chennai,Tamil Nadu,2024-03-28,Premium,Paid
C02827,Customer 02827,29,Male,Bangalore,Karnataka,2024-03-03,Occasional,Referral
C02828,Customer 02828,21,Female,Ahmedabad,Gujarat,2025-01-21,Regular,Social
C02829,Customer 02829,48,Male,Delhi,Delhi,2026-03-01,Occasional,Social
C02830,Customer 02830,35,Male,Hyderabad,Telangana,2025-04-03,Premium,Social
C02831,Customer 02831,33,Male,Delhi,Delhi,2025-08-08,Regular,Organic
C02832,Customer 02832,57,Female,Pune,Maharashtra,2026-03-28,Regular,Social
C02833,Customer 02833,53,Female,Pune,Maharashtra,2025-09-27,Premium,Social
C02834,Customer 02834,42,Male,Indore,Madhya Pradesh,2024-09-25,Occasional,Paid
C02835,Customer 02835,40,Male,Jaipur,Rajasthan,2026-06-12,Regular,Paid
C02836,Customer 02836,29,Male,Chennai,Tamil Nadu,2026-03-07,Occasional,Paid
C02837,Customer 02837,51,Female,Ahmedabad,Gujarat,2025-09-24,Regular,Referral
C02838,Customer 02838,53,Female,Kochi,Kerala,2024-12-11,Regular,Organic
C02839,Customer 02839,54,Male,Kochi,Kerala,2025-12-24,Regular,Organic
C02840,Customer 02840,20,Male,Ahmedabad,Gujarat,2025-10-21,Regular,Organic
C02841,Customer 02841,26,Female,Bangalore,Karnataka,2024-03-18,Regular,Paid
C02842,Customer 02842,35,Male,Indore,Madhya Pradesh,2024-12-30,Regular,Organic
C02843,Customer 02843,60,Male,Chennai,Tamil Nadu,2024-01-14,Premium,Referral
C02844,Customer 02844,52,Male,Delhi,Delhi,2024-05-15,Occasional,Organic
C02845,Customer 02845,51,Male,Bangalore,Karnataka,2024-10-30,Occasional,Social
C02846,Customer 02846,58,Female,Kolkata,West Bengal,2025-01-31,Regular,Social
C02847,Customer 02847,31,Female,Ahmedabad,Gujarat,2026-03-02,Premium,Social
C02848,Customer 02848,21,Male,Delhi,Delhi,2024-03-19,Regular,Referral
C02849,Customer 02849,46,Female,Kochi,Kerala,2026-01-24,Regular,Organic
C02850,Customer 02850,58,Male,Mumbai,Maharashtra,2025-12-05,Regular,Paid
C02851,Customer 02851,62,Female,Lucknow,Uttar Pradesh,2025-02-21,Regular,Organic
C02852,Customer 02852,32,Female,Jaipur,Rajasthan,2024-08-29,Occasional,Social
C02853,Customer 02853,45,Female,Kochi,Kerala,2024-02-20,Regular,Paid
C02854,Customer 02854,59,Male,Chennai,Tamil Nadu,2026-01-13,Regular,Referral
C02855,Customer 02855,33,Male,Pune,Maharashtra,2026-02-09,Regular,Referral
C02856,Customer 02856,29,Male,Lucknow,Uttar Pradesh,2025-01-18,Occasional,Social
C02857,Customer 02857,22,Female,Lucknow,Uttar Pradesh,2025-01-09,Regular,Referral
C02858,Customer 02858,51,Male,Mumbai,Maharashtra,2025-12-30,Occasional,Referral
C02859,Customer 02859,59,Female,Jaipur,Rajasthan,2024-07-24,Occasional,Paid
C02860,Customer 02860,18,Other,Jaipur,Rajasthan,2026-04-05,Occasional,Referral
C02861,Customer 02861,56,Female,Kolkata,West Bengal,2025-05-03,Occasional,Organic
C02862,Customer 02862,49,Female,Kolkata,West Bengal,2025-01-15,Regular,Social
C02863,Customer 02863,43,Male,Hyderabad,Telangana,2026-05-30,Regular,Paid
C02864,Customer 02864,34,Male,Kochi,Kerala,2024-11-06,Regular,Organic
C02865,Customer 02865,65,Male,Kochi,Kerala,2025-01-09,Regular,Social
C02866,Customer 02866,44,Female,Kochi,Kerala,2025-09-23,Premium,Paid
C02867,Customer 02867,41,Male,Hyderabad,Telangana,2025-08-14,Regular,Social
C02868,Customer 02868,52,Female,Indore,Madhya Pradesh,2024-02-11,Regular,Social
C02869,Customer 02869,63,Male,Bangalore,Karnataka,2025-06-16,Occasional,Social
C02870,Customer 02870,59,Male,Jaipur,Rajasthan,2025-06-05,Regular,Organic
C02871,Customer 02871,56,Female,Mumbai,Maharashtra,2026-04-04,Regular,Organic
C02872,Customer 02872,43,Male,Chennai,Tamil Nadu,2024-06-01,Occasional,Social
C02873,Customer 02873,55,Male,Jaipur,Rajasthan,2024-11-07,Regular,Social
C02874,Customer 02874,40,Female,Kolkata,West Bengal,2024-10-20,Occasional,Paid
C02875,Customer 02875,39,Male,Lucknow,Uttar Pradesh,2025-08-20,Occasional,Paid
C02876,Customer 02876,21,Male,Delhi,Delhi,2024-04-22,Regular,Organic
C02877,Customer 02877,26,Male,Pune,Maharashtra,2025-12-01,Regular,Social
C02878,Customer 02878,21,Female,Hyderabad,Telangana,2024-04-21,Regular,Organic
C02879,Customer 02879,24,Female,Ahmedabad,Gujarat,2024-06-23,Occasional,Organic
C02880,Customer 02880,40,Female,Delhi,Delhi,2026-04-01,Regular,Referral
C02881,Customer 02881,19,Male,Chennai,Tamil Nadu,2024-10-28,Regular,Organic
C02882,Customer 02882,41,Male,Kochi,Kerala,2025-05-30,Occasional,Social
C02883,Customer 02883,57,Male,Kolkata,West Bengal,2026-01-03,Regular,Organic
C02884,Customer 02884,48,Other,Kolkata,West Bengal,2024-08-08,Occasional,Organic
C02885,Customer 02885,64,Male,Kolkata,West Bengal,2024-06-19,Occasional,Paid
C02886,Customer 02886,48,Male,Kochi,Kerala,2024-11-13,Occasional,Paid
C02887,Customer 02887,64,Female,Ahmedabad,Gujarat,2024-07-31,Occasional,Organic
C02888,Customer 02888,57,Female,Hyderabad,Telangana,2024-09-09,Regular,Paid
C02889,Customer 02889,65,Male,Delhi,Delhi,2024-05-03,Occasional,Paid
C02890,Customer 02890,60,Male,Kochi,Kerala,2025-10-01,Regular,Social
C02891,Customer 02891,51,Male,Chennai,Tamil Nadu,2024-07-31,Regular,Organic
C02892,Customer 02892,41,Male,Hyderabad,Telangana,2025-09-15,Premium,Social
C02893,Customer 02893,43,Female,Chennai,Tamil Nadu,2024-03-25,Occasional,Referral
C02894,Customer 02894,33,Female,Hyderabad,Telangana,2025-05-30,Occasional,Organic
C02895,Customer 02895,64,Female,Ahmedabad,Gujarat,2024-03-05,Occasional,Organic
C02896,Customer 02896,30,Male,Pune,Maharashtra,2024-11-13,Premium,Paid
C02897,Customer 02897,32,Male,Chennai,Tamil Nadu,2024-12-11,Occasional,Organic
C02898,Customer 02898,44,Male,Kochi,Kerala,2025-09-23,Occasional,Paid
C02899,Customer 02899,21,Male,Hyderabad,Telangana,2024-08-30,Regular,Organic
C02900,Customer 02900,33,Female,Kolkata,West Bengal,2026-06-16,Regular,Referral
C02901,Customer 02901,47,Male,Indore,Madhya Pradesh,2024-05-16,Regular,Paid
C02902,Customer 02902,61,Male,Jaipur,Rajasthan,2024-09-03,Premium,Organic
C02903,Customer 02903,47,Male,Kolkata,West Bengal,2025-03-16,Regular,Paid
C02904,Customer 02904,53,Male,Bangalore,Karnataka,2024-02-14,Regular,Referral
C02905,Customer 02905,20,Male,Pune,Maharashtra,2025-10-19,Regular,Organic
C02906,Customer 02906,39,Female,Pune,Maharashtra,2026-05-29,Premium,Social
C02907,Customer 02907,39,Male,Kolkata,West Bengal,2025-11-18,Regular,Paid
C02908,Customer 02908,29,Female,Delhi,Delhi,2025-07-07,Premium,Social
C02909,Customer 02909,38,Male,Ahmedabad,Gujarat,2026-03-19,Occasional,Organic
C02910,Customer 02910,21,Male,Chennai,Tamil Nadu,2024-03-29,Regular,Social
C02911,Customer 02911,48,Female,Kochi,Kerala,2025-12-30,Regular,Referral
C02912,Customer 02912,61,Male,Pune,Maharashtra,2024-08-15,Regular,Paid
C02913,Customer 02913,48,Female,Kolkata,West Bengal,2026-03-20,Regular,Paid
C02914,Customer 02914,40,Male,Kolkata,West Bengal,2024-10-17,Occasional,Organic
C02915,Customer 02915,37,Female,Ahmedabad,Gujarat,2025-02-25,Regular,Social
C02916,Customer 02916,32,Female,Ahmedabad,Gujarat,2024-03-07,Regular,Referral
C02917,Customer 02917,40,Female,Mumbai,Maharashtra,2024-09-07,Occasional,Organic
C02918,Customer 02918,45,Female,Mumbai,Maharashtra,2024-02-10,Regular,Organic
C02919,Customer 02919,33,Female,Delhi,Delhi,2024-04-08,Premium,Organic
C02920,Customer 02920,54,Male,Indore,Madhya Pradesh,2024-11-01,Premium,Referral
C02921,Customer 02921,38,Female,Indore,Madhya Pradesh,2026-05-21,Premium,Referral
C02922,Customer 02922,32,Female,Delhi,Delhi,2026-05-03,Occasional,Paid
C02923,Customer 02923,34,Male,Bangalore,Karnataka,2025-03-31,Regular,Paid
C02924,Customer 02924,54,Male,Delhi,Delhi,2025-08-13,Occasional,Paid
C02925,Customer 02925,30,Female,Hyderabad,Telangana,2024-10-27,Occasional,Paid
C02926,Customer 02926,36,Female,Ahmedabad,Gujarat,2024-07-17,Regular,Organic
C02927,Customer 02927,47,Male,Indore,Madhya Pradesh,2025-10-20,Premium,Organic
C02928,Customer 02928,62,Female,Kochi,Kerala,2025-05-02,Premium,Organic
C02929,Customer 02929,35,Male,Hyderabad,Telangana,2024-04-15,Regular,Social
C02930,Customer 02930,31,Male,Chennai,Tamil Nadu,2025-02-04,Regular,Referral
C02931,Customer 02931,53,Female,Kolkata,West Bengal,2025-12-05,Regular,Social
C02932,Customer 02932,53,Male,Delhi,Delhi,2025-04-21,Regular,Paid
C02933,Customer 02933,37,Female,Kolkata,West Bengal,2024-05-01,Occasional,Social
C02934,Customer 02934,36,Male,Pune,Maharashtra,2024-03-17,Regular,Referral
C02935,Customer 02935,62,Male,Bangalore,Karnataka,2024-11-07,Regular,Paid
C02936,Customer 02936,61,,Pune,Maharashtra,2024-04-21,Occasional,Organic
C02937,Customer 02937,24,Female,Bangalore,Karnataka,2026-05-10,Premium,Referral
C02938,Customer 02938,61,Male,Mumbai,Maharashtra,2026-03-19,Regular,Social
C02939,Customer 02939,21,Male,Kolkata,West Bengal,2025-11-12,Premium,Organic
C02940,Customer 02940,51,Male,Bangalore,Karnataka,2025-06-01,Premium,Organic
C02941,Customer 02941,19,Male,Lucknow,Uttar Pradesh,2024-07-15,Regular,Referral
C02942,Customer 02942,22,Male,Indore,Madhya Pradesh,2024-04-07,Regular,Social
C02943,Customer 02943,27,Male,Lucknow,Uttar Pradesh,2025-04-03,Regular,Referral
C02944,Customer 02944,49,Female,Lucknow,Uttar Pradesh,2026-04-20,Occasional,Organic
C02945,Customer 02945,59,Male,Jaipur,Rajasthan,2024-08-17,Premium,Paid
C02946,Customer 02946,58,Female,Indore,Madhya Pradesh,2024-06-16,Regular,Paid
C02947,Customer 02947,30,Female,Hyderabad,Telangana,2026-03-19,Premium,Social
C02948,Customer 02948,56,Male,Bangalore,Karnataka,2026-02-15,Regular,Referral
C02949,Customer 02949,22,Male,Bangalore,Karnataka,2024-01-08,Regular,Referral
C02950,Customer 02950,27,Female,Hyderabad,Telangana,2024-06-20,Occasional,Organic
C02951,Customer 02951,27,Female,Kolkata,West Bengal,2024-12-25,Regular,Social
C02952,Customer 02952,55,Male,Kolkata,West Bengal,2024-07-13,Premium,Referral
C02953,Customer 02953,44,Female,Lucknow,Uttar Pradesh,2024-09-25,Regular,Social
C02954,Customer 02954,38,Male,Hyderabad,Telangana,2024-01-19,Premium,Referral
C02955,Customer 02955,25,Male,Indore,Madhya Pradesh,2024-12-19,Regular,Social
C02956,Customer 02956,18,Male,Lucknow,Uttar Pradesh,2026-05-13,Regular,Social
C02957,Customer 02957,45,Female,Pune,Maharashtra,2024-02-18,Premium,Paid
C02958,Customer 02958,56,Female,Jaipur,Rajasthan,2025-04-08,Regular,Social
C02959,Customer 02959,31,Female,Kochi,Kerala,2024-12-21,Regular,Organic
C02960,Customer 02960,38,Male,Chennai,Tamil Nadu,2026-04-29,Regular,Referral
C02961,Customer 02961,47,Female,Jaipur,Rajasthan,2024-06-06,Premium,Social
C02962,Customer 02962,38,Male,Kolkata,West Bengal,2024-03-06,Occasional,Paid
C02963,Customer 02963,26,Female,Kochi,Kerala,2026-05-08,Regular,Referral
C02964,Customer 02964,34,Male,Mumbai,Maharashtra,2025-07-24,Occasional,Paid
C02965,Customer 02965,22,Male,Delhi,Delhi,2026-03-31,Regular,Referral
C02966,Customer 02966,48,Male,Lucknow,Uttar Pradesh,2024-11-03,Regular,Social
C02967,Customer 02967,57,Female,Bangalore,Karnataka,2024-12-02,Regular,Referral
C02968,Customer 02968,55,Male,Hyderabad,Telangana,2025-11-01,Regular,Social
C02969,Customer 02969,60,Male,Hyderabad,Telangana,2026-02-21,Premium,Paid
C02970,Customer 02970,36,Male,Bangalore,Karnataka,2024-04-30,Regular,Organic
C02971,Customer 02971,53,Other,Lucknow,Uttar Pradesh,2026-02-04,Occasional,Paid
C02972,Customer 02972,50,Female,Delhi,Delhi,2025-02-07,Regular,Referral
C02973,Customer 02973,30,Female,Chennai,Tamil Nadu,2026-02-11,Premium,Organic
C02974,Customer 02974,31,Male,Delhi,Delhi,2025-10-08,Regular,Referral
C02975,Customer 02975,50,Male,Kochi,Kerala,2026-02-24,Occasional,Paid
C02976,Customer 02976,46,Female,Delhi,Delhi,2025-07-21,Occasional,Referral
C02977,Customer 02977,60,Male,Kochi,Kerala,2026-04-22,Premium,Organic
C02978,Customer 02978,53,Male,Delhi,Delhi,2024-04-05,Occasional,Referral
C02979,Customer 02979,61,Male,Chennai,Tamil Nadu,2024-04-23,Regular,Referral
C02980,Customer 02980,27,Female,Chennai,Tamil Nadu,2026-05-18,Regular,Social
C02981,Customer 02981,48,Male,Kolkata,West Bengal,2025-03-04,Regular,Referral
C02982,Customer 02982,23,Female,Bangalore,Karnataka,2025-06-23,Occasional,Referral
C02983,Customer 02983,18,Female,Chennai,Tamil Nadu,2026-03-28,Occasional,Social
C02984,Customer 02984,24,Male,Kochi,Kerala,2024-01-02,Occasional,Referral
C02985,Customer 02985,44,Male,Chennai,Tamil Nadu,2024-07-30,Premium,Organic
C02986,Customer 02986,38,Other,Kolkata,West Bengal,2025-08-02,Occasional,Social
C02987,Customer 02987,45,Female,Hyderabad,Telangana,2025-10-01,Premium,Referral
C02988,Customer 02988,33,Female,Kochi,Kerala,2024-11-28,Regular,Paid
C02989,Customer 02989,63,Female,Kolkata,West Bengal,2024-01-24,Regular,Referral
C02990,Customer 02990,40,Male,Pune,Maharashtra,2026-02-03,Regular,Social
C02991,Customer 02991,37,Female,Pune,Maharashtra,2025-01-02,Regular,Social
C02992,Customer 02992,55,Male,Mumbai,Maharashtra,2026-01-11,Regular,Social
C02993,Customer 02993,42,Female,Delhi,Delhi,2025-05-20,Occasional,Paid
C02994,Customer 02994,45,Female,Bangalore,Karnataka,2024-06-24,Regular,Paid
C02995,Customer 02995,22,Female,Ahmedabad,Gujarat,2025-03-04,Regular,Organic
C02996,Customer 02996,38,Female,bangalore,Rajasthan,2026-06-05,Occasional,Organic
C02997,Customer 02997,35,Female,Kolkata,West Bengal,2026-01-02,Premium,Social
C02998,Customer 02998,64,Male,Hyderabad,Telangana,2025-03-17,Regular,Paid
C02999,Customer 02999,23,Female,Jaipur,Rajasthan,2025-07-01,Regular,Referral
C03000,Customer 03000,46,Male,Hyderabad,Telangana,2025-05-28,Regular,Referral
C03001,Customer 03001,36,Female,Indore,Madhya Pradesh,2026-06-13,Regular,Referral
C03002,Customer 03002,50,Male,bangalore,Madhya Pradesh,2024-12-26,Regular,Organic
C03003,Customer 03003,18,Male,Indore,Madhya Pradesh,2024-09-30,Occasional,Paid
C03004,Customer 03004,62,Female,Jaipur,Rajasthan,2024-06-25,Premium,Paid
C03005,Customer 03005,20,Other,Kolkata,West Bengal,2024-09-20,Regular,Paid
C03006,Customer 03006,59,Male,Ahmedabad,Gujarat,2024-07-04,Premium,Social
C03007,Customer 03007,38,Female,Bengaluru,Rajasthan,2025-06-10,Regular,Social
C03008,Customer 03008,52,Female,Kolkata,West Bengal,2024-10-05,Regular,Paid
C03009,Customer 03009,58,Female,Chennai,Tamil Nadu,2025-12-06,Occasional,Social
C03010,Customer 03010,57,Male,Ahmedabad,Gujarat,2024-07-16,Occasional,Paid
C03011,Customer 03011,20,Female,Indore,Madhya Pradesh,2024-12-14,Regular,Referral
C03012,Customer 03012,42,Female,Kochi,Kerala,2025-02-24,Occasional,Organic
C03013,Customer 03013,62,Male,Hyderabad,Telangana,2024-10-31,Regular,Referral
C03014,Customer 03014,55,Female,Indore,Madhya Pradesh,2024-03-04,Regular,Paid
C03015,Customer 03015,62,Female,Pune,Maharashtra,2024-10-16,Regular,Organic
C03016,Customer 03016,37,Female,Delhi,Delhi,2024-01-18,Regular,Organic
C03017,Customer 03017,61,Male,Pune,Maharashtra,2024-03-04,Occasional,Paid
C03018,Customer 03018,62,,Indore,Madhya Pradesh,2026-05-23,Regular,Referral
C03019,Customer 03019,51,Female,Ahmedabad,Gujarat,2024-11-25,Regular,Organic
C03020,Customer 03020,38,Male,Kochi,Kerala,2026-05-19,Occasional,Referral
C03021,Customer 03021,65,Female,Hyderabad,Telangana,2026-02-01,Occasional,Referral
C03022,Customer 03022,40,Male,Kochi,Kerala,2024-01-17,Occasional,Referral
C03023,Customer 03023,23,Male,Jaipur,Rajasthan,2025-03-18,Regular,Referral
C03024,Customer 03024,30,Male,Hyderabad,Telangana,2024-05-20,Regular,Organic
C03025,Customer 03025,40,Female,Indore,Madhya Pradesh,2024-11-03,Regular,Referral
C03026,Customer 03026,26,Male,Jaipur,Rajasthan,2025-03-19,Regular,Social
C03027,Customer 03027,34,Female,Kolkata,West Bengal,2025-05-10,Occasional,Referral
C03028,Customer 03028,19,Female,Ahmedabad,Gujarat,2025-03-01,Occasional,Referral
C03029,Customer 03029,36,Female,Lucknow,Uttar Pradesh,2025-04-19,Occasional,Referral
C03030,Customer 03030,36,Female,Kolkata,West Bengal,2026-04-11,Premium,Paid
C03031,Customer 03031,24,Male,Mumbai,Maharashtra,2024-09-01,Occasional,Referral
C03032,Customer 03032,59,Male,Kochi,Kerala,2025-03-25,Occasional,Social
C03033,Customer 03033,59,Male,Lucknow,Uttar Pradesh,2026-03-12,Regular,Organic
C03034,Customer 03034,37,Female,Jaipur,Rajasthan,2024-12-16,Regular,Social
C03035,Customer 03035,26,Female,Chennai,Tamil Nadu,2025-08-21,Occasional,Organic
C03036,Customer 03036,34,Male,Kolkata,West Bengal,2025-12-11,Regular,Paid
C03037,Customer 03037,44,Male,Mumbai,Maharashtra,2026-05-19,Occasional,Social
C03038,Customer 03038,64,Female,Bangalore,Karnataka,2024-06-09,Regular,Social
C03039,Customer 03039,19,Male,Lucknow,Uttar Pradesh,2024-05-19,Occasional,Social
C03040,Customer 03040,53,Female,Pune,Maharashtra,2025-05-07,Occasional,Social
C03041,Customer 03041,36,Male,Hyderabad,Telangana,2025-08-10,Regular,Paid
C03042,Customer 03042,34,Female,Mumbai,Maharashtra,2025-06-14,Occasional,Referral
C03043,Customer 03043,22,Male,Ahmedabad,Gujarat,2025-01-27,Regular,Paid
C03044,Customer 03044,56,Male,Lucknow,Uttar Pradesh,2026-04-21,Regular,Paid
C03045,Customer 03045,35,Male,Kolkata,West Bengal,2025-02-04,Premium,Paid
C03046,Customer 03046,24,Male,Ahmedabad,Gujarat,2024-02-19,Regular,Referral
C03047,Customer 03047,34,Male,Pune,Maharashtra,2026-01-13,Occasional,Paid
C03048,Customer 03048,56,Male,Chennai,Tamil Nadu,2024-10-21,Occasional,Social
C03049,Customer 03049,53,Female,Kochi,Kerala,2025-02-28,Regular,Referral
C03050,Customer 03050,57,Male,Kochi,Kerala,2024-01-12,Regular,Organic
C03051,Customer 03051,62,Female,Indore,Madhya Pradesh,2024-11-30,Premium,Referral
C03052,Customer 03052,21,Male,Ahmedabad,Gujarat,2024-01-15,Regular,Paid
C03053,Customer 03053,55,Female,Jaipur,Rajasthan,2024-01-28,Occasional,Paid
C03054,Customer 03054,42,Female,Chennai,Tamil Nadu,2025-01-22,Regular,Social
C03055,Customer 03055,22,Male,Kochi,Kerala,2024-10-18,Regular,Paid
C03056,Customer 03056,47,Male,Chennai,Tamil Nadu,2026-06-05,Regular,Social
C03057,Customer 03057,29,Male,Mumbai,Maharashtra,2026-04-12,Premium,Referral
C03058,Customer 03058,21,Male,Chennai,Tamil Nadu,2024-09-06,Occasional,Paid
C03059,Customer 03059,41,Female,Delhi,Delhi,2025-05-19,Regular,Referral
C03060,Customer 03060,46,Female,Pune,Maharashtra,2024-04-07,Regular,Organic
C03061,Customer 03061,26,Female,Kochi,Kerala,2026-03-25,Occasional,Organic
C03062,Customer 03062,21,Female,Chennai,Tamil Nadu,2024-12-02,Occasional,Organic
C03063,Customer 03063,41,Female,Ahmedabad,Gujarat,2024-02-08,Occasional,Paid
C03064,Customer 03064,31,Female,Bangalore,Karnataka,2024-02-07,Occasional,Organic
C03065,Customer 03065,22,Female,Delhi,Delhi,2024-10-26,Occasional,Social
C03066,Customer 03066,35,Female,Delhi,Delhi,2024-06-27,Regular,Paid
C03067,Customer 03067,59,Male,Jaipur,Rajasthan,2025-08-31,Premium,Referral
C03068,Customer 03068,36,Male,Chennai,Tamil Nadu,2026-06-10,Regular,Organic
C03069,Customer 03069,29,Female,Indore,Madhya Pradesh,2025-04-13,Occasional,Paid
C03070,Customer 03070,35,Male,Jaipur,Rajasthan,2024-10-08,Premium,Paid
C03071,Customer 03071,34,Male,Jaipur,Rajasthan,2026-01-19,Premium,Referral
C03072,Customer 03072,47,Male,Bangalore,Karnataka,2024-06-12,Premium,Paid
C03073,Customer 03073,41,Male,Mumbai,Maharashtra,2025-03-28,Occasional,Paid
C03074,Customer 03074,28,Female,Chennai,Tamil Nadu,2024-04-06,Regular,Referral
C03075,Customer 03075,52,Male,Kolkata,West Bengal,2026-02-07,Regular,Referral
C03076,Customer 03076,40,Female,Kochi,Kerala,2024-11-04,Premium,Organic
C03077,Customer 03077,34,Female,Jaipur,Rajasthan,2024-09-18,Occasional,Referral
C03078,Customer 03078,18,Male,Pune,Maharashtra,2024-10-19,Regular,Paid
C03079,Customer 03079,32,Female,Hyderabad,Telangana,2026-02-08,Regular,Referral
C03080,Customer 03080,49,Female,Pune,Maharashtra,2024-09-05,Regular,Paid
C03081,Customer 03081,26,Male,Bangalore,Karnataka,2024-09-01,Regular,Paid
C03082,Customer 03082,32,Male,Bangalore,Karnataka,2024-09-07,Regular,Organic
C03083,Customer 03083,45,Male,Ahmedabad,Gujarat,2024-05-02,Regular,Social
C03084,Customer 03084,41,Female,Mumbai,Maharashtra,2024-11-20,Regular,Paid
C03085,Customer 03085,52,Female,Indore,Madhya Pradesh,2025-11-11,Occasional,Social
C03086,Customer 03086,39,Male,Kochi,Kerala,2025-05-15,Regular,Paid
C03087,Customer 03087,44,Male,Lucknow,Uttar Pradesh,2025-11-17,Premium,Organic
C03088,Customer 03088,36,Male,Jaipur,Rajasthan,2026-02-19,Occasional,Paid
C03089,Customer 03089,62,Female,Pune,Maharashtra,2025-12-16,Occasional,Organic
C03090,Customer 03090,29,Male,Hyderabad,Telangana,2026-04-16,Regular,Social
C03091,Customer 03091,37,Female,Bangalore,Karnataka,2024-03-06,Premium,Social
C03092,Customer 03092,18,Male,Bangalore,Karnataka,2026-04-06,Occasional,Referral
C03093,Customer 03093,38,Female,Mumbai,Maharashtra,2026-04-15,Occasional,Referral
C03094,Customer 03094,62,Female,Hyderabad,Telangana,2024-02-28,Regular,Paid
C03095,Customer 03095,18,Female,Hyderabad,Telangana,2025-12-31,Regular,Social
C03096,Customer 03096,27,Male,Mumbai,Maharashtra,2025-05-12,Premium,Organic
C03097,Customer 03097,64,Female,Bangalore,Karnataka,2025-01-07,Regular,Referral
C03098,Customer 03098,49,Male,Kochi,Kerala,2024-09-22,Premium,Referral
C03099,Customer 03099,56,Male,Chennai,Tamil Nadu,2025-10-14,Regular,Social
C03100,Customer 03100,39,Female,Chennai,Tamil Nadu,2024-08-23,Premium,Social
C03101,Customer 03101,35,Female,Mumbai,Maharashtra,2026-06-16,Regular,Social
C03102,Customer 03102,65,Female,Hyderabad,Telangana,2024-08-05,Regular,Referral
C03103,Customer 03103,63,Male,Jaipur,Rajasthan,2025-06-10,Regular,Organic
C03104,Customer 03104,49,Female,Mumbai,Maharashtra,2026-03-24,Premium,Paid
C03105,Customer 03105,44,Female,Kochi,Kerala,2025-03-16,Regular,Referral
C03106,Customer 03106,45,Female,Mumbai,Maharashtra,2025-10-11,Occasional,Referral
C03107,Customer 03107,35,Female,Delhi,Delhi,2025-02-09,Regular,Organic
C03108,Customer 03108,56,Female,Pune,Maharashtra,2026-01-13,Occasional,Paid
C03109,Customer 03109,46,Male,Hyderabad,Telangana,2025-08-23,Regular,Organic
C03110,Customer 03110,35,Female,Indore,Madhya Pradesh,2025-08-11,Regular,Social
C03111,Customer 03111,61,Female,Ahmedabad,Gujarat,2025-10-09,Regular,Organic
C03112,Customer 03112,25,Other,Ahmedabad,Gujarat,2025-04-13,Occasional,Referral
C03113,Customer 03113,48,Male,Hyderabad,Telangana,2024-04-19,Premium,Organic
C03114,Customer 03114,51,Male,Indore,Madhya Pradesh,2024-12-18,Premium,Paid
C03115,Customer 03115,24,Male,Lucknow,Uttar Pradesh,2026-03-23,Regular,Social
C03116,Customer 03116,53,Female,Kochi,Kerala,2024-03-31,Occasional,Organic
C03117,Customer 03117,35,Female,Delhi,Delhi,2026-05-31,Occasional,Organic
C03118,Customer 03118,55,Male,Bengaluru,Delhi,2025-02-17,Regular,Organic
C03119,Customer 03119,26,Female,Bangalore,Karnataka,2025-12-02,Regular,Paid
C03120,Customer 03120,26,Female,Pune,Maharashtra,2024-03-13,Regular,Referral
C03121,Customer 03121,63,,Chennai,Tamil Nadu,2025-11-15,Regular,Paid
C03122,Customer 03122,25,Male,Kolkata,West Bengal,2025-06-30,Regular,Referral
C03123,Customer 03123,52,Female,Kochi,Kerala,2025-12-22,Occasional,Organic
C03124,Customer 03124,35,Male,Kolkata,West Bengal,2024-10-24,Occasional,Social
C03125,Customer 03125,22,Female,Kolkata,West Bengal,2025-10-06,Regular,Social
C03126,Customer 03126,31,Male,Hyderabad,Telangana,2024-10-09,Regular,Social
C03127,Customer 03127,45,Male,Ahmedabad,Gujarat,2025-05-19,Regular,Social
C03128,Customer 03128,47,Female,Ahmedabad,Gujarat,2024-07-16,Regular,Paid
C03129,Customer 03129,21,Male,Chennai,Tamil Nadu,2024-02-01,Regular,Paid
C03130,Customer 03130,56,Male,Hyderabad,Telangana,2025-10-09,Premium,Referral
C03131,Customer 03131,37,Female,Kolkata,West Bengal,2026-01-29,Regular,Organic
C03132,Customer 03132,42,Female,Indore,Madhya Pradesh,2026-05-20,Regular,Paid
C03133,Customer 03133,45,Female,Lucknow,Uttar Pradesh,2024-12-06,Occasional,Organic
C03134,Customer 03134,29,Male,Jaipur,Rajasthan,2025-10-19,Regular,Paid
C03135,Customer 03135,19,Male,Ahmedabad,Gujarat,2024-11-29,Regular,Paid
C03136,Customer 03136,60,Male,Kochi,Kerala,2024-05-22,Regular,Organic
C03137,Customer 03137,31,Male,Indore,Madhya Pradesh,2026-01-15,Premium,Organic
C03138,Customer 03138,39,Female,Bengaluru,Kerala,2025-02-13,Occasional,Referral
C03139,Customer 03139,48,Male,Bangalore,Karnataka,2024-02-13,Occasional,Organic
C03140,Customer 03140,40,Male,Mumbai,Maharashtra,2024-02-01,Premium,Social
C03141,Customer 03141,65,Male,Jaipur,Rajasthan,2026-01-12,Occasional,Organic
C03142,Customer 03142,37,Male,Ahmedabad,Gujarat,2024-01-28,Regular,Referral
C03143,Customer 03143,55,Female,Delhi,Delhi,2025-02-26,Occasional,Paid
C03144,Customer 03144,21,Female,Ahmedabad,Gujarat,2025-05-05,Regular,Organic
C03145,Customer 03145,32,Male,Indore,Madhya Pradesh,2024-06-08,Regular,Paid
C03146,Customer 03146,41,Male,Bangalore,Karnataka,2026-04-24,Regular,Paid
C03147,Customer 03147,42,Male,Kochi,Kerala,2024-07-25,Occasional,Social
C03148,Customer 03148,18,,Kolkata,West Bengal,2024-01-18,Regular,Referral
C03149,Customer 03149,24,Female,Delhi,Delhi,2024-04-12,Occasional,Organic
C03150,Customer 03150,48,Male,Hyderabad,Telangana,2025-08-04,Premium,Organic
C03151,Customer 03151,29,Female,Pune,Maharashtra,2025-09-22,Occasional,Paid
C03152,Customer 03152,59,Female,Kolkata,West Bengal,2025-10-12,Premium,Organic
C03153,Customer 03153,22,Female,Pune,Maharashtra,2025-11-02,Occasional,Paid
C03154,Customer 03154,61,Female,Jaipur,Rajasthan,2024-08-19,Regular,Social
C03155,Customer 03155,59,Male,Lucknow,Uttar Pradesh,2025-10-21,Regular,Paid
C03156,Customer 03156,55,Male,Mumbai,Maharashtra,2026-05-14,Occasional,Referral
C03157,Customer 03157,29,Male,Lucknow,Uttar Pradesh,2025-02-27,Occasional,Referral
C03158,Customer 03158,56,Female,Delhi,Delhi,2026-01-24,Regular,Social
C03159,Customer 03159,35,Other,Chennai,Tamil Nadu,2025-06-30,Premium,Organic
C03160,Customer 03160,19,Male,Delhi,Delhi,2026-04-16,Regular,Referral
C03161,Customer 03161,27,Male,Lucknow,Uttar Pradesh,2026-06-12,Regular,Social
C03162,Customer 03162,32,Male,Ahmedabad,Gujarat,2026-05-16,Regular,Organic
C03163,Customer 03163,47,Male,Indore,Madhya Pradesh,2024-08-26,Regular,Paid
C03164,Customer 03164,61,Male,Kochi,Kerala,2024-11-29,Premium,Social
C03165,Customer 03165,34,Female,Ahmedabad,Gujarat,2024-05-28,Occasional,Referral
C03166,Customer 03166,21,Male,Ahmedabad,Gujarat,2025-09-14,Occasional,Organic
C03167,Customer 03167,24,Male,Indore,Madhya Pradesh,2025-02-11,Premium,Paid
C03168,Customer 03168,58,Female,Indore,Madhya Pradesh,2024-01-17,Regular,Paid
C03169,Customer 03169,48,Male,Jaipur,Rajasthan,2024-08-13,Regular,Paid
C03170,Customer 03170,56,Male,Kolkata,West Bengal,2025-10-13,Regular,Paid
C03171,Customer 03171,51,Male,Chennai,Tamil Nadu,2025-10-17,Premium,Organic
C03172,Customer 03172,23,Female,Chennai,Tamil Nadu,2024-09-16,Regular,Referral
C03173,Customer 03173,55,Female,Ahmedabad,Gujarat,2025-12-29,Regular,Referral
C03174,Customer 03174,62,Male,Pune,Maharashtra,2025-11-04,Regular,Social
C03175,Customer 03175,51,Female,Jaipur,Rajasthan,2025-08-26,Occasional,Organic
C03176,Customer 03176,61,Male,Ahmedabad,Gujarat,2024-06-22,Occasional,Social
C03177,Customer 03177,32,Female,Mumbai,Maharashtra,2026-04-22,Premium,Organic
C03178,Customer 03178,31,Female,Kochi,Kerala,2024-07-23,Regular,Paid
C03179,Customer 03179,23,Female,Indore,Madhya Pradesh,2025-02-18,Occasional,Social
C03180,Customer 03180,54,Male,Kolkata,West Bengal,2025-05-22,Premium,Paid
C03181,Customer 03181,49,Other,Hyderabad,Telangana,2024-06-01,Occasional,Organic
C03182,Customer 03182,20,Other,Indore,Madhya Pradesh,2024-04-12,Occasional,Organic
C03183,Customer 03183,20,Female,Mumbai,Maharashtra,2025-12-14,Occasional,Paid
C03184,Customer 03184,39,Female,Pune,Maharashtra,2026-03-02,Regular,Referral
C03185,Customer 03185,39,Male,Delhi,Delhi,2024-03-05,Regular,Social
C03186,Customer 03186,27,Male,Delhi,Delhi,2024-04-26,Occasional,Referral
C03187,Customer 03187,20,Male,Lucknow,Uttar Pradesh,2025-10-26,Regular,Social
C03188,Customer 03188,29,Male,Mumbai,Maharashtra,2024-06-04,Premium,Referral
C03189,Customer 03189,46,Female,Lucknow,Uttar Pradesh,2025-11-06,Regular,Social
C03190,Customer 03190,65,Female,Ahmedabad,Gujarat,2024-03-22,Premium,Organic
C03191,Customer 03191,34,Female,Hyderabad,Telangana,2025-06-01,Occasional,Social
C03192,Customer 03192,24,Male,Bangalore,Karnataka,2026-04-13,Regular,Paid
C03193,Customer 03193,30,Male,Indore,Madhya Pradesh,2024-03-07,Occasional,Social
C03194,Customer 03194,19,Female,Bangalore,Karnataka,2024-08-25,Occasional,Organic
C03195,Customer 03195,21,Male,Pune,Maharashtra,2025-08-06,Premium,Referral
C03196,Customer 03196,27,Male,Ahmedabad,Gujarat,2025-08-29,Regular,Referral
C03197,Customer 03197,56,Other,Chennai,Tamil Nadu,2026-03-26,Occasional,Social
C03198,Customer 03198,41,Female,Indore,Madhya Pradesh,2024-11-21,Regular,Referral
C03199,Customer 03199,34,Male,Lucknow,Uttar Pradesh,2025-08-12,Occasional,Paid
C03200,Customer 03200,23,Female,Chennai,Tamil Nadu,2024-03-07,Occasional,Paid
C03201,Customer 03201,36,Female,Kolkata,West Bengal,2024-06-24,Premium,Paid
C03202,Customer 03202,22,Female,Hyderabad,Telangana,2026-04-12,Occasional,Organic
C03203,Customer 03203,49,Female,Hyderabad,Telangana,2025-11-14,Premium,Organic
C03204,Customer 03204,27,Male,Delhi,Delhi,2025-04-22,Premium,Organic
C03205,Customer 03205,26,Female,Jaipur,Rajasthan,2024-09-11,Occasional,Paid
C03206,Customer 03206,44,Male,Indore,Madhya Pradesh,2024-03-03,Occasional,Social
C03207,Customer 03207,30,Male,Lucknow,Uttar Pradesh,2026-03-24,Regular,Social
C03208,Customer 03208,36,Female,Pune,Maharashtra,2025-02-06,Regular,Organic
C03209,Customer 03209,38,Female,Bangalore,Karnataka,2026-01-27,Regular,Organic
C03210,Customer 03210,41,Female,Pune,Maharashtra,2024-07-10,Regular,Organic
C03211,Customer 03211,55,Female,Chennai,Tamil Nadu,2024-11-24,Regular,Organic
C03212,Customer 03212,21,Female,Chennai,Tamil Nadu,2024-03-11,Regular,Organic
C03213,Customer 03213,41,Female,Mumbai,Maharashtra,2026-05-27,Regular,Paid
C03214,Customer 03214,52,Female,Kolkata,West Bengal,2026-01-10,Occasional,Referral
C03215,Customer 03215,20,Male,Indore,Madhya Pradesh,2024-03-03,Regular,Paid
C03216,Customer 03216,21,Male,Hyderabad,Telangana,2024-10-23,Regular,Paid
C03217,Customer 03217,54,Male,Kochi,Kerala,2024-09-01,Occasional,Paid
C03218,Customer 03218,57,Male,Lucknow,Uttar Pradesh,2025-06-02,Occasional,Referral
C03219,Customer 03219,65,Female,Pune,Maharashtra,2025-01-27,Occasional,Social
C03220,Customer 03220,52,Female,Lucknow,Uttar Pradesh,2026-02-10,Premium,Paid
C03221,Customer 03221,48,Other,Chennai,Tamil Nadu,2025-08-23,Premium,Organic
C03222,Customer 03222,61,Female,Jaipur,Rajasthan,2024-06-25,Regular,Organic
C03223,Customer 03223,42,Female,Delhi,Delhi,2024-07-22,Regular,Organic
C03224,Customer 03224,57,Male,Bangalore,Karnataka,2025-10-07,Regular,Paid
C03225,Customer 03225,30,Male,Kolkata,West Bengal,2025-08-16,Regular,Organic
C03226,Customer 03226,21,Male,Jaipur,Rajasthan,2025-06-16,Regular,Paid
C03227,Customer 03227,63,Female,Kolkata,West Bengal,2024-05-07,Regular,Organic
C03228,Customer 03228,31,Male,Mumbai,Maharashtra,2024-07-13,Regular,Referral
C03229,Customer 03229,30,Female,Kochi,Kerala,2024-07-12,Regular,Organic
C03230,Customer 03230,44,Female,Chennai,Tamil Nadu,2024-07-02,Regular,Paid
C03231,Customer 03231,23,Male,Delhi,Delhi,2024-09-03,Regular,Organic
C03232,Customer 03232,34,Male,Indore,Madhya Pradesh,2026-05-22,Regular,Organic
C03233,Customer 03233,53,Female,Jaipur,Rajasthan,2026-05-21,Regular,Social
C03234,Customer 03234,57,Male,Kolkata,West Bengal,2024-11-19,Regular,Referral
C03235,Customer 03235,52,Female,Hyderabad,Telangana,2024-06-08,Premium,Organic
C03236,Customer 03236,34,Female,Mumbai,Maharashtra,2025-12-06,Regular,Referral
C03237,Customer 03237,58,Female,Hyderabad,Telangana,2025-09-13,Occasional,Referral
C03238,Customer 03238,19,Female,Delhi,Delhi,2024-03-06,Regular,Paid
C03239,Customer 03239,30,Female,Indore,Madhya Pradesh,2024-09-10,Premium,Paid
C03240,Customer 03240,19,Female,Indore,Madhya Pradesh,2024-10-09,Occasional,Social
C03241,Customer 03241,45,Male,Jaipur,Rajasthan,2024-02-29,Regular,Organic
C03242,Customer 03242,60,Female,Lucknow,Uttar Pradesh,2024-04-27,Premium,Paid
C03243,Customer 03243,43,Male,Mumbai,Maharashtra,2025-02-26,Regular,Paid
C03244,Customer 03244,39,Male,Indore,Madhya Pradesh,2025-07-09,Occasional,Referral
C03245,Customer 03245,64,Male,Indore,Madhya Pradesh,2025-12-22,Regular,Social
C03246,Customer 03246,60,Female,Jaipur,Rajasthan,2024-02-05,Regular,Social
C03247,Customer 03247,20,Male,Chennai,Tamil Nadu,2025-06-14,Regular,Referral
C03248,Customer 03248,52,Male,Ahmedabad,Gujarat,2024-03-31,Premium,Social
C03249,Customer 03249,29,Other,Mumbai,Maharashtra,2024-10-27,Regular,Referral
C03250,Customer 03250,41,Female,Hyderabad,Telangana,2025-12-24,Occasional,Referral
C03251,Customer 03251,22,Female,Delhi,Delhi,2026-01-03,Regular,Social
C03252,Customer 03252,37,Female,Indore,Madhya Pradesh,2024-08-04,Premium,Organic
C03253,Customer 03253,56,Female,Indore,Madhya Pradesh,2026-01-04,Premium,Referral
C03254,Customer 03254,56,Female,Kochi,Kerala,2024-04-07,Regular,Referral
C03255,Customer 03255,30,Male,Chennai,Tamil Nadu,2025-03-31,Occasional,Social
C03256,Customer 03256,58,Female,Indore,Madhya Pradesh,2025-06-14,Regular,Social
C03257,Customer 03257,62,Female,Ahmedabad,Gujarat,2026-03-19,Regular,Social
C03258,Customer 03258,29,Male,Kochi,Kerala,2025-06-21,Regular,Social
C03259,Customer 03259,30,Male,Bangalore,Karnataka,2024-01-28,Regular,Paid
C03260,Customer 03260,27,Male,Chennai,Tamil Nadu,2025-07-29,Premium,Organic
C03261,Customer 03261,50,Female,Delhi,Delhi,2024-11-19,Occasional,Organic
C03262,Customer 03262,57,Male,Kolkata,West Bengal,2024-08-10,Regular,Paid
C03263,Customer 03263,33,Female,Mumbai,Maharashtra,2024-03-20,Occasional,Paid
C03264,Customer 03264,62,Female,Jaipur,Rajasthan,2025-07-16,Occasional,Paid
C03265,Customer 03265,52,Female,Delhi,Delhi,2025-04-02,Occasional,Paid
C03266,Customer 03266,20,Female,Mumbai,Maharashtra,2025-09-05,Regular,Social
C03267,Customer 03267,22,Male,Kochi,Kerala,2024-06-24,Regular,Paid
C03268,Customer 03268,43,Male,Lucknow,Uttar Pradesh,2025-06-05,Occasional,Social
C03269,Customer 03269,28,Male,Jaipur,Rajasthan,2026-01-18,Occasional,Social
C03270,Customer 03270,24,Female,Pune,Maharashtra,2025-04-01,Occasional,Paid
C03271,Customer 03271,27,Male,Hyderabad,Telangana,2025-02-26,Premium,Paid
C03272,Customer 03272,59,Male,Bangalore,Karnataka,2024-04-09,Regular,Referral
C03273,Customer 03273,51,Male,Chennai,Tamil Nadu,2026-06-08,Occasional,Referral
C03274,Customer 03274,20,Female,Indore,Madhya Pradesh,2026-01-09,Premium,Paid
C03275,Customer 03275,25,Male,Lucknow,Uttar Pradesh,2025-02-06,Regular,Organic
C03276,Customer 03276,48,Female,Lucknow,Uttar Pradesh,2025-07-29,Regular,Organic
C03277,Customer 03277,28,Male,Delhi,Delhi,2025-01-14,Premium,Organic
C03278,Customer 03278,62,Female,Bangalore,Karnataka,2025-06-14,Regular,Organic
C03279,Customer 03279,24,Male,Kolkata,West Bengal,2024-11-27,Regular,Organic
C03280,Customer 03280,62,Female,Mumbai,Maharashtra,2024-11-13,Premium,Referral
C03281,Customer 03281,19,Female,Mumbai,Maharashtra,2025-10-14,Regular,Social
C03282,Customer 03282,23,Male,Delhi,Delhi,2025-06-20,Regular,Referral
C03283,Customer 03283,58,Female,Ahmedabad,Gujarat,2026-01-09,Regular,Social
C03284,Customer 03284,49,Female,Ahmedabad,Gujarat,2024-03-29,Occasional,Referral
C03285,Customer 03285,37,Female,Indore,Madhya Pradesh,2025-08-26,Regular,Referral
C03286,Customer 03286,51,Female,Pune,Maharashtra,2025-05-25,Regular,Paid
C03287,Customer 03287,33,Male,Hyderabad,Telangana,2024-02-11,Occasional,Paid
C03288,Customer 03288,42,Female,Jaipur,Rajasthan,2026-06-03,Occasional,Social
C03289,Customer 03289,29,Other,Kolkata,West Bengal,2026-03-17,Premium,Social
C03290,Customer 03290,24,Female,Indore,Madhya Pradesh,2025-01-23,Regular,Paid
C03291,Customer 03291,56,Female,Bangalore,Karnataka,2024-03-21,Regular,Organic
C03292,Customer 03292,34,Male,Ahmedabad,Gujarat,2025-02-05,Regular,Referral
C03293,Customer 03293,62,Female,Pune,Maharashtra,2024-04-16,Occasional,Organic
C03294,Customer 03294,28,Female,Pune,Maharashtra,2024-04-20,Occasional,Organic
C03295,Customer 03295,23,Male,Delhi,Delhi,2024-10-03,Occasional,Social
C03296,Customer 03296,40,Female,Kolkata,West Bengal,2024-08-01,Regular,Paid
C03297,Customer 03297,44,Female,Kochi,Kerala,2026-01-12,Regular,Referral
C03298,Customer 03298,63,Male,Jaipur,Rajasthan,2026-03-28,Occasional,Social
C03299,Customer 03299,23,Male,Hyderabad,Telangana,2025-05-20,Regular,Paid
C03300,Customer 03300,55,Female,Chennai,Tamil Nadu,2024-04-30,Regular,Paid
C03301,Customer 03301,19,Male,Delhi,Delhi,2024-05-13,Occasional,Organic
C03302,Customer 03302,39,Male,Jaipur,Rajasthan,2026-03-28,Regular,Paid
C03303,Customer 03303,37,Male,Chennai,Tamil Nadu,2025-12-20,Regular,Referral
C03304,Customer 03304,42,Male,Chennai,Tamil Nadu,2025-01-05,Occasional,Paid
C03305,Customer 03305,32,,Kolkata,West Bengal,2024-09-13,Premium,Organic
C03306,Customer 03306,46,Male,Kolkata,West Bengal,2025-11-27,Premium,Organic
C03307,Customer 03307,25,Female,Indore,Madhya Pradesh,2026-03-08,Regular,Paid
C03308,Customer 03308,54,Female,Bangalore,Karnataka,2026-05-24,Regular,Paid
C03309,Customer 03309,50,Female,Pune,Maharashtra,2024-06-28,Premium,Referral
C03310,Customer 03310,39,Male,Jaipur,Rajasthan,2024-02-17,Regular,Paid
C03311,Customer 03311,64,Female,Delhi,Delhi,2025-08-21,Regular,Organic
C03312,Customer 03312,22,Male,Indore,Madhya Pradesh,2026-06-15,Occasional,Paid
C03313,Customer 03313,56,Male,Mumbai,Maharashtra,2024-01-19,Regular,Social
C03314,Customer 03314,35,Female,Delhi,Delhi,2024-02-15,Occasional,Organic
C03315,Customer 03315,55,Female,Bangalore,Karnataka,2025-03-26,Regular,Referral
C03316,Customer 03316,54,Female,Hyderabad,Telangana,2026-06-16,Regular,Referral
C03317,Customer 03317,47,Other,Lucknow,Uttar Pradesh,2024-02-25,Regular,Referral
C03318,Customer 03318,48,Female,Lucknow,Uttar Pradesh,2026-01-10,Premium,Organic
C03319,Customer 03319,27,Female,Pune,Maharashtra,2025-10-18,Occasional,Social
C03320,Customer 03320,32,Female,Lucknow,Uttar Pradesh,2024-04-01,Regular,Referral
C03321,Customer 03321,59,Male,Lucknow,Uttar Pradesh,2024-03-22,Regular,Social
C03322,Customer 03322,65,Male,Mumbai,Maharashtra,2026-01-06,Regular,Organic
C03323,Customer 03323,61,Female,Ahmedabad,Gujarat,2024-03-19,Regular,Referral
C03324,Customer 03324,35,Female,Hyderabad,Telangana,2025-10-23,Regular,Referral
C03325,Customer 03325,40,Male,Kolkata,West Bengal,2026-05-22,Regular,Paid
C03326,Customer 03326,50,Male,Chennai,Tamil Nadu,2024-10-09,Premium,Paid
C03327,Customer 03327,33,Male,Ahmedabad,Gujarat,2024-11-06,Regular,Referral
C03328,Customer 03328,55,Female,Delhi,Delhi,2024-06-08,Regular,Organic
C03329,Customer 03329,52,Female,Delhi,Delhi,2024-11-11,Regular,Referral
C03330,Customer 03330,51,Female,Lucknow,Uttar Pradesh,2026-05-26,Premium,Organic
C03331,Customer 03331,45,Female,Kolkata,West Bengal,2025-10-29,Regular,Organic
C03332,Customer 03332,19,Female,Bangalore,Karnataka,2024-06-04,Occasional,Referral
C03333,Customer 03333,47,Male,Jaipur,Rajasthan,2026-06-06,Occasional,Organic
C03334,Customer 03334,30,Male,bangalore,Gujarat,2025-12-14,Occasional,Social
C03335,Customer 03335,58,Male,Ahmedabad,Gujarat,2025-04-12,Premium,Social
C03336,Customer 03336,33,Female,Kochi,Kerala,2026-05-02,Occasional,Referral
C03337,Customer 03337,22,Male,Hyderabad,Telangana,2025-04-06,Regular,Social
C03338,Customer 03338,45,Female,Pune,Maharashtra,2026-05-03,Occasional,Social
C03339,Customer 03339,56,Female,Hyderabad,Telangana,2024-04-26,Regular,Organic
C03340,Customer 03340,62,Male,Jaipur,Rajasthan,2025-10-27,Regular,Social
C03341,Customer 03341,37,Female,Delhi,Delhi,2024-12-29,Regular,Organic
C03342,Customer 03342,41,Female,Delhi,Delhi,2026-04-22,Regular,Paid
C03343,Customer 03343,44,Male,Delhi,Delhi,2025-09-22,Occasional,Paid
C03344,Customer 03344,47,Male,Kochi,Kerala,2025-12-11,Occasional,Referral
C03345,Customer 03345,62,Female,Delhi,Delhi,2025-04-10,Occasional,Organic
C03346,Customer 03346,44,Male,Jaipur,Rajasthan,2026-02-13,Regular,Organic
C03347,Customer 03347,43,Male,Indore,Madhya Pradesh,2024-07-02,Regular,Referral
C03348,Customer 03348,24,Female,Kolkata,West Bengal,2025-10-21,Premium,Paid
C03349,Customer 03349,59,Female,Pune,Maharashtra,2024-06-14,Occasional,Referral
C03350,Customer 03350,64,Female,Jaipur,Rajasthan,2024-03-15,Regular,Referral
C03351,Customer 03351,55,Female,Lucknow,Uttar Pradesh,2026-01-17,Occasional,Organic
C03352,Customer 03352,22,Female,Indore,Madhya Pradesh,2026-04-05,Regular,Organic
C03353,Customer 03353,40,Male,Pune,Maharashtra,2024-09-28,Regular,Referral
C03354,Customer 03354,45,Female,Jaipur,Rajasthan,2025-11-21,Occasional,Paid
C03355,Customer 03355,51,Male,Indore,Madhya Pradesh,2025-05-17,Premium,Organic
C03356,Customer 03356,32,Male,Delhi,Delhi,2026-03-05,Regular,Paid
C03357,Customer 03357,49,Female,Kolkata,West Bengal,2025-07-16,Premium,Paid
C03358,Customer 03358,43,Female,Ahmedabad,Gujarat,2025-08-09,Occasional,Organic
C03359,Customer 03359,65,Male,Hyderabad,Telangana,2025-10-17,Premium,Paid
C03360,Customer 03360,48,Female,Chennai,Tamil Nadu,2024-12-08,Premium,Referral
C03361,Customer 03361,36,Female,Kolkata,West Bengal,2025-11-30,Regular,Paid
C03362,Customer 03362,26,Female,Ahmedabad,Gujarat,2025-09-26,Regular,Social
C03363,Customer 03363,46,Male,Bangalore,Karnataka,2026-04-23,Regular,Organic
C03364,Customer 03364,56,Female,Jaipur,Rajasthan,2024-09-07,Premium,Paid
C03365,Customer 03365,21,Male,Bangalore,Karnataka,2026-03-18,Occasional,Referral
C03366,Customer 03366,20,Male,Ahmedabad,Gujarat,2026-04-14,Occasional,Referral
C03367,Customer 03367,46,Female,Kolkata,West Bengal,2024-05-09,Regular,Referral
C03368,Customer 03368,28,Female,Jaipur,Rajasthan,2026-02-02,Occasional,Referral
C03369,Customer 03369,50,Female,Lucknow,Uttar Pradesh,2024-12-23,Regular,Referral
C03370,Customer 03370,55,Female,Chennai,Tamil Nadu,2025-11-22,Regular,Organic
C03371,Customer 03371,28,Male,Delhi,Delhi,2025-02-11,Regular,Referral
C03372,Customer 03372,44,Female,Jaipur,Rajasthan,2026-05-10,Regular,Referral
C03373,Customer 03373,50,Male,Lucknow,Uttar Pradesh,2025-05-09,Regular,Social
C03374,Customer 03374,38,Female,Jaipur,Rajasthan,2025-09-13,Regular,Referral
C03375,Customer 03375,56,Male,Kolkata,West Bengal,2025-04-26,Occasional,Referral
C03376,Customer 03376,48,Female,Lucknow,Uttar Pradesh,2026-04-29,Regular,Paid
C03377,Customer 03377,55,Female,Kolkata,West Bengal,2024-03-18,Regular,Social
C03378,Customer 03378,63,Female,Indore,Madhya Pradesh,2025-05-28,Regular,Social
C03379,Customer 03379,19,Female,Ahmedabad,Gujarat,2024-11-16,Regular,Referral
C03380,Customer 03380,44,Female,Mumbai,Maharashtra,2026-02-26,Regular,Referral
C03381,Customer 03381,53,Male,Jaipur,Rajasthan,2024-10-16,Regular,Organic
C03382,Customer 03382,28,Male,Hyderabad,Telangana,2024-10-23,Occasional,Referral
C03383,Customer 03383,64,Female,Jaipur,Rajasthan,2025-11-11,Occasional,Referral
C03384,Customer 03384,35,Male,Ahmedabad,Gujarat,2026-01-21,Regular,Referral
C03385,Customer 03385,18,Female,Pune,Maharashtra,2025-04-19,Regular,Organic
C03386,Customer 03386,52,Male,Bangalore,Karnataka,2024-01-23,Occasional,Referral
C03387,Customer 03387,52,Male,Indore,Madhya Pradesh,2026-03-16,Regular,Organic
C03388,Customer 03388,48,Female,Delhi,Delhi,2024-06-20,Premium,Referral
C03389,Customer 03389,45,Other,Lucknow,Uttar Pradesh,2026-04-14,Regular,Organic
C03390,Customer 03390,56,Female,Mumbai,Maharashtra,2024-11-13,Premium,Referral
C03391,Customer 03391,18,Female,Chennai,Tamil Nadu,2026-03-08,Occasional,Organic
C03392,Customer 03392,42,Female,Chennai,Tamil Nadu,2026-05-04,Regular,Organic
C03393,Customer 03393,60,Male,Chennai,Tamil Nadu,2024-07-11,Regular,Referral
C03394,Customer 03394,55,Male,Kolkata,West Bengal,2025-11-11,Premium,Organic
C03395,Customer 03395,37,Female,Chennai,Tamil Nadu,2024-04-27,Regular,Referral
C03396,Customer 03396,20,Female,Delhi,Delhi,2024-01-06,Occasional,Social
C03397,Customer 03397,19,Female,Indore,Madhya Pradesh,2026-04-22,Premium,Social
C03398,Customer 03398,35,Other,Bangalore,Karnataka,2025-04-27,Regular,Organic
C03399,Customer 03399,61,Male,Chennai,Tamil Nadu,2024-05-11,Occasional,Social
C03400,Customer 03400,27,Male,Jaipur,Rajasthan,2024-04-02,Regular,Paid
C03401,Customer 03401,22,Female,Jaipur,Rajasthan,2026-02-01,Regular,Social
C03402,Customer 03402,26,Male,Kolkata,West Bengal,2025-06-05,Regular,Referral
C03403,Customer 03403,19,Male,Delhi,Delhi,2025-07-16,Regular,Organic
C03404,Customer 03404,51,Male,Bangalore,Karnataka,2026-05-10,Premium,Paid
C03405,Customer 03405,55,Male,Mumbai,Maharashtra,2024-10-20,Premium,Paid
C03406,Customer 03406,48,Female,Ahmedabad,Gujarat,2025-10-02,Regular,Referral
C03407,Customer 03407,27,Female,Bangalore,Karnataka,2025-01-26,Occasional,Paid
C03408,Customer 03408,29,Female,Ahmedabad,Gujarat,2024-09-05,Premium,Referral
C03409,Customer 03409,53,,Pune,Maharashtra,2025-09-05,Regular,Referral
C03410,Customer 03410,38,Male,bangalore,Gujarat,2026-04-28,Regular,Social
C03411,Customer 03411,64,Female,Indore,Madhya Pradesh,2025-08-17,Occasional,Social
C03412,Customer 03412,23,Male,Hyderabad,Telangana,2025-12-03,Regular,Paid
C03413,Customer 03413,65,Male,Indore,Madhya Pradesh,2025-02-20,Occasional,Referral
C03414,Customer 03414,20,Male,Jaipur,Rajasthan,2024-05-22,Premium,Social
C03415,Customer 03415,27,Female,Delhi,Delhi,2024-08-24,Occasional,Social
C03416,Customer 03416,22,Female,Kochi,Kerala,2024-10-13,Regular,Organic
C03417,Customer 03417,63,Female,Kolkata,West Bengal,2024-10-03,Regular,Paid
C03418,Customer 03418,43,Female,Hyderabad,Telangana,2025-01-21,Regular,Paid
C03419,Customer 03419,38,Male,Ahmedabad,Gujarat,2025-01-16,Occasional,Paid
C03420,Customer 03420,62,Female,Chennai,Tamil Nadu,2025-03-25,Premium,Organic
C03421,Customer 03421,43,Female,Delhi,Delhi,2024-10-17,Premium,Paid
C03422,Customer 03422,55,Male,Hyderabad,Telangana,2024-06-17,Regular,Referral
C03423,Customer 03423,61,Male,Kolkata,West Bengal,2025-03-18,Occasional,Paid
C03424,Customer 03424,43,Female,Jaipur,Rajasthan,2025-10-17,Occasional,Referral
C03425,Customer 03425,25,Female,Delhi,Delhi,2024-07-02,Regular,Organic
C03426,Customer 03426,22,Female,Kolkata,West Bengal,2024-02-14,Regular,Social
C03427,Customer 03427,32,Female,Pune,Maharashtra,2026-01-24,Premium,Social
C03428,Customer 03428,33,Other,Pune,Maharashtra,2026-04-06,Occasional,Referral
C03429,Customer 03429,18,Male,Indore,Madhya Pradesh,2024-09-24,Occasional,Social
C03430,Customer 03430,33,Male,Indore,Madhya Pradesh,2025-04-20,Regular,Organic
C03431,Customer 03431,54,Male,Kolkata,West Bengal,2024-09-09,Regular,Referral
C03432,Customer 03432,20,Male,Hyderabad,Telangana,2025-01-30,Occasional,Organic
C03433,Customer 03433,64,Female,Indore,Madhya Pradesh,2024-10-15,Occasional,Paid
C03434,Customer 03434,48,Female,Delhi,Delhi,2024-07-30,Regular,Paid
C03435,Customer 03435,30,Female,Hyderabad,Telangana,2025-11-19,Regular,Referral
C03436,Customer 03436,33,Male,Indore,Madhya Pradesh,2024-01-21,Regular,Paid
C03437,Customer 03437,60,Female,Mumbai,Maharashtra,2024-11-11,Regular,Referral
C03438,Customer 03438,38,Male,Ahmedabad,Gujarat,2025-07-17,Regular,Paid
C03439,Customer 03439,19,Male,Mumbai,Maharashtra,2025-03-13,Regular,Social
C03440,Customer 03440,44,Female,Lucknow,Uttar Pradesh,2025-02-26,Regular,Referral
C03441,Customer 03441,55,Female,Pune,Maharashtra,2024-08-20,Regular,Organic
C03442,Customer 03442,43,Male,Jaipur,Rajasthan,2024-05-02,Regular,Paid
C03443,Customer 03443,55,Male,Bangalore,Karnataka,2026-05-23,Regular,Social
C03444,Customer 03444,63,Female,Ahmedabad,Gujarat,2025-09-03,Occasional,Paid
C03445,Customer 03445,42,Male,Pune,Maharashtra,2024-08-01,Regular,Paid
C03446,Customer 03446,28,Male,Hyderabad,Telangana,2026-04-18,Premium,Referral
C03447,Customer 03447,25,Female,Hyderabad,Telangana,2025-10-08,Regular,Paid
C03448,Customer 03448,25,Male,Hyderabad,Telangana,2026-04-09,Occasional,Organic
C03449,Customer 03449,50,Male,Jaipur,Rajasthan,2025-12-30,Occasional,Paid
C03450,Customer 03450,24,Female,Mumbai,Maharashtra,2025-08-22,Regular,Organic
C03451,Customer 03451,55,Other,Bangalore,Karnataka,2026-03-02,Occasional,Organic
C03452,Customer 03452,38,Female,Indore,Madhya Pradesh,2024-02-09,Premium,Organic
C03453,Customer 03453,25,Male,Hyderabad,Telangana,2026-01-21,Occasional,Paid
C03454,Customer 03454,38,Male,Kochi,Kerala,2024-11-27,Regular,Paid
C03455,Customer 03455,37,Male,Lucknow,Uttar Pradesh,2025-10-09,Premium,Social
C03456,Customer 03456,25,Male,Ahmedabad,Gujarat,2024-06-30,Regular,Referral
C03457,Customer 03457,63,Female,Delhi,Delhi,2024-09-21,Regular,Referral
C03458,Customer 03458,48,Female,Indore,Madhya Pradesh,2026-02-09,Regular,Organic
C03459,Customer 03459,46,Female,Kochi,Kerala,2025-11-24,Occasional,Organic
C03460,Customer 03460,65,Male,Bangalore,Karnataka,2025-06-16,Occasional,Social
C03461,Customer 03461,26,Male,Jaipur,Rajasthan,2026-05-12,Regular,Referral
C03462,Customer 03462,32,Female,Bangalore,Karnataka,2025-03-07,Regular,Organic
C03463,Customer 03463,47,Male,Delhi,Delhi,2024-07-14,Premium,Paid
C03464,Customer 03464,43,Female,Ahmedabad,Gujarat,2025-12-24,Premium,Paid
C03465,Customer 03465,27,Female,Delhi,Delhi,2025-05-23,Regular,Social
C03466,Customer 03466,46,Female,Kolkata,West Bengal,2025-03-22,Premium,Organic
C03467,Customer 03467,33,Male,Ahmedabad,Gujarat,2025-06-11,Occasional,Referral
C03468,Customer 03468,53,Female,Bangalore,Karnataka,2024-07-20,Regular,Referral
C03469,Customer 03469,37,Male,Hyderabad,Telangana,2026-05-24,Regular,Social
C03470,Customer 03470,62,Male,Bangalore,Karnataka,2025-12-30,Regular,Social
C03471,Customer 03471,54,Female,Bangalore,Karnataka,2025-08-27,Regular,Organic
C03472,Customer 03472,39,Male,Ahmedabad,Gujarat,2024-05-12,Regular,Referral
C03473,Customer 03473,24,Female,Lucknow,Uttar Pradesh,2024-05-18,Occasional,Referral
C03474,Customer 03474,40,Female,Kolkata,West Bengal,2025-10-30,Regular,Referral
C03475,Customer 03475,58,Female,Indore,Madhya Pradesh,2025-05-07,Premium,Social
C03476,Customer 03476,57,Female,Bangalore,Karnataka,2026-04-26,Occasional,Social
C03477,Customer 03477,46,Male,Kochi,Kerala,2024-03-10,Regular,Organic
C03478,Customer 03478,33,Other,Pune,Maharashtra,2026-03-26,Occasional,Organic
C03479,Customer 03479,55,Female,Chennai,Tamil Nadu,2024-01-15,Regular,Referral
C03480,Customer 03480,45,Female,Chennai,Tamil Nadu,2026-01-16,Regular,Organic
C03481,Customer 03481,65,Male,Bangalore,Karnataka,2024-07-30,Occasional,Organic
C03482,Customer 03482,55,Female,Kochi,Kerala,2026-03-12,Occasional,Paid
C03483,Customer 03483,48,Male,Lucknow,Uttar Pradesh,2024-02-29,Premium,Social
C03484,Customer 03484,31,Female,Hyderabad,Telangana,2024-09-08,Regular,Organic
C03485,Customer 03485,50,Male,Jaipur,Rajasthan,2025-03-21,Occasional,Referral
C03486,Customer 03486,26,Female,Jaipur,Rajasthan,2024-01-02,Premium,Organic
C03487,Customer 03487,44,Male,Ahmedabad,Gujarat,2026-01-17,Regular,Organic
C03488,Customer 03488,41,Male,Chennai,Tamil Nadu,2024-12-01,Occasional,Paid
C03489,Customer 03489,30,Male,Bangalore,Karnataka,2024-01-19,Regular,Organic
C03490,Customer 03490,43,Male,Jaipur,Rajasthan,2025-07-14,Occasional,Social
C03491,Customer 03491,46,Male,Bangalore,Karnataka,2024-03-18,Occasional,Social
C03492,Customer 03492,60,Female,Ahmedabad,Gujarat,2025-04-16,Regular,Referral
C03493,Customer 03493,45,Female,Chennai,Tamil Nadu,2024-01-28,Occasional,Organic
C03494,Customer 03494,45,,Delhi,Delhi,2025-07-13,Regular,Paid
C03495,Customer 03495,25,Female,Lucknow,Uttar Pradesh,2025-08-30,Regular,Organic
C03496,Customer 03496,40,Male,Pune,Maharashtra,2024-06-13,Regular,Organic
C03497,Customer 03497,46,Male,Pune,Maharashtra,2025-04-02,Occasional,Paid
C03498,Customer 03498,22,Male,Jaipur,Rajasthan,2026-05-26,Occasional,Referral
C03499,Customer 03499,59,Female,Pune,Maharashtra,2024-06-24,Regular,Organic
C03500,Customer 03500,24,Female,Lucknow,Uttar Pradesh,2025-08-07,Regular,Organic
C03501,Customer 03501,59,Male,Delhi,Delhi,2026-05-17,Occasional,Social
C03502,Customer 03502,53,Male,Lucknow,Uttar Pradesh,2024-01-29,Regular,Paid
C03503,Customer 03503,58,Female,Bangalore,Karnataka,2025-10-30,Regular,Social
C03504,Customer 03504,44,Female,Ahmedabad,Gujarat,2026-04-05,Regular,Social
C03505,Customer 03505,63,Female,Indore,Madhya Pradesh,2026-03-26,Occasional,Paid
C03506,Customer 03506,19,Female,Delhi,Delhi,2024-10-05,Occasional,Organic
C03507,Customer 03507,42,Female,Indore,Madhya Pradesh,2024-10-09,Occasional,Referral
C03508,Customer 03508,26,Male,Ahmedabad,Gujarat,2025-04-23,Regular,Organic
C03509,Customer 03509,44,Male,Ahmedabad,Gujarat,2025-06-02,Occasional,Organic
C03510,Customer 03510,18,Female,Chennai,Tamil Nadu,2024-10-31,Regular,Referral
C03511,Customer 03511,40,Female,Indore,Madhya Pradesh,2025-11-24,Occasional,Paid
C03512,Customer 03512,27,Female,Bangalore,Karnataka,2024-04-18,Regular,Organic
C03513,Customer 03513,59,,Kochi,Kerala,2024-11-19,Premium,Referral
C03514,Customer 03514,42,Male,Pune,Maharashtra,2024-07-24,Regular,Referral
C03515,Customer 03515,20,Male,Indore,Madhya Pradesh,2024-08-21,Regular,Organic
C03516,Customer 03516,23,Male,Kochi,Kerala,2025-04-02,Occasional,Organic
C03517,Customer 03517,23,Male,Chennai,Tamil Nadu,2024-07-05,Occasional,Organic
C03518,Customer 03518,19,Female,Ahmedabad,Gujarat,2025-04-26,Regular,Paid
C03519,Customer 03519,35,Female,Jaipur,Rajasthan,2025-02-10,Occasional,Referral
C03520,Customer 03520,40,Male,Lucknow,Uttar Pradesh,2026-04-20,Regular,Referral
C03521,Customer 03521,19,Female,Pune,Maharashtra,2025-05-23,Occasional,Referral
C03522,Customer 03522,29,Male,Pune,Maharashtra,2026-05-18,Occasional,Organic
C03523,Customer 03523,39,Female,Bangalore,Karnataka,2025-06-03,Occasional,Organic
C03524,Customer 03524,54,Male,Kolkata,West Bengal,2024-02-22,Regular,Organic
C03525,Customer 03525,37,Male,Mumbai,Maharashtra,2025-02-01,Regular,Organic
C03526,Customer 03526,56,Female,Mumbai,Maharashtra,2024-07-17,Occasional,Organic
C03527,Customer 03527,41,Male,Mumbai,Maharashtra,2025-01-25,Regular,Paid
C03528,Customer 03528,65,Male,Kolkata,West Bengal,2025-10-10,Occasional,Organic
C03529,Customer 03529,37,Male,Bangalore,Karnataka,2026-02-09,Occasional,Referral
C03530,Customer 03530,18,Male,Kolkata,West Bengal,2026-04-25,Regular,Referral
C03531,Customer 03531,18,Male,Mumbai,Maharashtra,2025-05-12,Occasional,Paid
C03532,Customer 03532,34,Female,Chennai,Tamil Nadu,2024-06-20,Occasional,Organic
C03533,Customer 03533,18,Female,Delhi,Delhi,2024-03-26,Regular,Social
C03534,Customer 03534,62,Female,Indore,Madhya Pradesh,2025-07-11,Regular,Social
C03535,Customer 03535,47,Male,Ahmedabad,Gujarat,2026-05-07,Occasional,Organic
C03536,Customer 03536,58,Male,Kolkata,West Bengal,2024-07-04,Regular,Referral
C03537,Customer 03537,64,Male,Bangalore,Karnataka,2024-06-04,Premium,Social
C03538,Customer 03538,20,Male,Bangalore,Karnataka,2025-05-07,Occasional,Paid
C03539,Customer 03539,63,Female,Indore,Madhya Pradesh,2025-06-04,Regular,Paid
C03540,Customer 03540,28,Male,Kochi,Kerala,2025-09-18,Occasional,Paid
C03541,Customer 03541,41,Female,Delhi,Delhi,2025-10-27,Premium,Paid
C03542,Customer 03542,39,Male,Jaipur,Rajasthan,2024-05-09,Premium,Paid
C03543,Customer 03543,61,Male,Pune,Maharashtra,2026-04-22,Occasional,Social
C03544,Customer 03544,62,Male,Mumbai,Maharashtra,2024-03-21,Premium,Referral
C03545,Customer 03545,43,Male,Jaipur,Rajasthan,2025-01-18,Occasional,Organic
C03546,Customer 03546,30,Male,Kochi,Kerala,2026-03-12,Occasional,Referral
C03547,Customer 03547,18,Male,Mumbai,Maharashtra,2025-10-20,Occasional,Referral
C03548,Customer 03548,41,Male,Delhi,Delhi,2024-10-21,Premium,Organic
C03549,Customer 03549,27,Female,Lucknow,Uttar Pradesh,2024-09-25,Regular,Paid
C03550,Customer 03550,52,Female,Kochi,Kerala,2025-10-06,Occasional,Social
C03551,Customer 03551,41,Male,Mumbai,Maharashtra,2025-07-15,Regular,Paid
C03552,Customer 03552,45,Male,Delhi,Delhi,2025-06-18,Regular,Organic
C03553,Customer 03553,53,Female,Hyderabad,Telangana,2025-01-12,Regular,Organic
C03554,Customer 03554,33,Other,Jaipur,Rajasthan,2025-01-10,Premium,Paid
C03555,Customer 03555,57,Female,Jaipur,Rajasthan,2024-03-28,Occasional,Paid
C03556,Customer 03556,33,Male,Pune,Maharashtra,2025-09-15,Occasional,Paid
C03557,Customer 03557,34,Female,Indore,Madhya Pradesh,2024-04-20,Occasional,Referral
C03558,Customer 03558,32,Female,bangalore,Delhi,2025-08-06,Regular,Organic
C03559,Customer 03559,33,Male,Kolkata,West Bengal,2024-06-02,Occasional,Organic
C03560,Customer 03560,32,Female,Hyderabad,Telangana,2025-04-07,Regular,Paid
C03561,Customer 03561,51,Male,Lucknow,Uttar Pradesh,2025-07-22,Regular,Organic
C03562,Customer 03562,28,Female,Chennai,Tamil Nadu,2026-02-07,Regular,Social
C03563,Customer 03563,18,Female,Mumbai,Maharashtra,2024-06-04,Occasional,Organic
C03564,Customer 03564,32,Female,Hyderabad,Telangana,2025-09-16,Occasional,Referral
C03565,Customer 03565,43,Female,Delhi,Delhi,2024-11-13,Occasional,Paid
C03566,Customer 03566,21,Male,Ahmedabad,Gujarat,2025-07-12,Occasional,Paid
C03567,Customer 03567,60,Female,Mumbai,Maharashtra,2024-08-25,Occasional,Referral
C03568,Customer 03568,22,Female,Bangalore,Karnataka,2024-11-29,Premium,Paid
C03569,Customer 03569,52,Female,Jaipur,Rajasthan,2024-04-15,Occasional,Referral
C03570,Customer 03570,30,Female,Indore,Madhya Pradesh,2025-04-26,Regular,Paid
C03571,Customer 03571,27,Female,Delhi,Delhi,2025-11-29,Regular,Referral
C03572,Customer 03572,28,Other,Lucknow,Uttar Pradesh,2025-11-01,Premium,Referral
C03573,Customer 03573,35,Female,Bangalore,Karnataka,2025-12-10,Regular,Referral
C03574,Customer 03574,51,Female,Pune,Maharashtra,2025-01-16,Regular,Referral
C03575,Customer 03575,56,Male,Kochi,Kerala,2025-11-19,Regular,Referral
C03576,Customer 03576,58,Female,Chennai,Tamil Nadu,2024-09-17,Regular,Social
C03577,Customer 03577,59,Male,Chennai,Tamil Nadu,2026-03-09,Occasional,Paid
C03578,Customer 03578,40,Male,Bangalore,Karnataka,2024-10-19,Occasional,Paid
C03579,Customer 03579,24,Male,Jaipur,Rajasthan,2024-11-30,Regular,Organic
C03580,Customer 03580,56,Female,Pune,Maharashtra,2025-10-16,Regular,Paid
C03581,Customer 03581,20,Female,Ahmedabad,Gujarat,2026-03-30,Regular,Paid
C03582,Customer 03582,29,Female,Jaipur,Rajasthan,2025-12-09,Regular,Social
C03583,Customer 03583,24,Male,Hyderabad,Telangana,2025-04-20,Premium,Paid
C03584,Customer 03584,43,Female,Indore,Madhya Pradesh,2024-08-12,Occasional,Referral
C03585,Customer 03585,50,Female,Chennai,Tamil Nadu,2025-07-08,Regular,Organic
C03586,Customer 03586,54,Male,Hyderabad,Telangana,2025-03-29,Premium,Paid
C03587,Customer 03587,65,Male,Lucknow,Uttar Pradesh,2025-10-24,Regular,Social
C03588,Customer 03588,32,Male,Mumbai,Maharashtra,2024-10-22,Regular,Organic
C03589,Customer 03589,19,Female,Kolkata,West Bengal,2025-07-28,Regular,Organic
C03590,Customer 03590,58,Female,Delhi,Delhi,2025-10-03,Premium,Paid
C03591,Customer 03591,24,Male,Pune,Maharashtra,2026-02-05,Occasional,Referral
C03592,Customer 03592,49,Female,Jaipur,Rajasthan,2025-04-07,Regular,Paid
C03593,Customer 03593,21,Male,Chennai,Tamil Nadu,2026-05-04,Premium,Paid
C03594,Customer 03594,37,Male,Hyderabad,Telangana,2024-08-01,Premium,Referral
C03595,Customer 03595,53,Male,Kochi,Kerala,2025-08-07,Regular,Organic
C03596,Customer 03596,49,Male,Indore,Madhya Pradesh,2025-09-07,Premium,Referral
C03597,Customer 03597,45,Male,Indore,Madhya Pradesh,2024-06-06,Premium,Organic
C03598,Customer 03598,30,Male,Mumbai,Maharashtra,2024-09-28,Regular,Paid
C03599,Customer 03599,18,Female,Delhi,Delhi,2026-04-06,Regular,Referral
C03600,Customer 03600,52,Male,Delhi,Delhi,2024-08-25,Premium,Social
C03601,Customer 03601,65,Female,Indore,Madhya Pradesh,2024-10-29,Regular,Referral
C03602,Customer 03602,47,Female,Indore,Madhya Pradesh,2026-06-02,Regular,Referral
C03603,Customer 03603,53,Male,Jaipur,Rajasthan,2025-10-31,Premium,Paid
C03604,Customer 03604,42,Female,Pune,Maharashtra,2025-09-12,Regular,Organic
C03605,Customer 03605,33,Male,Ahmedabad,Gujarat,2025-06-04,Premium,Organic
C03606,Customer 03606,36,Female,Lucknow,Uttar Pradesh,2024-11-16,Premium,Social
C03607,Customer 03607,18,Female,Kochi,Kerala,2024-02-28,Regular,Social
C03608,Customer 03608,22,Male,Lucknow,Uttar Pradesh,2024-12-23,Regular,Social
C03609,Customer 03609,39,Female,Jaipur,Rajasthan,2025-12-04,Premium,Organic
C03610,Customer 03610,41,Female,Hyderabad,Telangana,2025-10-09,Regular,Paid
C03611,Customer 03611,60,Female,Kolkata,West Bengal,2024-09-07,Occasional,Referral
C03612,Customer 03612,62,Female,Indore,Madhya Pradesh,2026-06-09,Occasional,Referral
C03613,Customer 03613,54,Male,Bangalore,Karnataka,2025-03-11,Occasional,Referral
C03614,Customer 03614,53,Female,Ahmedabad,Gujarat,2024-05-25,Occasional,Referral
C03615,Customer 03615,53,Male,Pune,Maharashtra,2026-05-08,Occasional,Paid
C03616,Customer 03616,21,Male,Mumbai,Maharashtra,2024-12-17,Occasional,Organic
C03617,Customer 03617,53,Male,Ahmedabad,Gujarat,2025-07-23,Regular,Organic
C03618,Customer 03618,35,Male,Indore,Madhya Pradesh,2025-11-19,Regular,Organic
C03619,Customer 03619,33,Female,Chennai,Tamil Nadu,2026-03-10,Regular,Paid
C03620,Customer 03620,58,Female,Pune,Maharashtra,2024-09-01,Regular,Organic
C03621,Customer 03621,35,Female,Kolkata,West Bengal,2025-07-13,Occasional,Paid
C03622,Customer 03622,39,Male,Chennai,Tamil Nadu,2024-10-27,Regular,Referral
C03623,Customer 03623,19,Female,Ahmedabad,Gujarat,2025-03-13,Occasional,Social
C03624,Customer 03624,38,Female,Bangalore,Karnataka,2026-05-17,Regular,Social
C03625,Customer 03625,53,Male,Bangalore,Karnataka,2024-04-09,Regular,Organic
C03626,Customer 03626,61,Male,Kolkata,West Bengal,2025-12-25,Regular,Organic
C03627,Customer 03627,56,Female,Delhi,Delhi,2026-03-24,Regular,Organic
C03628,Customer 03628,64,Female,Kochi,Kerala,2025-04-24,Regular,Social
C03629,Customer 03629,56,Female,Indore,Madhya Pradesh,2025-02-18,Occasional,Paid
C03630,Customer 03630,46,Female,Mumbai,Maharashtra,2024-06-13,Occasional,Organic
C03631,Customer 03631,43,Female,Indore,Madhya Pradesh,2025-09-29,Occasional,Social
C03632,Customer 03632,38,Male,Delhi,Delhi,2024-10-28,Regular,Paid
C03633,Customer 03633,34,Female,Lucknow,Uttar Pradesh,2024-04-30,Occasional,Social
C03634,Customer 03634,33,Male,Lucknow,Uttar Pradesh,2024-03-28,Regular,Organic
C03635,Customer 03635,48,Female,Lucknow,Uttar Pradesh,2024-08-04,Regular,Paid
C03636,Customer 03636,26,Female,Bangalore,Karnataka,2025-07-26,Occasional,Paid
C03637,Customer 03637,48,Female,Bangalore,Karnataka,2026-03-24,Regular,Social
C03638,Customer 03638,31,Other,Hyderabad,Telangana,2024-06-27,Premium,Social
C03639,Customer 03639,54,Male,Chennai,Tamil Nadu,2025-12-02,Regular,Paid
C03640,Customer 03640,19,Female,Ahmedabad,Gujarat,2024-06-11,Occasional,Organic
C03641,Customer 03641,65,Female,Mumbai,Maharashtra,2025-08-15,Regular,Paid
C03642,Customer 03642,63,Other,Kolkata,West Bengal,2024-06-18,Regular,Social
C03643,Customer 03643,31,Female,Ahmedabad,Gujarat,2024-10-27,Regular,Referral
C03644,Customer 03644,50,Male,Indore,Madhya Pradesh,2025-01-08,Occasional,Referral
C03645,Customer 03645,52,Female,Hyderabad,Telangana,2025-12-08,Occasional,Paid
C03646,Customer 03646,56,,Bangalore,Karnataka,2024-07-21,Regular,Paid
C03647,Customer 03647,64,Male,Kolkata,West Bengal,2024-02-16,Premium,Paid
C03648,Customer 03648,37,Female,Bangalore,Karnataka,2025-04-07,Regular,Referral
C03649,Customer 03649,19,Female,Mumbai,Maharashtra,2025-10-31,Regular,Social
C03650,Customer 03650,58,Female,Chennai,Tamil Nadu,2025-02-11,Occasional,Paid
C03651,Customer 03651,36,Male,Ahmedabad,Gujarat,2024-07-12,Premium,Paid
C03652,Customer 03652,54,Female,Ahmedabad,Gujarat,2025-03-02,Regular,Paid
C03653,Customer 03653,35,Female,Lucknow,Uttar Pradesh,2026-03-01,Occasional,Organic
C03654,Customer 03654,33,Female,Delhi,Delhi,2024-11-12,Regular,Social
C03655,Customer 03655,21,Male,Lucknow,Uttar Pradesh,2025-04-23,Occasional,Paid
C03656,Customer 03656,29,Male,Kolkata,West Bengal,2025-02-24,Occasional,Social
C03657,Customer 03657,46,Female,Kochi,Kerala,2024-09-25,Occasional,Referral
C03658,Customer 03658,24,Female,Lucknow,Uttar Pradesh,2025-04-25,Regular,Referral
C03659,Customer 03659,31,Male,Hyderabad,Telangana,2025-12-11,Regular,Social
C03660,Customer 03660,29,Male,Lucknow,Uttar Pradesh,2026-01-05,Occasional,Referral
C03661,Customer 03661,52,Male,Lucknow,Uttar Pradesh,2024-09-19,Regular,Social
C03662,Customer 03662,22,Female,Kochi,Kerala,2025-03-01,Regular,Organic
C03663,Customer 03663,34,Male,Delhi,Delhi,2024-06-14,Regular,Referral
C03664,Customer 03664,59,Male,Mumbai,Maharashtra,2025-11-22,Regular,Referral
C03665,Customer 03665,49,Male,Hyderabad,Telangana,2025-03-03,Occasional,Organic
C03666,Customer 03666,27,Female,Lucknow,Uttar Pradesh,2025-12-04,Regular,Referral
C03667,Customer 03667,60,Male,Chennai,Tamil Nadu,2025-01-31,Premium,Referral
C03668,Customer 03668,34,Male,Kochi,Kerala,2024-08-03,Occasional,Social
C03669,Customer 03669,22,Female,Chennai,Tamil Nadu,2026-03-06,Occasional,Paid
C03670,Customer 03670,62,Male,Kochi,Kerala,2026-05-13,Regular,Referral
C03671,Customer 03671,59,Male,Chennai,Tamil Nadu,2024-04-16,Regular,Paid
C03672,Customer 03672,26,Female,Kochi,Kerala,2024-04-07,Regular,Referral
C03673,Customer 03673,50,Male,Indore,Madhya Pradesh,2026-05-29,Regular,Paid
C03674,Customer 03674,53,Female,Chennai,Tamil Nadu,2025-04-26,Occasional,Referral
C03675,Customer 03675,53,Male,Delhi,Delhi,2025-05-13,Premium,Paid
C03676,Customer 03676,35,Female,Pune,Maharashtra,2024-08-17,Premium,Organic
C03677,Customer 03677,26,Male,Hyderabad,Telangana,2024-09-13,Regular,Organic
C03678,Customer 03678,46,Female,Kolkata,West Bengal,2024-02-12,Regular,Organic
C03679,Customer 03679,31,Male,Mumbai,Maharashtra,2024-08-29,Premium,Referral
C03680,Customer 03680,42,Male,Indore,Madhya Pradesh,2025-07-07,Premium,Social
C03681,Customer 03681,32,Female,Jaipur,Rajasthan,2024-04-04,Occasional,Organic
C03682,Customer 03682,23,Other,Bangalore,Karnataka,2026-02-04,Premium,Organic
C03683,Customer 03683,59,Male,Lucknow,Uttar Pradesh,2024-07-06,Occasional,Paid
C03684,Customer 03684,46,Female,Kolkata,West Bengal,2025-01-19,Regular,Referral
C03685,Customer 03685,32,Male,Bangalore,Karnataka,2026-03-29,Regular,Organic
C03686,Customer 03686,46,Female,Hyderabad,Telangana,2025-02-03,Regular,Organic
C03687,Customer 03687,21,Male,Kolkata,West Bengal,2025-05-20,Regular,Organic
C03688,Customer 03688,35,Female,Chennai,Tamil Nadu,2024-06-15,Regular,Paid
C03689,Customer 03689,61,Male,Chennai,Tamil Nadu,2026-02-21,Regular,Organic
C03690,Customer 03690,56,Male,Jaipur,Rajasthan,2024-05-04,Occasional,Paid
C03691,Customer 03691,33,Male,Bangalore,Karnataka,2025-11-03,Occasional,Referral
C03692,Customer 03692,28,Male,Mumbai,Maharashtra,2024-03-27,Regular,Referral
C03693,Customer 03693,31,Female,Hyderabad,Telangana,2026-03-31,Regular,Organic
C03694,Customer 03694,20,Other,Chennai,Tamil Nadu,2025-05-03,Occasional,Referral
C03695,Customer 03695,59,Female,Lucknow,Uttar Pradesh,2024-08-13,Regular,Paid
C03696,Customer 03696,55,Male,Pune,Maharashtra,2025-10-18,Occasional,Social
C03697,Customer 03697,62,Male,Delhi,Delhi,2024-12-10,Occasional,Organic
C03698,Customer 03698,59,Female,Delhi,Delhi,2026-01-29,Premium,Referral
C03699,Customer 03699,35,Female,Kochi,Kerala,2026-05-23,Regular,Referral
C03700,Customer 03700,37,Male,Mumbai,Maharashtra,2025-06-01,Regular,Organic
C03701,Customer 03701,65,Female,Delhi,Delhi,2024-01-31,Occasional,Social
C03702,Customer 03702,42,Other,Kochi,Kerala,2025-12-09,Regular,Paid
C03703,Customer 03703,55,Female,Bangalore,Karnataka,2026-01-13,Occasional,Referral
C03704,Customer 03704,30,Male,Chennai,Tamil Nadu,2024-10-22,Regular,Organic
C03705,Customer 03705,21,Male,Indore,Madhya Pradesh,2025-02-17,Regular,Organic
C03706,Customer 03706,31,Female,Chennai,Tamil Nadu,2026-04-16,Premium,Referral
C03707,Customer 03707,50,Female,Indore,Madhya Pradesh,2024-05-14,Regular,Paid
C03708,Customer 03708,45,Male,Lucknow,Uttar Pradesh,2025-06-08,Regular,Paid
C03709,Customer 03709,54,Male,Pune,Maharashtra,2024-01-04,Regular,Paid
C03710,Customer 03710,25,Female,Kolkata,West Bengal,2024-06-26,Regular,Referral
C03711,Customer 03711,61,Male,Delhi,Delhi,2026-01-15,Premium,Paid
C03712,Customer 03712,51,Male,Bangalore,Karnataka,2024-09-15,Premium,Organic
C03713,Customer 03713,61,Female,Indore,Madhya Pradesh,2025-10-13,Occasional,Referral
C03714,Customer 03714,22,Female,Ahmedabad,Gujarat,2024-03-05,Regular,Paid
C03715,Customer 03715,22,Female,Delhi,Delhi,2026-03-05,Regular,Paid
C03716,Customer 03716,48,Male,Mumbai,Maharashtra,2024-12-28,Occasional,Organic
C03717,Customer 03717,62,Female,Lucknow,Uttar Pradesh,2026-03-28,Occasional,Organic
C03718,Customer 03718,26,Female,Kolkata,West Bengal,2025-12-17,Regular,Organic
C03719,Customer 03719,59,Male,Delhi,Delhi,2024-01-17,Regular,Social
C03720,Customer 03720,49,Female,Bangalore,Karnataka,2024-07-18,Occasional,Paid
C03721,Customer 03721,50,Male,Delhi,Delhi,2025-06-27,Occasional,Organic
C03722,Customer 03722,20,Male,Indore,Madhya Pradesh,2024-07-30,Occasional,Organic
C03723,Customer 03723,47,Male,Mumbai,Maharashtra,2025-03-10,Regular,Organic
C03724,Customer 03724,29,Male,Ahmedabad,Gujarat,2024-09-29,Regular,Referral
C03725,Customer 03725,46,Male,Hyderabad,Telangana,2024-10-16,Regular,Organic
C03726,Customer 03726,20,Female,Jaipur,Rajasthan,2026-03-13,Occasional,Paid
C03727,Customer 03727,43,Male,Ahmedabad,Gujarat,2025-04-27,Regular,Paid
C03728,Customer 03728,47,Other,Kochi,Kerala,2024-08-21,Premium,Social
C03729,Customer 03729,26,Female,Delhi,Delhi,2025-02-11,Occasional,Paid
C03730,Customer 03730,43,Male,Chennai,Tamil Nadu,2025-11-24,Regular,Paid
C03731,Customer 03731,19,Male,Pune,Maharashtra,2024-05-25,Premium,Referral
C03732,Customer 03732,20,Female,Chennai,Tamil Nadu,2025-07-15,Premium,Paid
C03733,Customer 03733,63,Female,Ahmedabad,Gujarat,2025-03-05,Regular,Referral
C03734,Customer 03734,21,Male,Indore,Madhya Pradesh,2025-03-07,Regular,Referral
C03735,Customer 03735,42,Male,Chennai,Tamil Nadu,2025-09-06,Regular,Paid
C03736,Customer 03736,30,Female,Bangalore,Karnataka,2025-06-28,Premium,Paid
C03737,Customer 03737,56,Male,Chennai,Tamil Nadu,2025-05-11,Premium,Social
C03738,Customer 03738,61,Female,Kolkata,West Bengal,2024-03-29,Regular,Referral
C03739,Customer 03739,52,Female,Hyderabad,Telangana,2025-02-14,Regular,Social
C03740,Customer 03740,40,Male,Delhi,Delhi,2026-06-15,Premium,Organic
C03741,Customer 03741,26,Male,Lucknow,Uttar Pradesh,2026-05-02,Regular,Paid
C03742,Customer 03742,19,Male,Chennai,Tamil Nadu,2026-04-06,Premium,Social
C03743,Customer 03743,58,Female,Mumbai,Maharashtra,2024-08-28,Regular,Paid
C03744,Customer 03744,61,Male,Lucknow,Uttar Pradesh,2026-02-16,Regular,Social
C03745,Customer 03745,48,,Hyderabad,Telangana,2024-08-10,Premium,Organic
C03746,Customer 03746,61,Female,Indore,Madhya Pradesh,2026-01-17,Regular,Social
C03747,Customer 03747,64,Male,Hyderabad,Telangana,2025-10-26,Regular,Paid
C03748,Customer 03748,19,Female,Chennai,Tamil Nadu,2025-04-12,Occasional,Organic
C03749,Customer 03749,49,Female,Hyderabad,Telangana,2025-07-22,Premium,Social
C03750,Customer 03750,35,Male,Lucknow,Uttar Pradesh,2024-11-17,Premium,Organic
C03751,Customer 03751,30,Female,Pune,Maharashtra,2025-01-09,Regular,Organic
C03752,Customer 03752,63,,Indore,Madhya Pradesh,2024-04-21,Occasional,Organic
C03753,Customer 03753,22,Male,Chennai,Tamil Nadu,2025-06-10,Regular,Referral
C03754,Customer 03754,59,Male,Bangalore,Karnataka,2025-02-15,Regular,Social
C03755,Customer 03755,61,Male,Ahmedabad,Gujarat,2024-09-25,Regular,Organic
C03756,Customer 03756,27,,Kolkata,West Bengal,2025-09-17,Premium,Paid
C03757,Customer 03757,60,Male,Jaipur,Rajasthan,2024-09-08,Occasional,Organic
C03758,Customer 03758,42,Female,Kochi,Kerala,2025-01-08,Regular,Referral
C03759,Customer 03759,51,Female,Indore,Madhya Pradesh,2025-10-15,Occasional,Organic
C03760,Customer 03760,54,Male,Hyderabad,Telangana,2025-09-17,Regular,Organic
C03761,Customer 03761,47,Female,Bangalore,Karnataka,2025-03-25,Regular,Organic
C03762,Customer 03762,24,Male,Delhi,Delhi,2026-03-12,Premium,Paid
C03763,Customer 03763,23,Female,Delhi,Delhi,2026-05-18,Regular,Social
C03764,Customer 03764,20,Female,Kochi,Kerala,2025-06-20,Premium,Paid
C03765,Customer 03765,30,Male,Indore,Madhya Pradesh,2025-01-02,Regular,Organic
C03766,Customer 03766,20,Male,Indore,Madhya Pradesh,2026-04-01,Regular,Paid
C03767,Customer 03767,43,Female,Kolkata,West Bengal,2024-09-11,Occasional,Referral
C03768,Customer 03768,41,Female,Hyderabad,Telangana,2025-04-07,Regular,Organic
C03769,Customer 03769,23,Female,Pune,Maharashtra,2024-09-24,Regular,Organic
C03770,Customer 03770,60,Male,Kochi,Kerala,2024-05-05,Premium,Organic
C03771,Customer 03771,59,Male,Kolkata,West Bengal,2025-01-27,Regular,Referral
C03772,Customer 03772,29,Male,Hyderabad,Telangana,2026-01-31,Premium,Referral
C03773,Customer 03773,53,Female,Lucknow,Uttar Pradesh,2026-03-09,Occasional,Paid
C03774,Customer 03774,19,Male,Bangalore,Karnataka,2024-11-29,Occasional,Organic
C03775,Customer 03775,28,Male,Ahmedabad,Gujarat,2025-07-18,Regular,Paid
C03776,Customer 03776,56,Female,Pune,Maharashtra,2025-01-02,Premium,Social
C03777,Customer 03777,51,Female,Lucknow,Uttar Pradesh,2025-07-08,Regular,Organic
C03778,Customer 03778,43,Male,Lucknow,Uttar Pradesh,2025-11-08,Occasional,Social
C03779,Customer 03779,35,Male,Jaipur,Rajasthan,2025-07-07,Regular,Referral
C03780,Customer 03780,38,Female,Delhi,Delhi,2026-06-10,Premium,Organic
C03781,Customer 03781,53,Male,Mumbai,Maharashtra,2025-03-31,Occasional,Paid
C03782,Customer 03782,57,Male,Bangalore,Karnataka,2025-11-18,Occasional,Social
C03783,Customer 03783,63,Male,Delhi,Delhi,2024-03-07,Premium,Paid
C03784,Customer 03784,61,Female,Chennai,Tamil Nadu,2024-03-06,Occasional,Social
C03785,Customer 03785,39,Female,Lucknow,Uttar Pradesh,2025-08-17,Regular,Organic
C03786,Customer 03786,47,Male,Mumbai,Maharashtra,2026-05-11,Regular,Paid
C03787,Customer 03787,60,Male,Indore,Madhya Pradesh,2025-09-08,Regular,Social
C03788,Customer 03788,47,Female,Delhi,Delhi,2025-02-03,Occasional,Social
C03789,Customer 03789,25,Other,Kolkata,West Bengal,2024-10-13,Regular,Paid
C03790,Customer 03790,51,Female,Pune,Maharashtra,2026-06-04,Premium,Referral
C03791,Customer 03791,64,Other,Delhi,Delhi,2024-07-04,Occasional,Organic
C03792,Customer 03792,26,Female,Jaipur,Rajasthan,2024-10-10,Premium,Organic
C03793,Customer 03793,37,Female,Ahmedabad,Gujarat,2025-05-30,Occasional,Organic
C03794,Customer 03794,57,,Kolkata,West Bengal,2025-10-11,Regular,Organic
C03795,Customer 03795,42,Male,Bangalore,Karnataka,2025-11-21,Regular,Organic
C03796,Customer 03796,36,Male,Bangalore,Karnataka,2024-08-24,Regular,Paid
C03797,Customer 03797,22,Female,Bangalore,Karnataka,2024-01-18,Occasional,Social
C03798,Customer 03798,28,Female,Bangalore,Karnataka,2026-03-25,Regular,Referral
C03799,Customer 03799,32,Female,bangalore,Gujarat,2025-02-17,Regular,Paid
C03800,Customer 03800,25,Male,Delhi,Delhi,2024-01-09,Regular,Social
C03801,Customer 03801,36,Male,Hyderabad,Telangana,2025-02-23,Occasional,Organic
C03802,Customer 03802,40,Male,Delhi,Delhi,2024-01-29,Regular,Paid
C03803,Customer 03803,44,Male,Lucknow,Uttar Pradesh,2025-10-17,Regular,Referral
C03804,Customer 03804,57,Female,Chennai,Tamil Nadu,2024-12-13,Regular,Organic
C03805,Customer 03805,49,Female,Pune,Maharashtra,2025-10-22,Occasional,Referral
C03806,Customer 03806,43,Male,Mumbai,Maharashtra,2025-07-29,Regular,Organic
C03807,Customer 03807,44,Male,Hyderabad,Telangana,2026-05-28,Regular,Organic
C03808,Customer 03808,36,Female,Hyderabad,Telangana,2025-03-25,Occasional,Organic
C03809,Customer 03809,59,Male,Lucknow,Uttar Pradesh,2025-01-14,Occasional,Social
C03810,Customer 03810,46,Female,Delhi,Delhi,2025-11-29,Premium,Referral
C03811,Customer 03811,56,Male,Hyderabad,Telangana,2024-12-31,Occasional,Referral
C03812,Customer 03812,58,Male,Kochi,Kerala,2024-08-14,Regular,Paid
C03813,Customer 03813,50,Male,Kochi,Kerala,2024-04-27,Premium,Organic
C03814,Customer 03814,36,Male,Chennai,Tamil Nadu,2025-02-15,Regular,Referral
C03815,Customer 03815,54,Female,Indore,Madhya Pradesh,2024-12-21,Regular,Paid
C03816,Customer 03816,36,Male,Mumbai,Maharashtra,2024-09-10,Occasional,Organic
C03817,Customer 03817,50,Male,Jaipur,Rajasthan,2025-06-26,Regular,Referral
C03818,Customer 03818,64,Male,Ahmedabad,Gujarat,2025-11-03,Regular,Organic
C03819,Customer 03819,33,Male,Delhi,Delhi,2025-12-27,Regular,Organic
C03820,Customer 03820,40,Male,Ahmedabad,Gujarat,2025-03-19,Regular,Social
C03821,Customer 03821,24,Female,Jaipur,Rajasthan,2025-11-11,Regular,Referral
C03822,Customer 03822,43,Female,Bengaluru,Delhi,2024-03-21,Premium,Referral
C03823,Customer 03823,49,Female,Delhi,Delhi,2024-02-15,Regular,Paid
C03824,Customer 03824,29,Male,Mumbai,Maharashtra,2024-02-18,Occasional,Paid
C03825,Customer 03825,25,Male,Ahmedabad,Gujarat,2025-03-24,Regular,Referral
C03826,Customer 03826,22,Male,Kochi,Kerala,2026-03-20,Regular,Referral
C03827,Customer 03827,59,Male,Bangalore,Karnataka,2025-02-10,Regular,Paid
C03828,Customer 03828,45,Female,Ahmedabad,Gujarat,2026-05-29,Regular,Social
C03829,Customer 03829,22,Female,Pune,Maharashtra,2024-10-09,Occasional,Social
C03830,Customer 03830,43,Female,Pune,Maharashtra,2025-04-17,Occasional,Paid
C03831,Customer 03831,22,Male,Delhi,Delhi,2025-02-19,Regular,Social
C03832,Customer 03832,39,Male,Bangalore,Karnataka,2025-08-22,Regular,Paid
C03833,Customer 03833,32,Female,Kolkata,West Bengal,2024-04-30,Regular,Paid
C03834,Customer 03834,30,Male,Jaipur,Rajasthan,2024-01-03,Regular,Organic
C03835,Customer 03835,45,Female,Chennai,Tamil Nadu,2024-11-11,Regular,Paid
C03836,Customer 03836,50,Female,Bangalore,Karnataka,2025-04-04,Occasional,Social
C03837,Customer 03837,60,Female,Chennai,Tamil Nadu,2024-08-14,Occasional,Referral
C03838,Customer 03838,40,Female,Ahmedabad,Gujarat,2024-03-19,Regular,Referral
C03839,Customer 03839,50,Male,Ahmedabad,Gujarat,2025-10-18,Occasional,Organic
C03840,Customer 03840,60,Male,Chennai,Tamil Nadu,2026-01-23,Occasional,Paid
C03841,Customer 03841,35,Male,Indore,Madhya Pradesh,2025-06-27,Occasional,Organic
C03842,Customer 03842,47,Female,Jaipur,Rajasthan,2026-02-13,Occasional,Paid
C03843,Customer 03843,43,Male,Bangalore,Karnataka,2025-12-23,Regular,Paid
C03844,Customer 03844,33,Female,Kolkata,West Bengal,2024-03-11,Regular,Paid
C03845,Customer 03845,30,Female,Delhi,Delhi,2026-06-14,Occasional,Paid
C03846,Customer 03846,56,Female,Mumbai,Maharashtra,2024-07-15,Occasional,Paid
C03847,Customer 03847,50,Male,Ahmedabad,Gujarat,2024-02-27,Occasional,Organic
C03848,Customer 03848,43,Male,Pune,Maharashtra,2025-02-27,Premium,Organic
C03849,Customer 03849,65,Female,Jaipur,Rajasthan,2025-04-13,Regular,Social
C03850,Customer 03850,18,Female,Mumbai,Maharashtra,2025-09-15,Premium,Organic
C03851,Customer 03851,55,Female,Kolkata,West Bengal,2024-02-17,Regular,Organic
C03852,Customer 03852,19,Male,Hyderabad,Telangana,2025-03-10,Premium,Social
C03853,Customer 03853,23,Female,Lucknow,Uttar Pradesh,2024-07-03,Premium,Social
C03854,Customer 03854,63,Female,Delhi,Delhi,2026-05-28,Premium,Referral
C03855,Customer 03855,55,Male,Ahmedabad,Gujarat,2026-04-18,Regular,Organic
C03856,Customer 03856,59,Female,Delhi,Delhi,2024-06-13,Regular,Organic
C03857,Customer 03857,41,Female,Indore,Madhya Pradesh,2025-12-27,Premium,Social
C03858,Customer 03858,35,Male,Mumbai,Maharashtra,2024-11-26,Regular,Social
C03859,Customer 03859,44,Male,Delhi,Delhi,2024-11-25,Premium,Paid
C03860,Customer 03860,58,Female,Lucknow,Uttar Pradesh,2024-04-30,Occasional,Organic
C03861,Customer 03861,25,Male,Hyderabad,Telangana,2024-07-31,Regular,Organic
C03862,Customer 03862,45,Female,Mumbai,Maharashtra,2026-04-02,Regular,Organic
C03863,Customer 03863,27,Female,Ahmedabad,Gujarat,2025-05-21,Occasional,Referral
C03864,Customer 03864,34,Female,Bangalore,Karnataka,2025-07-06,Regular,Organic
C03865,Customer 03865,46,Female,Pune,Maharashtra,2026-05-14,Occasional,Social
C03866,Customer 03866,23,Male,Mumbai,Maharashtra,2026-03-11,Regular,Organic
C03867,Customer 03867,31,Male,Kochi,Kerala,2024-06-16,Occasional,Referral
C03868,Customer 03868,39,Female,Indore,Madhya Pradesh,2025-06-29,Regular,Organic
C03869,Customer 03869,23,Male,Hyderabad,Telangana,2026-04-09,Occasional,Paid
C03870,Customer 03870,43,Female,Indore,Madhya Pradesh,2026-02-25,Occasional,Organic
C03871,Customer 03871,56,Female,Mumbai,Maharashtra,2025-03-02,Regular,Referral
C03872,Customer 03872,29,Male,Mumbai,Maharashtra,2025-12-09,Regular,Referral
C03873,Customer 03873,52,Male,Kochi,Kerala,2025-12-03,Regular,Organic
C03874,Customer 03874,31,Female,Ahmedabad,Gujarat,2024-08-08,Premium,Social
C03875,Customer 03875,39,Female,Indore,Madhya Pradesh,2024-01-10,Regular,Paid
C03876,Customer 03876,40,Male,Mumbai,Maharashtra,2024-04-29,Occasional,Social
C03877,Customer 03877,65,Female,Pune,Maharashtra,2025-09-26,Regular,Social
C03878,Customer 03878,24,Female,Delhi,Delhi,2024-09-03,Regular,Social
C03879,Customer 03879,57,Other,Ahmedabad,Gujarat,2024-12-25,Occasional,Organic
C03880,Customer 03880,42,Male,Pune,Maharashtra,2024-08-08,Regular,Organic
C03881,Customer 03881,30,Male,Ahmedabad,Gujarat,2026-02-11,Premium,Social
C03882,Customer 03882,38,Female,Pune,Maharashtra,2025-05-20,Occasional,Paid
C03883,Customer 03883,58,Female,Lucknow,Uttar Pradesh,2024-02-27,Occasional,Organic
C03884,Customer 03884,27,Male,Hyderabad,Telangana,2026-04-06,Premium,Referral
C03885,Customer 03885,26,Female,Pune,Maharashtra,2025-04-04,Occasional,Organic
C03886,Customer 03886,32,Female,Chennai,Tamil Nadu,2024-05-07,Regular,Referral
C03887,Customer 03887,19,Male,Pune,Maharashtra,2025-11-29,Regular,Social
C03888,Customer 03888,42,Female,Bangalore,Karnataka,2025-12-17,Premium,Referral
C03889,Customer 03889,30,Female,Bangalore,Karnataka,2024-03-26,Regular,Organic
C03890,Customer 03890,51,Male,Jaipur,Rajasthan,2024-04-13,Regular,Paid
C03891,Customer 03891,51,Male,Chennai,Tamil Nadu,2024-05-22,Regular,Paid
C03892,Customer 03892,52,Female,Chennai,Tamil Nadu,2024-07-23,Occasional,Paid
C03893,Customer 03893,55,Male,Delhi,Delhi,2025-10-02,Premium,Organic
C03894,Customer 03894,20,Male,Chennai,Tamil Nadu,2026-01-27,Occasional,Paid
C03895,Customer 03895,59,Female,Delhi,Delhi,2024-02-07,Regular,Paid
C03896,Customer 03896,23,Female,Jaipur,Rajasthan,2024-12-28,Occasional,Paid
C03897,Customer 03897,65,Female,Jaipur,Rajasthan,2025-09-12,Regular,Social
C03898,Customer 03898,36,Female,Hyderabad,Telangana,2024-11-04,Premium,Paid
C03899,Customer 03899,20,Male,Bangalore,Karnataka,2024-02-21,Premium,Organic
C03900,Customer 03900,35,Male,Pune,Maharashtra,2024-01-01,Occasional,Referral
C03901,Customer 03901,56,Male,Pune,Maharashtra,2024-01-11,Occasional,Referral
C03902,Customer 03902,26,Male,Kochi,Kerala,2026-04-05,Regular,Paid
C03903,Customer 03903,29,Female,Kochi,Kerala,2026-01-16,Regular,Referral
C03904,Customer 03904,22,Female,Kolkata,West Bengal,2025-10-01,Regular,Organic
C03905,Customer 03905,20,Female,Ahmedabad,Gujarat,2024-08-01,Occasional,Paid
C03906,Customer 03906,28,Male,Hyderabad,Telangana,2026-01-24,Occasional,Social
C03907,Customer 03907,47,Male,Kolkata,West Bengal,2025-07-09,Occasional,Social
C03908,Customer 03908,21,Female,Kolkata,West Bengal,2025-06-01,Occasional,Paid
C03909,Customer 03909,22,Male,Mumbai,Maharashtra,2025-10-29,Occasional,Referral
C03910,Customer 03910,18,Male,Mumbai,Maharashtra,2025-02-18,Regular,Social
C03911,Customer 03911,44,Female,Bengaluru,Madhya Pradesh,2024-01-08,Occasional,Social
C03912,Customer 03912,45,Male,Kolkata,West Bengal,2024-01-05,Occasional,Paid
C03913,Customer 03913,46,Male,Chennai,Tamil Nadu,2024-12-27,Occasional,Paid
C03914,Customer 03914,35,Female,Ahmedabad,Gujarat,2025-11-24,Regular,Paid
C03915,Customer 03915,29,Male,Hyderabad,Telangana,2024-04-21,Premium,Organic
C03916,Customer 03916,30,Female,Kolkata,West Bengal,2024-09-29,Regular,Paid
C03917,Customer 03917,58,Male,Lucknow,Uttar Pradesh,2025-02-25,Regular,Referral
C03918,Customer 03918,19,Male,Pune,Maharashtra,2024-09-21,Regular,Social
C03919,Customer 03919,54,Male,Ahmedabad,Gujarat,2025-04-02,Regular,Social
C03920,Customer 03920,62,Female,Mumbai,Maharashtra,2024-07-30,Regular,Organic
C03921,Customer 03921,33,Female,Indore,Madhya Pradesh,2024-03-18,Regular,Paid
C03922,Customer 03922,65,Other,Pune,Maharashtra,2026-02-20,Regular,Organic
C03923,Customer 03923,41,Female,Mumbai,Maharashtra,2025-10-27,Premium,Organic
C03924,Customer 03924,52,Female,Mumbai,Maharashtra,2024-08-08,Occasional,Social
C03925,Customer 03925,39,Male,Ahmedabad,Gujarat,2025-01-03,Occasional,Paid
C03926,Customer 03926,53,Male,Mumbai,Maharashtra,2024-12-12,Premium,Referral
C03927,Customer 03927,28,Male,Bengaluru,Uttar Pradesh,2024-01-25,Occasional,Organic
C03928,Customer 03928,63,Male,Jaipur,Rajasthan,2025-02-23,Occasional,Paid
C03929,Customer 03929,46,Male,Indore,Madhya Pradesh,2024-12-19,Premium,Referral
C03930,Customer 03930,52,Male,Bangalore,Karnataka,2025-12-20,Regular,Organic
C03931,Customer 03931,65,Male,Jaipur,Rajasthan,2025-02-20,Regular,Paid
C03932,Customer 03932,32,Male,Bangalore,Karnataka,2025-05-29,Regular,Organic
C03933,Customer 03933,48,Male,Kochi,Kerala,2024-08-02,Occasional,Referral
C03934,Customer 03934,59,Female,Kochi,Kerala,2024-04-21,Regular,Social
C03935,Customer 03935,58,Female,Mumbai,Maharashtra,2025-12-04,Premium,Social
C03936,Customer 03936,60,Male,Hyderabad,Telangana,2025-07-12,Occasional,Social
C03937,Customer 03937,33,Male,Hyderabad,Telangana,2025-03-03,Regular,Social
C03938,Customer 03938,27,Male,Bangalore,Karnataka,2026-01-02,Occasional,Social
C03939,Customer 03939,49,Female,Pune,Maharashtra,2025-11-29,Premium,Paid
C03940,Customer 03940,19,Male,Ahmedabad,Gujarat,2025-07-15,Regular,Paid
C03941,Customer 03941,41,Female,Mumbai,Maharashtra,2025-12-09,Regular,Paid
C03942,Customer 03942,40,Male,Ahmedabad,Gujarat,2024-08-03,Regular,Social
C03943,Customer 03943,19,Male,Jaipur,Rajasthan,2025-02-16,Regular,Organic
C03944,Customer 03944,55,Male,Hyderabad,Telangana,2026-01-02,Premium,Organic
C03945,Customer 03945,48,Male,Chennai,Tamil Nadu,2025-01-14,Regular,Social
C03946,Customer 03946,57,Female,Indore,Madhya Pradesh,2025-08-24,Regular,Organic
C03947,Customer 03947,43,Female,Jaipur,Rajasthan,2024-08-19,Premium,Social
C03948,Customer 03948,46,Female,Indore,Madhya Pradesh,2026-04-14,Occasional,Referral
C03949,Customer 03949,20,Female,Lucknow,Uttar Pradesh,2024-09-14,Regular,Paid
C03950,Customer 03950,31,Female,Jaipur,Rajasthan,2025-10-26,Regular,Referral
C03951,Customer 03951,42,Female,Bangalore,Karnataka,2024-09-12,Regular,Social
C03952,Customer 03952,65,Male,Lucknow,Uttar Pradesh,2025-02-06,Regular,Organic
C03953,Customer 03953,18,Male,Delhi,Delhi,2025-02-27,Regular,Referral
C03954,Customer 03954,20,Male,Jaipur,Rajasthan,2026-02-08,Premium,Social
C03955,Customer 03955,43,Female,Lucknow,Uttar Pradesh,2024-03-05,Occasional,Organic
C03956,Customer 03956,35,Male,Mumbai,Maharashtra,2024-07-08,Regular,Organic
C03957,Customer 03957,26,Female,Indore,Madhya Pradesh,2025-08-25,Premium,Organic
C03958,Customer 03958,55,Male,Kolkata,West Bengal,2024-06-21,Regular,Organic
C03959,Customer 03959,40,Female,Kolkata,West Bengal,2026-01-28,Occasional,Organic
C03960,Customer 03960,38,Male,Mumbai,Maharashtra,2026-02-06,Regular,Referral
C03961,Customer 03961,18,Male,Delhi,Delhi,2025-09-19,Premium,Paid
C03962,Customer 03962,38,Female,Delhi,Delhi,2025-07-14,Regular,Social
C03963,Customer 03963,44,Male,Bangalore,Karnataka,2024-08-14,Regular,Organic
C03964,Customer 03964,59,,Hyderabad,Telangana,2025-08-03,Regular,Paid
C03965,Customer 03965,23,Male,Ahmedabad,Gujarat,2025-01-22,Occasional,Referral
C03966,Customer 03966,61,Male,Indore,Madhya Pradesh,2025-02-04,Regular,Social
C03967,Customer 03967,53,Female,Delhi,Delhi,2025-09-29,Regular,Paid
C03968,Customer 03968,45,Female,Chennai,Tamil Nadu,2024-07-31,Occasional,Paid
C03969,Customer 03969,62,Male,Bangalore,Karnataka,2024-02-22,Regular,Social
C03970,Customer 03970,34,Female,Kochi,Kerala,2025-09-15,Regular,Paid
C03971,Customer 03971,57,Female,Pune,Maharashtra,2025-11-01,Regular,Organic
C03972,Customer 03972,20,Female,Kochi,Kerala,2026-01-21,Regular,Paid
C03973,Customer 03973,29,Male,Bangalore,Karnataka,2025-10-23,Regular,Referral
C03974,Customer 03974,56,Male,Indore,Madhya Pradesh,2024-05-18,Regular,Organic
C03975,Customer 03975,29,Female,Lucknow,Uttar Pradesh,2025-02-21,Occasional,Referral
C03976,Customer 03976,19,Female,Jaipur,Rajasthan,2025-09-16,Occasional,Referral
C03977,Customer 03977,63,Female,Ahmedabad,Gujarat,2024-05-22,Occasional,Social
C03978,Customer 03978,39,Male,Pune,Maharashtra,2026-05-31,Regular,Organic
C03979,Customer 03979,40,Male,Kochi,Kerala,2025-05-23,Regular,Organic
C03980,Customer 03980,47,Female,Pune,Maharashtra,2025-10-11,Regular,Paid
C03981,Customer 03981,22,Male,Chennai,Tamil Nadu,2025-04-30,Regular,Paid
C03982,Customer 03982,26,Male,Chennai,Tamil Nadu,2025-03-12,Occasional,Referral
C03983,Customer 03983,38,Male,Lucknow,Uttar Pradesh,2026-03-26,Regular,Referral
C03984,Customer 03984,28,Female,Chennai,Tamil Nadu,2025-06-26,Occasional,Referral
C03985,Customer 03985,22,Male,Bangalore,Karnataka,2024-10-19,Premium,Social
C03986,Customer 03986,52,Female,Ahmedabad,Gujarat,2025-09-11,Regular,Social
C03987,Customer 03987,44,Female,Indore,Madhya Pradesh,2024-10-10,Regular,Paid
C03988,Customer 03988,19,Female,Lucknow,Uttar Pradesh,2025-11-01,Regular,Social
C03989,Customer 03989,41,Male,Bangalore,Karnataka,2026-04-17,Occasional,Organic
C03990,Customer 03990,48,Male,Kolkata,West Bengal,2024-01-14,Occasional,Referral
C03991,Customer 03991,50,Female,Jaipur,Rajasthan,2025-09-25,Premium,Paid
C03992,Customer 03992,56,Female,Jaipur,Rajasthan,2025-12-27,Premium,Social
C03993,Customer 03993,47,Female,Chennai,Tamil Nadu,2024-09-28,Premium,Paid
C03994,Customer 03994,63,Female,Kolkata,West Bengal,2024-01-25,Regular,Referral
C03995,Customer 03995,54,Female,Delhi,Delhi,2024-11-17,Regular,Social
C03996,Customer 03996,45,Female,Delhi,Delhi,2026-03-16,Occasional,Referral
C03997,Customer 03997,48,Male,Indore,Madhya Pradesh,2025-11-11,Regular,Referral
C03998,Customer 03998,28,Male,Chennai,Tamil Nadu,2024-04-12,Regular,Organic
C03999,Customer 03999,40,Female,Kochi,Kerala,2026-05-15,Occasional,Organic
C04000,Customer 04000,19,Male,Bangalore,Karnataka,2026-06-01,Regular,Social
C04001,Customer 04001,57,Female,Chennai,Tamil Nadu,2024-02-09,Regular,Referral
C04002,Customer 04002,58,Male,Hyderabad,Telangana,2024-08-22,Premium,Paid
C04003,Customer 04003,44,Female,Pune,Maharashtra,2026-04-11,Regular,Paid
C04004,Customer 04004,52,Male,Indore,Madhya Pradesh,2024-03-29,Regular,Organic
C04005,Customer 04005,19,Male,Jaipur,Rajasthan,2024-04-09,Regular,Paid
C04006,Customer 04006,56,Other,Delhi,Delhi,2024-05-23,Occasional,Paid
C04007,Customer 04007,54,,Mumbai,Maharashtra,2024-03-22,Occasional,Organic
C04008,Customer 04008,38,Male,Delhi,Delhi,2025-08-11,Occasional,Organic
C04009,Customer 04009,22,Male,Indore,Madhya Pradesh,2025-07-24,Regular,Paid
C04010,Customer 04010,62,Female,Jaipur,Rajasthan,2024-08-16,Occasional,Referral
C04011,Customer 04011,38,Female,Indore,Madhya Pradesh,2025-08-25,Regular,Organic
C04012,Customer 04012,46,Female,Pune,Maharashtra,2026-05-15,Regular,Referral
C04013,Customer 04013,37,Male,Jaipur,Rajasthan,2025-01-29,Regular,Social
C04014,Customer 04014,55,Female,Mumbai,Maharashtra,2025-05-27,Premium,Paid
C04015,Customer 04015,37,Male,Chennai,Tamil Nadu,2026-02-19,Regular,Social
C04016,Customer 04016,42,Female,Kolkata,West Bengal,2026-03-08,Regular,Social
C04017,Customer 04017,19,Female,Mumbai,Maharashtra,2024-07-15,Occasional,Organic
C04018,Customer 04018,49,Female,Jaipur,Rajasthan,2024-09-30,Regular,Organic
C04019,Customer 04019,43,Female,Jaipur,Rajasthan,2025-08-12,Occasional,Paid
C04020,Customer 04020,23,Female,Hyderabad,Telangana,2025-10-14,Regular,Referral
C04021,Customer 04021,58,Female,Lucknow,Uttar Pradesh,2026-03-10,Regular,Paid
C04022,Customer 04022,20,Male,Hyderabad,Telangana,2025-08-05,Regular,Paid
C04023,Customer 04023,50,Female,Ahmedabad,Gujarat,2025-07-15,Regular,Referral
C04024,Customer 04024,18,Male,Hyderabad,Telangana,2025-01-06,Premium,Organic
C04025,Customer 04025,22,Male,Bangalore,Karnataka,2026-05-30,Regular,Social
C04026,Customer 04026,30,Male,Kolkata,West Bengal,2024-03-20,Regular,Organic
C04027,Customer 04027,36,Male,Pune,Maharashtra,2024-08-22,Regular,Social
C04028,Customer 04028,29,Male,Mumbai,Maharashtra,2024-10-13,Occasional,Organic
C04029,Customer 04029,65,Female,Jaipur,Rajasthan,2026-03-29,Regular,Organic
C04030,Customer 04030,42,Male,Ahmedabad,Gujarat,2025-10-28,Premium,Organic
C04031,Customer 04031,52,Male,Ahmedabad,Gujarat,2025-07-25,Occasional,Social
C04032,Customer 04032,29,Female,Pune,Maharashtra,2025-06-28,Regular,Organic
C04033,Customer 04033,47,Male,Kolkata,West Bengal,2025-03-12,Occasional,Referral
C04034,Customer 04034,22,Female,Mumbai,Maharashtra,2024-05-06,Occasional,Social
C04035,Customer 04035,51,Female,Delhi,Delhi,2026-01-02,Occasional,Referral
C04036,Customer 04036,39,Female,Indore,Madhya Pradesh,2025-12-12,Regular,Paid
C04037,Customer 04037,56,Female,Hyderabad,Telangana,2025-02-20,Regular,Social
C04038,Customer 04038,30,Male,Indore,Madhya Pradesh,2025-09-29,Regular,Social
C04039,Customer 04039,64,Male,Indore,Madhya Pradesh,2024-02-10,Regular,Paid
C04040,Customer 04040,20,Male,Chennai,Tamil Nadu,2026-02-25,Regular,Paid
C04041,Customer 04041,37,Female,Indore,Madhya Pradesh,2025-04-13,Regular,Social
C04042,Customer 04042,48,Male,Ahmedabad,Gujarat,2024-10-23,Occasional,Social
C04043,Customer 04043,22,Male,Hyderabad,Telangana,2025-08-19,Premium,Paid
C04044,Customer 04044,41,Male,Hyderabad,Telangana,2025-08-23,Occasional,Social
C04045,Customer 04045,57,Female,Bangalore,Karnataka,2024-02-11,Occasional,Paid
C04046,Customer 04046,50,Male,Kolkata,West Bengal,2025-09-23,Regular,Paid
C04047,Customer 04047,25,Other,Chennai,Tamil Nadu,2024-10-05,Regular,Organic
C04048,Customer 04048,41,Male,Indore,Madhya Pradesh,2025-04-03,Regular,Organic
C04049,Customer 04049,37,Male,Lucknow,Uttar Pradesh,2024-02-02,Occasional,Referral
C04050,Customer 04050,33,Male,Delhi,Delhi,2024-10-02,Premium,Paid
C04051,Customer 04051,29,Female,Jaipur,Rajasthan,2025-10-26,Regular,Organic
C04052,Customer 04052,30,Female,Bangalore,Karnataka,2024-03-30,Regular,Paid
C04053,Customer 04053,62,Male,Hyderabad,Telangana,2025-09-07,Occasional,Paid
C04054,Customer 04054,59,Male,Hyderabad,Telangana,2025-06-07,Occasional,Social
C04055,Customer 04055,56,Female,Kochi,Kerala,2024-06-08,Regular,Social
C04056,Customer 04056,42,Male,Chennai,Tamil Nadu,2025-04-02,Premium,Paid
C04057,Customer 04057,63,Male,Indore,Madhya Pradesh,2025-12-08,Regular,Social
C04058,Customer 04058,49,Male,Chennai,Tamil Nadu,2025-02-02,Premium,Paid
C04059,Customer 04059,41,Male,Kochi,Kerala,2026-03-29,Occasional,Referral
C04060,Customer 04060,65,Male,Chennai,Tamil Nadu,2026-02-12,Occasional,Social
C04061,Customer 04061,64,Male,Hyderabad,Telangana,2024-03-31,Occasional,Paid
C04062,Customer 04062,61,Male,Ahmedabad,Gujarat,2025-12-09,Regular,Referral
C04063,Customer 04063,26,Female,Mumbai,Maharashtra,2025-08-03,Regular,Organic
C04064,Customer 04064,57,Male,Hyderabad,Telangana,2025-04-10,Premium,Organic
C04065,Customer 04065,40,Female,Bangalore,Karnataka,2024-08-07,Regular,Paid
C04066,Customer 04066,30,Male,Kolkata,West Bengal,2025-02-22,Premium,Social
C04067,Customer 04067,49,Female,Kochi,Kerala,2025-01-13,Occasional,Paid
C04068,Customer 04068,32,,Delhi,Delhi,2025-12-26,Premium,Social
C04069,Customer 04069,53,Female,Jaipur,Rajasthan,2025-03-22,Occasional,Social
C04070,Customer 04070,22,Male,Delhi,Delhi,2024-05-25,Regular,Organic
C04071,Customer 04071,39,Female,Hyderabad,Telangana,2024-08-20,Regular,Paid
C04072,Customer 04072,33,Male,Bangalore,Karnataka,2025-01-05,Premium,Referral
C04073,Customer 04073,58,Male,Indore,Madhya Pradesh,2024-08-21,Regular,Paid
C04074,Customer 04074,27,Female,Hyderabad,Telangana,2025-12-26,Regular,Organic
C04075,Customer 04075,41,Female,Kolkata,West Bengal,2025-01-01,Occasional,Social
C04076,Customer 04076,35,Male,Ahmedabad,Gujarat,2025-04-25,Premium,Referral
C04077,Customer 04077,35,Female,Lucknow,Uttar Pradesh,2025-07-26,Occasional,Paid
C04078,Customer 04078,24,Male,Jaipur,Rajasthan,2024-12-28,Occasional,Referral
C04079,Customer 04079,21,Male,Kolkata,West Bengal,2025-08-12,Regular,Organic
C04080,Customer 04080,43,,Kochi,Kerala,2025-05-25,Occasional,Paid
C04081,Customer 04081,22,Male,Indore,Madhya Pradesh,2024-04-04,Regular,Social
C04082,Customer 04082,33,Female,Kochi,Kerala,2026-04-21,Occasional,Social
C04083,Customer 04083,52,Male,Hyderabad,Telangana,2024-08-03,Regular,Paid
C04084,Customer 04084,43,Female,Bangalore,Karnataka,2025-12-25,Premium,Paid
C04085,Customer 04085,35,Female,Kolkata,West Bengal,2026-03-26,Regular,Referral
C04086,Customer 04086,46,Other,Pune,Maharashtra,2025-12-12,Regular,Paid
C04087,Customer 04087,40,Female,Indore,Madhya Pradesh,2026-05-13,Occasional,Organic
C04088,Customer 04088,31,Male,Bangalore,Karnataka,2025-06-26,Occasional,Paid
C04089,Customer 04089,32,Female,Ahmedabad,Gujarat,2026-03-12,Occasional,Referral
C04090,Customer 04090,50,Male,Indore,Madhya Pradesh,2026-05-04,Premium,Organic
C04091,Customer 04091,42,Female,Kochi,Kerala,2024-05-14,Premium,Organic
C04092,Customer 04092,38,Female,Indore,Madhya Pradesh,2024-03-23,Regular,Organic
C04093,Customer 04093,34,Female,Lucknow,Uttar Pradesh,2025-01-25,Regular,Paid
C04094,Customer 04094,40,Female,Hyderabad,Telangana,2024-02-16,Regular,Paid
C04095,Customer 04095,60,Male,Chennai,Tamil Nadu,2025-01-26,Regular,Organic
C04096,Customer 04096,34,Female,Kochi,Kerala,2025-12-18,Premium,Organic
C04097,Customer 04097,31,Male,Lucknow,Uttar Pradesh,2025-01-19,Regular,Social
C04098,Customer 04098,46,Female,Jaipur,Rajasthan,2025-01-15,Regular,Organic
C04099,Customer 04099,37,Male,Mumbai,Maharashtra,2024-03-17,Regular,Paid
C04100,Customer 04100,47,Female,Chennai,Tamil Nadu,2024-09-15,Occasional,Social
C04101,Customer 04101,36,Male,Hyderabad,Telangana,2025-08-26,Regular,Referral
C04102,Customer 04102,56,Female,Pune,Maharashtra,2025-02-02,Occasional,Referral
C04103,Customer 04103,30,Male,Chennai,Tamil Nadu,2024-04-09,Regular,Paid
C04104,Customer 04104,35,Female,Jaipur,Rajasthan,2025-05-15,Occasional,Organic
C04105,Customer 04105,40,Male,Bangalore,Karnataka,2025-01-17,Regular,Referral
C04106,Customer 04106,63,Female,Pune,Maharashtra,2025-12-07,Regular,Referral
C04107,Customer 04107,50,Male,Kochi,Kerala,2024-07-10,Regular,Organic
C04108,Customer 04108,56,Female,Pune,Maharashtra,2025-08-02,Occasional,Paid
C04109,Customer 04109,57,Male,Kolkata,West Bengal,2026-01-23,Regular,Social
C04110,Customer 04110,35,Female,Jaipur,Rajasthan,2025-08-24,Regular,Organic
C04111,Customer 04111,26,Male,Indore,Madhya Pradesh,2024-12-10,Occasional,Paid
C04112,Customer 04112,50,Female,Lucknow,Uttar Pradesh,2024-01-10,Regular,Paid
C04113,Customer 04113,49,Male,Chennai,Tamil Nadu,2024-09-20,Regular,Social
C04114,Customer 04114,34,Male,Kolkata,West Bengal,2024-09-24,Regular,Social
C04115,Customer 04115,36,Female,Pune,Maharashtra,2026-04-11,Regular,Referral
C04116,Customer 04116,44,Male,Kolkata,West Bengal,2025-09-21,Regular,Paid
C04117,Customer 04117,23,Male,Delhi,Delhi,2026-01-31,Regular,Organic
C04118,Customer 04118,52,Female,Jaipur,Rajasthan,2025-07-24,Occasional,Paid
C04119,Customer 04119,54,Other,Lucknow,Uttar Pradesh,2024-07-13,Occasional,Referral
C04120,Customer 04120,51,Female,Ahmedabad,Gujarat,2025-07-15,Premium,Referral
C04121,Customer 04121,37,Male,Bangalore,Karnataka,2025-02-10,Regular,Social
C04122,Customer 04122,42,Male,Pune,Maharashtra,2024-10-22,Occasional,Paid
C04123,Customer 04123,21,Female,Jaipur,Rajasthan,2026-06-08,Occasional,Referral
C04124,Customer 04124,27,Male,Ahmedabad,Gujarat,2024-04-06,Occasional,Paid
C04125,Customer 04125,27,Female,Ahmedabad,Gujarat,2025-04-06,Regular,Organic
C04126,Customer 04126,41,,Hyderabad,Telangana,2025-09-30,Occasional,Paid
C04127,Customer 04127,38,Other,Lucknow,Uttar Pradesh,2026-01-27,Occasional,Paid
C04128,Customer 04128,28,Female,Kolkata,West Bengal,2024-03-27,Regular,Social
C04129,Customer 04129,44,Female,Ahmedabad,Gujarat,2024-03-17,Regular,Paid
C04130,Customer 04130,33,Male,Delhi,Delhi,2026-06-07,Regular,Social
C04131,Customer 04131,43,Female,Jaipur,Rajasthan,2025-12-16,Regular,Paid
C04132,Customer 04132,47,Male,Mumbai,Maharashtra,2025-04-27,Occasional,Organic
C04133,Customer 04133,33,Female,Mumbai,Maharashtra,2024-05-25,Occasional,Organic
C04134,Customer 04134,24,Female,Indore,Madhya Pradesh,2025-10-22,Occasional,Organic
C04135,Customer 04135,33,Male,Indore,Madhya Pradesh,2024-04-20,Occasional,Paid
C04136,Customer 04136,52,Male,Pune,Maharashtra,2025-10-02,Regular,Organic
C04137,Customer 04137,33,Female,Indore,Madhya Pradesh,2026-02-03,Regular,Paid
C04138,Customer 04138,57,Male,Kochi,Kerala,2025-11-08,Occasional,Social
C04139,Customer 04139,29,Female,Kolkata,West Bengal,2024-10-23,Regular,Referral
C04140,Customer 04140,52,Male,Kochi,Kerala,2025-03-01,Regular,Referral
C04141,Customer 04141,38,Male,Ahmedabad,Gujarat,2025-10-10,Regular,Organic
C04142,Customer 04142,60,Female,Jaipur,Rajasthan,2026-03-01,Premium,Paid
C04143,Customer 04143,53,Female,Pune,Maharashtra,2024-11-29,Regular,Organic
C04144,Customer 04144,65,Male,Chennai,Tamil Nadu,2025-06-06,Regular,Social
C04145,Customer 04145,34,Female,Ahmedabad,Gujarat,2025-08-05,Regular,Organic
C04146,Customer 04146,49,Female,Kolkata,West Bengal,2025-11-01,Occasional,Paid
C04147,Customer 04147,58,Female,Mumbai,Maharashtra,2025-12-28,Occasional,Referral
C04148,Customer 04148,23,Male,Lucknow,Uttar Pradesh,2025-06-21,Occasional,Paid
C04149,Customer 04149,41,Male,Indore,Madhya Pradesh,2026-03-08,Regular,Social
C04150,Customer 04150,44,Female,Hyderabad,Telangana,2024-06-10,Occasional,Organic
C04151,Customer 04151,37,Female,Jaipur,Rajasthan,2025-03-05,Occasional,Paid
C04152,Customer 04152,42,Male,Bangalore,Karnataka,2025-09-05,Regular,Referral
C04153,Customer 04153,19,Female,Lucknow,Uttar Pradesh,2024-03-09,Occasional,Paid
C04154,Customer 04154,26,Male,Kochi,Kerala,2024-05-12,Regular,Paid
C04155,Customer 04155,45,Male,Indore,Madhya Pradesh,2024-07-07,Occasional,Organic
C04156,Customer 04156,55,Female,Pune,Maharashtra,2025-12-23,Regular,Referral
C04157,Customer 04157,20,Female,Kochi,Kerala,2026-01-24,Regular,Social
C04158,Customer 04158,37,Male,Jaipur,Rajasthan,2025-11-08,Premium,Referral
C04159,Customer 04159,23,Female,Kochi,Kerala,2025-07-26,Regular,Social
C04160,Customer 04160,56,Female,Jaipur,Rajasthan,2026-05-23,Regular,Paid
C04161,Customer 04161,50,Female,Kochi,Kerala,2024-10-05,Occasional,Organic
C04162,Customer 04162,18,Female,Lucknow,Uttar Pradesh,2025-03-05,Occasional,Organic
C04163,Customer 04163,54,Male,Delhi,Delhi,2025-09-16,Occasional,Referral
C04164,Customer 04164,23,Male,Lucknow,Uttar Pradesh,2025-06-25,Regular,Paid
C04165,Customer 04165,62,Male,Chennai,Tamil Nadu,2026-04-14,Occasional,Referral
C04166,Customer 04166,51,Female,Ahmedabad,Gujarat,2024-06-09,Regular,Referral
C04167,Customer 04167,64,Female,Ahmedabad,Gujarat,2026-01-15,Occasional,Social
C04168,Customer 04168,32,Male,Kolkata,West Bengal,2026-06-17,Regular,Paid
C04169,Customer 04169,62,Male,Indore,Madhya Pradesh,2025-03-28,Regular,Paid
C04170,Customer 04170,43,Male,Lucknow,Uttar Pradesh,2026-06-07,Occasional,Organic
C04171,Customer 04171,31,Male,Lucknow,Uttar Pradesh,2026-04-30,Occasional,Paid
C04172,Customer 04172,24,Female,Bangalore,Karnataka,2024-06-18,Regular,Social
C04173,Customer 04173,63,Female,Bangalore,Karnataka,2026-04-09,Occasional,Organic
C04174,Customer 04174,48,Male,Kolkata,West Bengal,2025-11-28,Regular,Social
C04175,Customer 04175,41,Female,Hyderabad,Telangana,2024-02-26,Occasional,Social
C04176,Customer 04176,48,Female,Ahmedabad,Gujarat,2024-08-27,Regular,Referral
C04177,Customer 04177,46,Female,Hyderabad,Telangana,2026-02-07,Premium,Paid
C04178,Customer 04178,59,Male,Indore,Madhya Pradesh,2024-12-23,Premium,Organic
C04179,Customer 04179,49,Male,Jaipur,Rajasthan,2024-07-19,Premium,Organic
C04180,Customer 04180,34,Male,Jaipur,Rajasthan,2025-03-19,Occasional,Organic
C04181,Customer 04181,31,Female,Mumbai,Maharashtra,2026-04-16,Premium,Paid
C04182,Customer 04182,57,Female,Kochi,Kerala,2026-04-06,Regular,Organic
C04183,Customer 04183,53,Female,Bangalore,Karnataka,2024-10-28,Regular,Referral
C04184,Customer 04184,65,Male,Mumbai,Maharashtra,2024-04-15,Regular,Paid
C04185,Customer 04185,41,Male,Chennai,Tamil Nadu,2026-03-12,Occasional,Organic
C04186,Customer 04186,62,Male,Kolkata,West Bengal,2024-04-10,Regular,Paid
C04187,Customer 04187,44,Female,Kolkata,West Bengal,2024-04-06,Regular,Social
C04188,Customer 04188,42,Male,Jaipur,Rajasthan,2025-10-26,Regular,Referral
C04189,Customer 04189,49,Male,Lucknow,Uttar Pradesh,2024-01-29,Regular,Paid
C04190,Customer 04190,35,Female,Ahmedabad,Gujarat,2025-05-20,Occasional,Referral
C04191,Customer 04191,63,Female,Hyderabad,Telangana,2025-10-26,Regular,Referral
C04192,Customer 04192,35,Female,Bangalore,Karnataka,2025-03-13,Regular,Social
C04193,Customer 04193,54,Male,Mumbai,Maharashtra,2025-01-13,Occasional,Organic
C04194,Customer 04194,43,Female,Hyderabad,Telangana,2024-03-13,Regular,Social
C04195,Customer 04195,26,Male,Lucknow,Uttar Pradesh,2024-09-10,Occasional,Paid
C04196,Customer 04196,52,Female,Mumbai,Maharashtra,2025-05-30,Regular,Social
C04197,Customer 04197,25,Male,Kochi,Kerala,2026-01-18,Occasional,Organic
C04198,Customer 04198,37,Male,Chennai,Tamil Nadu,2025-07-03,Premium,Social
C04199,Customer 04199,59,Female,Chennai,Tamil Nadu,2024-01-20,Regular,Social
C04200,Customer 04200,39,Female,Bengaluru,Telangana,2025-09-16,Regular,Organic
C04201,Customer 04201,36,Female,Hyderabad,Telangana,2025-06-18,Occasional,Social
C04202,Customer 04202,47,Male,Hyderabad,Telangana,2025-02-24,Occasional,Organic
C04203,Customer 04203,45,Male,Mumbai,Maharashtra,2025-03-21,Regular,Organic
C04204,Customer 04204,52,Female,Kochi,Kerala,2026-05-28,Occasional,Paid
C04205,Customer 04205,60,Female,Delhi,Delhi,2024-05-15,Regular,Social
C04206,Customer 04206,28,Other,Hyderabad,Telangana,2025-05-19,Occasional,Paid
C04207,Customer 04207,48,Female,Ahmedabad,Gujarat,2026-01-29,Occasional,Paid
C04208,Customer 04208,65,Female,Indore,Madhya Pradesh,2024-10-27,Premium,Referral
C04209,Customer 04209,56,Female,Lucknow,Uttar Pradesh,2025-08-31,Occasional,Social
C04210,Customer 04210,53,Male,Indore,Madhya Pradesh,2024-02-02,Regular,Referral
C04211,Customer 04211,47,Male,Bangalore,Karnataka,2025-10-08,Premium,Organic
C04212,Customer 04212,40,Male,Bangalore,Karnataka,2026-02-05,Regular,Paid
C04213,Customer 04213,36,Male,Lucknow,Uttar Pradesh,2024-10-04,Occasional,Organic
C04214,Customer 04214,29,Female,Mumbai,Maharashtra,2024-05-12,Occasional,Referral
C04215,Customer 04215,32,Female,Lucknow,Uttar Pradesh,2026-01-19,Occasional,Organic
C04216,Customer 04216,48,Female,Indore,Madhya Pradesh,2025-06-10,Occasional,Organic
C04217,Customer 04217,60,Male,Indore,Madhya Pradesh,2026-02-27,Occasional,Social
C04218,Customer 04218,54,Male,Hyderabad,Telangana,2024-05-05,Premium,Paid
C04219,Customer 04219,54,Male,Jaipur,Rajasthan,2024-12-10,Regular,Paid
C04220,Customer 04220,32,Female,Kolkata,West Bengal,2024-01-17,Premium,Paid
C04221,Customer 04221,46,Male,Delhi,Delhi,2026-04-03,Premium,Organic
C04222,Customer 04222,60,Female,Indore,Madhya Pradesh,2025-07-15,Regular,Paid
C04223,Customer 04223,43,Male,Ahmedabad,Gujarat,2025-10-08,Regular,Paid
C04224,Customer 04224,61,Male,Lucknow,Uttar Pradesh,2025-09-21,Occasional,Social
C04225,Customer 04225,19,Female,Kochi,Kerala,2025-01-12,Occasional,Paid
C04226,Customer 04226,37,Female,Jaipur,Rajasthan,2026-03-28,Regular,Paid
C04227,Customer 04227,32,Male,Indore,Madhya Pradesh,2024-02-29,Occasional,Referral
C04228,Customer 04228,21,Female,Lucknow,Uttar Pradesh,2025-09-28,Regular,Referral
C04229,Customer 04229,39,Other,Chennai,Tamil Nadu,2025-04-11,Occasional,Referral
C04230,Customer 04230,55,Other,Jaipur,Rajasthan,2025-09-19,Regular,Social
C04231,Customer 04231,40,Female,Mumbai,Maharashtra,2025-01-25,Regular,Referral
C04232,Customer 04232,43,Female,Delhi,Delhi,2025-11-15,Occasional,Paid
C04233,Customer 04233,28,Male,Pune,Maharashtra,2024-07-05,Regular,Social
C04234,Customer 04234,45,Female,Pune,Maharashtra,2025-05-12,Regular,Paid
C04235,Customer 04235,19,Male,Hyderabad,Telangana,2025-08-22,Regular,Organic
C04236,Customer 04236,25,Female,Hyderabad,Telangana,2025-12-15,Regular,Paid
C04237,Customer 04237,46,Male,Mumbai,Maharashtra,2024-12-26,Occasional,Organic
C04238,Customer 04238,28,Male,Kochi,Kerala,2026-04-02,Premium,Organic
C04239,Customer 04239,54,Female,Hyderabad,Telangana,2026-04-11,Occasional,Organic
C04240,Customer 04240,35,Male,Kolkata,West Bengal,2025-03-24,Premium,Organic
C04241,Customer 04241,31,Male,Indore,Madhya Pradesh,2025-11-24,Regular,Social
C04242,Customer 04242,27,Female,Delhi,Delhi,2026-05-13,Premium,Social
C04243,Customer 04243,52,Female,Lucknow,Uttar Pradesh,2025-11-10,Occasional,Referral
C04244,Customer 04244,26,Female,Mumbai,Maharashtra,2024-06-29,Premium,Social
C04245,Customer 04245,52,Male,Bangalore,Karnataka,2026-03-22,Regular,Organic
C04246,Customer 04246,28,Female,Lucknow,Uttar Pradesh,2024-05-09,Regular,Social
C04247,Customer 04247,61,Male,Lucknow,Uttar Pradesh,2024-05-28,Premium,Paid
C04248,Customer 04248,29,Male,Chennai,Tamil Nadu,2025-04-16,Occasional,Organic
C04249,Customer 04249,20,Female,Mumbai,Maharashtra,2026-03-28,Regular,Organic
C04250,Customer 04250,56,Female,Mumbai,Maharashtra,2025-12-21,Regular,Paid
C04251,Customer 04251,31,Female,Pune,Maharashtra,2025-09-14,Regular,Organic
C04252,Customer 04252,45,Female,Ahmedabad,Gujarat,2025-05-14,Regular,Paid
C04253,Customer 04253,28,Male,Kochi,Kerala,2025-10-10,Regular,Organic
C04254,Customer 04254,56,Female,Ahmedabad,Gujarat,2024-12-20,Premium,Organic
C04255,Customer 04255,42,Male,Kolkata,West Bengal,2024-07-29,Regular,Organic
C04256,Customer 04256,38,Female,Bangalore,Karnataka,2025-10-19,Regular,Social
C04257,Customer 04257,27,Female,Lucknow,Uttar Pradesh,2025-08-18,Regular,Organic
C04258,Customer 04258,60,Female,Pune,Maharashtra,2024-01-30,Occasional,Organic
C04259,Customer 04259,32,Female,Bangalore,Karnataka,2025-07-30,Occasional,Referral
C04260,Customer 04260,36,Female,Lucknow,Uttar Pradesh,2024-01-24,Regular,Social
C04261,Customer 04261,65,Female,Kolkata,West Bengal,2025-12-23,Regular,Paid
C04262,Customer 04262,39,Male,Ahmedabad,Gujarat,2024-08-09,Occasional,Social
C04263,Customer 04263,38,Male,Mumbai,Maharashtra,2025-08-24,Occasional,Paid
C04264,Customer 04264,61,Female,Hyderabad,Telangana,2025-09-09,Regular,Organic
C04265,Customer 04265,49,Female,Hyderabad,Telangana,2025-11-14,Occasional,Paid
C04266,Customer 04266,40,,Indore,Madhya Pradesh,2026-01-11,Occasional,Referral
C04267,Customer 04267,30,Male,Jaipur,Rajasthan,2025-08-11,Regular,Paid
C04268,Customer 04268,22,Male,Chennai,Tamil Nadu,2025-08-02,Regular,Referral
C04269,Customer 04269,21,Female,Kochi,Kerala,2026-05-26,Occasional,Organic
C04270,Customer 04270,45,Male,Kolkata,West Bengal,2025-02-04,Regular,Referral
C04271,Customer 04271,31,Male,Chennai,Tamil Nadu,2026-05-14,Occasional,Paid
C04272,Customer 04272,25,Female,Indore,Madhya Pradesh,2025-08-26,Occasional,Paid
C04273,Customer 04273,26,Female,Indore,Madhya Pradesh,2025-05-26,Occasional,Paid
C04274,Customer 04274,52,Male,Kochi,Kerala,2024-03-28,Regular,Referral
C04275,Customer 04275,54,Male,Lucknow,Uttar Pradesh,2025-04-09,Regular,Organic
C04276,Customer 04276,38,Female,Chennai,Tamil Nadu,2024-02-19,Premium,Social
C04277,Customer 04277,35,Male,Ahmedabad,Gujarat,2024-04-12,Occasional,Referral
C04278,Customer 04278,50,Other,Kochi,Kerala,2025-01-02,Occasional,Organic
C04279,Customer 04279,25,Female,Indore,Madhya Pradesh,2025-05-06,Regular,Social
C04280,Customer 04280,34,Male,Ahmedabad,Gujarat,2025-07-11,Premium,Referral
C04281,Customer 04281,60,Female,Mumbai,Maharashtra,2025-11-21,Occasional,Paid
C04282,Customer 04282,48,Male,Pune,Maharashtra,2026-02-17,Occasional,Organic
C04283,Customer 04283,51,Male,Ahmedabad,Gujarat,2024-09-24,Regular,Paid
C04284,Customer 04284,23,Female,Lucknow,Uttar Pradesh,2025-01-31,Regular,Organic
C04285,Customer 04285,39,Female,Hyderabad,Telangana,2024-11-15,Occasional,Paid
C04286,Customer 04286,31,Male,Chennai,Tamil Nadu,2025-06-03,Occasional,Paid
C04287,Customer 04287,20,Male,Lucknow,Uttar Pradesh,2025-03-24,Occasional,Referral
C04288,Customer 04288,29,Male,Jaipur,Rajasthan,2026-02-15,Premium,Organic
C04289,Customer 04289,53,Male,Delhi,Delhi,2025-04-20,Regular,Social
C04290,Customer 04290,29,,Indore,Madhya Pradesh,2026-06-16,Regular,Paid
C04291,Customer 04291,62,Male,Kochi,Kerala,2025-08-12,Occasional,Paid
C04292,Customer 04292,19,Female,Kolkata,West Bengal,2024-08-27,Occasional,Referral
C04293,Customer 04293,19,Male,Jaipur,Rajasthan,2024-09-14,Occasional,Referral
C04294,Customer 04294,32,Female,Hyderabad,Telangana,2025-12-08,Regular,Paid
C04295,Customer 04295,40,Female,Ahmedabad,Gujarat,2026-04-21,Occasional,Paid
C04296,Customer 04296,46,Female,Pune,Maharashtra,2025-10-04,Regular,Paid
C04297,Customer 04297,34,Male,Lucknow,Uttar Pradesh,2025-01-24,Regular,Referral
C04298,Customer 04298,49,Male,Mumbai,Maharashtra,2024-12-08,Regular,Paid
C04299,Customer 04299,24,Male,Delhi,Delhi,2026-02-11,Occasional,Referral
C04300,Customer 04300,47,Female,Bangalore,Karnataka,2026-01-23,Occasional,Paid
C04301,Customer 04301,45,Female,Jaipur,Rajasthan,2025-01-21,Regular,Organic
C04302,Customer 04302,31,Female,Pune,Maharashtra,2025-01-28,Premium,Paid
C04303,Customer 04303,61,Female,Bangalore,Karnataka,2025-11-13,Occasional,Organic
C04304,Customer 04304,47,Male,Delhi,Delhi,2025-10-20,Regular,Paid
C04305,Customer 04305,34,Female,Kolkata,West Bengal,2024-09-26,Occasional,Paid
C04306,Customer 04306,49,Other,Kolkata,West Bengal,2024-05-28,Regular,Paid
C04307,Customer 04307,63,Male,Chennai,Tamil Nadu,2025-01-14,Premium,Referral
C04308,Customer 04308,23,Male,Delhi,Delhi,2026-03-21,Regular,Organic
C04309,Customer 04309,41,Female,Delhi,Delhi,2024-01-28,Premium,Social
C04310,Customer 04310,23,Male,Bangalore,Karnataka,2024-05-28,Regular,Paid
C04311,Customer 04311,44,Male,Pune,Maharashtra,2025-02-23,Premium,Paid
C04312,Customer 04312,35,Female,Lucknow,Uttar Pradesh,2024-10-06,Regular,Referral
C04313,Customer 04313,41,Female,Kochi,Kerala,2024-06-30,Premium,Social
C04314,Customer 04314,54,Male,Bangalore,Karnataka,2024-06-14,Occasional,Paid
C04315,Customer 04315,41,,Mumbai,Maharashtra,2024-01-17,Regular,Referral
C04316,Customer 04316,55,Female,Kolkata,West Bengal,2024-05-29,Regular,Social
C04317,Customer 04317,51,Female,Kolkata,West Bengal,2024-12-04,Occasional,Referral
C04318,Customer 04318,57,Male,Chennai,Tamil Nadu,2024-02-14,Regular,Organic
C04319,Customer 04319,64,Female,Lucknow,Uttar Pradesh,2025-05-16,Regular,Social
C04320,Customer 04320,32,Female,Mumbai,Maharashtra,2026-04-21,Occasional,Referral
C04321,Customer 04321,28,Female,Kolkata,West Bengal,2024-07-07,Occasional,Referral
C04322,Customer 04322,39,Male,Bangalore,Karnataka,2025-10-12,Occasional,Referral
C04323,Customer 04323,41,Male,Mumbai,Maharashtra,2024-03-01,Regular,Social
C04324,Customer 04324,18,Female,Bangalore,Karnataka,2024-10-20,Occasional,Paid
C04325,Customer 04325,35,Male,Kochi,Kerala,2026-04-13,Regular,Organic
C04326,Customer 04326,61,Female,Kochi,Kerala,2024-02-02,Regular,Paid
C04327,Customer 04327,29,Male,Kolkata,West Bengal,2024-10-25,Occasional,Organic
C04328,Customer 04328,60,Male,Kolkata,West Bengal,2025-02-18,Regular,Organic
C04329,Customer 04329,45,Male,Pune,Maharashtra,2025-09-15,Occasional,Referral
C04330,Customer 04330,57,Male,Kochi,Kerala,2026-03-13,Premium,Paid
C04331,Customer 04331,24,Female,Lucknow,Uttar Pradesh,2025-07-02,Regular,Referral
C04332,Customer 04332,40,Male,Lucknow,Uttar Pradesh,2025-03-06,Occasional,Social
C04333,Customer 04333,38,Female,Jaipur,Rajasthan,2025-05-09,Regular,Paid
C04334,Customer 04334,51,Female,Jaipur,Rajasthan,2024-04-09,Occasional,Social
C04335,Customer 04335,28,Male,Chennai,Tamil Nadu,2024-01-23,Occasional,Organic
C04336,Customer 04336,39,Female,Kochi,Kerala,2025-02-23,Occasional,Social
C04337,Customer 04337,59,Male,Bangalore,Karnataka,2025-02-27,Regular,Social
C04338,Customer 04338,52,Female,Bangalore,Karnataka,2025-05-01,Regular,Paid
C04339,Customer 04339,46,Female,Hyderabad,Telangana,2025-12-30,Occasional,Organic
C04340,Customer 04340,59,Male,Mumbai,Maharashtra,2024-03-29,Occasional,Paid
C04341,Customer 04341,45,Male,Ahmedabad,Gujarat,2024-07-27,Regular,Social
C04342,Customer 04342,35,Female,Jaipur,Rajasthan,2024-09-27,Occasional,Social
C04343,Customer 04343,31,Female,Kolkata,West Bengal,2026-01-18,Regular,Paid
C04344,Customer 04344,35,Male,Chennai,Tamil Nadu,2026-06-18,Occasional,Referral
C04345,Customer 04345,45,Female,Lucknow,Uttar Pradesh,2025-02-09,Premium,Organic
C04346,Customer 04346,41,Male,Ahmedabad,Gujarat,2025-12-21,Premium,Paid
C04347,Customer 04347,25,Female,Delhi,Delhi,2024-10-04,Regular,Social
C04348,Customer 04348,59,Male,Chennai,Tamil Nadu,2024-07-24,Regular,Organic
C04349,Customer 04349,62,Female,Delhi,Delhi,2025-08-12,Occasional,Social
C04350,Customer 04350,25,Male,Indore,Madhya Pradesh,2024-11-23,Premium,Social
C04351,Customer 04351,21,Female,Kochi,Kerala,2025-09-01,Occasional,Social
C04352,Customer 04352,44,Female,Delhi,Delhi,2026-05-07,Regular,Organic
C04353,Customer 04353,53,Female,Delhi,Delhi,2026-05-26,Regular,Organic
C04354,Customer 04354,22,Female,Indore,Madhya Pradesh,2026-05-11,Regular,Organic
C04355,Customer 04355,50,Female,Pune,Maharashtra,2024-12-01,Regular,Referral
C04356,Customer 04356,51,Female,Pune,Maharashtra,2025-08-28,Premium,Referral
C04357,Customer 04357,47,Female,Pune,Maharashtra,2025-08-14,Premium,Organic
C04358,Customer 04358,25,Female,Kochi,Kerala,2024-02-07,Occasional,Referral
C04359,Customer 04359,56,Female,Ahmedabad,Gujarat,2024-08-15,Regular,Organic
C04360,Customer 04360,64,Female,Chennai,Tamil Nadu,2025-04-27,Regular,Organic
C04361,Customer 04361,43,Male,Chennai,Tamil Nadu,2024-05-13,Occasional,Paid
C04362,Customer 04362,54,Female,Kolkata,West Bengal,2025-12-08,Premium,Organic
C04363,Customer 04363,51,,Pune,Maharashtra,2025-01-24,Regular,Organic
C04364,Customer 04364,24,Female,Kochi,Kerala,2026-03-04,Premium,Paid
C04365,Customer 04365,57,Female,Kolkata,West Bengal,2025-09-04,Regular,Social
C04366,Customer 04366,45,Other,Mumbai,Maharashtra,2025-02-28,Regular,Referral
C04367,Customer 04367,56,Male,Kolkata,West Bengal,2025-08-09,Premium,Paid
C04368,Customer 04368,56,Male,Ahmedabad,Gujarat,2026-03-16,Occasional,Referral
C04369,Customer 04369,45,Female,Jaipur,Rajasthan,2025-05-24,Occasional,Paid
C04370,Customer 04370,31,Male,Delhi,Delhi,2025-12-20,Premium,Paid
C04371,Customer 04371,55,Male,Pune,Maharashtra,2025-08-17,Occasional,Referral
C04372,Customer 04372,21,Female,Indore,Madhya Pradesh,2025-03-02,Regular,Referral
C04373,Customer 04373,59,,Jaipur,Rajasthan,2025-10-16,Premium,Referral
C04374,Customer 04374,35,Male,Lucknow,Uttar Pradesh,2025-04-18,Premium,Referral
C04375,Customer 04375,61,Female,Kolkata,West Bengal,2025-07-21,Regular,Referral
C04376,Customer 04376,65,Male,Kochi,Kerala,2024-12-26,Regular,Paid
C04377,Customer 04377,42,Female,Delhi,Delhi,2026-03-09,Regular,Social
C04378,Customer 04378,24,Male,Chennai,Tamil Nadu,2024-07-29,Occasional,Organic
C04379,Customer 04379,55,Female,Bangalore,Karnataka,2024-06-27,Occasional,Social
C04380,Customer 04380,45,Male,Delhi,Delhi,2024-02-27,Regular,Paid
C04381,Customer 04381,22,Female,Ahmedabad,Gujarat,2024-03-13,Occasional,Organic
C04382,Customer 04382,20,Male,Lucknow,Uttar Pradesh,2024-08-02,Occasional,Referral
C04383,Customer 04383,61,Female,Ahmedabad,Gujarat,2026-06-18,Premium,Paid
C04384,Customer 04384,48,Male,Kolkata,West Bengal,2026-02-16,Regular,Social
C04385,Customer 04385,64,Male,Mumbai,Maharashtra,2024-03-13,Regular,Paid
C04386,Customer 04386,59,Female,Ahmedabad,Gujarat,2025-04-11,Regular,Referral
C04387,Customer 04387,37,Female,Ahmedabad,Gujarat,2024-09-27,Regular,Paid
C04388,Customer 04388,36,Male,Kochi,Kerala,2025-05-13,Regular,Organic
C04389,Customer 04389,65,Male,Kolkata,West Bengal,2024-12-19,Regular,Paid
C04390,Customer 04390,28,Male,Delhi,Delhi,2024-08-21,Regular,Referral
C04391,Customer 04391,57,Male,Mumbai,Maharashtra,2024-11-14,Regular,Referral
C04392,Customer 04392,20,Male,Jaipur,Rajasthan,2024-01-19,Premium,Paid
C04393,Customer 04393,40,Male,Bangalore,Karnataka,2025-09-16,Regular,Social
C04394,Customer 04394,24,Female,Pune,Maharashtra,2025-07-28,Regular,Referral
C04395,Customer 04395,40,Female,Chennai,Tamil Nadu,2025-01-06,Regular,Social
C04396,Customer 04396,24,Male,Ahmedabad,Gujarat,2024-07-02,Occasional,Organic
C04397,Customer 04397,63,Female,Kolkata,West Bengal,2024-10-03,Regular,Organic
C04398,Customer 04398,51,Female,Pune,Maharashtra,2025-11-04,Premium,Paid
C04399,Customer 04399,59,Male,Chennai,Tamil Nadu,2026-01-24,Regular,Organic
C04400,Customer 04400,36,Male,Chennai,Tamil Nadu,2024-05-24,Occasional,Paid
C04401,Customer 04401,26,Female,Jaipur,Rajasthan,2025-10-19,Occasional,Paid
C04402,Customer 04402,65,Male,Jaipur,Rajasthan,2024-03-21,Regular,Paid
C04403,Customer 04403,35,Male,Jaipur,Rajasthan,2024-11-17,Regular,Referral
C04404,Customer 04404,58,Female,Indore,Madhya Pradesh,2025-03-10,Regular,Social
C04405,Customer 04405,65,Female,Hyderabad,Telangana,2026-04-12,Regular,Social
C04406,Customer 04406,62,Male,Hyderabad,Telangana,2024-02-12,Occasional,Organic
C04407,Customer 04407,59,Female,Chennai,Tamil Nadu,2024-11-08,Regular,Paid
C04408,Customer 04408,42,Female,Jaipur,Rajasthan,2024-10-19,Regular,Organic
C04409,Customer 04409,31,Female,Kochi,Kerala,2025-11-18,Regular,Organic
C04410,Customer 04410,61,Female,Ahmedabad,Gujarat,2026-06-06,Regular,Paid
C04411,Customer 04411,42,Male,Pune,Maharashtra,2024-03-09,Occasional,Paid
C04412,Customer 04412,36,Female,Pune,Maharashtra,2024-02-25,Regular,Organic
C04413,Customer 04413,56,Male,Hyderabad,Telangana,2025-09-22,Occasional,Referral
C04414,Customer 04414,32,Male,Chennai,Tamil Nadu,2024-07-22,Regular,Referral
C04415,Customer 04415,33,Male,Kolkata,West Bengal,2025-02-23,Premium,Organic
C04416,Customer 04416,44,Male,Delhi,Delhi,2025-07-20,Regular,Paid
C04417,Customer 04417,57,Male,Delhi,Delhi,2025-07-03,Premium,Social
C04418,Customer 04418,27,Male,Hyderabad,Telangana,2024-08-30,Regular,Paid
C04419,Customer 04419,21,Male,Kolkata,West Bengal,2024-07-19,Regular,Paid
C04420,Customer 04420,36,Female,Indore,Madhya Pradesh,2026-01-17,Occasional,Organic
C04421,Customer 04421,45,Male,Indore,Madhya Pradesh,2025-04-18,Regular,Organic
C04422,Customer 04422,38,Female,Hyderabad,Telangana,2025-06-10,Premium,Organic
C04423,Customer 04423,64,Male,Delhi,Delhi,2025-10-17,Regular,Social
C04424,Customer 04424,31,Male,Kolkata,West Bengal,2024-03-17,Regular,Organic
C04425,Customer 04425,50,Male,Jaipur,Rajasthan,2025-04-22,Occasional,Organic
C04426,Customer 04426,65,Male,Chennai,Tamil Nadu,2026-03-31,Regular,Organic
C04427,Customer 04427,27,Female,Pune,Maharashtra,2025-03-15,Occasional,Referral
C04428,Customer 04428,36,Male,Kochi,Kerala,2024-09-19,Regular,Organic
C04429,Customer 04429,47,Female,Mumbai,Maharashtra,2024-07-03,Occasional,Paid
C04430,Customer 04430,39,Female,Chennai,Tamil Nadu,2024-02-24,Occasional,Paid
C04431,Customer 04431,20,,Jaipur,Rajasthan,2024-11-03,Occasional,Paid
C04432,Customer 04432,54,Female,Lucknow,Uttar Pradesh,2025-05-30,Premium,Organic
C04433,Customer 04433,58,Male,Delhi,Delhi,2024-10-25,Regular,Organic
C04434,Customer 04434,35,Female,Jaipur,Rajasthan,2025-07-05,Regular,Referral
C04435,Customer 04435,28,Female,Lucknow,Uttar Pradesh,2024-08-17,Premium,Social
C04436,Customer 04436,65,Male,Hyderabad,Telangana,2025-01-11,Regular,Paid
C04437,Customer 04437,19,Male,Kolkata,West Bengal,2024-10-12,Occasional,Organic
C04438,Customer 04438,29,Male,Pune,Maharashtra,2024-05-17,Regular,Organic
C04439,Customer 04439,23,Male,Ahmedabad,Gujarat,2025-04-22,Occasional,Referral
C04440,Customer 04440,60,Female,Hyderabad,Telangana,2025-09-06,Premium,Paid
C04441,Customer 04441,57,Male,Chennai,Tamil Nadu,2024-01-07,Occasional,Referral
C04442,Customer 04442,61,Male,Hyderabad,Telangana,2025-11-06,Regular,Referral
C04443,Customer 04443,46,Male,Chennai,Tamil Nadu,2025-02-22,Regular,Social
C04444,Customer 04444,47,Female,Ahmedabad,Gujarat,2025-04-16,Occasional,Social
C04445,Customer 04445,19,Male,Bangalore,Karnataka,2025-02-23,Premium,Referral
C04446,Customer 04446,26,Female,Lucknow,Uttar Pradesh,2026-05-26,Occasional,Paid
C04447,Customer 04447,64,Female,Pune,Maharashtra,2024-10-02,Regular,Paid
C04448,Customer 04448,19,Female,Kochi,Kerala,2025-07-14,Regular,Paid
C04449,Customer 04449,46,Female,Kochi,Kerala,2025-08-30,Occasional,Paid
C04450,Customer 04450,50,Male,Lucknow,Uttar Pradesh,2025-07-24,Regular,Referral
C04451,Customer 04451,27,Male,Mumbai,Maharashtra,2026-01-12,Occasional,Organic
C04452,Customer 04452,51,Female,Jaipur,Rajasthan,2025-11-19,Regular,Referral
C04453,Customer 04453,61,Female,Bangalore,Karnataka,2024-03-30,Occasional,Paid
C04454,Customer 04454,25,Female,Lucknow,Uttar Pradesh,2024-10-08,Regular,Referral
C04455,Customer 04455,54,Male,Kochi,Kerala,2025-07-01,Premium,Organic
C04456,Customer 04456,50,Male,Hyderabad,Telangana,2024-06-19,Regular,Paid
C04457,Customer 04457,64,Other,Jaipur,Rajasthan,2025-09-29,Regular,Organic
C04458,Customer 04458,23,Male,Bangalore,Karnataka,2026-03-21,Regular,Social
C04459,Customer 04459,61,Male,Kolkata,West Bengal,2024-12-20,Regular,Paid
C04460,Customer 04460,57,Male,Kolkata,West Bengal,2024-07-22,Premium,Organic
C04461,Customer 04461,62,Female,Jaipur,Rajasthan,2024-10-15,Regular,Organic
C04462,Customer 04462,36,Male,Lucknow,Uttar Pradesh,2026-05-17,Regular,Referral
C04463,Customer 04463,49,Male,Chennai,Tamil Nadu,2025-04-06,Regular,Organic
C04464,Customer 04464,44,Female,Chennai,Tamil Nadu,2025-08-31,Regular,Social
C04465,Customer 04465,18,Male,Hyderabad,Telangana,2026-01-19,Regular,Paid
C04466,Customer 04466,60,Female,Bangalore,Karnataka,2024-06-21,Regular,Organic
C04467,Customer 04467,50,Female,Bangalore,Karnataka,2024-10-27,Occasional,Referral
C04468,Customer 04468,57,Male,Jaipur,Rajasthan,2025-08-22,Regular,Organic
C04469,Customer 04469,49,Female,Delhi,Delhi,2026-05-12,Occasional,Social
C04470,Customer 04470,22,Female,Kolkata,West Bengal,2025-06-12,Regular,Paid
C04471,Customer 04471,34,Male,Bangalore,Karnataka,2024-05-19,Occasional,Social
C04472,Customer 04472,25,Male,Jaipur,Rajasthan,2026-02-04,Regular,Referral
C04473,Customer 04473,59,Female,Ahmedabad,Gujarat,2024-10-04,Premium,Social
C04474,Customer 04474,51,Male,Mumbai,Maharashtra,2025-10-24,Occasional,Organic
C04475,Customer 04475,26,Female,bangalore,Gujarat,2025-05-25,Occasional,Paid
C04476,Customer 04476,40,Female,Pune,Maharashtra,2024-12-11,Premium,Referral
C04477,Customer 04477,52,Male,Lucknow,Uttar Pradesh,2026-04-25,Regular,Referral
C04478,Customer 04478,24,Female,Hyderabad,Telangana,2024-05-19,Regular,Organic
C04479,Customer 04479,32,Male,Bangalore,Karnataka,2024-04-23,Regular,Paid
C04480,Customer 04480,37,Female,Pune,Maharashtra,2025-08-02,Occasional,Organic
C04481,Customer 04481,42,Male,Kochi,Kerala,2025-05-21,Premium,Referral
C04482,Customer 04482,20,Female,Pune,Maharashtra,2024-12-31,Regular,Paid
C04483,Customer 04483,63,Female,Jaipur,Rajasthan,2025-11-21,Premium,Paid
C04484,Customer 04484,41,Female,Bangalore,Karnataka,2025-09-28,Regular,Organic
C04485,Customer 04485,51,Female,Mumbai,Maharashtra,2025-01-31,Premium,Paid
C04486,Customer 04486,63,Female,Lucknow,Uttar Pradesh,2026-04-04,Occasional,Organic
C04487,Customer 04487,39,Male,Jaipur,Rajasthan,2026-04-02,Regular,Social
C04488,Customer 04488,28,Female,Jaipur,Rajasthan,2026-04-29,Occasional,Organic
C04489,Customer 04489,65,Female,Hyderabad,Telangana,2026-05-24,Premium,Social
C04490,Customer 04490,25,Female,Hyderabad,Telangana,2026-05-19,Regular,Paid
C04491,Customer 04491,56,Female,Kolkata,West Bengal,2026-01-14,Regular,Paid
C04492,Customer 04492,60,Male,Kolkata,West Bengal,2025-10-20,Regular,Organic
C04493,Customer 04493,52,Male,Chennai,Tamil Nadu,2024-04-20,Occasional,Referral
C04494,Customer 04494,63,Male,Delhi,Delhi,2026-05-24,Regular,Referral
C04495,Customer 04495,55,Female,Bangalore,Karnataka,2024-12-23,Regular,Paid
C04496,Customer 04496,25,Male,Bangalore,Karnataka,2024-08-25,Premium,Organic
C04497,Customer 04497,54,Female,Indore,Madhya Pradesh,2024-01-03,Premium,Social
C04498,Customer 04498,44,Male,Pune,Maharashtra,2025-12-23,Occasional,Social
C04499,Customer 04499,45,Male,Bangalore,Karnataka,2025-02-07,Regular,Paid
C04500,Customer 04500,57,Male,Bangalore,Karnataka,2024-01-25,Occasional,Referral
C04501,Customer 04501,51,Male,Delhi,Delhi,2026-04-22,Regular,Paid
C04502,Customer 04502,49,Female,Kochi,Kerala,2025-05-23,Premium,Paid
C04503,Customer 04503,32,Male,Kolkata,West Bengal,2025-11-26,Premium,Organic
C04504,Customer 04504,61,Male,Kolkata,West Bengal,2025-04-09,Occasional,Paid
C04505,Customer 04505,34,Male,Mumbai,Maharashtra,2024-03-01,Occasional,Social
C04506,Customer 04506,50,Female,Bangalore,Karnataka,2025-05-22,Regular,Organic
C04507,Customer 04507,64,Female,Delhi,Delhi,2024-05-02,Premium,Referral
C04508,Customer 04508,63,Male,Lucknow,Uttar Pradesh,2025-05-11,Premium,Social
C04509,Customer 04509,33,Female,Kolkata,West Bengal,2024-02-24,Regular,Organic
C04510,Customer 04510,46,Male,Delhi,Delhi,2024-06-11,Premium,Organic
C04511,Customer 04511,26,Male,Ahmedabad,Gujarat,2025-11-29,Regular,Referral
C04512,Customer 04512,50,Female,Kochi,Kerala,2024-02-08,Regular,Organic
C04513,Customer 04513,46,Male,Bangalore,Karnataka,2025-11-27,Premium,Organic
C04514,Customer 04514,30,Female,Mumbai,Maharashtra,2024-03-23,Premium,Paid
C04515,Customer 04515,38,Male,Pune,Maharashtra,2025-12-07,Occasional,Paid
C04516,Customer 04516,38,Female,Kolkata,West Bengal,2025-06-29,Regular,Social
C04517,Customer 04517,22,Male,Ahmedabad,Gujarat,2024-04-22,Occasional,Referral
C04518,Customer 04518,27,Female,Lucknow,Uttar Pradesh,2025-02-28,Regular,Paid
C04519,Customer 04519,23,Female,Delhi,Delhi,2024-08-17,Regular,Paid
C04520,Customer 04520,30,Male,Bengaluru,Telangana,2024-10-09,Regular,Social
C04521,Customer 04521,18,Female,Jaipur,Rajasthan,2024-10-13,Regular,Organic
C04522,Customer 04522,37,Male,Bangalore,Karnataka,2024-06-03,Premium,Organic
C04523,Customer 04523,64,Female,Bangalore,Karnataka,2024-06-13,Premium,Social
C04524,Customer 04524,63,Male,Ahmedabad,Gujarat,2024-06-30,Occasional,Social
C04525,Customer 04525,25,Male,Delhi,Delhi,2024-08-26,Regular,Organic
C04526,Customer 04526,27,Female,Chennai,Tamil Nadu,2025-10-10,Occasional,Organic
C04527,Customer 04527,26,Male,Bangalore,Karnataka,2024-12-04,Regular,Paid
C04528,Customer 04528,58,Female,Chennai,Tamil Nadu,2025-05-26,Regular,Organic
C04529,Customer 04529,20,Male,Lucknow,Uttar Pradesh,2024-09-22,Regular,Referral
C04530,Customer 04530,28,Male,Hyderabad,Telangana,2024-07-05,Occasional,Organic
C04531,Customer 04531,29,Female,Ahmedabad,Gujarat,2024-02-09,Regular,Organic
C04532,Customer 04532,27,Female,Delhi,Delhi,2026-04-01,Occasional,Paid
C04533,Customer 04533,42,Male,Delhi,Delhi,2025-05-07,Premium,Social
C04534,Customer 04534,42,Male,Indore,Madhya Pradesh,2025-11-09,Occasional,Paid
C04535,Customer 04535,28,Male,Lucknow,Uttar Pradesh,2025-01-25,Regular,Paid
C04536,Customer 04536,53,Male,Lucknow,Uttar Pradesh,2024-09-16,Regular,Social
C04537,Customer 04537,56,Male,Kochi,Kerala,2025-10-16,Regular,Paid
C04538,Customer 04538,43,Male,Jaipur,Rajasthan,2025-12-16,Regular,Paid
C04539,Customer 04539,31,Female,Kolkata,West Bengal,2024-06-24,Premium,Paid
C04540,Customer 04540,56,Female,Kolkata,West Bengal,2026-02-12,Regular,Organic
C04541,Customer 04541,57,Male,Indore,Madhya Pradesh,2026-02-02,Regular,Paid
C04542,Customer 04542,18,Male,Pune,Maharashtra,2024-11-24,Regular,Paid
C04543,Customer 04543,21,Male,Mumbai,Maharashtra,2024-07-18,Regular,Organic
C04544,Customer 04544,47,Female,Ahmedabad,Gujarat,2025-12-11,Premium,Organic
C04545,Customer 04545,29,Female,Hyderabad,Telangana,2024-07-14,Premium,Paid
C04546,Customer 04546,52,Female,Delhi,Delhi,2026-04-05,Occasional,Paid
C04547,Customer 04547,30,Female,Jaipur,Rajasthan,2025-08-11,Occasional,Organic
C04548,Customer 04548,48,Female,Chennai,Tamil Nadu,2025-06-14,Regular,Organic
C04549,Customer 04549,55,Male,Ahmedabad,Gujarat,2024-03-02,Occasional,Social
C04550,Customer 04550,60,Male,Pune,Maharashtra,2024-11-22,Regular,Paid
C04551,Customer 04551,40,Female,bangalore,Gujarat,2024-10-07,Premium,Organic
C04552,Customer 04552,21,Male,Pune,Maharashtra,2026-01-31,Premium,Referral
C04553,Customer 04553,33,Female,Delhi,Delhi,2024-08-14,Occasional,Organic
C04554,Customer 04554,24,Female,Mumbai,Maharashtra,2025-09-30,Regular,Referral
C04555,Customer 04555,39,Female,Pune,Maharashtra,2024-02-27,Occasional,Referral
C04556,Customer 04556,46,Male,Delhi,Delhi,2025-04-21,Occasional,Referral
C04557,Customer 04557,28,,Delhi,Delhi,2025-01-10,Regular,Referral
C04558,Customer 04558,50,Female,Mumbai,Maharashtra,2025-12-16,Premium,Organic
C04559,Customer 04559,46,Female,Kolkata,West Bengal,2024-08-30,Regular,Referral
C04560,Customer 04560,56,Female,Ahmedabad,Gujarat,2025-01-01,Premium,Organic
C04561,Customer 04561,29,Other,Indore,Madhya Pradesh,2026-04-23,Regular,Paid
C04562,Customer 04562,24,Male,Bangalore,Karnataka,2025-05-14,Regular,Social
C04563,Customer 04563,56,Male,Bangalore,Karnataka,2026-04-17,Premium,Paid
C04564,Customer 04564,59,Male,Indore,Madhya Pradesh,2024-09-08,Premium,Social
C04565,Customer 04565,65,Male,Chennai,Tamil Nadu,2024-11-17,Regular,Organic
C04566,Customer 04566,43,Female,Lucknow,Uttar Pradesh,2025-01-10,Regular,Paid
C04567,Customer 04567,57,Other,Chennai,Tamil Nadu,2025-02-12,Regular,Organic
C04568,Customer 04568,26,Male,Lucknow,Uttar Pradesh,2025-12-11,Regular,Referral
C04569,Customer 04569,58,Male,Indore,Madhya Pradesh,2025-05-02,Regular,Organic
C04570,Customer 04570,51,Male,Bangalore,Karnataka,2024-12-08,Occasional,Organic
C04571,Customer 04571,62,Female,Hyderabad,Telangana,2024-08-27,Premium,Organic
C04572,Customer 04572,30,Male,Bangalore,Karnataka,2024-05-18,Premium,Referral
C04573,Customer 04573,53,Male,Chennai,Tamil Nadu,2024-05-01,Occasional,Organic
C04574,Customer 04574,42,Male,Jaipur,Rajasthan,2025-02-23,Regular,Social
C04575,Customer 04575,41,Male,Indore,Madhya Pradesh,2025-07-14,Occasional,Organic
C04576,Customer 04576,61,Female,Chennai,Tamil Nadu,2024-10-30,Regular,Organic
C04577,Customer 04577,34,Male,Hyderabad,Telangana,2024-04-24,Occasional,Paid
C04578,Customer 04578,19,Male,Ahmedabad,Gujarat,2024-12-08,Occasional,Social
C04579,Customer 04579,30,Male,Lucknow,Uttar Pradesh,2024-09-07,Regular,Organic
C04580,Customer 04580,48,Female,Bangalore,Karnataka,2024-01-07,Premium,Organic
C04581,Customer 04581,46,Female,Mumbai,Maharashtra,2025-12-31,Occasional,Referral
C04582,Customer 04582,45,Male,Jaipur,Rajasthan,2025-08-11,Occasional,Paid
C04583,Customer 04583,44,Male,Delhi,Delhi,2024-06-27,Occasional,Referral
C04584,Customer 04584,32,Female,Hyderabad,Telangana,2024-05-24,Premium,Organic
C04585,Customer 04585,48,Male,Chennai,Tamil Nadu,2025-02-19,Occasional,Paid
C04586,Customer 04586,57,Female,Lucknow,Uttar Pradesh,2025-10-27,Premium,Organic
C04587,Customer 04587,32,Male,Mumbai,Maharashtra,2024-04-30,Regular,Paid
C04588,Customer 04588,50,Male,Pune,Maharashtra,2024-05-03,Regular,Referral
C04589,Customer 04589,37,Female,Kolkata,West Bengal,2024-05-29,Regular,Referral
C04590,Customer 04590,59,Female,Bangalore,Karnataka,2025-01-31,Regular,Paid
C04591,Customer 04591,29,Female,Kolkata,West Bengal,2025-01-15,Regular,Social
C04592,Customer 04592,54,Male,Hyderabad,Telangana,2026-02-18,Premium,Organic
C04593,Customer 04593,26,Male,Pune,Maharashtra,2026-04-18,Regular,Organic
C04594,Customer 04594,40,Male,Pune,Maharashtra,2024-01-01,Occasional,Referral
C04595,Customer 04595,25,Female,Pune,Maharashtra,2025-11-03,Premium,Referral
C04596,Customer 04596,49,Female,Delhi,Delhi,2024-08-31,Regular,Organic
C04597,Customer 04597,65,Male,bangalore,Telangana,2026-06-05,Regular,Referral
C04598,Customer 04598,31,Female,Ahmedabad,Gujarat,2025-02-01,Regular,Paid
C04599,Customer 04599,44,Female,Kolkata,West Bengal,2024-09-07,Regular,Referral
C04600,Customer 04600,42,Male,Ahmedabad,Gujarat,2026-05-28,Regular,Social
C04601,Customer 04601,30,Female,Mumbai,Maharashtra,2025-07-29,Premium,Paid
C04602,Customer 04602,38,Male,Kochi,Kerala,2024-10-25,Occasional,Organic
C04603,Customer 04603,62,Male,Jaipur,Rajasthan,2026-01-29,Regular,Referral
C04604,Customer 04604,48,Female,Jaipur,Rajasthan,2024-10-23,Regular,Referral
C04605,Customer 04605,54,Male,Ahmedabad,Gujarat,2025-05-14,Regular,Organic
C04606,Customer 04606,65,Male,Kochi,Kerala,2024-04-24,Regular,Paid
C04607,Customer 04607,60,Female,Kochi,Kerala,2026-03-17,Regular,Social
C04608,Customer 04608,22,Other,Bangalore,Karnataka,2024-01-01,Regular,Organic
C04609,Customer 04609,30,Other,Mumbai,Maharashtra,2025-07-06,Regular,Organic
C04610,Customer 04610,45,Female,Hyderabad,Telangana,2025-11-15,Regular,Organic
C04611,Customer 04611,60,Male,Kochi,Kerala,2025-08-22,Regular,Paid
C04612,Customer 04612,42,Female,Chennai,Tamil Nadu,2025-04-26,Regular,Social
C04613,Customer 04613,52,,Indore,Madhya Pradesh,2025-09-01,Occasional,Referral
C04614,Customer 04614,64,Male,Jaipur,Rajasthan,2025-08-22,Premium,Paid
C04615,Customer 04615,56,Female,Chennai,Tamil Nadu,2026-02-01,Premium,Referral
C04616,Customer 04616,24,Male,Mumbai,Maharashtra,2025-05-24,Regular,Referral
C04617,Customer 04617,55,Male,Kochi,Kerala,2024-11-30,Occasional,Referral
C04618,Customer 04618,49,Female,Kolkata,West Bengal,2025-04-09,Occasional,Organic
C04619,Customer 04619,20,Female,Jaipur,Rajasthan,2024-05-20,Regular,Referral
C04620,Customer 04620,62,Male,Bangalore,Karnataka,2025-08-05,Occasional,Paid
C04621,Customer 04621,56,Male,Lucknow,Uttar Pradesh,2024-05-16,Regular,Organic
C04622,Customer 04622,54,,Bangalore,Karnataka,2025-09-02,Occasional,Paid
C04623,Customer 04623,39,Male,Indore,Madhya Pradesh,2025-10-24,Regular,Social
C04624,Customer 04624,25,Male,Pune,Maharashtra,2025-11-17,Regular,Paid
C04625,Customer 04625,34,,Lucknow,Uttar Pradesh,2024-06-15,Regular,Social
C04626,Customer 04626,44,,Delhi,Delhi,2024-12-08,Regular,Organic
C04627,Customer 04627,50,Female,Kochi,Kerala,2025-02-13,Regular,Referral
C04628,Customer 04628,63,Female,Mumbai,Maharashtra,2026-02-07,Regular,Organic
C04629,Customer 04629,34,Female,Jaipur,Rajasthan,2026-01-05,Regular,Organic
C04630,Customer 04630,59,Female,Delhi,Delhi,2026-05-29,Regular,Paid
C04631,Customer 04631,29,Male,bangalore,Maharashtra,2026-04-21,Premium,Referral
C04632,Customer 04632,65,Female,Indore,Madhya Pradesh,2024-03-05,Occasional,Referral
C04633,Customer 04633,63,Male,Ahmedabad,Gujarat,2025-08-03,Occasional,Referral
C04634,Customer 04634,44,Male,Kochi,Kerala,2024-03-07,Occasional,Referral
C04635,Customer 04635,65,Male,Hyderabad,Telangana,2025-03-08,Occasional,Social
C04636,Customer 04636,25,Female,Hyderabad,Telangana,2024-02-19,Regular,Paid
C04637,Customer 04637,40,Male,Kochi,Kerala,2024-11-09,Regular,Organic
C04638,Customer 04638,59,Male,Lucknow,Uttar Pradesh,2024-11-04,Premium,Organic
C04639,Customer 04639,46,,Pune,Maharashtra,2025-08-25,Regular,Paid
C04640,Customer 04640,37,Female,Pune,Maharashtra,2024-04-24,Regular,Referral
C04641,Customer 04641,33,Female,Lucknow,Uttar Pradesh,2026-06-04,Occasional,Organic
C04642,Customer 04642,34,Male,Hyderabad,Telangana,2025-07-22,Regular,Organic
C04643,Customer 04643,33,Male,Kolkata,West Bengal,2024-12-07,Occasional,Organic
C04644,Customer 04644,36,Female,Lucknow,Uttar Pradesh,2025-06-13,Regular,Referral
C04645,Customer 04645,25,Male,Jaipur,Rajasthan,2026-02-22,Occasional,Organic
C04646,Customer 04646,55,Female,Hyderabad,Telangana,2025-10-03,Premium,Organic
C04647,Customer 04647,55,Male,Kolkata,West Bengal,2025-05-09,Regular,Referral
C04648,Customer 04648,46,Female,Indore,Madhya Pradesh,2024-09-25,Occasional,Referral
C04649,Customer 04649,58,Male,Delhi,Delhi,2024-03-20,Regular,Paid
C04650,Customer 04650,53,Male,Kolkata,West Bengal,2025-03-31,Regular,Paid
C04651,Customer 04651,43,Female,Delhi,Delhi,2024-10-25,Regular,Organic
C04652,Customer 04652,48,Male,Mumbai,Maharashtra,2026-04-01,Premium,Social
C04653,Customer 04653,61,Male,Chennai,Tamil Nadu,2024-07-20,Regular,Paid
C04654,Customer 04654,29,Female,Mumbai,Maharashtra,2025-05-17,Regular,Social
C04655,Customer 04655,34,Male,Hyderabad,Telangana,2026-01-06,Regular,Social
C04656,Customer 04656,32,Male,Delhi,Delhi,2025-11-01,Regular,Referral
C04657,Customer 04657,26,Male,Hyderabad,Telangana,2025-12-16,Premium,Organic
C04658,Customer 04658,56,Male,Lucknow,Uttar Pradesh,2025-10-10,Occasional,Paid
C04659,Customer 04659,59,Male,Kochi,Kerala,2025-04-29,Occasional,Organic
C04660,Customer 04660,65,Female,Jaipur,Rajasthan,2025-08-07,Premium,Social
C04661,Customer 04661,29,Female,Bangalore,Karnataka,2025-07-13,Regular,Referral
C04662,Customer 04662,49,Male,Hyderabad,Telangana,2024-01-18,Premium,Social
C04663,Customer 04663,42,Male,Jaipur,Rajasthan,2025-04-22,Occasional,Referral
C04664,Customer 04664,56,Female,Lucknow,Uttar Pradesh,2025-05-02,Occasional,Paid
C04665,Customer 04665,35,Other,Kolkata,West Bengal,2026-02-17,Occasional,Paid
C04666,Customer 04666,32,Male,Lucknow,Uttar Pradesh,2025-03-21,Regular,Paid
C04667,Customer 04667,49,Female,Indore,Madhya Pradesh,2024-12-05,Regular,Paid
C04668,Customer 04668,23,Female,Mumbai,Maharashtra,2025-06-14,Regular,Referral
C04669,Customer 04669,61,Male,Kolkata,West Bengal,2025-09-03,Regular,Social
C04670,Customer 04670,60,Male,Bangalore,Karnataka,2024-04-25,Regular,Referral
C04671,Customer 04671,52,Male,Delhi,Delhi,2026-05-07,Premium,Social
C04672,Customer 04672,51,Female,Kochi,Kerala,2024-03-14,Occasional,Social
C04673,Customer 04673,55,Female,Jaipur,Rajasthan,2026-03-02,Regular,Paid
C04674,Customer 04674,22,Female,Kochi,Kerala,2024-09-25,Occasional,Paid
C04675,Customer 04675,35,Male,Chennai,Tamil Nadu,2025-09-28,Regular,Referral
C04676,Customer 04676,33,Female,Lucknow,Uttar Pradesh,2024-04-25,Occasional,Paid
C04677,Customer 04677,25,Female,Hyderabad,Telangana,2025-11-16,Occasional,Organic
C04678,Customer 04678,42,Female,Delhi,Delhi,2025-11-23,Occasional,Paid
C04679,Customer 04679,49,Male,Chennai,Tamil Nadu,2026-01-07,Occasional,Social
C04680,Customer 04680,43,Female,Lucknow,Uttar Pradesh,2025-10-30,Occasional,Organic
C04681,Customer 04681,39,Male,Ahmedabad,Gujarat,2024-06-12,Regular,Referral
C04682,Customer 04682,48,Female,Hyderabad,Telangana,2025-08-05,Regular,Social
C04683,Customer 04683,60,Female,Kolkata,West Bengal,2024-08-09,Regular,Referral
C04684,Customer 04684,27,Male,Mumbai,Maharashtra,2024-05-05,Occasional,Paid
C04685,Customer 04685,29,Female,Jaipur,Rajasthan,2025-10-18,Occasional,Referral
C04686,Customer 04686,45,Male,Indore,Madhya Pradesh,2024-06-24,Regular,Paid
C04687,Customer 04687,23,Female,Bangalore,Karnataka,2025-10-25,Regular,Organic
C04688,Customer 04688,37,Male,Bangalore,Karnataka,2025-11-24,Regular,Social
C04689,Customer 04689,22,Female,Kolkata,West Bengal,2025-01-09,Occasional,Paid
C04690,Customer 04690,40,Female,Pune,Maharashtra,2026-05-08,Regular,Referral
C04691,Customer 04691,26,Male,Bangalore,Karnataka,2025-05-12,Regular,Paid
C04692,Customer 04692,46,Female,Jaipur,Rajasthan,2024-03-25,Regular,Organic
C04693,Customer 04693,33,Male,Kolkata,West Bengal,2026-05-25,Regular,Social
C04694,Customer 04694,63,Male,Delhi,Delhi,2025-01-17,Premium,Referral
C04695,Customer 04695,39,Female,Bangalore,Karnataka,2025-09-24,Regular,Organic
C04696,Customer 04696,25,Female,Kochi,Kerala,2025-10-02,Occasional,Social
C04697,Customer 04697,37,Female,Kolkata,West Bengal,2025-04-07,Premium,Referral
C04698,Customer 04698,31,Female,Jaipur,Rajasthan,2025-03-26,Regular,Paid
C04699,Customer 04699,56,Female,Kochi,Kerala,2025-06-01,Occasional,Referral
C04700,Customer 04700,54,Female,Hyderabad,Telangana,2026-04-25,Occasional,Organic
C04701,Customer 04701,51,Female,Hyderabad,Telangana,2025-11-25,Occasional,Paid
C04702,Customer 04702,28,Female,Bangalore,Karnataka,2025-07-03,Regular,Organic
C04703,Customer 04703,57,Male,Kochi,Kerala,2024-04-25,Occasional,Paid
C04704,Customer 04704,50,Male,Mumbai,Maharashtra,2025-09-05,Premium,Paid
C04705,Customer 04705,48,Female,Lucknow,Uttar Pradesh,2024-01-08,Occasional,Social
C04706,Customer 04706,61,Female,Hyderabad,Telangana,2024-08-05,Regular,Referral
C04707,Customer 04707,51,Female,Mumbai,Maharashtra,2025-12-19,Regular,Organic
C04708,Customer 04708,24,Male,Delhi,Delhi,2025-08-12,Regular,Social
C04709,Customer 04709,40,Female,Kolkata,West Bengal,2026-05-29,Premium,Paid
C04710,Customer 04710,63,Male,Lucknow,Uttar Pradesh,2025-02-07,Occasional,Referral
C04711,Customer 04711,24,Female,Chennai,Tamil Nadu,2025-07-20,Regular,Organic
C04712,Customer 04712,42,Male,Jaipur,Rajasthan,2024-10-30,Regular,Social
C04713,Customer 04713,20,Male,Indore,Madhya Pradesh,2025-04-11,Premium,Social
C04714,Customer 04714,55,Female,Kolkata,West Bengal,2026-01-09,Regular,Referral
C04715,Customer 04715,37,Female,Lucknow,Uttar Pradesh,2024-03-28,Occasional,Social
C04716,Customer 04716,51,Male,Jaipur,Rajasthan,2024-01-10,Occasional,Paid
C04717,Customer 04717,61,Male,Lucknow,Uttar Pradesh,2024-11-03,Occasional,Social
C04718,Customer 04718,61,Male,Kochi,Kerala,2025-03-09,Regular,Paid
C04719,Customer 04719,47,Male,Delhi,Delhi,2026-03-12,Premium,Organic
C04720,Customer 04720,34,Male,Ahmedabad,Gujarat,2024-06-12,Regular,Referral
C04721,Customer 04721,27,,Indore,Madhya Pradesh,2024-08-26,Regular,Referral
C04722,Customer 04722,52,Female,Bangalore,Karnataka,2024-11-12,Regular,Organic
C04723,Customer 04723,37,Male,Lucknow,Uttar Pradesh,2025-10-17,Occasional,Organic
C04724,Customer 04724,35,Female,Jaipur,Rajasthan,2024-11-30,Regular,Organic
C04725,Customer 04725,62,Male,Jaipur,Rajasthan,2024-01-18,Regular,Paid
C04726,Customer 04726,61,Male,Kochi,Kerala,2024-03-11,Regular,Organic
C04727,Customer 04727,44,Male,Mumbai,Maharashtra,2024-06-23,Regular,Organic
C04728,Customer 04728,53,Female,Kolkata,West Bengal,2026-05-03,Occasional,Paid
C04729,Customer 04729,40,Male,Ahmedabad,Gujarat,2026-03-10,Regular,Social
C04730,Customer 04730,49,Male,Pune,Maharashtra,2026-03-21,Regular,Referral
C04731,Customer 04731,27,Male,Bangalore,Karnataka,2024-12-04,Premium,Paid
C04732,Customer 04732,28,Male,Chennai,Tamil Nadu,2024-09-04,Occasional,Social
C04733,Customer 04733,55,Male,Pune,Maharashtra,2024-07-11,Occasional,Referral
C04734,Customer 04734,23,Female,Kolkata,West Bengal,2025-02-22,Regular,Paid
C04735,Customer 04735,58,Female,Bangalore,Karnataka,2024-11-20,Premium,Paid
C04736,Customer 04736,64,Female,Jaipur,Rajasthan,2024-11-01,Regular,Paid
C04737,Customer 04737,51,Male,Chennai,Tamil Nadu,2026-02-18,Regular,Organic
C04738,Customer 04738,53,Male,Lucknow,Uttar Pradesh,2024-07-22,Occasional,Paid
C04739,Customer 04739,54,Male,Mumbai,Maharashtra,2026-05-02,Occasional,Paid
C04740,Customer 04740,34,,bangalore,Gujarat,2024-05-02,Occasional,Paid
C04741,Customer 04741,57,Female,Lucknow,Uttar Pradesh,2025-07-23,Premium,Referral
C04742,Customer 04742,57,Male,Mumbai,Maharashtra,2026-04-30,Occasional,Paid
C04743,Customer 04743,29,Male,Delhi,Delhi,2025-03-22,Regular,Referral
C04744,Customer 04744,38,Female,Kochi,Kerala,2025-12-13,Occasional,Paid
C04745,Customer 04745,57,Male,Bangalore,Karnataka,2025-05-05,Regular,Social
C04746,Customer 04746,36,Other,Lucknow,Uttar Pradesh,2025-03-08,Regular,Paid
C04747,Customer 04747,20,Male,Mumbai,Maharashtra,2025-09-15,Regular,Social
C04748,Customer 04748,35,Female,Pune,Maharashtra,2024-05-07,Premium,Social
C04749,Customer 04749,36,Male,Kochi,Kerala,2025-07-01,Regular,Referral
C04750,Customer 04750,64,Other,Mumbai,Maharashtra,2026-01-15,Occasional,Referral
C04751,Customer 04751,23,Male,Hyderabad,Telangana,2026-04-01,Premium,Organic
C04752,Customer 04752,33,Female,Delhi,Delhi,2024-02-16,Premium,Social
C04753,Customer 04753,25,Male,Kolkata,West Bengal,2025-05-19,Premium,Organic
C04754,Customer 04754,65,Female,Lucknow,Uttar Pradesh,2024-04-24,Regular,Paid
C04755,Customer 04755,35,Male,Ahmedabad,Gujarat,2025-02-19,Occasional,Paid
C04756,Customer 04756,65,Male,Delhi,Delhi,2026-02-05,Regular,Paid
C04757,Customer 04757,60,Female,Kochi,Kerala,2024-08-10,Premium,Referral
C04758,Customer 04758,56,Other,Hyderabad,Telangana,2025-09-27,Occasional,Social
C04759,Customer 04759,29,Male,Bangalore,Karnataka,2025-05-17,Occasional,Paid
C04760,Customer 04760,62,Female,Pune,Maharashtra,2025-11-02,Premium,Social
C04761,Customer 04761,27,Male,Ahmedabad,Gujarat,2024-04-05,Occasional,Referral
C04762,Customer 04762,24,Female,Lucknow,Uttar Pradesh,2024-04-16,Regular,Organic
C04763,Customer 04763,63,Female,Ahmedabad,Gujarat,2025-09-23,Occasional,Organic
C04764,Customer 04764,18,Female,Delhi,Delhi,2025-09-04,Regular,Referral
C04765,Customer 04765,53,Female,Kochi,Kerala,2025-09-06,Occasional,Organic
C04766,Customer 04766,38,Female,Bangalore,Karnataka,2025-11-08,Premium,Paid
C04767,Customer 04767,54,Male,Jaipur,Rajasthan,2025-11-28,Regular,Organic
C04768,Customer 04768,41,Female,Hyderabad,Telangana,2024-02-01,Regular,Paid
C04769,Customer 04769,42,Male,Lucknow,Uttar Pradesh,2025-05-07,Regular,Referral
C04770,Customer 04770,24,Female,Jaipur,Rajasthan,2024-03-06,Occasional,Paid
C04771,Customer 04771,59,Female,Pune,Maharashtra,2024-06-27,Regular,Organic
C04772,Customer 04772,34,Male,Bangalore,Karnataka,2026-02-17,Premium,Organic
C04773,Customer 04773,46,Female,Indore,Madhya Pradesh,2025-03-18,Regular,Paid
C04774,Customer 04774,47,Female,Indore,Madhya Pradesh,2025-07-02,Regular,Organic
C04775,Customer 04775,24,Female,Bangalore,Karnataka,2024-07-19,Occasional,Referral
C04776,Customer 04776,50,Male,Hyderabad,Telangana,2026-05-19,Regular,Referral
C04777,Customer 04777,24,Male,Chennai,Tamil Nadu,2024-02-18,Regular,Organic
C04778,Customer 04778,41,Female,Jaipur,Rajasthan,2026-02-25,Occasional,Paid
C04779,Customer 04779,28,Male,Mumbai,Maharashtra,2025-11-10,Occasional,Paid
C04780,Customer 04780,26,Male,Ahmedabad,Gujarat,2024-09-19,Regular,Paid
C04781,Customer 04781,29,Female,Lucknow,Uttar Pradesh,2024-05-12,Regular,Paid
C04782,Customer 04782,52,Male,Chennai,Tamil Nadu,2026-03-20,Occasional,Paid
C04783,Customer 04783,21,Female,Mumbai,Maharashtra,2024-12-09,Occasional,Paid
C04784,Customer 04784,53,Female,Kochi,Kerala,2024-06-24,Occasional,Referral
C04785,Customer 04785,45,Female,Lucknow,Uttar Pradesh,2025-01-25,Occasional,Organic
C04786,Customer 04786,30,Male,Lucknow,Uttar Pradesh,2024-01-11,Occasional,Referral
C04787,Customer 04787,40,,Indore,Madhya Pradesh,2024-07-19,Occasional,Paid
C04788,Customer 04788,36,Male,Hyderabad,Telangana,2026-03-19,Occasional,Paid
C04789,Customer 04789,59,Female,Kochi,Kerala,2024-01-03,Premium,Referral
C04790,Customer 04790,54,Male,Ahmedabad,Gujarat,2024-08-01,Regular,Paid
C04791,Customer 04791,56,Female,Kolkata,West Bengal,2026-03-18,Regular,Paid
C04792,Customer 04792,41,Female,Mumbai,Maharashtra,2024-11-02,Regular,Referral
C04793,Customer 04793,33,Female,Indore,Madhya Pradesh,2025-06-27,Occasional,Social
C04794,Customer 04794,50,Male,Lucknow,Uttar Pradesh,2025-07-13,Occasional,Social
C04795,Customer 04795,29,Male,Chennai,Tamil Nadu,2024-11-22,Occasional,Referral
C04796,Customer 04796,51,Female,Indore,Madhya Pradesh,2026-02-02,Occasional,Social
C04797,Customer 04797,24,Male,Mumbai,Maharashtra,2024-07-17,Regular,Organic
C04798,Customer 04798,28,Male,Mumbai,Maharashtra,2025-08-23,Occasional,Paid
C04799,Customer 04799,48,Male,Hyderabad,Telangana,2024-04-18,Regular,Organic
C04800,Customer 04800,46,Female,Lucknow,Uttar Pradesh,2024-10-17,Regular,Organic
C04801,Customer 04801,30,Female,Kochi,Kerala,2024-04-17,Premium,Paid
C04802,Customer 04802,48,Female,Jaipur,Rajasthan,2025-02-11,Occasional,Referral
C04803,Customer 04803,19,Female,Kolkata,West Bengal,2025-07-05,Regular,Paid
C04804,Customer 04804,56,Male,Hyderabad,Telangana,2024-02-21,Occasional,Referral
C04805,Customer 04805,32,Female,Pune,Maharashtra,2024-04-21,Regular,Paid
C04806,Customer 04806,28,Male,Lucknow,Uttar Pradesh,2024-10-21,Regular,Paid
C04807,Customer 04807,51,Female,Hyderabad,Telangana,2025-08-02,Regular,Organic
C04808,Customer 04808,56,Male,Ahmedabad,Gujarat,2024-07-07,Regular,Paid
C04809,Customer 04809,21,Male,bangalore,West Bengal,2026-04-23,Occasional,Paid
C04810,Customer 04810,28,Female,Indore,Madhya Pradesh,2025-12-21,Premium,Referral
C04811,Customer 04811,46,Male,Bangalore,Karnataka,2024-03-05,Occasional,Organic
C04812,Customer 04812,19,Female,Pune,Maharashtra,2025-07-27,Occasional,Organic
C04813,Customer 04813,33,Male,Delhi,Delhi,2025-04-09,Occasional,Referral
C04814,Customer 04814,56,Male,Hyderabad,Telangana,2024-09-14,Regular,Paid
C04815,Customer 04815,30,Male,Mumbai,Maharashtra,2025-10-07,Occasional,Paid
C04816,Customer 04816,54,Female,Jaipur,Rajasthan,2025-09-25,Regular,Organic
C04817,Customer 04817,34,Male,Bangalore,Karnataka,2024-11-26,Premium,Paid
C04818,Customer 04818,38,Female,Hyderabad,Telangana,2025-05-15,Regular,Referral
C04819,Customer 04819,61,Male,Hyderabad,Telangana,2025-11-13,Occasional,Social
C04820,Customer 04820,36,Male,Chennai,Tamil Nadu,2024-07-28,Premium,Referral
C04821,Customer 04821,24,Male,Chennai,Tamil Nadu,2026-03-18,Regular,Organic
C04822,Customer 04822,55,Female,Bangalore,Karnataka,2024-03-29,Premium,Referral
C04823,Customer 04823,25,Female,Kochi,Kerala,2025-11-09,Regular,Organic
C04824,Customer 04824,30,Male,Indore,Madhya Pradesh,2024-01-28,Premium,Paid
C04825,Customer 04825,54,Female,Chennai,Tamil Nadu,2024-08-25,Occasional,Organic
C04826,Customer 04826,19,Female,Mumbai,Maharashtra,2024-12-01,Regular,Referral
C04827,Customer 04827,58,Male,Pune,Maharashtra,2024-03-03,Occasional,Referral
C04828,Customer 04828,28,Female,Delhi,Delhi,2026-02-05,Regular,Referral
C04829,Customer 04829,41,Male,Kolkata,West Bengal,2025-07-06,Occasional,Referral
C04830,Customer 04830,23,Female,Delhi,Delhi,2025-05-14,Regular,Organic
C04831,Customer 04831,43,Female,Delhi,Delhi,2025-06-24,Regular,Paid
C04832,Customer 04832,24,Male,Kolkata,West Bengal,2026-03-01,Regular,Referral
C04833,Customer 04833,56,Male,Chennai,Tamil Nadu,2025-04-13,Regular,Referral
C04834,Customer 04834,36,Other,Bangalore,Karnataka,2025-08-14,Occasional,Referral
C04835,Customer 04835,23,Female,Kolkata,West Bengal,2024-02-20,Regular,Organic
C04836,Customer 04836,60,Female,Indore,Madhya Pradesh,2024-04-21,Occasional,Referral
C04837,Customer 04837,46,Male,Indore,Madhya Pradesh,2026-05-22,Occasional,Paid
C04838,Customer 04838,60,Male,Lucknow,Uttar Pradesh,2024-10-27,Regular,Referral
C04839,Customer 04839,56,Male,Ahmedabad,Gujarat,2024-03-30,Regular,Paid
C04840,Customer 04840,19,Male,Kochi,Kerala,2024-08-16,Regular,Social
C04841,Customer 04841,36,Female,Pune,Maharashtra,2024-05-29,Regular,Organic
C04842,Customer 04842,21,Female,Jaipur,Rajasthan,2026-01-24,Regular,Referral
C04843,Customer 04843,23,Female,Chennai,Tamil Nadu,2024-05-17,Occasional,Paid
C04844,Customer 04844,54,Male,Kochi,Kerala,2024-05-14,Premium,Organic
C04845,Customer 04845,45,Female,Kolkata,West Bengal,2025-04-01,Premium,Organic
C04846,Customer 04846,47,Female,Ahmedabad,Gujarat,2025-08-23,Premium,Referral
C04847,Customer 04847,24,Female,Jaipur,Rajasthan,2025-05-08,Regular,Organic
C04848,Customer 04848,26,Female,Pune,Maharashtra,2025-06-10,Occasional,Organic
C04849,Customer 04849,42,Female,Pune,Maharashtra,2024-11-28,Occasional,Social
C04850,Customer 04850,50,Female,Chennai,Tamil Nadu,2024-12-27,Occasional,Referral
C04851,Customer 04851,18,Male,Kolkata,West Bengal,2024-06-22,Occasional,Organic
C04852,Customer 04852,23,Male,Kochi,Kerala,2025-08-24,Regular,Referral
C04853,Customer 04853,35,Female,Bangalore,Karnataka,2024-07-31,Premium,Paid
C04854,Customer 04854,27,Female,Kochi,Kerala,2024-12-08,Premium,Social
C04855,Customer 04855,45,Male,Kochi,Kerala,2024-03-01,Occasional,Referral
C04856,Customer 04856,28,Male,Pune,Maharashtra,2026-05-25,Occasional,Social
C04857,Customer 04857,50,Female,Bangalore,Karnataka,2026-01-01,Regular,Organic
C04858,Customer 04858,18,Other,Bangalore,Karnataka,2024-03-01,Regular,Referral
C04859,Customer 04859,30,Male,Chennai,Tamil Nadu,2026-03-29,Regular,Organic
C04860,Customer 04860,54,Female,Jaipur,Rajasthan,2025-11-08,Occasional,Organic
C04861,Customer 04861,37,Female,Hyderabad,Telangana,2025-06-07,Premium,Referral
C04862,Customer 04862,18,Male,Delhi,Delhi,2024-08-03,Occasional,Organic
C04863,Customer 04863,20,Male,Delhi,Delhi,2025-08-11,Regular,Paid
C04864,Customer 04864,35,Female,Pune,Maharashtra,2026-01-13,Premium,Social
C04865,Customer 04865,58,Female,Hyderabad,Telangana,2025-09-15,Occasional,Paid
C04866,Customer 04866,31,Female,Jaipur,Rajasthan,2025-07-31,Regular,Organic
C04867,Customer 04867,48,Female,Hyderabad,Telangana,2025-11-24,Occasional,Referral
C04868,Customer 04868,44,Male,Chennai,Tamil Nadu,2025-02-26,Occasional,Social
C04869,Customer 04869,34,Female,Kochi,Kerala,2025-12-16,Regular,Referral
C04870,Customer 04870,63,Male,Pune,Maharashtra,2025-02-26,Occasional,Paid
C04871,Customer 04871,46,Male,Bangalore,Karnataka,2025-01-05,Regular,Organic
C04872,Customer 04872,53,Male,Indore,Madhya Pradesh,2024-07-24,Regular,Organic
C04873,Customer 04873,54,Male,Pune,Maharashtra,2024-10-12,Occasional,Referral
C04874,Customer 04874,43,Female,Delhi,Delhi,2024-04-14,Regular,Organic
C04875,Customer 04875,34,Female,Jaipur,Rajasthan,2026-01-23,Premium,Social
C04876,Customer 04876,39,Female,Hyderabad,Telangana,2026-01-16,Occasional,Paid
C04877,Customer 04877,42,Male,Jaipur,Rajasthan,2025-11-18,Regular,Paid
C04878,Customer 04878,19,Female,Chennai,Tamil Nadu,2025-12-23,Occasional,Referral
C04879,Customer 04879,39,Female,Pune,Maharashtra,2025-06-26,Occasional,Referral
C04880,Customer 04880,22,Female,Kolkata,West Bengal,2026-01-16,Regular,Referral
C04881,Customer 04881,21,Female,Pune,Maharashtra,2024-08-29,Regular,Social
C04882,Customer 04882,53,Male,Bangalore,Karnataka,2025-05-05,Regular,Social
C04883,Customer 04883,23,Male,Pune,Maharashtra,2025-10-26,Regular,Social
C04884,Customer 04884,38,Male,Ahmedabad,Gujarat,2025-12-08,Occasional,Social
C04885,Customer 04885,30,Female,Chennai,Tamil Nadu,2025-05-12,Occasional,Referral
C04886,Customer 04886,54,Female,Mumbai,Maharashtra,2025-03-10,Premium,Referral
C04887,Customer 04887,42,Male,Chennai,Tamil Nadu,2026-02-19,Regular,Organic
C04888,Customer 04888,43,Male,Hyderabad,Telangana,2025-04-28,Occasional,Organic
C04889,Customer 04889,56,Male,Indore,Madhya Pradesh,2025-03-22,Regular,Organic
C04890,Customer 04890,37,Female,Mumbai,Maharashtra,2025-01-18,Occasional,Organic
C04891,Customer 04891,50,Male,Hyderabad,Telangana,2025-05-24,Occasional,Paid
C04892,Customer 04892,31,Male,Hyderabad,Telangana,2024-06-18,Regular,Organic
C04893,Customer 04893,53,Male,Bangalore,Karnataka,2026-05-18,Regular,Social
C04894,Customer 04894,34,Female,Bangalore,Karnataka,2024-11-18,Occasional,Social
C04895,Customer 04895,38,Female,Lucknow,Uttar Pradesh,2026-04-27,Regular,Organic
C04896,Customer 04896,63,Female,Kochi,Kerala,2025-04-18,Regular,Organic
C04897,Customer 04897,33,Male,Delhi,Delhi,2024-08-19,Occasional,Social
C04898,Customer 04898,63,Male,Kochi,Kerala,2025-11-26,Occasional,Social
C04899,Customer 04899,33,Male,Kochi,Kerala,2024-12-24,Regular,Social
C04900,Customer 04900,37,Male,Indore,Madhya Pradesh,2024-10-01,Premium,Social
C04901,Customer 04901,46,Male,Delhi,Delhi,2024-02-01,Regular,Social
C04902,Customer 04902,45,Male,Kolkata,West Bengal,2024-06-25,Regular,Paid
C04903,Customer 04903,25,Female,Mumbai,Maharashtra,2024-03-05,Regular,Organic
C04904,Customer 04904,41,Male,Jaipur,Rajasthan,2025-12-10,Regular,Referral
C04905,Customer 04905,20,Male,Kochi,Kerala,2024-01-27,Premium,Organic
C04906,Customer 04906,42,Female,Indore,Madhya Pradesh,2025-10-24,Regular,Social
C04907,Customer 04907,36,Female,Lucknow,Uttar Pradesh,2026-03-25,Regular,Paid
C04908,Customer 04908,50,Female,Pune,Maharashtra,2025-04-23,Regular,Referral
C04909,Customer 04909,19,Female,Pune,Maharashtra,2024-09-24,Regular,Organic
C04910,Customer 04910,32,Male,Hyderabad,Telangana,2025-08-19,Regular,Paid
C04911,Customer 04911,39,Female,Delhi,Delhi,2024-03-06,Occasional,Paid
C04912,Customer 04912,27,,Hyderabad,Telangana,2024-05-12,Regular,Social
C04913,Customer 04913,35,Male,Indore,Madhya Pradesh,2024-12-31,Regular,Organic
C04914,Customer 04914,39,Male,Ahmedabad,Gujarat,2024-03-22,Occasional,Social
C04915,Customer 04915,63,Female,Ahmedabad,Gujarat,2026-06-11,Regular,Social
C04916,Customer 04916,44,,Lucknow,Uttar Pradesh,2026-04-10,Occasional,Referral
C04917,Customer 04917,30,Male,Jaipur,Rajasthan,2024-11-23,Premium,Referral
C04918,Customer 04918,50,Male,Bangalore,Karnataka,2024-04-07,Regular,Referral
C04919,Customer 04919,22,Male,Bangalore,Karnataka,2025-08-07,Regular,Organic
C04920,Customer 04920,43,Male,Delhi,Delhi,2024-11-22,Premium,Organic
C04921,Customer 04921,30,Male,Delhi,Delhi,2025-06-25,Regular,Social
C04922,Customer 04922,44,Male,Kochi,Kerala,2024-05-04,Regular,Referral
C04923,Customer 04923,31,Male,Ahmedabad,Gujarat,2024-07-28,Regular,Organic
C04924,Customer 04924,41,Female,Kochi,Kerala,2026-02-22,Occasional,Referral
C04925,Customer 04925,20,Male,Bangalore,Karnataka,2025-12-25,Premium,Paid
C04926,Customer 04926,64,Female,Mumbai,Maharashtra,2024-05-12,Regular,Organic
C04927,Customer 04927,47,Female,Mumbai,Maharashtra,2025-05-17,Regular,Paid
C04928,Customer 04928,52,Female,Delhi,Delhi,2024-06-05,Regular,Organic
C04929,Customer 04929,65,Female,Hyderabad,Telangana,2025-07-12,Occasional,Organic
C04930,Customer 04930,31,Male,Bangalore,Karnataka,2026-05-18,Regular,Paid
C04931,Customer 04931,29,Male,Mumbai,Maharashtra,2026-05-24,Premium,Referral
C04932,Customer 04932,45,Female,Bangalore,Karnataka,2025-01-16,Occasional,Organic
C04933,Customer 04933,61,Male,Chennai,Tamil Nadu,2024-01-22,Occasional,Paid
C04934,Customer 04934,46,Female,Pune,Maharashtra,2025-08-17,Regular,Organic
C04935,Customer 04935,60,Female,Ahmedabad,Gujarat,2025-02-22,Regular,Organic
C04936,Customer 04936,34,Male,Kochi,Kerala,2025-04-16,Premium,Organic
C04937,Customer 04937,57,Female,Bangalore,Karnataka,2024-08-21,Regular,Organic
C04938,Customer 04938,38,Female,Pune,Maharashtra,2025-07-25,Regular,Organic
C04939,Customer 04939,40,Male,Chennai,Tamil Nadu,2025-03-29,Regular,Social
C04940,Customer 04940,37,Male,Kochi,Kerala,2025-11-30,Occasional,Paid
C04941,Customer 04941,28,Female,Bangalore,Karnataka,2025-07-23,Regular,Organic
C04942,Customer 04942,51,Female,Delhi,Delhi,2026-02-09,Regular,Organic
C04943,Customer 04943,27,Male,Pune,Maharashtra,2024-06-10,Regular,Organic
C04944,Customer 04944,27,Male,Kochi,Kerala,2024-10-27,Regular,Referral
C04945,Customer 04945,60,Female,Bangalore,Karnataka,2024-11-01,Regular,Paid
C04946,Customer 04946,23,Female,Pune,Maharashtra,2024-01-02,Regular,Organic
C04947,Customer 04947,53,Female,Chennai,Tamil Nadu,2024-09-27,Regular,Paid
C04948,Customer 04948,41,Female,Bangalore,Karnataka,2025-02-24,Regular,Paid
C04949,Customer 04949,29,Male,Bangalore,Karnataka,2024-05-22,Regular,Organic
C04950,Customer 04950,60,Male,Bangalore,Karnataka,2025-11-30,Premium,Referral
C04951,Customer 04951,40,Female,Lucknow,Uttar Pradesh,2026-05-13,Premium,Paid
C04952,Customer 04952,44,Female,Jaipur,Rajasthan,2026-05-02,Regular,Organic
C04953,Customer 04953,62,Male,Bengaluru,Uttar Pradesh,2026-01-05,Premium,Referral
C04954,Customer 04954,54,Male,Delhi,Delhi,2026-05-28,Regular,Referral
C04955,Customer 04955,23,Female,Chennai,Tamil Nadu,2025-11-22,Occasional,Referral
C04956,Customer 04956,18,Male,Lucknow,Uttar Pradesh,2025-06-18,Occasional,Paid
C04957,Customer 04957,23,Female,Kochi,Kerala,2026-05-16,Regular,Paid
C04958,Customer 04958,39,Male,Indore,Madhya Pradesh,2024-02-06,Occasional,Paid
C04959,Customer 04959,58,Male,Jaipur,Rajasthan,2024-04-16,Regular,Referral
C04960,Customer 04960,41,Male,Hyderabad,Telangana,2024-10-23,Occasional,Referral
C04961,Customer 04961,42,Female,Indore,Madhya Pradesh,2026-01-10,Regular,Organic
C04962,Customer 04962,32,Female,Jaipur,Rajasthan,2026-04-04,Regular,Referral
C04963,Customer 04963,43,Female,Ahmedabad,Gujarat,2024-04-06,Regular,Referral
C04964,Customer 04964,25,Female,Ahmedabad,Gujarat,2024-10-07,Premium,Paid
C04965,Customer 04965,41,Male,Bangalore,Karnataka,2024-04-19,Occasional,Social
C04966,Customer 04966,65,Male,Jaipur,Rajasthan,2025-07-02,Premium,Social
C04967,Customer 04967,55,Female,Hyderabad,Telangana,2025-07-05,Regular,Organic
C04968,Customer 04968,23,Female,Jaipur,Rajasthan,2025-08-19,Regular,Social
C04969,Customer 04969,52,Female,Delhi,Delhi,2026-03-24,Premium,Paid
C04970,Customer 04970,59,Female,Indore,Madhya Pradesh,2024-07-06,Premium,Referral
C04971,Customer 04971,18,Male,Delhi,Delhi,2026-01-21,Premium,Social
C04972,Customer 04972,63,Male,Hyderabad,Telangana,2026-05-19,Regular,Paid
C04973,Customer 04973,53,,Jaipur,Rajasthan,2025-05-02,Occasional,Paid
C04974,Customer 04974,29,Male,Pune,Maharashtra,2024-12-19,Regular,Social
C04975,Customer 04975,55,Male,Delhi,Delhi,2024-01-19,Premium,Organic
C04976,Customer 04976,28,Female,Delhi,Delhi,2026-05-08,Regular,Organic
C04977,Customer 04977,29,Male,Mumbai,Maharashtra,2025-01-27,Occasional,Paid
C04978,Customer 04978,59,Female,Jaipur,Rajasthan,2026-04-16,Regular,Social
C04979,Customer 04979,56,Male,Delhi,Delhi,2024-09-17,Regular,Social
C04980,Customer 04980,24,Female,Lucknow,Uttar Pradesh,2025-02-13,Occasional,Organic
C04981,Customer 04981,28,Female,Chennai,Tamil Nadu,2025-02-06,Regular,Social
C04982,Customer 04982,53,Female,Jaipur,Rajasthan,2025-10-31,Regular,Organic
C04983,Customer 04983,48,Male,Ahmedabad,Gujarat,2025-04-28,Regular,Social
C04984,Customer 04984,50,Male,Mumbai,Maharashtra,2024-10-30,Occasional,Referral
C04985,Customer 04985,30,Male,Delhi,Delhi,2025-09-15,Occasional,Organic
C04986,Customer 04986,35,Male,Mumbai,Maharashtra,2025-10-17,Occasional,Organic
C04987,Customer 04987,58,Female,Ahmedabad,Gujarat,2026-02-06,Regular,Organic
C04988,Customer 04988,41,Male,Hyderabad,Telangana,2024-01-18,Regular,Organic
C04989,Customer 04989,26,Male,Hyderabad,Telangana,2024-07-02,Regular,Referral
C04990,Customer 04990,48,Male,Indore,Madhya Pradesh,2025-02-08,Occasional,Organic
C04991,Customer 04991,58,Female,Jaipur,Rajasthan,2026-03-09,Occasional,Social
C04992,Customer 04992,27,Male,Ahmedabad,Gujarat,2026-06-15,Regular,Referral
C04993,Customer 04993,19,Female,Kolkata,West Bengal,2024-05-10,Regular,Referral
C04994,Customer 04994,55,Female,Indore,Madhya Pradesh,2025-04-23,Premium,Organic
C04995,Customer 04995,32,Female,Kolkata,West Bengal,2026-03-03,Regular,Social
C04996,Customer 04996,20,Female,Jaipur,Rajasthan,2026-01-26,Regular,Referral
C04997,Customer 04997,60,Male,Bangalore,Karnataka,2024-01-08,Regular,Social
C04998,Customer 04998,48,Female,Mumbai,Maharashtra,2025-12-05,Regular,Social
C04999,Customer 04999,23,Female,Mumbai,Maharashtra,2024-11-13,Premium,Organic
C05000,Customer 05000,20,Female,Hyderabad,Telangana,2025-01-25,Occasional,Organic
