Campaign_ID,Customer_ID,Campaign_Type,Campaign_Name,Campaign_Date,Sent,Opened,Clicked,Converted,Campaign_Cost
M00001,C03685,Email,Weekend Offer,2025-01-20,1,0,0,0,2.99
M00002,C02423,Email,Loyalty Offer,2025-10-25,1,0,0,0,3.5
M00003,C01133,Email,New Arrival,2025-12-07,1,0,0,0,5.78
M00004,C00555,SMS,Clearance,2025-05-11,1,0,0,0,2.43
M00005,C03354,Social,Loyalty Offer,2025-11-09,1,0,0,0,6.98
M00006,C01955,Email,Weekend Offer,2025-01-28,1,0,0,0,7.49
M00007,C00252,SMS,Clearance,2025-04-04,1,0,0,0,7.9
M00008,C00153,Email,Win Back,2025-01-28,1,1,0,0,6.66
M00009,C03982,SMS,New Arrival,2025-05-14,1,0,0,0,5.01
M00010,C03562,Email,Win Back,2025-06-07,1,1,0,0,1.95
M00011,C02007,SMS,Weekend Offer,2025-03-30,1,1,1,0,2.89
M00012,C03631,Email,Weekend Offer,2025-03-07,1,1,0,0,0.94
M00013,C03479,Push,Weekend Offer,2025-07-07,1,0,0,0,7.05
M00014,C03117,Social,Festive Sale,2025-04-08,1,1,0,0,4.81
M00015,C04972,Social,Festive Sale,2025-02-01,1,1,0,0,4.31
M00016,C03730,Email,New Arrival,2025-12-20,1,0,0,0,7.01
M00017,C01685,SMS,Weekend Offer,2025-01-06,1,0,0,0,0.74
M00018,C04814,SMS,Win Back,2025-03-25,1,0,0,0,1.4
M00019,C04949,Social,New Arrival,2025-04-26,1,1,1,1,4.71
M00020,C04567,SMS,Loyalty Offer,2025-08-23,1,1,1,0,7.93
M00021,C04324,Email,New Arrival,2025-03-17,1,1,1,0,1.7
M00022,C00329,Social,Win Back,2025-12-27,1,0,0,0,1.89
M00023,C03212,Email,Festive Sale,2025-09-21,1,1,0,0,5.74
M00024,C04816,Email,Win Back,2025-06-10,1,1,1,0,1.88
M00025,C03867,Social,Clearance,2025-12-11,1,0,0,0,7.63
M00026,C02872,Push,Weekend Offer,2025-05-04,1,0,0,0,6.15
M00027,C02643,Email,Win Back,2025-09-29,1,0,0,0,4.41
M00028,C00494,Push,Win Back,2025-06-12,1,0,0,0,3.12
M00029,C01464,Social,Win Back,2025-05-26,1,1,0,0,3.56
M00030,C01618,Social,Festive Sale,2025-08-01,1,1,1,0,5.13
M00031,C00636,Email,Festive Sale,2025-02-24,1,0,0,0,4.68
M00032,C01576,Email,Festive Sale,2025-07-09,1,0,0,0,1.75
M00033,C01308,Push,Loyalty Offer,2025-04-21,1,0,0,0,7.59
M00034,C02959,Push,Loyalty Offer,2025-03-11,1,0,0,0,2.99
M00035,C04972,SMS,New Arrival,2025-06-16,1,1,0,0,4.43
M00036,C01414,Email,Weekend Offer,2025-03-06,1,0,0,0,3.38
M00037,C03143,Social,Loyalty Offer,2025-12-01,1,1,0,0,6.26
M00038,C03803,Email,Win Back,2025-04-16,1,0,0,0,1.23
M00039,C04367,Email,Clearance,2025-04-08,1,0,0,0,5.76
M00040,C02520,Social,Festive Sale,2025-03-02,1,0,0,0,5.85
M00041,C04335,Social,Win Back,2025-07-29,1,1,0,0,7.38
M00042,C04996,Push,Clearance,2025-10-31,1,1,1,0,2.26
M00043,C04760,Push,Win Back,2025-03-21,1,0,0,0,7.2
M00044,C02426,Email,Clearance,2025-11-22,1,1,0,0,2.92
M00045,C02923,SMS,Festive Sale,2025-07-06,1,0,0,0,5.41
M00046,C02828,Social,New Arrival,2025-04-12,1,1,0,0,7.61
M00047,C01407,Social,Win Back,2025-12-07,1,1,0,0,6.35
M00048,C03463,Social,Festive Sale,2025-07-08,1,0,0,0,4.03
M00049,C01818,Push,Festive Sale,2025-05-02,1,0,0,0,6.41
M00050,C00094,Push,Win Back,2025-11-27,1,0,0,0,0.76
M00051,C02631,Email,Clearance,2025-04-12,1,1,0,0,1.66
M00052,C04440,SMS,Loyalty Offer,2025-01-18,1,0,0,0,4.44
M00053,C03289,Social,Loyalty Offer,2025-05-20,1,0,1,0,4.61
M00054,C01634,Push,Clearance,2025-07-20,1,1,0,0,5.9
M00055,C01113,Email,Festive Sale,2025-10-05,1,1,0,0,6.08
M00056,C04531,SMS,New Arrival,2025-03-21,1,0,0,0,2.81
M00057,C02177,Social,Festive Sale,2025-06-20,1,0,0,0,5.18
M00058,C00069,SMS,Weekend Offer,2025-08-15,1,1,0,0,1.21
M00059,C02534,Social,Weekend Offer,2025-01-28,1,1,0,0,4.55
M00060,C01713,SMS,Festive Sale,2025-03-31,1,1,0,0,6.16
M00061,C01109,Social,Loyalty Offer,2025-07-23,1,1,0,0,1.7
M00062,C01608,Email,Win Back,2025-11-05,1,1,0,0,6.35
M00063,C01958,Social,Win Back,2025-12-28,1,0,0,0,7.91
M00064,C03850,Social,Clearance,2025-07-23,1,0,0,0,3.72
M00065,C02971,SMS,Loyalty Offer,2025-07-29,1,0,0,0,6.87
M00066,C00224,Social,New Arrival,2025-05-29,1,0,0,0,1.42
M00067,C04737,Email,Win Back,2025-06-24,1,0,0,0,7.83
M00068,C04275,Push,Festive Sale,2025-06-03,1,0,0,0,5.48
M00069,C02011,Email,New Arrival,2025-12-16,1,0,0,0,1.29
M00070,C04611,Email,Festive Sale,2025-12-26,1,0,0,0,3.16
M00071,C01168,Email,Clearance,2025-08-25,1,1,0,0,5.39
M00072,C02979,Social,Clearance,2025-01-01,1,0,0,0,4.56
M00073,C03641,SMS,Festive Sale,2025-12-05,1,1,1,0,3.56
M00074,C00317,Social,Weekend Offer,2025-04-18,1,1,0,0,3.09
M00075,C00491,SMS,New Arrival,2025-12-08,1,1,1,0,2.62
M00076,C01793,Email,Loyalty Offer,2025-07-07,1,1,0,0,3.04
M00077,C03560,SMS,New Arrival,2025-04-19,1,0,0,0,3.55
M00078,C01380,SMS,Loyalty Offer,2025-09-08,1,0,0,0,0.71
M00079,C03345,Email,Festive Sale,2025-08-03,1,0,0,0,5.7
M00080,C00656,SMS,Clearance,2025-02-04,1,0,0,0,1.86
M00081,C02954,Email,New Arrival,2025-06-18,1,0,0,0,3.38
M00082,C02208,Social,Weekend Offer,2025-08-21,1,0,0,0,0.67
M00083,C01627,Email,Loyalty Offer,2025-02-22,1,1,0,0,2.92
M00084,C02771,Push,New Arrival,2025-11-12,1,1,0,0,5.47
M00085,C02938,Email,New Arrival,2025-08-22,1,1,0,0,7.77
M00086,C01486,Push,Win Back,2025-05-08,1,0,0,0,2.34
M00087,C01058,Push,Loyalty Offer,2025-07-08,1,0,0,0,2.43
M00088,C01676,Email,New Arrival,2025-12-13,1,0,0,0,6.78
M00089,C02287,Push,Festive Sale,2025-06-18,1,1,0,0,6.9
M00090,C00237,Email,Loyalty Offer,2025-11-26,1,0,0,0,6.94
M00091,C01491,SMS,Clearance,2025-05-09,1,1,0,0,1.9
M00092,C00214,Email,Festive Sale,2025-06-15,1,1,0,0,5.19
M00093,C04762,SMS,Clearance,2025-02-23,1,0,0,0,4.67
M00094,C00546,Social,New Arrival,2025-04-19,1,0,0,0,6.75
M00095,C01449,Email,Clearance,2025-10-23,1,1,0,0,6.31
M00096,C00584,Push,New Arrival,2025-01-08,1,1,1,0,6.2
M00097,C00702,Email,Festive Sale,2025-11-17,1,0,0,0,1.8
M00098,C00688,Email,New Arrival,2025-07-01,1,0,0,0,1.48
M00099,C04642,Social,Clearance,2025-04-27,1,1,1,0,3.55
M00100,C01295,Social,New Arrival,2025-03-11,1,1,1,1,7.24
M00101,C01668,SMS,Clearance,2025-06-27,1,0,0,0,7.8
M00102,C03942,Push,Festive Sale,2025-02-01,1,0,0,0,2.48
M00103,C03157,SMS,Clearance,2025-02-17,1,0,0,0,3.49
M00104,C00239,Email,Festive Sale,2025-07-19,1,0,0,0,5.32
M00105,C02542,Email,Loyalty Offer,2025-12-29,1,0,0,0,2.87
M00106,C04579,Social,Festive Sale,2025-02-07,1,0,0,0,0.62
M00107,C03552,SMS,Loyalty Offer,2025-11-22,1,1,1,0,3.74
M00108,C03581,Email,New Arrival,2025-06-12,1,0,0,0,4.9
M00109,C04621,Email,Win Back,2025-11-15,1,0,1,0,7.11
M00110,C03901,Push,Festive Sale,2025-10-26,1,1,0,0,6.02
M00111,C01850,Email,New Arrival,2025-07-22,1,1,1,1,3.1
M00112,C03465,Email,Loyalty Offer,2025-02-12,1,0,0,0,6.02
M00113,C04094,Email,Clearance,2025-10-18,1,1,0,0,3.17
M00114,C00840,Social,Clearance,2025-01-28,1,1,1,0,0.56
M00115,C00536,Social,Festive Sale,2025-06-19,1,1,0,0,2.38
M00116,C03946,Email,New Arrival,2025-08-25,1,0,1,1,4.28
M00117,C03505,Social,Weekend Offer,2025-01-06,1,0,0,0,5.91
M00118,C03471,SMS,Weekend Offer,2025-08-10,1,0,0,0,2.95
M00119,C00307,Email,Festive Sale,2025-05-24,1,1,1,0,7.85
M00120,C03303,Email,New Arrival,2025-01-25,1,0,0,0,7.64
M00121,C04608,SMS,Loyalty Offer,2025-11-17,1,0,0,0,1.34
M00122,C03972,SMS,New Arrival,2025-04-24,1,0,0,0,1.75
M00123,C03871,Email,Win Back,2025-10-06,1,1,1,0,1.33
M00124,C02175,Push,Win Back,2025-07-03,1,0,0,0,1.48
M00125,C02804,Push,Festive Sale,2025-08-14,1,1,0,0,3.78
M00126,C01504,Social,Win Back,2025-12-10,1,1,0,0,5.21
M00127,C02762,Push,Win Back,2025-09-04,1,0,0,0,4.85
M00128,C00860,Email,Weekend Offer,2025-12-18,1,0,0,0,3.71
M00129,C00885,Social,Clearance,2025-09-08,1,0,0,0,5.49
M00130,C00038,SMS,New Arrival,2025-08-22,1,1,1,1,5.28
M00131,C00465,Social,New Arrival,2025-05-10,1,0,0,0,0.71
M00132,C00296,SMS,Loyalty Offer,2025-10-17,1,0,0,0,5.85
M00133,C03292,Push,Clearance,2025-04-22,1,0,1,0,3.93
M00134,C02218,Email,Weekend Offer,2025-10-22,1,0,0,0,3.19
M00135,C04395,Push,Win Back,2025-04-01,1,0,0,0,5.45
M00136,C00822,SMS,Win Back,2025-11-14,1,0,1,0,0.55
M00137,C02153,Email,Loyalty Offer,2025-01-08,1,1,1,0,6.75
M00138,C04534,Social,Festive Sale,2025-12-08,1,1,1,0,6.94
M00139,C00159,SMS,Win Back,2025-10-28,1,0,0,0,5.69
M00140,C04978,Social,Festive Sale,2025-12-22,1,1,0,0,0.71
M00141,C01939,Email,Clearance,2025-02-01,1,1,0,0,3.18
M00142,C01778,SMS,Weekend Offer,2025-10-29,1,1,0,0,7.11
M00143,C02736,Email,Clearance,2025-12-18,1,1,0,0,3.73
M00144,C02939,Social,New Arrival,2025-11-27,1,0,0,0,3.4
M00145,C03518,SMS,Clearance,2025-11-27,1,1,1,1,6.92
M00146,C02001,SMS,New Arrival,2025-04-01,1,0,0,1,1.05
M00147,C04531,SMS,Festive Sale,2025-05-20,1,0,0,0,7.7
M00148,C02443,SMS,Loyalty Offer,2025-10-10,1,1,0,0,3.78
M00149,C03190,Email,New Arrival,2025-08-19,1,0,0,0,5.27
M00150,C01941,Email,Clearance,2025-01-01,1,0,0,0,5.14
M00151,C01826,Social,Clearance,2025-07-28,1,0,0,0,0.85
M00152,C00329,Email,Weekend Offer,2025-10-16,1,0,1,1,4.3
M00153,C00585,SMS,Weekend Offer,2025-06-18,1,1,0,0,3.5
M00154,C02593,SMS,Weekend Offer,2025-03-03,1,0,0,0,0.54
M00155,C03521,Push,Festive Sale,2025-03-27,1,1,0,0,0.63
M00156,C04452,SMS,Clearance,2025-02-21,1,1,0,0,7.2
M00157,C01450,Social,Loyalty Offer,2025-03-20,1,0,0,0,5.28
M00158,C02058,Email,Clearance,2025-03-10,1,0,1,0,1.2
M00159,C01327,Social,Win Back,2025-04-02,1,1,0,0,1.55
M00160,C00732,Email,New Arrival,2025-06-24,1,0,0,0,3.22
M00161,C00358,Email,Clearance,2025-11-26,1,0,0,0,7.13
M00162,C03540,Email,Win Back,2025-09-24,1,0,0,0,3.29
M00163,C02766,Social,New Arrival,2025-03-19,1,0,0,0,5.84
M00164,C03482,Push,Festive Sale,2025-04-01,1,1,1,0,6.83
M00165,C00428,SMS,Win Back,2025-02-19,1,0,0,0,4.88
M00166,C01005,Email,Weekend Offer,2025-10-09,1,1,0,0,3.6
M00167,C00557,Email,Win Back,2025-11-21,1,1,0,0,5.6
M00168,C04688,Push,Festive Sale,2025-01-04,1,1,0,0,7.37
M00169,C03500,Push,Loyalty Offer,2025-09-06,1,0,0,0,4.82
M00170,C04250,Social,Festive Sale,2025-07-23,1,0,0,0,5.88
M00171,C01906,Email,Weekend Offer,2025-06-17,1,0,0,0,2.94
M00172,C02447,SMS,Clearance,2025-07-07,1,1,0,0,6.9
M00173,C02759,Push,New Arrival,2025-05-07,1,0,0,0,7.06
M00174,C00202,Push,Win Back,2025-10-26,1,1,1,0,0.88
M00175,C01825,Email,Clearance,2025-11-17,1,0,1,1,5.06
M00176,C02922,Email,New Arrival,2025-06-13,1,0,0,0,4.66
M00177,C02305,Email,Clearance,2025-08-22,1,1,0,0,2.13
M00178,C01587,SMS,New Arrival,2025-06-09,1,1,0,0,7.72
M00179,C04502,Email,Weekend Offer,2025-11-17,1,0,0,0,0.67
M00180,C02346,Email,Loyalty Offer,2025-09-13,1,0,0,0,7.58
M00181,C04615,Email,New Arrival,2025-04-26,1,0,0,0,7.14
M00182,C02794,Email,Loyalty Offer,2025-03-19,1,0,0,1,7.57
M00183,C04679,Email,Clearance,2025-03-25,1,1,0,0,6.7
M00184,C02329,SMS,Weekend Offer,2025-02-22,1,0,0,0,7.37
M00185,C04685,Email,Festive Sale,2025-11-04,1,1,0,0,6.3
M00186,C04958,Email,Weekend Offer,2025-05-24,1,0,0,0,7.96
M00187,C03306,Social,Weekend Offer,2025-05-10,1,1,0,0,7.15
M00188,C02853,Social,Weekend Offer,2025-11-26,1,1,0,0,7.9
M00189,C04167,Email,Festive Sale,2025-05-31,1,0,0,0,5.12
M00190,C01620,Social,Weekend Offer,2025-03-12,1,0,0,0,1.41
M00191,C03357,Social,Clearance,2025-01-30,1,0,0,0,1.01
M00192,C01427,Email,Win Back,2025-01-14,1,1,0,0,5.42
M00193,C02276,SMS,Loyalty Offer,2025-10-01,1,1,0,0,6.65
M00194,C02771,Social,Clearance,2025-09-03,1,0,0,0,3.44
M00195,C04207,Push,Win Back,2025-09-26,1,0,0,0,7.91
M00196,C02245,Push,Weekend Offer,2025-01-13,1,1,0,0,5.29
M00197,C02771,SMS,Weekend Offer,2025-05-01,1,0,0,0,6.56
M00198,C00708,Email,Loyalty Offer,2025-04-03,1,1,0,0,7.23
M00199,C04973,Social,New Arrival,2025-06-12,1,0,0,0,2.45
M00200,C03418,SMS,Win Back,2025-06-21,1,1,0,0,5.23
M00201,C01116,Email,Weekend Offer,2025-06-18,1,1,0,0,7.24
M00202,C00302,SMS,Weekend Offer,2025-06-13,1,1,0,0,3.73
M00203,C04829,Push,Win Back,2025-05-31,1,1,0,0,5.68
M00204,C03480,Email,Weekend Offer,2025-02-08,1,0,0,0,7.26
M00205,C03924,Social,Weekend Offer,2025-03-22,1,1,1,0,3.59
M00206,C02182,Email,Loyalty Offer,2025-05-12,1,0,0,0,5.62
M00207,C03586,Email,Clearance,2025-04-05,1,0,0,0,6.23
M00208,C02191,Email,Weekend Offer,2025-06-18,1,0,1,0,6.24
M00209,C02320,Email,New Arrival,2025-09-04,1,0,0,0,6.68
M00210,C01645,Push,Win Back,2025-05-10,1,0,0,0,1.64
M00211,C01321,Social,Win Back,2025-01-12,1,1,1,0,3.31
M00212,C03448,Social,Loyalty Offer,2025-10-02,1,1,0,0,1.74
M00213,C03218,Email,Festive Sale,2025-01-18,1,1,0,0,5.8
M00214,C03860,Push,Weekend Offer,2025-03-06,1,1,1,1,3.6
M00215,C00393,Social,Clearance,2025-11-16,1,1,0,0,4.7
M00216,C00685,Push,Festive Sale,2025-11-03,1,0,1,0,1.08
M00217,C00273,Email,New Arrival,2025-06-21,1,0,0,0,5.37
M00218,C02675,Email,Weekend Offer,2025-10-10,1,0,0,0,2.43
M00219,C01083,Email,Clearance,2025-04-22,1,1,0,0,7.14
M00220,C04241,Social,New Arrival,2025-07-23,1,0,0,0,0.76
M00221,C03162,Email,Weekend Offer,2025-04-20,1,1,0,0,0.68
M00222,C00914,Email,Weekend Offer,2025-05-26,1,1,0,0,5.88
M00223,C04396,SMS,Win Back,2025-03-12,1,1,0,0,7.9
M00224,C01687,SMS,New Arrival,2025-10-03,1,0,0,0,6.22
M00225,C01293,Push,Weekend Offer,2025-09-08,1,0,0,0,7.17
M00226,C03010,SMS,Clearance,2025-03-12,1,1,1,1,0.66
M00227,C01278,Push,Loyalty Offer,2025-01-25,1,0,0,0,6.96
M00228,C01713,SMS,Weekend Offer,2025-05-08,1,1,1,0,0.64
M00229,C02173,SMS,Loyalty Offer,2025-04-03,1,0,0,0,6.22
M00230,C03562,Email,Loyalty Offer,2025-07-03,1,0,0,0,1.85
M00231,C02307,Email,Loyalty Offer,2025-07-31,1,1,0,0,7.26
M00232,C00007,SMS,Festive Sale,2025-09-23,1,0,0,0,7.95
M00233,C02748,SMS,Win Back,2025-09-14,1,0,0,0,7.11
M00234,C00117,Email,Festive Sale,2025-07-26,1,0,0,0,7.8
M00235,C02583,Email,Clearance,2025-06-17,1,1,0,0,6.22
M00236,C00772,Email,Weekend Offer,2025-08-08,1,0,0,0,0.97
M00237,C00655,Email,Festive Sale,2025-04-13,1,1,1,0,6.34
M00238,C01470,SMS,Festive Sale,2025-01-02,1,0,0,0,1.38
M00239,C04200,Social,Loyalty Offer,2025-10-05,1,0,0,0,7.92
M00240,C02341,SMS,New Arrival,2025-12-30,1,1,1,0,5.0
M00241,C03710,Email,Win Back,2025-02-10,1,1,0,0,4.89
M00242,C01547,Email,Win Back,2025-06-12,1,1,0,0,3.86
M00243,C02340,Email,Win Back,2025-09-16,1,0,0,0,0.65
M00244,C04998,Social,Weekend Offer,2025-02-10,1,0,0,0,2.89
M00245,C02270,Social,Weekend Offer,2025-07-12,1,0,0,0,1.65
M00246,C02183,Social,Festive Sale,2025-07-06,1,0,0,0,2.76
M00247,C01416,SMS,Weekend Offer,2025-12-25,1,1,1,0,2.22
M00248,C00952,Social,Weekend Offer,2025-05-30,1,0,0,0,7.12
M00249,C03080,Social,Festive Sale,2025-10-23,1,1,0,0,0.8
M00250,C00932,Email,Weekend Offer,2025-06-03,1,1,0,0,3.32
M00251,C02143,Social,Weekend Offer,2025-01-06,1,1,0,0,5.9
M00252,C00346,Social,Festive Sale,2025-01-24,1,0,0,0,5.78
M00253,C02623,Social,New Arrival,2025-10-02,1,0,0,0,6.49
M00254,C04357,Push,New Arrival,2025-03-12,1,1,1,1,0.73
M00255,C03059,Email,Festive Sale,2025-06-15,1,0,0,0,5.43
M00256,C04557,Social,New Arrival,2025-07-30,1,1,0,0,4.74
M00257,C01874,SMS,Weekend Offer,2025-12-31,1,1,0,0,7.05
M00258,C02601,Email,Weekend Offer,2025-03-01,1,1,0,0,3.24
M00259,C00554,SMS,Loyalty Offer,2025-09-25,1,0,0,0,2.68
M00260,C02763,Email,Win Back,2025-08-20,1,0,0,0,4.84
M00261,C03436,Social,Clearance,2025-03-20,1,1,0,0,2.37
M00262,C04358,Push,Win Back,2025-04-20,1,1,1,0,3.98
M00263,C02202,Social,Win Back,2025-07-29,1,1,0,0,6.8
M00264,C03179,SMS,Win Back,2025-09-30,1,0,0,0,1.38
M00265,C03696,SMS,Clearance,2025-07-26,1,0,0,0,4.12
M00266,C00946,Push,Clearance,2025-02-07,1,0,0,0,2.08
M00267,C04225,Email,Win Back,2025-02-26,1,0,0,0,3.08
M00268,C04357,Email,Weekend Offer,2025-06-17,1,1,1,0,5.36
M00269,C02743,Push,Loyalty Offer,2025-04-30,1,0,1,0,2.42
M00270,C02541,Email,Loyalty Offer,2025-08-10,1,1,0,0,3.8
M00271,C00584,Email,Clearance,2025-12-07,1,0,0,0,4.06
M00272,C00675,Push,Loyalty Offer,2025-06-07,1,1,0,0,6.56
M00273,C02325,Social,Weekend Offer,2025-08-29,1,0,0,0,7.68
M00274,C01740,SMS,Weekend Offer,2025-11-01,1,0,0,0,5.64
M00275,C02501,Email,Festive Sale,2025-09-04,1,1,1,0,0.51
M00276,C00295,Email,Loyalty Offer,2025-03-02,1,1,1,0,6.49
M00277,C00062,SMS,New Arrival,2025-12-09,1,1,1,1,7.35
M00278,C02545,Push,Festive Sale,2025-05-15,1,0,0,0,7.17
M00279,C03270,Email,Festive Sale,2025-07-28,1,0,0,0,2.24
M00280,C03783,Social,New Arrival,2025-06-04,1,0,0,0,7.13
M00281,C04328,Push,New Arrival,2025-02-09,1,1,0,0,4.54
M00282,C03322,Social,Loyalty Offer,2025-02-05,1,1,1,1,5.15
M00283,C01387,SMS,Win Back,2025-12-08,1,0,0,0,5.13
M00284,C01279,Social,Loyalty Offer,2025-12-24,1,0,0,0,5.89
M00285,C02304,SMS,Win Back,2025-02-15,1,0,0,0,0.63
M00286,C01953,Social,Weekend Offer,2025-06-13,1,0,0,0,3.65
M00287,C01004,SMS,Clearance,2025-09-20,1,0,0,0,1.32
M00288,C00167,Email,Weekend Offer,2025-10-15,1,0,0,0,3.44
M00289,C04230,Social,Clearance,2025-04-29,1,0,0,0,6.49
M00290,C00843,Email,Loyalty Offer,2025-08-22,1,0,0,0,6.06
M00291,C03691,Email,Festive Sale,2025-07-04,1,0,1,0,3.36
M00292,C02556,Email,Win Back,2025-06-15,1,0,0,0,7.37
M00293,C00825,Email,Clearance,2025-03-22,1,0,0,0,7.64
M00294,C00886,SMS,Clearance,2025-07-14,1,1,1,0,0.95
M00295,C02602,Email,Win Back,2025-01-10,1,1,0,0,2.14
M00296,C03926,Email,New Arrival,2025-08-18,1,0,0,0,3.93
M00297,C04198,Social,Weekend Offer,2025-07-22,1,0,1,0,1.62
M00298,C01074,Email,Win Back,2025-01-19,1,0,0,0,2.87
M00299,C00476,Email,Loyalty Offer,2025-09-14,1,1,1,0,4.67
M00300,C00109,Email,Loyalty Offer,2025-11-29,1,0,0,0,3.01
M00301,C04722,Email,Win Back,2025-12-27,1,0,0,0,1.11
M00302,C04140,Email,Clearance,2025-06-08,1,0,0,0,2.91
M00303,C04873,Email,Festive Sale,2025-01-16,1,1,0,0,6.58
M00304,C01169,Social,New Arrival,2025-04-24,1,1,0,0,0.56
M00305,C04516,Social,Loyalty Offer,2025-12-08,1,0,0,0,6.51
M00306,C04043,SMS,New Arrival,2025-04-30,1,0,0,0,4.91
M00307,C01169,Email,Festive Sale,2025-04-02,1,0,0,0,2.65
M00308,C04304,Push,New Arrival,2025-03-25,1,1,0,0,3.24
M00309,C04018,Push,New Arrival,2025-12-14,1,1,0,0,0.99
M00310,C00503,Email,Festive Sale,2025-09-19,1,0,0,0,7.09
M00311,C03635,Email,Weekend Offer,2025-10-07,1,0,0,0,6.22
M00312,C02062,SMS,Festive Sale,2025-08-03,1,0,0,0,4.07
M00313,C03717,SMS,Loyalty Offer,2025-05-16,1,0,0,0,3.93
M00314,C00650,SMS,New Arrival,2025-09-18,1,1,1,0,0.62
M00315,C04901,Social,Loyalty Offer,2025-11-28,1,1,1,0,7.77
M00316,C00508,Social,Clearance,2025-11-23,1,0,0,0,6.14
M00317,C00353,Push,Clearance,2025-12-07,1,1,0,0,1.3
M00318,C04756,Email,New Arrival,2025-06-27,1,0,0,0,7.65
M00319,C01959,Email,Loyalty Offer,2025-05-24,1,0,0,0,4.24
M00320,C02068,Email,Weekend Offer,2025-04-16,1,0,0,0,4.74
M00321,C01534,Social,Win Back,2025-12-28,1,0,0,0,3.35
M00322,C00440,SMS,Clearance,2025-07-03,1,1,0,0,5.67
M00323,C01888,SMS,Win Back,2025-06-10,1,0,0,0,2.05
M00324,C01395,Email,New Arrival,2025-04-19,1,0,0,0,5.5
M00325,C00738,Push,Win Back,2025-01-30,1,1,1,1,1.4
M00326,C01345,Email,New Arrival,2025-10-13,1,0,0,0,6.69
M00327,C02393,SMS,Clearance,2025-04-17,1,1,0,0,6.11
M00328,C00975,Push,Weekend Offer,2025-12-04,1,0,0,0,0.68
M00329,C01686,Push,Festive Sale,2025-02-26,1,1,0,0,3.39
M00330,C02791,Social,Loyalty Offer,2025-09-05,1,0,0,0,3.94
M00331,C04637,SMS,Weekend Offer,2025-04-05,1,1,0,0,2.03
M00332,C02354,Social,New Arrival,2025-03-27,1,0,0,0,7.87
M00333,C02823,Social,Loyalty Offer,2025-09-18,1,1,0,1,0.81
M00334,C02690,Email,Weekend Offer,2025-08-05,1,0,0,0,2.9
M00335,C00536,Push,Clearance,2025-11-15,1,0,0,0,5.11
M00336,C02719,Push,Loyalty Offer,2025-09-15,1,1,0,0,4.85
M00337,C03071,Social,Festive Sale,2025-09-27,1,0,0,0,1.98
M00338,C02444,Push,Festive Sale,2025-10-29,1,0,0,0,2.8
M00339,C03254,Social,Weekend Offer,2025-01-06,1,0,0,0,2.17
M00340,C03683,Email,Win Back,2025-02-17,1,0,0,0,0.88
M00341,C02544,Email,Win Back,2025-07-06,1,0,0,0,1.27
M00342,C00682,SMS,Win Back,2025-12-13,1,0,0,0,5.19
M00343,C02656,Email,Weekend Offer,2025-10-04,1,0,0,0,7.88
M00344,C00272,Social,Loyalty Offer,2025-08-10,1,0,0,0,6.95
M00345,C04273,Email,New Arrival,2025-03-17,1,0,0,0,5.09
M00346,C01068,Email,Loyalty Offer,2025-03-31,1,0,0,0,0.54
M00347,C03903,Email,Weekend Offer,2025-09-22,1,0,0,0,7.4
M00348,C00050,Email,New Arrival,2025-06-15,1,0,0,0,6.85
M00349,C04343,Social,Loyalty Offer,2025-09-29,1,0,0,0,3.5
M00350,C00199,SMS,Festive Sale,2025-07-29,1,0,0,0,4.03
M00351,C03853,Social,Weekend Offer,2025-05-10,1,0,0,0,4.45
M00352,C00150,Social,Clearance,2025-10-21,1,0,0,0,5.46
M00353,C03690,Email,Clearance,2025-03-25,1,0,0,0,7.44
M00354,C01994,SMS,Loyalty Offer,2025-11-03,1,0,0,0,0.68
M00355,C03774,Social,Loyalty Offer,2025-12-05,1,1,1,1,6.04
M00356,C01933,Push,Festive Sale,2025-03-09,1,0,0,0,1.93
M00357,C00896,Social,Win Back,2025-04-15,1,0,0,0,0.8
M00358,C04859,Social,Win Back,2025-09-29,1,0,0,0,5.17
M00359,C00054,Push,Loyalty Offer,2025-12-18,1,1,1,0,0.73
M00360,C03555,Social,Festive Sale,2025-05-10,1,0,0,0,0.91
M00361,C04552,Push,Weekend Offer,2025-10-03,1,1,0,0,0.5
M00362,C01428,Social,Weekend Offer,2025-10-12,1,1,0,0,5.64
M00363,C00506,Social,Win Back,2025-02-10,1,0,0,0,0.84
M00364,C01584,Email,Loyalty Offer,2025-07-24,1,0,0,0,3.93
M00365,C01246,Email,Clearance,2025-05-09,1,1,0,0,1.6
M00366,C04679,Email,Loyalty Offer,2025-07-26,1,0,0,0,0.89
M00367,C00622,Email,Festive Sale,2025-09-26,1,0,0,0,3.0
M00368,C00424,SMS,Loyalty Offer,2025-01-29,1,0,0,0,3.59
M00369,C03868,Email,New Arrival,2025-11-02,1,1,0,0,1.25
M00370,C04666,Social,Loyalty Offer,2025-11-12,1,0,0,0,5.78
M00371,C04865,Email,Win Back,2025-04-20,1,1,1,1,4.74
M00372,C04807,Social,Festive Sale,2025-04-17,1,1,0,0,3.19
M00373,C03631,Email,Win Back,2025-07-01,1,0,0,0,5.75
M00374,C04320,Email,Festive Sale,2025-03-01,1,0,0,0,2.04
M00375,C02729,Email,New Arrival,2025-10-29,1,1,1,1,1.5
M00376,C01816,Email,Weekend Offer,2025-08-19,1,1,0,0,3.55
M00377,C04307,SMS,Clearance,2025-01-09,1,0,0,0,2.81
M00378,C01977,SMS,Festive Sale,2025-03-19,1,0,0,0,4.05
M00379,C01670,Email,Win Back,2025-08-16,1,0,0,0,2.95
M00380,C03098,Email,Weekend Offer,2025-12-03,1,1,1,1,4.33
M00381,C01639,Email,Weekend Offer,2025-10-03,1,0,0,0,0.87
M00382,C04810,Email,New Arrival,2025-10-06,1,1,1,1,7.14
M00383,C03054,Email,Festive Sale,2025-09-08,1,1,0,0,0.62
M00384,C01861,Email,Weekend Offer,2025-07-04,1,1,0,0,7.5
M00385,C02571,SMS,New Arrival,2025-08-22,1,0,0,0,2.83
M00386,C02737,SMS,Weekend Offer,2025-10-23,1,0,0,0,5.13
M00387,C04126,SMS,Win Back,2025-02-06,1,0,0,0,4.11
M00388,C03273,SMS,Festive Sale,2025-11-14,1,1,0,0,6.87
M00389,C00495,Social,Win Back,2025-01-19,1,1,0,0,2.4
M00390,C01506,Push,Clearance,2025-09-06,1,0,0,0,1.84
M00391,C04260,SMS,New Arrival,2025-12-15,1,1,0,0,3.41
M00392,C03777,Email,Weekend Offer,2025-02-23,1,0,0,0,6.67
M00393,C03028,Social,Festive Sale,2025-09-06,1,0,0,0,1.86
M00394,C02643,Email,Loyalty Offer,2025-11-24,1,0,0,0,4.66
M00395,C04042,Push,Clearance,2025-05-30,1,0,0,0,2.05
M00396,C02583,Social,Clearance,2025-06-04,1,1,1,0,2.57
M00397,C01369,Email,Loyalty Offer,2025-07-29,1,0,0,0,4.82
M00398,C00087,SMS,Festive Sale,2025-04-06,1,0,0,0,7.31
M00399,C02118,Push,Loyalty Offer,2025-05-14,1,1,0,0,3.97
M00400,C02106,Social,Win Back,2025-01-08,1,1,0,0,7.24
M00401,C00336,Push,Win Back,2025-05-21,1,0,0,0,2.92
M00402,C01901,SMS,Festive Sale,2025-04-09,1,0,0,0,4.36
M00403,C04363,Push,Win Back,2025-01-01,1,0,0,0,6.26
M00404,C04137,Email,Festive Sale,2025-07-02,1,1,0,0,7.71
M00405,C02699,Push,Festive Sale,2025-09-26,1,1,0,1,5.87
M00406,C01340,SMS,New Arrival,2025-07-24,1,1,1,0,1.55
M00407,C01729,SMS,Weekend Offer,2025-09-03,1,1,1,1,7.89
M00408,C00377,Push,Festive Sale,2025-07-24,1,1,0,0,5.55
M00409,C04080,Push,Weekend Offer,2025-11-10,1,0,0,0,2.07
M00410,C00445,Push,Clearance,2025-01-03,1,0,0,0,7.0
M00411,C00443,Social,Win Back,2025-10-03,1,1,0,0,7.07
M00412,C00684,Email,Win Back,2025-07-07,1,0,0,0,1.72
M00413,C01420,SMS,Weekend Offer,2025-08-14,1,0,0,0,4.96
M00414,C01984,Email,New Arrival,2025-02-12,1,0,0,0,2.37
M00415,C03241,Email,New Arrival,2025-01-16,1,0,0,0,6.18
M00416,C01705,Email,Loyalty Offer,2025-06-07,1,1,1,0,5.94
M00417,C04231,Push,New Arrival,2025-01-29,1,0,0,0,2.06
M00418,C02820,SMS,Weekend Offer,2025-09-13,1,1,0,0,5.33
M00419,C03936,SMS,Win Back,2025-10-13,1,0,0,0,4.21
M00420,C01066,Email,Clearance,2025-12-02,1,1,1,1,0.75
M00421,C01254,Push,Win Back,2025-03-28,1,1,1,1,2.25
M00422,C00508,SMS,Win Back,2025-06-15,1,0,0,0,3.78
M00423,C02822,Email,New Arrival,2025-11-11,1,0,0,0,7.03
M00424,C00351,Social,Loyalty Offer,2025-07-15,1,1,0,0,2.15
M00425,C02964,Push,Loyalty Offer,2025-01-27,1,0,0,0,0.84
M00426,C04358,Email,Win Back,2025-04-11,1,0,0,0,0.93
M00427,C04230,Email,Win Back,2025-02-10,1,0,0,0,7.71
M00428,C00930,Email,Loyalty Offer,2025-09-09,1,0,1,0,3.41
M00429,C01899,Social,New Arrival,2025-08-05,1,1,0,0,6.93
M00430,C02118,Email,Weekend Offer,2025-10-14,1,1,0,0,6.25
M00431,C02381,Email,Weekend Offer,2025-11-06,1,0,0,0,6.26
M00432,C04486,Push,Loyalty Offer,2025-01-27,1,0,1,0,1.2
M00433,C02142,SMS,Clearance,2025-02-17,1,0,0,0,0.83
M00434,C01228,SMS,New Arrival,2025-08-07,1,0,0,0,7.79
M00435,C02991,Social,Loyalty Offer,2025-12-09,1,1,0,0,6.49
M00436,C01720,Social,Weekend Offer,2025-04-16,1,1,0,0,1.16
M00437,C02657,Email,Weekend Offer,2025-09-29,1,0,0,0,6.5
M00438,C01542,SMS,New Arrival,2025-12-23,1,0,0,0,6.62
M00439,C03600,Social,Win Back,2025-09-29,1,0,0,0,1.22
M00440,C02443,Email,Win Back,2025-09-27,1,0,0,0,6.88
M00441,C00238,Social,New Arrival,2025-04-14,1,1,0,0,6.21
M00442,C02199,Email,Win Back,2025-02-24,1,0,0,0,6.68
M00443,C04057,Email,Clearance,2025-04-29,1,0,0,0,3.3
M00444,C04674,Email,Win Back,2025-01-05,1,1,0,0,2.85
M00445,C04042,Push,Loyalty Offer,2025-05-30,1,0,0,0,6.7
M00446,C01469,Social,Weekend Offer,2025-08-25,1,1,1,0,0.61
M00447,C02951,SMS,New Arrival,2025-09-12,1,1,0,0,3.57
M00448,C01966,Email,Weekend Offer,2025-08-28,1,1,0,0,2.26
M00449,C03591,Push,New Arrival,2025-09-01,1,0,0,0,7.19
M00450,C00300,SMS,Weekend Offer,2025-08-29,1,0,0,0,7.74
M00451,C02889,Push,New Arrival,2025-09-01,1,1,1,0,4.33
M00452,C00532,SMS,New Arrival,2025-07-28,1,0,0,0,3.27
M00453,C01195,Email,Festive Sale,2025-08-28,1,1,0,0,6.66
M00454,C00277,SMS,Clearance,2025-06-30,1,1,1,0,5.59
M00455,C01818,Social,New Arrival,2025-01-23,1,1,0,0,1.32
M00456,C00930,Social,Win Back,2025-07-06,1,0,0,0,5.56
M00457,C01510,Social,Festive Sale,2025-03-19,1,1,0,0,3.37
M00458,C02632,Email,Win Back,2025-09-02,1,0,0,0,6.34
M00459,C00663,Email,Clearance,2025-05-15,1,1,1,1,5.75
M00460,C03770,Email,New Arrival,2025-09-25,1,1,0,0,1.56
M00461,C00539,Social,Loyalty Offer,2025-02-18,1,0,0,0,4.1
M00462,C02493,SMS,Weekend Offer,2025-06-25,1,0,0,0,3.39
M00463,C01925,Push,Festive Sale,2025-06-08,1,0,0,0,5.13
M00464,C04271,Email,Clearance,2025-06-12,1,1,1,0,1.89
M00465,C00918,Email,Win Back,2025-06-08,1,1,0,0,5.36
M00466,C02753,Email,New Arrival,2025-02-19,1,1,0,0,1.12
M00467,C00614,Social,Weekend Offer,2025-02-08,1,1,1,0,3.59
M00468,C02668,Social,Weekend Offer,2025-05-23,1,0,0,0,5.62
M00469,C04779,Email,Loyalty Offer,2025-07-30,1,0,1,1,6.43
M00470,C00094,Email,Festive Sale,2025-05-24,1,0,0,0,2.11
M00471,C00792,SMS,Weekend Offer,2025-08-06,1,1,0,0,6.35
M00472,C03389,Social,Clearance,2025-09-15,1,1,0,0,6.45
M00473,C03354,Email,Win Back,2025-08-19,1,1,1,0,0.8
M00474,C00185,Email,Win Back,2025-03-05,1,0,0,0,5.22
M00475,C02345,SMS,Festive Sale,2025-03-27,1,0,0,0,1.88
M00476,C03176,Social,Festive Sale,2025-05-27,1,0,0,1,7.96
M00477,C03762,SMS,Clearance,2025-12-30,1,1,1,0,6.78
M00478,C00850,Email,New Arrival,2025-10-23,1,1,0,0,2.25
M00479,C00566,Email,Loyalty Offer,2025-06-27,1,1,1,1,1.21
M00480,C04279,Push,New Arrival,2025-10-01,1,0,0,0,6.61
M00481,C01961,Push,Weekend Offer,2025-04-13,1,0,0,0,6.98
M00482,C00409,Email,Clearance,2025-02-09,1,0,0,0,4.35
M00483,C04849,Email,Weekend Offer,2025-12-10,1,0,0,0,4.38
M00484,C03520,SMS,Weekend Offer,2025-10-27,1,1,0,0,6.59
M00485,C02591,Social,Clearance,2025-10-19,1,1,1,1,6.71
M00486,C02242,Social,Win Back,2025-03-28,1,1,1,0,4.36
M00487,C01956,Social,New Arrival,2025-04-02,1,1,0,0,2.64
M00488,C03131,Email,New Arrival,2025-05-06,1,0,0,0,5.54
M00489,C00918,Email,New Arrival,2025-02-22,1,1,0,0,6.57
M00490,C00031,Push,Loyalty Offer,2025-05-31,1,0,0,0,3.11
M00491,C02534,Push,Clearance,2025-03-10,1,0,0,1,3.64
M00492,C04337,Social,Weekend Offer,2025-07-28,1,0,0,0,1.63
M00493,C04641,Social,Win Back,2025-08-08,1,0,0,0,4.3
M00494,C01327,SMS,Weekend Offer,2025-07-15,1,1,1,0,5.26
M00495,C02384,Email,Win Back,2025-02-08,1,1,0,0,7.63
M00496,C01825,SMS,Win Back,2025-03-13,1,0,0,0,6.72
M00497,C02364,Social,Weekend Offer,2025-01-26,1,0,0,0,4.69
M00498,C04372,SMS,Festive Sale,2025-04-13,1,0,0,0,4.6
M00499,C03425,Email,Weekend Offer,2025-05-30,1,0,0,0,7.77
M00500,C04025,Email,Weekend Offer,2025-02-26,1,0,0,0,1.59
M00501,C01651,Email,Win Back,2025-01-27,1,0,0,0,3.71
M00502,C01012,Email,New Arrival,2025-08-29,1,0,0,0,1.92
M00503,C01186,Email,Loyalty Offer,2025-08-05,1,1,1,0,1.74
M00504,C00859,Email,Weekend Offer,2025-05-22,1,0,1,0,1.16
M00505,C02025,Email,Festive Sale,2025-04-25,1,0,0,0,5.56
M00506,C02751,SMS,Clearance,2025-09-14,1,1,1,0,4.17
M00507,C01119,Email,Loyalty Offer,2025-03-25,1,0,0,0,1.92
M00508,C01663,Push,Clearance,2025-09-17,1,1,0,0,2.66
M00509,C03722,Email,Clearance,2025-08-11,1,0,0,0,7.86
M00510,C04984,Email,Weekend Offer,2025-05-31,1,0,0,0,6.51
M00511,C04914,Social,Loyalty Offer,2025-02-25,1,0,0,0,3.46
M00512,C04027,Email,New Arrival,2025-07-27,1,0,0,0,6.71
M00513,C04078,SMS,Festive Sale,2025-04-18,1,0,0,0,4.29
M00514,C00656,SMS,Loyalty Offer,2025-08-24,1,1,0,0,1.6
M00515,C02333,Push,Clearance,2025-07-16,1,1,0,0,6.51
M00516,C02269,Social,New Arrival,2025-05-26,1,0,0,0,2.19
M00517,C00511,Email,Loyalty Offer,2025-05-21,1,0,0,0,3.8
M00518,C04240,Email,Weekend Offer,2025-04-29,1,0,0,0,2.2
M00519,C04800,Email,Win Back,2025-01-23,1,1,0,0,4.83
M00520,C02750,Push,New Arrival,2025-06-28,1,0,0,0,5.72
M00521,C04843,Push,Win Back,2025-10-04,1,0,0,0,0.98
M00522,C01613,Social,New Arrival,2025-07-12,1,1,0,0,2.52
M00523,C03680,SMS,Festive Sale,2025-08-30,1,0,0,0,5.25
M00524,C04681,Push,Festive Sale,2025-03-22,1,1,1,1,1.24
M00525,C00056,Social,Festive Sale,2025-02-11,1,1,0,0,0.71
M00526,C04259,SMS,Loyalty Offer,2025-12-26,1,0,0,0,3.44
M00527,C00775,SMS,Loyalty Offer,2025-02-11,1,0,0,0,2.84
M00528,C01105,Email,Clearance,2025-05-13,1,1,0,0,7.1
M00529,C03783,Email,Weekend Offer,2025-01-27,1,0,0,0,1.21
M00530,C04826,SMS,Loyalty Offer,2025-06-03,1,1,1,0,1.75
M00531,C03812,Social,Clearance,2025-05-15,1,1,1,0,5.08
M00532,C04995,Push,New Arrival,2025-06-28,1,0,0,0,3.68
M00533,C01806,Social,Festive Sale,2025-10-06,1,0,0,0,5.37
M00534,C00774,Email,Win Back,2025-06-11,1,1,0,0,7.93
M00535,C02576,Social,Loyalty Offer,2025-02-08,1,1,0,0,5.45
M00536,C02917,Social,Festive Sale,2025-07-22,1,1,0,0,3.25
M00537,C00317,SMS,Weekend Offer,2025-11-06,1,0,0,0,0.52
M00538,C03059,Email,Win Back,2025-02-10,1,0,1,0,5.15
M00539,C02214,Email,Festive Sale,2025-02-01,1,1,1,0,2.26
M00540,C01727,SMS,Clearance,2025-02-11,1,0,0,0,7.67
M00541,C03350,Push,New Arrival,2025-03-29,1,0,0,0,1.69
M00542,C04223,Social,Win Back,2025-07-02,1,1,0,0,4.11
M00543,C01353,Social,Win Back,2025-01-27,1,0,1,0,6.36
M00544,C03002,SMS,Weekend Offer,2025-01-12,1,0,0,1,1.07
M00545,C01328,Social,Clearance,2025-08-08,1,1,0,0,6.76
M00546,C01825,SMS,Weekend Offer,2025-10-04,1,1,0,0,4.54
M00547,C00515,Social,Clearance,2025-07-23,1,1,0,0,7.69
M00548,C01475,Email,Festive Sale,2025-07-18,1,0,0,0,3.14
M00549,C03412,Email,Loyalty Offer,2025-03-04,1,1,0,0,1.02
M00550,C03620,Push,New Arrival,2025-10-28,1,0,0,0,6.2
M00551,C00203,Email,Weekend Offer,2025-11-01,1,0,0,0,3.79
M00552,C00223,Push,Weekend Offer,2025-02-01,1,0,0,0,4.13
M00553,C03471,SMS,Weekend Offer,2025-03-29,1,0,0,0,2.59
M00554,C02692,Email,Festive Sale,2025-12-11,1,0,0,0,5.09
M00555,C00898,SMS,Festive Sale,2025-02-15,1,1,0,0,7.84
M00556,C04711,Social,Weekend Offer,2025-10-19,1,0,0,0,1.86
M00557,C03907,Social,Weekend Offer,2025-12-16,1,0,0,0,3.43
M00558,C01480,Email,New Arrival,2025-08-06,1,1,0,0,7.82
M00559,C03751,SMS,Festive Sale,2025-09-21,1,0,0,0,4.09
M00560,C00047,SMS,Weekend Offer,2025-06-14,1,1,0,0,3.3
M00561,C02440,SMS,Loyalty Offer,2025-08-04,1,1,1,1,5.56
M00562,C04019,Email,New Arrival,2025-04-05,1,1,1,1,1.1
M00563,C04039,Social,Win Back,2025-09-12,1,0,0,0,4.15
M00564,C01620,Social,New Arrival,2025-07-12,1,1,0,0,7.44
M00565,C04784,SMS,Festive Sale,2025-07-13,1,1,0,0,1.78
M00566,C04686,Social,Win Back,2025-05-29,1,1,1,0,2.0
M00567,C00648,Email,New Arrival,2025-04-05,1,1,0,0,0.79
M00568,C02904,Email,Loyalty Offer,2025-09-24,1,1,0,0,6.47
M00569,C04794,Email,New Arrival,2025-02-25,1,0,0,0,2.85
M00570,C02292,Social,Weekend Offer,2025-11-22,1,0,0,0,1.6
M00571,C01853,Email,Loyalty Offer,2025-11-25,1,0,0,0,1.21
M00572,C01091,SMS,New Arrival,2025-01-18,1,1,0,0,6.62
M00573,C02559,Email,Festive Sale,2025-02-04,1,0,0,0,2.32
M00574,C00270,SMS,Clearance,2025-06-06,1,0,0,0,5.95
M00575,C04477,Social,Loyalty Offer,2025-05-09,1,1,0,0,5.29
M00576,C01724,Email,Loyalty Offer,2025-09-21,1,1,0,0,7.67
M00577,C04428,Social,Loyalty Offer,2025-10-13,1,0,0,0,7.22
M00578,C00592,SMS,Weekend Offer,2025-03-22,1,1,0,0,5.81
M00579,C00669,Push,Festive Sale,2025-08-25,1,0,0,0,3.17
M00580,C00154,Email,Loyalty Offer,2025-07-02,1,0,0,0,6.86
M00581,C04661,Email,Clearance,2025-10-09,1,1,1,1,5.95
M00582,C01174,SMS,Festive Sale,2025-06-28,1,0,0,0,7.83
M00583,C04053,Social,Weekend Offer,2025-12-25,1,0,0,0,1.5
M00584,C01784,Social,Weekend Offer,2025-04-19,1,1,1,0,2.6
M00585,C02118,SMS,Weekend Offer,2025-09-09,1,1,1,0,3.81
M00586,C00571,Email,New Arrival,2025-08-28,1,0,0,0,7.92
M00587,C04874,Push,Win Back,2025-03-27,1,0,0,0,7.7
M00588,C02315,Push,Festive Sale,2025-10-17,1,0,0,0,0.53
M00589,C01670,SMS,Win Back,2025-08-30,1,0,0,0,5.91
M00590,C00997,Social,Loyalty Offer,2025-10-05,1,1,0,0,0.69
M00591,C00771,Email,Clearance,2025-06-06,1,1,1,0,5.18
M00592,C01978,SMS,Festive Sale,2025-07-25,1,0,0,0,3.65
M00593,C04095,Email,Win Back,2025-05-09,1,0,0,0,2.83
M00594,C03202,Social,Loyalty Offer,2025-06-12,1,0,0,0,1.77
M00595,C04210,Email,Weekend Offer,2025-04-22,1,0,0,0,5.88
M00596,C02726,SMS,Win Back,2025-09-29,1,0,0,0,1.8
M00597,C01515,Push,Weekend Offer,2025-11-09,1,1,0,0,3.67
M00598,C02465,SMS,Festive Sale,2025-08-08,1,1,0,0,7.24
M00599,C04515,Email,Win Back,2025-05-02,1,1,1,0,4.78
M00600,C00104,Email,Clearance,2025-04-07,1,0,0,0,7.74
M00601,C01081,SMS,Festive Sale,2025-04-03,1,1,1,0,1.09
M00602,C01909,Social,Weekend Offer,2025-04-13,1,1,1,0,5.65
M00603,C04516,Push,Win Back,2025-01-06,1,0,0,0,7.41
M00604,C00027,Push,Festive Sale,2025-02-12,1,0,0,0,2.71
M00605,C03087,Email,Festive Sale,2025-01-29,1,0,0,0,3.97
M00606,C01855,Email,Weekend Offer,2025-12-19,1,0,0,0,2.6
M00607,C03278,Social,Festive Sale,2025-12-16,1,1,0,0,1.13
M00608,C03250,Email,New Arrival,2025-07-17,1,0,0,0,7.58
M00609,C04428,Push,Festive Sale,2025-09-20,1,0,0,0,3.66
M00610,C00057,Email,Festive Sale,2025-01-31,1,1,1,0,4.11
M00611,C03588,Email,Clearance,2025-06-09,1,1,1,0,7.58
M00612,C01143,Email,Festive Sale,2025-05-25,1,1,0,0,6.33
M00613,C04526,SMS,New Arrival,2025-10-15,1,1,1,1,6.51
M00614,C01810,Push,Weekend Offer,2025-06-17,1,1,0,0,4.37
M00615,C03389,SMS,New Arrival,2025-03-03,1,0,0,0,2.26
M00616,C02152,Push,Festive Sale,2025-11-03,1,0,0,0,6.65
M00617,C01671,Email,Festive Sale,2025-12-06,1,1,1,0,5.39
M00618,C03969,Email,Loyalty Offer,2025-04-22,1,0,0,0,3.36
M00619,C02401,Email,Festive Sale,2025-09-25,1,1,0,0,4.83
M00620,C00674,Push,Loyalty Offer,2025-08-15,1,1,0,0,1.62
M00621,C03242,SMS,Win Back,2025-02-21,1,0,0,0,7.94
M00622,C01882,Email,Weekend Offer,2025-03-05,1,0,0,0,5.48
M00623,C00804,Email,Win Back,2025-11-02,1,0,0,0,6.04
M00624,C01221,Email,Weekend Offer,2025-03-05,1,1,0,0,7.39
M00625,C03459,SMS,Win Back,2025-08-12,1,0,0,0,3.01
M00626,C03792,Push,Win Back,2025-10-09,1,0,0,0,3.51
M00627,C00348,Email,Weekend Offer,2025-05-29,1,0,0,0,2.01
M00628,C04128,Email,Win Back,2025-11-13,1,1,0,0,5.52
M00629,C04846,Push,Clearance,2025-09-27,1,0,0,0,2.98
M00630,C03757,Push,Weekend Offer,2025-08-30,1,0,0,0,3.16
M00631,C01102,Email,Loyalty Offer,2025-03-22,1,0,0,0,7.63
M00632,C01244,SMS,New Arrival,2025-05-08,1,0,0,0,6.24
M00633,C04393,Email,Clearance,2025-03-18,1,1,0,0,1.27
M00634,C03658,Social,Loyalty Offer,2025-05-23,1,0,0,0,5.66
M00635,C02679,SMS,Weekend Offer,2025-08-18,1,0,0,0,5.45
M00636,C04218,Email,Clearance,2025-08-11,1,1,0,0,3.07
M00637,C04466,Email,Win Back,2025-11-12,1,0,0,0,1.2
M00638,C04927,Email,Weekend Offer,2025-06-13,1,1,1,0,7.54
M00639,C04798,Email,Weekend Offer,2025-03-12,1,0,0,0,6.81
M00640,C01846,Email,Festive Sale,2025-07-28,1,0,0,0,4.82
M00641,C02882,Email,Festive Sale,2025-01-30,1,1,0,0,1.11
M00642,C00956,Social,Loyalty Offer,2025-03-03,1,0,0,0,0.92
M00643,C00852,Push,Weekend Offer,2025-05-14,1,0,0,0,2.86
M00644,C02785,Social,Win Back,2025-10-11,1,0,0,0,3.64
M00645,C02642,Social,Win Back,2025-07-06,1,1,0,0,4.74
M00646,C01189,SMS,New Arrival,2025-09-13,1,0,0,0,2.99
M00647,C00370,Social,Clearance,2025-01-05,1,1,1,0,1.9
M00648,C03091,SMS,New Arrival,2025-12-29,1,0,0,0,3.44
M00649,C04465,Social,Loyalty Offer,2025-10-18,1,0,0,0,3.96
M00650,C03043,Social,Clearance,2025-03-13,1,1,1,0,2.12
M00651,C01136,SMS,Festive Sale,2025-06-12,1,0,0,0,7.82
M00652,C04876,Social,Weekend Offer,2025-05-12,1,0,0,0,1.52
M00653,C02656,Social,New Arrival,2025-06-27,1,1,0,0,7.85
M00654,C01176,Social,New Arrival,2025-06-29,1,1,0,0,6.12
M00655,C00820,Email,Win Back,2025-07-13,1,1,0,0,3.54
M00656,C04084,Email,Festive Sale,2025-04-14,1,1,1,0,4.72
M00657,C02194,Social,Win Back,2025-06-17,1,0,0,0,3.2
M00658,C03137,Email,Loyalty Offer,2025-01-16,1,0,0,0,6.69
M00659,C01637,Email,Weekend Offer,2025-04-25,1,1,0,0,3.87
M00660,C03457,Social,Loyalty Offer,2025-10-28,1,1,0,0,3.63
M00661,C02322,Push,Weekend Offer,2025-06-10,1,1,0,0,1.46
M00662,C01012,Social,Win Back,2025-07-19,1,0,0,0,0.52
M00663,C02220,SMS,Loyalty Offer,2025-09-11,1,0,0,0,3.35
M00664,C01822,Email,Weekend Offer,2025-06-21,1,1,1,1,0.63
M00665,C03915,SMS,Win Back,2025-03-28,1,0,0,0,2.53
M00666,C02617,Email,Win Back,2025-02-20,1,0,0,0,3.76
M00667,C03546,Email,Weekend Offer,2025-03-26,1,1,1,0,2.54
M00668,C00312,Social,Win Back,2025-10-02,1,0,0,0,7.78
M00669,C02686,Email,New Arrival,2025-01-31,1,0,0,0,2.5
M00670,C00780,SMS,Festive Sale,2025-03-16,1,0,0,0,5.75
M00671,C04348,Email,Loyalty Offer,2025-11-25,1,1,0,0,6.34
M00672,C00033,Social,Loyalty Offer,2025-01-24,1,1,1,0,3.97
M00673,C03503,SMS,Festive Sale,2025-12-04,1,1,1,1,4.52
M00674,C04577,Push,Win Back,2025-01-14,1,0,0,0,4.28
M00675,C04410,SMS,Festive Sale,2025-06-24,1,1,0,0,6.78
M00676,C01994,Email,Win Back,2025-09-21,1,1,0,0,4.94
M00677,C01501,Push,Loyalty Offer,2025-09-03,1,1,0,0,4.13
M00678,C00389,SMS,Loyalty Offer,2025-02-16,1,0,0,0,5.5
M00679,C03225,Email,Festive Sale,2025-05-26,1,0,0,0,4.28
M00680,C02982,Social,Win Back,2025-10-14,1,0,0,0,7.07
M00681,C01051,Email,New Arrival,2025-11-27,1,1,0,0,6.8
M00682,C03597,Push,Win Back,2025-07-01,1,0,0,0,7.73
M00683,C03388,SMS,New Arrival,2025-08-07,1,0,0,0,5.05
M00684,C00247,Email,Win Back,2025-04-20,1,1,0,0,3.63
M00685,C04858,Social,Win Back,2025-09-20,1,1,1,0,3.01
M00686,C00309,Push,New Arrival,2025-07-26,1,0,0,0,2.41
M00687,C03868,Email,Clearance,2025-08-08,1,1,0,0,7.93
M00688,C01758,SMS,New Arrival,2025-04-03,1,1,1,0,7.04
M00689,C01300,Social,Win Back,2025-06-06,1,1,0,0,7.55
M00690,C02491,Email,Loyalty Offer,2025-10-29,1,0,0,0,6.62
M00691,C04740,Social,Weekend Offer,2025-12-23,1,1,0,0,3.16
M00692,C02408,SMS,New Arrival,2025-02-26,1,1,0,0,5.98
M00693,C02434,Push,Loyalty Offer,2025-06-01,1,1,0,0,4.65
M00694,C01620,SMS,Loyalty Offer,2025-03-25,1,1,0,0,2.01
M00695,C02713,Social,Festive Sale,2025-09-21,1,0,0,0,2.06
M00696,C01545,Social,Festive Sale,2025-07-27,1,0,0,0,2.03
M00697,C01415,Social,Festive Sale,2025-02-02,1,0,0,0,2.77
M00698,C00228,SMS,Clearance,2025-09-14,1,0,0,0,5.06
M00699,C00707,Email,Win Back,2025-06-10,1,0,0,0,1.33
M00700,C01138,Push,New Arrival,2025-01-20,1,0,0,0,3.83
M00701,C02825,Social,Festive Sale,2025-07-24,1,1,0,0,0.79
M00702,C04713,Push,Win Back,2025-12-19,1,0,0,0,3.96
M00703,C04928,SMS,New Arrival,2025-03-18,1,1,0,0,1.78
M00704,C04348,Social,New Arrival,2025-01-16,1,1,1,1,1.21
M00705,C01380,Email,Win Back,2025-11-18,1,0,0,0,1.85
M00706,C01190,Social,Weekend Offer,2025-01-19,1,1,0,0,5.97
M00707,C02086,Email,New Arrival,2025-03-12,1,0,0,0,7.95
M00708,C02499,Push,Festive Sale,2025-09-11,1,0,0,0,4.22
M00709,C04313,Email,Weekend Offer,2025-04-03,1,0,0,0,6.27
M00710,C03780,Email,Loyalty Offer,2025-03-26,1,0,0,0,6.25
M00711,C04340,SMS,Loyalty Offer,2025-01-18,1,0,0,0,5.75
M00712,C04054,SMS,Festive Sale,2025-07-07,1,0,0,0,2.24
M00713,C04851,Email,New Arrival,2025-09-27,1,0,0,0,3.77
M00714,C04329,Push,Win Back,2025-07-10,1,0,0,0,5.86
M00715,C02525,SMS,Loyalty Offer,2025-05-19,1,1,0,0,3.94
M00716,C00903,Email,Festive Sale,2025-03-25,1,1,0,0,1.05
M00717,C00489,Email,Win Back,2025-12-31,1,0,0,0,2.01
M00718,C04815,SMS,Win Back,2025-10-20,1,0,0,0,2.23
M00719,C00533,Email,Weekend Offer,2025-06-26,1,0,0,0,7.58
M00720,C00799,SMS,Weekend Offer,2025-07-09,1,1,1,0,6.71
M00721,C04513,Social,New Arrival,2025-07-02,1,1,0,0,7.05
M00722,C03595,Email,Festive Sale,2025-02-02,1,1,1,0,1.89
M00723,C03101,SMS,Weekend Offer,2025-10-31,1,0,0,0,7.33
M00724,C02388,Push,Clearance,2025-06-05,1,1,0,0,5.73
M00725,C04936,Email,Loyalty Offer,2025-04-30,1,0,0,0,5.35
M00726,C01954,Email,Loyalty Offer,2025-09-22,1,0,0,0,3.21
M00727,C01042,Email,New Arrival,2025-05-09,1,1,1,1,0.66
M00728,C02537,Email,Win Back,2025-01-07,1,1,0,0,2.32
M00729,C01089,Social,New Arrival,2025-08-07,1,0,0,0,5.35
M00730,C02986,Email,Weekend Offer,2025-06-16,1,1,0,0,5.39
M00731,C00533,Social,Win Back,2025-06-13,1,0,0,0,1.57
M00732,C03601,Push,New Arrival,2025-01-27,1,0,0,0,7.08
M00733,C01484,Email,Win Back,2025-07-29,1,0,0,0,1.71
M00734,C03935,Email,Win Back,2025-10-16,1,0,0,0,7.43
M00735,C02804,Social,Festive Sale,2025-12-13,1,0,0,0,3.25
M00736,C04917,Email,Clearance,2025-05-06,1,0,0,0,6.98
M00737,C02011,SMS,Festive Sale,2025-08-29,1,0,0,0,1.66
M00738,C03614,Push,New Arrival,2025-06-29,1,1,0,0,5.15
M00739,C01699,Email,Weekend Offer,2025-04-03,1,0,0,0,5.62
M00740,C01773,SMS,Festive Sale,2025-12-25,1,1,0,0,7.87
M00741,C01430,Push,Weekend Offer,2025-09-14,1,0,0,0,1.49
M00742,C04442,SMS,New Arrival,2025-09-09,1,0,0,0,3.25
M00743,C01172,Email,Loyalty Offer,2025-04-06,1,0,0,0,6.75
M00744,C02478,Push,Weekend Offer,2025-01-27,1,1,1,1,5.98
M00745,C01478,Social,New Arrival,2025-01-28,1,0,0,0,5.65
M00746,C01205,Email,Win Back,2025-10-24,1,0,0,0,3.15
M00747,C03706,Email,Loyalty Offer,2025-12-16,1,0,0,0,5.64
M00748,C03919,Email,Win Back,2025-03-03,1,0,0,0,4.68
M00749,C00304,Push,Loyalty Offer,2025-06-25,1,1,0,0,3.09
M00750,C02673,Email,Festive Sale,2025-05-28,1,0,0,0,6.14
M00751,C02760,Social,New Arrival,2025-03-17,1,1,1,0,6.76
M00752,C03170,Social,New Arrival,2025-09-16,1,0,1,1,7.94
M00753,C01378,Email,Clearance,2025-07-11,1,1,1,1,1.51
M00754,C03798,Social,Clearance,2025-08-20,1,0,0,0,5.8
M00755,C00081,Social,Weekend Offer,2025-03-16,1,1,0,0,2.57
M00756,C03152,Social,Weekend Offer,2025-01-28,1,0,0,0,0.78
M00757,C01181,Email,Clearance,2025-03-21,1,1,0,0,2.97
M00758,C04893,Email,Loyalty Offer,2025-10-31,1,0,0,0,5.8
M00759,C01215,Email,Loyalty Offer,2025-11-21,1,0,0,0,6.9
M00760,C04429,Push,Win Back,2025-10-21,1,0,0,0,6.32
M00761,C02974,Social,Loyalty Offer,2025-06-22,1,1,0,0,0.57
M00762,C01908,Email,Win Back,2025-10-29,1,0,0,0,3.97
M00763,C04279,Social,Win Back,2025-12-22,1,0,0,0,5.26
M00764,C02164,SMS,Win Back,2025-06-10,1,0,0,0,5.89
M00765,C03852,Email,Clearance,2025-06-08,1,0,0,0,7.61
M00766,C02869,Social,Win Back,2025-05-25,1,0,0,0,3.46
M00767,C00416,Email,Clearance,2025-02-03,1,0,0,0,4.41
M00768,C02664,Social,Loyalty Offer,2025-06-02,1,1,0,0,6.33
M00769,C04286,Email,Win Back,2025-07-18,1,0,0,0,6.59
M00770,C01104,Email,Loyalty Offer,2025-12-18,1,0,0,0,7.43
M00771,C03861,SMS,Festive Sale,2025-06-04,1,0,0,0,0.95
M00772,C02780,Email,Weekend Offer,2025-11-14,1,1,0,0,6.31
M00773,C02309,Social,Loyalty Offer,2025-10-09,1,0,0,0,7.82
M00774,C01672,SMS,New Arrival,2025-10-19,1,1,0,0,4.22
M00775,C02326,Email,Festive Sale,2025-01-30,1,0,0,0,0.77
M00776,C04610,Email,Win Back,2025-04-27,1,0,0,0,3.9
M00777,C01326,Email,Festive Sale,2025-08-05,1,0,0,0,3.38
M00778,C01424,Social,Weekend Offer,2025-10-11,1,1,0,0,3.48
M00779,C00628,Social,Loyalty Offer,2025-10-26,1,0,0,0,0.97
M00780,C01403,Email,Win Back,2025-01-18,1,0,0,0,2.36
M00781,C02471,Email,New Arrival,2025-03-02,1,1,1,0,3.08
M00782,C01818,SMS,Festive Sale,2025-03-19,1,1,1,0,1.24
M00783,C02965,SMS,New Arrival,2025-07-23,1,1,1,1,0.53
M00784,C01395,SMS,Loyalty Offer,2025-11-04,1,0,0,0,6.63
M00785,C02755,Email,Loyalty Offer,2025-12-22,1,0,0,0,3.56
M00786,C00744,Email,Loyalty Offer,2025-11-06,1,1,0,0,1.57
M00787,C02204,Social,Loyalty Offer,2025-01-17,1,1,0,0,4.88
M00788,C00607,Email,Festive Sale,2025-12-26,1,1,1,0,1.85
M00789,C02259,SMS,Win Back,2025-12-29,1,0,0,0,5.05
M00790,C01121,Push,Loyalty Offer,2025-12-21,1,0,0,0,7.85
M00791,C04001,Email,Loyalty Offer,2025-03-22,1,1,1,0,3.54
M00792,C04086,Social,Clearance,2025-07-20,1,1,1,0,4.35
M00793,C00972,Push,Clearance,2025-03-02,1,0,0,0,2.21
M00794,C04529,Email,Clearance,2025-10-18,1,0,0,0,2.02
M00795,C04252,Social,Clearance,2025-07-03,1,0,0,0,4.66
M00796,C03492,Push,Weekend Offer,2025-10-01,1,0,0,0,1.53
M00797,C02938,Email,Festive Sale,2025-03-01,1,1,0,0,2.5
M00798,C02048,Social,New Arrival,2025-12-08,1,0,0,0,1.81
M00799,C01358,Social,Loyalty Offer,2025-04-06,1,1,1,0,1.73
M00800,C04587,Email,Weekend Offer,2025-04-30,1,0,0,0,1.57
M00801,C02915,Email,Clearance,2025-12-28,1,0,0,0,3.12
M00802,C01568,Email,Loyalty Offer,2025-01-18,1,0,0,0,1.93
M00803,C01297,Email,New Arrival,2025-06-29,1,1,0,0,6.23
M00804,C03881,Push,Clearance,2025-08-22,1,1,0,0,7.13
M00805,C03700,SMS,Weekend Offer,2025-09-13,1,0,0,0,7.28
M00806,C03797,Email,Loyalty Offer,2025-06-21,1,0,0,0,6.58
M00807,C02153,SMS,Loyalty Offer,2025-02-20,1,0,0,0,4.12
M00808,C04506,Email,Festive Sale,2025-08-05,1,1,0,0,5.23
M00809,C00611,Email,Clearance,2025-03-12,1,1,1,0,7.24
M00810,C04666,Email,Loyalty Offer,2025-06-06,1,1,0,0,1.02
M00811,C02782,Email,Clearance,2025-08-03,1,1,1,1,3.28
M00812,C03081,Email,Clearance,2025-01-30,1,0,0,0,3.64
M00813,C03225,Email,Weekend Offer,2025-07-14,1,0,0,0,4.48
M00814,C04163,Email,Win Back,2025-12-25,1,0,0,0,4.7
M00815,C02349,Email,Win Back,2025-11-24,1,0,0,0,2.85
M00816,C04094,SMS,Weekend Offer,2025-01-30,1,0,0,0,4.39
M00817,C03169,Email,New Arrival,2025-10-21,1,1,0,0,3.49
M00818,C04517,Email,Win Back,2025-02-20,1,1,1,0,0.64
M00819,C00182,SMS,Weekend Offer,2025-12-02,1,0,0,0,2.74
M00820,C04671,Email,Festive Sale,2025-06-30,1,0,0,0,2.65
M00821,C00400,Push,New Arrival,2025-04-22,1,0,0,0,4.52
M00822,C01019,Push,Win Back,2025-12-17,1,0,0,0,3.36
M00823,C01931,Social,Loyalty Offer,2025-07-30,1,0,0,0,4.03
M00824,C01690,SMS,Loyalty Offer,2025-02-05,1,1,1,0,7.8
M00825,C02943,SMS,New Arrival,2025-01-10,1,1,0,0,6.2
M00826,C00711,SMS,Loyalty Offer,2025-01-30,1,0,0,0,5.91
M00827,C02284,Email,Clearance,2025-12-04,1,1,0,0,4.93
M00828,C04507,Email,Festive Sale,2025-02-04,1,1,1,0,6.01
M00829,C04515,Push,Loyalty Offer,2025-08-24,1,1,0,0,1.86
M00830,C04253,SMS,Win Back,2025-07-05,1,0,0,0,0.96
M00831,C03724,Social,Weekend Offer,2025-01-14,1,0,0,0,5.15
M00832,C00777,Email,Loyalty Offer,2025-06-16,1,0,0,0,6.78
M00833,C03202,Push,Festive Sale,2025-01-07,1,1,0,0,3.36
M00834,C03576,Social,Win Back,2025-11-09,1,0,0,0,4.19
M00835,C01599,Email,Festive Sale,2025-08-29,1,1,1,0,2.28
M00836,C03035,Email,Clearance,2025-02-26,1,1,1,1,2.89
M00837,C04775,Email,New Arrival,2025-01-23,1,0,0,0,7.34
M00838,C02543,Email,Clearance,2025-11-30,1,0,0,0,4.2
M00839,C02050,SMS,Weekend Offer,2025-12-17,1,1,1,1,3.41
M00840,C04578,Email,Weekend Offer,2025-06-15,1,1,0,0,3.28
M00841,C01322,Email,Loyalty Offer,2025-08-18,1,0,0,0,6.0
M00842,C02845,Push,Loyalty Offer,2025-12-05,1,0,0,0,0.51
M00843,C03629,Email,Win Back,2025-07-17,1,0,0,0,1.94
M00844,C00108,Email,New Arrival,2025-06-21,1,1,1,0,5.85
M00845,C02588,Email,Loyalty Offer,2025-07-31,1,1,0,0,4.94
M00846,C00252,Push,Loyalty Offer,2025-01-07,1,0,0,0,0.62
M00847,C02838,Social,Win Back,2025-10-04,1,0,0,0,2.41
M00848,C04260,Email,Loyalty Offer,2025-01-25,1,1,0,0,1.46
M00849,C02792,Push,Win Back,2025-02-19,1,0,0,0,7.57
M00850,C01499,SMS,Weekend Offer,2025-08-02,1,1,1,0,3.81
M00851,C03506,Push,Win Back,2025-01-05,1,1,0,0,4.65
M00852,C00948,Email,Festive Sale,2025-05-19,1,0,0,0,6.02
M00853,C02061,Email,Loyalty Offer,2025-03-16,1,0,0,0,6.73
M00854,C03673,Email,Loyalty Offer,2025-12-24,1,0,0,0,1.65
M00855,C00886,Social,Loyalty Offer,2025-04-23,1,1,0,0,0.64
M00856,C01857,Social,New Arrival,2025-05-14,1,0,0,0,4.36
M00857,C01290,Email,New Arrival,2025-03-16,1,0,0,0,5.02
M00858,C01069,Push,Festive Sale,2025-10-23,1,1,0,0,2.24
M00859,C00659,Push,Clearance,2025-11-04,1,1,0,0,2.92
M00860,C01675,Push,New Arrival,2025-01-13,1,1,0,0,5.59
M00861,C03323,Email,Weekend Offer,2025-06-01,1,1,1,0,7.08
M00862,C00178,Social,Loyalty Offer,2025-04-03,1,0,0,0,6.54
M00863,C02701,Social,Festive Sale,2025-11-20,1,1,0,0,7.2
M00864,C01699,SMS,Clearance,2025-03-11,1,1,0,0,3.1
M00865,C00270,Email,Weekend Offer,2025-06-19,1,1,0,1,5.74
M00866,C00465,Email,Loyalty Offer,2025-06-27,1,0,0,0,4.5
M00867,C02693,Social,New Arrival,2025-10-24,1,1,1,0,3.72
M00868,C01492,Social,Clearance,2025-03-19,1,0,0,0,1.44
M00869,C03089,Email,Festive Sale,2025-11-16,1,0,0,0,4.02
M00870,C03807,Social,Weekend Offer,2025-02-05,1,0,0,0,1.38
M00871,C00844,Social,Festive Sale,2025-11-05,1,0,0,0,7.91
M00872,C01348,Email,Clearance,2025-09-22,1,0,0,0,5.35
M00873,C02449,Email,Clearance,2025-03-29,1,0,0,0,1.95
M00874,C02992,Email,Loyalty Offer,2025-02-16,1,0,0,0,2.42
M00875,C01356,Push,Clearance,2025-02-10,1,0,0,0,6.92
M00876,C01625,Social,Festive Sale,2025-09-19,1,0,0,0,1.62
M00877,C03838,Email,Festive Sale,2025-11-26,1,1,0,0,7.65
M00878,C02517,SMS,Weekend Offer,2025-09-28,1,1,0,0,7.41
M00879,C02577,Email,Clearance,2025-11-18,1,1,1,0,5.79
M00880,C04568,Email,Win Back,2025-02-25,1,0,1,0,6.01
M00881,C01727,Email,Win Back,2025-06-11,1,0,0,0,6.94
M00882,C04799,Email,Loyalty Offer,2025-02-02,1,0,0,0,4.6
M00883,C01955,Email,Festive Sale,2025-06-08,1,1,0,0,7.72
M00884,C03243,SMS,Weekend Offer,2025-10-01,1,1,0,0,5.56
M00885,C04236,Email,New Arrival,2025-03-24,1,0,0,0,6.22
M00886,C00164,Push,Win Back,2025-07-27,1,0,0,0,7.44
M00887,C03662,Push,Festive Sale,2025-12-30,1,1,1,0,3.32
M00888,C00935,Push,Weekend Offer,2025-09-02,1,0,1,0,6.03
M00889,C00479,Social,Win Back,2025-05-21,1,1,1,1,3.25
M00890,C00635,Email,Loyalty Offer,2025-03-21,1,1,0,0,1.6
M00891,C00226,Email,New Arrival,2025-03-27,1,0,0,0,1.64
M00892,C04317,Social,Festive Sale,2025-10-24,1,0,0,0,6.51
M00893,C02986,Email,Festive Sale,2025-06-13,1,1,0,0,2.19
M00894,C04658,Social,New Arrival,2025-01-28,1,0,0,0,3.26
M00895,C03295,SMS,Clearance,2025-06-23,1,0,0,0,0.8
M00896,C00876,Social,New Arrival,2025-10-20,1,0,0,0,2.62
M00897,C04707,SMS,New Arrival,2025-12-06,1,0,0,0,5.17
M00898,C03640,Social,New Arrival,2025-12-01,1,1,1,1,4.68
M00899,C01395,Social,Clearance,2025-10-24,1,0,0,0,3.01
M00900,C00996,Email,New Arrival,2025-07-09,1,0,0,0,1.97
M00901,C04893,Social,New Arrival,2025-02-25,1,1,0,0,6.9
M00902,C00692,SMS,New Arrival,2025-05-02,1,1,1,0,6.62
M00903,C02458,Push,Win Back,2025-06-24,1,0,0,0,3.49
M00904,C03693,Email,Loyalty Offer,2025-02-24,1,0,0,0,1.07
M00905,C01405,Email,Win Back,2025-12-26,1,0,0,0,4.39
M00906,C03993,Email,Festive Sale,2025-02-18,1,0,0,0,7.13
M00907,C02020,Email,Loyalty Offer,2025-08-07,1,1,0,0,5.79
M00908,C00801,Social,Win Back,2025-04-02,1,0,0,0,3.05
M00909,C00462,Social,Weekend Offer,2025-12-23,1,0,0,0,7.78
M00910,C02390,Push,Loyalty Offer,2025-10-30,1,0,0,0,3.05
M00911,C04463,SMS,New Arrival,2025-08-03,1,0,0,0,4.86
M00912,C00187,SMS,Festive Sale,2025-06-17,1,0,0,0,7.04
M00913,C00871,SMS,Loyalty Offer,2025-10-19,1,1,0,0,3.5
M00914,C04241,Email,Clearance,2025-12-08,1,1,0,0,7.05
M00915,C02832,Email,Win Back,2025-09-28,1,0,0,0,1.78
M00916,C00168,Social,Festive Sale,2025-10-20,1,1,1,0,6.15
M00917,C01346,Email,Win Back,2025-05-14,1,1,0,0,6.86
M00918,C00588,Social,Festive Sale,2025-04-21,1,1,0,0,3.78
M00919,C04532,Email,Festive Sale,2025-05-02,1,0,0,0,0.85
M00920,C00936,Email,Weekend Offer,2025-12-29,1,1,0,0,6.63
M00921,C02272,Push,Weekend Offer,2025-03-11,1,0,0,0,2.56
M00922,C01507,SMS,Loyalty Offer,2025-10-21,1,1,0,0,2.54
M00923,C03696,SMS,Clearance,2025-06-14,1,1,1,1,2.52
M00924,C01011,Email,Win Back,2025-07-06,1,0,0,0,0.63
M00925,C03368,Push,New Arrival,2025-07-03,1,0,0,0,1.84
M00926,C00866,Email,Loyalty Offer,2025-03-05,1,0,0,0,1.42
M00927,C02366,Social,Weekend Offer,2025-10-29,1,0,0,0,0.57
M00928,C00116,Email,New Arrival,2025-05-02,1,1,1,0,7.22
M00929,C02954,Social,Win Back,2025-12-21,1,0,0,0,0.98
M00930,C01661,Email,New Arrival,2025-09-27,1,0,0,0,2.09
M00931,C03098,SMS,Festive Sale,2025-02-14,1,0,0,0,1.43
M00932,C01490,SMS,Weekend Offer,2025-12-10,1,1,0,0,0.62
M00933,C02988,Email,Win Back,2025-05-13,1,1,1,0,4.55
M00934,C03985,Email,Win Back,2025-11-07,1,1,0,0,0.66
M00935,C00033,Email,Win Back,2025-09-24,1,1,1,1,5.33
M00936,C03423,Social,Weekend Offer,2025-01-22,1,1,0,0,3.73
M00937,C04991,Push,Clearance,2025-06-22,1,0,0,0,2.91
M00938,C04909,Email,New Arrival,2025-02-16,1,0,0,0,3.65
M00939,C01184,SMS,Win Back,2025-02-26,1,0,0,0,7.18
M00940,C03434,Push,Weekend Offer,2025-05-14,1,0,0,0,7.28
M00941,C00661,Email,Weekend Offer,2025-08-15,1,1,0,0,6.78
M00942,C02242,Email,New Arrival,2025-01-18,1,0,0,0,4.97
M00943,C02298,Social,Loyalty Offer,2025-12-09,1,1,0,0,5.66
M00944,C00876,Social,Win Back,2025-03-03,1,0,0,0,0.73
M00945,C03128,SMS,New Arrival,2025-05-13,1,0,0,0,5.31
M00946,C04169,Email,Loyalty Offer,2025-10-05,1,1,1,0,6.95
M00947,C00614,SMS,Festive Sale,2025-12-28,1,0,0,0,4.6
M00948,C03824,Social,Clearance,2025-03-27,1,0,0,0,4.67
M00949,C03601,Email,Clearance,2025-07-26,1,0,0,0,6.58
M00950,C03522,Social,Weekend Offer,2025-02-11,1,1,0,0,2.86
M00951,C03331,Email,Loyalty Offer,2025-09-30,1,0,0,0,2.93
M00952,C01505,Email,Weekend Offer,2025-11-25,1,0,0,0,4.14
M00953,C01316,Email,Weekend Offer,2025-04-15,1,0,0,0,6.03
M00954,C04463,Email,Weekend Offer,2025-05-14,1,1,0,0,4.03
M00955,C01264,Social,Win Back,2025-06-12,1,0,0,0,1.41
M00956,C00486,Email,Win Back,2025-12-20,1,0,0,0,1.11
M00957,C02142,Email,Festive Sale,2025-05-24,1,0,0,0,5.58
M00958,C04333,Email,Clearance,2025-04-17,1,0,0,0,3.59
M00959,C03059,Email,Festive Sale,2025-06-29,1,0,0,0,5.98
M00960,C01262,Push,Clearance,2025-12-26,1,0,0,0,7.82
M00961,C03229,Push,Clearance,2025-05-17,1,1,1,0,7.04
M00962,C00103,Social,Loyalty Offer,2025-06-17,1,1,1,1,2.53
M00963,C00994,Social,Win Back,2025-01-29,1,0,0,0,2.2
M00964,C04561,Email,Clearance,2025-05-02,1,0,0,0,5.51
M00965,C04792,SMS,Win Back,2025-09-02,1,0,0,0,4.1
M00966,C01134,Email,Festive Sale,2025-03-18,1,1,1,0,1.94
M00967,C03918,Email,Festive Sale,2025-11-24,1,1,1,0,2.5
M00968,C04672,Social,Weekend Offer,2025-10-27,1,0,0,0,4.14
M00969,C04706,Social,Weekend Offer,2025-11-24,1,0,0,0,3.06
M00970,C01379,SMS,Clearance,2025-02-15,1,1,0,0,4.14
M00971,C02785,Push,New Arrival,2025-08-02,1,0,0,0,4.92
M00972,C02050,Push,Clearance,2025-12-01,1,1,1,0,1.35
M00973,C01388,Social,Loyalty Offer,2025-03-13,1,1,0,0,4.0
M00974,C04729,Email,Weekend Offer,2025-01-14,1,0,0,0,6.35
M00975,C03261,Social,Festive Sale,2025-10-18,1,0,0,0,4.09
M00976,C01039,Email,Festive Sale,2025-09-22,1,1,0,0,1.43
M00977,C00197,Email,New Arrival,2025-07-04,1,0,0,0,5.38
M00978,C01705,Email,Win Back,2025-04-11,1,0,0,0,6.7
M00979,C04776,Email,New Arrival,2025-01-27,1,0,0,0,6.27
M00980,C00228,Email,Weekend Offer,2025-02-28,1,0,0,0,2.45
M00981,C02744,Email,Loyalty Offer,2025-08-05,1,0,0,0,6.48
M00982,C01648,Email,Win Back,2025-07-14,1,0,0,0,0.83
M00983,C01643,SMS,Weekend Offer,2025-03-30,1,0,0,0,3.03
M00984,C00953,Push,Clearance,2025-11-17,1,1,0,0,4.7
M00985,C04601,Push,New Arrival,2025-07-08,1,1,0,0,0.9
M00986,C00897,Social,Weekend Offer,2025-03-11,1,1,0,0,6.5
M00987,C03848,Push,Weekend Offer,2025-12-21,1,0,0,0,5.4
M00988,C03236,Email,Loyalty Offer,2025-03-19,1,1,1,0,4.61
M00989,C03017,Social,Loyalty Offer,2025-10-02,1,0,0,0,4.54
M00990,C01040,Email,Clearance,2025-03-29,1,1,1,0,5.12
M00991,C04380,Push,Weekend Offer,2025-06-13,1,1,1,1,4.86
M00992,C02236,Social,Win Back,2025-05-27,1,0,0,0,4.95
M00993,C00873,Social,New Arrival,2025-06-02,1,1,1,1,1.05
M00994,C00061,Push,Win Back,2025-08-30,1,1,1,0,2.21
M00995,C04575,Email,Win Back,2025-02-09,1,0,0,0,7.25
M00996,C01531,Email,Festive Sale,2025-12-17,1,0,0,0,4.97
M00997,C02563,SMS,Weekend Offer,2025-09-09,1,0,0,0,2.62
M00998,C02115,Email,Loyalty Offer,2025-06-13,1,0,0,0,6.79
M00999,C00588,Email,Win Back,2025-05-21,1,0,0,0,5.45
M01000,C01994,SMS,Festive Sale,2025-04-19,1,0,0,0,6.04
M01001,C01401,SMS,Loyalty Offer,2025-04-19,1,0,0,0,6.9
M01002,C01972,SMS,Weekend Offer,2025-04-30,1,0,0,0,7.36
M01003,C03515,Email,Loyalty Offer,2025-08-14,1,0,0,0,5.66
M01004,C03625,SMS,Festive Sale,2025-03-04,1,1,1,0,7.82
M01005,C01375,Push,Weekend Offer,2025-08-06,1,1,1,0,6.01
M01006,C01766,Push,Loyalty Offer,2025-08-16,1,0,0,0,6.81
M01007,C01380,SMS,Weekend Offer,2025-07-08,1,0,0,0,4.01
M01008,C02332,Email,Clearance,2025-04-23,1,1,1,1,4.76
M01009,C00895,Email,Win Back,2025-05-26,1,0,0,0,4.26
M01010,C03188,SMS,Loyalty Offer,2025-08-10,1,0,0,0,5.07
M01011,C04787,Email,Festive Sale,2025-06-21,1,1,0,0,3.31
M01012,C01718,SMS,Win Back,2025-09-25,1,1,1,0,6.31
M01013,C03567,Social,Clearance,2025-06-12,1,0,0,0,7.41
M01014,C04039,Push,New Arrival,2025-03-31,1,0,0,0,3.27
M01015,C04582,Push,Win Back,2025-11-17,1,1,0,0,6.79
M01016,C04896,Social,Clearance,2025-09-25,1,1,0,0,0.93
M01017,C02449,Email,New Arrival,2025-03-14,1,1,1,0,5.18
M01018,C04616,Email,Festive Sale,2025-07-22,1,0,0,0,0.94
M01019,C03227,Email,Festive Sale,2025-01-29,1,1,0,0,1.01
M01020,C00378,Social,Festive Sale,2025-03-11,1,1,0,0,1.89
M01021,C00451,Push,Loyalty Offer,2025-04-05,1,0,0,0,4.16
M01022,C04554,Social,Weekend Offer,2025-09-08,1,0,0,0,7.7
M01023,C01645,Email,Clearance,2025-02-21,1,0,0,0,3.39
M01024,C03073,Email,New Arrival,2025-03-26,1,0,0,0,4.81
M01025,C00442,Email,New Arrival,2025-04-09,1,0,0,0,7.59
M01026,C01691,Email,Loyalty Offer,2025-04-02,1,0,0,0,3.44
M01027,C03183,Email,Weekend Offer,2025-10-01,1,1,0,0,3.72
M01028,C04708,Push,Clearance,2025-10-30,1,0,1,0,3.33
M01029,C04445,Email,Clearance,2025-06-14,1,0,0,0,4.21
M01030,C02227,Email,Festive Sale,2025-03-24,1,1,1,0,7.03
M01031,C02092,Email,Festive Sale,2025-11-15,1,0,0,0,7.12
M01032,C03107,Email,New Arrival,2025-07-25,1,0,0,0,4.08
M01033,C00080,Email,Festive Sale,2025-11-15,1,0,0,0,0.84
M01034,C03015,Email,Weekend Offer,2025-11-15,1,0,0,0,5.32
M01035,C04734,Email,New Arrival,2025-03-01,1,1,0,0,4.69
M01036,C03906,Push,Loyalty Offer,2025-08-19,1,0,0,0,5.08
M01037,C04367,Social,Clearance,2025-02-22,1,1,1,0,7.02
M01038,C03346,Push,Weekend Offer,2025-07-07,1,0,0,0,3.59
M01039,C02101,Email,Win Back,2025-07-24,1,0,0,0,1.96
M01040,C02811,Push,Festive Sale,2025-10-08,1,1,0,0,6.64
M01041,C00101,Email,Clearance,2025-05-22,1,1,1,0,7.76
M01042,C01687,Email,New Arrival,2025-09-27,1,1,1,0,6.54
M01043,C03677,SMS,Win Back,2025-07-21,1,0,0,0,4.12
M01044,C01943,Email,Win Back,2025-10-21,1,0,0,0,1.17
M01045,C01178,Push,Weekend Offer,2025-07-29,1,0,0,0,1.02
M01046,C01799,Email,Weekend Offer,2025-06-26,1,0,0,0,7.8
M01047,C00839,Email,New Arrival,2025-06-15,1,0,0,0,1.99
M01048,C01243,Email,Clearance,2025-01-16,1,0,0,0,6.37
M01049,C02796,Push,Loyalty Offer,2025-04-06,1,1,1,0,5.66
M01050,C00993,Email,New Arrival,2025-08-14,1,1,1,0,1.45
M01051,C01403,Email,Weekend Offer,2025-01-09,1,0,0,0,6.46
M01052,C04906,Email,Weekend Offer,2025-04-08,1,0,0,0,3.26
M01053,C04439,Email,Win Back,2025-06-29,1,0,0,0,7.58
M01054,C02441,Email,Win Back,2025-12-25,1,1,0,0,0.76
M01055,C00344,Push,Win Back,2025-08-14,1,1,0,0,3.72
M01056,C01274,Social,New Arrival,2025-07-04,1,0,0,0,2.59
M01057,C01936,Email,Weekend Offer,2025-12-06,1,0,0,0,4.26
M01058,C00121,Social,Festive Sale,2025-09-30,1,0,0,0,5.3
M01059,C04344,Email,Festive Sale,2025-04-11,1,0,0,0,5.48
M01060,C03991,Email,New Arrival,2025-11-04,1,1,0,0,1.15
M01061,C04090,Push,Clearance,2025-07-21,1,0,0,0,1.14
M01062,C03100,Email,New Arrival,2025-12-28,1,1,0,0,4.89
M01063,C03197,SMS,Festive Sale,2025-03-09,1,1,0,0,5.55
M01064,C04451,Email,New Arrival,2025-07-17,1,0,0,0,7.14
M01065,C02184,Push,Clearance,2025-05-01,1,0,0,0,2.45
M01066,C01287,Push,Win Back,2025-09-28,1,1,1,0,6.46
M01067,C00741,Email,Weekend Offer,2025-03-07,1,1,0,0,6.33
M01068,C02955,Push,Weekend Offer,2025-07-19,1,1,0,0,3.76
M01069,C00428,SMS,New Arrival,2025-05-07,1,1,0,0,7.01
M01070,C04089,Email,Festive Sale,2025-07-16,1,1,0,0,7.84
M01071,C04230,Email,Win Back,2025-12-15,1,1,0,0,2.18
M01072,C04829,Social,Festive Sale,2025-03-04,1,0,0,0,6.21
M01073,C04452,Email,Win Back,2025-06-30,1,0,0,0,3.13
M01074,C01886,Email,New Arrival,2025-05-26,1,0,0,0,4.55
M01075,C03796,Social,New Arrival,2025-08-14,1,0,0,0,3.03
M01076,C01804,Social,Festive Sale,2025-09-19,1,0,0,0,1.31
M01077,C01053,Push,Clearance,2025-04-05,1,0,0,0,6.36
M01078,C00891,Email,Festive Sale,2025-05-10,1,0,0,0,5.76
M01079,C02792,Push,New Arrival,2025-08-03,1,0,0,0,1.84
M01080,C03919,Email,Win Back,2025-12-14,1,1,0,0,5.69
M01081,C01730,Social,New Arrival,2025-11-29,1,1,0,0,4.4
M01082,C02134,Social,Win Back,2025-01-02,1,0,0,0,0.81
M01083,C00650,Email,Festive Sale,2025-06-22,1,0,0,0,2.36
M01084,C01997,Email,Loyalty Offer,2025-11-19,1,0,0,0,7.63
M01085,C02433,Push,Win Back,2025-02-17,1,1,0,0,2.49
M01086,C03156,SMS,Win Back,2025-04-13,1,1,0,0,5.6
M01087,C00821,Push,Loyalty Offer,2025-02-22,1,0,0,0,6.82
M01088,C03301,Push,New Arrival,2025-03-08,1,0,0,0,1.48
M01089,C00930,Email,Loyalty Offer,2025-09-01,1,1,1,0,7.64
M01090,C00278,Email,Clearance,2025-06-07,1,1,0,0,1.99
M01091,C02478,Email,Festive Sale,2025-08-24,1,0,0,0,7.77
M01092,C03070,Push,Win Back,2025-05-07,1,1,0,0,1.6
M01093,C01208,Email,Win Back,2025-10-21,1,0,0,0,7.37
M01094,C01664,SMS,Weekend Offer,2025-01-26,1,1,0,0,5.56
M01095,C03358,Email,Loyalty Offer,2025-05-03,1,1,0,0,2.49
M01096,C00637,Email,New Arrival,2025-06-16,1,0,0,0,2.81
M01097,C03351,Social,Win Back,2025-11-27,1,0,0,0,0.75
M01098,C03295,Email,Weekend Offer,2025-09-29,1,1,0,0,0.59
M01099,C01526,Social,Win Back,2025-06-15,1,1,1,0,4.63
M01100,C04430,Social,Win Back,2025-04-04,1,1,1,0,7.64
M01101,C03985,Email,Loyalty Offer,2025-12-04,1,1,1,0,4.83
M01102,C01726,Social,Weekend Offer,2025-05-23,1,1,0,0,2.8
M01103,C01913,Social,Loyalty Offer,2025-08-01,1,0,0,0,0.52
M01104,C02810,Email,Weekend Offer,2025-03-14,1,0,0,0,0.77
M01105,C02273,Email,Loyalty Offer,2025-04-13,1,0,0,0,5.71
M01106,C00650,Email,Win Back,2025-07-22,1,1,0,0,3.32
M01107,C02283,Social,Clearance,2025-01-19,1,1,1,1,5.67
M01108,C02180,Push,New Arrival,2025-09-06,1,1,0,0,2.52
M01109,C04222,Social,Weekend Offer,2025-11-27,1,1,1,0,4.27
M01110,C02107,SMS,Win Back,2025-12-14,1,0,0,0,6.96
M01111,C01181,Email,Win Back,2025-12-28,1,1,0,0,2.6
M01112,C01928,Social,Win Back,2025-12-22,1,0,0,0,1.7
M01113,C02665,Email,Weekend Offer,2025-12-22,1,1,0,0,1.0
M01114,C03336,Social,Festive Sale,2025-02-18,1,0,0,0,4.35
M01115,C00256,Social,Festive Sale,2025-10-29,1,1,1,0,2.48
M01116,C01681,Social,Weekend Offer,2025-03-31,1,0,0,0,4.59
M01117,C00136,Push,New Arrival,2025-04-24,1,0,0,0,6.07
M01118,C02030,Email,Clearance,2025-11-16,1,0,0,0,1.97
M01119,C00831,Email,Loyalty Offer,2025-10-14,1,1,0,0,2.69
M01120,C02489,Social,Loyalty Offer,2025-12-26,1,0,0,0,2.92
M01121,C02025,Email,Festive Sale,2025-06-10,1,1,0,0,7.41
M01122,C02467,Push,New Arrival,2025-10-30,1,0,0,0,0.99
M01123,C03855,Email,Loyalty Offer,2025-11-20,1,1,0,0,2.6
M01124,C03450,Push,New Arrival,2025-06-10,1,1,0,0,1.89
M01125,C02182,Push,Weekend Offer,2025-01-14,1,0,0,0,7.93
M01126,C01019,Email,New Arrival,2025-04-02,1,0,0,0,3.84
M01127,C03478,SMS,Festive Sale,2025-03-08,1,1,0,0,3.37
M01128,C03475,Social,Weekend Offer,2025-07-07,1,0,0,0,1.87
M01129,C02266,Email,Festive Sale,2025-10-28,1,0,0,0,3.9
M01130,C04497,Email,Clearance,2025-03-03,1,0,0,0,7.47
M01131,C01703,Push,New Arrival,2025-03-10,1,1,0,0,6.18
M01132,C02125,Email,Clearance,2025-11-27,1,1,0,0,6.95
M01133,C04660,Social,Win Back,2025-08-29,1,1,1,1,3.41
M01134,C03235,Push,Weekend Offer,2025-02-17,1,0,0,0,2.11
M01135,C04225,Email,Loyalty Offer,2025-10-20,1,1,0,0,2.82
M01136,C02022,SMS,Win Back,2025-05-12,1,0,0,1,7.47
M01137,C00953,SMS,Win Back,2025-05-14,1,0,0,0,4.82
M01138,C01667,Email,Win Back,2025-03-27,1,1,0,0,3.26
M01139,C04413,Email,Loyalty Offer,2025-05-11,1,0,0,0,1.97
M01140,C00013,Email,Weekend Offer,2025-10-10,1,1,1,1,0.69
M01141,C02451,Push,Win Back,2025-01-04,1,1,0,0,3.5
M01142,C00146,Social,Festive Sale,2025-11-05,1,0,0,0,1.0
M01143,C03074,SMS,Weekend Offer,2025-01-08,1,0,0,0,7.02
M01144,C02322,SMS,Loyalty Offer,2025-09-18,1,1,0,0,7.91
M01145,C04303,SMS,New Arrival,2025-02-28,1,0,0,0,4.97
M01146,C03068,Push,New Arrival,2025-06-10,1,0,0,0,2.69
M01147,C00866,SMS,Loyalty Offer,2025-07-19,1,0,0,0,2.76
M01148,C01537,Email,New Arrival,2025-04-29,1,0,0,0,7.19
M01149,C00450,Social,Loyalty Offer,2025-01-01,1,1,0,0,4.19
M01150,C04448,Social,Loyalty Offer,2025-02-01,1,1,0,0,4.32
M01151,C00391,Email,Win Back,2025-09-01,1,0,0,0,7.29
M01152,C04719,Email,Clearance,2025-11-11,1,1,1,0,2.75
M01153,C02168,Email,Clearance,2025-09-01,1,0,0,0,2.42
M01154,C00871,Email,Clearance,2025-09-23,1,1,0,0,3.87
M01155,C01283,Social,Loyalty Offer,2025-10-10,1,0,0,0,3.79
M01156,C00817,Push,Loyalty Offer,2025-05-07,1,1,0,0,5.69
M01157,C00585,SMS,Win Back,2025-08-11,1,1,1,0,3.54
M01158,C01830,SMS,Win Back,2025-11-27,1,1,0,0,5.15
M01159,C01587,Push,Festive Sale,2025-11-16,1,0,0,0,1.35
M01160,C04484,SMS,Win Back,2025-07-03,1,0,0,0,3.55
M01161,C04646,Email,New Arrival,2025-12-19,1,0,0,0,1.79
M01162,C02142,Push,Clearance,2025-03-05,1,1,1,0,1.02
M01163,C01633,Social,Weekend Offer,2025-01-02,1,0,0,0,3.35
M01164,C03180,Social,New Arrival,2025-04-01,1,0,0,0,7.49
M01165,C01346,Email,Weekend Offer,2025-10-20,1,0,0,0,1.72
M01166,C03856,Email,New Arrival,2025-09-27,1,0,0,0,2.57
M01167,C00244,SMS,Loyalty Offer,2025-05-20,1,0,0,0,5.23
M01168,C00228,Email,Clearance,2025-04-03,1,0,0,0,1.03
M01169,C00087,SMS,Weekend Offer,2025-02-13,1,0,0,0,3.94
M01170,C01208,Social,Clearance,2025-12-08,1,0,0,0,3.77
M01171,C00001,Email,Win Back,2025-03-13,1,0,0,0,2.24
M01172,C04886,Social,Festive Sale,2025-11-07,1,1,0,0,1.07
M01173,C00196,Email,Clearance,2025-10-07,1,0,0,0,4.11
M01174,C03312,Social,Loyalty Offer,2025-04-17,1,0,0,0,1.59
M01175,C02502,Social,Loyalty Offer,2025-11-21,1,1,0,0,4.54
M01176,C02357,Email,Loyalty Offer,2025-01-28,1,1,0,0,5.69
M01177,C04359,Email,Festive Sale,2025-03-16,1,1,0,0,3.86
M01178,C03356,Email,Loyalty Offer,2025-05-12,1,1,1,1,4.94
M01179,C02057,Email,Festive Sale,2025-02-05,1,0,0,0,3.31
M01180,C01806,Email,Win Back,2025-11-01,1,1,0,0,2.19
M01181,C03531,Push,Win Back,2025-12-09,1,0,0,0,7.65
M01182,C00339,Email,Clearance,2025-09-24,1,1,0,0,3.45
M01183,C03573,Social,Festive Sale,2025-07-26,1,1,0,0,1.18
M01184,C03752,Email,New Arrival,2025-06-17,1,0,0,0,5.76
M01185,C02009,Social,Weekend Offer,2025-07-30,1,1,0,0,7.41
M01186,C01881,Push,Win Back,2025-09-02,1,0,0,0,5.63
M01187,C04026,SMS,Weekend Offer,2025-08-12,1,1,0,0,5.06
M01188,C00885,Social,New Arrival,2025-03-27,1,1,0,0,7.9
M01189,C02973,Push,Weekend Offer,2025-01-01,1,0,0,0,3.37
M01190,C03838,Push,Win Back,2025-01-20,1,0,0,0,0.58
M01191,C01650,SMS,Festive Sale,2025-02-27,1,1,1,1,5.26
M01192,C02073,Push,Loyalty Offer,2025-05-18,1,0,0,0,5.12
M01193,C04936,Social,Weekend Offer,2025-02-15,1,0,0,0,3.77
M01194,C02019,Push,New Arrival,2025-12-29,1,1,0,0,2.94
M01195,C03847,Social,Loyalty Offer,2025-06-03,1,1,0,0,7.02
M01196,C00217,Email,Festive Sale,2025-11-01,1,0,0,0,1.75
M01197,C01759,Push,Win Back,2025-07-17,1,0,0,0,7.72
M01198,C00493,Email,Weekend Offer,2025-09-20,1,1,0,0,3.09
M01199,C00361,Email,Loyalty Offer,2025-11-03,1,1,1,0,2.14
M01200,C00379,Push,Weekend Offer,2025-05-26,1,1,0,0,4.44
M01201,C04521,SMS,New Arrival,2025-11-23,1,1,0,0,5.71
M01202,C00280,Email,Clearance,2025-10-02,1,1,0,0,0.99
M01203,C03798,Push,Clearance,2025-09-14,1,1,0,0,5.71
M01204,C04045,Email,New Arrival,2025-07-12,1,0,0,0,7.98
M01205,C04723,Push,Weekend Offer,2025-02-11,1,0,0,0,7.91
M01206,C00223,Email,New Arrival,2025-09-20,1,1,1,1,5.84
M01207,C01138,Email,Clearance,2025-07-19,1,1,1,0,3.23
M01208,C01880,Social,New Arrival,2025-04-22,1,1,1,1,0.59
M01209,C02837,Social,Festive Sale,2025-03-31,1,0,0,0,1.35
M01210,C02386,Email,Festive Sale,2025-11-26,1,0,0,0,6.35
M01211,C02379,Email,Loyalty Offer,2025-06-06,1,1,0,0,4.86
M01212,C02949,Email,Festive Sale,2025-05-04,1,0,0,0,4.37
M01213,C02394,Email,Loyalty Offer,2025-08-17,1,1,1,1,5.58
M01214,C03701,Email,Loyalty Offer,2025-12-03,1,1,0,0,0.5
M01215,C03197,Email,Win Back,2025-01-22,1,0,0,0,2.77
M01216,C00848,Email,Loyalty Offer,2025-12-13,1,0,1,1,5.15
M01217,C03667,Email,Clearance,2025-12-21,1,1,1,1,2.71
M01218,C03345,Email,Weekend Offer,2025-04-11,1,0,0,0,4.86
M01219,C00746,SMS,New Arrival,2025-11-28,1,0,0,0,3.2
M01220,C02645,Email,Weekend Offer,2025-06-18,1,0,0,0,6.09
M01221,C03138,SMS,Clearance,2025-05-27,1,0,0,0,7.61
M01222,C02227,Email,Weekend Offer,2025-07-18,1,1,1,0,6.73
M01223,C04069,SMS,Clearance,2025-09-19,1,0,0,0,3.93
M01224,C01368,Email,Loyalty Offer,2025-04-13,1,1,0,0,7.03
M01225,C01479,Social,Festive Sale,2025-07-16,1,1,0,0,0.54
M01226,C02513,Email,Festive Sale,2025-09-01,1,0,0,0,1.43
M01227,C04119,Social,Win Back,2025-08-22,1,0,0,0,4.52
M01228,C04122,SMS,Weekend Offer,2025-04-23,1,1,0,0,3.78
M01229,C03084,SMS,Loyalty Offer,2025-04-04,1,1,0,0,5.2
M01230,C01143,Email,Weekend Offer,2025-02-23,1,0,0,0,5.34
M01231,C02235,Push,Festive Sale,2025-12-19,1,0,0,0,6.82
M01232,C04355,SMS,New Arrival,2025-05-21,1,0,0,0,4.55
M01233,C04170,Push,Festive Sale,2025-01-15,1,0,0,0,7.44
M01234,C04265,Email,Win Back,2025-09-02,1,1,0,0,2.35
M01235,C00943,Social,Festive Sale,2025-10-07,1,0,0,0,5.73
M01236,C00898,Social,Weekend Offer,2025-07-31,1,0,0,0,3.19
M01237,C00550,SMS,Weekend Offer,2025-07-11,1,0,0,0,6.42
M01238,C03777,Email,New Arrival,2025-08-14,1,0,0,0,2.48
M01239,C01934,Social,Weekend Offer,2025-03-02,1,0,0,0,3.6
M01240,C03161,SMS,Win Back,2025-11-18,1,0,0,0,2.87
M01241,C02466,Email,Win Back,2025-02-12,1,1,1,0,1.5
M01242,C04268,Social,Festive Sale,2025-05-03,1,0,0,0,6.32
M01243,C01573,SMS,Win Back,2025-05-30,1,1,1,0,7.93
M01244,C04224,Push,Loyalty Offer,2025-11-30,1,0,0,0,7.49
M01245,C01056,Social,Weekend Offer,2025-10-13,1,0,0,0,6.56
M01246,C02032,Email,Clearance,2025-01-25,1,0,0,0,3.21
M01247,C01860,Email,New Arrival,2025-05-24,1,1,0,0,5.97
M01248,C01849,Email,Festive Sale,2025-04-17,1,1,0,0,5.95
M01249,C00449,Email,Weekend Offer,2025-01-11,1,0,0,0,4.56
M01250,C04178,Email,Clearance,2025-08-19,1,1,0,0,2.46
M01251,C02492,Email,Loyalty Offer,2025-08-09,1,1,0,0,5.47
M01252,C04106,Push,Weekend Offer,2025-06-18,1,1,0,0,5.96
M01253,C02023,Social,Weekend Offer,2025-07-26,1,1,1,0,3.5
M01254,C01170,Social,New Arrival,2025-07-31,1,1,0,0,2.38
M01255,C03047,Social,Win Back,2025-12-29,1,1,1,0,2.28
M01256,C00950,Email,Win Back,2025-12-16,1,0,0,0,2.69
M01257,C02762,Social,Loyalty Offer,2025-07-08,1,1,0,0,4.59
M01258,C01981,SMS,New Arrival,2025-04-29,1,0,0,0,2.25
M01259,C04932,SMS,Festive Sale,2025-09-28,1,1,0,0,1.61
M01260,C01229,Email,Clearance,2025-03-11,1,1,0,0,7.88
M01261,C02519,Social,Weekend Offer,2025-11-29,1,0,0,0,5.73
M01262,C02926,Email,New Arrival,2025-03-31,1,0,0,0,6.48
M01263,C02000,Email,Weekend Offer,2025-09-10,1,0,0,0,2.84
M01264,C00619,Email,Weekend Offer,2025-05-04,1,1,1,0,6.45
M01265,C02113,Push,Clearance,2025-12-17,1,0,0,0,3.24
M01266,C03674,Email,Win Back,2025-03-07,1,0,0,0,2.55
M01267,C01989,Social,Win Back,2025-12-09,1,1,0,0,2.21
M01268,C01141,Push,Festive Sale,2025-12-03,1,0,0,0,1.48
M01269,C01819,SMS,Weekend Offer,2025-02-01,1,0,0,0,1.31
M01270,C00891,Push,Win Back,2025-09-01,1,1,1,1,7.03
M01271,C01022,Email,Clearance,2025-07-18,1,1,0,0,5.34
M01272,C00523,Email,Festive Sale,2025-04-14,1,0,0,0,5.05
M01273,C02543,Social,Clearance,2025-08-04,1,0,0,0,2.82
M01274,C04751,Email,Festive Sale,2025-07-30,1,1,1,0,3.19
M01275,C04295,Email,New Arrival,2025-04-14,1,0,0,0,7.35
M01276,C03452,SMS,Festive Sale,2025-05-10,1,1,0,0,7.04
M01277,C03516,Email,Loyalty Offer,2025-09-15,1,0,0,0,5.81
M01278,C04803,Social,New Arrival,2025-07-17,1,1,0,0,7.94
M01279,C03897,Email,Win Back,2025-11-28,1,0,0,0,3.16
M01280,C04121,Email,Festive Sale,2025-05-24,1,0,0,0,5.61
M01281,C00534,SMS,Win Back,2025-10-30,1,1,1,1,3.15
M01282,C01474,SMS,New Arrival,2025-09-09,1,0,0,0,4.84
M01283,C02759,SMS,New Arrival,2025-09-07,1,1,1,0,4.75
M01284,C00478,Push,Loyalty Offer,2025-04-30,1,1,0,0,2.49
M01285,C04969,Email,Win Back,2025-01-03,1,0,0,0,2.11
M01286,C04871,Social,Loyalty Offer,2025-12-28,1,0,0,0,4.08
M01287,C02697,Social,New Arrival,2025-03-20,1,0,0,0,4.98
M01288,C00237,SMS,Clearance,2025-02-14,1,0,0,0,4.14
M01289,C02212,Email,Clearance,2025-09-25,1,1,1,0,4.75
M01290,C00007,Push,Win Back,2025-09-16,1,0,0,0,3.88
M01291,C00206,Email,Win Back,2025-10-13,1,1,0,0,1.5
M01292,C00541,Email,Win Back,2025-12-23,1,1,0,0,7.65
M01293,C02995,Social,Loyalty Offer,2025-12-14,1,0,0,0,2.49
M01294,C00856,SMS,Weekend Offer,2025-10-25,1,1,0,0,7.05
M01295,C02117,Email,New Arrival,2025-06-21,1,1,0,0,1.45
M01296,C01763,Social,Clearance,2025-08-23,1,0,0,0,1.85
M01297,C02352,Email,Clearance,2025-11-26,1,0,0,0,6.17
M01298,C04946,Email,Win Back,2025-12-22,1,0,0,0,4.86
M01299,C02500,SMS,Loyalty Offer,2025-03-29,1,0,0,0,0.52
M01300,C01612,SMS,Festive Sale,2025-11-10,1,1,0,0,0.89
M01301,C04658,Social,Clearance,2025-04-28,1,1,0,0,1.31
M01302,C03940,Social,Win Back,2025-07-29,1,0,0,0,4.24
M01303,C02331,Email,Weekend Offer,2025-07-31,1,0,0,0,0.93
M01304,C02335,Push,Win Back,2025-03-13,1,0,0,0,1.58
M01305,C04147,Social,New Arrival,2025-04-29,1,0,0,0,5.22
M01306,C03508,Social,Clearance,2025-09-08,1,0,0,0,0.55
M01307,C02341,Email,Weekend Offer,2025-09-06,1,1,1,1,3.67
M01308,C00205,SMS,Loyalty Offer,2025-06-18,1,0,0,0,4.26
M01309,C02268,Push,Win Back,2025-05-20,1,0,0,0,1.11
M01310,C01486,Email,New Arrival,2025-06-15,1,0,0,0,3.54
M01311,C04565,Email,New Arrival,2025-08-31,1,0,0,0,5.05
M01312,C04417,Push,New Arrival,2025-07-30,1,1,0,0,5.32
M01313,C00458,Email,Weekend Offer,2025-05-09,1,1,1,0,4.89
M01314,C03807,SMS,Win Back,2025-04-22,1,1,0,0,4.15
M01315,C01174,Email,Weekend Offer,2025-06-04,1,1,0,0,7.76
M01316,C01069,Social,Win Back,2025-06-18,1,0,0,0,0.64
M01317,C01262,Social,Win Back,2025-09-23,1,0,0,0,5.58
M01318,C03673,Push,Weekend Offer,2025-07-29,1,0,0,0,0.57
M01319,C01842,Email,Win Back,2025-05-21,1,0,0,0,7.02
M01320,C03881,Email,Weekend Offer,2025-06-19,1,0,0,0,6.77
M01321,C02733,SMS,Loyalty Offer,2025-06-23,1,0,0,0,1.7
M01322,C00156,Social,Festive Sale,2025-12-27,1,1,1,1,5.17
M01323,C00837,Email,Win Back,2025-01-20,1,0,0,0,6.42
M01324,C00487,Email,New Arrival,2025-06-08,1,0,0,0,2.69
M01325,C04889,Email,Weekend Offer,2025-04-20,1,1,1,0,6.09
M01326,C03447,SMS,Win Back,2025-02-08,1,1,1,1,4.11
M01327,C00856,Email,Festive Sale,2025-07-31,1,1,0,0,2.48
M01328,C04064,Email,Win Back,2025-08-28,1,1,0,0,1.55
M01329,C03219,Email,Festive Sale,2025-09-15,1,0,0,0,2.57
M01330,C04568,Email,New Arrival,2025-04-01,1,1,0,0,2.06
M01331,C03517,SMS,Weekend Offer,2025-08-07,1,1,1,0,1.0
M01332,C00030,Social,Win Back,2025-10-05,1,1,1,0,0.71
M01333,C04386,SMS,Clearance,2025-12-07,1,1,0,0,7.73
M01334,C02404,SMS,New Arrival,2025-11-27,1,0,0,0,0.64
M01335,C03109,Email,Weekend Offer,2025-01-24,1,1,0,0,6.14
M01336,C00214,Push,Loyalty Offer,2025-09-23,1,1,0,0,4.14
M01337,C01679,SMS,Weekend Offer,2025-10-02,1,0,0,0,6.33
M01338,C02672,Email,Loyalty Offer,2025-02-28,1,0,0,0,1.6
M01339,C02540,Email,Festive Sale,2025-10-22,1,1,0,0,2.4
M01340,C02998,Email,New Arrival,2025-09-03,1,1,1,0,7.64
M01341,C03992,SMS,Win Back,2025-07-12,1,0,0,0,4.91
M01342,C02660,Email,Win Back,2025-12-25,1,0,0,0,4.56
M01343,C02981,SMS,Win Back,2025-12-11,1,1,0,0,5.77
M01344,C04835,Email,Loyalty Offer,2025-06-22,1,0,0,0,6.65
M01345,C03663,Email,Loyalty Offer,2025-05-17,1,0,0,0,2.97
M01346,C04192,Social,Clearance,2025-08-19,1,0,0,0,3.03
M01347,C00890,Email,New Arrival,2025-05-10,1,1,0,0,1.28
M01348,C00537,SMS,New Arrival,2025-08-30,1,1,0,0,3.48
M01349,C04165,SMS,Weekend Offer,2025-07-30,1,0,0,0,7.99
M01350,C03147,Email,Weekend Offer,2025-06-23,1,0,0,0,3.16
M01351,C00530,Push,New Arrival,2025-07-17,1,1,0,1,7.0
M01352,C02415,Email,Clearance,2025-05-26,1,0,0,0,7.04
M01353,C01263,Email,Clearance,2025-02-25,1,1,0,0,1.11
M01354,C01970,Email,Win Back,2025-01-20,1,0,0,0,1.35
M01355,C00124,Email,Loyalty Offer,2025-09-21,1,1,0,0,4.94
M01356,C04976,Social,Weekend Offer,2025-10-05,1,1,0,0,2.37
M01357,C00083,Push,Weekend Offer,2025-10-26,1,0,0,0,7.98
M01358,C02750,Email,Weekend Offer,2025-10-31,1,1,0,0,3.94
M01359,C02924,SMS,Loyalty Offer,2025-02-11,1,0,1,1,1.31
M01360,C02623,Social,New Arrival,2025-09-26,1,0,0,0,6.11
M01361,C00268,Email,Festive Sale,2025-09-22,1,0,0,0,4.83
M01362,C02234,Social,Weekend Offer,2025-06-04,1,0,0,0,1.18
M01363,C02721,Push,Clearance,2025-01-26,1,1,0,0,3.31
M01364,C01584,Social,New Arrival,2025-12-12,1,0,0,0,3.67
M01365,C00795,Email,Weekend Offer,2025-09-22,1,1,0,0,1.39
M01366,C02778,Social,Festive Sale,2025-10-29,1,0,0,0,1.98
M01367,C01029,Email,Weekend Offer,2025-04-04,1,0,0,0,2.78
M01368,C02120,Email,Win Back,2025-12-11,1,0,0,0,3.25
M01369,C01988,SMS,Weekend Offer,2025-11-09,1,1,1,0,3.92
M01370,C02725,Email,Win Back,2025-12-27,1,0,0,0,4.14
M01371,C02071,Email,Festive Sale,2025-07-01,1,0,0,0,5.41
M01372,C02046,SMS,Win Back,2025-09-19,1,1,0,0,7.65
M01373,C00665,Email,New Arrival,2025-12-18,1,0,0,0,6.34
M01374,C01837,Email,Clearance,2025-03-18,1,1,1,0,7.93
M01375,C01175,Email,New Arrival,2025-06-13,1,0,0,0,3.34
M01376,C02256,Email,Festive Sale,2025-08-26,1,0,0,0,2.3
M01377,C03650,Email,Clearance,2025-11-20,1,0,0,0,4.17
M01378,C03953,Email,New Arrival,2025-02-15,1,1,1,0,1.82
M01379,C00480,Social,Win Back,2025-10-21,1,1,0,0,5.98
M01380,C01653,Email,Loyalty Offer,2025-04-22,1,1,0,0,1.63
M01381,C02365,SMS,Weekend Offer,2025-11-07,1,1,0,0,5.05
M01382,C03991,Social,Loyalty Offer,2025-08-23,1,0,0,0,5.27
M01383,C01861,Email,Loyalty Offer,2025-10-03,1,0,0,0,5.74
M01384,C00123,SMS,Loyalty Offer,2025-03-27,1,1,0,0,4.75
M01385,C00230,Social,New Arrival,2025-10-20,1,1,1,0,4.13
M01386,C03174,Push,New Arrival,2025-12-23,1,0,0,0,3.33
M01387,C02827,Push,Loyalty Offer,2025-04-22,1,1,1,0,1.77
M01388,C01067,SMS,Festive Sale,2025-12-26,1,0,0,0,5.2
M01389,C01155,Email,New Arrival,2025-01-23,1,1,1,1,3.38
M01390,C02145,Email,Festive Sale,2025-08-08,1,0,0,0,7.7
M01391,C00379,SMS,Win Back,2025-12-19,1,1,1,0,1.47
M01392,C00455,Email,Clearance,2025-11-28,1,1,1,0,1.04
M01393,C00566,Email,Festive Sale,2025-11-23,1,1,0,0,7.74
M01394,C03098,Push,Clearance,2025-05-24,1,0,0,0,6.77
M01395,C01569,Email,New Arrival,2025-11-13,1,0,0,0,2.08
M01396,C00838,Push,New Arrival,2025-10-13,1,0,0,0,1.98
M01397,C00757,Email,New Arrival,2025-09-28,1,1,0,0,1.75
M01398,C03784,Email,Festive Sale,2025-05-14,1,0,0,0,6.63
M01399,C00771,Social,Clearance,2025-09-24,1,0,0,0,3.79
M01400,C02032,SMS,Loyalty Offer,2025-09-26,1,0,0,0,1.49
M01401,C03091,Social,Weekend Offer,2025-01-29,1,0,0,0,1.93
M01402,C02518,Email,Festive Sale,2025-11-25,1,1,0,0,6.35
M01403,C04057,Social,Weekend Offer,2025-11-23,1,1,0,0,4.03
M01404,C03670,Email,New Arrival,2025-12-04,1,0,0,0,2.79
M01405,C00729,Social,Weekend Offer,2025-05-02,1,0,0,0,1.38
M01406,C04709,Social,Win Back,2025-03-21,1,0,0,0,6.44
M01407,C03211,SMS,Loyalty Offer,2025-10-20,1,1,1,0,2.02
M01408,C01725,SMS,Clearance,2025-02-12,1,0,0,0,6.22
M01409,C02005,Social,Win Back,2025-03-15,1,0,0,0,6.42
M01410,C01271,Email,New Arrival,2025-03-22,1,0,0,0,4.99
M01411,C02800,Email,New Arrival,2025-09-09,1,0,0,0,6.1
M01412,C03225,SMS,Win Back,2025-06-16,1,1,1,1,2.01
M01413,C01451,Social,Win Back,2025-07-28,1,0,0,0,4.6
M01414,C04422,Social,Loyalty Offer,2025-11-04,1,0,0,0,2.87
M01415,C02482,Email,Loyalty Offer,2025-10-11,1,0,0,0,2.69
M01416,C00721,Email,Win Back,2025-03-22,1,0,0,0,6.22
M01417,C01215,Social,New Arrival,2025-11-20,1,0,0,0,2.46
M01418,C00178,SMS,New Arrival,2025-06-05,1,0,0,0,5.71
M01419,C00731,Email,Weekend Offer,2025-05-25,1,1,0,0,5.33
M01420,C01397,Email,Clearance,2025-08-16,1,1,0,0,1.46
M01421,C02733,Social,New Arrival,2025-03-23,1,1,1,0,2.03
M01422,C03884,Push,Festive Sale,2025-04-19,1,0,0,0,2.27
M01423,C01956,Social,Weekend Offer,2025-06-04,1,0,0,0,0.83
M01424,C04011,SMS,Clearance,2025-09-14,1,1,0,0,7.12
M01425,C04824,Email,Festive Sale,2025-09-25,1,1,1,0,6.95
M01426,C01179,Push,Loyalty Offer,2025-03-03,1,0,0,0,5.6
M01427,C00300,SMS,Clearance,2025-03-03,1,0,0,0,6.26
M01428,C00419,SMS,Clearance,2025-09-29,1,1,1,0,5.01
M01429,C04432,Email,Clearance,2025-06-07,1,1,0,0,5.31
M01430,C00513,Push,Loyalty Offer,2025-03-30,1,0,0,0,2.71
M01431,C02802,Social,Weekend Offer,2025-06-24,1,0,0,0,5.2
M01432,C03138,SMS,Weekend Offer,2025-02-12,1,1,1,0,2.86
M01433,C00273,Social,Weekend Offer,2025-03-17,1,0,0,0,4.14
M01434,C04086,Email,Loyalty Offer,2025-10-24,1,0,0,0,2.74
M01435,C00071,SMS,Clearance,2025-02-04,1,1,1,1,0.91
M01436,C02419,Social,Clearance,2025-04-21,1,0,0,0,7.1
M01437,C04054,Email,Weekend Offer,2025-04-16,1,0,0,0,7.58
M01438,C04061,Email,Loyalty Offer,2025-01-07,1,1,0,0,6.08
M01439,C00010,Email,Weekend Offer,2025-11-09,1,0,0,0,7.05
M01440,C00271,Email,Clearance,2025-01-30,1,1,0,0,5.83
M01441,C03805,Push,Weekend Offer,2025-06-27,1,0,1,0,4.22
M01442,C01715,Social,New Arrival,2025-03-10,1,1,0,0,4.71
M01443,C00782,Email,Weekend Offer,2025-12-22,1,1,0,0,2.23
M01444,C00903,Email,Loyalty Offer,2025-06-08,1,0,0,0,7.64
M01445,C04782,Social,Weekend Offer,2025-01-12,1,0,0,0,3.2
M01446,C00412,Push,Loyalty Offer,2025-01-16,1,0,0,0,3.54
M01447,C03570,SMS,Festive Sale,2025-04-02,1,1,0,0,6.0
M01448,C01903,Email,Festive Sale,2025-10-04,1,1,1,1,7.48
M01449,C00055,Email,Festive Sale,2025-12-07,1,0,0,0,1.13
M01450,C00705,Email,Festive Sale,2025-11-18,1,0,0,0,1.63
M01451,C01858,Social,New Arrival,2025-02-25,1,0,0,0,4.94
M01452,C01236,Social,Win Back,2025-12-25,1,0,1,1,7.8
M01453,C04005,Social,Weekend Offer,2025-03-28,1,1,1,0,5.04
M01454,C03804,Push,New Arrival,2025-11-24,1,1,0,0,2.83
M01455,C04137,SMS,Festive Sale,2025-06-08,1,1,1,0,1.17
M01456,C02100,SMS,Win Back,2025-07-20,1,0,0,0,3.89
M01457,C04690,Email,Clearance,2025-08-03,1,0,0,0,0.97
M01458,C00773,Email,Win Back,2025-01-04,1,0,0,0,3.49
M01459,C01254,Social,Win Back,2025-01-28,1,1,0,0,5.46
M01460,C01900,SMS,Weekend Offer,2025-04-12,1,1,0,0,5.54
M01461,C00962,Push,Weekend Offer,2025-11-09,1,1,0,0,2.01
M01462,C02005,Email,Win Back,2025-03-20,1,0,0,0,7.57
M01463,C01258,SMS,Weekend Offer,2025-02-07,1,0,0,0,3.47
M01464,C02014,Push,New Arrival,2025-07-11,1,1,0,0,2.0
M01465,C02579,Social,Weekend Offer,2025-10-03,1,1,0,0,1.62
M01466,C03253,Email,Weekend Offer,2025-03-18,1,1,0,0,1.18
M01467,C01297,Email,Loyalty Offer,2025-01-09,1,0,1,0,5.73
M01468,C03238,Social,Festive Sale,2025-06-12,1,0,0,0,7.16
M01469,C01421,SMS,Clearance,2025-12-13,1,1,0,0,1.25
M01470,C02102,Push,Loyalty Offer,2025-01-18,1,1,0,0,6.96
M01471,C04708,SMS,Loyalty Offer,2025-11-28,1,0,0,0,6.23
M01472,C03122,Social,New Arrival,2025-01-03,1,1,0,0,7.15
M01473,C03810,Push,Weekend Offer,2025-04-26,1,0,0,0,1.09
M01474,C01049,SMS,Festive Sale,2025-08-17,1,0,0,0,5.79
M01475,C04808,SMS,Loyalty Offer,2025-01-09,1,0,0,0,6.7
M01476,C04894,Email,Loyalty Offer,2025-08-08,1,0,0,0,6.58
M01477,C04520,Email,New Arrival,2025-03-16,1,0,0,0,2.23
M01478,C01256,Email,Loyalty Offer,2025-06-09,1,0,1,0,1.86
M01479,C02736,SMS,Weekend Offer,2025-04-07,1,0,0,0,0.54
M01480,C01159,SMS,Loyalty Offer,2025-09-30,1,1,1,0,5.94
M01481,C00695,Social,New Arrival,2025-01-17,1,0,0,0,4.99
M01482,C04303,Social,New Arrival,2025-01-10,1,1,0,0,1.97
M01483,C01837,Social,Weekend Offer,2025-02-14,1,1,0,0,1.14
M01484,C00039,SMS,Weekend Offer,2025-08-11,1,0,0,0,4.57
M01485,C03918,Social,Win Back,2025-05-02,1,0,0,0,2.32
M01486,C00282,Email,New Arrival,2025-05-27,1,1,1,1,7.54
M01487,C02531,Email,New Arrival,2025-11-12,1,1,0,0,5.25
M01488,C01780,Social,Festive Sale,2025-08-16,1,1,0,0,1.29
M01489,C00632,Social,Clearance,2025-06-27,1,0,0,0,5.34
M01490,C00712,Push,Festive Sale,2025-07-05,1,0,0,0,2.11
M01491,C01753,Social,New Arrival,2025-11-20,1,0,1,0,4.67
M01492,C01669,Email,Win Back,2025-09-13,1,0,0,0,1.36
M01493,C00990,SMS,Weekend Offer,2025-02-09,1,0,0,0,1.83
M01494,C03376,SMS,Clearance,2025-10-15,1,0,0,0,0.81
M01495,C00089,Social,Loyalty Offer,2025-03-21,1,1,0,0,7.9
M01496,C03404,Email,New Arrival,2025-09-13,1,0,0,0,6.84
M01497,C01372,SMS,Festive Sale,2025-12-03,1,0,0,0,5.2
M01498,C02913,Email,Festive Sale,2025-07-15,1,0,0,0,0.96
M01499,C04071,SMS,Win Back,2025-03-29,1,0,0,0,7.62
M01500,C02979,Social,New Arrival,2025-05-27,1,0,0,0,1.58
M01501,C01885,Email,Loyalty Offer,2025-03-17,1,1,0,0,6.62
M01502,C00362,Social,Win Back,2025-01-11,1,1,0,0,4.45
M01503,C04021,SMS,Win Back,2025-07-01,1,0,0,0,0.57
M01504,C01558,Email,Festive Sale,2025-12-16,1,0,0,0,5.91
M01505,C01347,SMS,Loyalty Offer,2025-08-16,1,0,0,0,4.82
M01506,C03224,Social,Festive Sale,2025-06-01,1,0,0,0,0.52
M01507,C03034,Email,Festive Sale,2025-09-04,1,1,0,0,1.7
M01508,C00161,Social,Loyalty Offer,2025-12-15,1,0,0,0,1.06
M01509,C00760,Email,Clearance,2025-12-28,1,1,0,0,3.62
M01510,C03910,Social,New Arrival,2025-09-12,1,1,1,1,6.56
M01511,C02210,Email,Weekend Offer,2025-06-08,1,1,1,0,5.82
M01512,C03419,Push,New Arrival,2025-02-23,1,1,0,0,2.61
M01513,C03652,SMS,Clearance,2025-07-03,1,1,1,0,3.64
M01514,C03321,Email,Weekend Offer,2025-12-02,1,0,0,0,7.6
M01515,C04961,Push,Festive Sale,2025-01-14,1,1,1,1,6.21
M01516,C01993,Social,Weekend Offer,2025-02-25,1,1,0,0,1.67
M01517,C02098,Email,New Arrival,2025-02-10,1,0,0,0,7.19
M01518,C03843,Email,Clearance,2025-09-06,1,0,0,0,4.88
M01519,C02246,Social,Festive Sale,2025-01-13,1,1,0,0,6.93
M01520,C03839,Email,Win Back,2025-06-09,1,0,0,0,7.52
M01521,C01481,Email,Clearance,2025-04-17,1,1,0,0,5.14
M01522,C03241,Email,Festive Sale,2025-04-25,1,0,0,0,4.08
M01523,C02921,SMS,Win Back,2025-02-20,1,0,0,0,2.6
M01524,C00049,Social,Weekend Offer,2025-01-06,1,1,1,0,6.86
M01525,C01454,SMS,New Arrival,2025-12-15,1,0,0,0,5.86
M01526,C01252,Email,New Arrival,2025-08-17,1,0,0,0,5.42
M01527,C04580,SMS,Win Back,2025-06-12,1,0,0,0,6.84
M01528,C00351,Email,Clearance,2025-07-30,1,0,0,0,3.28
M01529,C01024,Email,Clearance,2025-01-14,1,0,0,0,1.94
M01530,C00031,Email,New Arrival,2025-07-05,1,1,1,0,4.43
M01531,C01608,Email,Loyalty Offer,2025-04-09,1,1,0,0,1.64
M01532,C03446,SMS,Loyalty Offer,2025-05-18,1,1,0,0,7.91
M01533,C03073,SMS,Win Back,2025-12-27,1,0,0,0,1.53
M01534,C04140,Social,Win Back,2025-02-23,1,0,0,0,6.22
M01535,C00899,Email,Weekend Offer,2025-02-27,1,1,1,1,2.33
M01536,C01675,Email,Win Back,2025-04-10,1,0,0,0,5.1
M01537,C00194,SMS,Festive Sale,2025-04-30,1,1,0,0,7.02
M01538,C04296,SMS,Loyalty Offer,2025-02-02,1,0,0,0,2.87
M01539,C03619,SMS,Weekend Offer,2025-10-08,1,0,0,0,1.89
M01540,C01027,Social,Win Back,2025-11-22,1,0,0,0,7.73
M01541,C03590,SMS,Clearance,2025-01-26,1,1,0,0,7.45
M01542,C04449,Social,Festive Sale,2025-02-01,1,0,0,0,2.35
M01543,C04453,Social,Festive Sale,2025-02-18,1,0,0,0,4.97
M01544,C01678,Email,Weekend Offer,2025-07-28,1,0,0,0,4.89
M01545,C01444,Push,Weekend Offer,2025-01-25,1,0,0,0,3.38
M01546,C04722,Push,Loyalty Offer,2025-05-31,1,0,0,0,5.14
M01547,C01451,Social,Clearance,2025-07-25,1,0,0,0,6.45
M01548,C01254,Email,Clearance,2025-04-07,1,0,0,0,5.16
M01549,C00236,Email,Weekend Offer,2025-01-14,1,0,0,0,3.29
M01550,C03130,SMS,Festive Sale,2025-03-31,1,0,0,0,2.34
M01551,C00726,SMS,Loyalty Offer,2025-01-30,1,1,1,1,3.6
M01552,C03657,Push,Clearance,2025-08-15,1,1,1,1,4.74
M01553,C00512,Email,Loyalty Offer,2025-07-15,1,0,0,0,6.47
M01554,C03146,Push,Festive Sale,2025-01-21,1,1,0,0,4.73
M01555,C01626,SMS,Weekend Offer,2025-06-15,1,0,0,0,5.73
M01556,C02185,Email,Weekend Offer,2025-09-14,1,1,0,0,5.83
M01557,C03853,SMS,Festive Sale,2025-06-09,1,0,0,0,1.5
M01558,C02908,Social,Loyalty Offer,2025-08-28,1,0,0,0,3.4
M01559,C00845,Social,Win Back,2025-12-04,1,1,0,0,7.11
M01560,C02703,Push,Festive Sale,2025-06-08,1,1,0,0,4.67
M01561,C00228,SMS,Win Back,2025-02-13,1,1,0,1,6.11
M01562,C00770,Push,Loyalty Offer,2025-05-30,1,0,0,0,2.75
M01563,C01025,Email,New Arrival,2025-07-03,1,0,0,0,5.88
M01564,C00663,Email,Clearance,2025-08-13,1,0,0,0,6.68
M01565,C04735,Social,New Arrival,2025-04-08,1,1,0,0,5.92
M01566,C01524,Email,Festive Sale,2025-05-26,1,0,0,0,5.41
M01567,C02823,Push,Clearance,2025-07-28,1,0,1,0,7.93
M01568,C02856,Push,Clearance,2025-03-09,1,1,0,0,4.8
M01569,C02906,Email,Win Back,2025-02-27,1,1,1,0,4.21
M01570,C00557,Push,Win Back,2025-06-13,1,1,0,0,4.71
M01571,C02315,Push,New Arrival,2025-11-12,1,0,0,0,4.07
M01572,C01060,Email,Festive Sale,2025-04-01,1,1,1,0,5.55
M01573,C00360,SMS,Win Back,2025-02-04,1,1,0,0,1.49
M01574,C03284,Social,New Arrival,2025-01-21,1,0,0,0,2.59
M01575,C01774,Email,New Arrival,2025-10-24,1,0,0,0,5.11
M01576,C01325,Social,New Arrival,2025-08-22,1,0,0,0,6.92
M01577,C01265,SMS,Loyalty Offer,2025-09-15,1,0,0,0,3.77
M01578,C02064,Email,Clearance,2025-06-13,1,0,0,0,6.39
M01579,C02246,SMS,Loyalty Offer,2025-02-16,1,0,0,0,6.04
M01580,C03382,Email,Festive Sale,2025-04-08,1,0,0,0,1.77
M01581,C01322,Email,Weekend Offer,2025-02-04,1,0,0,0,4.77
M01582,C03575,SMS,Win Back,2025-07-04,1,0,0,0,6.72
M01583,C03888,Email,Loyalty Offer,2025-03-29,1,0,0,0,0.66
M01584,C01580,Social,Clearance,2025-02-25,1,0,0,0,1.5
M01585,C03463,Social,Clearance,2025-10-21,1,1,1,0,0.94
M01586,C04184,Social,New Arrival,2025-09-30,1,0,0,0,6.07
M01587,C00915,Email,Weekend Offer,2025-10-06,1,0,0,0,6.15
M01588,C02517,Email,New Arrival,2025-09-23,1,1,0,0,2.23
M01589,C00481,SMS,Weekend Offer,2025-10-18,1,1,1,0,5.36
M01590,C03207,Email,Weekend Offer,2025-08-13,1,0,0,0,3.45
M01591,C04927,Email,Win Back,2025-06-04,1,0,1,0,0.81
M01592,C01191,Social,Loyalty Offer,2025-04-01,1,0,0,0,0.6
M01593,C02185,Social,Weekend Offer,2025-10-29,1,0,0,0,5.28
M01594,C03094,Social,Festive Sale,2025-08-02,1,1,1,0,6.33
M01595,C01056,Email,Win Back,2025-01-25,1,1,1,0,1.48
M01596,C03874,Social,New Arrival,2025-09-10,1,0,0,0,5.02
M01597,C01519,Email,Clearance,2025-03-09,1,0,0,0,5.83
M01598,C04447,Email,Win Back,2025-03-08,1,0,0,0,0.83
M01599,C02049,Email,Win Back,2025-10-04,1,1,1,0,7.55
M01600,C00505,Push,New Arrival,2025-11-20,1,1,0,0,4.22
M01601,C00231,Push,Win Back,2025-01-26,1,0,0,0,5.13
M01602,C00800,Email,Loyalty Offer,2025-11-21,1,0,0,0,5.67
M01603,C01889,Email,Festive Sale,2025-03-14,1,0,0,0,3.86
M01604,C01315,Email,Weekend Offer,2025-08-19,1,0,0,0,7.67
M01605,C02289,Email,Win Back,2025-03-04,1,1,0,0,3.84
M01606,C02836,Email,Festive Sale,2025-09-04,1,1,0,0,3.67
M01607,C00243,SMS,Festive Sale,2025-04-01,1,0,0,0,3.01
M01608,C03417,Email,Win Back,2025-12-09,1,1,1,0,6.4
M01609,C01535,SMS,Clearance,2025-04-26,1,1,1,0,1.08
M01610,C02802,Email,Festive Sale,2025-06-15,1,1,1,0,5.15
M01611,C01163,Social,Weekend Offer,2025-09-05,1,0,0,0,7.38
M01612,C01337,Email,Weekend Offer,2025-07-04,1,1,0,0,5.49
M01613,C04206,SMS,Clearance,2025-06-20,1,0,0,0,5.54
M01614,C00266,SMS,New Arrival,2025-02-19,1,0,0,0,5.07
M01615,C04249,Email,Festive Sale,2025-03-23,1,1,0,0,7.13
M01616,C00985,Email,Festive Sale,2025-12-08,1,1,1,0,7.36
M01617,C00524,Social,Win Back,2025-09-03,1,0,0,0,5.17
M01618,C00304,Email,Festive Sale,2025-05-14,1,0,0,0,7.91
M01619,C02755,Email,Win Back,2025-01-25,1,0,0,0,1.02
M01620,C02454,Push,Loyalty Offer,2025-02-05,1,1,0,0,6.26
M01621,C03887,Email,Clearance,2025-07-31,1,1,0,0,3.69
M01622,C02396,SMS,Weekend Offer,2025-06-30,1,0,0,0,1.64
M01623,C04007,Social,Loyalty Offer,2025-03-07,1,1,0,0,7.98
M01624,C02725,SMS,Win Back,2025-05-02,1,0,0,0,6.3
M01625,C04369,SMS,New Arrival,2025-02-10,1,1,0,0,2.5
M01626,C03217,Social,New Arrival,2025-05-16,1,0,0,0,4.78
M01627,C04020,Email,New Arrival,2025-01-03,1,0,0,0,4.3
M01628,C01191,Social,Weekend Offer,2025-10-03,1,1,0,0,0.57
M01629,C03463,Email,Loyalty Offer,2025-05-14,1,0,0,0,5.97
M01630,C02340,SMS,Clearance,2025-06-07,1,0,0,0,4.41
M01631,C03068,Social,Weekend Offer,2025-06-13,1,0,0,0,7.26
M01632,C03900,Email,Weekend Offer,2025-05-20,1,0,0,0,7.44
M01633,C00295,Social,Win Back,2025-04-05,1,0,0,0,1.48
M01634,C04086,Email,Loyalty Offer,2025-04-08,1,0,0,0,3.6
M01635,C04627,Email,Win Back,2025-05-13,1,0,0,0,7.66
M01636,C01661,Social,Festive Sale,2025-06-11,1,0,0,0,2.1
M01637,C00925,Email,Clearance,2025-12-04,1,1,0,0,6.34
M01638,C02849,Email,Loyalty Offer,2025-11-15,1,1,0,0,7.03
M01639,C00288,Email,Loyalty Offer,2025-12-28,1,0,0,0,2.38
M01640,C00505,Social,Loyalty Offer,2025-02-21,1,1,1,0,1.94
M01641,C03787,Email,Clearance,2025-05-19,1,0,0,0,6.25
M01642,C00359,SMS,New Arrival,2025-10-21,1,1,0,0,6.91
M01643,C03875,SMS,Win Back,2025-05-01,1,0,0,1,7.49
M01644,C04632,Email,Festive Sale,2025-01-07,1,1,0,0,4.05
M01645,C04123,Push,Win Back,2025-09-08,1,0,0,0,3.31
M01646,C01838,Push,Weekend Offer,2025-11-07,1,0,0,0,0.61
M01647,C04578,Email,Clearance,2025-07-05,1,0,0,0,4.77
M01648,C03066,SMS,Clearance,2025-08-14,1,0,0,0,3.08
M01649,C03738,Email,Clearance,2025-12-31,1,0,0,0,7.68
M01650,C00917,SMS,Clearance,2025-02-20,1,1,1,1,7.72
M01651,C04520,Email,New Arrival,2025-09-01,1,1,0,0,1.11
M01652,C00660,Email,New Arrival,2025-02-05,1,0,0,0,2.91
M01653,C03430,Email,Win Back,2025-04-07,1,0,0,0,1.79
M01654,C00790,Email,Loyalty Offer,2025-08-04,1,1,0,0,6.7
M01655,C03505,SMS,Loyalty Offer,2025-12-06,1,1,1,0,2.88
M01656,C00150,Email,Weekend Offer,2025-04-13,1,1,0,0,2.38
M01657,C01030,Push,Win Back,2025-03-04,1,1,1,0,2.2
M01658,C00632,Email,Loyalty Offer,2025-05-28,1,1,0,0,2.32
M01659,C01949,Email,Weekend Offer,2025-08-01,1,1,0,0,0.66
M01660,C04405,Email,Clearance,2025-11-03,1,0,0,0,7.67
M01661,C01440,SMS,New Arrival,2025-07-16,1,0,0,0,6.47
M01662,C04567,Push,New Arrival,2025-08-22,1,0,0,0,7.25
M01663,C02260,Social,Weekend Offer,2025-12-07,1,1,0,0,6.34
M01664,C00488,Email,Win Back,2025-09-28,1,0,0,0,4.42
M01665,C01849,Email,Loyalty Offer,2025-03-26,1,0,0,0,6.86
M01666,C01130,SMS,Festive Sale,2025-01-04,1,0,0,0,3.86
M01667,C00007,Social,New Arrival,2025-10-31,1,0,0,0,4.22
M01668,C04953,SMS,Festive Sale,2025-01-04,1,1,0,0,7.89
M01669,C02489,Push,Festive Sale,2025-09-20,1,1,0,0,7.69
M01670,C02993,Social,Weekend Offer,2025-02-05,1,0,0,0,2.69
M01671,C01488,SMS,Weekend Offer,2025-06-25,1,0,0,0,3.05
M01672,C04346,SMS,New Arrival,2025-02-25,1,0,0,0,0.76
M01673,C01916,Push,New Arrival,2025-01-01,1,0,0,0,5.09
M01674,C02244,Email,Loyalty Offer,2025-01-23,1,0,0,0,2.92
M01675,C01953,Email,New Arrival,2025-12-10,1,1,0,0,1.75
M01676,C04563,Social,Festive Sale,2025-10-25,1,1,0,0,0.57
M01677,C01484,Social,Win Back,2025-06-15,1,1,0,0,6.74
M01678,C02288,SMS,Festive Sale,2025-06-22,1,0,0,0,2.14
M01679,C00531,SMS,Festive Sale,2025-03-16,1,0,0,0,3.08
M01680,C00701,Social,Weekend Offer,2025-04-28,1,1,0,0,2.46
M01681,C00879,Email,New Arrival,2025-07-12,1,1,0,0,1.97
M01682,C04315,Email,Win Back,2025-12-16,1,1,0,0,0.72
M01683,C01728,SMS,Weekend Offer,2025-05-17,1,1,1,1,4.49
M01684,C03431,Email,Clearance,2025-08-12,1,1,0,0,4.99
M01685,C00581,Email,Clearance,2025-12-09,1,0,0,0,5.47
M01686,C04636,Push,Weekend Offer,2025-06-28,1,0,0,0,2.4
M01687,C02017,Email,Clearance,2025-10-20,1,1,1,0,5.48
M01688,C03445,Social,Festive Sale,2025-01-11,1,1,0,0,1.46
M01689,C03254,Social,Festive Sale,2025-07-24,1,1,0,0,7.01
M01690,C02794,Social,Clearance,2025-02-08,1,0,0,0,3.84
M01691,C00118,Email,Weekend Offer,2025-01-04,1,0,0,0,1.21
M01692,C00018,Social,Loyalty Offer,2025-09-01,1,0,0,0,6.03
M01693,C02474,Push,Win Back,2025-11-16,1,0,0,0,4.81
M01694,C02888,Push,Weekend Offer,2025-01-02,1,1,0,0,7.97
M01695,C01193,Social,Weekend Offer,2025-02-17,1,0,1,1,3.57
M01696,C03155,Email,Festive Sale,2025-03-21,1,0,0,0,7.01
M01697,C01487,Email,New Arrival,2025-03-20,1,1,1,1,6.11
M01698,C02192,SMS,Festive Sale,2025-01-12,1,1,1,0,1.0
M01699,C02795,Social,Clearance,2025-11-18,1,0,0,0,7.98
M01700,C01363,SMS,Festive Sale,2025-09-17,1,0,1,0,0.53
M01701,C04722,Social,Festive Sale,2025-07-24,1,0,0,0,6.13
M01702,C03413,Email,Festive Sale,2025-12-10,1,0,0,0,3.09
M01703,C04505,Social,Weekend Offer,2025-06-05,1,0,0,0,4.89
M01704,C04336,Push,Clearance,2025-04-03,1,0,0,0,4.39
M01705,C03473,Email,Weekend Offer,2025-11-15,1,0,0,0,2.53
M01706,C02290,Social,New Arrival,2025-07-01,1,0,0,0,5.9
M01707,C04878,SMS,New Arrival,2025-01-13,1,0,0,0,4.57
M01708,C00198,Email,Weekend Offer,2025-03-28,1,0,0,0,3.8
M01709,C03404,SMS,Festive Sale,2025-03-15,1,0,0,0,7.11
M01710,C03984,Email,Loyalty Offer,2025-06-10,1,0,0,0,7.38
M01711,C03506,Email,Clearance,2025-12-08,1,1,0,0,2.3
M01712,C03363,SMS,Clearance,2025-12-24,1,1,0,0,1.2
M01713,C01135,Email,Clearance,2025-12-19,1,1,0,0,7.21
M01714,C04834,Email,Weekend Offer,2025-06-22,1,0,0,0,6.68
M01715,C00962,Email,Weekend Offer,2025-06-27,1,1,0,0,4.92
M01716,C04659,Social,Win Back,2025-02-17,1,0,0,0,5.89
M01717,C03197,Email,Loyalty Offer,2025-01-20,1,0,0,0,1.42
M01718,C04590,SMS,New Arrival,2025-12-17,1,0,0,0,5.28
M01719,C02969,SMS,Loyalty Offer,2025-09-22,1,1,0,0,0.88
M01720,C03343,Push,Weekend Offer,2025-07-09,1,0,0,0,5.62
M01721,C00540,Social,Clearance,2025-09-11,1,0,0,0,7.66
M01722,C03332,Push,New Arrival,2025-01-15,1,0,0,0,7.91
M01723,C03110,Email,New Arrival,2025-07-21,1,1,0,0,2.14
M01724,C02726,Email,Win Back,2025-11-08,1,1,0,0,2.65
M01725,C01566,Social,New Arrival,2025-05-07,1,0,0,0,0.62
M01726,C04786,Email,Weekend Offer,2025-06-09,1,1,0,0,5.77
M01727,C01702,SMS,Weekend Offer,2025-12-25,1,0,0,0,2.69
M01728,C03417,Push,Clearance,2025-03-30,1,0,0,0,6.59
M01729,C02280,Email,Win Back,2025-06-15,1,0,0,0,4.28
M01730,C03536,Social,Weekend Offer,2025-02-27,1,1,0,0,1.95
M01731,C03428,Social,New Arrival,2025-11-04,1,0,0,0,7.48
M01732,C01807,Email,Clearance,2025-07-29,1,1,0,0,2.09
M01733,C02368,Email,Clearance,2025-02-12,1,0,0,0,1.46
M01734,C00892,Social,Weekend Offer,2025-02-15,1,1,0,0,5.9
M01735,C01198,Email,Weekend Offer,2025-09-01,1,1,0,0,3.85
M01736,C03246,Social,New Arrival,2025-12-26,1,0,1,0,3.03
M01737,C03623,Email,Loyalty Offer,2025-04-26,1,0,0,0,6.01
M01738,C04415,Social,Clearance,2025-09-14,1,1,0,0,3.47
M01739,C01446,Social,Clearance,2025-10-02,1,1,0,0,5.3
M01740,C00966,Social,Loyalty Offer,2025-02-16,1,1,1,0,6.15
M01741,C01618,Social,Festive Sale,2025-08-21,1,0,0,0,3.24
M01742,C00800,Email,Weekend Offer,2025-07-21,1,0,0,0,3.63
M01743,C03309,Email,Clearance,2025-06-19,1,1,0,0,5.7
M01744,C03935,Email,New Arrival,2025-01-23,1,1,0,0,2.18
M01745,C02408,Email,Clearance,2025-12-25,1,0,0,0,6.06
M01746,C03898,SMS,Festive Sale,2025-04-01,1,1,0,0,6.59
M01747,C04151,Email,Loyalty Offer,2025-08-21,1,0,0,0,4.59
M01748,C03963,Email,Loyalty Offer,2025-02-24,1,1,0,0,5.59
M01749,C02258,SMS,Win Back,2025-11-02,1,0,0,0,5.23
M01750,C00417,Email,Loyalty Offer,2025-04-02,1,1,0,0,1.25
M01751,C03683,Email,Weekend Offer,2025-05-09,1,1,1,0,2.88
M01752,C01466,Social,Win Back,2025-07-12,1,1,0,0,7.08
M01753,C00273,Push,Festive Sale,2025-03-09,1,0,0,0,7.55
M01754,C04510,Social,Win Back,2025-09-11,1,1,0,0,5.66
M01755,C00505,SMS,New Arrival,2025-07-06,1,1,0,0,6.25
M01756,C02824,Social,Clearance,2025-07-11,1,0,0,0,4.63
M01757,C04604,Email,Clearance,2025-02-10,1,0,0,0,4.96
M01758,C01774,Social,Weekend Offer,2025-04-06,1,1,0,0,7.75
M01759,C00103,Email,Win Back,2025-05-31,1,0,0,0,1.26
M01760,C03778,Email,New Arrival,2025-02-05,1,1,0,0,0.9
M01761,C01057,Email,Festive Sale,2025-10-28,1,1,1,0,2.92
M01762,C03203,Email,New Arrival,2025-07-16,1,1,0,0,4.47
M01763,C02814,Social,New Arrival,2025-11-21,1,1,0,0,2.99
M01764,C01414,Email,New Arrival,2025-11-05,1,1,1,1,5.72
M01765,C01697,Email,Win Back,2025-04-29,1,1,0,0,3.26
M01766,C03254,Social,Clearance,2025-08-19,1,0,0,0,4.47
M01767,C04374,SMS,Clearance,2025-01-13,1,0,0,0,3.61
M01768,C03031,Push,Festive Sale,2025-02-04,1,0,0,0,5.04
M01769,C03594,Email,Festive Sale,2025-07-20,1,1,0,0,6.25
M01770,C01992,Email,Clearance,2025-09-19,1,0,0,0,6.96
M01771,C02719,Email,Festive Sale,2025-12-30,1,1,0,0,7.63
M01772,C02038,Email,Loyalty Offer,2025-03-24,1,0,0,0,1.39
M01773,C03858,Push,New Arrival,2025-08-11,1,0,0,0,7.47
M01774,C01877,Email,New Arrival,2025-12-17,1,1,0,0,6.05
M01775,C03145,Email,Win Back,2025-04-23,1,1,1,0,3.27
M01776,C00327,Email,Festive Sale,2025-01-26,1,1,0,0,1.57
M01777,C01548,Email,Festive Sale,2025-12-23,1,0,0,0,1.35
M01778,C03353,Push,Festive Sale,2025-09-26,1,0,0,0,6.63
M01779,C03234,Email,Festive Sale,2025-12-17,1,0,0,0,4.99
M01780,C01791,Social,Loyalty Offer,2025-12-14,1,0,0,0,4.59
M01781,C02188,Push,Clearance,2025-07-31,1,1,0,0,2.78
M01782,C04285,Social,Festive Sale,2025-03-27,1,0,1,1,2.45
M01783,C03049,SMS,Loyalty Offer,2025-08-02,1,1,0,0,3.19
M01784,C04597,Email,Festive Sale,2025-07-22,1,1,0,0,4.3
M01785,C02620,Push,Loyalty Offer,2025-05-08,1,1,0,0,6.67
M01786,C02700,SMS,Loyalty Offer,2025-10-22,1,1,0,0,4.64
M01787,C01553,SMS,Win Back,2025-05-20,1,0,0,0,6.25
M01788,C03227,SMS,New Arrival,2025-06-17,1,1,0,0,6.83
M01789,C00152,Email,New Arrival,2025-05-03,1,1,1,0,5.0
M01790,C01228,Push,Win Back,2025-01-16,1,1,1,1,5.31
M01791,C02899,Email,Loyalty Offer,2025-09-09,1,0,0,0,4.66
M01792,C04521,Email,Clearance,2025-06-10,1,0,0,0,1.27
M01793,C04872,Push,New Arrival,2025-12-27,1,1,0,0,6.44
M01794,C04524,Email,Weekend Offer,2025-09-27,1,0,0,0,7.38
M01795,C00779,Social,Clearance,2025-09-28,1,0,0,0,7.75
M01796,C00511,Email,Clearance,2025-01-17,1,1,1,0,2.4
M01797,C02441,Social,New Arrival,2025-01-03,1,1,0,0,4.82
M01798,C01782,Email,Loyalty Offer,2025-03-21,1,0,0,0,3.14
M01799,C01219,SMS,Win Back,2025-04-02,1,0,0,0,5.27
M01800,C03144,Email,Festive Sale,2025-03-30,1,1,0,0,4.93
M01801,C02038,Push,Festive Sale,2025-07-19,1,0,0,0,1.54
M01802,C03512,Email,Loyalty Offer,2025-04-30,1,1,0,0,1.28
M01803,C02653,Push,Festive Sale,2025-04-02,1,1,0,0,1.19
M01804,C01568,Social,Win Back,2025-10-07,1,0,0,0,4.14
M01805,C02382,SMS,Loyalty Offer,2025-03-18,1,1,1,0,5.81
M01806,C03074,Social,Weekend Offer,2025-12-14,1,0,0,0,5.01
M01807,C01352,Social,Weekend Offer,2025-12-30,1,0,0,0,3.41
M01808,C02313,Push,Loyalty Offer,2025-03-01,1,0,0,0,4.44
M01809,C02147,Email,Festive Sale,2025-02-14,1,0,0,0,2.85
M01810,C01290,Email,Weekend Offer,2025-07-28,1,0,0,0,4.36
M01811,C02342,Email,New Arrival,2025-03-02,1,0,0,0,7.08
M01812,C04553,SMS,Festive Sale,2025-10-17,1,1,0,0,3.59
M01813,C02040,Email,Win Back,2025-12-20,1,1,0,0,7.74
M01814,C04803,Email,Weekend Offer,2025-05-25,1,1,0,0,5.46
M01815,C01346,SMS,Clearance,2025-11-11,1,1,0,0,0.81
M01816,C04944,Email,New Arrival,2025-04-20,1,1,0,0,7.23
M01817,C02716,Push,Loyalty Offer,2025-06-18,1,1,0,0,5.45
M01818,C04177,SMS,Festive Sale,2025-12-31,1,1,0,0,4.61
M01819,C03923,Push,Clearance,2025-12-22,1,0,0,0,7.29
M01820,C01616,Email,Win Back,2025-11-30,1,0,0,0,1.67
M01821,C01662,Social,Win Back,2025-05-04,1,1,0,0,1.69
M01822,C04772,Social,New Arrival,2025-04-21,1,0,0,0,6.36
M01823,C02229,Email,Weekend Offer,2025-03-11,1,0,0,0,4.45
M01824,C00532,Email,Weekend Offer,2025-12-07,1,0,0,0,6.55
M01825,C01721,Social,Festive Sale,2025-06-10,1,1,1,1,5.55
M01826,C04895,Push,Festive Sale,2025-03-07,1,1,0,0,4.38
M01827,C01437,Social,Clearance,2025-11-16,1,0,0,0,3.93
M01828,C03345,Social,Weekend Offer,2025-05-30,1,0,0,0,3.3
M01829,C04999,Email,New Arrival,2025-08-31,1,1,0,0,6.77
M01830,C03041,Social,Clearance,2025-12-19,1,0,0,0,6.39
M01831,C04881,Email,New Arrival,2025-02-01,1,0,0,0,5.4
M01832,C03957,Social,Loyalty Offer,2025-02-08,1,1,0,0,5.28
M01833,C02468,Push,Win Back,2025-07-24,1,0,0,0,3.24
M01834,C00838,Social,Clearance,2025-06-10,1,0,0,0,5.02
M01835,C02295,Push,Loyalty Offer,2025-05-18,1,0,0,0,2.84
M01836,C02657,Email,New Arrival,2025-11-07,1,1,1,0,3.03
M01837,C02705,Social,Clearance,2025-12-20,1,0,0,0,6.0
M01838,C01383,Email,Win Back,2025-03-21,1,0,1,0,5.13
M01839,C00264,Email,New Arrival,2025-01-22,1,0,0,0,5.75
M01840,C03150,Email,Win Back,2025-07-29,1,1,0,0,4.25
M01841,C02002,SMS,Festive Sale,2025-09-18,1,1,1,0,7.65
M01842,C03297,SMS,Win Back,2025-01-08,1,1,0,0,2.46
M01843,C00947,Social,Loyalty Offer,2025-11-26,1,1,1,1,1.29
M01844,C01983,Push,Loyalty Offer,2025-01-14,1,0,0,0,7.45
M01845,C00151,Email,Weekend Offer,2025-01-27,1,0,0,0,4.98
M01846,C00901,Push,Win Back,2025-02-24,1,0,0,0,4.48
M01847,C00578,Email,Loyalty Offer,2025-07-17,1,1,0,0,6.04
M01848,C03728,Social,Festive Sale,2025-12-27,1,0,0,0,5.24
M01849,C01007,SMS,Clearance,2025-04-13,1,1,0,0,7.21
M01850,C04859,Email,New Arrival,2025-11-18,1,0,0,0,1.12
M01851,C01473,Push,Clearance,2025-04-02,1,1,0,0,2.33
M01852,C02682,SMS,Win Back,2025-03-18,1,1,0,0,3.21
M01853,C01064,SMS,Win Back,2025-11-11,1,1,1,1,6.23
M01854,C03963,Email,Loyalty Offer,2025-02-23,1,1,0,0,1.29
M01855,C04477,Email,New Arrival,2025-02-27,1,1,0,0,6.16
M01856,C04555,Email,Festive Sale,2025-09-02,1,1,0,0,4.43
M01857,C00611,Push,Win Back,2025-10-15,1,0,1,0,2.42
M01858,C01768,Email,Loyalty Offer,2025-12-20,1,1,0,0,3.52
M01859,C04522,Email,Loyalty Offer,2025-08-17,1,0,1,0,1.34
M01860,C04383,Push,Weekend Offer,2025-11-18,1,0,0,0,0.94
M01861,C00928,Email,Loyalty Offer,2025-04-21,1,0,0,0,7.25
M01862,C03890,SMS,Festive Sale,2025-12-03,1,0,0,0,1.33
M01863,C03854,Social,Weekend Offer,2025-10-04,1,1,0,0,7.11
M01864,C02743,Push,Win Back,2025-02-15,1,0,1,1,0.54
M01865,C02822,SMS,New Arrival,2025-05-16,1,1,0,0,7.5
M01866,C01867,Email,Win Back,2025-03-06,1,1,0,0,0.59
M01867,C01982,Social,Festive Sale,2025-01-18,1,0,0,0,5.96
M01868,C04828,Email,Weekend Offer,2025-06-29,1,0,0,0,5.02
M01869,C01250,Social,Festive Sale,2025-04-02,1,0,0,0,1.21
M01870,C03214,Email,New Arrival,2025-06-23,1,1,0,0,5.44
M01871,C04618,SMS,Clearance,2025-10-05,1,1,0,0,5.54
M01872,C02768,Social,Win Back,2025-02-09,1,1,0,0,7.36
M01873,C04237,Email,Festive Sale,2025-11-04,1,1,0,0,5.17
M01874,C02489,Email,Festive Sale,2025-01-08,1,1,1,0,5.18
M01875,C02686,Email,Win Back,2025-03-16,1,0,0,0,3.17
M01876,C04419,SMS,Win Back,2025-05-31,1,1,0,0,0.8
M01877,C03639,Email,Festive Sale,2025-03-03,1,1,0,0,6.83
M01878,C04983,Social,Weekend Offer,2025-12-01,1,0,0,0,4.97
M01879,C02541,Push,New Arrival,2025-10-03,1,1,1,0,1.55
M01880,C01824,Email,Weekend Offer,2025-10-16,1,1,1,0,4.42
M01881,C01761,Social,Loyalty Offer,2025-11-07,1,0,0,0,1.34
M01882,C01713,Social,Weekend Offer,2025-02-03,1,1,0,0,7.35
M01883,C02274,Email,Win Back,2025-07-02,1,0,0,0,7.36
M01884,C00493,SMS,Win Back,2025-03-17,1,0,0,0,7.1
M01885,C04768,SMS,Festive Sale,2025-11-06,1,0,0,0,4.56
M01886,C01866,Social,Festive Sale,2025-09-10,1,0,0,0,2.77
M01887,C01228,Email,Festive Sale,2025-03-27,1,1,0,0,4.38
M01888,C00208,Push,Loyalty Offer,2025-07-13,1,1,0,0,6.2
M01889,C01681,Email,New Arrival,2025-09-23,1,1,0,0,4.16
M01890,C03391,Push,Weekend Offer,2025-09-29,1,1,1,0,6.37
M01891,C04166,Email,Weekend Offer,2025-06-02,1,1,0,0,4.09
M01892,C03762,Email,Weekend Offer,2025-11-12,1,0,0,0,6.51
M01893,C02417,SMS,Weekend Offer,2025-10-23,1,0,0,0,1.78
M01894,C03720,Email,New Arrival,2025-10-06,1,1,1,1,1.06
M01895,C04623,Email,Weekend Offer,2025-10-13,1,0,0,0,5.08
M01896,C01957,Email,Clearance,2025-02-09,1,1,0,0,5.33
M01897,C03796,Email,New Arrival,2025-12-15,1,1,1,0,7.81
M01898,C04109,Email,Weekend Offer,2025-11-08,1,0,0,0,5.73
M01899,C02375,Social,Clearance,2025-11-13,1,0,0,0,7.75
M01900,C01917,Push,Win Back,2025-12-30,1,0,0,0,3.67
M01901,C00098,Email,Festive Sale,2025-06-23,1,0,0,0,7.99
M01902,C02827,Email,Loyalty Offer,2025-03-20,1,1,0,0,4.16
M01903,C01893,Social,New Arrival,2025-08-01,1,1,0,0,1.85
M01904,C00602,Email,Festive Sale,2025-02-23,1,1,0,0,2.53
M01905,C04384,Social,Clearance,2025-02-10,1,0,0,0,2.89
M01906,C02109,Push,New Arrival,2025-02-17,1,0,0,0,6.68
M01907,C00445,Email,New Arrival,2025-04-24,1,0,0,0,5.71
M01908,C03274,Social,Win Back,2025-12-30,1,0,0,0,6.98
M01909,C00832,Social,Loyalty Offer,2025-07-17,1,0,0,0,6.97
M01910,C03104,Social,New Arrival,2025-02-14,1,1,1,0,2.84
M01911,C01901,Email,Loyalty Offer,2025-06-27,1,1,1,0,4.77
M01912,C02640,Push,Win Back,2025-09-30,1,0,0,0,4.28
M01913,C01927,Email,Weekend Offer,2025-06-30,1,1,1,1,1.38
M01914,C02270,Email,Clearance,2025-05-26,1,0,0,0,4.86
M01915,C02401,Email,New Arrival,2025-09-30,1,0,0,0,4.04
M01916,C01419,SMS,Loyalty Offer,2025-03-11,1,0,0,0,6.71
M01917,C03911,SMS,Loyalty Offer,2025-11-15,1,1,0,0,1.4
M01918,C02171,Push,Loyalty Offer,2025-05-18,1,1,1,0,2.23
M01919,C03561,Email,Win Back,2025-08-19,1,1,0,0,3.62
M01920,C02398,Social,Weekend Offer,2025-06-18,1,1,0,0,3.68
M01921,C02213,Push,Win Back,2025-04-05,1,0,0,0,6.13
M01922,C02789,Email,New Arrival,2025-03-31,1,0,0,0,2.08
M01923,C00660,Email,Loyalty Offer,2025-08-18,1,0,0,0,0.91
M01924,C01259,Email,Win Back,2025-09-07,1,0,0,0,4.55
M01925,C02326,Email,Win Back,2025-03-28,1,0,0,0,2.89
M01926,C03506,Email,Clearance,2025-02-27,1,0,0,0,2.27
M01927,C00282,Email,Loyalty Offer,2025-12-25,1,1,0,0,2.27
M01928,C01089,Email,Win Back,2025-08-03,1,1,1,1,2.31
M01929,C02608,Social,Loyalty Offer,2025-08-15,1,0,0,0,3.44
M01930,C03517,Push,New Arrival,2025-06-09,1,1,1,0,4.55
M01931,C00974,Social,Clearance,2025-09-11,1,1,0,0,4.62
M01932,C02885,Email,Win Back,2025-06-20,1,0,0,0,4.74
M01933,C01581,Email,Win Back,2025-08-19,1,0,0,0,6.75
M01934,C02240,Email,New Arrival,2025-10-16,1,0,0,0,1.25
M01935,C01031,SMS,Win Back,2025-01-29,1,0,0,0,1.64
M01936,C04352,Email,Weekend Offer,2025-12-14,1,0,0,0,5.81
M01937,C01280,Social,Weekend Offer,2025-04-17,1,1,0,0,4.2
M01938,C00272,Push,Festive Sale,2025-03-09,1,0,0,0,3.93
M01939,C03720,Email,Loyalty Offer,2025-12-05,1,0,0,0,4.7
M01940,C03644,Social,New Arrival,2025-08-29,1,0,0,0,1.49
M01941,C01141,Email,Weekend Offer,2025-02-04,1,0,0,0,3.13
M01942,C01745,SMS,New Arrival,2025-09-28,1,0,0,0,6.49
M01943,C04358,SMS,Loyalty Offer,2025-10-30,1,1,0,0,7.29
M01944,C04672,Email,Weekend Offer,2025-01-04,1,0,0,0,4.58
M01945,C04306,Email,Win Back,2025-03-14,1,1,0,0,6.48
M01946,C04585,Email,Weekend Offer,2025-06-05,1,0,0,0,1.35
M01947,C03737,SMS,Weekend Offer,2025-04-30,1,0,0,0,7.87
M01948,C04000,Email,Festive Sale,2025-05-20,1,1,0,0,6.76
M01949,C01276,Email,Weekend Offer,2025-08-20,1,0,0,0,6.13
M01950,C00979,SMS,Festive Sale,2025-06-01,1,1,0,0,2.8
M01951,C00080,Email,Loyalty Offer,2025-09-23,1,0,1,0,1.64
M01952,C01839,Email,New Arrival,2025-05-07,1,1,1,0,3.58
M01953,C04228,Push,New Arrival,2025-06-22,1,0,0,0,3.24
M01954,C04878,Social,Win Back,2025-03-27,1,0,0,0,1.92
M01955,C01443,Email,Weekend Offer,2025-08-08,1,1,0,0,1.46
M01956,C02764,Social,Weekend Offer,2025-12-22,1,0,0,0,5.83
M01957,C03328,Social,Clearance,2025-09-02,1,0,0,0,2.42
M01958,C04051,Email,Win Back,2025-04-21,1,0,0,0,2.19
M01959,C01449,SMS,Festive Sale,2025-06-08,1,0,0,0,4.51
M01960,C01985,Social,Win Back,2025-07-14,1,0,0,0,1.49
M01961,C01746,Social,Festive Sale,2025-02-04,1,1,1,0,3.91
M01962,C00534,Push,Loyalty Offer,2025-01-01,1,0,0,0,7.58
M01963,C00299,Email,Festive Sale,2025-07-10,1,0,0,0,6.9
M01964,C02455,Push,Weekend Offer,2025-10-18,1,1,0,0,3.34
M01965,C02901,Email,New Arrival,2025-11-04,1,0,0,0,0.79
M01966,C03333,Social,New Arrival,2025-03-17,1,1,1,0,2.12
M01967,C02670,Push,Loyalty Offer,2025-07-31,1,0,0,0,1.77
M01968,C02920,SMS,Loyalty Offer,2025-09-14,1,0,0,0,3.13
M01969,C00487,Email,Loyalty Offer,2025-05-18,1,1,1,0,3.48
M01970,C02642,Push,New Arrival,2025-04-06,1,1,0,0,6.39
M01971,C01898,SMS,Clearance,2025-09-03,1,0,0,0,2.28
M01972,C03394,Social,Loyalty Offer,2025-02-03,1,1,0,0,6.78
M01973,C03392,Social,Win Back,2025-10-05,1,0,0,0,7.46
M01974,C02727,Social,Win Back,2025-03-18,1,1,0,0,4.05
M01975,C00540,Social,New Arrival,2025-10-09,1,0,0,0,5.61
M01976,C03824,Email,Weekend Offer,2025-12-11,1,0,0,0,0.95
M01977,C01700,Email,Festive Sale,2025-08-30,1,1,1,0,7.8
M01978,C02567,Email,New Arrival,2025-11-16,1,1,1,0,2.47
M01979,C01907,Social,Loyalty Offer,2025-01-12,1,1,0,0,5.43
M01980,C03802,Email,Festive Sale,2025-10-08,1,0,0,0,2.72
M01981,C04947,SMS,New Arrival,2025-01-29,1,0,0,0,7.11
M01982,C04912,SMS,Weekend Offer,2025-06-20,1,1,1,0,3.21
M01983,C00813,Social,Clearance,2025-10-17,1,0,0,0,4.84
M01984,C00716,SMS,Festive Sale,2025-12-20,1,1,1,0,2.96
M01985,C02611,Social,New Arrival,2025-09-07,1,1,0,0,4.78
M01986,C01692,Email,Win Back,2025-04-01,1,1,0,0,5.61
M01987,C04554,Social,Win Back,2025-03-04,1,1,0,0,4.16
M01988,C00689,Social,New Arrival,2025-11-26,1,1,0,0,7.7
M01989,C03548,Email,New Arrival,2025-01-02,1,1,1,0,1.57
M01990,C00377,SMS,Win Back,2025-04-22,1,0,0,0,3.68
M01991,C03472,SMS,Weekend Offer,2025-07-20,1,0,0,0,3.12
M01992,C03446,Email,Win Back,2025-10-23,1,0,0,0,7.25
M01993,C00430,Email,Festive Sale,2025-03-09,1,1,0,0,3.56
M01994,C04275,SMS,Festive Sale,2025-11-30,1,0,0,0,5.46
M01995,C02043,Email,Win Back,2025-04-05,1,1,1,0,7.82
M01996,C01545,Email,Loyalty Offer,2025-09-24,1,0,0,0,7.54
M01997,C03830,Push,New Arrival,2025-05-11,1,1,1,0,5.17
M01998,C02645,Social,Festive Sale,2025-06-15,1,1,0,0,6.96
M01999,C00181,Push,Loyalty Offer,2025-02-04,1,0,0,0,4.64
M02000,C02624,Email,New Arrival,2025-11-19,1,0,0,0,2.25
M02001,C02860,Email,Festive Sale,2025-06-24,1,0,0,0,7.88
M02002,C04861,Push,Loyalty Offer,2025-09-20,1,1,0,0,2.05
M02003,C01479,Email,Festive Sale,2025-11-23,1,0,0,0,5.16
M02004,C03334,SMS,Clearance,2025-12-14,1,1,0,0,3.87
M02005,C03442,Social,Weekend Offer,2025-08-09,1,1,0,0,4.49
M02006,C01598,Social,New Arrival,2025-08-02,1,0,0,0,5.34
M02007,C04926,Social,Loyalty Offer,2025-10-15,1,0,0,0,0.92
M02008,C03473,Email,Clearance,2025-05-29,1,0,0,0,6.94
M02009,C01102,Social,Festive Sale,2025-12-21,1,1,0,0,1.53
M02010,C02230,SMS,New Arrival,2025-11-06,1,1,0,0,4.65
M02011,C01559,Push,Win Back,2025-07-12,1,0,0,0,6.44
M02012,C02125,Email,Loyalty Offer,2025-02-08,1,0,0,0,2.4
M02013,C01376,Social,Festive Sale,2025-01-29,1,0,0,0,5.84
M02014,C04009,Email,New Arrival,2025-07-21,1,0,0,0,6.09
M02015,C02132,Social,Clearance,2025-06-29,1,0,0,0,2.87
M02016,C03117,Social,Clearance,2025-09-23,1,1,0,0,0.54
M02017,C01652,Email,Clearance,2025-02-16,1,0,0,0,5.25
M02018,C02250,SMS,Win Back,2025-09-22,1,0,0,0,7.68
M02019,C01426,Email,Win Back,2025-04-03,1,0,0,0,6.79
M02020,C00778,SMS,Win Back,2025-12-06,1,1,0,0,6.84
M02021,C02002,Email,Festive Sale,2025-12-18,1,0,0,0,4.88
M02022,C00921,Push,Festive Sale,2025-05-04,1,0,0,0,6.05
M02023,C02497,SMS,Festive Sale,2025-08-19,1,0,0,0,7.56
M02024,C03413,Email,Weekend Offer,2025-03-21,1,0,0,0,0.74
M02025,C03242,Social,Loyalty Offer,2025-08-13,1,0,0,0,5.0
M02026,C02500,SMS,Festive Sale,2025-08-09,1,0,0,0,2.65
M02027,C01937,SMS,Win Back,2025-11-19,1,1,1,0,2.6
M02028,C02529,Email,Clearance,2025-11-28,1,0,0,0,0.77
M02029,C03513,Social,Win Back,2025-02-18,1,0,0,0,6.1
M02030,C02108,Push,Festive Sale,2025-12-30,1,1,0,0,2.18
M02031,C00138,Social,Festive Sale,2025-09-16,1,0,0,0,6.91
M02032,C02094,SMS,Clearance,2025-08-24,1,0,0,0,1.28
M02033,C04578,SMS,Festive Sale,2025-09-10,1,0,0,0,4.4
M02034,C00841,Email,Clearance,2025-10-17,1,1,0,0,6.57
M02035,C00967,Push,Weekend Offer,2025-07-30,1,0,0,0,5.41
M02036,C00102,Email,Win Back,2025-07-05,1,0,0,0,7.28
M02037,C03701,Email,Win Back,2025-03-25,1,0,0,0,2.17
M02038,C02305,Email,New Arrival,2025-06-12,1,1,0,0,4.1
M02039,C03982,Email,Festive Sale,2025-10-18,1,1,1,1,7.5
M02040,C04228,Email,New Arrival,2025-06-07,1,0,0,0,4.29
M02041,C00037,SMS,New Arrival,2025-09-04,1,0,0,0,6.17
M02042,C04200,Push,Weekend Offer,2025-02-23,1,1,0,0,1.91
M02043,C00409,Push,Loyalty Offer,2025-06-11,1,0,0,0,4.78
M02044,C01864,Social,Win Back,2025-04-04,1,1,0,0,1.48
M02045,C01575,Push,Loyalty Offer,2025-01-01,1,1,0,0,3.53
M02046,C02455,Email,Clearance,2025-05-21,1,0,0,0,6.98
M02047,C02420,SMS,New Arrival,2025-03-21,1,1,0,0,6.39
M02048,C00734,SMS,Clearance,2025-11-18,1,0,0,0,5.34
M02049,C01859,Email,Win Back,2025-06-01,1,0,0,0,4.36
M02050,C01513,Social,Win Back,2025-10-19,1,0,0,0,1.2
M02051,C02016,Email,Weekend Offer,2025-09-24,1,0,0,0,2.83
M02052,C03267,Social,Clearance,2025-04-15,1,1,0,0,1.15
M02053,C01339,Email,Clearance,2025-04-28,1,1,0,0,0.56
M02054,C00810,Email,Weekend Offer,2025-11-13,1,0,0,0,6.38
M02055,C00950,Email,Clearance,2025-12-31,1,0,0,0,3.22
M02056,C04876,Email,Win Back,2025-09-15,1,1,1,0,7.04
M02057,C00614,Email,New Arrival,2025-08-20,1,0,0,0,4.91
M02058,C03529,Email,Festive Sale,2025-01-18,1,0,0,0,0.85
M02059,C03079,Social,Loyalty Offer,2025-03-02,1,1,0,0,6.62
M02060,C00038,Push,Festive Sale,2025-11-14,1,1,1,0,4.66
M02061,C00092,Email,Festive Sale,2025-02-21,1,0,0,0,2.66
M02062,C00251,Social,Win Back,2025-08-14,1,0,0,0,7.66
M02063,C04155,SMS,New Arrival,2025-11-27,1,0,1,0,4.84
M02064,C01958,Email,Weekend Offer,2025-12-30,1,0,0,0,5.4
M02065,C04522,SMS,New Arrival,2025-02-06,1,1,0,0,1.44
M02066,C01571,SMS,New Arrival,2025-03-07,1,0,0,0,0.64
M02067,C00974,Email,Loyalty Offer,2025-02-14,1,1,0,0,2.55
M02068,C04803,SMS,Win Back,2025-09-17,1,0,0,0,6.56
M02069,C01205,SMS,Loyalty Offer,2025-11-14,1,1,0,0,1.49
M02070,C03864,SMS,New Arrival,2025-12-20,1,1,1,0,5.99
M02071,C02086,Email,Win Back,2025-07-02,1,0,0,0,1.96
M02072,C01448,SMS,Clearance,2025-04-27,1,0,0,0,5.13
M02073,C00744,Email,Win Back,2025-10-20,1,1,1,1,1.1
M02074,C01542,Email,New Arrival,2025-07-01,1,1,1,0,7.38
M02075,C03472,Push,Festive Sale,2025-01-19,1,1,0,0,0.8
M02076,C03834,Email,Win Back,2025-10-24,1,0,0,0,4.56
M02077,C03775,SMS,Festive Sale,2025-12-21,1,0,0,0,1.79
M02078,C01683,Email,Weekend Offer,2025-11-04,1,1,0,0,0.8
M02079,C04368,Social,Loyalty Offer,2025-06-20,1,1,0,0,6.11
M02080,C03246,Social,Festive Sale,2025-07-16,1,0,0,0,1.42
M02081,C04619,SMS,Clearance,2025-12-30,1,0,0,0,6.94
M02082,C00482,Email,Weekend Offer,2025-04-26,1,0,0,0,5.13
M02083,C04015,Social,Weekend Offer,2025-08-06,1,1,1,0,4.93
M02084,C02081,Email,Weekend Offer,2025-08-09,1,0,1,0,5.74
M02085,C01062,SMS,Loyalty Offer,2025-01-24,1,1,0,0,1.11
M02086,C03045,Social,Clearance,2025-06-10,1,0,0,0,4.09
M02087,C04535,Email,Win Back,2025-06-09,1,0,0,0,3.35
M02088,C04900,SMS,Win Back,2025-02-12,1,0,0,0,6.08
M02089,C02159,Email,Win Back,2025-02-01,1,0,0,0,3.65
M02090,C04489,Email,Loyalty Offer,2025-01-09,1,0,0,0,1.11
M02091,C02600,Social,Festive Sale,2025-11-19,1,1,0,0,7.28
M02092,C03531,Email,New Arrival,2025-12-22,1,1,0,0,7.38
M02093,C04800,Social,New Arrival,2025-07-21,1,0,0,0,2.88
M02094,C02721,Social,Clearance,2025-02-07,1,0,0,0,3.01
M02095,C02225,Email,Festive Sale,2025-08-29,1,1,1,0,1.4
M02096,C00149,SMS,Weekend Offer,2025-02-03,1,1,1,0,6.79
M02097,C00073,SMS,Loyalty Offer,2025-06-04,1,0,0,0,4.17
M02098,C00460,Push,New Arrival,2025-11-20,1,1,0,0,5.29
M02099,C01897,Email,Win Back,2025-01-25,1,1,0,0,6.62
M02100,C04489,Social,Clearance,2025-03-05,1,1,0,0,5.29
M02101,C04084,Email,Clearance,2025-03-28,1,0,0,0,0.96
M02102,C01860,Push,Loyalty Offer,2025-01-10,1,1,0,0,2.55
M02103,C02940,Email,Win Back,2025-10-24,1,1,1,1,3.82
M02104,C02630,Social,Win Back,2025-04-21,1,1,0,0,2.42
M02105,C01806,Email,Loyalty Offer,2025-11-25,1,0,0,0,7.29
M02106,C01539,SMS,Clearance,2025-05-23,1,1,1,0,1.46
M02107,C01665,Social,Win Back,2025-01-13,1,0,0,1,1.35
M02108,C00944,Social,Festive Sale,2025-09-25,1,0,0,0,1.65
M02109,C02243,Email,Loyalty Offer,2025-09-05,1,1,0,0,4.38
M02110,C02645,Push,New Arrival,2025-04-16,1,1,1,0,7.72
M02111,C04852,Email,Festive Sale,2025-02-06,1,0,0,0,4.99
M02112,C02307,Social,Loyalty Offer,2025-06-26,1,0,0,0,6.78
M02113,C02583,Social,Clearance,2025-01-26,1,1,0,0,6.73
M02114,C03607,Email,Win Back,2025-07-25,1,1,1,1,4.53
M02115,C04929,Push,Win Back,2025-09-01,1,0,0,0,2.46
M02116,C03125,Push,Clearance,2025-03-19,1,0,0,0,1.4
M02117,C00356,Email,Festive Sale,2025-02-09,1,0,0,0,1.67
M02118,C03734,Email,Win Back,2025-06-04,1,0,0,0,1.2
M02119,C00562,Social,Festive Sale,2025-04-09,1,1,1,1,4.85
M02120,C03293,SMS,Festive Sale,2025-03-01,1,1,0,0,3.46
M02121,C02746,SMS,Festive Sale,2025-08-11,1,0,0,0,3.51
M02122,C02515,Social,Weekend Offer,2025-01-01,1,0,0,0,1.27
M02123,C04114,SMS,Festive Sale,2025-12-30,1,1,1,0,0.69
M02124,C01567,Social,Weekend Offer,2025-02-13,1,1,0,0,0.83
M02125,C03606,Email,Weekend Offer,2025-10-17,1,1,0,0,4.77
M02126,C01685,Social,Loyalty Offer,2025-12-20,1,1,0,0,6.46
M02127,C04151,Email,New Arrival,2025-09-21,1,0,0,0,4.72
M02128,C00055,Email,Loyalty Offer,2025-07-10,1,1,0,0,6.94
M02129,C02377,Email,Clearance,2025-11-04,1,0,0,0,2.07
M02130,C00449,Email,Weekend Offer,2025-12-16,1,0,0,0,1.03
M02131,C02291,Email,Win Back,2025-03-20,1,0,0,0,4.93
M02132,C00267,Social,Festive Sale,2025-12-19,1,1,0,0,1.01
M02133,C00687,Push,Festive Sale,2025-02-04,1,0,0,0,7.57
M02134,C04410,SMS,Clearance,2025-07-12,1,1,0,0,5.43
M02135,C01136,Email,Win Back,2025-12-26,1,1,1,1,4.14
M02136,C00529,Email,Festive Sale,2025-01-26,1,1,0,0,4.9
M02137,C04218,Push,Weekend Offer,2025-05-12,1,1,1,1,5.46
M02138,C01455,Email,Win Back,2025-11-21,1,0,0,0,1.66
M02139,C03101,SMS,Loyalty Offer,2025-07-01,1,0,0,0,3.1
M02140,C02362,Social,Loyalty Offer,2025-02-05,1,0,0,0,4.43
M02141,C02196,SMS,Festive Sale,2025-07-16,1,0,0,0,8.0
M02142,C03476,Email,Festive Sale,2025-06-23,1,1,0,0,7.5
M02143,C00829,Social,Clearance,2025-10-02,1,0,1,0,7.35
M02144,C03279,Social,Festive Sale,2025-07-03,1,1,1,1,1.47
M02145,C01382,Push,Weekend Offer,2025-02-13,1,1,0,0,2.41
M02146,C03229,Push,Clearance,2025-04-17,1,0,0,0,3.72
M02147,C04670,Social,Weekend Offer,2025-12-04,1,1,0,0,8.0
M02148,C04849,Push,Festive Sale,2025-10-21,1,1,1,0,0.54
M02149,C03284,Email,Loyalty Offer,2025-04-20,1,0,0,0,6.07
M02150,C01690,Email,Win Back,2025-10-20,1,1,0,0,2.94
M02151,C02001,SMS,Loyalty Offer,2025-02-02,1,0,0,0,0.88
M02152,C02262,Social,Weekend Offer,2025-06-11,1,0,0,0,7.57
M02153,C03884,Push,New Arrival,2025-08-11,1,0,0,0,0.59
M02154,C03151,Email,Festive Sale,2025-08-27,1,1,0,0,5.84
M02155,C02363,Push,Win Back,2025-08-03,1,1,1,0,6.04
M02156,C01124,Push,Festive Sale,2025-10-07,1,1,0,0,4.47
M02157,C02237,Social,New Arrival,2025-09-17,1,0,0,0,2.92
M02158,C03478,Email,Win Back,2025-11-23,1,1,1,0,1.95
M02159,C02334,Social,Clearance,2025-08-22,1,0,0,0,2.77
M02160,C04124,Email,Weekend Offer,2025-12-04,1,0,0,0,5.01
M02161,C01904,Email,Loyalty Offer,2025-03-06,1,0,0,0,7.86
M02162,C00640,SMS,Clearance,2025-06-02,1,1,1,1,1.73
M02163,C02413,SMS,New Arrival,2025-07-17,1,1,0,0,6.35
M02164,C02318,Social,Win Back,2025-09-24,1,0,0,0,2.66
M02165,C03346,Social,Loyalty Offer,2025-07-18,1,0,0,0,7.91
M02166,C00248,SMS,Clearance,2025-12-09,1,0,0,0,6.79
M02167,C04004,SMS,Win Back,2025-08-15,1,1,1,0,6.59
M02168,C00734,Email,Win Back,2025-06-01,1,0,0,0,1.51
M02169,C04891,Email,Loyalty Offer,2025-06-03,1,0,0,0,1.79
M02170,C04082,SMS,Loyalty Offer,2025-09-23,1,1,0,0,1.92
M02171,C03518,SMS,Win Back,2025-10-29,1,0,0,0,7.83
M02172,C03783,SMS,Festive Sale,2025-08-16,1,0,0,0,4.92
M02173,C02120,Email,Weekend Offer,2025-10-11,1,0,0,0,6.38
M02174,C04253,SMS,Weekend Offer,2025-08-17,1,1,1,0,5.59
M02175,C02799,Push,Win Back,2025-11-11,1,0,0,0,6.75
M02176,C02140,SMS,Weekend Offer,2025-12-18,1,1,0,0,1.13
M02177,C02348,SMS,Loyalty Offer,2025-09-17,1,0,0,0,4.6
M02178,C01272,SMS,New Arrival,2025-02-17,1,0,0,0,5.7
M02179,C01495,Push,Weekend Offer,2025-06-23,1,0,0,0,1.76
M02180,C02679,Push,New Arrival,2025-01-21,1,1,0,0,7.23
M02181,C04826,Social,Clearance,2025-06-21,1,0,0,0,3.86
M02182,C02025,Email,Weekend Offer,2025-04-01,1,1,0,0,6.83
M02183,C01920,Social,Festive Sale,2025-01-26,1,0,0,0,3.42
M02184,C01897,Email,New Arrival,2025-01-19,1,1,0,0,7.72
M02185,C01535,Push,Loyalty Offer,2025-07-12,1,0,0,0,2.37
M02186,C04224,Email,Loyalty Offer,2025-12-04,1,1,1,0,7.43
M02187,C03855,SMS,Weekend Offer,2025-02-27,1,1,0,0,5.62
M02188,C01996,Social,New Arrival,2025-05-23,1,1,1,0,7.38
M02189,C03057,Social,Clearance,2025-10-30,1,0,0,0,7.38
M02190,C01223,Email,Clearance,2025-07-01,1,1,0,0,6.7
M02191,C03470,Email,Festive Sale,2025-08-19,1,1,1,1,7.32
M02192,C01654,Email,Loyalty Offer,2025-05-18,1,1,1,0,3.87
M02193,C04991,Social,Weekend Offer,2025-02-17,1,1,1,0,3.5
M02194,C00067,Email,Win Back,2025-06-16,1,1,0,0,7.5
M02195,C00357,Push,Win Back,2025-03-01,1,0,0,0,2.06
M02196,C04994,Email,Loyalty Offer,2025-10-09,1,0,0,0,2.49
M02197,C02278,Email,Win Back,2025-11-16,1,0,0,0,7.53
M02198,C00629,Email,Loyalty Offer,2025-11-15,1,0,0,0,1.26
M02199,C01374,Email,Festive Sale,2025-03-07,1,0,0,0,1.49
M02200,C01346,Push,Weekend Offer,2025-09-09,1,1,0,0,1.38
M02201,C03558,Social,Clearance,2025-05-31,1,1,0,0,5.94
M02202,C02230,Email,Loyalty Offer,2025-06-03,1,1,1,0,3.57
M02203,C00136,SMS,Weekend Offer,2025-09-02,1,0,0,0,7.87
M02204,C02219,Email,Clearance,2025-10-22,1,0,0,0,1.02
M02205,C03445,Social,Weekend Offer,2025-03-10,1,0,0,0,1.12
M02206,C04000,Email,Festive Sale,2025-01-21,1,0,0,0,0.58
M02207,C01515,Push,New Arrival,2025-04-20,1,1,1,0,6.82
M02208,C03065,SMS,New Arrival,2025-07-13,1,1,0,0,2.71
M02209,C04752,SMS,Festive Sale,2025-09-06,1,0,0,0,6.09
M02210,C00348,Push,Festive Sale,2025-08-21,1,0,0,0,6.39
M02211,C00448,SMS,Win Back,2025-03-02,1,1,1,1,0.63
M02212,C04623,Push,Win Back,2025-07-14,1,0,0,0,2.71
M02213,C02274,SMS,New Arrival,2025-06-24,1,0,0,0,4.27
M02214,C01841,Push,New Arrival,2025-01-26,1,1,0,0,3.32
M02215,C03897,Email,New Arrival,2025-09-06,1,0,0,0,0.75
M02216,C00581,SMS,Clearance,2025-07-11,1,0,0,0,1.43
M02217,C02676,Social,Festive Sale,2025-06-23,1,1,0,0,2.94
M02218,C03339,Social,Weekend Offer,2025-07-06,1,0,0,0,4.9
M02219,C02465,Push,Loyalty Offer,2025-04-10,1,0,0,0,5.73
M02220,C02985,Social,Win Back,2025-03-05,1,0,0,0,0.75
M02221,C04875,Email,Loyalty Offer,2025-02-27,1,0,0,0,7.74
M02222,C02400,Email,Loyalty Offer,2025-01-29,1,0,0,0,5.12
M02223,C02733,Push,Clearance,2025-08-13,1,0,0,0,2.68
M02224,C03139,Social,Weekend Offer,2025-12-31,1,1,1,0,4.08
M02225,C02128,Email,Win Back,2025-01-26,1,0,0,0,0.61
M02226,C04591,Social,Win Back,2025-03-16,1,1,0,0,3.58
M02227,C04145,Email,Clearance,2025-03-04,1,1,0,0,1.31
M02228,C02297,Push,Weekend Offer,2025-01-03,1,1,0,0,5.4
M02229,C04059,Social,New Arrival,2025-08-19,1,0,0,0,5.75
M02230,C03698,SMS,Weekend Offer,2025-06-12,1,1,0,0,5.03
M02231,C01978,SMS,Clearance,2025-01-09,1,0,0,0,3.77
M02232,C03592,Social,New Arrival,2025-07-18,1,0,0,0,7.42
M02233,C01608,Email,Weekend Offer,2025-08-20,1,1,0,0,7.32
M02234,C04233,SMS,Clearance,2025-11-29,1,0,0,0,6.9
M02235,C04187,Email,Loyalty Offer,2025-03-02,1,0,0,0,6.15
M02236,C02962,Email,Weekend Offer,2025-03-16,1,0,0,1,0.82
M02237,C02700,Push,Festive Sale,2025-07-24,1,1,0,0,2.53
M02238,C00806,Push,Loyalty Offer,2025-08-27,1,0,1,0,2.92
M02239,C03360,SMS,New Arrival,2025-02-11,1,0,0,0,2.07
M02240,C04564,SMS,Weekend Offer,2025-11-26,1,1,0,0,2.61
M02241,C04046,SMS,Weekend Offer,2025-05-30,1,1,1,0,6.18
M02242,C04148,Social,Clearance,2025-12-18,1,1,0,0,3.25
M02243,C04057,Email,New Arrival,2025-10-30,1,1,0,0,4.04
M02244,C03837,SMS,Loyalty Offer,2025-01-19,1,0,0,0,1.7
M02245,C02934,Push,Win Back,2025-02-20,1,0,0,0,5.44
M02246,C01414,Push,Weekend Offer,2025-01-01,1,1,0,0,3.34
M02247,C00894,Email,Festive Sale,2025-11-27,1,1,0,0,1.93
M02248,C03091,Push,Weekend Offer,2025-03-24,1,0,0,0,3.23
M02249,C00715,Social,Festive Sale,2025-09-10,1,1,0,0,1.06
M02250,C00379,Push,Festive Sale,2025-02-22,1,0,0,0,7.2
M02251,C01996,SMS,Festive Sale,2025-01-17,1,1,1,0,7.16
M02252,C02910,SMS,New Arrival,2025-02-28,1,0,0,0,4.11
M02253,C01850,Email,Weekend Offer,2025-09-27,1,0,0,0,4.8
M02254,C04272,Social,Festive Sale,2025-03-19,1,1,0,0,5.73
M02255,C03148,Email,New Arrival,2025-02-22,1,0,0,0,1.38
M02256,C03708,Push,Weekend Offer,2025-09-07,1,1,0,0,3.52
M02257,C00055,Email,Loyalty Offer,2025-02-04,1,0,0,0,2.77
M02258,C01342,Email,Win Back,2025-05-20,1,0,0,0,4.32
M02259,C01971,Social,Loyalty Offer,2025-05-20,1,0,0,0,6.92
M02260,C04496,Push,Clearance,2025-06-13,1,1,1,1,3.11
M02261,C00892,Email,Festive Sale,2025-07-13,1,1,0,0,3.92
M02262,C04389,Email,New Arrival,2025-03-13,1,1,1,1,4.8
M02263,C02725,SMS,Loyalty Offer,2025-06-17,1,0,0,0,6.89
M02264,C01825,Email,Clearance,2025-02-28,1,1,1,0,5.16
M02265,C02363,Email,New Arrival,2025-09-22,1,0,0,0,6.96
M02266,C04733,Email,Loyalty Offer,2025-12-12,1,0,0,0,7.16
M02267,C01544,SMS,Clearance,2025-09-10,1,1,1,1,3.02
M02268,C02699,Social,Win Back,2025-02-06,1,1,1,1,2.64
M02269,C01579,Push,Clearance,2025-03-10,1,0,0,0,5.53
M02270,C00861,Email,New Arrival,2025-04-14,1,0,0,0,1.66
M02271,C04899,SMS,Clearance,2025-12-02,1,0,0,0,6.24
M02272,C00915,Email,New Arrival,2025-11-01,1,1,0,0,4.25
M02273,C01190,SMS,Win Back,2025-04-17,1,1,1,0,7.16
M02274,C04756,SMS,Clearance,2025-03-11,1,0,0,0,4.29
M02275,C01158,SMS,Loyalty Offer,2025-12-31,1,1,0,0,7.47
M02276,C02500,Email,Festive Sale,2025-10-21,1,0,0,0,4.64
M02277,C01980,Social,Festive Sale,2025-05-07,1,0,0,0,6.72
M02278,C02325,Email,Win Back,2025-05-01,1,1,0,0,3.4
M02279,C02499,Email,Festive Sale,2025-04-13,1,0,0,0,7.0
M02280,C01717,SMS,Win Back,2025-12-03,1,1,0,0,3.98
M02281,C03467,Email,Festive Sale,2025-10-08,1,1,0,0,2.75
M02282,C03322,Social,New Arrival,2025-06-21,1,1,0,0,5.28
M02283,C00172,Email,Festive Sale,2025-02-02,1,1,0,0,3.03
M02284,C00338,Email,Clearance,2025-07-07,1,0,0,0,4.26
M02285,C03554,Email,Clearance,2025-03-13,1,1,0,0,6.17
M02286,C04390,Email,Win Back,2025-05-28,1,1,0,0,1.77
M02287,C04298,Social,Clearance,2025-03-31,1,1,1,0,2.02
M02288,C03322,Push,New Arrival,2025-03-28,1,1,0,0,2.78
M02289,C03538,Social,New Arrival,2025-05-05,1,1,1,0,6.06
M02290,C00151,Email,Clearance,2025-10-09,1,0,0,0,7.19
M02291,C00938,Email,Festive Sale,2025-10-17,1,1,0,0,4.51
M02292,C04607,SMS,New Arrival,2025-01-01,1,0,0,0,6.28
M02293,C01757,Social,Win Back,2025-11-23,1,1,1,0,6.82
M02294,C03248,Push,New Arrival,2025-01-06,1,1,1,0,3.02
M02295,C00440,Push,Weekend Offer,2025-06-14,1,0,1,0,7.45
M02296,C04985,Social,Festive Sale,2025-03-13,1,0,0,0,4.87
M02297,C01148,Email,Weekend Offer,2025-11-10,1,0,0,0,2.46
M02298,C02764,Email,Loyalty Offer,2025-08-05,1,1,0,0,7.08
M02299,C01782,Social,Festive Sale,2025-05-27,1,0,0,0,1.1
M02300,C00424,Push,Weekend Offer,2025-06-15,1,0,0,0,6.36
M02301,C02985,Push,Clearance,2025-05-31,1,1,0,0,2.49
M02302,C01038,Push,Festive Sale,2025-06-25,1,0,0,0,4.38
M02303,C04703,Social,Weekend Offer,2025-01-12,1,1,0,0,7.23
M02304,C00293,Social,Loyalty Offer,2025-01-16,1,0,0,0,3.7
M02305,C02063,Push,Weekend Offer,2025-09-14,1,0,0,0,3.73
M02306,C00554,Push,Weekend Offer,2025-07-26,1,0,0,0,5.5
M02307,C04822,Email,Clearance,2025-03-02,1,1,1,0,4.53
M02308,C00445,Email,New Arrival,2025-03-20,1,0,1,1,1.42
M02309,C02333,SMS,New Arrival,2025-03-27,1,0,1,0,5.3
M02310,C03367,Social,Win Back,2025-12-26,1,0,0,0,6.31
M02311,C02034,SMS,New Arrival,2025-11-14,1,0,0,0,2.46
M02312,C01681,Social,Clearance,2025-02-07,1,0,0,0,5.17
M02313,C04128,Email,Festive Sale,2025-09-25,1,0,0,0,6.22
M02314,C02551,Email,Clearance,2025-12-21,1,1,1,0,6.77
M02315,C04797,Email,Loyalty Offer,2025-03-14,1,0,0,0,7.15
M02316,C03391,Email,Loyalty Offer,2025-04-14,1,1,0,0,3.68
M02317,C04845,Email,New Arrival,2025-04-18,1,1,1,0,6.26
M02318,C00323,Social,Loyalty Offer,2025-03-08,1,1,1,0,1.85
M02319,C04216,Email,Weekend Offer,2025-02-27,1,0,0,0,6.09
M02320,C04994,Social,Clearance,2025-09-17,1,0,0,0,4.44
M02321,C02656,Email,Festive Sale,2025-06-06,1,1,1,0,2.62
M02322,C01607,SMS,Weekend Offer,2025-01-21,1,0,1,1,4.32
M02323,C01567,Email,Festive Sale,2025-04-30,1,0,0,0,6.4
M02324,C00948,Email,Clearance,2025-12-08,1,0,0,0,6.56
M02325,C04796,Email,New Arrival,2025-09-11,1,0,0,0,3.35
M02326,C04174,Push,Festive Sale,2025-08-10,1,1,0,0,0.73
M02327,C00103,Email,Win Back,2025-10-11,1,0,0,0,4.44
M02328,C01771,Push,New Arrival,2025-09-20,1,0,0,0,3.82
M02329,C02623,SMS,Win Back,2025-07-18,1,1,0,0,1.22
M02330,C00424,Email,Loyalty Offer,2025-05-17,1,1,0,0,5.13
M02331,C04610,Push,Festive Sale,2025-10-14,1,1,0,0,0.52
M02332,C03870,Social,Win Back,2025-08-02,1,1,0,0,5.22
M02333,C04927,Push,Win Back,2025-01-06,1,0,0,0,4.17
M02334,C01256,Push,Loyalty Offer,2025-11-01,1,0,0,0,6.21
M02335,C04126,Email,Festive Sale,2025-02-09,1,0,0,0,1.99
M02336,C04680,Social,Clearance,2025-07-07,1,0,0,0,6.47
M02337,C02376,Email,Loyalty Offer,2025-08-10,1,0,0,0,0.8
M02338,C03068,Email,Clearance,2025-09-27,1,1,0,0,7.25
M02339,C02134,SMS,Win Back,2025-04-28,1,1,0,0,6.03
M02340,C00161,SMS,New Arrival,2025-11-28,1,0,0,0,6.0
M02341,C02882,Push,Clearance,2025-08-18,1,1,1,1,5.36
M02342,C01542,Email,Clearance,2025-10-02,1,0,0,0,0.63
M02343,C00236,SMS,Clearance,2025-02-14,1,0,0,0,3.54
M02344,C04452,Social,New Arrival,2025-06-20,1,1,0,0,7.53
M02345,C02528,Email,New Arrival,2025-05-19,1,0,0,0,2.14
M02346,C03013,Push,Weekend Offer,2025-08-14,1,1,0,0,7.14
M02347,C02147,Email,Clearance,2025-01-19,1,0,0,0,2.81
M02348,C02483,Email,Clearance,2025-06-09,1,0,0,0,0.63
M02349,C04882,SMS,Clearance,2025-12-22,1,0,0,0,4.48
M02350,C01555,SMS,New Arrival,2025-08-21,1,1,0,0,5.47
M02351,C00963,Email,Loyalty Offer,2025-08-18,1,0,0,0,1.12
M02352,C01758,Email,Festive Sale,2025-12-05,1,0,0,0,3.37
M02353,C03740,Social,Clearance,2025-07-03,1,1,1,0,0.58
M02354,C04194,SMS,Win Back,2025-05-22,1,0,0,0,5.25
M02355,C01935,Email,New Arrival,2025-06-10,1,1,0,1,6.81
M02356,C01159,SMS,New Arrival,2025-01-12,1,1,0,0,4.04
M02357,C03107,SMS,Win Back,2025-12-05,1,1,0,0,3.23
M02358,C04197,Social,Loyalty Offer,2025-05-12,1,1,0,0,7.15
M02359,C02218,Email,New Arrival,2025-12-01,1,0,0,0,2.88
M02360,C01969,Push,Win Back,2025-04-13,1,0,0,0,0.92
M02361,C02947,Social,Festive Sale,2025-08-18,1,1,0,0,7.98
M02362,C02588,Push,Weekend Offer,2025-06-29,1,0,0,0,5.26
M02363,C03802,Push,Clearance,2025-03-21,1,1,0,0,4.13
M02364,C04453,Email,Clearance,2025-06-14,1,0,0,0,2.13
M02365,C02228,Email,Win Back,2025-03-05,1,1,0,0,2.86
M02366,C00413,Email,Win Back,2025-01-17,1,0,0,0,3.53
M02367,C02595,Email,Clearance,2025-03-15,1,1,0,0,7.48
M02368,C04767,Social,Festive Sale,2025-06-13,1,1,0,0,7.71
M02369,C03055,Push,Weekend Offer,2025-11-23,1,0,0,0,7.38
M02370,C02781,Social,Win Back,2025-08-31,1,0,0,0,4.46
M02371,C00055,Push,Weekend Offer,2025-08-20,1,0,0,0,2.75
M02372,C03693,Email,Win Back,2025-08-11,1,0,0,0,7.32
M02373,C04877,Email,Clearance,2025-08-13,1,1,0,0,6.85
M02374,C01771,Email,Weekend Offer,2025-09-25,1,1,0,0,2.09
M02375,C02071,Push,Festive Sale,2025-01-03,1,1,0,0,3.19
M02376,C02786,Push,Win Back,2025-05-30,1,0,0,0,6.86
M02377,C02501,SMS,New Arrival,2025-08-28,1,0,0,0,2.82
M02378,C03359,Social,Clearance,2025-01-19,1,0,0,0,2.76
M02379,C03158,Email,Clearance,2025-05-10,1,1,0,0,0.7
M02380,C03897,Email,Clearance,2025-06-24,1,0,0,0,1.84
M02381,C00420,Email,Loyalty Offer,2025-07-04,1,1,0,0,4.45
M02382,C04082,SMS,Weekend Offer,2025-06-20,1,1,1,0,2.06
M02383,C03304,Push,Weekend Offer,2025-08-05,1,1,1,1,5.66
M02384,C02425,SMS,Loyalty Offer,2025-01-26,1,0,0,0,6.8
M02385,C00648,Email,Win Back,2025-10-29,1,0,0,0,6.69
M02386,C03313,Email,New Arrival,2025-01-28,1,0,0,0,7.5
M02387,C00690,Email,Weekend Offer,2025-08-22,1,0,0,0,4.0
M02388,C03561,Email,Festive Sale,2025-10-01,1,0,0,0,5.63
M02389,C03394,SMS,Loyalty Offer,2025-08-30,1,0,0,0,4.71
M02390,C03337,Email,Loyalty Offer,2025-12-08,1,1,0,0,5.86
M02391,C04699,Email,Weekend Offer,2025-02-06,1,1,1,1,3.95
M02392,C04056,Email,Loyalty Offer,2025-09-19,1,1,0,0,7.64
M02393,C01696,Email,Win Back,2025-04-16,1,0,0,0,1.89
M02394,C00414,Email,Weekend Offer,2025-07-27,1,0,0,0,5.78
M02395,C04014,Social,Clearance,2025-04-06,1,1,1,0,5.46
M02396,C01992,Email,New Arrival,2025-07-11,1,0,0,0,6.54
M02397,C00491,Push,Clearance,2025-06-17,1,0,0,0,5.66
M02398,C03761,Email,Loyalty Offer,2025-05-10,1,0,0,0,0.73
M02399,C03952,Push,New Arrival,2025-07-19,1,0,0,0,3.13
M02400,C02368,Push,Weekend Offer,2025-12-06,1,1,0,0,2.87
M02401,C02493,Email,New Arrival,2025-05-14,1,1,0,0,3.22
M02402,C00292,Social,Festive Sale,2025-04-17,1,1,1,1,3.55
M02403,C02440,Email,Festive Sale,2025-01-12,1,0,0,0,2.15
M02404,C03165,SMS,Loyalty Offer,2025-07-27,1,0,0,0,6.31
M02405,C04228,Push,New Arrival,2025-05-02,1,1,0,0,6.28
M02406,C03071,Social,New Arrival,2025-02-12,1,1,0,0,3.16
M02407,C02451,Email,Weekend Offer,2025-08-08,1,1,0,0,5.22
M02408,C01367,Email,Festive Sale,2025-12-28,1,0,0,0,3.05
M02409,C03373,Email,Festive Sale,2025-03-07,1,0,0,0,1.18
M02410,C03863,Push,Clearance,2025-03-05,1,1,1,1,3.33
M02411,C04901,Social,Loyalty Offer,2025-04-20,1,1,0,1,5.05
M02412,C03910,Email,New Arrival,2025-09-28,1,0,0,0,6.69
M02413,C01235,SMS,Weekend Offer,2025-02-12,1,1,0,0,2.09
M02414,C02084,Email,Clearance,2025-06-21,1,0,0,0,1.93
M02415,C04146,Email,Clearance,2025-03-03,1,0,0,0,1.06
M02416,C00119,Email,Weekend Offer,2025-11-08,1,0,0,0,0.91
M02417,C04777,Email,Win Back,2025-06-14,1,0,0,0,4.64
M02418,C00715,Email,Festive Sale,2025-04-26,1,0,0,0,0.58
M02419,C04390,SMS,Loyalty Offer,2025-05-09,1,0,0,1,3.22
M02420,C01669,Email,Weekend Offer,2025-09-11,1,1,1,0,6.2
M02421,C03070,Social,Festive Sale,2025-11-09,1,0,0,0,6.46
M02422,C04194,Email,Festive Sale,2025-12-05,1,0,0,0,7.95
M02423,C02169,Social,New Arrival,2025-09-15,1,0,0,0,2.78
M02424,C03046,Email,Clearance,2025-05-24,1,0,0,0,3.98
M02425,C01898,SMS,Festive Sale,2025-11-30,1,0,0,0,3.81
M02426,C04001,Push,Loyalty Offer,2025-06-06,1,0,0,0,6.28
M02427,C00020,Social,Win Back,2025-08-24,1,0,0,0,5.67
M02428,C03977,Push,Loyalty Offer,2025-01-03,1,1,0,0,5.43
M02429,C00126,Email,Loyalty Offer,2025-04-21,1,0,0,0,2.82
M02430,C00025,Email,Clearance,2025-07-07,1,0,0,0,3.85
M02431,C04055,Email,Clearance,2025-11-20,1,0,0,0,5.9
M02432,C04827,Email,Loyalty Offer,2025-03-13,1,0,0,0,2.44
M02433,C04141,Email,Win Back,2025-02-23,1,1,0,0,4.71
M02434,C02249,Email,Clearance,2025-08-22,1,0,0,0,7.22
M02435,C03040,Social,Weekend Offer,2025-11-01,1,1,1,0,3.04
M02436,C03041,Social,Festive Sale,2025-03-10,1,1,0,0,1.9
M02437,C02098,Email,New Arrival,2025-02-07,1,0,0,0,4.52
M02438,C04162,Push,Festive Sale,2025-04-08,1,1,1,0,7.06
M02439,C04886,Social,Loyalty Offer,2025-11-28,1,0,0,0,4.9
M02440,C01828,Email,Clearance,2025-04-15,1,0,0,0,3.75
M02441,C02491,Social,Weekend Offer,2025-06-24,1,0,0,0,4.24
M02442,C01903,SMS,Festive Sale,2025-08-03,1,1,0,0,1.99
M02443,C00696,Social,Win Back,2025-03-06,1,0,0,0,3.69
M02444,C04187,Email,Loyalty Offer,2025-03-24,1,0,0,0,5.98
M02445,C00777,Email,Win Back,2025-06-06,1,0,0,0,0.71
M02446,C02775,SMS,Clearance,2025-09-11,1,0,0,0,2.18
M02447,C02527,Social,Weekend Offer,2025-06-10,1,1,1,0,7.44
M02448,C02289,Email,Festive Sale,2025-12-13,1,1,0,0,6.07
M02449,C00105,Email,Clearance,2025-11-09,1,0,0,0,3.52
M02450,C00688,Email,Win Back,2025-07-19,1,0,0,0,6.61
M02451,C03535,SMS,Weekend Offer,2025-04-03,1,0,0,0,7.58
M02452,C03294,Push,Clearance,2025-04-16,1,1,0,0,5.42
M02453,C04173,Email,Weekend Offer,2025-06-05,1,1,1,0,1.14
M02454,C03285,Push,Clearance,2025-09-10,1,0,0,0,1.87
M02455,C03086,Email,Festive Sale,2025-04-16,1,0,0,1,4.18
M02456,C03516,SMS,New Arrival,2025-01-09,1,0,0,0,2.36
M02457,C04233,SMS,Win Back,2025-06-24,1,0,0,0,4.99
M02458,C03290,Social,Weekend Offer,2025-04-26,1,1,0,0,7.66
M02459,C04048,Email,Clearance,2025-10-18,1,1,1,0,3.6
M02460,C00667,SMS,Clearance,2025-11-27,1,1,0,0,3.47
M02461,C00391,SMS,Festive Sale,2025-08-15,1,1,0,0,6.72
M02462,C00646,Social,Clearance,2025-02-22,1,1,0,0,4.67
M02463,C00344,Email,Loyalty Offer,2025-10-22,1,0,0,0,6.5
M02464,C00222,Social,Weekend Offer,2025-04-03,1,0,0,1,1.23
M02465,C04793,Email,Loyalty Offer,2025-02-14,1,0,0,0,7.19
M02466,C01165,Email,Weekend Offer,2025-05-21,1,0,0,0,4.73
M02467,C04118,SMS,Clearance,2025-12-18,1,0,0,0,1.34
M02468,C03334,Social,Win Back,2025-07-02,1,0,0,0,7.3
M02469,C04062,Email,Weekend Offer,2025-01-11,1,0,0,0,5.42
M02470,C01249,SMS,Clearance,2025-05-11,1,1,0,0,3.94
M02471,C01968,Email,Loyalty Offer,2025-11-07,1,0,0,0,1.15
M02472,C04597,SMS,Festive Sale,2025-07-31,1,1,0,0,3.31
M02473,C02975,Social,New Arrival,2025-07-02,1,0,0,0,7.59
M02474,C03597,Email,Clearance,2025-11-25,1,0,0,0,2.63
M02475,C00491,SMS,Weekend Offer,2025-05-15,1,0,0,0,3.24
M02476,C01836,SMS,New Arrival,2025-12-07,1,0,1,0,4.91
M02477,C03403,Push,Loyalty Offer,2025-07-04,1,1,1,0,1.88
M02478,C03748,Email,Festive Sale,2025-07-14,1,1,0,0,5.79
M02479,C02767,Social,Loyalty Offer,2025-02-22,1,0,0,0,7.59
M02480,C00008,Push,Clearance,2025-05-15,1,0,0,0,4.95
M02481,C04477,Social,Clearance,2025-01-10,1,0,0,0,1.92
M02482,C01137,Email,Loyalty Offer,2025-06-05,1,0,0,0,1.75
M02483,C00518,Push,Win Back,2025-06-20,1,1,1,0,0.7
M02484,C03401,SMS,Weekend Offer,2025-04-15,1,0,0,0,5.04
M02485,C02453,SMS,Win Back,2025-08-19,1,0,0,0,2.74
M02486,C04450,Push,Loyalty Offer,2025-08-23,1,0,0,0,6.38
M02487,C00922,Push,Festive Sale,2025-08-23,1,1,0,0,4.46
M02488,C00129,Email,Loyalty Offer,2025-11-26,1,0,0,0,4.4
M02489,C00956,Email,Win Back,2025-02-08,1,1,1,0,7.62
M02490,C00625,Email,Win Back,2025-11-28,1,1,1,0,4.03
M02491,C02733,Push,New Arrival,2025-02-20,1,1,0,0,0.8
M02492,C01650,Email,Weekend Offer,2025-10-14,1,0,0,0,3.33
M02493,C01153,Email,New Arrival,2025-10-29,1,0,0,0,4.06
M02494,C04718,Email,New Arrival,2025-09-11,1,0,0,0,0.97
M02495,C01593,Email,Win Back,2025-08-15,1,0,0,0,0.69
M02496,C02170,Social,New Arrival,2025-02-03,1,1,1,1,1.4
M02497,C04582,Email,Loyalty Offer,2025-08-19,1,0,1,1,6.36
M02498,C01725,Email,Clearance,2025-11-23,1,0,0,0,2.26
M02499,C01645,Push,Weekend Offer,2025-09-19,1,1,1,0,4.4
M02500,C04784,Push,New Arrival,2025-02-21,1,0,0,0,2.92
M02501,C04595,Email,New Arrival,2025-09-06,1,0,0,0,0.7
M02502,C02236,Push,New Arrival,2025-03-17,1,0,0,1,2.8
M02503,C04416,Push,New Arrival,2025-01-18,1,1,1,0,4.99
M02504,C02914,Social,Win Back,2025-10-18,1,1,0,0,3.19
M02505,C04681,Push,Festive Sale,2025-02-06,1,0,0,0,2.02
M02506,C00151,SMS,New Arrival,2025-04-23,1,1,0,0,7.36
M02507,C03025,Social,Clearance,2025-05-08,1,1,0,0,5.39
M02508,C00647,Email,Weekend Offer,2025-07-13,1,0,0,0,2.58
M02509,C00836,Social,Clearance,2025-05-15,1,0,0,0,1.18
M02510,C04873,Social,Festive Sale,2025-07-28,1,0,0,0,3.57
M02511,C03779,SMS,Win Back,2025-04-23,1,0,0,0,7.44
M02512,C01800,Push,Loyalty Offer,2025-09-14,1,0,0,0,5.25
M02513,C03862,SMS,Loyalty Offer,2025-06-11,1,1,0,0,2.7
M02514,C04622,Social,New Arrival,2025-12-08,1,0,0,0,2.43
M02515,C02874,Push,Weekend Offer,2025-01-13,1,0,0,0,7.49
M02516,C04150,Email,Loyalty Offer,2025-12-10,1,0,0,0,2.09
M02517,C00895,Social,Festive Sale,2025-10-20,1,0,0,0,1.49
M02518,C02282,Email,Weekend Offer,2025-01-04,1,0,0,0,5.87
M02519,C01602,Push,New Arrival,2025-10-30,1,1,0,0,7.33
M02520,C00982,Social,New Arrival,2025-03-19,1,0,0,0,6.96
M02521,C03866,Email,Win Back,2025-05-18,1,0,0,0,0.62
M02522,C04548,Push,Loyalty Offer,2025-04-29,1,1,1,1,6.19
M02523,C03185,SMS,Win Back,2025-09-03,1,0,0,0,1.12
M02524,C01293,Social,Weekend Offer,2025-03-30,1,1,1,0,2.32
M02525,C04329,Email,Win Back,2025-08-21,1,0,0,0,2.19
M02526,C04441,SMS,Loyalty Offer,2025-07-24,1,0,0,0,0.75
M02527,C01227,Social,Festive Sale,2025-08-25,1,0,0,0,2.42
M02528,C02856,Email,Win Back,2025-10-21,1,0,0,0,3.49
M02529,C04384,Social,Win Back,2025-07-13,1,1,1,1,2.13
M02530,C03047,Push,Clearance,2025-05-24,1,0,0,0,7.63
M02531,C02700,SMS,Win Back,2025-03-01,1,1,0,0,2.99
M02532,C03832,Push,Clearance,2025-06-10,1,0,0,0,5.01
M02533,C02808,SMS,New Arrival,2025-06-04,1,0,0,0,0.6
M02534,C00570,SMS,Loyalty Offer,2025-11-25,1,1,0,0,7.41
M02535,C03024,Push,New Arrival,2025-11-22,1,0,0,0,6.29
M02536,C02439,Push,Win Back,2025-07-12,1,1,0,0,1.15
M02537,C04408,Email,Clearance,2025-09-07,1,1,0,1,7.62
M02538,C02466,Email,Loyalty Offer,2025-01-17,1,0,0,0,7.68
M02539,C03417,Email,Clearance,2025-12-26,1,0,0,0,0.78
M02540,C03057,Email,Clearance,2025-02-02,1,1,1,0,7.03
M02541,C04620,Email,Loyalty Offer,2025-12-16,1,1,0,0,7.11
M02542,C04237,Email,New Arrival,2025-08-13,1,0,0,0,7.22
M02543,C03355,SMS,Loyalty Offer,2025-05-02,1,1,0,0,4.84
M02544,C02073,Email,New Arrival,2025-03-08,1,1,1,1,7.44
M02545,C01286,Email,Festive Sale,2025-01-09,1,1,0,0,3.13
M02546,C03479,SMS,Weekend Offer,2025-08-27,1,1,1,0,4.96
M02547,C01257,Social,Win Back,2025-06-27,1,1,0,0,0.62
M02548,C03557,Email,Win Back,2025-04-25,1,0,0,0,4.95
M02549,C02860,Social,Win Back,2025-05-02,1,1,1,0,4.08
M02550,C02617,Social,Loyalty Offer,2025-08-14,1,1,0,0,7.46
M02551,C02841,Social,Weekend Offer,2025-12-23,1,0,0,0,5.29
M02552,C04191,Social,Clearance,2025-08-18,1,0,0,0,0.87
M02553,C02830,Email,Clearance,2025-01-26,1,1,0,0,1.3
M02554,C01921,Push,Clearance,2025-05-02,1,1,1,1,5.59
M02555,C02114,Social,Clearance,2025-06-10,1,0,0,1,5.59
M02556,C00864,Email,Clearance,2025-03-31,1,1,0,0,2.06
M02557,C01978,Email,Clearance,2025-11-29,1,0,0,0,3.14
M02558,C04195,SMS,Weekend Offer,2025-04-11,1,0,0,0,3.88
M02559,C01186,Social,Festive Sale,2025-12-16,1,1,0,0,1.53
M02560,C00982,Email,Loyalty Offer,2025-08-11,1,0,0,0,4.76
M02561,C01310,Social,Loyalty Offer,2025-12-26,1,1,0,0,6.15
M02562,C00770,Email,Win Back,2025-07-09,1,0,0,0,7.52
M02563,C02005,SMS,Loyalty Offer,2025-10-28,1,0,0,0,5.46
M02564,C04012,Email,Weekend Offer,2025-01-28,1,1,0,0,1.0
M02565,C05000,Social,Loyalty Offer,2025-07-03,1,0,0,0,2.01
M02566,C03071,Push,Clearance,2025-05-11,1,0,0,0,5.95
M02567,C02821,Social,New Arrival,2025-02-23,1,0,0,0,6.34
M02568,C00188,Email,Festive Sale,2025-03-08,1,0,0,0,7.49
M02569,C03970,Email,Weekend Offer,2025-10-17,1,0,0,0,7.17
M02570,C00667,SMS,Weekend Offer,2025-12-29,1,0,0,0,1.58
M02571,C04530,SMS,Loyalty Offer,2025-07-20,1,0,0,0,7.87
M02572,C02547,Social,Loyalty Offer,2025-12-06,1,1,0,0,6.54
M02573,C03216,Social,Clearance,2025-11-05,1,1,1,0,1.76
M02574,C01386,Social,Win Back,2025-03-10,1,0,0,0,2.04
M02575,C01949,SMS,Clearance,2025-11-08,1,0,0,0,3.93
M02576,C03474,SMS,Loyalty Offer,2025-11-06,1,1,0,0,1.61
M02577,C03976,SMS,Loyalty Offer,2025-08-28,1,0,1,1,5.29
M02578,C03824,Email,Loyalty Offer,2025-06-20,1,0,0,0,7.38
M02579,C04033,Email,Win Back,2025-08-27,1,0,0,0,0.79
M02580,C04853,Email,Weekend Offer,2025-03-19,1,0,0,0,0.76
M02581,C04137,Push,Clearance,2025-12-07,1,1,0,0,2.91
M02582,C04803,Email,Loyalty Offer,2025-11-12,1,0,0,0,7.71
M02583,C02604,Email,Festive Sale,2025-07-30,1,1,0,0,6.78
M02584,C04008,Email,Festive Sale,2025-07-19,1,0,0,0,2.6
M02585,C02817,Email,Loyalty Offer,2025-04-19,1,1,0,0,2.78
M02586,C01799,Email,Weekend Offer,2025-11-10,1,1,1,0,4.14
M02587,C01182,Email,Win Back,2025-07-02,1,0,0,0,3.83
M02588,C00109,Email,New Arrival,2025-11-17,1,0,0,0,3.59
M02589,C04307,Email,Weekend Offer,2025-02-10,1,1,1,0,7.39
M02590,C03880,Push,New Arrival,2025-03-07,1,1,0,0,2.62
M02591,C00315,Social,Win Back,2025-10-29,1,0,0,0,5.0
M02592,C00503,Push,Loyalty Offer,2025-02-24,1,0,0,0,1.25
M02593,C01510,Email,Win Back,2025-04-18,1,0,0,0,0.84
M02594,C00830,Social,Weekend Offer,2025-02-25,1,1,1,0,3.11
M02595,C02036,Email,Weekend Offer,2025-03-28,1,0,0,0,4.04
M02596,C01899,Email,Weekend Offer,2025-01-17,1,0,0,0,1.63
M02597,C00138,Email,Win Back,2025-11-02,1,0,0,0,1.48
M02598,C01629,SMS,Festive Sale,2025-10-18,1,0,0,0,3.01
M02599,C03565,Email,New Arrival,2025-06-01,1,0,0,0,6.62
M02600,C00902,Social,Weekend Offer,2025-09-26,1,0,1,0,1.03
M02601,C03019,Push,Festive Sale,2025-03-02,1,1,0,0,4.15
M02602,C01637,Email,Win Back,2025-05-06,1,0,0,0,6.79
M02603,C04610,SMS,New Arrival,2025-02-05,1,1,0,0,4.08
M02604,C00361,Email,Win Back,2025-03-09,1,1,0,0,5.34
M02605,C00222,Social,Festive Sale,2025-08-11,1,1,1,0,5.82
M02606,C03031,Email,New Arrival,2025-05-27,1,0,0,0,6.71
M02607,C02184,Push,Clearance,2025-04-15,1,0,0,0,2.02
M02608,C00547,Push,Clearance,2025-06-03,1,0,0,0,1.48
M02609,C03362,Social,Win Back,2025-12-27,1,1,1,1,2.6
M02610,C04610,Push,Loyalty Offer,2025-12-04,1,1,0,0,2.88
M02611,C04012,Email,Festive Sale,2025-11-20,1,0,0,0,1.94
M02612,C04598,SMS,Win Back,2025-07-03,1,0,0,0,5.12
M02613,C03807,Email,Festive Sale,2025-06-18,1,1,0,0,4.01
M02614,C02778,Email,Loyalty Offer,2025-06-04,1,0,0,0,3.4
M02615,C04254,Email,Loyalty Offer,2025-10-27,1,1,1,0,6.46
M02616,C04832,Email,Win Back,2025-12-14,1,0,0,0,5.68
M02617,C04012,Email,Clearance,2025-03-17,1,1,1,0,2.44
M02618,C01378,Email,Weekend Offer,2025-08-23,1,1,0,0,1.55
M02619,C04725,SMS,Loyalty Offer,2025-12-27,1,0,0,0,2.34
M02620,C00699,Social,Festive Sale,2025-06-03,1,1,1,1,6.34
M02621,C01094,SMS,New Arrival,2025-04-10,1,0,0,0,2.68
M02622,C03380,Email,Loyalty Offer,2025-07-21,1,1,0,0,4.27
M02623,C04774,Email,Weekend Offer,2025-09-29,1,1,1,0,7.47
M02624,C04556,Social,Loyalty Offer,2025-12-26,1,1,1,0,4.26
M02625,C01341,Email,Festive Sale,2025-05-23,1,0,0,0,3.47
M02626,C00477,Email,Festive Sale,2025-01-11,1,0,0,0,1.23
M02627,C01838,Email,Clearance,2025-03-15,1,0,0,0,5.32
M02628,C00135,Push,Loyalty Offer,2025-01-07,1,1,1,0,4.59
M02629,C01312,SMS,Loyalty Offer,2025-03-16,1,0,0,0,3.84
M02630,C03514,Email,Win Back,2025-12-14,1,0,0,0,3.5
M02631,C01746,Email,Win Back,2025-07-03,1,0,0,0,2.11
M02632,C03818,SMS,Loyalty Offer,2025-08-06,1,0,0,0,4.69
M02633,C04788,Social,Win Back,2025-07-11,1,1,0,0,1.75
M02634,C04934,Email,New Arrival,2025-01-03,1,0,0,0,4.47
M02635,C04660,Social,Win Back,2025-06-28,1,1,0,1,3.21
M02636,C02082,Push,Clearance,2025-12-14,1,1,0,0,6.72
M02637,C02625,Email,Weekend Offer,2025-08-21,1,0,0,0,3.12
M02638,C04107,SMS,Clearance,2025-07-24,1,1,1,0,2.0
M02639,C00938,Social,Clearance,2025-05-09,1,0,0,0,4.02
M02640,C01959,Social,Festive Sale,2025-11-03,1,1,0,0,3.21
M02641,C00656,Social,Loyalty Offer,2025-10-14,1,1,1,0,1.74
M02642,C02198,Email,Clearance,2025-10-01,1,0,1,0,2.77
M02643,C00874,Social,Clearance,2025-05-23,1,0,0,0,1.57
M02644,C03115,Email,Loyalty Offer,2025-12-05,1,0,0,0,6.16
M02645,C02674,Email,Weekend Offer,2025-12-06,1,1,0,0,1.76
M02646,C01215,Push,Weekend Offer,2025-05-15,1,0,0,1,1.04
M02647,C02239,Email,Festive Sale,2025-12-07,1,1,0,0,2.43
M02648,C00523,Push,Loyalty Offer,2025-11-15,1,0,0,0,3.77
M02649,C00148,Email,Weekend Offer,2025-08-24,1,1,0,0,0.58
M02650,C03279,Email,Weekend Offer,2025-12-03,1,0,0,0,5.37
M02651,C03248,Push,Weekend Offer,2025-06-24,1,1,0,1,2.84
M02652,C00426,Push,Clearance,2025-01-10,1,1,1,0,7.37
M02653,C00088,Email,New Arrival,2025-08-16,1,1,1,0,1.14
M02654,C03789,Social,Weekend Offer,2025-01-15,1,0,0,0,7.33
M02655,C01770,Email,Loyalty Offer,2025-07-23,1,0,0,1,2.18
M02656,C04488,SMS,Weekend Offer,2025-06-25,1,1,0,0,2.97
M02657,C01561,Email,Weekend Offer,2025-11-25,1,1,0,0,7.72
M02658,C02937,Push,Clearance,2025-10-04,1,1,1,0,2.91
M02659,C02828,Email,Festive Sale,2025-10-05,1,1,1,0,0.8
M02660,C03979,Social,Clearance,2025-11-02,1,1,0,0,1.25
M02661,C03158,Push,Clearance,2025-11-15,1,1,1,0,5.26
M02662,C04830,Email,Festive Sale,2025-03-29,1,1,0,0,5.85
M02663,C02050,Social,New Arrival,2025-05-01,1,0,0,0,3.16
M02664,C02911,Social,Clearance,2025-11-16,1,0,0,0,1.17
M02665,C03631,Push,New Arrival,2025-12-19,1,0,0,0,7.01
M02666,C04049,Social,Loyalty Offer,2025-01-24,1,1,0,0,2.51
M02667,C03238,Email,Loyalty Offer,2025-04-15,1,0,0,1,7.45
M02668,C02321,Email,Clearance,2025-12-24,1,0,0,0,0.57
M02669,C03283,Push,New Arrival,2025-01-21,1,1,1,0,6.11
M02670,C04943,Email,Loyalty Offer,2025-02-14,1,0,0,0,1.89
M02671,C00403,Email,Weekend Offer,2025-09-12,1,0,0,0,2.4
M02672,C00478,Social,Win Back,2025-05-02,1,1,0,0,6.73
M02673,C01889,Social,Win Back,2025-05-08,1,0,0,0,5.7
M02674,C02266,Social,Clearance,2025-09-23,1,0,0,0,4.37
M02675,C03241,Email,New Arrival,2025-05-02,1,0,0,0,0.92
M02676,C03979,Push,New Arrival,2025-12-06,1,0,0,0,7.87
M02677,C00937,Social,New Arrival,2025-04-03,1,0,0,0,1.36
M02678,C00680,Social,Win Back,2025-01-10,1,0,0,0,1.24
M02679,C01355,Push,Win Back,2025-04-27,1,0,0,0,1.45
M02680,C01158,Email,Clearance,2025-05-29,1,0,0,0,2.65
M02681,C03616,SMS,Win Back,2025-01-13,1,0,0,0,4.97
M02682,C00803,SMS,Win Back,2025-06-26,1,1,1,0,7.62
M02683,C02437,Social,Clearance,2025-08-02,1,1,0,0,4.68
M02684,C04370,Push,New Arrival,2025-06-21,1,0,0,0,5.42
M02685,C01869,SMS,Clearance,2025-12-30,1,1,0,1,1.51
M02686,C02222,Push,Clearance,2025-03-06,1,1,0,0,7.4
M02687,C01158,Social,Festive Sale,2025-04-06,1,0,0,0,6.31
M02688,C03497,Email,Clearance,2025-03-15,1,0,0,0,0.58
M02689,C04227,SMS,Festive Sale,2025-11-12,1,0,0,0,4.16
M02690,C01234,Email,Weekend Offer,2025-12-27,1,0,0,0,7.92
M02691,C04333,Email,Win Back,2025-05-14,1,0,0,0,5.38
M02692,C02661,Social,Festive Sale,2025-02-09,1,0,0,0,2.92
M02693,C01500,Email,Festive Sale,2025-09-22,1,1,0,0,2.05
M02694,C00680,Push,Festive Sale,2025-07-22,1,0,0,0,0.79
M02695,C04553,Push,Loyalty Offer,2025-11-06,1,0,0,0,1.16
M02696,C04049,Push,Weekend Offer,2025-11-16,1,0,0,0,1.18
M02697,C03265,Push,Weekend Offer,2025-06-25,1,1,0,0,3.99
M02698,C01362,Email,Weekend Offer,2025-09-21,1,0,0,0,3.17
M02699,C00868,SMS,Win Back,2025-09-26,1,0,0,0,2.53
M02700,C01473,Email,Festive Sale,2025-07-02,1,1,1,1,1.47
M02701,C04390,SMS,Clearance,2025-12-29,1,1,0,0,2.19
M02702,C00064,Social,Win Back,2025-10-11,1,0,0,0,6.11
M02703,C04021,Email,Weekend Offer,2025-11-27,1,1,0,0,6.93
M02704,C00463,Social,Clearance,2025-10-29,1,1,1,0,7.71
M02705,C03608,SMS,Festive Sale,2025-12-20,1,0,0,0,7.08
M02706,C04463,SMS,Festive Sale,2025-02-28,1,1,0,0,1.36
M02707,C04123,Email,Clearance,2025-03-22,1,1,0,0,3.55
M02708,C02245,Email,Festive Sale,2025-03-28,1,0,0,0,2.72
M02709,C01834,Email,Weekend Offer,2025-05-02,1,1,0,0,6.44
M02710,C02128,SMS,Weekend Offer,2025-09-20,1,0,0,0,7.56
M02711,C00010,Email,Win Back,2025-08-20,1,0,1,0,3.91
M02712,C04150,SMS,Weekend Offer,2025-06-23,1,1,0,0,7.38
M02713,C01610,Social,New Arrival,2025-11-22,1,1,1,0,3.66
M02714,C00604,Push,Festive Sale,2025-10-15,1,0,1,1,1.55
M02715,C00336,SMS,Weekend Offer,2025-12-01,1,1,0,0,1.69
M02716,C01514,Push,Loyalty Offer,2025-09-30,1,1,0,0,2.25
M02717,C01850,Social,Festive Sale,2025-10-07,1,1,0,0,0.86
M02718,C04593,Social,Win Back,2025-02-09,1,1,0,0,6.06
M02719,C01855,Email,Festive Sale,2025-05-25,1,0,0,0,3.02
M02720,C03133,Email,New Arrival,2025-09-10,1,1,0,0,1.12
M02721,C03509,Social,Clearance,2025-09-07,1,0,0,0,2.98
M02722,C04685,Email,Weekend Offer,2025-05-31,1,1,0,0,5.22
M02723,C03192,Social,Win Back,2025-12-08,1,0,0,0,2.28
M02724,C00326,SMS,Clearance,2025-09-07,1,1,0,0,3.6
M02725,C00102,Push,Loyalty Offer,2025-03-05,1,0,0,0,5.41
M02726,C00925,Social,New Arrival,2025-04-03,1,1,0,0,2.42
M02727,C02156,Push,Clearance,2025-08-11,1,0,0,0,3.18
M02728,C03876,Email,Festive Sale,2025-02-14,1,1,0,0,1.27
M02729,C00190,Email,New Arrival,2025-04-02,1,1,1,0,7.81
M02730,C04396,Push,Weekend Offer,2025-05-21,1,0,1,1,3.55
M02731,C01890,Email,Festive Sale,2025-11-04,1,1,0,0,0.79
M02732,C02520,SMS,Clearance,2025-11-10,1,1,0,0,1.44
M02733,C04164,Social,New Arrival,2025-03-18,1,1,0,0,3.97
M02734,C03235,Push,New Arrival,2025-12-11,1,0,0,0,5.1
M02735,C03408,Email,Weekend Offer,2025-06-20,1,0,0,0,5.52
M02736,C02238,Email,Weekend Offer,2025-12-31,1,0,0,1,7.83
M02737,C01893,Email,Weekend Offer,2025-04-30,1,0,0,0,5.86
M02738,C03278,Email,Clearance,2025-06-07,1,0,0,0,5.4
M02739,C03399,Email,Clearance,2025-05-23,1,0,0,0,4.65
M02740,C04921,Email,Festive Sale,2025-11-20,1,0,0,0,6.78
M02741,C00954,Email,Weekend Offer,2025-04-02,1,0,0,0,2.71
M02742,C02497,Social,Win Back,2025-12-08,1,0,0,0,2.19
M02743,C01763,Email,Clearance,2025-03-30,1,1,0,0,0.96
M02744,C02606,Email,New Arrival,2025-04-05,1,0,0,1,4.76
M02745,C02325,Push,Clearance,2025-07-22,1,0,0,0,3.56
M02746,C03525,Email,Win Back,2025-05-12,1,1,0,0,0.95
M02747,C00363,SMS,Weekend Offer,2025-04-30,1,1,0,0,5.03
M02748,C02838,Push,Clearance,2025-04-27,1,1,1,0,1.76
M02749,C00035,Email,Clearance,2025-07-25,1,0,1,1,7.47
M02750,C04161,Social,Loyalty Offer,2025-05-19,1,0,0,0,4.61
M02751,C00049,SMS,Win Back,2025-01-16,1,1,0,0,3.22
M02752,C02804,SMS,Clearance,2025-08-18,1,0,0,0,6.21
M02753,C04378,Push,Win Back,2025-03-21,1,1,0,0,7.59
M02754,C03353,Email,Festive Sale,2025-06-25,1,0,1,0,3.12
M02755,C01384,Email,Clearance,2025-12-29,1,0,0,0,4.18
M02756,C01749,Email,New Arrival,2025-02-02,1,0,0,0,4.84
M02757,C03385,Social,Loyalty Offer,2025-04-15,1,1,1,0,1.72
M02758,C03162,Email,Win Back,2025-02-13,1,0,0,0,1.23
M02759,C00427,Social,Win Back,2025-04-19,1,0,0,0,0.88
M02760,C02430,Email,New Arrival,2025-07-06,1,1,0,0,2.52
M02761,C00440,SMS,Weekend Offer,2025-04-23,1,0,0,0,2.24
M02762,C04660,Social,Win Back,2025-10-06,1,1,1,0,3.84
M02763,C00718,Email,Loyalty Offer,2025-10-03,1,0,0,0,5.94
M02764,C04693,SMS,Win Back,2025-12-12,1,0,0,0,5.02
M02765,C01181,Email,Win Back,2025-04-25,1,1,1,0,1.75
M02766,C02329,Social,New Arrival,2025-02-25,1,0,0,0,5.45
M02767,C01182,SMS,Clearance,2025-03-19,1,1,1,0,7.48
M02768,C03247,Social,Loyalty Offer,2025-08-06,1,1,0,0,4.24
M02769,C03505,Email,Win Back,2025-10-13,1,1,0,0,1.04
M02770,C01340,Social,Clearance,2025-05-27,1,0,0,0,5.62
M02771,C02632,SMS,Festive Sale,2025-07-19,1,0,0,0,4.5
M02772,C00298,Email,Weekend Offer,2025-01-07,1,0,1,0,3.74
M02773,C03650,Email,Win Back,2025-06-12,1,0,0,0,2.63
M02774,C02002,Push,Win Back,2025-07-22,1,1,0,0,2.63
M02775,C02271,Social,Festive Sale,2025-11-27,1,0,0,0,5.48
M02776,C03434,Push,Weekend Offer,2025-12-15,1,0,0,0,7.69
M02777,C04489,Email,Clearance,2025-01-31,1,0,0,0,5.4
M02778,C00672,Email,New Arrival,2025-09-05,1,1,0,1,1.62
M02779,C00820,Email,Clearance,2025-08-03,1,0,0,0,1.56
M02780,C02965,SMS,Loyalty Offer,2025-12-07,1,1,0,0,7.39
M02781,C04058,Email,Festive Sale,2025-07-06,1,0,0,0,0.53
M02782,C01573,Social,Loyalty Offer,2025-12-29,1,1,0,0,7.05
M02783,C04470,Push,Festive Sale,2025-06-20,1,1,0,0,6.1
M02784,C00615,Email,Clearance,2025-08-15,1,0,0,0,6.54
M02785,C04074,SMS,Weekend Offer,2025-11-08,1,0,0,0,5.9
M02786,C01719,Push,Clearance,2025-03-06,1,0,0,0,0.64
M02787,C00572,SMS,New Arrival,2025-10-05,1,1,0,0,6.09
M02788,C02260,Email,Loyalty Offer,2025-04-18,1,1,0,0,5.83
M02789,C01778,Email,Weekend Offer,2025-09-07,1,0,1,0,6.93
M02790,C00545,Social,Weekend Offer,2025-04-29,1,0,0,0,3.97
M02791,C04009,SMS,Clearance,2025-06-30,1,1,1,0,1.75
M02792,C04813,SMS,New Arrival,2025-06-30,1,0,0,0,4.91
M02793,C01747,Push,Win Back,2025-08-30,1,1,0,0,7.73
M02794,C01277,Email,Weekend Offer,2025-02-25,1,0,0,0,6.9
M02795,C04676,Email,Win Back,2025-08-22,1,1,0,0,0.77
M02796,C01167,Social,New Arrival,2025-10-07,1,0,0,0,0.69
M02797,C04880,SMS,Festive Sale,2025-01-02,1,1,0,0,1.39
M02798,C04724,Email,Weekend Offer,2025-10-24,1,0,0,0,6.26
M02799,C02170,Email,New Arrival,2025-11-19,1,1,1,1,5.59
M02800,C03309,SMS,Weekend Offer,2025-03-31,1,0,0,0,7.79
M02801,C04807,Push,New Arrival,2025-10-21,1,1,0,0,3.17
M02802,C04631,Email,Loyalty Offer,2025-01-28,1,0,0,0,5.83
M02803,C03573,Social,Win Back,2025-05-29,1,0,0,0,5.11
M02804,C04654,Push,Festive Sale,2025-10-24,1,1,0,0,1.2
M02805,C04964,Social,Weekend Offer,2025-03-15,1,0,0,0,2.22
M02806,C03664,SMS,New Arrival,2025-01-21,1,1,1,0,6.96
M02807,C00009,Social,Weekend Offer,2025-07-15,1,1,0,0,0.52
M02808,C04588,Email,Weekend Offer,2025-12-03,1,1,1,0,4.21
M02809,C00006,Email,Weekend Offer,2025-10-08,1,0,0,0,6.04
M02810,C02080,Email,Weekend Offer,2025-09-03,1,0,0,0,4.31
M02811,C04490,Email,Win Back,2025-10-01,1,0,0,0,5.08
M02812,C02104,Social,Win Back,2025-01-23,1,1,0,0,6.72
M02813,C01630,Email,Clearance,2025-05-31,1,0,0,0,5.61
M02814,C01505,Social,Clearance,2025-10-29,1,0,0,0,5.81
M02815,C03113,Social,Weekend Offer,2025-11-09,1,0,0,0,2.28
M02816,C01828,SMS,Clearance,2025-10-01,1,0,0,0,2.77
M02817,C00568,SMS,Loyalty Offer,2025-07-21,1,0,0,0,5.36
M02818,C02721,Email,Weekend Offer,2025-10-15,1,0,0,0,6.48
M02819,C04284,SMS,Clearance,2025-10-02,1,0,0,0,1.72
M02820,C00121,Email,Clearance,2025-08-27,1,1,0,0,5.41
M02821,C03614,Email,New Arrival,2025-07-08,1,1,0,0,0.87
M02822,C01333,Email,Win Back,2025-05-11,1,1,0,0,6.39
M02823,C01691,Email,Festive Sale,2025-04-13,1,0,0,0,3.43
M02824,C04048,Social,Festive Sale,2025-01-21,1,0,0,0,6.52
M02825,C03998,Social,Festive Sale,2025-05-21,1,0,0,0,1.59
M02826,C02484,Push,Loyalty Offer,2025-02-06,1,0,0,0,1.57
M02827,C00653,Email,Clearance,2025-01-20,1,1,0,0,4.72
M02828,C02902,Email,Win Back,2025-04-23,1,0,0,0,7.07
M02829,C02130,Push,Weekend Offer,2025-07-28,1,0,0,0,7.2
M02830,C01788,Email,Weekend Offer,2025-11-26,1,0,0,0,7.77
M02831,C02740,Push,Win Back,2025-09-15,1,1,0,0,3.23
M02832,C02999,Social,Win Back,2025-12-12,1,0,0,0,6.6
M02833,C03038,Email,Win Back,2025-08-30,1,0,0,0,1.62
M02834,C02123,Social,New Arrival,2025-04-23,1,1,0,0,7.16
M02835,C03952,SMS,Festive Sale,2025-08-25,1,0,0,0,7.73
M02836,C02287,Email,Festive Sale,2025-10-17,1,1,1,1,7.01
M02837,C01051,Email,Clearance,2025-02-28,1,1,0,0,2.82
M02838,C01754,Email,Win Back,2025-09-15,1,0,0,0,5.59
M02839,C02645,Push,Festive Sale,2025-10-10,1,0,0,0,3.92
M02840,C02213,Social,New Arrival,2025-03-28,1,1,0,0,6.44
M02841,C00383,SMS,Loyalty Offer,2025-07-21,1,0,0,0,3.92
M02842,C04792,Email,Festive Sale,2025-11-23,1,0,0,0,5.21
M02843,C02174,SMS,New Arrival,2025-11-17,1,1,1,0,2.12
M02844,C03775,Email,New Arrival,2025-05-05,1,0,0,0,6.83
M02845,C03533,Social,New Arrival,2025-01-12,1,0,0,0,6.13
M02846,C02060,Email,Festive Sale,2025-04-12,1,0,0,0,5.95
M02847,C04766,Email,Loyalty Offer,2025-07-11,1,1,0,0,3.88
M02848,C02475,Email,Festive Sale,2025-02-20,1,0,0,0,1.05
M02849,C03434,Email,Weekend Offer,2025-02-13,1,1,0,0,7.54
M02850,C01545,Social,New Arrival,2025-07-08,1,1,0,0,7.43
M02851,C03690,Email,Win Back,2025-02-26,1,1,0,1,2.53
M02852,C01875,Email,New Arrival,2025-03-03,1,1,0,0,6.87
M02853,C01566,Email,Loyalty Offer,2025-01-23,1,0,0,0,3.64
M02854,C02663,Social,Clearance,2025-12-07,1,0,0,1,7.18
M02855,C01751,SMS,Festive Sale,2025-02-06,1,0,0,0,6.48
M02856,C03073,Email,New Arrival,2025-05-10,1,1,0,0,7.26
M02857,C01164,Push,Festive Sale,2025-08-30,1,0,0,0,2.88
M02858,C01078,Email,Weekend Offer,2025-07-11,1,0,0,0,5.12
M02859,C00787,Social,Festive Sale,2025-01-27,1,0,0,0,2.38
M02860,C04189,Social,Clearance,2025-06-07,1,1,0,0,6.53
M02861,C04297,Email,Weekend Offer,2025-03-20,1,1,1,0,4.65
M02862,C03162,SMS,New Arrival,2025-05-04,1,0,0,0,3.87
M02863,C03778,Social,Win Back,2025-06-04,1,1,1,0,5.49
M02864,C04610,SMS,Weekend Offer,2025-02-25,1,1,0,0,5.45
M02865,C03514,Social,Weekend Offer,2025-10-09,1,1,0,0,6.76
M02866,C00028,Email,Win Back,2025-03-04,1,0,0,0,2.69
M02867,C02241,Email,Clearance,2025-06-30,1,0,0,0,2.22
M02868,C02687,SMS,Win Back,2025-06-09,1,0,0,0,7.84
M02869,C04095,Email,Festive Sale,2025-01-04,1,0,0,0,6.61
M02870,C04710,Email,Clearance,2025-08-21,1,1,0,0,5.73
M02871,C04188,SMS,Weekend Offer,2025-07-30,1,0,0,0,3.58
M02872,C01234,Email,New Arrival,2025-08-31,1,0,0,0,6.9
M02873,C04121,Push,New Arrival,2025-01-13,1,1,1,0,7.92
M02874,C04169,SMS,New Arrival,2025-12-26,1,0,0,0,6.11
M02875,C00892,Email,Weekend Offer,2025-03-26,1,0,0,0,5.42
M02876,C04735,Email,Clearance,2025-04-14,1,1,0,0,3.07
M02877,C01256,Email,Weekend Offer,2025-12-14,1,0,0,0,6.9
M02878,C02365,Push,Festive Sale,2025-05-30,1,0,0,0,2.33
M02879,C01303,Social,Clearance,2025-11-11,1,0,0,0,3.94
M02880,C02914,Email,Clearance,2025-08-07,1,0,0,0,2.93
M02881,C03219,Social,Weekend Offer,2025-02-15,1,1,1,0,6.82
M02882,C02129,Email,Clearance,2025-03-12,1,0,0,0,3.33
M02883,C02210,Email,Loyalty Offer,2025-10-08,1,0,0,0,4.75
M02884,C02666,SMS,New Arrival,2025-06-26,1,1,0,0,5.5
M02885,C01769,Social,Festive Sale,2025-11-22,1,1,0,0,7.57
M02886,C01829,Email,Clearance,2025-05-25,1,0,0,0,6.08
M02887,C00486,Email,Clearance,2025-10-11,1,1,0,0,1.94
M02888,C02563,Push,Loyalty Offer,2025-02-08,1,0,0,0,4.35
M02889,C02031,Email,Clearance,2025-04-10,1,0,0,0,6.54
M02890,C03351,Email,Weekend Offer,2025-03-30,1,1,1,0,0.51
M02891,C04740,Push,Weekend Offer,2025-02-19,1,1,0,0,1.83
M02892,C03006,Push,Win Back,2025-10-20,1,1,0,0,3.94
M02893,C02774,SMS,Weekend Offer,2025-09-23,1,0,0,0,7.02
M02894,C02874,Email,Loyalty Offer,2025-03-06,1,1,1,0,4.57
M02895,C00960,SMS,Loyalty Offer,2025-09-30,1,0,0,0,3.81
M02896,C04180,Email,Loyalty Offer,2025-01-28,1,0,0,0,6.4
M02897,C04468,Email,Clearance,2025-01-05,1,0,0,0,2.85
M02898,C01377,SMS,Festive Sale,2025-12-02,1,0,0,0,3.14
M02899,C00419,Email,Festive Sale,2025-02-09,1,1,1,1,6.44
M02900,C01897,Social,New Arrival,2025-04-25,1,1,0,0,5.6
M02901,C04303,Email,Weekend Offer,2025-07-19,1,1,0,0,5.85
M02902,C01166,Push,New Arrival,2025-11-17,1,0,0,0,6.05
M02903,C04736,SMS,Weekend Offer,2025-07-29,1,0,0,0,2.73
M02904,C03893,Social,New Arrival,2025-08-06,1,0,0,0,1.23
M02905,C01223,Email,New Arrival,2025-11-12,1,0,0,0,6.97
M02906,C04344,Push,Loyalty Offer,2025-07-25,1,0,0,0,6.31
M02907,C00133,SMS,Clearance,2025-11-18,1,0,0,0,5.1
M02908,C02756,SMS,Clearance,2025-09-24,1,0,0,0,4.4
M02909,C02058,Email,Win Back,2025-12-19,1,1,1,0,7.4
M02910,C04059,Email,New Arrival,2025-04-16,1,1,1,0,6.44
M02911,C02859,Social,Loyalty Offer,2025-07-22,1,0,0,0,1.23
M02912,C00116,Social,Festive Sale,2025-03-08,1,0,0,0,2.09
M02913,C02302,SMS,Loyalty Offer,2025-09-18,1,1,0,0,3.64
M02914,C02828,Push,New Arrival,2025-07-16,1,1,0,0,6.87
M02915,C02280,Email,Win Back,2025-04-19,1,0,0,0,3.59
M02916,C01524,Push,Loyalty Offer,2025-06-05,1,0,0,0,3.04
M02917,C03046,Email,Weekend Offer,2025-07-23,1,1,0,0,6.19
M02918,C04100,Email,Festive Sale,2025-06-15,1,1,0,0,7.27
M02919,C01988,Social,Weekend Offer,2025-09-14,1,0,0,0,6.24
M02920,C00358,SMS,Win Back,2025-09-28,1,1,1,0,7.61
M02921,C04229,Email,Festive Sale,2025-05-07,1,1,1,0,0.54
M02922,C00086,Email,Festive Sale,2025-04-22,1,1,0,0,4.63
M02923,C01059,SMS,New Arrival,2025-04-28,1,1,0,0,6.97
M02924,C00520,Email,Clearance,2025-06-12,1,0,0,0,7.6
M02925,C01559,SMS,Clearance,2025-07-31,1,0,1,1,3.44
M02926,C03616,Social,Loyalty Offer,2025-04-08,1,0,0,0,1.78
M02927,C02669,Email,Win Back,2025-05-10,1,1,0,0,5.75
M02928,C02140,Push,New Arrival,2025-11-02,1,0,0,0,7.37
M02929,C01627,Email,Loyalty Offer,2025-12-10,1,1,0,0,1.23
M02930,C04990,SMS,New Arrival,2025-05-16,1,1,0,0,3.29
M02931,C01855,Email,Win Back,2025-02-27,1,0,0,0,2.2
M02932,C02185,Push,Clearance,2025-06-21,1,1,0,0,4.05
M02933,C02341,SMS,Loyalty Offer,2025-08-19,1,1,1,0,1.13
M02934,C04257,Email,Win Back,2025-01-11,1,1,0,1,1.69
M02935,C01536,Email,Festive Sale,2025-10-24,1,1,0,0,2.05
M02936,C04997,Push,Festive Sale,2025-02-07,1,0,0,0,2.19
M02937,C01678,Email,Weekend Offer,2025-06-03,1,0,0,0,5.95
M02938,C00145,Email,Weekend Offer,2025-08-18,1,1,0,0,4.84
M02939,C02289,Social,Clearance,2025-06-21,1,1,0,0,3.72
M02940,C04939,Social,Festive Sale,2025-12-26,1,1,0,0,6.45
M02941,C03671,Social,Win Back,2025-07-23,1,0,0,0,2.13
M02942,C01142,SMS,Clearance,2025-07-12,1,1,0,0,2.19
M02943,C04478,Email,New Arrival,2025-08-21,1,1,0,0,5.53
M02944,C02358,Email,Win Back,2025-08-25,1,1,0,0,3.83
M02945,C04538,Email,Win Back,2025-11-28,1,1,0,0,2.76
M02946,C00603,Email,Loyalty Offer,2025-11-15,1,1,0,0,4.64
M02947,C02176,Email,Win Back,2025-11-04,1,1,0,0,5.57
M02948,C03590,Social,New Arrival,2025-10-22,1,0,0,0,7.95
M02949,C03204,Push,Festive Sale,2025-05-04,1,1,0,0,6.0
M02950,C02881,SMS,New Arrival,2025-04-16,1,1,0,0,6.41
M02951,C03351,SMS,New Arrival,2025-01-17,1,1,1,1,1.01
M02952,C04934,Email,Loyalty Offer,2025-12-02,1,1,0,0,3.93
M02953,C04178,Email,Weekend Offer,2025-04-30,1,0,0,0,1.12
M02954,C03519,Email,Clearance,2025-12-07,1,1,0,0,4.77
M02955,C03835,SMS,New Arrival,2025-01-20,1,0,0,0,6.62
M02956,C03523,Email,Festive Sale,2025-01-19,1,0,0,0,1.27
M02957,C00283,Push,Festive Sale,2025-01-13,1,0,0,0,3.69
M02958,C00457,Email,Weekend Offer,2025-10-30,1,0,0,0,1.27
M02959,C04522,SMS,Win Back,2025-08-11,1,1,1,0,7.12
M02960,C04067,Push,Festive Sale,2025-12-12,1,1,0,0,1.2
M02961,C01774,Push,Festive Sale,2025-12-07,1,0,0,0,4.01
M02962,C00313,SMS,New Arrival,2025-07-13,1,1,0,0,5.41
M02963,C04021,SMS,Weekend Offer,2025-11-27,1,0,0,0,3.62
M02964,C02081,Push,Weekend Offer,2025-07-17,1,0,0,0,6.55
M02965,C02098,Email,Win Back,2025-02-18,1,1,0,0,1.35
M02966,C03986,Email,Weekend Offer,2025-12-09,1,1,0,0,0.65
M02967,C02223,SMS,New Arrival,2025-06-17,1,0,0,0,2.56
M02968,C00965,Social,Win Back,2025-09-24,1,0,0,1,5.96
M02969,C04928,Email,Loyalty Offer,2025-02-21,1,1,1,0,2.11
M02970,C03301,Email,Loyalty Offer,2025-03-18,1,0,0,0,5.02
M02971,C00687,Email,Clearance,2025-08-19,1,0,0,0,7.65
M02972,C01516,Email,Clearance,2025-07-07,1,0,0,0,6.94
M02973,C01851,Email,Weekend Offer,2025-06-10,1,0,0,0,7.16
M02974,C02388,Push,Weekend Offer,2025-11-09,1,0,1,1,6.39
M02975,C03172,SMS,Win Back,2025-11-27,1,0,0,0,7.04
M02976,C03467,SMS,Win Back,2025-02-02,1,0,0,0,2.8
M02977,C04977,Email,Loyalty Offer,2025-02-22,1,0,0,0,3.96
M02978,C01415,Push,Clearance,2025-08-10,1,1,1,0,0.62
M02979,C03828,Email,Loyalty Offer,2025-06-10,1,1,0,0,6.71
M02980,C00733,Push,Clearance,2025-12-14,1,1,0,0,3.93
M02981,C02250,Social,Clearance,2025-03-15,1,0,0,0,6.77
M02982,C01259,SMS,Clearance,2025-12-22,1,1,0,0,6.0
M02983,C04236,Email,New Arrival,2025-12-03,1,1,0,0,7.66
M02984,C04280,Email,Weekend Offer,2025-07-26,1,1,1,1,1.08
M02985,C01819,SMS,Clearance,2025-11-28,1,0,1,1,6.76
M02986,C03057,Email,Loyalty Offer,2025-04-02,1,1,0,0,7.75
M02987,C03604,Email,Win Back,2025-10-02,1,1,0,0,0.99
M02988,C00191,Email,New Arrival,2025-06-11,1,0,0,0,5.47
M02989,C02852,Push,Clearance,2025-04-10,1,0,0,0,5.1
M02990,C03750,Social,Loyalty Offer,2025-09-03,1,1,0,0,1.9
M02991,C02867,SMS,Weekend Offer,2025-05-05,1,0,0,0,1.3
M02992,C01021,Email,Loyalty Offer,2025-02-19,1,0,0,0,2.12
M02993,C01407,SMS,Win Back,2025-01-09,1,0,0,0,6.87
M02994,C02317,Email,New Arrival,2025-02-08,1,0,0,0,1.02
M02995,C01873,SMS,Win Back,2025-08-15,1,0,0,0,6.49
M02996,C04343,Push,Festive Sale,2025-10-03,1,0,0,0,1.26
M02997,C02677,Social,Weekend Offer,2025-08-05,1,0,0,0,2.55
M02998,C04533,Push,Weekend Offer,2025-12-24,1,0,0,0,7.35
M02999,C02409,Email,Win Back,2025-09-26,1,1,0,0,6.38
M03000,C04625,SMS,Festive Sale,2025-07-10,1,1,0,0,2.71
M03001,C03107,Social,New Arrival,2025-07-02,1,0,0,0,3.65
M03002,C00092,Email,New Arrival,2025-09-25,1,1,0,0,7.3
M03003,C00688,Social,Weekend Offer,2025-02-11,1,0,0,0,2.49
M03004,C00048,SMS,Clearance,2025-05-23,1,0,0,0,4.09
M03005,C00324,Email,Weekend Offer,2025-02-22,1,1,0,0,7.06
M03006,C02767,SMS,New Arrival,2025-06-15,1,0,0,0,0.89
M03007,C04679,Push,Win Back,2025-07-24,1,0,0,0,7.87
M03008,C02488,SMS,Win Back,2025-08-08,1,0,0,0,6.63
M03009,C02437,Social,Weekend Offer,2025-04-05,1,1,1,0,7.02
M03010,C01600,Social,Weekend Offer,2025-11-06,1,0,0,0,3.15
M03011,C01609,Push,Festive Sale,2025-07-13,1,1,0,0,4.41
M03012,C03491,SMS,New Arrival,2025-03-16,1,0,0,0,3.74
M03013,C01497,Push,Weekend Offer,2025-08-26,1,1,0,0,4.29
M03014,C01915,Social,New Arrival,2025-10-04,1,0,0,0,0.69
M03015,C00874,Email,Weekend Offer,2025-12-30,1,0,0,0,7.86
M03016,C01336,Push,New Arrival,2025-04-09,1,1,0,0,3.05
M03017,C02268,Email,Clearance,2025-01-02,1,1,0,0,4.37
M03018,C03463,Email,Win Back,2025-03-10,1,1,0,0,5.9
M03019,C01284,Push,Clearance,2025-07-17,1,0,0,0,6.87
M03020,C03666,Social,Weekend Offer,2025-01-11,1,0,0,0,1.45
M03021,C00286,Email,Loyalty Offer,2025-06-26,1,0,0,0,5.95
M03022,C02535,Email,Loyalty Offer,2025-04-12,1,1,0,0,3.58
M03023,C00296,Social,Clearance,2025-06-05,1,1,0,0,5.53
M03024,C01536,Push,Loyalty Offer,2025-01-24,1,0,0,0,1.02
M03025,C00787,SMS,Clearance,2025-04-19,1,1,0,0,2.3
M03026,C04642,Email,New Arrival,2025-10-15,1,1,0,0,6.93
M03027,C00602,SMS,New Arrival,2025-01-11,1,0,0,0,6.59
M03028,C00731,Email,Win Back,2025-05-02,1,1,0,0,1.14
M03029,C02755,Email,New Arrival,2025-04-01,1,1,1,0,2.33
M03030,C02784,Social,Win Back,2025-04-08,1,0,0,0,2.31
M03031,C02252,Email,Weekend Offer,2025-11-07,1,0,0,0,4.46
M03032,C04552,Email,Weekend Offer,2025-01-13,1,0,0,0,4.71
M03033,C01680,Email,Clearance,2025-02-07,1,0,0,0,5.38
M03034,C00373,Push,Festive Sale,2025-05-16,1,1,0,0,7.58
M03035,C04970,SMS,Win Back,2025-03-26,1,1,0,0,0.58
M03036,C02855,Email,Clearance,2025-09-02,1,0,0,0,5.25
M03037,C00584,Email,Clearance,2025-10-09,1,1,0,0,7.42
M03038,C01102,Social,Loyalty Offer,2025-09-07,1,0,0,0,1.63
M03039,C02811,Email,Clearance,2025-08-18,1,1,0,0,5.8
M03040,C04439,Email,Loyalty Offer,2025-03-14,1,0,0,0,3.64
M03041,C00931,Push,New Arrival,2025-08-30,1,0,0,0,4.89
M03042,C01881,Email,Festive Sale,2025-02-07,1,1,1,0,7.41
M03043,C02533,Email,Clearance,2025-02-20,1,0,0,0,0.82
M03044,C00173,Push,Weekend Offer,2025-03-22,1,1,0,0,1.48
M03045,C02237,Email,Win Back,2025-03-26,1,0,0,0,5.38
M03046,C02453,SMS,Loyalty Offer,2025-10-07,1,0,0,0,5.08
M03047,C04930,Push,Loyalty Offer,2025-03-14,1,0,1,0,3.03
M03048,C00545,Social,Win Back,2025-04-22,1,1,0,0,2.16
M03049,C03680,Social,Win Back,2025-02-07,1,1,1,0,1.46
M03050,C02534,SMS,Win Back,2025-07-20,1,1,0,0,3.24
M03051,C03603,Email,Weekend Offer,2025-08-25,1,0,1,0,2.0
M03052,C03147,Push,New Arrival,2025-07-08,1,1,1,0,6.77
M03053,C03137,Social,Weekend Offer,2025-03-09,1,0,0,0,4.49
M03054,C01404,SMS,Loyalty Offer,2025-09-17,1,0,0,0,0.71
M03055,C02366,Email,Clearance,2025-03-19,1,0,0,0,6.99
M03056,C04105,Social,Festive Sale,2025-10-03,1,0,0,0,1.72
M03057,C02373,Email,New Arrival,2025-01-11,1,0,0,0,4.68
M03058,C02780,SMS,Festive Sale,2025-11-28,1,1,1,0,6.6
M03059,C04600,SMS,Win Back,2025-12-25,1,0,0,0,1.17
M03060,C04942,Push,Win Back,2025-04-23,1,0,0,0,1.12
M03061,C02531,SMS,Festive Sale,2025-02-28,1,0,0,0,7.7
M03062,C03568,Email,Festive Sale,2025-10-03,1,1,1,1,1.98
M03063,C00370,Email,Loyalty Offer,2025-10-17,1,0,0,0,3.09
M03064,C02394,SMS,Win Back,2025-03-25,1,1,1,1,2.93
M03065,C04411,Email,Loyalty Offer,2025-08-22,1,1,1,1,1.97
M03066,C00775,Social,New Arrival,2025-03-19,1,0,0,0,3.69
M03067,C02956,SMS,New Arrival,2025-07-24,1,1,1,0,3.62
M03068,C01854,Email,New Arrival,2025-09-17,1,0,0,0,4.95
M03069,C04390,Push,Festive Sale,2025-01-09,1,0,0,0,7.17
M03070,C04430,Social,New Arrival,2025-07-21,1,1,0,0,1.55
M03071,C01549,Email,Clearance,2025-07-16,1,1,0,0,6.68
M03072,C04307,Email,New Arrival,2025-11-07,1,0,1,0,2.44
M03073,C04493,Social,Loyalty Offer,2025-03-20,1,0,0,0,2.03
M03074,C03782,Push,Win Back,2025-10-20,1,1,0,0,2.11
M03075,C04284,Email,Loyalty Offer,2025-11-04,1,0,0,0,1.64
M03076,C03392,SMS,Loyalty Offer,2025-03-16,1,1,0,0,5.11
M03077,C03852,SMS,Festive Sale,2025-12-15,1,0,0,0,7.05
M03078,C01213,Social,Win Back,2025-11-20,1,1,0,0,2.58
M03079,C01157,Social,Clearance,2025-05-06,1,1,0,0,2.72
M03080,C03449,Push,Festive Sale,2025-05-13,1,0,0,0,1.19
M03081,C03471,Social,Clearance,2025-06-23,1,1,0,0,7.19
M03082,C03346,Email,Clearance,2025-07-13,1,0,0,0,5.54
M03083,C02509,Social,Win Back,2025-10-20,1,0,0,0,7.65
M03084,C01265,Push,New Arrival,2025-05-16,1,1,1,1,4.88
M03085,C01234,Email,Loyalty Offer,2025-10-26,1,0,0,0,3.84
M03086,C00169,Email,Weekend Offer,2025-05-20,1,0,0,0,7.98
M03087,C02999,Email,New Arrival,2025-09-27,1,1,0,0,1.33
M03088,C02396,Email,New Arrival,2025-03-25,1,1,0,0,3.97
M03089,C01193,SMS,New Arrival,2025-10-17,1,1,1,1,6.47
M03090,C01645,Social,Weekend Offer,2025-07-10,1,0,0,0,7.39
M03091,C02185,SMS,New Arrival,2025-10-05,1,0,0,0,5.73
M03092,C01522,SMS,Loyalty Offer,2025-06-30,1,0,0,0,5.9
M03093,C02619,Push,Festive Sale,2025-02-16,1,0,0,0,2.87
M03094,C00647,Social,Win Back,2025-03-06,1,0,0,0,5.1
M03095,C03475,SMS,Clearance,2025-09-25,1,0,0,0,3.83
M03096,C00722,Email,Clearance,2025-09-23,1,1,1,0,6.53
M03097,C01180,Email,Weekend Offer,2025-05-21,1,0,0,0,1.61
M03098,C01489,Social,New Arrival,2025-04-10,1,1,0,0,6.49
M03099,C04654,Social,Weekend Offer,2025-07-12,1,0,0,0,4.32
M03100,C00951,Email,New Arrival,2025-10-06,1,0,0,0,5.26
M03101,C02625,Email,Loyalty Offer,2025-07-19,1,0,0,0,3.39
M03102,C00359,Email,Clearance,2025-12-22,1,1,0,0,2.3
M03103,C02374,Push,New Arrival,2025-04-03,1,1,0,0,1.57
M03104,C00869,SMS,New Arrival,2025-01-09,1,1,0,0,4.22
M03105,C01428,Email,Festive Sale,2025-12-14,1,0,0,0,2.36
M03106,C04295,Email,Clearance,2025-04-21,1,0,0,0,0.8
M03107,C01632,Email,Clearance,2025-09-12,1,0,0,0,3.15
M03108,C00918,Email,New Arrival,2025-11-26,1,1,0,0,2.25
M03109,C03244,Email,Weekend Offer,2025-04-10,1,0,0,0,2.58
M03110,C02321,Email,Clearance,2025-04-06,1,1,1,0,1.93
M03111,C02832,Social,Festive Sale,2025-02-27,1,0,0,0,6.72
M03112,C00712,SMS,Win Back,2025-09-08,1,0,0,0,3.25
M03113,C04933,Email,Festive Sale,2025-01-18,1,0,0,0,5.95
M03114,C03559,Email,Festive Sale,2025-12-14,1,0,0,0,2.16
M03115,C02703,Email,Weekend Offer,2025-08-26,1,1,1,1,3.88
M03116,C03585,Social,Clearance,2025-05-14,1,1,0,0,3.82
M03117,C00199,Email,Loyalty Offer,2025-04-16,1,0,0,0,7.63
M03118,C03835,Social,Loyalty Offer,2025-05-07,1,0,0,0,7.0
M03119,C04867,Social,Loyalty Offer,2025-03-03,1,1,0,0,3.57
M03120,C04376,Social,Festive Sale,2025-05-14,1,0,0,0,7.96
M03121,C00029,Email,New Arrival,2025-07-20,1,0,0,0,3.46
M03122,C01472,SMS,New Arrival,2025-06-03,1,0,0,0,2.61
M03123,C02767,Email,New Arrival,2025-05-31,1,1,0,0,0.97
M03124,C01439,Social,Weekend Offer,2025-04-09,1,0,0,0,7.1
M03125,C03292,SMS,Clearance,2025-09-07,1,1,0,0,2.38
M03126,C00921,Push,Festive Sale,2025-11-02,1,1,0,0,4.02
M03127,C00646,Email,New Arrival,2025-10-09,1,1,1,0,1.16
M03128,C01470,Social,New Arrival,2025-09-16,1,0,0,0,3.43
M03129,C00602,Email,Win Back,2025-03-06,1,0,0,0,1.93
M03130,C01092,SMS,Win Back,2025-01-19,1,0,0,0,5.44
M03131,C00483,Email,Loyalty Offer,2025-12-02,1,1,0,0,7.15
M03132,C02848,SMS,Weekend Offer,2025-01-24,1,0,0,0,0.78
M03133,C02727,Email,Win Back,2025-10-03,1,1,0,0,3.41
M03134,C02737,Email,Clearance,2025-01-16,1,0,0,0,1.82
M03135,C04109,SMS,Weekend Offer,2025-11-14,1,0,0,0,7.93
M03136,C03614,Email,Clearance,2025-07-06,1,1,1,0,1.3
M03137,C04520,Social,Festive Sale,2025-05-03,1,1,0,0,7.43
M03138,C03020,Email,Weekend Offer,2025-10-15,1,1,0,0,3.29
M03139,C00311,Email,New Arrival,2025-07-25,1,0,0,0,2.32
M03140,C04552,SMS,New Arrival,2025-03-07,1,0,0,0,4.31
M03141,C01572,Email,Win Back,2025-08-09,1,1,0,0,3.36
M03142,C04682,Social,Weekend Offer,2025-04-18,1,0,0,0,2.56
M03143,C01765,Push,Festive Sale,2025-03-30,1,1,0,0,3.32
M03144,C02425,Email,Weekend Offer,2025-07-19,1,1,1,0,6.7
M03145,C03373,Social,New Arrival,2025-07-28,1,1,1,1,4.19
M03146,C02463,Email,Weekend Offer,2025-09-12,1,1,0,0,1.64
M03147,C03178,SMS,Clearance,2025-09-13,1,0,0,0,2.34
M03148,C03515,Social,Weekend Offer,2025-07-27,1,0,0,0,3.52
M03149,C03245,Push,New Arrival,2025-03-20,1,1,1,0,4.85
M03150,C03080,Email,Win Back,2025-01-25,1,0,0,0,2.02
M03151,C04805,Social,Weekend Offer,2025-02-15,1,1,0,0,2.28
M03152,C00304,Social,Loyalty Offer,2025-11-12,1,0,0,0,5.16
M03153,C03855,Social,New Arrival,2025-11-13,1,1,0,0,4.18
M03154,C00432,SMS,Loyalty Offer,2025-07-06,1,0,1,0,5.0
M03155,C00835,Email,Festive Sale,2025-09-05,1,1,0,0,2.23
M03156,C00381,Social,New Arrival,2025-12-22,1,0,0,0,7.19
M03157,C03956,Email,Weekend Offer,2025-11-05,1,0,0,0,4.56
M03158,C01982,SMS,Weekend Offer,2025-10-14,1,0,0,0,4.95
M03159,C00146,Email,Clearance,2025-07-12,1,0,0,0,1.3
M03160,C00776,Social,New Arrival,2025-01-23,1,1,1,0,1.66
M03161,C02571,SMS,New Arrival,2025-01-14,1,1,0,0,6.3
M03162,C02001,SMS,Weekend Offer,2025-09-30,1,0,0,0,6.05
M03163,C03976,Email,Festive Sale,2025-02-01,1,1,0,0,0.89
M03164,C04399,Push,Win Back,2025-07-08,1,1,0,0,7.17
M03165,C02486,Email,Clearance,2025-10-20,1,0,0,0,1.35
M03166,C02153,Social,Festive Sale,2025-06-15,1,1,1,0,5.46
M03167,C03236,Push,Win Back,2025-05-09,1,0,1,0,3.83
M03168,C03651,Email,New Arrival,2025-06-17,1,0,0,0,6.21
M03169,C00206,Email,Win Back,2025-07-15,1,0,0,0,5.03
M03170,C02152,Push,Clearance,2025-03-21,1,1,0,0,5.34
M03171,C01958,Email,Festive Sale,2025-06-19,1,0,0,0,1.19
M03172,C03473,Email,Win Back,2025-07-12,1,1,0,0,5.04
M03173,C01781,Social,Weekend Offer,2025-01-27,1,1,0,0,1.1
M03174,C00598,Social,Festive Sale,2025-08-09,1,0,0,0,4.53
M03175,C02058,Push,Loyalty Offer,2025-03-02,1,0,0,0,4.72
M03176,C02689,Email,Clearance,2025-11-08,1,1,0,0,5.35
M03177,C01204,Email,Festive Sale,2025-12-22,1,0,1,0,0.64
M03178,C00805,Email,Win Back,2025-12-04,1,0,0,0,4.0
M03179,C02741,Email,Clearance,2025-11-04,1,0,0,0,6.92
M03180,C02839,SMS,New Arrival,2025-02-19,1,0,0,0,7.81
M03181,C04148,Push,Festive Sale,2025-08-26,1,0,0,0,5.87
M03182,C00730,SMS,Clearance,2025-09-16,1,0,0,0,2.03
M03183,C04884,SMS,New Arrival,2025-09-17,1,0,0,0,5.36
M03184,C03215,SMS,Festive Sale,2025-12-10,1,1,0,0,6.15
M03185,C02016,Email,New Arrival,2025-05-31,1,1,0,0,2.51
M03186,C00187,SMS,Win Back,2025-01-07,1,0,1,0,1.85
M03187,C00264,Email,New Arrival,2025-10-08,1,0,0,0,4.03
M03188,C01882,SMS,Weekend Offer,2025-08-29,1,0,0,0,3.92
M03189,C04831,Social,Clearance,2025-03-21,1,1,0,0,1.58
M03190,C01582,Email,Win Back,2025-02-13,1,1,0,0,1.14
M03191,C00141,Email,Loyalty Offer,2025-10-21,1,0,1,0,3.85
M03192,C02796,Social,Loyalty Offer,2025-09-06,1,1,0,0,3.2
M03193,C02861,SMS,Festive Sale,2025-08-28,1,1,1,0,4.25
M03194,C02689,Email,Win Back,2025-05-02,1,0,0,0,7.64
M03195,C02439,Email,Festive Sale,2025-12-07,1,0,0,0,3.97
M03196,C04406,Email,Loyalty Offer,2025-11-06,1,0,0,0,6.2
M03197,C03845,Push,Win Back,2025-05-10,1,1,0,0,3.07
M03198,C00602,Social,Weekend Offer,2025-10-30,1,1,0,0,0.9
M03199,C04225,SMS,Festive Sale,2025-08-27,1,1,1,0,4.93
M03200,C00754,SMS,Festive Sale,2025-10-26,1,0,0,0,7.7
M03201,C02159,Email,Festive Sale,2025-10-19,1,0,0,0,6.42
M03202,C02092,Push,Loyalty Offer,2025-07-14,1,0,0,0,6.42
M03203,C04630,Push,Festive Sale,2025-09-15,1,0,0,0,4.81
M03204,C00831,Push,Weekend Offer,2025-11-16,1,0,0,0,2.26
M03205,C04185,Email,Clearance,2025-12-08,1,1,1,0,6.68
M03206,C01894,Email,Clearance,2025-09-10,1,0,0,0,6.14
M03207,C03022,Social,Win Back,2025-03-01,1,0,0,0,0.81
M03208,C04310,Email,Clearance,2025-07-04,1,1,0,0,1.52
M03209,C04589,Email,Win Back,2025-12-09,1,0,0,0,3.85
M03210,C01569,Email,Festive Sale,2025-08-18,1,1,0,0,4.35
M03211,C01709,Email,Win Back,2025-09-30,1,0,0,0,4.93
M03212,C04853,Social,Festive Sale,2025-01-18,1,0,0,0,5.09
M03213,C04984,Push,New Arrival,2025-01-13,1,0,0,0,7.24
M03214,C03547,Push,Weekend Offer,2025-06-25,1,1,1,1,7.36
M03215,C03181,Social,Weekend Offer,2025-02-01,1,1,1,0,2.96
M03216,C00266,SMS,Loyalty Offer,2025-05-09,1,1,0,0,3.1
M03217,C03486,SMS,Festive Sale,2025-03-08,1,1,0,0,2.6
M03218,C01176,Email,Clearance,2025-07-31,1,0,0,0,2.37
M03219,C03390,Email,Festive Sale,2025-03-04,1,0,0,0,2.74
M03220,C00322,Push,Win Back,2025-07-03,1,1,1,0,7.85
M03221,C03281,SMS,Weekend Offer,2025-07-17,1,1,0,0,6.1
M03222,C04995,SMS,Clearance,2025-08-15,1,1,1,1,5.68
M03223,C00138,Email,New Arrival,2025-04-15,1,0,0,0,1.79
M03224,C01450,SMS,Win Back,2025-05-24,1,0,0,0,3.98
M03225,C04877,Email,Clearance,2025-12-31,1,0,0,0,7.76
M03226,C00355,SMS,Loyalty Offer,2025-06-27,1,0,0,0,6.94
M03227,C02434,Email,Clearance,2025-02-05,1,0,0,0,0.65
M03228,C01701,Push,New Arrival,2025-08-10,1,0,0,0,1.93
M03229,C04989,Social,Loyalty Offer,2025-01-06,1,0,0,0,1.27
M03230,C01956,Social,Weekend Offer,2025-05-17,1,0,0,0,1.35
M03231,C01889,Social,New Arrival,2025-05-22,1,0,0,0,3.42
M03232,C01766,Email,Loyalty Offer,2025-09-13,1,1,1,1,3.21
M03233,C01836,Email,Weekend Offer,2025-08-29,1,1,0,0,0.52
M03234,C00414,Email,Win Back,2025-06-27,1,0,0,0,1.6
M03235,C04822,SMS,Win Back,2025-05-03,1,0,0,0,6.19
M03236,C01779,SMS,Win Back,2025-07-18,1,1,0,0,4.29
M03237,C03798,Email,Loyalty Offer,2025-04-15,1,0,0,0,3.74
M03238,C00791,Push,Festive Sale,2025-11-17,1,0,0,0,6.73
M03239,C03553,Social,Weekend Offer,2025-11-12,1,0,0,0,6.16
M03240,C04962,Social,New Arrival,2025-06-20,1,0,0,0,2.54
M03241,C03583,Email,Festive Sale,2025-08-23,1,1,0,0,3.16
M03242,C00693,Push,New Arrival,2025-09-06,1,1,0,0,4.97
M03243,C04516,SMS,Festive Sale,2025-04-03,1,1,0,0,5.56
M03244,C03313,Email,Loyalty Offer,2025-12-26,1,0,0,0,7.9
M03245,C01794,Email,Weekend Offer,2025-06-04,1,1,1,0,5.34
M03246,C01204,Email,Loyalty Offer,2025-05-05,1,0,0,0,0.96
M03247,C00471,Social,Loyalty Offer,2025-05-10,1,0,0,0,5.14
M03248,C04168,SMS,Festive Sale,2025-02-04,1,0,0,0,4.55
M03249,C02243,SMS,Loyalty Offer,2025-04-25,1,0,0,0,6.09
M03250,C03860,Email,Weekend Offer,2025-08-04,1,0,0,0,5.96
M03251,C01900,Push,New Arrival,2025-02-26,1,1,1,0,4.59
M03252,C01536,Email,New Arrival,2025-03-28,1,0,0,0,4.41
M03253,C02473,Email,Win Back,2025-01-13,1,0,0,0,7.64
M03254,C01808,Email,Clearance,2025-12-30,1,1,0,0,5.36
M03255,C01770,Email,Festive Sale,2025-11-30,1,0,0,0,0.87
M03256,C02414,Email,Festive Sale,2025-05-21,1,0,0,0,1.55
M03257,C03763,Push,Weekend Offer,2025-06-19,1,0,0,0,5.57
M03258,C01659,Email,Loyalty Offer,2025-03-09,1,0,0,0,7.13
M03259,C01029,Push,Loyalty Offer,2025-03-22,1,1,0,0,5.95
M03260,C00958,SMS,Weekend Offer,2025-08-01,1,1,0,0,4.67
M03261,C04271,Social,Clearance,2025-06-17,1,0,0,0,6.49
M03262,C01618,SMS,Loyalty Offer,2025-07-05,1,0,0,0,3.68
M03263,C03587,Email,Win Back,2025-10-26,1,0,0,0,4.8
M03264,C01006,Email,Win Back,2025-11-27,1,0,0,0,1.43
M03265,C00464,Email,Festive Sale,2025-05-27,1,0,0,0,3.91
M03266,C04217,Push,New Arrival,2025-03-02,1,0,0,0,6.49
M03267,C01847,Push,New Arrival,2025-12-29,1,0,0,0,6.94
M03268,C03376,SMS,New Arrival,2025-01-29,1,1,0,0,7.73
M03269,C04079,Email,Weekend Offer,2025-07-10,1,1,0,0,4.66
M03270,C00513,SMS,Weekend Offer,2025-01-07,1,1,0,0,1.94
M03271,C00076,SMS,Loyalty Offer,2025-11-09,1,0,0,0,6.9
M03272,C04048,SMS,Clearance,2025-05-06,1,1,0,0,1.95
M03273,C01601,Email,Win Back,2025-07-19,1,1,1,0,4.51
M03274,C03785,Email,New Arrival,2025-12-30,1,0,0,0,4.82
M03275,C02254,Email,Festive Sale,2025-04-09,1,0,0,0,5.82
M03276,C04913,Email,Festive Sale,2025-09-24,1,0,0,1,0.62
M03277,C04360,Email,Win Back,2025-10-13,1,0,0,0,5.53
M03278,C02006,Push,New Arrival,2025-03-03,1,0,0,0,0.87
M03279,C01419,Email,Festive Sale,2025-04-17,1,0,0,0,7.0
M03280,C03188,Email,New Arrival,2025-08-22,1,1,0,0,5.71
M03281,C01987,Push,Loyalty Offer,2025-08-11,1,1,1,0,5.46
M03282,C03078,SMS,Festive Sale,2025-06-25,1,0,0,0,7.39
M03283,C02252,Social,Festive Sale,2025-04-21,1,0,0,0,1.32
M03284,C01539,SMS,Clearance,2025-04-24,1,0,1,0,1.39
M03285,C02581,Email,Win Back,2025-02-20,1,0,0,0,6.07
M03286,C04501,SMS,Festive Sale,2025-10-06,1,0,0,0,2.55
M03287,C00605,Social,Festive Sale,2025-01-26,1,1,0,0,6.46
M03288,C03207,Email,Clearance,2025-09-26,1,0,0,0,3.75
M03289,C04883,Email,New Arrival,2025-12-29,1,0,0,0,6.11
M03290,C01415,Email,Win Back,2025-06-04,1,0,0,0,3.17
M03291,C03034,Social,Clearance,2025-03-31,1,0,0,0,2.5
M03292,C00707,Push,Festive Sale,2025-01-31,1,1,1,0,7.49
M03293,C00159,Social,Win Back,2025-10-17,1,0,0,0,1.65
M03294,C03395,Email,Weekend Offer,2025-10-02,1,0,0,0,3.93
M03295,C02591,Email,Weekend Offer,2025-01-26,1,0,0,0,1.68
M03296,C01789,Email,Festive Sale,2025-09-05,1,1,0,0,0.53
M03297,C03588,Social,Weekend Offer,2025-07-04,1,1,0,0,6.37
M03298,C01975,Social,Festive Sale,2025-03-13,1,1,0,0,1.15
M03299,C04975,SMS,Win Back,2025-06-16,1,0,0,0,5.55
M03300,C03139,Social,Weekend Offer,2025-10-25,1,0,0,0,7.74
M03301,C03554,Email,Win Back,2025-11-17,1,1,0,0,3.89
M03302,C03181,Social,Weekend Offer,2025-05-07,1,1,0,0,6.88
M03303,C03117,SMS,Weekend Offer,2025-10-04,1,0,0,0,0.88
M03304,C04689,Email,Clearance,2025-05-06,1,1,0,0,7.25
M03305,C04389,Social,Festive Sale,2025-08-12,1,0,0,0,6.31
M03306,C00880,Email,Weekend Offer,2025-09-22,1,1,1,0,7.97
M03307,C04931,Push,Loyalty Offer,2025-10-08,1,0,0,0,7.24
M03308,C00217,Push,Loyalty Offer,2025-04-12,1,0,0,0,2.13
M03309,C03197,Email,New Arrival,2025-07-15,1,0,0,0,3.13
M03310,C02689,SMS,Clearance,2025-11-12,1,0,0,0,3.02
M03311,C00333,Email,Festive Sale,2025-06-20,1,0,0,0,2.42
M03312,C00523,Email,Win Back,2025-05-06,1,1,0,0,1.61
M03313,C03054,Email,Festive Sale,2025-02-27,1,1,0,0,4.99
M03314,C02839,SMS,Festive Sale,2025-02-23,1,0,0,0,5.44
M03315,C03790,Email,Win Back,2025-03-08,1,0,0,0,6.99
M03316,C01249,Email,Clearance,2025-11-28,1,0,0,0,2.88
M03317,C02494,Email,Win Back,2025-12-10,1,0,0,0,6.93
M03318,C01781,SMS,Weekend Offer,2025-01-16,1,0,0,0,7.94
M03319,C00388,SMS,New Arrival,2025-02-22,1,0,0,0,3.44
M03320,C02078,Email,New Arrival,2025-03-28,1,1,0,0,2.92
M03321,C02533,Social,Clearance,2025-02-08,1,0,0,0,1.37
M03322,C03424,Email,Festive Sale,2025-02-27,1,0,0,0,5.31
M03323,C04921,Email,Loyalty Offer,2025-10-18,1,0,0,0,1.41
M03324,C00210,Email,Loyalty Offer,2025-08-12,1,1,0,0,5.06
M03325,C00846,Social,Loyalty Offer,2025-09-09,1,0,0,0,7.15
M03326,C03467,Email,Weekend Offer,2025-04-26,1,1,0,0,4.84
M03327,C04294,SMS,Clearance,2025-12-06,1,0,0,0,7.65
M03328,C04656,Email,New Arrival,2025-03-17,1,1,0,0,7.1
M03329,C04997,Push,Loyalty Offer,2025-04-17,1,0,1,0,6.54
M03330,C04066,Email,Win Back,2025-09-09,1,1,0,0,1.66
M03331,C01437,Push,Loyalty Offer,2025-10-20,1,1,0,0,3.0
M03332,C01117,Email,Win Back,2025-07-14,1,1,1,0,1.39
M03333,C03191,Email,Win Back,2025-03-14,1,1,0,0,7.6
M03334,C03798,Social,Win Back,2025-12-25,1,0,0,0,2.27
M03335,C03617,Social,Festive Sale,2025-03-14,1,0,0,0,2.51
M03336,C00644,SMS,Weekend Offer,2025-05-30,1,1,0,0,5.86
M03337,C03486,Social,Win Back,2025-09-08,1,0,0,0,6.01
M03338,C04396,Social,Win Back,2025-05-13,1,0,0,0,3.61
M03339,C03695,Email,Festive Sale,2025-09-23,1,0,0,0,0.7
M03340,C01507,Social,Loyalty Offer,2025-06-05,1,1,0,0,6.54
M03341,C00250,Push,Weekend Offer,2025-08-07,1,0,0,0,7.73
M03342,C00789,Push,Clearance,2025-06-19,1,0,0,0,6.02
M03343,C04952,Email,Clearance,2025-01-02,1,0,0,0,3.85
M03344,C03901,SMS,Festive Sale,2025-06-12,1,1,1,0,6.7
M03345,C03002,Push,Festive Sale,2025-06-08,1,0,0,0,0.79
M03346,C00044,Email,Win Back,2025-12-22,1,0,0,0,5.73
M03347,C04839,Email,New Arrival,2025-02-25,1,1,0,0,0.85
M03348,C04207,Email,Clearance,2025-08-24,1,0,0,0,5.26
M03349,C00350,Push,Clearance,2025-08-20,1,0,0,0,0.69
M03350,C00659,Email,Weekend Offer,2025-01-03,1,1,0,0,0.98
M03351,C00295,Email,Loyalty Offer,2025-09-28,1,1,1,0,4.67
M03352,C00015,Social,Weekend Offer,2025-04-05,1,0,0,0,4.23
M03353,C04839,SMS,Clearance,2025-11-11,1,0,0,0,1.22
M03354,C04822,Social,Weekend Offer,2025-11-25,1,0,0,0,7.6
M03355,C04962,SMS,Weekend Offer,2025-09-21,1,0,0,0,3.99
M03356,C00666,Email,Loyalty Offer,2025-09-27,1,1,0,0,4.72
M03357,C00141,SMS,Weekend Offer,2025-12-19,1,0,0,1,5.18
M03358,C03402,SMS,Festive Sale,2025-01-26,1,1,0,0,2.84
M03359,C00961,Social,Loyalty Offer,2025-09-19,1,1,1,0,0.55
M03360,C02272,Email,New Arrival,2025-02-28,1,0,1,0,7.63
M03361,C04726,SMS,Loyalty Offer,2025-03-12,1,1,0,0,7.12
M03362,C01774,SMS,Win Back,2025-07-23,1,1,0,0,4.05
M03363,C04261,Social,Win Back,2025-02-23,1,0,0,0,2.01
M03364,C04975,Social,Festive Sale,2025-05-24,1,1,0,0,1.66
M03365,C02998,Email,New Arrival,2025-06-10,1,1,1,1,4.43
M03366,C03948,Social,Win Back,2025-12-18,1,0,1,1,4.09
M03367,C02382,Push,Festive Sale,2025-07-08,1,1,0,0,5.87
M03368,C00931,SMS,Festive Sale,2025-02-07,1,1,0,0,1.22
M03369,C00256,Email,Weekend Offer,2025-07-17,1,0,0,0,7.07
M03370,C01589,Social,Festive Sale,2025-07-04,1,0,0,0,1.74
M03371,C04246,Push,New Arrival,2025-12-04,1,1,0,0,3.88
M03372,C01653,Email,New Arrival,2025-01-05,1,0,0,0,4.12
M03373,C03405,Social,Clearance,2025-11-07,1,0,0,0,1.61
M03374,C03137,Email,Festive Sale,2025-04-24,1,1,0,0,4.83
M03375,C00619,Social,Festive Sale,2025-10-15,1,1,0,0,0.85
M03376,C02629,Email,Clearance,2025-04-20,1,0,0,0,6.77
M03377,C00525,Email,Festive Sale,2025-09-07,1,1,0,0,5.83
M03378,C00247,SMS,Clearance,2025-04-06,1,1,0,0,1.27
M03379,C00138,Push,New Arrival,2025-03-21,1,1,0,0,4.81
M03380,C01895,Email,Weekend Offer,2025-07-02,1,0,0,0,1.7
M03381,C04996,SMS,Festive Sale,2025-08-30,1,1,0,0,6.47
M03382,C01148,Email,New Arrival,2025-02-13,1,1,0,0,6.05
M03383,C02006,Push,Festive Sale,2025-10-24,1,1,0,0,6.92
M03384,C01372,Social,New Arrival,2025-10-07,1,0,0,0,1.37
M03385,C04477,Social,New Arrival,2025-10-11,1,1,1,0,0.77
M03386,C03629,Email,Festive Sale,2025-09-24,1,1,0,0,1.72
M03387,C04956,Email,Clearance,2025-03-05,1,1,1,1,6.69
M03388,C04316,Social,Loyalty Offer,2025-03-06,1,0,0,0,5.78
M03389,C02639,Email,Win Back,2025-06-16,1,1,1,0,5.66
M03390,C00501,Social,Festive Sale,2025-09-07,1,0,0,0,1.93
M03391,C02969,Email,Loyalty Offer,2025-04-06,1,1,0,0,7.28
M03392,C04433,Email,New Arrival,2025-09-14,1,1,0,0,6.72
M03393,C00571,SMS,Loyalty Offer,2025-06-29,1,0,0,0,6.06
M03394,C01680,SMS,New Arrival,2025-03-08,1,0,0,0,4.58
M03395,C02503,Email,Clearance,2025-01-14,1,1,0,0,1.55
M03396,C00495,Social,Weekend Offer,2025-08-05,1,1,0,0,5.73
M03397,C02661,Email,New Arrival,2025-11-04,1,0,0,0,3.92
M03398,C03514,Email,Clearance,2025-03-22,1,0,0,0,3.73
M03399,C01316,Email,Win Back,2025-07-09,1,0,0,0,4.98
M03400,C02929,Push,New Arrival,2025-07-05,1,1,1,1,0.63
M03401,C04005,Email,Clearance,2025-11-23,1,1,1,0,7.84
M03402,C01335,Push,New Arrival,2025-10-26,1,0,0,0,2.91
M03403,C01346,Email,Festive Sale,2025-09-23,1,0,0,0,7.86
M03404,C02025,Social,Festive Sale,2025-03-11,1,0,0,0,1.55
M03405,C02254,Push,Win Back,2025-10-08,1,0,0,0,2.53
M03406,C01888,Push,New Arrival,2025-01-02,1,0,0,0,3.49
M03407,C00062,Email,Clearance,2025-11-01,1,0,0,0,7.46
M03408,C04987,Email,New Arrival,2025-12-27,1,0,0,0,1.26
M03409,C04594,Email,Festive Sale,2025-08-16,1,0,0,0,7.98
M03410,C02869,SMS,Win Back,2025-02-18,1,0,0,0,3.57
M03411,C02296,SMS,Win Back,2025-10-31,1,0,0,0,4.01
M03412,C03568,Push,Weekend Offer,2025-03-24,1,1,1,0,0.84
M03413,C00947,Push,Festive Sale,2025-12-13,1,0,0,0,3.07
M03414,C03555,Email,Loyalty Offer,2025-06-24,1,0,0,0,6.37
M03415,C01009,Email,Festive Sale,2025-09-17,1,1,0,0,3.36
M03416,C03778,Email,Loyalty Offer,2025-10-15,1,0,0,0,3.65
M03417,C02936,Email,Win Back,2025-02-08,1,1,0,0,2.04
M03418,C04307,SMS,Win Back,2025-01-09,1,1,1,0,1.36
M03419,C04177,Social,Weekend Offer,2025-11-19,1,1,0,0,5.16
M03420,C02672,SMS,Loyalty Offer,2025-06-03,1,1,0,0,7.32
M03421,C04348,Social,Clearance,2025-08-25,1,0,0,0,2.25
M03422,C00077,Social,New Arrival,2025-11-08,1,1,1,1,1.21
M03423,C02386,SMS,Festive Sale,2025-07-16,1,0,0,0,4.18
M03424,C01682,Email,Loyalty Offer,2025-03-18,1,1,1,0,4.7
M03425,C03148,Push,Win Back,2025-06-23,1,1,1,0,3.2
M03426,C04322,Email,Loyalty Offer,2025-05-05,1,1,0,0,4.96
M03427,C01918,Email,New Arrival,2025-09-14,1,0,0,0,2.1
M03428,C01145,Push,Weekend Offer,2025-02-23,1,1,1,1,7.25
M03429,C00037,Email,Loyalty Offer,2025-07-18,1,1,0,0,1.29
M03430,C00488,Social,Loyalty Offer,2025-03-05,1,0,0,0,4.74
M03431,C03014,Email,Clearance,2025-02-18,1,0,0,0,7.0
M03432,C03598,Email,Loyalty Offer,2025-06-11,1,0,0,0,1.53
M03433,C04586,Email,Festive Sale,2025-06-10,1,0,0,0,5.58
M03434,C03354,Social,Festive Sale,2025-09-03,1,0,0,0,7.44
M03435,C02646,SMS,Weekend Offer,2025-06-24,1,1,0,0,3.38
M03436,C01320,Email,Clearance,2025-06-23,1,0,0,0,5.18
M03437,C00603,Social,Loyalty Offer,2025-08-21,1,0,0,0,6.67
M03438,C03360,SMS,Festive Sale,2025-03-16,1,1,1,1,2.75
M03439,C02600,Email,New Arrival,2025-07-21,1,0,0,0,2.76
M03440,C02164,Push,Clearance,2025-01-16,1,0,0,0,2.43
M03441,C00268,Email,Weekend Offer,2025-06-10,1,0,0,0,7.0
M03442,C03413,SMS,New Arrival,2025-05-19,1,0,0,0,4.11
M03443,C03394,Social,New Arrival,2025-05-17,1,0,0,0,7.33
M03444,C02179,Push,Clearance,2025-04-30,1,1,0,0,6.72
M03445,C01569,Email,New Arrival,2025-05-30,1,1,0,0,2.58
M03446,C01698,SMS,New Arrival,2025-02-16,1,0,0,0,7.77
M03447,C00063,Email,Win Back,2025-01-09,1,1,1,0,1.45
M03448,C01712,Email,Festive Sale,2025-10-12,1,1,0,0,7.75
M03449,C02882,SMS,Festive Sale,2025-09-30,1,0,0,0,3.4
M03450,C02935,SMS,Weekend Offer,2025-11-21,1,1,1,0,6.99
M03451,C00321,Email,Weekend Offer,2025-02-07,1,0,0,0,5.33
M03452,C04507,Email,New Arrival,2025-10-02,1,0,0,0,6.1
M03453,C01869,Social,New Arrival,2025-12-22,1,0,0,0,5.11
M03454,C01952,SMS,Clearance,2025-07-25,1,1,0,0,1.43
M03455,C02441,Social,Festive Sale,2025-01-09,1,1,0,0,5.57
M03456,C00944,SMS,Loyalty Offer,2025-12-01,1,0,0,0,7.49
M03457,C01051,Email,Clearance,2025-04-13,1,1,0,0,6.97
M03458,C03640,Email,Win Back,2025-03-04,1,0,0,0,4.93
M03459,C04730,Push,New Arrival,2025-08-25,1,0,0,1,7.45
M03460,C03878,Email,Weekend Offer,2025-11-13,1,1,0,0,4.01
M03461,C03417,Social,Festive Sale,2025-04-07,1,1,0,0,2.03
M03462,C00275,Push,Festive Sale,2025-03-27,1,0,0,0,1.45
M03463,C03230,Social,New Arrival,2025-01-05,1,0,0,0,1.21
M03464,C00813,Email,Festive Sale,2025-01-19,1,1,0,0,4.86
M03465,C04681,SMS,Loyalty Offer,2025-06-07,1,0,0,1,1.83
M03466,C01329,Email,Win Back,2025-08-05,1,1,0,0,7.45
M03467,C04335,Email,Win Back,2025-03-18,1,0,0,0,6.68
M03468,C00037,Email,Weekend Offer,2025-01-05,1,1,0,0,5.09
M03469,C00045,Push,Loyalty Offer,2025-09-16,1,0,0,0,6.76
M03470,C04361,Push,Weekend Offer,2025-09-10,1,1,1,0,6.65
M03471,C04797,Social,New Arrival,2025-11-10,1,0,0,0,7.65
M03472,C01204,Push,Loyalty Offer,2025-07-26,1,1,0,0,4.71
M03473,C00168,SMS,Festive Sale,2025-10-11,1,0,0,0,3.56
M03474,C03818,Social,Clearance,2025-09-23,1,0,0,0,5.59
M03475,C01116,SMS,Weekend Offer,2025-04-26,1,0,0,0,5.29
M03476,C02195,Email,Win Back,2025-09-14,1,0,0,0,4.18
M03477,C00764,Push,Win Back,2025-01-27,1,1,0,0,6.81
M03478,C04441,Email,Win Back,2025-09-07,1,0,0,0,7.19
M03479,C04413,Email,New Arrival,2025-09-08,1,1,0,0,5.86
M03480,C04459,Social,Win Back,2025-07-01,1,1,0,0,6.73
M03481,C00631,SMS,Weekend Offer,2025-08-02,1,1,1,0,5.31
M03482,C02499,Email,Loyalty Offer,2025-06-27,1,0,0,0,5.66
M03483,C03217,SMS,Festive Sale,2025-08-01,1,1,1,0,2.31
M03484,C03458,Email,Clearance,2025-01-10,1,0,0,0,0.83
M03485,C04637,Social,Clearance,2025-02-01,1,0,0,0,2.08
M03486,C01436,SMS,Clearance,2025-10-04,1,1,0,0,2.54
M03487,C04745,Email,Weekend Offer,2025-01-15,1,0,0,0,2.64
M03488,C03209,Email,Clearance,2025-09-02,1,0,0,0,4.93
M03489,C00942,Email,Festive Sale,2025-06-23,1,1,0,0,3.15
M03490,C04017,Email,Weekend Offer,2025-11-10,1,0,0,0,0.69
M03491,C00038,SMS,Loyalty Offer,2025-07-18,1,0,0,0,7.85
M03492,C00213,SMS,New Arrival,2025-10-25,1,0,0,0,3.09
M03493,C03558,Social,Festive Sale,2025-11-19,1,0,0,0,7.58
M03494,C01086,SMS,Loyalty Offer,2025-12-30,1,1,1,0,1.85
M03495,C04431,Email,Clearance,2025-02-09,1,1,0,0,5.55
M03496,C04941,SMS,New Arrival,2025-03-11,1,1,1,1,5.92
M03497,C01706,Push,Loyalty Offer,2025-12-19,1,1,0,0,3.81
M03498,C04743,Social,Loyalty Offer,2025-02-16,1,0,0,0,4.61
M03499,C04534,Email,Festive Sale,2025-07-13,1,0,0,0,2.64
M03500,C02269,Email,Festive Sale,2025-07-22,1,0,0,0,3.02
M03501,C02950,Social,Clearance,2025-04-17,1,1,1,1,5.5
M03502,C03855,Email,Clearance,2025-11-05,1,0,0,0,2.72
M03503,C02027,SMS,Weekend Offer,2025-07-09,1,1,0,0,4.19
M03504,C03858,Email,Loyalty Offer,2025-04-04,1,1,1,0,5.64
M03505,C03096,Email,Clearance,2025-02-27,1,0,0,0,3.69
M03506,C02379,Social,Weekend Offer,2025-08-03,1,1,0,0,5.32
M03507,C03972,Push,Win Back,2025-03-08,1,0,0,0,6.37
M03508,C04404,SMS,New Arrival,2025-07-18,1,1,0,0,4.96
M03509,C03417,Email,Weekend Offer,2025-07-07,1,0,0,0,5.1
M03510,C00028,Social,New Arrival,2025-02-22,1,0,0,1,4.81
M03511,C03650,Push,Clearance,2025-05-08,1,0,0,0,1.33
M03512,C03404,Email,Clearance,2025-06-14,1,0,0,0,1.36
M03513,C02359,Social,Festive Sale,2025-04-13,1,1,1,1,6.06
M03514,C01975,Email,Festive Sale,2025-06-01,1,0,0,0,1.2
M03515,C04536,Push,Weekend Offer,2025-04-17,1,1,0,0,4.42
M03516,C01283,Email,Win Back,2025-08-14,1,0,0,0,3.4
M03517,C02442,Email,New Arrival,2025-03-23,1,1,0,0,6.29
M03518,C00406,Email,Loyalty Offer,2025-08-18,1,1,1,0,7.52
M03519,C00382,Push,New Arrival,2025-01-22,1,1,0,0,3.12
M03520,C02019,SMS,Clearance,2025-10-29,1,0,0,0,7.09
M03521,C02899,SMS,Weekend Offer,2025-06-22,1,0,0,0,6.53
M03522,C01859,Email,Weekend Offer,2025-12-16,1,0,0,0,3.17
M03523,C03681,Social,Win Back,2025-07-19,1,1,1,1,3.58
M03524,C02800,Push,Loyalty Offer,2025-03-23,1,1,1,0,5.92
M03525,C00835,Email,Weekend Offer,2025-04-11,1,0,0,0,6.02
M03526,C00465,Push,Weekend Offer,2025-11-06,1,1,0,0,2.96
M03527,C00266,Email,Loyalty Offer,2025-02-26,1,0,0,0,2.56
M03528,C02470,Social,Weekend Offer,2025-12-18,1,1,0,0,2.81
M03529,C02842,Email,Loyalty Offer,2025-11-29,1,0,0,0,1.26
M03530,C00857,Email,Loyalty Offer,2025-01-30,1,0,0,0,4.94
M03531,C00242,SMS,Weekend Offer,2025-01-25,1,0,0,0,2.8
M03532,C01726,Email,Win Back,2025-08-22,1,0,0,0,5.48
M03533,C00249,SMS,Clearance,2025-10-07,1,1,1,0,1.04
M03534,C00458,SMS,New Arrival,2025-08-22,1,1,0,0,1.4
M03535,C01181,Email,Win Back,2025-11-10,1,0,0,0,1.15
M03536,C02807,Email,Win Back,2025-01-28,1,0,0,0,6.84
M03537,C00481,Social,Clearance,2025-10-26,1,1,0,0,5.46
M03538,C02027,SMS,Win Back,2025-01-18,1,0,0,0,4.79
M03539,C04834,Email,Win Back,2025-11-12,1,1,0,0,4.4
M03540,C01663,Social,Clearance,2025-11-10,1,0,0,0,4.56
M03541,C04425,Email,Weekend Offer,2025-02-14,1,0,0,0,5.18
M03542,C02802,Push,New Arrival,2025-09-02,1,0,0,0,4.8
M03543,C03816,Push,Clearance,2025-12-29,1,0,0,0,2.88
M03544,C02285,Social,Win Back,2025-06-19,1,1,0,0,1.63
M03545,C03146,SMS,Win Back,2025-03-25,1,0,0,0,1.98
M03546,C02487,SMS,Festive Sale,2025-11-13,1,0,0,0,3.21
M03547,C01140,Social,Weekend Offer,2025-04-22,1,1,0,0,4.26
M03548,C04368,SMS,Festive Sale,2025-05-15,1,1,0,0,0.58
M03549,C04534,Email,Festive Sale,2025-02-11,1,1,0,0,0.75
M03550,C01329,Email,Win Back,2025-09-25,1,0,0,0,2.25
M03551,C03587,Social,Festive Sale,2025-03-16,1,0,0,0,7.88
M03552,C03197,SMS,Loyalty Offer,2025-01-02,1,0,0,0,4.21
M03553,C01522,Email,Weekend Offer,2025-06-08,1,1,0,0,4.37
M03554,C03289,Email,Loyalty Offer,2025-10-15,1,0,0,0,4.68
M03555,C03939,Email,Clearance,2025-12-06,1,0,0,0,5.25
M03556,C02507,Push,Weekend Offer,2025-11-07,1,1,0,0,1.02
M03557,C03341,Email,Win Back,2025-05-25,1,0,0,0,2.5
M03558,C03758,Email,Win Back,2025-12-10,1,1,0,0,1.09
M03559,C02265,Email,Win Back,2025-12-17,1,0,0,0,3.74
M03560,C01678,SMS,Festive Sale,2025-08-30,1,0,0,0,6.4
M03561,C00759,Email,Weekend Offer,2025-02-28,1,1,0,0,6.66
M03562,C00286,Email,Weekend Offer,2025-04-04,1,0,0,0,7.9
M03563,C04434,SMS,Win Back,2025-12-15,1,1,0,0,3.95
M03564,C04428,Email,Clearance,2025-12-03,1,1,0,0,5.75
M03565,C00238,Email,New Arrival,2025-09-15,1,0,0,0,0.68
M03566,C03441,SMS,Festive Sale,2025-09-20,1,1,1,0,2.45
M03567,C02082,Social,Win Back,2025-12-26,1,1,1,0,4.02
M03568,C01595,Email,Clearance,2025-10-06,1,1,1,1,3.87
M03569,C00622,Email,Festive Sale,2025-10-24,1,1,0,0,7.52
M03570,C01060,Social,New Arrival,2025-12-13,1,1,1,0,6.92
M03571,C03797,SMS,Win Back,2025-02-24,1,1,0,0,4.12
M03572,C03966,Push,Win Back,2025-03-29,1,0,0,0,7.47
M03573,C03416,Email,Weekend Offer,2025-05-04,1,0,0,0,1.4
M03574,C01660,Email,Loyalty Offer,2025-11-10,1,0,0,0,3.11
M03575,C00183,SMS,Loyalty Offer,2025-06-08,1,1,1,0,2.11
M03576,C00880,Push,Win Back,2025-10-07,1,1,0,0,3.17
M03577,C00538,Social,Win Back,2025-05-10,1,1,0,0,5.27
M03578,C00497,Social,Weekend Offer,2025-03-06,1,0,0,0,0.92
M03579,C00719,Push,New Arrival,2025-03-18,1,1,0,0,7.47
M03580,C04846,Email,New Arrival,2025-06-18,1,1,0,0,4.42
M03581,C01551,Social,Clearance,2025-08-21,1,0,0,0,3.22
M03582,C04325,Push,Clearance,2025-01-01,1,0,0,0,7.12
M03583,C02663,Email,Clearance,2025-03-27,1,0,0,0,4.34
M03584,C02715,SMS,Win Back,2025-06-12,1,1,1,1,7.66
M03585,C00269,Social,New Arrival,2025-11-12,1,0,0,0,2.76
M03586,C01106,SMS,Weekend Offer,2025-03-24,1,0,0,0,3.37
M03587,C01331,Social,Loyalty Offer,2025-06-17,1,1,0,0,7.59
M03588,C04839,Email,Weekend Offer,2025-05-06,1,0,0,0,7.93
M03589,C01893,Social,Weekend Offer,2025-12-05,1,0,0,0,2.9
M03590,C03679,Social,New Arrival,2025-06-21,1,1,1,1,1.52
M03591,C01815,Social,New Arrival,2025-12-03,1,0,0,0,2.09
M03592,C03858,SMS,Clearance,2025-12-20,1,1,1,0,3.72
M03593,C00162,Push,Win Back,2025-07-14,1,1,1,0,2.46
M03594,C01688,Email,Loyalty Offer,2025-04-02,1,1,0,0,4.7
M03595,C00696,Email,Clearance,2025-06-29,1,0,0,0,0.62
M03596,C01004,Push,New Arrival,2025-01-21,1,1,0,0,4.9
M03597,C01940,Email,Loyalty Offer,2025-10-19,1,0,0,0,6.48
M03598,C02687,Email,Clearance,2025-04-09,1,1,0,0,7.2
M03599,C03759,Push,New Arrival,2025-07-13,1,1,0,0,6.27
M03600,C00920,Push,Weekend Offer,2025-12-16,1,1,0,0,3.79
M03601,C03904,Social,Win Back,2025-03-17,1,1,0,0,6.67
M03602,C04098,Email,Loyalty Offer,2025-10-22,1,1,0,0,4.54
M03603,C04422,Email,Weekend Offer,2025-02-26,1,1,1,1,6.86
M03604,C03252,Push,New Arrival,2025-02-02,1,0,0,0,2.67
M03605,C00265,Email,Weekend Offer,2025-06-18,1,0,0,0,6.39
M03606,C00380,Push,Clearance,2025-08-14,1,0,0,0,3.02
M03607,C00614,Email,Win Back,2025-02-14,1,1,0,0,1.75
M03608,C00325,Email,Win Back,2025-09-25,1,0,0,0,5.18
M03609,C02675,Email,Clearance,2025-08-26,1,1,0,0,4.9
M03610,C04381,Email,Clearance,2025-06-06,1,0,0,0,2.79
M03611,C04783,SMS,New Arrival,2025-01-18,1,0,0,0,1.69
M03612,C00783,Email,Weekend Offer,2025-03-27,1,0,0,0,6.92
M03613,C01159,Social,Clearance,2025-12-26,1,1,0,0,5.84
M03614,C03630,SMS,Festive Sale,2025-09-06,1,1,1,0,7.54
M03615,C02567,Email,Festive Sale,2025-03-11,1,0,0,0,6.08
M03616,C03778,Email,Win Back,2025-11-02,1,0,0,0,7.12
M03617,C02171,Social,Loyalty Offer,2025-07-15,1,1,1,0,6.42
M03618,C04077,Push,Weekend Offer,2025-10-10,1,1,1,0,3.6
M03619,C00202,Push,Loyalty Offer,2025-07-26,1,0,0,0,1.45
M03620,C03158,Social,Weekend Offer,2025-06-18,1,0,0,0,6.17
M03621,C03107,Social,New Arrival,2025-02-01,1,0,0,0,4.62
M03622,C00012,Email,Weekend Offer,2025-01-01,1,0,0,0,6.79
M03623,C04398,Push,Loyalty Offer,2025-04-28,1,0,1,0,6.51
M03624,C04602,Email,Clearance,2025-01-25,1,0,0,0,6.93
M03625,C01266,Social,Win Back,2025-06-18,1,0,0,0,1.78
M03626,C02403,SMS,Win Back,2025-12-01,1,0,0,0,4.5
M03627,C01882,Email,New Arrival,2025-06-25,1,1,0,0,3.41
M03628,C03611,Social,Loyalty Offer,2025-03-17,1,1,1,0,6.91
M03629,C00458,Email,Festive Sale,2025-10-30,1,0,0,0,1.41
M03630,C00693,Push,Clearance,2025-04-11,1,0,0,0,2.45
M03631,C00508,Email,New Arrival,2025-03-18,1,0,0,0,2.21
M03632,C01455,Social,Win Back,2025-02-06,1,0,0,0,7.79
M03633,C03116,Push,Festive Sale,2025-02-28,1,1,1,0,0.54
M03634,C02038,Email,Weekend Offer,2025-11-16,1,1,1,0,6.45
M03635,C01175,SMS,Win Back,2025-01-11,1,1,0,0,5.29
M03636,C01701,Email,Festive Sale,2025-06-16,1,1,1,1,1.87
M03637,C01335,Email,Festive Sale,2025-03-21,1,0,0,0,4.77
M03638,C01561,Social,New Arrival,2025-10-15,1,1,0,0,1.31
M03639,C04786,Email,Loyalty Offer,2025-07-29,1,0,0,0,6.69
M03640,C01627,Email,Weekend Offer,2025-07-20,1,1,1,1,3.5
M03641,C04677,Email,Win Back,2025-11-12,1,1,0,0,2.15
M03642,C03917,Push,Weekend Offer,2025-06-11,1,1,0,0,7.6
M03643,C04217,Email,Festive Sale,2025-02-02,1,0,0,0,4.25
M03644,C01688,Email,Clearance,2025-12-14,1,0,0,0,6.6
M03645,C01353,SMS,Clearance,2025-09-28,1,0,0,0,4.09
M03646,C00140,Social,Weekend Offer,2025-04-02,1,1,0,0,7.42
M03647,C01845,SMS,New Arrival,2025-02-12,1,1,1,0,5.43
M03648,C02413,SMS,Clearance,2025-07-29,1,0,0,0,1.11
M03649,C01354,Social,Clearance,2025-02-21,1,0,0,0,3.37
M03650,C00525,Push,Festive Sale,2025-08-07,1,1,0,0,1.46
M03651,C01309,SMS,Win Back,2025-04-12,1,0,1,0,4.99
M03652,C02654,Email,Loyalty Offer,2025-07-26,1,0,0,0,2.63
M03653,C04009,Email,Loyalty Offer,2025-05-04,1,0,1,0,5.57
M03654,C02116,Email,Clearance,2025-07-08,1,1,1,0,4.91
M03655,C00912,Email,Festive Sale,2025-05-03,1,1,0,0,3.85
M03656,C04616,Social,Loyalty Offer,2025-01-04,1,1,0,0,4.75
M03657,C03007,Push,Festive Sale,2025-06-14,1,0,0,0,7.88
M03658,C03953,Push,New Arrival,2025-11-22,1,0,0,0,4.96
M03659,C02022,Email,Win Back,2025-02-15,1,0,0,0,1.23
M03660,C03923,Push,Loyalty Offer,2025-04-13,1,0,0,0,1.05
M03661,C00390,Email,Festive Sale,2025-06-06,1,0,0,0,1.0
M03662,C04733,SMS,Clearance,2025-10-15,1,0,0,0,6.64
M03663,C02094,Social,Win Back,2025-10-29,1,0,0,0,3.3
M03664,C01350,Email,Festive Sale,2025-01-30,1,0,0,0,0.72
M03665,C03036,Email,Clearance,2025-05-30,1,0,0,0,1.47
M03666,C04560,Social,Festive Sale,2025-04-15,1,0,0,0,1.59
M03667,C01001,Email,Win Back,2025-10-02,1,0,0,0,3.26
M03668,C03587,Email,Win Back,2025-05-04,1,1,0,0,6.33
M03669,C00592,SMS,Festive Sale,2025-12-14,1,1,0,0,2.81
M03670,C01307,SMS,Win Back,2025-04-14,1,0,0,0,4.83
M03671,C02002,Email,Clearance,2025-02-12,1,0,0,0,7.27
M03672,C04097,SMS,New Arrival,2025-08-10,1,1,1,1,3.78
M03673,C03784,Email,Loyalty Offer,2025-10-19,1,0,0,0,1.8
M03674,C02692,Email,New Arrival,2025-08-16,1,0,0,0,1.61
M03675,C04253,SMS,New Arrival,2025-06-15,1,0,0,0,4.86
M03676,C02217,Push,Loyalty Offer,2025-08-31,1,1,1,0,5.66
M03677,C03615,Email,Clearance,2025-01-15,1,0,0,0,3.16
M03678,C03231,Social,New Arrival,2025-05-17,1,0,0,0,2.88
M03679,C02254,Social,Win Back,2025-11-22,1,0,0,0,7.39
M03680,C04834,SMS,Clearance,2025-02-09,1,0,0,1,3.92
M03681,C02504,Email,Festive Sale,2025-01-07,1,0,1,0,1.64
M03682,C04015,Social,Win Back,2025-06-02,1,0,0,0,2.89
M03683,C00235,Email,Win Back,2025-01-29,1,0,0,0,2.58
M03684,C03481,SMS,Loyalty Offer,2025-04-02,1,1,0,0,2.96
M03685,C04638,Email,Weekend Offer,2025-08-29,1,1,0,0,1.47
M03686,C03625,Social,Loyalty Offer,2025-05-22,1,1,1,0,3.87
M03687,C02125,Social,New Arrival,2025-07-25,1,1,1,1,7.57
M03688,C02418,SMS,New Arrival,2025-11-09,1,0,0,0,3.43
M03689,C00763,Push,Win Back,2025-07-02,1,0,0,0,6.04
M03690,C02317,SMS,Clearance,2025-02-25,1,1,1,1,5.05
M03691,C04476,Email,Clearance,2025-05-21,1,1,1,0,6.32
M03692,C01230,Social,Clearance,2025-03-06,1,0,0,0,1.13
M03693,C04563,Social,Loyalty Offer,2025-05-09,1,0,0,0,6.76
M03694,C01687,Social,Loyalty Offer,2025-07-20,1,1,0,0,6.22
M03695,C00542,Social,Clearance,2025-08-09,1,0,0,0,5.15
M03696,C03160,Email,Weekend Offer,2025-10-26,1,0,0,0,6.45
M03697,C00228,SMS,Weekend Offer,2025-09-22,1,1,1,0,6.36
M03698,C00131,Social,Festive Sale,2025-05-05,1,0,0,0,5.16
M03699,C02489,SMS,Clearance,2025-12-14,1,1,0,0,1.66
M03700,C00545,SMS,Win Back,2025-05-10,1,0,0,0,3.89
M03701,C02377,Push,Weekend Offer,2025-12-12,1,0,0,0,2.57
M03702,C04922,Social,Loyalty Offer,2025-04-04,1,0,0,0,7.45
M03703,C01908,Email,Loyalty Offer,2025-11-30,1,1,0,0,2.04
M03704,C00405,Email,Weekend Offer,2025-07-07,1,0,0,0,1.88
M03705,C03417,Push,Win Back,2025-02-18,1,0,0,0,3.58
M03706,C03449,SMS,Weekend Offer,2025-11-05,1,1,1,0,6.74
M03707,C00380,Email,Win Back,2025-03-18,1,1,0,0,5.51
M03708,C03188,Email,Festive Sale,2025-03-05,1,0,0,0,7.61
M03709,C01915,Social,Clearance,2025-02-11,1,0,0,0,4.55
M03710,C00308,Email,Weekend Offer,2025-01-07,1,0,0,0,1.93
M03711,C00218,Email,Clearance,2025-10-07,1,0,0,0,0.53
M03712,C01690,SMS,New Arrival,2025-10-02,1,0,0,0,7.09
M03713,C01046,Social,Clearance,2025-05-22,1,1,0,0,5.96
M03714,C03242,Push,Weekend Offer,2025-05-05,1,1,0,0,6.29
M03715,C03364,Social,Win Back,2025-09-24,1,1,0,0,6.05
M03716,C01382,Email,Weekend Offer,2025-02-24,1,0,0,0,7.74
M03717,C01072,Email,Weekend Offer,2025-07-17,1,0,0,0,2.21
M03718,C04743,Social,New Arrival,2025-05-12,1,0,0,0,4.91
M03719,C02988,Push,Win Back,2025-11-02,1,0,0,0,0.87
M03720,C03996,Email,Loyalty Offer,2025-11-08,1,0,0,0,4.49
M03721,C00290,Social,Win Back,2025-10-31,1,0,0,0,1.86
M03722,C03196,Email,Festive Sale,2025-11-08,1,1,0,0,5.8
M03723,C01002,Social,Win Back,2025-09-27,1,0,0,0,1.74
M03724,C02276,Push,Win Back,2025-05-24,1,0,0,0,2.17
M03725,C01313,Social,Weekend Offer,2025-10-28,1,0,0,0,7.06
M03726,C02063,Email,Festive Sale,2025-11-12,1,0,0,0,3.11
M03727,C02115,Email,Weekend Offer,2025-06-28,1,1,1,0,5.16
M03728,C00892,Email,Win Back,2025-02-05,1,1,0,0,6.41
M03729,C00497,Push,Festive Sale,2025-02-22,1,1,1,0,7.33
M03730,C02512,Email,New Arrival,2025-01-27,1,0,0,0,0.72
M03731,C04077,Push,Weekend Offer,2025-10-11,1,1,0,0,4.54
M03732,C03539,Email,Weekend Offer,2025-01-12,1,1,1,0,6.92
M03733,C03944,Email,Festive Sale,2025-04-19,1,1,1,1,7.79
M03734,C02785,Email,Loyalty Offer,2025-08-07,1,0,0,0,1.88
M03735,C03946,Email,Win Back,2025-06-12,1,1,0,0,0.66
M03736,C03455,SMS,Weekend Offer,2025-03-10,1,0,0,0,0.82
M03737,C02829,Push,Festive Sale,2025-02-03,1,1,1,1,3.99
M03738,C03899,SMS,Loyalty Offer,2025-02-20,1,1,0,0,6.8
M03739,C00980,Social,Festive Sale,2025-01-13,1,0,0,0,4.59
M03740,C01506,Email,New Arrival,2025-03-10,1,1,1,0,5.59
M03741,C03757,Social,Clearance,2025-10-07,1,0,0,0,7.6
M03742,C01404,Social,Festive Sale,2025-08-21,1,0,0,0,4.36
M03743,C03532,Email,Loyalty Offer,2025-08-04,1,0,0,0,6.49
M03744,C04843,Push,Festive Sale,2025-03-30,1,0,0,0,1.38
M03745,C04030,Email,Clearance,2025-09-05,1,0,1,0,5.74
M03746,C01001,Social,Win Back,2025-10-31,1,1,0,0,5.77
M03747,C00826,SMS,New Arrival,2025-01-06,1,0,0,0,7.82
M03748,C03469,Email,New Arrival,2025-08-14,1,0,0,0,7.36
M03749,C01813,SMS,Weekend Offer,2025-03-01,1,0,0,0,3.75
M03750,C03987,Email,Festive Sale,2025-06-09,1,1,0,0,3.78
M03751,C00496,Push,Clearance,2025-07-25,1,0,0,1,3.7
M03752,C02452,Email,Win Back,2025-10-02,1,1,0,0,6.88
M03753,C03567,Email,Festive Sale,2025-05-07,1,1,0,0,1.17
M03754,C00836,SMS,Win Back,2025-06-09,1,0,0,0,4.74
M03755,C04379,Email,New Arrival,2025-08-24,1,1,1,0,2.09
M03756,C02532,Email,Festive Sale,2025-04-23,1,0,0,0,4.25
M03757,C00671,Email,Clearance,2025-02-24,1,1,0,0,3.26
M03758,C00108,Email,Loyalty Offer,2025-03-15,1,1,1,0,7.01
M03759,C01465,SMS,Loyalty Offer,2025-01-29,1,1,0,0,0.71
M03760,C04461,Push,Weekend Offer,2025-01-17,1,0,0,0,5.82
M03761,C01520,Social,Festive Sale,2025-10-10,1,1,1,0,0.93
M03762,C04809,Social,Clearance,2025-08-28,1,0,0,0,6.33
M03763,C00029,Social,New Arrival,2025-04-30,1,0,0,0,5.05
M03764,C04016,Email,New Arrival,2025-01-23,1,0,0,0,2.79
M03765,C04643,Email,Weekend Offer,2025-04-04,1,0,0,0,4.69
M03766,C03730,Email,Win Back,2025-06-26,1,0,0,0,0.86
M03767,C04863,Email,Clearance,2025-09-04,1,1,0,0,3.35
M03768,C04821,Email,New Arrival,2025-05-12,1,1,1,0,4.31
M03769,C00237,SMS,New Arrival,2025-09-11,1,1,0,0,6.04
M03770,C04272,Email,Weekend Offer,2025-03-21,1,0,0,0,6.14
M03771,C01465,SMS,Festive Sale,2025-05-21,1,1,1,0,6.11
M03772,C01282,Email,Win Back,2025-03-31,1,1,1,0,6.32
M03773,C01059,Push,Win Back,2025-05-19,1,1,1,1,1.97
M03774,C00957,SMS,Festive Sale,2025-05-01,1,0,0,0,3.8
M03775,C00409,Email,New Arrival,2025-10-14,1,0,0,0,2.31
M03776,C04692,SMS,New Arrival,2025-06-27,1,0,0,0,7.05
M03777,C03302,SMS,Festive Sale,2025-10-26,1,0,0,0,0.7
M03778,C03923,Email,Weekend Offer,2025-02-27,1,0,0,0,4.67
M03779,C01897,Push,Weekend Offer,2025-07-28,1,1,0,1,7.32
M03780,C04627,Push,Clearance,2025-10-05,1,0,0,0,6.6
M03781,C00596,Social,New Arrival,2025-10-10,1,0,0,0,6.34
M03782,C04755,Push,Win Back,2025-05-08,1,0,0,0,7.22
M03783,C01782,Email,Festive Sale,2025-01-25,1,0,1,0,4.99
M03784,C01834,Social,Weekend Offer,2025-10-28,1,0,0,0,7.62
M03785,C00012,SMS,Clearance,2025-05-03,1,0,0,0,7.75
M03786,C04879,Social,Loyalty Offer,2025-02-18,1,0,0,0,6.41
M03787,C01302,Push,Clearance,2025-02-10,1,1,1,1,6.23
M03788,C02643,Push,Loyalty Offer,2025-10-18,1,1,1,0,4.33
M03789,C01532,SMS,Clearance,2025-02-26,1,0,0,0,1.38
M03790,C01909,Push,Clearance,2025-09-20,1,0,0,0,4.53
M03791,C01495,Push,New Arrival,2025-01-13,1,1,0,0,0.7
M03792,C03965,Social,New Arrival,2025-06-23,1,0,0,0,5.43
M03793,C03301,Push,Weekend Offer,2025-10-15,1,0,0,0,7.02
M03794,C01028,Email,Festive Sale,2025-12-01,1,0,0,0,6.02
M03795,C01275,Social,Weekend Offer,2025-07-08,1,1,0,0,1.96
M03796,C02855,Social,Win Back,2025-04-17,1,1,0,0,4.38
M03797,C02445,Social,Win Back,2025-11-29,1,1,0,0,7.75
M03798,C02256,Email,Win Back,2025-01-04,1,0,0,0,2.53
M03799,C04424,Social,New Arrival,2025-08-26,1,1,0,0,3.2
M03800,C01200,Email,Loyalty Offer,2025-06-09,1,1,0,0,3.07
M03801,C01181,Push,Weekend Offer,2025-02-11,1,0,0,0,3.95
M03802,C03851,SMS,Weekend Offer,2025-04-02,1,0,0,0,6.34
M03803,C03947,Push,New Arrival,2025-05-23,1,0,0,0,6.44
M03804,C02806,Email,Loyalty Offer,2025-11-04,1,0,0,0,2.03
M03805,C04638,Social,Clearance,2025-08-20,1,0,0,0,6.44
M03806,C03326,Social,Clearance,2025-06-20,1,1,1,0,6.41
M03807,C03383,Email,Loyalty Offer,2025-12-19,1,1,1,0,6.0
M03808,C03290,Email,Clearance,2025-06-20,1,1,0,1,1.85
M03809,C02046,Email,New Arrival,2025-11-05,1,0,0,0,3.28
M03810,C01867,SMS,Festive Sale,2025-07-18,1,0,0,0,3.45
M03811,C00514,SMS,Weekend Offer,2025-07-08,1,0,0,0,5.27
M03812,C03139,Email,New Arrival,2025-03-04,1,0,0,1,3.69
M03813,C03491,Email,Festive Sale,2025-10-15,1,0,0,0,3.1
M03814,C02374,Push,Loyalty Offer,2025-04-29,1,0,0,0,0.68
M03815,C00139,Email,Weekend Offer,2025-03-24,1,0,0,0,3.76
M03816,C01084,Social,Festive Sale,2025-09-24,1,1,0,0,7.26
M03817,C04909,SMS,Weekend Offer,2025-02-06,1,1,1,1,4.88
M03818,C01323,Email,New Arrival,2025-01-02,1,0,0,0,5.35
M03819,C02027,Social,Festive Sale,2025-03-31,1,0,0,1,5.06
M03820,C02402,Social,Festive Sale,2025-03-06,1,1,0,0,5.17
M03821,C04881,SMS,Win Back,2025-03-31,1,0,0,0,6.84
M03822,C03088,Email,Clearance,2025-07-07,1,0,0,0,5.65
M03823,C00695,Email,New Arrival,2025-08-12,1,1,0,0,7.84
M03824,C00431,Email,Win Back,2025-10-17,1,1,1,0,3.28
M03825,C01878,SMS,Win Back,2025-09-23,1,0,0,0,7.42
M03826,C03342,Social,Weekend Offer,2025-03-30,1,0,0,0,6.05
M03827,C00398,Social,Weekend Offer,2025-11-15,1,1,1,0,1.78
M03828,C01880,Email,Loyalty Offer,2025-11-14,1,0,0,0,4.18
M03829,C00617,Social,Loyalty Offer,2025-08-23,1,0,0,0,1.12
M03830,C00569,Push,Win Back,2025-02-10,1,0,0,0,2.17
M03831,C03194,Social,Weekend Offer,2025-09-14,1,0,1,0,3.2
M03832,C01567,Email,Win Back,2025-08-08,1,1,1,0,0.66
M03833,C03284,SMS,Win Back,2025-04-13,1,0,0,0,4.55
M03834,C02800,Social,Festive Sale,2025-09-24,1,0,0,0,6.13
M03835,C04567,SMS,Clearance,2025-09-15,1,0,0,0,4.26
M03836,C03369,Social,Win Back,2025-01-19,1,0,0,0,5.05
M03837,C01432,Email,Clearance,2025-11-06,1,0,0,0,7.67
M03838,C04974,Email,Win Back,2025-07-17,1,0,0,0,5.43
M03839,C00067,Push,Festive Sale,2025-03-14,1,1,0,0,7.1
M03840,C02897,Social,Win Back,2025-09-24,1,0,0,0,5.35
M03841,C02131,Email,Win Back,2025-11-28,1,0,0,0,0.79
M03842,C03469,Email,Loyalty Offer,2025-09-02,1,1,0,0,7.75
M03843,C00465,Email,Clearance,2025-12-08,1,1,0,0,4.5
M03844,C03146,SMS,Festive Sale,2025-05-03,1,0,0,0,3.4
M03845,C03985,SMS,New Arrival,2025-03-14,1,0,0,0,1.52
M03846,C00315,Social,Festive Sale,2025-05-02,1,0,0,0,6.55
M03847,C02894,Email,Weekend Offer,2025-12-09,1,0,0,0,5.91
M03848,C04865,Push,New Arrival,2025-02-11,1,1,0,0,5.81
M03849,C00669,Push,Loyalty Offer,2025-09-19,1,1,0,0,6.69
M03850,C03335,Push,Win Back,2025-10-13,1,1,0,0,0.86
M03851,C01570,Push,New Arrival,2025-12-22,1,1,0,0,6.58
M03852,C02343,Email,Festive Sale,2025-11-29,1,0,0,0,6.53
M03853,C02709,SMS,Loyalty Offer,2025-12-06,1,0,0,0,1.26
M03854,C01877,Email,New Arrival,2025-04-09,1,0,0,0,2.62
M03855,C01988,Social,Clearance,2025-01-16,1,1,1,0,0.5
M03856,C03641,Social,Clearance,2025-10-23,1,0,0,0,7.71
M03857,C02966,SMS,New Arrival,2025-03-23,1,0,0,0,2.42
M03858,C03841,Email,Loyalty Offer,2025-10-28,1,1,0,0,3.88
M03859,C04986,Email,New Arrival,2025-01-21,1,1,0,0,1.54
M03860,C00499,Email,New Arrival,2025-10-03,1,0,0,0,6.35
M03861,C03875,Push,New Arrival,2025-01-01,1,1,0,0,5.6
M03862,C03805,Email,Festive Sale,2025-11-09,1,1,0,0,6.58
M03863,C00467,Push,Festive Sale,2025-01-28,1,0,0,0,4.28
M03864,C04790,Email,Festive Sale,2025-02-26,1,0,0,0,4.27
M03865,C03618,Social,Festive Sale,2025-03-17,1,1,0,0,7.18
M03866,C02075,Email,Clearance,2025-11-27,1,0,0,0,3.03
M03867,C00271,Email,Loyalty Offer,2025-06-12,1,0,0,0,1.62
M03868,C04632,Email,Festive Sale,2025-05-09,1,0,0,0,1.95
M03869,C04034,SMS,Win Back,2025-06-12,1,1,0,0,1.21
M03870,C03025,Social,New Arrival,2025-06-19,1,0,0,0,0.86
M03871,C04444,Email,Clearance,2025-01-27,1,1,1,1,3.19
M03872,C04861,SMS,Clearance,2025-01-02,1,0,0,0,2.08
M03873,C04003,SMS,Win Back,2025-06-02,1,0,0,0,6.26
M03874,C03549,Email,Win Back,2025-12-09,1,0,0,0,4.58
M03875,C04529,Email,Clearance,2025-03-21,1,0,0,0,6.4
M03876,C03644,Email,Win Back,2025-12-10,1,0,0,0,6.22
M03877,C03321,Social,Loyalty Offer,2025-03-22,1,1,1,0,0.76
M03878,C00286,Push,Win Back,2025-10-23,1,0,0,0,6.37
M03879,C02959,Email,Clearance,2025-07-03,1,1,1,1,5.83
M03880,C00621,Social,Festive Sale,2025-02-22,1,0,0,0,6.64
M03881,C03059,Push,Clearance,2025-01-01,1,0,0,0,6.87
M03882,C04827,SMS,Weekend Offer,2025-02-20,1,1,1,0,2.81
M03883,C02081,Social,Festive Sale,2025-04-28,1,0,0,0,4.03
M03884,C04786,SMS,Clearance,2025-12-24,1,1,0,0,1.98
M03885,C03716,Email,Win Back,2025-11-22,1,0,0,0,5.4
M03886,C03258,SMS,Win Back,2025-12-21,1,0,1,0,3.3
M03887,C00356,Push,Win Back,2025-04-13,1,1,1,0,1.72
M03888,C00747,Email,Win Back,2025-05-01,1,1,0,0,1.65
M03889,C01203,Push,Loyalty Offer,2025-12-01,1,0,0,0,6.14
M03890,C04606,Social,Weekend Offer,2025-04-09,1,0,0,0,5.42
M03891,C01726,SMS,Win Back,2025-09-03,1,1,0,0,4.04
M03892,C02774,Push,Festive Sale,2025-04-26,1,0,0,0,6.54
M03893,C02985,SMS,Win Back,2025-06-16,1,1,0,0,6.95
M03894,C01860,Push,Clearance,2025-08-29,1,0,0,0,1.04
M03895,C02885,SMS,Loyalty Offer,2025-12-06,1,0,0,0,6.53
M03896,C01368,Email,Weekend Offer,2025-10-03,1,1,0,0,3.11
M03897,C00906,Social,Weekend Offer,2025-09-13,1,1,1,0,2.92
M03898,C02295,Email,Weekend Offer,2025-07-07,1,1,0,0,1.38
M03899,C03322,SMS,Win Back,2025-04-21,1,0,0,0,2.2
M03900,C00634,SMS,Festive Sale,2025-07-06,1,1,1,1,5.62
M03901,C02503,Push,New Arrival,2025-04-22,1,1,0,0,3.95
M03902,C00299,Email,New Arrival,2025-01-19,1,0,0,0,2.56
M03903,C00502,SMS,Festive Sale,2025-07-31,1,0,0,0,6.0
M03904,C03335,Push,Win Back,2025-01-23,1,0,0,0,5.49
M03905,C01438,Email,Festive Sale,2025-04-30,1,0,0,0,4.28
M03906,C04984,Social,Festive Sale,2025-02-05,1,1,0,0,3.31
M03907,C02737,Email,Weekend Offer,2025-01-16,1,0,0,0,4.04
M03908,C02165,Email,Weekend Offer,2025-05-29,1,1,0,0,2.62
M03909,C01525,SMS,Weekend Offer,2025-06-07,1,0,0,0,5.18
M03910,C04660,Social,New Arrival,2025-10-19,1,1,1,0,0.83
M03911,C04165,Email,Weekend Offer,2025-07-11,1,0,0,0,1.92
M03912,C03780,Social,Loyalty Offer,2025-10-08,1,0,0,0,6.15
M03913,C02001,Push,Weekend Offer,2025-09-21,1,1,0,0,3.78
M03914,C03453,Social,Weekend Offer,2025-07-11,1,0,0,0,6.75
M03915,C00836,Email,Loyalty Offer,2025-11-22,1,0,0,0,6.26
M03916,C01947,Social,Weekend Offer,2025-08-22,1,0,0,0,6.0
M03917,C04852,Push,Win Back,2025-08-22,1,0,0,0,7.07
M03918,C01115,Social,Clearance,2025-03-04,1,0,0,0,1.7
M03919,C01547,Social,Weekend Offer,2025-09-25,1,0,0,0,6.4
M03920,C01490,Push,Festive Sale,2025-05-26,1,0,1,0,6.44
M03921,C04097,Push,Clearance,2025-08-11,1,0,0,0,2.83
M03922,C03759,Social,Festive Sale,2025-11-24,1,0,0,0,0.95
M03923,C04462,Push,Festive Sale,2025-05-04,1,0,0,0,7.73
M03924,C02600,Social,Festive Sale,2025-08-22,1,1,0,0,5.27
M03925,C04150,Social,Weekend Offer,2025-06-16,1,0,0,0,4.96
M03926,C02406,Push,Festive Sale,2025-01-08,1,1,0,0,6.08
M03927,C04804,SMS,Weekend Offer,2025-12-20,1,1,1,0,3.84
M03928,C02927,Push,Weekend Offer,2025-09-07,1,0,0,0,1.55
M03929,C04361,Social,Loyalty Offer,2025-06-20,1,1,1,0,2.59
M03930,C02777,SMS,New Arrival,2025-02-08,1,0,0,0,0.99
M03931,C01814,Email,Win Back,2025-11-18,1,0,0,0,6.47
M03932,C00273,Email,Weekend Offer,2025-06-25,1,0,0,0,4.83
M03933,C01823,Email,Festive Sale,2025-05-17,1,1,0,0,4.89
M03934,C02657,SMS,Loyalty Offer,2025-04-19,1,0,0,0,4.33
M03935,C00607,Email,Festive Sale,2025-02-18,1,1,0,0,6.44
M03936,C00461,Push,Clearance,2025-03-11,1,0,0,0,3.69
M03937,C04999,SMS,Loyalty Offer,2025-04-12,1,1,0,0,3.35
M03938,C03576,Email,Win Back,2025-10-19,1,0,0,1,5.46
M03939,C04705,Email,Loyalty Offer,2025-12-03,1,0,0,0,4.89
M03940,C01077,Social,Loyalty Offer,2025-09-02,1,1,0,0,6.44
M03941,C03857,SMS,Loyalty Offer,2025-10-18,1,1,1,0,7.12
M03942,C00681,Email,Festive Sale,2025-11-26,1,0,0,0,4.45
M03943,C02783,Email,Win Back,2025-07-18,1,0,0,0,4.82
M03944,C02229,Social,Festive Sale,2025-06-24,1,0,0,0,4.28
M03945,C02761,Email,New Arrival,2025-09-19,1,0,0,0,6.99
M03946,C03067,Email,Win Back,2025-01-15,1,1,0,0,2.46
M03947,C02339,SMS,Festive Sale,2025-10-27,1,0,0,0,3.23
M03948,C04215,Email,Clearance,2025-05-19,1,1,0,0,7.59
M03949,C01739,Email,Weekend Offer,2025-03-25,1,0,0,0,7.23
M03950,C02559,Social,Loyalty Offer,2025-03-22,1,1,1,0,2.04
M03951,C00263,SMS,Loyalty Offer,2025-11-18,1,0,0,0,1.24
M03952,C00582,Email,Festive Sale,2025-04-04,1,0,0,0,0.57
M03953,C03678,Social,Clearance,2025-01-20,1,1,0,0,6.78
M03954,C00470,SMS,Loyalty Offer,2025-08-02,1,0,0,0,6.54
M03955,C04630,Email,Festive Sale,2025-06-13,1,0,0,0,2.22
M03956,C02493,Social,Weekend Offer,2025-10-01,1,0,0,0,1.38
M03957,C04182,Email,Clearance,2025-06-19,1,1,0,0,7.72
M03958,C02130,SMS,Clearance,2025-03-31,1,0,0,0,1.95
M03959,C02191,Push,Loyalty Offer,2025-08-12,1,0,0,0,5.29
M03960,C04919,SMS,Festive Sale,2025-07-31,1,0,0,0,2.17
M03961,C04584,Push,Loyalty Offer,2025-11-28,1,1,0,0,3.61
M03962,C03929,SMS,New Arrival,2025-08-03,1,1,0,0,3.17
M03963,C02044,SMS,New Arrival,2025-04-03,1,0,0,0,4.62
M03964,C00762,Email,Win Back,2025-12-15,1,0,0,0,0.65
M03965,C03876,Email,Win Back,2025-07-15,1,1,1,0,3.99
M03966,C00616,Social,Festive Sale,2025-03-07,1,0,0,0,2.49
M03967,C00931,Email,Weekend Offer,2025-11-06,1,0,0,0,7.35
M03968,C04503,Email,Win Back,2025-11-02,1,1,0,0,4.07
M03969,C03079,Email,Clearance,2025-01-16,1,0,0,0,4.99
M03970,C02543,Push,Loyalty Offer,2025-12-31,1,1,1,1,4.49
M03971,C01605,Social,Festive Sale,2025-02-28,1,0,0,0,6.4
M03972,C00349,Social,Clearance,2025-12-19,1,1,0,0,6.62
M03973,C02348,Email,Clearance,2025-03-31,1,1,0,0,4.64
M03974,C04203,Email,Win Back,2025-05-28,1,1,0,0,6.22
M03975,C00154,SMS,Loyalty Offer,2025-12-03,1,0,0,0,4.06
M03976,C01524,SMS,Clearance,2025-07-18,1,0,0,0,1.88
M03977,C00297,Email,Clearance,2025-11-25,1,0,0,0,4.48
M03978,C03719,Email,Loyalty Offer,2025-08-20,1,0,0,0,7.73
M03979,C03050,SMS,Clearance,2025-02-25,1,0,0,0,1.7
M03980,C01386,SMS,Weekend Offer,2025-07-11,1,0,0,0,2.82
M03981,C01991,Push,Weekend Offer,2025-05-29,1,1,0,0,7.63
M03982,C04487,Email,Clearance,2025-10-06,1,0,0,0,6.86
M03983,C04595,Email,Clearance,2025-07-17,1,1,1,0,5.13
M03984,C04199,Push,Loyalty Offer,2025-04-22,1,1,1,0,6.59
M03985,C02376,Email,New Arrival,2025-09-07,1,1,0,0,5.48
M03986,C04980,Email,New Arrival,2025-03-17,1,0,0,0,1.02
M03987,C01346,Social,Weekend Offer,2025-08-29,1,0,0,0,7.47
M03988,C02332,Push,Festive Sale,2025-04-04,1,0,0,0,0.71
M03989,C02147,Push,Clearance,2025-05-11,1,1,0,0,1.72
M03990,C03974,SMS,Win Back,2025-01-14,1,0,0,0,6.64
M03991,C03321,Email,New Arrival,2025-05-09,1,0,0,0,5.35
M03992,C02867,Social,Win Back,2025-02-17,1,0,0,0,3.69
M03993,C04547,Email,Festive Sale,2025-04-14,1,1,0,0,3.66
M03994,C04392,Social,Weekend Offer,2025-10-20,1,0,0,0,2.12
M03995,C04755,Email,New Arrival,2025-02-21,1,1,0,0,5.87
M03996,C01633,Social,Festive Sale,2025-12-31,1,0,0,0,3.13
M03997,C02043,Email,New Arrival,2025-06-07,1,0,0,0,3.7
M03998,C03741,Push,Win Back,2025-09-19,1,0,0,0,0.67
M03999,C03919,Email,New Arrival,2025-04-26,1,1,1,0,7.33
M04000,C02936,Email,Weekend Offer,2025-06-17,1,0,1,0,4.86
M04001,C03283,Email,Festive Sale,2025-01-04,1,1,0,0,5.02
M04002,C00850,Social,Win Back,2025-02-14,1,1,0,0,1.59
M04003,C04855,Email,Win Back,2025-03-28,1,0,0,0,1.32
M04004,C00631,Email,Festive Sale,2025-05-30,1,0,0,0,1.92
M04005,C04755,Email,New Arrival,2025-08-21,1,1,0,0,2.84
M04006,C04221,Email,Clearance,2025-05-09,1,0,0,0,1.21
M04007,C03529,SMS,Win Back,2025-05-11,1,0,0,0,7.68
M04008,C01789,Push,Festive Sale,2025-01-06,1,1,0,0,3.21
M04009,C03348,SMS,Clearance,2025-10-23,1,1,0,0,3.03
M04010,C03059,SMS,Festive Sale,2025-12-12,1,1,0,0,1.26
M04011,C02549,Email,New Arrival,2025-03-19,1,0,0,0,7.95
M04012,C02550,Social,Weekend Offer,2025-04-06,1,0,0,0,6.84
M04013,C01138,Email,Win Back,2025-03-30,1,1,0,0,6.4
M04014,C03664,Email,Festive Sale,2025-08-16,1,1,0,0,6.61
M04015,C00097,Email,New Arrival,2025-10-26,1,0,0,0,1.01
M04016,C04931,Email,Win Back,2025-08-04,1,1,0,0,1.45
M04017,C00905,Email,Weekend Offer,2025-12-02,1,1,0,0,7.6
M04018,C03209,Email,Clearance,2025-06-03,1,1,1,0,0.81
M04019,C02776,Social,Festive Sale,2025-03-04,1,0,0,0,7.99
M04020,C02191,Social,Weekend Offer,2025-07-15,1,1,1,0,5.5
M04021,C00696,Email,Loyalty Offer,2025-07-18,1,1,1,0,0.88
M04022,C03397,Social,Festive Sale,2025-07-29,1,0,0,0,6.95
M04023,C02941,SMS,Loyalty Offer,2025-01-20,1,1,0,0,0.71
M04024,C03253,Push,Clearance,2025-09-01,1,0,0,0,6.89
M04025,C00245,Email,Win Back,2025-03-24,1,0,0,0,6.59
M04026,C04094,SMS,Festive Sale,2025-11-02,1,0,0,0,3.93
M04027,C00535,Email,Weekend Offer,2025-01-22,1,0,0,0,2.49
M04028,C02542,SMS,Festive Sale,2025-10-19,1,0,0,0,1.3
M04029,C00302,Social,Clearance,2025-05-24,1,0,0,0,4.26
M04030,C01715,Email,Win Back,2025-11-24,1,1,0,0,7.22
M04031,C01260,Email,New Arrival,2025-09-30,1,0,0,0,6.5
M04032,C04077,Social,Weekend Offer,2025-12-10,1,1,1,0,1.48
M04033,C01864,Social,Loyalty Offer,2025-11-09,1,0,0,0,4.08
M04034,C03911,SMS,Festive Sale,2025-12-19,1,1,0,0,0.77
M04035,C00250,Email,Festive Sale,2025-04-10,1,0,0,0,4.16
M04036,C03136,Push,Loyalty Offer,2025-11-14,1,1,0,0,2.15
M04037,C00387,Push,Weekend Offer,2025-03-08,1,1,1,0,5.02
M04038,C02924,Push,Win Back,2025-04-06,1,0,0,0,0.82
M04039,C02467,Social,Weekend Offer,2025-06-30,1,0,0,0,5.84
M04040,C04021,Social,Festive Sale,2025-02-04,1,0,0,0,1.64
M04041,C03015,SMS,New Arrival,2025-11-07,1,0,0,0,3.09
M04042,C01733,Social,Weekend Offer,2025-02-24,1,0,0,0,7.77
M04043,C01477,Email,Clearance,2025-09-08,1,0,0,0,1.24
M04044,C00981,Social,New Arrival,2025-11-21,1,0,0,0,0.94
M04045,C03786,Push,Loyalty Offer,2025-06-16,1,1,1,0,2.4
M04046,C01610,Push,Win Back,2025-12-31,1,0,0,0,0.64
M04047,C00652,Email,New Arrival,2025-01-15,1,1,1,0,2.46
M04048,C01169,Email,Weekend Offer,2025-07-18,1,1,1,0,4.2
M04049,C04802,Email,Festive Sale,2025-03-16,1,0,0,0,3.31
M04050,C01296,Push,Weekend Offer,2025-01-04,1,0,0,0,1.38
M04051,C04588,Email,New Arrival,2025-11-09,1,0,0,0,1.51
M04052,C04525,Social,Loyalty Offer,2025-08-20,1,0,0,0,1.33
M04053,C00817,Email,Win Back,2025-08-18,1,1,0,0,6.45
M04054,C02734,Push,Festive Sale,2025-07-29,1,0,0,0,6.61
M04055,C04358,SMS,Festive Sale,2025-01-23,1,1,0,0,1.16
M04056,C01330,Email,New Arrival,2025-02-18,1,0,0,0,1.88
M04057,C01286,Push,Loyalty Offer,2025-12-01,1,1,0,0,7.23
M04058,C02106,Email,New Arrival,2025-08-23,1,1,0,0,0.82
M04059,C00282,SMS,New Arrival,2025-03-19,1,1,1,0,3.82
M04060,C02972,SMS,Festive Sale,2025-04-06,1,1,0,0,3.66
M04061,C02294,Email,Loyalty Offer,2025-03-10,1,1,0,0,2.24
M04062,C02599,Email,Weekend Offer,2025-02-03,1,0,0,0,7.4
M04063,C04117,SMS,Clearance,2025-09-06,1,0,0,0,1.25
M04064,C01281,Email,Weekend Offer,2025-08-11,1,0,1,1,2.22
M04065,C03925,Social,Loyalty Offer,2025-08-02,1,1,1,0,2.98
M04066,C00428,Email,Win Back,2025-03-05,1,0,0,0,3.83
M04067,C00124,Email,Festive Sale,2025-12-26,1,0,0,0,5.48
M04068,C04974,Email,Weekend Offer,2025-05-31,1,0,0,0,4.26
M04069,C04944,Email,Weekend Offer,2025-02-05,1,0,0,0,5.81
M04070,C00407,Push,Win Back,2025-02-22,1,1,0,0,1.94
M04071,C04306,Push,Festive Sale,2025-03-08,1,0,0,0,4.5
M04072,C02966,Email,New Arrival,2025-01-28,1,1,0,0,7.07
M04073,C03846,Social,Win Back,2025-09-01,1,0,0,0,7.47
M04074,C02127,Email,New Arrival,2025-07-09,1,1,1,0,4.68
M04075,C04821,Email,Weekend Offer,2025-10-07,1,1,1,0,0.64
M04076,C01261,Push,Loyalty Offer,2025-10-05,1,0,0,0,1.46
M04077,C04752,SMS,Clearance,2025-10-09,1,1,1,1,7.6
M04078,C04761,SMS,Loyalty Offer,2025-05-04,1,0,0,0,2.51
M04079,C00650,SMS,Clearance,2025-08-05,1,0,0,0,0.94
M04080,C03678,Email,Win Back,2025-12-04,1,1,0,0,2.57
M04081,C02006,Email,Weekend Offer,2025-03-17,1,1,0,0,5.79
M04082,C03206,Social,Weekend Offer,2025-12-15,1,0,0,0,3.77
M04083,C02235,SMS,Win Back,2025-08-26,1,1,1,0,4.04
M04084,C00640,Social,Loyalty Offer,2025-08-25,1,0,0,0,4.4
M04085,C00321,Push,Clearance,2025-01-14,1,1,1,0,4.55
M04086,C02108,Email,Win Back,2025-10-11,1,0,0,0,7.04
M04087,C00382,Social,New Arrival,2025-04-09,1,0,0,0,2.72
M04088,C03998,Email,Weekend Offer,2025-07-15,1,0,0,0,3.41
M04089,C01135,Email,New Arrival,2025-06-27,1,1,1,1,7.71
M04090,C01485,Email,New Arrival,2025-01-27,1,0,0,0,1.08
M04091,C03238,Social,Win Back,2025-12-08,1,1,0,0,4.11
M04092,C01222,Push,Weekend Offer,2025-03-25,1,1,0,0,7.81
M04093,C01150,SMS,Loyalty Offer,2025-06-29,1,0,0,0,3.94
M04094,C02850,Push,Win Back,2025-05-21,1,0,0,0,0.63
M04095,C02909,Email,Loyalty Offer,2025-06-20,1,0,0,0,6.83
M04096,C02188,Social,Festive Sale,2025-03-30,1,1,0,0,7.49
M04097,C04437,Email,Festive Sale,2025-09-01,1,0,0,0,7.35
M04098,C00966,SMS,Win Back,2025-11-25,1,0,0,0,4.03
M04099,C00637,Email,Loyalty Offer,2025-09-04,1,0,0,0,4.57
M04100,C04277,Social,Win Back,2025-07-06,1,1,0,0,2.06
M04101,C03515,SMS,Clearance,2025-05-04,1,0,0,0,4.25
M04102,C00681,Social,Festive Sale,2025-01-19,1,0,0,0,6.36
M04103,C02885,SMS,Loyalty Offer,2025-06-17,1,1,0,0,2.67
M04104,C02473,Push,New Arrival,2025-08-28,1,0,0,0,5.15
M04105,C03113,Email,Clearance,2025-09-12,1,0,0,0,6.43
M04106,C00812,Social,Loyalty Offer,2025-08-04,1,0,0,0,1.07
M04107,C04959,SMS,Weekend Offer,2025-06-01,1,0,0,0,7.77
M04108,C04088,SMS,Weekend Offer,2025-07-10,1,0,0,0,2.37
M04109,C03461,SMS,New Arrival,2025-03-29,1,1,0,0,2.75
M04110,C03880,Email,Clearance,2025-03-24,1,0,0,0,2.78
M04111,C00946,SMS,Festive Sale,2025-01-28,1,0,0,0,5.76
M04112,C02715,Social,Win Back,2025-11-12,1,0,0,0,6.52
M04113,C01785,Push,New Arrival,2025-06-22,1,1,1,1,7.81
M04114,C00366,Email,Festive Sale,2025-04-12,1,0,0,0,2.1
M04115,C00372,SMS,Clearance,2025-02-10,1,1,0,0,7.56
M04116,C02495,Email,Weekend Offer,2025-05-25,1,0,0,0,1.43
M04117,C00230,Push,Weekend Offer,2025-08-17,1,0,0,0,6.19
M04118,C02443,Social,Win Back,2025-10-20,1,1,0,0,2.86
M04119,C02656,Push,Clearance,2025-02-12,1,1,0,0,0.89
M04120,C03671,SMS,New Arrival,2025-05-30,1,0,0,0,1.69
M04121,C01190,Push,Weekend Offer,2025-06-22,1,0,0,0,7.58
M04122,C04404,Email,Festive Sale,2025-06-22,1,1,0,0,1.56
M04123,C00652,Social,New Arrival,2025-04-07,1,0,0,0,1.12
M04124,C00665,Social,Win Back,2025-05-04,1,0,0,0,2.91
M04125,C00150,SMS,Win Back,2025-01-30,1,1,1,0,2.36
M04126,C00651,Email,Clearance,2025-04-06,1,0,0,0,5.3
M04127,C01378,Social,Win Back,2025-06-05,1,0,0,0,3.82
M04128,C01804,Email,New Arrival,2025-03-30,1,0,0,0,6.91
M04129,C04171,Email,New Arrival,2025-04-02,1,0,0,0,3.02
M04130,C02004,Social,Festive Sale,2025-04-30,1,0,0,0,7.77
M04131,C00446,Social,Festive Sale,2025-05-18,1,1,0,0,1.74
M04132,C01774,Push,Win Back,2025-01-10,1,0,0,0,3.02
M04133,C02256,Email,Weekend Offer,2025-05-12,1,0,0,0,7.61
M04134,C03488,Email,Festive Sale,2025-04-05,1,1,1,0,1.3
M04135,C04359,Push,New Arrival,2025-07-05,1,0,0,0,5.24
M04136,C02266,Email,Win Back,2025-10-11,1,1,1,0,3.65
M04137,C02144,SMS,Weekend Offer,2025-05-16,1,0,0,0,7.1
M04138,C00812,Social,Weekend Offer,2025-05-07,1,0,0,0,7.78
M04139,C04621,Email,Weekend Offer,2025-06-26,1,0,0,0,2.84
M04140,C02983,Email,Loyalty Offer,2025-06-20,1,0,0,0,5.41
M04141,C00335,Email,Loyalty Offer,2025-03-11,1,1,0,0,5.45
M04142,C00379,Email,Clearance,2025-10-31,1,0,0,0,5.47
M04143,C03875,Email,Clearance,2025-01-01,1,1,1,0,3.05
M04144,C04283,Push,Win Back,2025-08-23,1,0,1,1,6.8
M04145,C01880,SMS,Win Back,2025-06-13,1,0,0,0,3.78
M04146,C00235,Email,Loyalty Offer,2025-05-26,1,0,0,0,5.53
M04147,C01587,Social,Festive Sale,2025-03-02,1,0,0,0,3.17
M04148,C02209,SMS,Festive Sale,2025-11-18,1,0,0,0,1.71
M04149,C02174,Email,Weekend Offer,2025-03-14,1,1,0,0,4.96
M04150,C02888,SMS,New Arrival,2025-12-25,1,0,0,0,4.08
M04151,C02823,Social,Festive Sale,2025-08-15,1,1,0,0,1.23
M04152,C02469,Push,Festive Sale,2025-12-15,1,1,0,0,2.63
M04153,C04762,Email,Win Back,2025-12-17,1,0,0,0,0.66
M04154,C03948,Email,New Arrival,2025-03-10,1,0,0,0,4.85
M04155,C04332,SMS,Weekend Offer,2025-09-01,1,1,0,0,6.99
M04156,C02741,Email,Weekend Offer,2025-10-28,1,1,1,0,1.1
M04157,C02168,Email,Weekend Offer,2025-06-11,1,0,0,0,7.14
M04158,C02084,Email,New Arrival,2025-07-01,1,0,0,0,4.96
M04159,C04938,SMS,Win Back,2025-07-02,1,0,0,0,7.65
M04160,C02728,Social,Festive Sale,2025-05-05,1,0,0,0,7.86
M04161,C03455,Social,Weekend Offer,2025-07-12,1,0,0,0,3.14
M04162,C00603,Email,Weekend Offer,2025-08-19,1,1,0,0,4.07
M04163,C02839,Email,Clearance,2025-12-30,1,0,0,0,5.31
M04164,C02675,Email,Weekend Offer,2025-06-16,1,0,0,0,4.42
M04165,C03702,Email,Festive Sale,2025-12-19,1,0,0,0,2.68
M04166,C03770,SMS,New Arrival,2025-03-19,1,1,1,0,7.97
M04167,C03623,Email,Weekend Offer,2025-08-29,1,0,0,0,5.77
M04168,C02594,Email,Loyalty Offer,2025-04-20,1,1,0,0,6.15
M04169,C03983,Email,New Arrival,2025-01-13,1,1,0,0,7.36
M04170,C02421,SMS,Festive Sale,2025-09-10,1,1,1,1,1.28
M04171,C01466,Email,Loyalty Offer,2025-11-03,1,0,0,0,3.22
M04172,C02421,Email,Weekend Offer,2025-07-15,1,1,0,0,1.12
M04173,C03386,Social,Festive Sale,2025-10-12,1,1,0,0,6.4
M04174,C00694,Email,New Arrival,2025-12-10,1,0,0,0,6.76
M04175,C02926,Email,Win Back,2025-08-20,1,0,1,0,7.05
M04176,C03924,SMS,Festive Sale,2025-12-16,1,1,0,0,5.82
M04177,C00781,Email,Weekend Offer,2025-12-13,1,1,0,0,7.37
M04178,C02343,SMS,Win Back,2025-01-18,1,0,0,0,1.99
M04179,C02732,Email,Win Back,2025-07-18,1,0,0,0,3.74
M04180,C03002,Push,Festive Sale,2025-04-13,1,1,0,0,4.75
M04181,C03976,Push,Weekend Offer,2025-01-11,1,0,0,0,1.69
M04182,C01065,Social,Loyalty Offer,2025-05-13,1,1,0,0,3.34
M04183,C01138,Social,Clearance,2025-12-07,1,0,0,0,4.88
M04184,C01583,Push,Win Back,2025-01-15,1,1,1,0,4.59
M04185,C01860,Email,Weekend Offer,2025-01-07,1,1,0,0,0.75
M04186,C02267,SMS,Festive Sale,2025-10-26,1,0,0,0,5.71
M04187,C04773,Email,Festive Sale,2025-10-10,1,1,0,0,2.94
M04188,C02900,Email,Weekend Offer,2025-08-28,1,1,1,0,6.94
M04189,C03159,Email,Festive Sale,2025-05-13,1,0,0,0,0.64
M04190,C04456,SMS,Win Back,2025-09-20,1,0,0,0,3.29
M04191,C02455,Email,Clearance,2025-04-28,1,1,1,0,7.98
M04192,C00312,Email,Loyalty Offer,2025-04-28,1,0,0,0,7.77
M04193,C03273,Social,Loyalty Offer,2025-12-06,1,0,0,0,4.13
M04194,C03013,Push,Clearance,2025-05-21,1,1,0,0,1.45
M04195,C04418,Push,Weekend Offer,2025-09-20,1,0,0,0,2.95
M04196,C01414,Social,New Arrival,2025-03-05,1,1,1,0,6.66
M04197,C04404,Social,Clearance,2025-11-11,1,1,0,0,2.71
M04198,C03123,Email,Loyalty Offer,2025-10-24,1,1,0,0,4.63
M04199,C04855,Email,Clearance,2025-01-21,1,0,0,0,5.22
M04200,C00761,Email,Festive Sale,2025-06-12,1,1,0,0,4.54
M04201,C02520,Email,New Arrival,2025-08-21,1,0,0,0,7.44
M04202,C03176,Social,Weekend Offer,2025-05-19,1,1,0,0,5.76
M04203,C01088,SMS,Clearance,2025-05-24,1,1,0,0,4.27
M04204,C02997,Social,Weekend Offer,2025-03-17,1,1,0,0,5.18
M04205,C02839,Push,Clearance,2025-05-12,1,0,0,0,3.45
M04206,C04765,Push,Festive Sale,2025-06-15,1,0,0,0,3.61
M04207,C01953,Email,New Arrival,2025-09-26,1,0,0,0,5.95
M04208,C00189,SMS,Festive Sale,2025-08-30,1,1,1,0,2.25
M04209,C02987,SMS,Clearance,2025-08-03,1,1,0,0,3.7
M04210,C03191,SMS,Loyalty Offer,2025-08-23,1,0,0,0,3.05
M04211,C02808,Social,Win Back,2025-06-25,1,0,0,0,5.73
M04212,C00793,Email,Weekend Offer,2025-11-16,1,0,0,0,4.17
M04213,C04259,Email,Clearance,2025-11-15,1,0,0,0,7.77
M04214,C01104,Social,New Arrival,2025-06-25,1,1,0,0,4.0
M04215,C04568,Email,Weekend Offer,2025-06-28,1,0,0,0,3.08
M04216,C04645,Email,Festive Sale,2025-11-06,1,0,0,0,3.21
M04217,C01405,Social,Win Back,2025-11-28,1,0,0,0,3.63
M04218,C04724,Email,Festive Sale,2025-10-17,1,1,0,0,5.51
M04219,C02815,Email,Clearance,2025-01-12,1,0,0,0,2.73
M04220,C00343,Email,Festive Sale,2025-07-23,1,1,0,0,1.42
M04221,C01895,Email,Win Back,2025-03-27,1,0,0,0,1.76
M04222,C00730,Push,Clearance,2025-03-16,1,0,0,0,4.38
M04223,C01132,Push,Win Back,2025-04-20,1,1,1,0,5.59
M04224,C04105,SMS,Festive Sale,2025-04-10,1,0,0,0,3.08
M04225,C02567,SMS,New Arrival,2025-05-04,1,0,0,0,2.73
M04226,C03433,Social,Loyalty Offer,2025-06-10,1,1,0,0,5.94
M04227,C02072,Email,Clearance,2025-04-05,1,0,0,0,7.78
M04228,C04033,Push,Weekend Offer,2025-03-21,1,1,0,0,6.63
M04229,C04503,Social,Loyalty Offer,2025-09-22,1,0,0,0,1.61
M04230,C00248,Social,Festive Sale,2025-06-26,1,0,0,0,3.21
M04231,C00784,Social,Festive Sale,2025-01-17,1,0,0,0,3.53
M04232,C01760,Email,Clearance,2025-05-07,1,0,0,0,5.85
M04233,C04890,Push,Win Back,2025-12-18,1,0,0,0,5.71
M04234,C00858,SMS,Festive Sale,2025-08-07,1,1,0,0,6.65
M04235,C04072,Social,Loyalty Offer,2025-10-14,1,1,0,0,4.79
M04236,C04044,Social,Festive Sale,2025-02-12,1,1,0,0,3.62
M04237,C04440,Email,New Arrival,2025-08-25,1,0,0,0,0.65
M04238,C03060,Social,Weekend Offer,2025-06-11,1,1,0,0,1.74
M04239,C02811,Social,Loyalty Offer,2025-09-15,1,1,1,1,1.95
M04240,C04093,SMS,Clearance,2025-10-12,1,1,1,1,0.56
M04241,C00711,SMS,Clearance,2025-07-10,1,1,0,0,3.82
M04242,C04527,Email,Loyalty Offer,2025-05-15,1,0,0,0,3.12
M04243,C03710,SMS,Clearance,2025-02-10,1,0,0,0,7.11
M04244,C01962,SMS,Festive Sale,2025-05-19,1,1,1,1,1.92
M04245,C00701,Push,Weekend Offer,2025-02-18,1,0,0,0,1.67
M04246,C00665,Email,Win Back,2025-02-05,1,0,0,0,5.75
M04247,C00240,Social,Win Back,2025-11-08,1,0,0,0,4.92
M04248,C04992,SMS,Loyalty Offer,2025-04-24,1,1,0,0,4.0
M04249,C01219,Email,Festive Sale,2025-10-03,1,0,0,0,2.27
M04250,C01612,SMS,Festive Sale,2025-10-03,1,0,0,0,2.85
M04251,C03494,Social,Loyalty Offer,2025-06-26,1,0,1,0,6.78
M04252,C03129,SMS,Festive Sale,2025-03-28,1,1,0,0,6.08
M04253,C03115,Push,Weekend Offer,2025-01-05,1,1,0,0,5.8
M04254,C01820,Email,Weekend Offer,2025-07-13,1,1,0,0,5.98
M04255,C00299,Social,Weekend Offer,2025-01-26,1,0,0,0,1.59
M04256,C03386,SMS,Win Back,2025-04-14,1,0,0,0,2.81
M04257,C02485,Email,Loyalty Offer,2025-01-28,1,0,0,0,1.15
M04258,C04449,Push,Clearance,2025-01-06,1,0,0,0,1.26
M04259,C00940,SMS,Clearance,2025-09-30,1,1,0,0,3.11
M04260,C02079,Email,Weekend Offer,2025-11-08,1,1,0,0,3.25
M04261,C04490,SMS,Festive Sale,2025-11-09,1,0,0,0,2.83
M04262,C01439,Social,New Arrival,2025-09-21,1,1,0,0,1.24
M04263,C02233,Email,Win Back,2025-05-28,1,0,1,0,7.81
M04264,C01189,Email,Win Back,2025-03-25,1,0,0,0,0.7
M04265,C00537,Email,Weekend Offer,2025-05-31,1,0,0,0,0.5
M04266,C00083,Social,Clearance,2025-03-16,1,0,0,0,1.05
M04267,C01473,Social,Clearance,2025-12-08,1,0,0,0,6.44
M04268,C01217,SMS,Weekend Offer,2025-11-06,1,0,0,0,3.1
M04269,C03090,SMS,Festive Sale,2025-02-14,1,0,0,1,3.13
M04270,C01946,Email,New Arrival,2025-01-31,1,1,0,0,2.36
M04271,C00778,SMS,Loyalty Offer,2025-09-23,1,0,0,0,4.56
M04272,C00985,Social,Win Back,2025-09-20,1,0,0,0,1.15
M04273,C04709,Social,New Arrival,2025-05-07,1,0,0,0,4.49
M04274,C03437,SMS,Clearance,2025-02-02,1,0,0,0,3.39
M04275,C00168,Social,Weekend Offer,2025-12-16,1,0,0,0,3.02
M04276,C02219,SMS,Loyalty Offer,2025-01-05,1,0,0,0,1.16
M04277,C01424,Email,Win Back,2025-01-13,1,0,0,0,4.76
M04278,C04975,Social,Clearance,2025-05-09,1,1,1,0,1.54
M04279,C04597,SMS,Win Back,2025-12-30,1,0,0,0,6.77
M04280,C04462,Social,Win Back,2025-05-29,1,0,0,0,4.83
M04281,C00720,SMS,Weekend Offer,2025-05-19,1,0,0,0,2.9
M04282,C01852,Email,Weekend Offer,2025-12-21,1,0,0,0,1.23
M04283,C04186,Email,Festive Sale,2025-10-22,1,1,0,0,0.55
M04284,C04290,Push,Win Back,2025-03-31,1,0,0,0,0.99
M04285,C03312,Push,Win Back,2025-11-21,1,0,0,0,1.57
M04286,C03585,Email,Festive Sale,2025-11-16,1,1,1,0,4.43
M04287,C01705,Email,New Arrival,2025-03-15,1,1,1,0,1.83
M04288,C03359,SMS,New Arrival,2025-06-19,1,0,0,0,6.29
M04289,C01871,SMS,Loyalty Offer,2025-03-02,1,1,0,0,2.6
M04290,C02116,Social,Weekend Offer,2025-10-27,1,1,1,0,3.96
M04291,C04297,Email,Festive Sale,2025-07-27,1,1,0,0,6.42
M04292,C01047,Social,New Arrival,2025-08-26,1,1,1,0,4.86
M04293,C04976,Social,Weekend Offer,2025-07-03,1,0,0,0,5.24
M04294,C02036,Social,Festive Sale,2025-07-23,1,0,0,0,5.4
M04295,C02339,Push,Win Back,2025-09-15,1,0,0,0,7.26
M04296,C01669,Social,Clearance,2025-07-21,1,0,0,0,4.1
M04297,C03618,Push,Win Back,2025-06-20,1,0,0,0,3.19
M04298,C00590,SMS,Weekend Offer,2025-10-16,1,0,0,0,4.41
M04299,C03456,Email,New Arrival,2025-07-19,1,1,0,0,2.0
M04300,C04355,Push,New Arrival,2025-12-11,1,1,1,0,4.43
M04301,C04779,Social,Loyalty Offer,2025-01-10,1,1,0,0,3.27
M04302,C02400,Email,Clearance,2025-04-15,1,1,0,0,3.13
M04303,C01204,Social,Loyalty Offer,2025-09-16,1,1,0,0,5.05
M04304,C02889,SMS,Festive Sale,2025-03-03,1,1,0,0,6.77
M04305,C02947,Push,Festive Sale,2025-02-10,1,0,0,0,6.06
M04306,C00206,Email,New Arrival,2025-04-21,1,0,0,0,7.6
M04307,C03212,Social,Festive Sale,2025-06-21,1,0,0,0,1.76
M04308,C04207,Push,Clearance,2025-08-27,1,0,0,0,2.79
M04309,C00704,SMS,New Arrival,2025-06-07,1,1,0,0,7.16
M04310,C04116,Email,Clearance,2025-01-19,1,0,0,0,5.34
M04311,C00861,Social,Loyalty Offer,2025-12-04,1,0,0,0,6.89
M04312,C00088,Email,New Arrival,2025-03-16,1,0,0,0,3.35
M04313,C01902,Push,New Arrival,2025-03-16,1,1,1,0,2.95
M04314,C03180,Push,Clearance,2025-03-21,1,0,0,0,6.32
M04315,C02601,Social,Win Back,2025-07-07,1,0,0,0,6.26
M04316,C04195,Social,Clearance,2025-12-17,1,0,0,0,6.84
M04317,C04425,Push,Clearance,2025-01-08,1,0,0,0,6.82
M04318,C01782,Email,Weekend Offer,2025-10-01,1,0,0,0,4.19
M04319,C02389,Email,Weekend Offer,2025-09-14,1,1,1,1,6.98
M04320,C01545,Social,Clearance,2025-10-25,1,0,0,0,3.02
M04321,C00033,Social,New Arrival,2025-09-05,1,0,0,0,4.44
M04322,C02095,Email,Loyalty Offer,2025-04-09,1,0,0,0,1.95
M04323,C04592,Push,Festive Sale,2025-11-02,1,0,0,0,7.63
M04324,C04399,Email,New Arrival,2025-12-29,1,1,0,0,7.22
M04325,C02102,Email,Clearance,2025-12-16,1,0,0,0,6.99
M04326,C04189,Email,New Arrival,2025-03-08,1,0,0,0,7.71
M04327,C03941,Email,Loyalty Offer,2025-11-20,1,1,1,0,4.87
M04328,C01405,Social,Win Back,2025-10-18,1,0,0,0,5.11
M04329,C01881,Social,Weekend Offer,2025-08-11,1,0,0,0,3.7
M04330,C01762,Push,New Arrival,2025-07-26,1,0,0,0,7.19
M04331,C00671,Email,Weekend Offer,2025-09-22,1,0,0,1,7.79
M04332,C03607,Email,New Arrival,2025-09-06,1,0,0,0,1.95
M04333,C00633,Social,Loyalty Offer,2025-01-10,1,1,0,0,1.36
M04334,C04566,Social,New Arrival,2025-04-26,1,0,0,0,5.62
M04335,C04386,Email,New Arrival,2025-02-06,1,1,1,0,2.2
M04336,C03631,SMS,Festive Sale,2025-05-04,1,1,1,0,4.36
M04337,C03866,SMS,Clearance,2025-02-06,1,0,0,0,4.86
M04338,C04436,Email,Win Back,2025-12-24,1,0,0,0,3.83
M04339,C00897,Email,New Arrival,2025-08-29,1,1,1,1,3.2
M04340,C01855,Email,New Arrival,2025-06-18,1,0,0,0,2.24
M04341,C03056,Email,Clearance,2025-11-27,1,1,0,0,7.92
M04342,C01402,Email,Win Back,2025-10-20,1,0,0,0,7.72
M04343,C03475,Email,Weekend Offer,2025-03-31,1,0,0,0,0.74
M04344,C01777,SMS,Festive Sale,2025-10-24,1,1,0,0,1.45
M04345,C00638,Social,Festive Sale,2025-06-03,1,1,0,0,4.72
M04346,C03936,Social,Weekend Offer,2025-10-10,1,0,0,0,2.75
M04347,C03672,Push,Win Back,2025-05-28,1,1,0,0,2.31
M04348,C03214,SMS,Weekend Offer,2025-08-05,1,0,0,0,2.62
M04349,C03261,SMS,Clearance,2025-08-19,1,0,0,0,3.51
M04350,C02340,Email,Festive Sale,2025-03-13,1,0,0,0,5.72
M04351,C00897,Email,Festive Sale,2025-06-27,1,0,0,0,2.02
M04352,C03440,SMS,New Arrival,2025-11-01,1,0,0,0,3.68
M04353,C01580,Social,New Arrival,2025-01-13,1,0,0,0,1.83
M04354,C02766,Email,Loyalty Offer,2025-04-14,1,1,0,0,2.91
M04355,C00164,SMS,Clearance,2025-12-25,1,0,0,0,3.51
M04356,C00811,Social,New Arrival,2025-10-04,1,0,0,0,1.82
M04357,C02292,SMS,Clearance,2025-09-01,1,0,0,0,1.56
M04358,C02144,SMS,Weekend Offer,2025-01-10,1,0,0,0,1.43
M04359,C04935,SMS,Win Back,2025-02-21,1,0,0,0,3.51
M04360,C01527,Email,Festive Sale,2025-08-24,1,0,0,0,4.62
M04361,C03697,Push,Clearance,2025-08-16,1,1,0,0,7.8
M04362,C02637,Email,Clearance,2025-04-08,1,1,1,0,0.6
M04363,C03313,Email,Loyalty Offer,2025-11-03,1,0,0,0,5.35
M04364,C01953,Social,Weekend Offer,2025-11-29,1,0,0,0,5.3
M04365,C00460,Email,Weekend Offer,2025-09-24,1,0,0,0,6.43
M04366,C01555,Email,Festive Sale,2025-08-26,1,1,0,0,4.96
M04367,C00254,Push,Win Back,2025-08-02,1,1,1,0,5.06
M04368,C00664,SMS,Loyalty Offer,2025-01-05,1,1,1,0,2.21
M04369,C02921,Email,Festive Sale,2025-04-24,1,0,0,0,1.04
M04370,C02129,Social,Win Back,2025-04-27,1,0,0,0,0.94
M04371,C04012,Email,Weekend Offer,2025-09-09,1,0,0,0,2.51
M04372,C04695,Email,Win Back,2025-02-15,1,0,0,0,5.97
M04373,C00901,Email,Win Back,2025-08-13,1,1,0,0,6.25
M04374,C01728,SMS,Win Back,2025-04-13,1,1,0,0,7.09
M04375,C01559,Email,Win Back,2025-06-29,1,1,0,0,4.45
M04376,C03577,Email,Weekend Offer,2025-04-28,1,0,0,0,3.94
M04377,C01840,Email,New Arrival,2025-06-19,1,0,0,0,1.98
M04378,C00721,Email,Weekend Offer,2025-08-29,1,0,0,0,6.08
M04379,C00501,Email,Festive Sale,2025-06-27,1,1,0,0,1.57
M04380,C03578,Email,New Arrival,2025-09-16,1,0,0,0,6.72
M04381,C03457,Email,New Arrival,2025-05-30,1,0,0,0,7.19
M04382,C00356,Email,Clearance,2025-04-15,1,0,0,0,6.95
M04383,C04194,Social,Clearance,2025-01-09,1,0,0,0,3.08
M04384,C03606,Social,Clearance,2025-02-23,1,0,0,0,7.51
M04385,C02661,Email,Win Back,2025-07-14,1,1,1,0,1.05
M04386,C00455,Email,Clearance,2025-06-24,1,0,0,0,7.18
M04387,C02122,Email,Weekend Offer,2025-11-09,1,0,0,0,2.35
M04388,C04087,SMS,Festive Sale,2025-06-12,1,0,0,0,4.25
M04389,C03465,Social,Win Back,2025-05-03,1,0,0,0,0.96
M04390,C03234,SMS,Festive Sale,2025-03-31,1,0,0,0,4.43
M04391,C01949,Social,Loyalty Offer,2025-02-04,1,1,1,0,4.36
M04392,C00752,Email,Festive Sale,2025-06-11,1,0,1,1,1.24
M04393,C03721,SMS,Clearance,2025-07-05,1,1,0,0,6.06
M04394,C04859,Email,Win Back,2025-10-18,1,1,0,0,1.98
M04395,C00467,Social,Win Back,2025-10-11,1,0,0,0,5.4
M04396,C02845,SMS,New Arrival,2025-11-23,1,1,0,0,6.51
M04397,C03651,Social,Weekend Offer,2025-11-26,1,1,0,0,6.53
M04398,C01237,SMS,Win Back,2025-01-18,1,0,0,0,3.89
M04399,C02894,Push,Win Back,2025-05-29,1,1,1,0,6.53
M04400,C03568,Email,Loyalty Offer,2025-11-18,1,0,0,0,2.28
M04401,C02060,SMS,Weekend Offer,2025-05-17,1,0,0,0,5.09
M04402,C00568,Social,New Arrival,2025-05-06,1,0,0,0,3.8
M04403,C02606,SMS,Festive Sale,2025-06-21,1,1,1,0,4.95
M04404,C04505,Email,Win Back,2025-12-14,1,0,0,0,4.5
M04405,C04173,Email,Win Back,2025-12-13,1,1,1,1,4.37
M04406,C01890,Email,Win Back,2025-12-13,1,1,0,0,0.88
M04407,C00429,Email,Weekend Offer,2025-10-31,1,1,1,0,3.69
M04408,C03252,SMS,Weekend Offer,2025-03-12,1,1,0,0,3.86
M04409,C00606,Email,Win Back,2025-04-28,1,0,0,0,2.14
M04410,C00491,Email,Win Back,2025-06-17,1,0,0,1,3.4
M04411,C02713,Social,Festive Sale,2025-11-18,1,0,0,0,5.58
M04412,C01091,Push,Clearance,2025-03-27,1,0,0,0,1.01
M04413,C01849,Email,Loyalty Offer,2025-04-06,1,1,0,0,7.17
M04414,C03656,Push,Clearance,2025-09-08,1,0,0,0,6.8
M04415,C03550,Email,Festive Sale,2025-01-09,1,1,0,0,7.28
M04416,C04821,Email,Loyalty Offer,2025-03-28,1,0,0,0,6.41
M04417,C03964,SMS,New Arrival,2025-11-19,1,0,0,0,4.17
M04418,C02962,Push,Festive Sale,2025-05-31,1,0,0,0,1.41
M04419,C01617,Email,Festive Sale,2025-06-01,1,1,0,0,3.39
M04420,C04327,Email,Win Back,2025-02-09,1,1,0,0,2.51
M04421,C02539,Push,New Arrival,2025-02-12,1,0,0,0,1.97
M04422,C03935,Social,Festive Sale,2025-03-16,1,0,0,0,5.44
M04423,C01713,Push,Loyalty Offer,2025-01-11,1,1,0,0,1.98
M04424,C03307,Email,Festive Sale,2025-02-22,1,0,0,0,0.86
M04425,C02162,Social,Win Back,2025-11-29,1,0,0,0,4.15
M04426,C01510,Push,New Arrival,2025-06-13,1,0,0,0,2.48
M04427,C01471,SMS,Weekend Offer,2025-03-11,1,1,1,1,7.71
M04428,C03132,SMS,Clearance,2025-05-30,1,0,0,0,3.53
M04429,C03335,Email,Weekend Offer,2025-07-11,1,0,0,0,5.61
M04430,C03480,Email,Clearance,2025-10-07,1,1,1,0,0.76
M04431,C02138,Email,Festive Sale,2025-08-22,1,0,0,0,5.83
M04432,C02939,Email,Weekend Offer,2025-08-17,1,0,1,0,6.39
M04433,C04636,SMS,Clearance,2025-07-13,1,0,0,0,5.24
M04434,C03893,Social,Weekend Offer,2025-02-28,1,0,0,0,2.03
M04435,C03045,Social,Festive Sale,2025-03-26,1,0,0,0,0.99
M04436,C01990,Email,Loyalty Offer,2025-01-06,1,1,0,0,7.77
M04437,C03849,Social,Festive Sale,2025-09-05,1,0,0,0,3.92
M04438,C03627,Social,Festive Sale,2025-09-09,1,0,0,0,7.6
M04439,C02925,Push,New Arrival,2025-10-28,1,0,0,0,7.52
M04440,C00992,Social,New Arrival,2025-05-05,1,0,0,0,7.28
M04441,C00056,SMS,Weekend Offer,2025-05-23,1,0,0,0,4.98
M04442,C04733,Social,New Arrival,2025-01-08,1,0,0,0,2.88
M04443,C01450,Email,New Arrival,2025-08-24,1,0,0,0,2.03
M04444,C00821,Email,Win Back,2025-02-10,1,1,1,0,2.62
M04445,C00717,Email,Clearance,2025-07-15,1,0,0,0,7.6
M04446,C01195,Social,Weekend Offer,2025-12-25,1,0,0,0,5.76
M04447,C04367,SMS,Festive Sale,2025-05-07,1,1,0,0,2.52
M04448,C01293,Push,Clearance,2025-02-22,1,1,0,0,6.33
M04449,C01983,SMS,Weekend Offer,2025-07-28,1,0,0,0,3.22
M04450,C03825,Social,Festive Sale,2025-02-23,1,0,0,0,6.06
M04451,C04317,Email,Weekend Offer,2025-06-06,1,0,0,0,2.76
M04452,C00077,SMS,Loyalty Offer,2025-08-25,1,0,0,0,0.91
M04453,C02853,Email,Loyalty Offer,2025-11-12,1,0,0,0,2.85
M04454,C03351,Push,New Arrival,2025-02-13,1,0,0,0,6.68
M04455,C04949,Email,Win Back,2025-11-03,1,1,0,0,2.88
M04456,C02939,Social,Festive Sale,2025-08-23,1,0,0,0,7.07
M04457,C01581,Email,Win Back,2025-05-29,1,0,0,0,3.75
M04458,C03333,Email,Clearance,2025-02-25,1,1,0,0,1.07
M04459,C04387,Email,Win Back,2025-05-11,1,0,0,0,1.92
M04460,C02999,SMS,Loyalty Offer,2025-03-26,1,0,0,0,7.08
M04461,C04288,Email,Festive Sale,2025-10-19,1,1,0,0,0.54
M04462,C03612,Email,Festive Sale,2025-04-15,1,0,0,0,5.76
M04463,C00968,SMS,Loyalty Offer,2025-04-02,1,0,0,0,7.99
M04464,C02464,SMS,Clearance,2025-09-25,1,0,0,0,1.54
M04465,C04450,Push,Win Back,2025-05-02,1,0,0,0,1.39
M04466,C01054,Social,Clearance,2025-08-07,1,1,0,0,4.35
M04467,C02163,Push,Festive Sale,2025-07-26,1,0,0,0,6.99
M04468,C02642,Email,New Arrival,2025-06-22,1,0,0,0,1.79
M04469,C00904,Social,Festive Sale,2025-03-01,1,0,0,0,2.7
M04470,C04031,Push,Festive Sale,2025-01-04,1,0,0,0,7.84
M04471,C03664,Social,Festive Sale,2025-06-23,1,0,0,0,5.17
M04472,C03390,Social,Festive Sale,2025-02-15,1,0,0,0,7.93
M04473,C03490,SMS,Weekend Offer,2025-02-17,1,0,0,0,5.16
M04474,C03265,Email,Loyalty Offer,2025-10-01,1,0,0,0,3.91
M04475,C01396,Social,New Arrival,2025-02-16,1,1,0,0,2.74
M04476,C03249,SMS,Festive Sale,2025-11-09,1,0,0,0,5.83
M04477,C04514,Email,Festive Sale,2025-01-05,1,0,0,0,4.07
M04478,C04737,Social,New Arrival,2025-07-23,1,1,0,0,4.47
M04479,C04448,Email,Weekend Offer,2025-02-19,1,0,0,0,4.41
M04480,C01350,Email,Weekend Offer,2025-01-24,1,0,0,0,6.98
M04481,C03250,Email,Loyalty Offer,2025-07-20,1,1,0,0,7.99
M04482,C00971,Email,Loyalty Offer,2025-10-01,1,1,0,0,4.36
M04483,C02177,Email,Festive Sale,2025-12-02,1,1,0,0,1.69
M04484,C03101,SMS,Clearance,2025-10-19,1,0,0,0,1.26
M04485,C00732,SMS,Clearance,2025-06-13,1,0,1,0,4.26
M04486,C02180,Social,Loyalty Offer,2025-11-13,1,0,0,0,2.86
M04487,C00257,Email,Loyalty Offer,2025-11-09,1,0,0,0,5.39
M04488,C03688,Social,Festive Sale,2025-02-13,1,0,0,0,7.75
M04489,C03142,Social,Clearance,2025-04-03,1,0,0,0,1.64
M04490,C03971,Push,Festive Sale,2025-12-19,1,0,0,1,6.04
M04491,C02212,Social,Weekend Offer,2025-10-19,1,1,0,0,5.72
M04492,C03822,Email,Weekend Offer,2025-01-02,1,1,0,0,1.24
M04493,C00359,Push,Loyalty Offer,2025-08-02,1,1,0,0,5.3
M04494,C02992,Social,Win Back,2025-06-20,1,0,0,0,4.06
M04495,C02404,Social,Festive Sale,2025-11-29,1,0,0,0,0.78
M04496,C00844,Email,Win Back,2025-03-21,1,0,0,1,6.04
M04497,C04095,Social,New Arrival,2025-12-16,1,1,1,0,5.4
M04498,C00760,Email,Festive Sale,2025-05-16,1,0,0,0,6.1
M04499,C02366,Email,Weekend Offer,2025-03-24,1,0,0,0,4.35
M04500,C04769,Social,Festive Sale,2025-06-21,1,1,0,0,2.21
M04501,C01514,Email,New Arrival,2025-03-06,1,0,0,0,6.28
M04502,C00683,Email,Loyalty Offer,2025-11-04,1,1,0,0,7.04
M04503,C01031,Email,Clearance,2025-11-03,1,0,0,0,2.49
M04504,C02552,Email,Festive Sale,2025-10-02,1,0,0,0,5.41
M04505,C04019,Social,Clearance,2025-06-25,1,1,0,0,6.01
M04506,C02428,Social,Win Back,2025-10-25,1,0,0,0,5.01
M04507,C01498,Social,Loyalty Offer,2025-02-20,1,0,0,0,6.44
M04508,C00324,Email,Loyalty Offer,2025-07-09,1,1,0,0,5.15
M04509,C04760,Email,Weekend Offer,2025-11-05,1,1,0,0,3.19
M04510,C01964,SMS,Loyalty Offer,2025-09-06,1,1,0,0,2.53
M04511,C04014,Email,Festive Sale,2025-05-22,1,1,0,0,1.5
M04512,C02930,Social,New Arrival,2025-09-22,1,0,0,0,2.66
M04513,C04075,SMS,Weekend Offer,2025-04-27,1,0,0,0,4.92
M04514,C03693,Push,New Arrival,2025-02-06,1,0,0,0,7.37
M04515,C03974,SMS,Clearance,2025-05-30,1,0,0,0,5.06
M04516,C03395,Push,Win Back,2025-10-17,1,0,0,0,6.95
M04517,C00483,Push,Loyalty Offer,2025-09-19,1,0,0,0,1.44
M04518,C02536,Email,Win Back,2025-01-01,1,1,0,0,4.88
M04519,C01242,Push,Loyalty Offer,2025-03-12,1,0,0,0,5.16
M04520,C01037,Push,Festive Sale,2025-05-12,1,0,0,0,0.55
M04521,C03333,Email,Weekend Offer,2025-12-14,1,1,1,1,4.94
M04522,C00676,Social,Loyalty Offer,2025-10-27,1,0,0,0,4.46
M04523,C00021,Email,New Arrival,2025-05-08,1,0,0,0,5.03
M04524,C00143,Email,Loyalty Offer,2025-04-17,1,0,0,0,0.92
M04525,C01490,SMS,Weekend Offer,2025-07-04,1,0,0,0,1.31
M04526,C00485,Email,Win Back,2025-09-07,1,1,0,0,3.53
M04527,C01850,Email,Clearance,2025-06-05,1,0,0,0,5.59
M04528,C01270,Email,New Arrival,2025-03-23,1,1,1,1,5.65
M04529,C02867,SMS,Weekend Offer,2025-09-22,1,0,0,0,0.81
M04530,C03110,Social,Clearance,2025-10-20,1,0,0,0,6.19
M04531,C02864,Push,New Arrival,2025-05-02,1,0,0,0,4.1
M04532,C03948,Social,New Arrival,2025-12-20,1,0,1,0,5.39
M04533,C03028,SMS,Loyalty Offer,2025-04-20,1,0,0,0,2.3
M04534,C01887,Email,Festive Sale,2025-01-20,1,0,0,0,2.9
M04535,C03500,SMS,Win Back,2025-08-16,1,1,1,0,1.84
M04536,C01730,Email,Win Back,2025-07-31,1,0,0,0,3.5
M04537,C01026,Social,Festive Sale,2025-10-07,1,0,0,0,6.75
M04538,C03098,Email,Win Back,2025-08-17,1,1,1,0,2.76
M04539,C01371,Social,Loyalty Offer,2025-01-02,1,0,0,0,5.44
M04540,C01571,Email,Loyalty Offer,2025-06-27,1,1,0,0,4.09
M04541,C03561,Email,Weekend Offer,2025-12-04,1,0,0,0,7.12
M04542,C01540,Social,Win Back,2025-10-14,1,1,0,0,0.92
M04543,C03230,Email,Clearance,2025-05-18,1,0,0,0,5.31
M04544,C01653,Email,Clearance,2025-11-12,1,0,0,0,1.67
M04545,C00612,SMS,New Arrival,2025-10-19,1,0,0,0,3.33
M04546,C04010,Social,Clearance,2025-02-28,1,1,0,0,6.69
M04547,C02984,Email,New Arrival,2025-01-26,1,0,0,0,7.66
M04548,C00932,Email,Loyalty Offer,2025-03-02,1,1,0,0,5.48
M04549,C01461,SMS,New Arrival,2025-05-01,1,0,0,0,2.92
M04550,C03425,Email,Loyalty Offer,2025-08-16,1,0,0,0,3.91
M04551,C04335,Email,New Arrival,2025-06-07,1,0,0,0,1.31
M04552,C00678,Email,Clearance,2025-02-06,1,0,1,0,3.43
M04553,C02615,Email,Festive Sale,2025-10-21,1,1,0,0,4.8
M04554,C04233,Email,Loyalty Offer,2025-05-07,1,1,0,0,2.54
M04555,C00738,Social,New Arrival,2025-01-19,1,0,0,0,6.96
M04556,C00212,Social,Loyalty Offer,2025-01-27,1,0,0,0,2.09
M04557,C04289,Social,Win Back,2025-11-08,1,0,0,0,1.08
M04558,C02142,SMS,Festive Sale,2025-09-17,1,1,0,0,6.42
M04559,C00784,Social,Loyalty Offer,2025-08-19,1,0,0,0,5.2
M04560,C01880,Push,Weekend Offer,2025-01-21,1,1,0,0,0.91
M04561,C01407,SMS,New Arrival,2025-10-17,1,1,0,0,3.06
M04562,C01115,Email,Loyalty Offer,2025-07-17,1,0,0,0,4.51
M04563,C04984,Push,Loyalty Offer,2025-06-29,1,1,0,0,1.8
M04564,C01736,Email,Loyalty Offer,2025-04-06,1,1,0,0,4.99
M04565,C00459,Social,New Arrival,2025-10-08,1,1,0,0,1.49
M04566,C04418,SMS,Clearance,2025-06-30,1,0,0,1,1.07
M04567,C00380,Social,Weekend Offer,2025-05-01,1,0,0,0,2.82
M04568,C03044,Social,Weekend Offer,2025-03-14,1,0,0,0,7.52
M04569,C03632,Email,Loyalty Offer,2025-12-19,1,0,0,0,5.03
M04570,C03718,Push,Win Back,2025-10-21,1,1,0,0,3.39
M04571,C04457,Email,Loyalty Offer,2025-06-27,1,1,1,0,0.6
M04572,C00150,Push,Clearance,2025-04-19,1,0,0,0,5.77
M04573,C01779,Email,Loyalty Offer,2025-05-03,1,0,0,0,6.41
M04574,C04450,Push,Weekend Offer,2025-05-10,1,1,1,0,5.2
M04575,C02015,SMS,Weekend Offer,2025-06-12,1,1,1,0,6.82
M04576,C02092,Social,Loyalty Offer,2025-01-10,1,0,0,0,5.45
M04577,C03978,Email,Loyalty Offer,2025-09-26,1,0,0,0,7.81
M04578,C00787,Email,Weekend Offer,2025-02-22,1,0,0,0,4.01
M04579,C00714,Social,Win Back,2025-08-19,1,1,0,0,4.78
M04580,C04099,Email,Clearance,2025-06-04,1,0,0,0,7.98
M04581,C04440,Social,Loyalty Offer,2025-08-20,1,0,0,0,1.35
M04582,C04777,Push,Weekend Offer,2025-12-08,1,1,0,0,2.04
M04583,C01489,Email,Win Back,2025-03-19,1,1,1,0,0.72
M04584,C03325,Email,Loyalty Offer,2025-12-14,1,1,1,0,3.61
M04585,C03972,Social,Clearance,2025-10-22,1,1,0,0,3.29
M04586,C00962,Push,Weekend Offer,2025-10-25,1,1,0,0,2.36
M04587,C00909,SMS,New Arrival,2025-01-06,1,1,1,1,0.77
M04588,C02125,Email,New Arrival,2025-03-22,1,0,0,0,6.17
M04589,C00787,Email,Win Back,2025-05-13,1,0,0,0,1.82
M04590,C00533,SMS,Clearance,2025-12-26,1,1,0,0,2.79
M04591,C03202,SMS,Clearance,2025-07-24,1,0,0,0,6.24
M04592,C00390,Email,Clearance,2025-11-09,1,0,0,0,6.12
M04593,C03538,Social,Weekend Offer,2025-04-28,1,0,0,0,2.9
M04594,C00204,Push,Weekend Offer,2025-09-22,1,0,0,0,7.23
M04595,C02025,SMS,Win Back,2025-06-30,1,0,0,0,4.33
M04596,C02936,Email,Loyalty Offer,2025-04-13,1,1,1,1,5.66
M04597,C00705,Email,Win Back,2025-06-10,1,1,0,0,2.84
M04598,C00249,SMS,Weekend Offer,2025-04-24,1,1,0,0,3.42
M04599,C03813,Social,Weekend Offer,2025-07-15,1,0,0,0,0.71
M04600,C03776,SMS,Loyalty Offer,2025-11-30,1,1,0,0,1.29
M04601,C02495,SMS,New Arrival,2025-06-15,1,0,0,0,5.4
M04602,C00336,Social,Clearance,2025-03-21,1,0,0,0,1.62
M04603,C04088,Push,Clearance,2025-06-02,1,0,0,0,4.23
M04604,C02332,Email,Festive Sale,2025-01-01,1,0,0,0,4.5
M04605,C01325,SMS,Festive Sale,2025-06-14,1,0,1,0,4.94
M04606,C01903,Email,Loyalty Offer,2025-04-19,1,1,0,0,3.59
M04607,C01890,Email,Weekend Offer,2025-04-29,1,0,0,1,1.93
M04608,C04609,Social,Festive Sale,2025-06-26,1,0,0,0,4.83
M04609,C00969,Email,Win Back,2025-02-10,1,1,0,0,5.57
M04610,C03844,SMS,Loyalty Offer,2025-09-27,1,1,1,0,2.27
M04611,C02313,Push,New Arrival,2025-07-12,1,1,0,0,2.07
M04612,C02469,Social,Win Back,2025-11-19,1,0,0,0,7.0
M04613,C04006,Email,Loyalty Offer,2025-02-22,1,1,0,0,0.54
M04614,C03836,Email,Loyalty Offer,2025-01-16,1,1,1,0,5.29
M04615,C00309,Email,Clearance,2025-08-05,1,0,0,0,6.32
M04616,C02015,SMS,Clearance,2025-08-07,1,1,0,0,0.93
M04617,C00462,SMS,Clearance,2025-04-23,1,0,0,0,7.45
M04618,C04002,Social,New Arrival,2025-06-07,1,0,0,0,4.89
M04619,C02049,Email,Weekend Offer,2025-10-25,1,1,1,1,7.58
M04620,C03772,SMS,Win Back,2025-02-04,1,0,0,0,2.18
M04621,C02664,Email,Loyalty Offer,2025-09-13,1,1,0,0,1.46
M04622,C02793,Email,Win Back,2025-07-20,1,1,0,0,1.55
M04623,C03320,Social,Festive Sale,2025-01-28,1,0,0,0,7.54
M04624,C04770,Push,New Arrival,2025-09-28,1,1,1,0,2.52
M04625,C00561,Email,Win Back,2025-05-25,1,0,0,0,4.32
M04626,C00764,Email,Weekend Offer,2025-10-18,1,1,0,0,5.06
M04627,C02615,Push,Loyalty Offer,2025-10-08,1,1,1,0,1.17
M04628,C02028,Social,Festive Sale,2025-09-13,1,0,0,0,0.7
M04629,C00045,Email,Loyalty Offer,2025-05-09,1,0,0,0,1.99
M04630,C01960,SMS,New Arrival,2025-08-08,1,1,1,0,4.82
M04631,C03919,Push,New Arrival,2025-07-21,1,0,0,0,0.63
M04632,C00234,Email,Win Back,2025-06-15,1,1,0,0,4.96
M04633,C04282,Push,Weekend Offer,2025-09-12,1,0,0,0,2.49
M04634,C00850,Social,Win Back,2025-08-26,1,0,0,0,1.94
M04635,C01955,SMS,Clearance,2025-02-02,1,0,0,0,1.03
M04636,C03305,Social,Clearance,2025-04-27,1,0,0,0,2.52
M04637,C04126,SMS,Weekend Offer,2025-02-14,1,0,0,0,6.06
M04638,C02883,Push,Festive Sale,2025-11-13,1,1,1,1,1.01
M04639,C02128,Email,Weekend Offer,2025-12-11,1,0,0,0,3.22
M04640,C00732,Social,Win Back,2025-07-11,1,0,0,0,6.34
M04641,C02353,Social,Loyalty Offer,2025-07-25,1,1,0,0,7.63
M04642,C00868,Email,Festive Sale,2025-05-25,1,0,0,0,5.24
M04643,C02024,Email,Clearance,2025-11-19,1,0,0,0,4.38
M04644,C00625,Email,New Arrival,2025-04-23,1,0,0,0,7.26
M04645,C03699,Push,Festive Sale,2025-03-07,1,0,0,0,6.07
M04646,C04763,Social,Win Back,2025-01-01,1,0,0,0,6.04
M04647,C03406,Email,New Arrival,2025-06-10,1,0,0,0,5.54
M04648,C00894,Social,Win Back,2025-02-20,1,1,0,0,5.42
M04649,C00552,SMS,Clearance,2025-03-21,1,1,1,0,5.75
M04650,C01717,SMS,Win Back,2025-01-11,1,0,0,0,7.41
M04651,C04296,Social,Weekend Offer,2025-12-31,1,0,0,0,5.99
M04652,C03141,Email,Win Back,2025-05-28,1,0,0,0,6.83
M04653,C02900,Email,Weekend Offer,2025-08-29,1,0,0,0,0.58
M04654,C01098,SMS,Festive Sale,2025-03-07,1,1,1,0,0.8
M04655,C01834,Email,Clearance,2025-06-18,1,0,0,0,2.52
M04656,C04406,Push,Win Back,2025-10-28,1,0,0,0,1.94
M04657,C00618,Social,New Arrival,2025-07-03,1,1,0,0,4.28
M04658,C03995,Push,Festive Sale,2025-08-18,1,1,0,0,5.91
M04659,C03182,Social,Festive Sale,2025-12-15,1,1,0,0,5.16
M04660,C04592,SMS,Weekend Offer,2025-08-08,1,0,0,0,6.89
M04661,C04203,Social,Win Back,2025-01-29,1,0,0,0,7.54
M04662,C03343,SMS,Festive Sale,2025-07-02,1,0,0,0,3.6
M04663,C00722,SMS,Win Back,2025-04-03,1,0,0,0,3.48
M04664,C01285,Email,Weekend Offer,2025-03-07,1,0,0,0,6.56
M04665,C01450,Email,New Arrival,2025-09-10,1,1,1,0,4.56
M04666,C01331,Email,Weekend Offer,2025-10-09,1,0,0,0,2.14
M04667,C04803,Social,Weekend Offer,2025-04-24,1,1,1,0,1.39
M04668,C03825,Social,Weekend Offer,2025-02-28,1,0,0,0,7.07
M04669,C03966,Email,Loyalty Offer,2025-10-30,1,1,0,1,7.09
M04670,C04814,SMS,New Arrival,2025-08-03,1,1,0,0,2.45
M04671,C04315,SMS,Weekend Offer,2025-04-11,1,0,0,0,2.27
M04672,C03485,Email,Loyalty Offer,2025-07-06,1,1,0,0,5.97
M04673,C02869,Push,Festive Sale,2025-11-07,1,0,0,0,6.4
M04674,C00219,Email,Clearance,2025-01-07,1,1,1,0,1.27
M04675,C00060,Email,Festive Sale,2025-09-28,1,0,0,0,7.19
M04676,C01820,Social,Festive Sale,2025-03-11,1,1,0,0,7.72
M04677,C02854,SMS,Loyalty Offer,2025-05-05,1,1,0,0,5.14
M04678,C01346,Push,Win Back,2025-05-19,1,1,0,0,7.9
M04679,C02348,SMS,Clearance,2025-02-05,1,0,1,1,3.28
M04680,C01419,SMS,Clearance,2025-06-06,1,0,0,0,6.43
M04681,C02576,Email,Weekend Offer,2025-06-08,1,1,0,0,6.45
M04682,C02432,Social,Clearance,2025-07-16,1,0,0,0,5.08
M04683,C02465,SMS,Win Back,2025-10-28,1,0,0,0,4.01
M04684,C00208,SMS,New Arrival,2025-09-05,1,1,0,0,7.04
M04685,C03583,Email,Clearance,2025-09-24,1,0,0,0,1.47
M04686,C02551,Email,Festive Sale,2025-03-24,1,0,0,0,7.48
M04687,C04157,SMS,Loyalty Offer,2025-12-03,1,0,0,0,5.74
M04688,C00792,Email,Win Back,2025-05-28,1,0,0,0,2.57
M04689,C02868,Email,Weekend Offer,2025-01-26,1,0,1,0,7.35
M04690,C01250,Email,Win Back,2025-04-26,1,1,0,0,6.86
M04691,C02818,Push,Clearance,2025-10-31,1,1,0,0,2.95
M04692,C03621,SMS,New Arrival,2025-11-28,1,0,0,0,4.9
M04693,C00002,Email,Clearance,2025-12-21,1,0,0,0,5.41
M04694,C01343,SMS,Festive Sale,2025-09-14,1,0,0,0,7.17
M04695,C03010,Social,New Arrival,2025-07-14,1,0,0,0,4.7
M04696,C04896,SMS,Clearance,2025-04-18,1,0,0,0,4.85
M04697,C04599,Email,Weekend Offer,2025-01-03,1,0,0,1,1.17
M04698,C03054,Email,Weekend Offer,2025-04-10,1,1,0,0,1.19
M04699,C00712,Push,Loyalty Offer,2025-06-15,1,0,0,0,3.84
M04700,C04390,Social,Win Back,2025-12-10,1,1,1,0,3.33
M04701,C03798,Push,New Arrival,2025-09-30,1,0,0,0,7.06
M04702,C02082,Social,Win Back,2025-12-02,1,0,1,0,6.78
M04703,C02756,Email,Loyalty Offer,2025-04-13,1,1,1,0,2.07
M04704,C01136,Email,Clearance,2025-12-01,1,0,0,0,5.15
M04705,C02522,Email,Win Back,2025-06-04,1,1,0,0,4.44
M04706,C04750,Email,Festive Sale,2025-10-12,1,0,0,0,4.7
M04707,C03498,Social,Weekend Offer,2025-02-28,1,0,0,0,1.49
M04708,C02197,SMS,Weekend Offer,2025-12-30,1,0,0,0,1.32
M04709,C03291,Social,Loyalty Offer,2025-12-13,1,1,1,0,5.41
M04710,C04475,Social,Loyalty Offer,2025-04-12,1,1,0,0,7.38
M04711,C04677,Email,Clearance,2025-12-25,1,1,0,0,5.01
M04712,C02137,Email,Festive Sale,2025-10-29,1,0,0,0,7.63
M04713,C03029,Push,Clearance,2025-09-22,1,0,0,0,7.09
M04714,C01857,Email,Weekend Offer,2025-01-18,1,1,0,0,5.0
M04715,C04532,Social,New Arrival,2025-09-02,1,0,0,0,5.69
M04716,C04814,SMS,Festive Sale,2025-11-11,1,0,0,0,1.65
M04717,C00505,Social,Weekend Offer,2025-06-04,1,1,0,0,6.05
M04718,C04272,Email,Win Back,2025-12-14,1,0,0,0,6.83
M04719,C02698,Social,Weekend Offer,2025-09-27,1,0,0,0,3.26
M04720,C02093,SMS,Win Back,2025-05-22,1,1,1,0,6.2
M04721,C02512,SMS,Win Back,2025-09-02,1,0,0,0,2.25
M04722,C00001,Social,New Arrival,2025-12-08,1,1,0,0,5.69
M04723,C02510,Push,Win Back,2025-11-01,1,0,0,0,6.18
M04724,C00995,SMS,Win Back,2025-07-08,1,0,0,0,2.33
M04725,C04489,Email,Loyalty Offer,2025-05-19,1,1,0,0,4.58
M04726,C03533,SMS,Festive Sale,2025-05-31,1,0,0,0,6.04
M04727,C03852,Email,Festive Sale,2025-06-23,1,1,1,0,5.82
M04728,C01404,Email,Festive Sale,2025-03-19,1,0,0,0,4.3
M04729,C00228,SMS,Weekend Offer,2025-01-28,1,1,0,0,2.48
M04730,C02786,Email,Festive Sale,2025-09-28,1,0,0,0,3.89
M04731,C04664,Email,Festive Sale,2025-10-22,1,0,0,0,2.57
M04732,C01634,Email,Win Back,2025-06-11,1,0,0,0,4.68
M04733,C04365,SMS,Festive Sale,2025-03-09,1,0,0,0,6.85
M04734,C02851,SMS,Festive Sale,2025-02-18,1,1,0,0,0.77
M04735,C04181,Social,Loyalty Offer,2025-12-13,1,0,0,0,3.41
M04736,C03469,SMS,Win Back,2025-07-08,1,0,0,0,2.92
M04737,C01389,Email,Festive Sale,2025-07-13,1,0,0,0,6.99
M04738,C03531,Social,New Arrival,2025-12-28,1,0,0,0,5.51
M04739,C03952,SMS,New Arrival,2025-10-26,1,1,0,0,4.29
M04740,C02802,Email,Loyalty Offer,2025-02-07,1,1,0,0,7.7
M04741,C00246,Push,Win Back,2025-07-23,1,1,0,0,7.06
M04742,C00683,Social,Win Back,2025-07-15,1,1,0,1,2.4
M04743,C03419,Social,Weekend Offer,2025-08-14,1,0,0,0,0.8
M04744,C01805,SMS,Festive Sale,2025-05-27,1,0,0,0,4.5
M04745,C04650,Social,Win Back,2025-10-28,1,1,0,0,2.78
M04746,C00158,SMS,Festive Sale,2025-04-26,1,1,0,0,4.27
M04747,C01749,Email,Loyalty Offer,2025-05-03,1,0,0,0,3.53
M04748,C03266,Email,New Arrival,2025-11-03,1,1,0,0,6.03
M04749,C00192,Email,New Arrival,2025-05-07,1,0,0,0,2.95
M04750,C02124,Email,Festive Sale,2025-04-24,1,0,0,0,0.8
M04751,C03967,Email,Weekend Offer,2025-02-24,1,1,1,0,1.93
M04752,C03657,SMS,New Arrival,2025-06-17,1,0,0,0,7.39
M04753,C03304,Social,Weekend Offer,2025-11-15,1,0,0,0,2.3
M04754,C00333,Push,Weekend Offer,2025-06-07,1,0,0,0,4.53
M04755,C00519,SMS,Loyalty Offer,2025-02-19,1,0,0,0,7.76
M04756,C04250,Email,New Arrival,2025-05-09,1,0,0,0,4.94
M04757,C04284,SMS,Win Back,2025-02-12,1,1,1,1,5.13
M04758,C03006,Email,Festive Sale,2025-03-28,1,0,0,0,6.24
M04759,C02582,Social,Festive Sale,2025-07-16,1,0,0,0,6.26
M04760,C04962,Push,Weekend Offer,2025-05-19,1,0,0,0,1.4
M04761,C01440,Push,Clearance,2025-08-31,1,0,0,0,7.16
M04762,C02997,Push,Festive Sale,2025-09-22,1,0,0,0,5.36
M04763,C04180,SMS,Loyalty Offer,2025-11-29,1,1,1,0,2.96
M04764,C03522,Push,Weekend Offer,2025-02-17,1,0,0,0,0.91
M04765,C00233,SMS,Festive Sale,2025-07-24,1,1,1,0,6.75
M04766,C04669,Push,Weekend Offer,2025-09-30,1,0,0,0,3.01
M04767,C03995,Push,Loyalty Offer,2025-03-03,1,1,0,0,4.84
M04768,C02945,SMS,New Arrival,2025-12-14,1,1,0,0,5.44
M04769,C01684,Social,Clearance,2025-03-08,1,1,0,0,2.66
M04770,C04139,Email,Weekend Offer,2025-05-12,1,0,0,0,5.25
M04771,C00641,SMS,Win Back,2025-06-20,1,1,0,0,2.87
M04772,C01252,Email,Weekend Offer,2025-10-25,1,0,0,0,1.8
M04773,C04088,Email,Festive Sale,2025-10-18,1,0,0,0,3.83
M04774,C04954,Social,Clearance,2025-06-12,1,1,0,0,7.16
M04775,C01568,Email,Win Back,2025-01-08,1,0,0,0,2.26
M04776,C04477,Push,New Arrival,2025-04-07,1,0,0,0,5.47
M04777,C02198,Email,Loyalty Offer,2025-01-17,1,0,0,0,6.2
M04778,C04047,Email,Festive Sale,2025-09-14,1,0,0,0,2.31
M04779,C00370,SMS,Loyalty Offer,2025-11-16,1,0,0,0,6.32
M04780,C00899,Email,Win Back,2025-02-01,1,1,1,1,3.53
M04781,C00479,SMS,Loyalty Offer,2025-05-10,1,1,1,1,7.38
M04782,C01206,Push,Festive Sale,2025-07-17,1,1,0,0,3.03
M04783,C01197,Email,New Arrival,2025-05-17,1,1,0,0,7.69
M04784,C00798,Social,New Arrival,2025-06-12,1,0,0,0,5.54
M04785,C02892,Social,New Arrival,2025-05-28,1,0,0,0,6.16
M04786,C04140,SMS,New Arrival,2025-03-14,1,0,0,0,1.66
M04787,C02135,Push,Weekend Offer,2025-08-03,1,1,0,0,7.39
M04788,C02880,Email,Weekend Offer,2025-07-25,1,1,0,0,6.11
M04789,C03212,Push,Clearance,2025-01-12,1,0,0,0,7.45
M04790,C04348,Push,Win Back,2025-03-25,1,1,0,0,2.05
M04791,C00995,Social,New Arrival,2025-08-09,1,0,0,0,5.59
M04792,C04690,Social,Clearance,2025-06-17,1,1,0,0,0.79
M04793,C03304,Email,New Arrival,2025-02-06,1,1,0,0,1.13
M04794,C00586,Social,Loyalty Offer,2025-09-30,1,1,0,0,5.48
M04795,C01962,Social,New Arrival,2025-11-23,1,0,0,0,1.33
M04796,C00184,Email,Festive Sale,2025-02-20,1,1,0,0,2.18
M04797,C04265,SMS,Loyalty Offer,2025-12-29,1,1,0,0,4.41
M04798,C03618,SMS,Festive Sale,2025-04-02,1,1,0,0,1.33
M04799,C00185,Email,Clearance,2025-08-10,1,0,0,0,0.53
M04800,C02770,Social,Win Back,2025-05-16,1,1,0,0,2.73
M04801,C00914,Push,Loyalty Offer,2025-10-15,1,0,0,0,2.41
M04802,C01551,SMS,Win Back,2025-09-02,1,1,0,0,6.84
M04803,C02911,Social,Weekend Offer,2025-08-26,1,0,0,0,4.16
M04804,C03330,Social,Loyalty Offer,2025-12-17,1,1,1,0,2.66
M04805,C01668,Social,Weekend Offer,2025-02-14,1,1,0,0,5.57
M04806,C01835,Email,New Arrival,2025-02-28,1,0,0,0,0.98
M04807,C00018,Push,Win Back,2025-12-29,1,1,1,0,1.49
M04808,C03215,Email,Clearance,2025-04-23,1,0,1,0,5.37
M04809,C01663,SMS,Festive Sale,2025-03-28,1,1,1,0,6.23
M04810,C03346,Social,Win Back,2025-05-07,1,0,0,0,0.82
M04811,C00546,Email,Win Back,2025-09-14,1,1,0,0,1.05
M04812,C03958,Email,Loyalty Offer,2025-01-28,1,0,0,0,5.2
M04813,C01388,Email,Clearance,2025-06-16,1,0,0,0,6.37
M04814,C03076,Social,New Arrival,2025-06-14,1,0,0,0,5.56
M04815,C00610,Email,Loyalty Offer,2025-03-05,1,1,1,1,1.0
M04816,C03380,SMS,Clearance,2025-08-18,1,1,1,1,4.47
M04817,C02839,Social,Festive Sale,2025-08-10,1,0,0,0,2.64
M04818,C03075,Email,Loyalty Offer,2025-11-13,1,0,0,0,1.66
M04819,C01822,Email,Loyalty Offer,2025-11-28,1,0,0,0,7.93
M04820,C01066,Push,Loyalty Offer,2025-09-09,1,0,0,0,1.11
M04821,C03699,Social,Win Back,2025-11-17,1,0,0,0,6.47
M04822,C01263,Email,Loyalty Offer,2025-09-05,1,0,0,0,1.12
M04823,C04993,SMS,New Arrival,2025-05-04,1,1,1,0,5.02
M04824,C02038,SMS,Clearance,2025-11-28,1,0,0,0,2.15
M04825,C03451,Social,Loyalty Offer,2025-03-31,1,1,1,0,6.62
M04826,C00258,Email,Weekend Offer,2025-10-27,1,1,0,0,2.1
M04827,C00594,Email,Festive Sale,2025-01-01,1,1,0,0,1.13
M04828,C03398,SMS,Clearance,2025-01-14,1,1,0,0,4.22
M04829,C04347,Email,Loyalty Offer,2025-06-07,1,0,0,0,1.22
M04830,C00419,Email,Festive Sale,2025-10-04,1,1,0,0,7.97
M04831,C04970,Email,New Arrival,2025-12-05,1,0,0,0,6.62
M04832,C04105,Social,Loyalty Offer,2025-05-21,1,0,0,0,7.27
M04833,C03895,Email,New Arrival,2025-07-01,1,1,0,0,2.07
M04834,C02164,Social,New Arrival,2025-06-15,1,0,0,0,1.66
M04835,C01586,Social,Festive Sale,2025-03-19,1,0,1,0,6.31
M04836,C02078,SMS,Festive Sale,2025-10-06,1,1,1,0,4.59
M04837,C01121,Push,Win Back,2025-08-18,1,1,0,0,5.27
M04838,C04209,Email,Weekend Offer,2025-08-17,1,1,0,0,0.65
M04839,C01809,Social,New Arrival,2025-08-29,1,0,0,0,0.69
M04840,C04906,Social,Weekend Offer,2025-06-07,1,0,0,0,4.79
M04841,C01417,Social,Weekend Offer,2025-07-28,1,0,0,0,2.88
M04842,C00691,Social,New Arrival,2025-09-06,1,0,0,0,6.01
M04843,C04506,Email,Festive Sale,2025-07-10,1,0,0,0,4.32
M04844,C04297,Email,Loyalty Offer,2025-03-04,1,0,0,0,7.73
M04845,C01002,Email,Weekend Offer,2025-04-25,1,0,0,0,2.07
M04846,C04797,Email,Festive Sale,2025-11-21,1,0,0,0,7.41
M04847,C00530,Email,Weekend Offer,2025-08-29,1,1,0,0,2.53
M04848,C03042,Social,Clearance,2025-03-13,1,1,0,0,3.07
M04849,C04625,Push,New Arrival,2025-02-14,1,0,0,0,0.94
M04850,C00877,Push,Win Back,2025-08-07,1,0,0,0,0.73
M04851,C04491,Social,Clearance,2025-06-16,1,0,0,0,6.05
M04852,C02397,SMS,Weekend Offer,2025-02-15,1,0,0,0,6.64
M04853,C03222,Email,Weekend Offer,2025-01-04,1,0,0,0,6.2
M04854,C00021,Push,New Arrival,2025-09-07,1,1,0,0,2.02
M04855,C01791,Email,Weekend Offer,2025-07-24,1,1,1,0,3.14
M04856,C03310,Social,Festive Sale,2025-03-28,1,0,0,0,5.97
M04857,C04191,SMS,Clearance,2025-08-26,1,1,1,1,6.2
M04858,C00362,SMS,Clearance,2025-09-26,1,0,0,0,4.33
M04859,C03286,Social,New Arrival,2025-11-18,1,0,0,0,2.79
M04860,C00097,Email,Win Back,2025-01-16,1,0,0,0,1.87
M04861,C02982,Social,Loyalty Offer,2025-03-14,1,0,0,0,2.71
M04862,C01605,Social,Win Back,2025-05-05,1,1,0,0,4.23
M04863,C04069,Email,Loyalty Offer,2025-10-17,1,0,0,0,1.09
M04864,C00482,Social,New Arrival,2025-09-25,1,0,0,0,5.94
M04865,C03503,Social,Clearance,2025-12-02,1,0,0,0,4.22
M04866,C00161,Email,New Arrival,2025-06-13,1,1,0,0,1.62
M04867,C01160,SMS,Weekend Offer,2025-06-15,1,1,0,0,6.87
M04868,C00714,Email,Clearance,2025-03-23,1,0,0,0,1.86
M04869,C04651,Email,Loyalty Offer,2025-09-08,1,0,0,0,4.88
M04870,C04719,SMS,Win Back,2025-09-03,1,1,0,0,5.91
M04871,C04728,Email,New Arrival,2025-01-16,1,1,0,0,3.89
M04872,C04452,Email,New Arrival,2025-09-26,1,1,0,0,4.94
M04873,C00639,SMS,Win Back,2025-03-12,1,1,0,0,2.96
M04874,C02373,SMS,Festive Sale,2025-06-22,1,0,0,0,3.64
M04875,C00481,Email,Festive Sale,2025-12-03,1,1,1,0,5.23
M04876,C00726,Social,Clearance,2025-01-16,1,1,0,0,4.06
M04877,C02176,Email,Weekend Offer,2025-04-25,1,1,0,0,4.84
M04878,C00626,Social,New Arrival,2025-07-23,1,0,0,0,5.19
M04879,C04333,Push,Festive Sale,2025-05-28,1,1,0,0,5.69
M04880,C01625,SMS,Win Back,2025-11-07,1,0,0,0,1.45
M04881,C04142,Push,Win Back,2025-06-28,1,0,0,0,6.74
M04882,C03424,SMS,Weekend Offer,2025-01-09,1,0,0,0,7.91
M04883,C04078,Email,Festive Sale,2025-07-01,1,0,0,0,6.51
M04884,C00494,Social,Festive Sale,2025-01-24,1,0,1,0,4.26
M04885,C01520,Push,Festive Sale,2025-12-31,1,0,0,0,2.37
M04886,C01412,Social,Clearance,2025-12-25,1,0,0,0,3.88
M04887,C03665,Push,New Arrival,2025-01-06,1,1,0,0,1.94
M04888,C00808,Social,Weekend Offer,2025-06-14,1,1,0,0,1.36
M04889,C03210,Email,New Arrival,2025-11-25,1,1,0,0,7.72
M04890,C01040,Email,Weekend Offer,2025-06-26,1,0,0,0,7.27
M04891,C01824,Social,Weekend Offer,2025-08-15,1,1,1,1,5.85
M04892,C05000,Email,Win Back,2025-02-15,1,1,0,0,7.46
M04893,C02325,Email,Win Back,2025-08-02,1,1,0,0,1.47
M04894,C02363,Push,Loyalty Offer,2025-06-20,1,1,0,0,3.97
M04895,C02982,Social,Clearance,2025-02-15,1,0,0,0,7.35
M04896,C00580,SMS,Festive Sale,2025-09-08,1,0,0,0,1.34
M04897,C02559,Social,Weekend Offer,2025-08-08,1,1,0,0,5.89
M04898,C02573,Social,Weekend Offer,2025-02-08,1,0,0,0,2.03
M04899,C00133,Social,Clearance,2025-06-24,1,1,0,0,2.76
M04900,C03550,SMS,Win Back,2025-02-20,1,1,1,0,6.46
M04901,C03711,Push,New Arrival,2025-04-23,1,0,0,0,8.0
M04902,C00410,Email,Festive Sale,2025-08-19,1,0,0,0,4.58
M04903,C03670,Email,Festive Sale,2025-10-21,1,0,0,0,5.99
M04904,C03991,Email,Festive Sale,2025-08-01,1,1,0,0,1.29
M04905,C00171,Push,New Arrival,2025-10-18,1,1,0,0,3.62
M04906,C01291,Push,Festive Sale,2025-10-03,1,0,0,0,4.21
M04907,C02284,Email,New Arrival,2025-01-10,1,0,0,0,7.87
M04908,C00363,Push,Loyalty Offer,2025-03-24,1,1,0,0,7.78
M04909,C02591,Social,Festive Sale,2025-05-03,1,1,0,0,5.47
M04910,C02373,Email,New Arrival,2025-02-24,1,0,0,0,5.97
M04911,C04419,SMS,Win Back,2025-05-25,1,0,0,0,2.13
M04912,C01785,Email,Loyalty Offer,2025-04-24,1,0,0,0,6.36
M04913,C04790,Push,New Arrival,2025-09-26,1,1,0,0,6.5
M04914,C01893,Email,Loyalty Offer,2025-09-17,1,1,0,0,1.62
M04915,C04629,Push,Festive Sale,2025-03-06,1,0,0,0,2.27
M04916,C04332,Email,Weekend Offer,2025-06-12,1,1,0,0,5.98
M04917,C04880,Social,Loyalty Offer,2025-03-26,1,0,0,0,0.91
M04918,C00606,Email,New Arrival,2025-12-25,1,1,1,0,0.72
M04919,C02162,Email,New Arrival,2025-06-28,1,1,0,0,4.15
M04920,C02379,Social,Weekend Offer,2025-07-16,1,0,0,0,4.01
M04921,C03407,Social,Win Back,2025-10-30,1,0,0,0,6.99
M04922,C00410,Social,Festive Sale,2025-05-21,1,0,0,0,2.7
M04923,C04619,SMS,Loyalty Offer,2025-10-21,1,1,0,0,5.14
M04924,C03110,SMS,Clearance,2025-08-14,1,1,0,0,4.97
M04925,C02588,Email,Loyalty Offer,2025-05-01,1,1,0,0,4.59
M04926,C03873,Email,New Arrival,2025-10-05,1,1,0,0,5.35
M04927,C00325,Social,New Arrival,2025-10-14,1,1,0,0,3.12
M04928,C04349,SMS,Festive Sale,2025-12-08,1,1,0,0,1.64
M04929,C01124,Email,Loyalty Offer,2025-03-05,1,1,1,0,4.06
M04930,C03902,Email,Clearance,2025-11-29,1,0,0,0,4.01
M04931,C03211,SMS,Clearance,2025-12-04,1,1,0,0,5.99
M04932,C03719,Email,Loyalty Offer,2025-05-18,1,1,0,0,3.97
M04933,C01340,Push,New Arrival,2025-05-13,1,0,0,0,1.31
M04934,C04795,Email,Festive Sale,2025-05-08,1,1,0,0,4.12
M04935,C04921,Push,Win Back,2025-05-02,1,1,0,0,3.6
M04936,C00352,Email,New Arrival,2025-02-27,1,0,0,0,6.93
M04937,C03973,SMS,Win Back,2025-04-30,1,0,0,0,7.12
M04938,C00704,Social,Clearance,2025-04-27,1,1,1,0,4.51
M04939,C03276,Social,Win Back,2025-08-25,1,1,1,1,3.4
M04940,C03734,Social,Win Back,2025-07-22,1,0,0,0,2.27
M04941,C03335,Email,Festive Sale,2025-06-17,1,0,0,0,1.36
M04942,C03067,Email,Weekend Offer,2025-07-11,1,0,0,0,4.33
M04943,C00863,SMS,Weekend Offer,2025-12-17,1,1,1,1,2.67
M04944,C01143,SMS,Weekend Offer,2025-12-14,1,0,0,0,4.81
M04945,C04080,Social,Festive Sale,2025-08-12,1,1,1,0,1.54
M04946,C01674,Email,New Arrival,2025-05-23,1,0,0,0,5.13
M04947,C04903,Social,Loyalty Offer,2025-03-04,1,1,0,0,4.5
M04948,C00789,SMS,Loyalty Offer,2025-06-14,1,1,0,1,5.87
M04949,C03319,Social,Weekend Offer,2025-01-22,1,1,1,0,2.55
M04950,C04424,Email,New Arrival,2025-07-01,1,0,1,1,0.69
M04951,C01197,Social,New Arrival,2025-06-16,1,0,0,0,3.28
M04952,C01753,Email,New Arrival,2025-03-09,1,1,1,0,4.78
M04953,C01657,Push,Loyalty Offer,2025-06-23,1,0,0,0,5.71
M04954,C02197,Social,Festive Sale,2025-01-05,1,1,1,0,4.39
M04955,C02373,SMS,Win Back,2025-10-23,1,1,0,0,5.82
M04956,C00923,Email,Win Back,2025-06-12,1,1,0,0,5.34
M04957,C02957,Social,Win Back,2025-08-05,1,1,0,0,4.35
M04958,C00881,SMS,Win Back,2025-05-26,1,1,0,0,5.08
M04959,C00100,Email,Weekend Offer,2025-10-20,1,0,0,0,5.58
M04960,C01390,SMS,Clearance,2025-05-09,1,0,0,0,3.91
M04961,C03422,Email,Weekend Offer,2025-06-06,1,0,0,0,1.33
M04962,C02200,Email,Festive Sale,2025-02-20,1,1,0,0,3.04
M04963,C01019,Push,Festive Sale,2025-12-03,1,1,0,0,4.6
M04964,C02689,Push,Loyalty Offer,2025-01-27,1,1,0,0,0.57
M04965,C04831,Social,Clearance,2025-12-24,1,0,0,0,4.38
M04966,C01163,SMS,Win Back,2025-07-07,1,1,1,0,4.65
M04967,C00426,Social,Festive Sale,2025-04-10,1,1,0,0,5.3
M04968,C01745,SMS,Clearance,2025-02-10,1,0,0,0,3.9
M04969,C02092,Social,Win Back,2025-07-28,1,1,0,0,3.33
M04970,C01691,SMS,Festive Sale,2025-12-22,1,0,0,0,1.12
M04971,C03534,Social,Loyalty Offer,2025-09-11,1,0,0,0,5.45
M04972,C01234,Email,Loyalty Offer,2025-06-02,1,0,0,0,4.95
M04973,C02236,Social,Festive Sale,2025-08-06,1,1,1,0,5.27
M04974,C00518,Email,Clearance,2025-07-08,1,0,0,0,2.75
M04975,C02995,SMS,Festive Sale,2025-02-22,1,1,1,0,2.55
M04976,C01129,Email,Win Back,2025-07-19,1,1,0,0,1.29
M04977,C00122,Email,New Arrival,2025-08-30,1,0,0,0,3.06
M04978,C03226,Push,Festive Sale,2025-03-02,1,1,0,0,1.13
M04979,C01921,Push,Weekend Offer,2025-05-09,1,0,0,0,2.05
M04980,C03112,Social,Loyalty Offer,2025-09-27,1,1,0,0,2.2
M04981,C02636,Email,Loyalty Offer,2025-09-10,1,0,0,0,6.46
M04982,C02129,Push,Festive Sale,2025-04-01,1,0,0,0,2.55
M04983,C02069,Push,Festive Sale,2025-05-30,1,0,0,0,5.55
M04984,C04655,Email,Festive Sale,2025-10-31,1,1,0,0,3.14
M04985,C03629,Social,Festive Sale,2025-04-21,1,1,0,0,3.64
M04986,C00396,Email,Loyalty Offer,2025-04-04,1,0,0,0,6.76
M04987,C01265,SMS,Clearance,2025-03-28,1,0,0,0,4.02
M04988,C04928,Email,New Arrival,2025-07-25,1,0,0,0,3.99
M04989,C00587,Email,Clearance,2025-12-21,1,1,1,1,7.44
M04990,C04212,Email,Clearance,2025-05-22,1,0,0,0,2.34
M04991,C02934,Email,Win Back,2025-04-28,1,1,0,0,3.09
M04992,C02912,Email,Weekend Offer,2025-08-18,1,0,0,0,6.59
M04993,C04223,Email,Clearance,2025-09-17,1,0,0,0,1.73
M04994,C01336,SMS,Win Back,2025-02-21,1,0,0,0,3.25
M04995,C01841,SMS,Weekend Offer,2025-09-30,1,0,0,0,6.12
M04996,C02395,Email,Clearance,2025-09-02,1,0,0,0,3.56
M04997,C04974,Social,Festive Sale,2025-12-29,1,0,0,0,2.98
M04998,C04791,SMS,Festive Sale,2025-08-09,1,0,0,0,1.74
M04999,C00043,Social,Festive Sale,2025-10-17,1,0,0,1,0.65
M05000,C01871,Social,Loyalty Offer,2025-02-02,1,1,0,0,1.82
M05001,C04362,Email,Loyalty Offer,2025-12-17,1,0,0,0,5.89
M05002,C01634,Email,Loyalty Offer,2025-10-06,1,0,0,0,2.66
M05003,C00994,Social,Clearance,2025-12-13,1,1,1,0,2.67
M05004,C01355,Push,Festive Sale,2025-04-12,1,1,1,0,7.33
M05005,C02976,Social,Weekend Offer,2025-05-07,1,0,0,0,1.68
M05006,C01679,Email,Loyalty Offer,2025-06-13,1,0,0,0,0.87
M05007,C00630,Email,Loyalty Offer,2025-03-10,1,1,0,0,5.71
M05008,C02343,Email,New Arrival,2025-03-08,1,1,1,1,4.25
M05009,C00884,Social,Loyalty Offer,2025-01-10,1,0,0,0,6.53
M05010,C00374,SMS,New Arrival,2025-11-15,1,1,0,0,7.49
M05011,C00885,SMS,New Arrival,2025-12-15,1,1,0,0,4.74
M05012,C01414,Social,New Arrival,2025-01-14,1,1,0,0,3.7
M05013,C01262,SMS,New Arrival,2025-09-25,1,1,1,0,6.3
M05014,C02702,Social,Loyalty Offer,2025-06-13,1,0,0,0,5.45
M05015,C00635,Email,Weekend Offer,2025-08-23,1,1,0,0,1.46
M05016,C04539,Push,Win Back,2025-02-07,1,1,1,0,2.66
M05017,C02569,Social,Clearance,2025-06-12,1,1,0,0,2.73
M05018,C00864,Push,Win Back,2025-07-06,1,1,0,0,7.25
M05019,C01951,Email,Weekend Offer,2025-09-20,1,0,0,0,4.07
M05020,C03120,SMS,Festive Sale,2025-10-12,1,0,0,0,4.79
M05021,C03827,Email,Win Back,2025-04-12,1,0,0,0,4.85
M05022,C00041,Email,New Arrival,2025-11-01,1,0,0,0,6.82
M05023,C01852,Email,Festive Sale,2025-02-26,1,1,1,1,6.27
M05024,C04853,Email,New Arrival,2025-06-27,1,1,0,0,4.32
M05025,C02933,Social,Festive Sale,2025-12-24,1,0,0,0,2.27
M05026,C01602,Email,Loyalty Offer,2025-04-18,1,0,0,0,5.5
M05027,C02269,SMS,Weekend Offer,2025-10-05,1,0,0,0,1.41
M05028,C02627,SMS,Clearance,2025-03-31,1,1,0,0,1.87
M05029,C01436,SMS,Loyalty Offer,2025-08-18,1,1,1,1,2.26
M05030,C03050,Email,Weekend Offer,2025-08-05,1,0,0,0,3.3
M05031,C02790,Email,Weekend Offer,2025-12-15,1,0,0,0,0.64
M05032,C04642,Email,Weekend Offer,2025-11-25,1,0,0,0,5.75
M05033,C02146,SMS,Loyalty Offer,2025-02-12,1,1,1,0,0.54
M05034,C04660,Email,Festive Sale,2025-07-16,1,1,0,0,1.88
M05035,C01830,Social,Win Back,2025-10-09,1,0,0,0,5.22
M05036,C02464,Email,New Arrival,2025-10-11,1,0,0,0,1.17
M05037,C01231,Push,Weekend Offer,2025-03-02,1,1,0,0,7.93
M05038,C02089,Email,Win Back,2025-09-20,1,1,1,0,4.08
M05039,C04894,Email,Clearance,2025-10-10,1,0,0,0,5.46
M05040,C01700,Push,Festive Sale,2025-02-21,1,0,0,0,4.04
M05041,C04352,SMS,Festive Sale,2025-12-05,1,0,0,0,3.96
M05042,C03930,Push,Win Back,2025-02-05,1,0,0,0,5.85
M05043,C02680,Push,Festive Sale,2025-12-10,1,1,0,0,5.98
M05044,C04683,Email,Festive Sale,2025-12-20,1,1,0,0,1.05
M05045,C04299,Social,Weekend Offer,2025-12-24,1,0,0,0,2.82
M05046,C02895,SMS,New Arrival,2025-03-08,1,1,1,0,3.5
M05047,C03746,Email,Festive Sale,2025-10-06,1,0,0,0,6.78
M05048,C00065,Push,Loyalty Offer,2025-09-14,1,1,0,0,4.46
M05049,C03236,Email,New Arrival,2025-03-20,1,0,0,1,6.85
M05050,C03620,Push,Weekend Offer,2025-07-11,1,1,0,0,5.05
M05051,C04170,SMS,New Arrival,2025-08-14,1,0,0,0,0.83
M05052,C01138,SMS,New Arrival,2025-03-02,1,0,0,0,1.9
M05053,C02148,Email,Weekend Offer,2025-06-28,1,1,0,0,2.15
M05054,C00443,Email,Weekend Offer,2025-10-25,1,0,1,0,5.93
M05055,C00061,SMS,Clearance,2025-11-29,1,1,1,1,5.91
M05056,C04641,SMS,Clearance,2025-10-18,1,1,1,0,6.07
M05057,C02695,Social,Clearance,2025-07-09,1,1,0,0,2.16
M05058,C02120,Email,New Arrival,2025-10-01,1,1,0,0,1.61
M05059,C03188,Email,Loyalty Offer,2025-08-30,1,0,0,0,5.55
M05060,C02886,Social,Clearance,2025-08-29,1,0,0,0,4.01
M05061,C03521,Push,Loyalty Offer,2025-12-22,1,0,0,0,7.29
M05062,C02474,Social,Clearance,2025-05-08,1,0,0,0,1.36
M05063,C04035,Social,Win Back,2025-02-11,1,0,0,0,3.13
M05064,C03208,Email,Win Back,2025-01-04,1,1,1,0,4.79
M05065,C00674,Email,Weekend Offer,2025-02-24,1,0,0,0,0.9
M05066,C00374,Email,Clearance,2025-06-24,1,0,0,0,6.02
M05067,C00509,Social,New Arrival,2025-02-19,1,1,0,0,2.37
M05068,C00836,Social,Festive Sale,2025-10-05,1,1,0,0,2.51
M05069,C03154,SMS,Clearance,2025-08-27,1,1,0,0,7.8
M05070,C03840,Email,Clearance,2025-09-14,1,1,0,0,3.69
M05071,C00309,Email,Loyalty Offer,2025-06-11,1,1,0,0,4.24
M05072,C01169,Push,New Arrival,2025-01-01,1,0,0,0,7.04
M05073,C04986,Email,Weekend Offer,2025-12-22,1,1,0,0,3.22
M05074,C04759,SMS,Loyalty Offer,2025-12-22,1,0,0,0,6.68
M05075,C01081,Email,Win Back,2025-05-29,1,0,0,0,5.22
M05076,C03616,SMS,Weekend Offer,2025-01-18,1,0,0,0,7.2
M05077,C01400,Email,Win Back,2025-11-14,1,0,0,0,4.97
M05078,C02010,Social,Festive Sale,2025-09-30,1,0,0,0,3.46
M05079,C00121,SMS,New Arrival,2025-07-28,1,1,1,0,7.5
M05080,C02972,Push,Weekend Offer,2025-03-09,1,1,0,1,5.35
M05081,C02101,Social,New Arrival,2025-05-16,1,0,0,0,6.67
M05082,C01143,Push,Festive Sale,2025-01-11,1,0,0,0,1.23
M05083,C02125,Email,New Arrival,2025-11-28,1,0,0,0,5.6
M05084,C03477,Email,Clearance,2025-02-27,1,1,0,0,2.5
M05085,C01866,Email,Loyalty Offer,2025-05-23,1,0,0,0,5.69
M05086,C01852,Email,New Arrival,2025-06-21,1,0,0,0,2.56
M05087,C04968,SMS,Win Back,2025-01-05,1,0,0,0,2.76
M05088,C01018,SMS,Festive Sale,2025-01-20,1,1,0,0,4.4
M05089,C00656,Push,Loyalty Offer,2025-01-14,1,0,0,0,6.33
M05090,C00998,Email,New Arrival,2025-09-29,1,1,0,0,5.1
M05091,C02564,Email,New Arrival,2025-01-03,1,1,0,0,7.59
M05092,C01650,SMS,Festive Sale,2025-12-02,1,0,0,0,4.26
M05093,C00109,Social,Win Back,2025-06-27,1,1,1,0,5.96
M05094,C00953,Email,Win Back,2025-02-06,1,0,0,0,0.67
M05095,C02273,Social,Loyalty Offer,2025-05-27,1,0,0,0,7.6
M05096,C00249,Push,New Arrival,2025-11-09,1,0,0,0,3.22
M05097,C00286,Email,New Arrival,2025-04-30,1,0,0,0,7.7
M05098,C00881,Push,Loyalty Offer,2025-11-23,1,0,0,0,5.66
M05099,C04141,Social,Weekend Offer,2025-07-22,1,1,0,0,2.77
M05100,C04799,Push,New Arrival,2025-04-26,1,0,0,0,3.76
M05101,C00975,Email,Win Back,2025-05-07,1,0,0,0,3.78
M05102,C01551,Email,Clearance,2025-01-08,1,1,0,0,2.93
M05103,C03626,Email,Festive Sale,2025-03-10,1,1,1,0,5.63
M05104,C03647,Social,Loyalty Offer,2025-06-20,1,1,0,0,7.14
M05105,C04848,Email,Weekend Offer,2025-10-21,1,1,0,0,1.23
M05106,C04211,Email,Weekend Offer,2025-03-08,1,0,0,0,6.08
M05107,C03787,Social,Festive Sale,2025-06-03,1,1,0,0,6.72
M05108,C03049,Social,Loyalty Offer,2025-02-26,1,0,0,0,6.82
M05109,C00439,Email,New Arrival,2025-12-14,1,0,0,0,4.65
M05110,C01820,Push,Loyalty Offer,2025-10-19,1,1,0,0,2.57
M05111,C01523,SMS,Weekend Offer,2025-03-07,1,0,0,0,7.82
M05112,C04253,Social,New Arrival,2025-10-31,1,1,0,0,0.53
M05113,C00304,Social,New Arrival,2025-04-17,1,1,0,0,1.26
M05114,C02100,Social,Clearance,2025-03-08,1,0,0,0,4.27
M05115,C00985,Social,Weekend Offer,2025-10-09,1,1,0,0,7.76
M05116,C01812,Social,Loyalty Offer,2025-03-31,1,1,0,0,5.19
M05117,C04795,SMS,Loyalty Offer,2025-06-06,1,1,0,0,2.62
M05118,C01968,Email,Clearance,2025-09-12,1,0,0,0,3.17
M05119,C02001,Social,Festive Sale,2025-08-17,1,0,0,0,5.9
M05120,C00795,Push,Clearance,2025-02-03,1,0,0,0,3.76
M05121,C04880,Social,Win Back,2025-10-22,1,1,1,0,1.17
M05122,C04903,Social,Weekend Offer,2025-03-23,1,0,0,0,5.13
M05123,C04611,SMS,Clearance,2025-03-05,1,0,0,0,7.93
M05124,C03314,Social,Win Back,2025-05-25,1,0,0,0,3.53
M05125,C01623,SMS,Loyalty Offer,2025-11-30,1,0,0,0,5.24
M05126,C00297,SMS,Loyalty Offer,2025-02-05,1,0,0,0,2.44
M05127,C00717,SMS,Clearance,2025-06-16,1,1,0,0,1.8
M05128,C02475,Social,Clearance,2025-01-06,1,1,0,0,6.85
M05129,C00981,Email,Weekend Offer,2025-07-14,1,0,0,1,5.01
M05130,C03634,Email,Loyalty Offer,2025-01-17,1,0,0,0,4.37
M05131,C02635,Email,Loyalty Offer,2025-03-02,1,0,0,0,1.78
M05132,C00115,SMS,Weekend Offer,2025-03-31,1,1,0,0,4.76
M05133,C01415,Social,Clearance,2025-08-01,1,0,0,0,4.56
M05134,C02339,Push,Loyalty Offer,2025-12-26,1,0,0,0,7.6
M05135,C04595,SMS,Win Back,2025-01-09,1,0,0,0,1.62
M05136,C01423,Push,Weekend Offer,2025-12-20,1,1,0,0,2.53
M05137,C03335,Email,Weekend Offer,2025-04-09,1,0,0,0,7.99
M05138,C03994,Social,Weekend Offer,2025-10-08,1,0,0,0,7.32
M05139,C02421,Email,Win Back,2025-12-06,1,1,1,0,4.22
M05140,C04195,SMS,Win Back,2025-03-06,1,1,0,0,0.7
M05141,C01234,Email,Festive Sale,2025-02-24,1,0,0,0,0.71
M05142,C03765,Social,Weekend Offer,2025-04-01,1,1,0,0,0.68
M05143,C01679,Email,Win Back,2025-11-23,1,0,0,0,7.69
M05144,C00326,Email,Weekend Offer,2025-05-28,1,1,0,0,3.79
M05145,C01700,Email,Loyalty Offer,2025-10-17,1,0,0,0,6.4
M05146,C00436,SMS,Weekend Offer,2025-12-17,1,0,0,0,3.88
M05147,C04603,Email,Loyalty Offer,2025-04-06,1,1,0,0,6.87
M05148,C00424,Email,Clearance,2025-02-20,1,0,0,0,2.88
M05149,C01297,SMS,Win Back,2025-01-12,1,0,0,0,4.27
M05150,C02291,SMS,Weekend Offer,2025-03-18,1,1,1,0,1.28
M05151,C02302,Push,Clearance,2025-07-16,1,0,0,0,0.73
M05152,C00185,Social,Festive Sale,2025-09-17,1,0,0,0,2.0
M05153,C02502,Social,Festive Sale,2025-08-14,1,0,0,0,3.29
M05154,C04785,Email,Festive Sale,2025-04-29,1,1,1,1,7.27
M05155,C03575,Email,Weekend Offer,2025-11-11,1,0,0,0,7.07
M05156,C01746,Email,Loyalty Offer,2025-02-10,1,0,0,0,5.67
M05157,C01321,SMS,New Arrival,2025-08-09,1,1,1,0,5.37
M05158,C00414,Email,Win Back,2025-04-21,1,0,0,1,4.77
M05159,C01733,Email,Loyalty Offer,2025-03-03,1,0,1,0,6.96
M05160,C04705,Email,Loyalty Offer,2025-08-14,1,1,0,0,7.33
M05161,C04531,Push,Festive Sale,2025-04-29,1,0,0,0,3.65
M05162,C02418,Push,New Arrival,2025-12-13,1,1,0,0,6.11
M05163,C01914,Email,Loyalty Offer,2025-11-09,1,1,0,0,6.86
M05164,C03758,Email,Weekend Offer,2025-07-22,1,0,0,0,7.5
M05165,C01484,Email,Weekend Offer,2025-03-13,1,0,0,0,4.49
M05166,C02048,Email,Weekend Offer,2025-01-19,1,1,1,0,2.38
M05167,C03725,Email,Weekend Offer,2025-02-26,1,1,0,0,5.19
M05168,C03034,SMS,Weekend Offer,2025-11-01,1,1,1,0,6.46
M05169,C00261,SMS,Win Back,2025-05-03,1,0,0,0,7.53
M05170,C01868,Email,New Arrival,2025-09-12,1,1,0,0,1.12
M05171,C04775,Email,Clearance,2025-01-24,1,1,1,0,4.27
M05172,C04236,SMS,New Arrival,2025-06-02,1,1,0,0,3.14
M05173,C01881,Social,Weekend Offer,2025-11-21,1,0,0,0,5.36
M05174,C04783,Push,Festive Sale,2025-10-30,1,1,0,0,3.52
M05175,C03922,Social,Win Back,2025-03-18,1,1,0,0,7.6
M05176,C04708,Email,Loyalty Offer,2025-03-06,1,1,1,0,5.36
M05177,C05000,SMS,Festive Sale,2025-11-29,1,0,0,1,7.2
M05178,C04304,Social,New Arrival,2025-06-30,1,1,1,0,5.4
M05179,C01659,Email,Loyalty Offer,2025-11-10,1,1,0,0,6.87
M05180,C04100,Social,New Arrival,2025-10-29,1,0,0,0,7.13
M05181,C03347,Email,New Arrival,2025-03-07,1,1,0,0,1.8
M05182,C01922,Email,Loyalty Offer,2025-02-28,1,1,0,0,5.63
M05183,C04994,Social,Clearance,2025-09-01,1,0,0,0,2.14
M05184,C03503,Push,Weekend Offer,2025-08-05,1,1,0,0,1.54
M05185,C02762,Social,Weekend Offer,2025-07-29,1,0,0,0,7.75
M05186,C03793,Email,Weekend Offer,2025-05-12,1,1,0,0,1.55
M05187,C01259,SMS,Loyalty Offer,2025-01-30,1,0,0,0,6.0
M05188,C03523,SMS,Festive Sale,2025-04-30,1,1,1,1,3.38
M05189,C04259,Email,Festive Sale,2025-10-12,1,1,1,0,2.54
M05190,C03691,Email,Win Back,2025-08-28,1,0,0,0,1.54
M05191,C04124,Email,Win Back,2025-12-23,1,1,0,0,5.07
M05192,C04706,Social,Festive Sale,2025-06-20,1,0,0,0,5.98
M05193,C01996,Social,Festive Sale,2025-07-20,1,0,0,0,6.17
M05194,C00100,Social,Weekend Offer,2025-02-17,1,0,0,0,4.3
M05195,C01741,Email,Win Back,2025-05-01,1,1,0,0,1.92
M05196,C01002,Email,New Arrival,2025-04-18,1,1,0,0,7.52
M05197,C04313,SMS,Clearance,2025-05-21,1,0,0,0,4.83
M05198,C00433,Email,Win Back,2025-03-31,1,0,0,0,1.44
M05199,C02939,Social,Clearance,2025-02-22,1,0,0,0,0.76
M05200,C01039,SMS,Festive Sale,2025-10-14,1,1,0,0,6.08
M05201,C02832,Social,Weekend Offer,2025-04-15,1,0,0,0,7.61
M05202,C03496,SMS,Win Back,2025-12-10,1,0,0,0,1.31
M05203,C04376,Social,Weekend Offer,2025-11-11,1,1,0,0,4.8
M05204,C01159,Social,Win Back,2025-02-10,1,1,1,0,6.75
M05205,C00167,Push,New Arrival,2025-08-04,1,0,0,0,6.68
M05206,C00070,Social,Weekend Offer,2025-08-27,1,0,0,0,3.11
M05207,C04165,Social,Clearance,2025-09-30,1,1,0,0,7.61
M05208,C02642,Email,Loyalty Offer,2025-10-21,1,0,0,0,3.75
M05209,C00762,Email,Weekend Offer,2025-10-11,1,1,0,0,5.07
M05210,C01719,Email,Loyalty Offer,2025-01-28,1,0,0,0,3.95
M05211,C01756,Email,New Arrival,2025-09-16,1,0,0,0,1.74
M05212,C04414,SMS,Loyalty Offer,2025-01-26,1,0,0,0,5.75
M05213,C01852,Email,Clearance,2025-01-06,1,0,0,0,1.95
M05214,C04545,Email,Loyalty Offer,2025-02-28,1,0,0,0,3.01
M05215,C00581,Email,New Arrival,2025-02-06,1,0,0,0,5.68
M05216,C00802,Email,Clearance,2025-07-24,1,1,0,1,6.7
M05217,C01849,Email,Win Back,2025-06-10,1,1,0,1,1.5
M05218,C03235,Social,Festive Sale,2025-06-06,1,1,0,0,2.17
M05219,C00404,Email,Festive Sale,2025-02-23,1,1,1,0,4.01
M05220,C03965,Push,Festive Sale,2025-12-15,1,1,0,0,0.69
M05221,C02681,Social,New Arrival,2025-04-14,1,0,0,0,8.0
M05222,C00792,Push,Clearance,2025-05-04,1,1,0,0,5.69
M05223,C03616,SMS,Clearance,2025-08-08,1,0,0,0,1.98
M05224,C02519,Social,Festive Sale,2025-09-07,1,1,1,1,6.37
M05225,C00608,Push,New Arrival,2025-10-26,1,0,0,0,2.99
M05226,C00259,Email,Festive Sale,2025-03-27,1,0,0,0,5.51
M05227,C00328,Email,Loyalty Offer,2025-03-20,1,0,0,0,0.82
M05228,C02942,Push,New Arrival,2025-10-06,1,1,0,0,7.23
M05229,C02823,Push,Festive Sale,2025-01-16,1,0,0,0,0.77
M05230,C04790,Email,Festive Sale,2025-02-04,1,0,0,0,1.53
M05231,C03677,Social,Loyalty Offer,2025-06-30,1,1,0,0,1.19
M05232,C04144,Push,Loyalty Offer,2025-12-10,1,0,0,0,3.22
M05233,C00380,Email,Win Back,2025-11-29,1,0,0,0,1.58
M05234,C03788,Social,Clearance,2025-11-21,1,1,1,0,4.18
M05235,C02421,Email,Win Back,2025-01-06,1,0,0,0,6.96
M05236,C02619,Push,Loyalty Offer,2025-04-13,1,0,0,0,6.92
M05237,C04892,SMS,Weekend Offer,2025-01-03,1,0,0,1,0.58
M05238,C00311,Social,Weekend Offer,2025-12-25,1,0,1,1,6.04
M05239,C01368,Social,Weekend Offer,2025-05-29,1,0,0,0,5.7
M05240,C00602,Social,Loyalty Offer,2025-04-11,1,0,0,0,1.26
M05241,C04641,SMS,Festive Sale,2025-01-25,1,0,0,0,0.82
M05242,C04099,SMS,New Arrival,2025-09-08,1,1,0,0,4.76
M05243,C04960,SMS,Weekend Offer,2025-10-12,1,0,0,0,7.38
M05244,C02499,Social,New Arrival,2025-02-20,1,0,0,0,1.9
M05245,C04226,Email,New Arrival,2025-08-16,1,1,1,1,0.61
M05246,C03035,Email,Win Back,2025-04-15,1,0,0,1,3.86
M05247,C04160,Push,Win Back,2025-02-23,1,1,1,0,5.19
M05248,C01459,SMS,Loyalty Offer,2025-08-27,1,0,0,0,4.17
M05249,C01521,Email,Weekend Offer,2025-10-27,1,0,0,0,6.48
M05250,C01499,Social,Festive Sale,2025-01-16,1,1,1,0,6.34
M05251,C02353,Push,Festive Sale,2025-12-11,1,0,0,0,5.1
M05252,C00584,Social,Festive Sale,2025-09-13,1,1,0,1,6.47
M05253,C00603,Email,Weekend Offer,2025-04-29,1,0,0,0,2.46
M05254,C03799,Push,Weekend Offer,2025-06-07,1,0,0,0,3.36
M05255,C03901,Email,Loyalty Offer,2025-11-16,1,1,1,0,8.0
M05256,C02400,Social,New Arrival,2025-12-05,1,1,1,0,3.41
M05257,C03631,Email,Festive Sale,2025-04-23,1,0,0,0,3.76
M05258,C03662,SMS,Clearance,2025-04-08,1,1,0,0,3.1
M05259,C00798,Social,Clearance,2025-01-09,1,1,0,0,6.01
M05260,C04160,Push,Clearance,2025-06-30,1,0,1,1,5.84
M05261,C01561,Email,New Arrival,2025-05-29,1,1,0,0,2.4
M05262,C04400,Social,New Arrival,2025-11-08,1,0,0,0,1.14
M05263,C04042,Email,New Arrival,2025-06-01,1,0,0,0,3.2
M05264,C04332,Email,New Arrival,2025-01-17,1,1,0,0,8.0
M05265,C02772,SMS,Festive Sale,2025-08-29,1,0,0,0,2.34
M05266,C00313,Social,New Arrival,2025-10-03,1,1,0,0,6.0
M05267,C03441,Email,Loyalty Offer,2025-01-05,1,1,0,0,5.91
M05268,C04034,Email,Loyalty Offer,2025-06-03,1,1,1,0,2.18
M05269,C04369,Social,Weekend Offer,2025-11-27,1,1,1,1,0.76
M05270,C04501,Social,Weekend Offer,2025-05-01,1,1,1,0,1.93
M05271,C02109,Email,Clearance,2025-06-27,1,0,0,0,2.55
M05272,C02399,Email,Festive Sale,2025-06-26,1,0,0,0,1.97
M05273,C03917,Email,Win Back,2025-12-26,1,1,0,0,7.65
M05274,C04678,SMS,Festive Sale,2025-08-29,1,1,1,1,3.57
M05275,C02629,Email,Weekend Offer,2025-03-24,1,0,0,0,6.77
M05276,C00945,SMS,Clearance,2025-11-21,1,0,1,0,6.37
M05277,C01250,Email,Festive Sale,2025-12-29,1,0,0,0,1.45
M05278,C00663,Email,Weekend Offer,2025-07-17,1,0,0,0,6.12
M05279,C03768,SMS,Weekend Offer,2025-08-04,1,0,0,0,0.59
M05280,C00311,Email,Loyalty Offer,2025-10-30,1,1,0,0,3.7
M05281,C03943,Email,Weekend Offer,2025-12-05,1,0,0,0,5.52
M05282,C04931,Email,Festive Sale,2025-08-18,1,1,1,0,7.06
M05283,C02399,Push,Clearance,2025-06-19,1,1,1,0,1.77
M05284,C00776,Social,New Arrival,2025-11-29,1,1,0,0,4.97
M05285,C01582,Social,Weekend Offer,2025-12-24,1,0,0,0,2.57
M05286,C00763,SMS,Weekend Offer,2025-11-08,1,0,0,0,1.02
M05287,C02659,Push,Loyalty Offer,2025-11-29,1,1,1,1,3.07
M05288,C00993,Email,Festive Sale,2025-06-01,1,0,0,0,6.99
M05289,C02370,Email,Clearance,2025-02-05,1,0,0,0,4.91
M05290,C04918,Social,New Arrival,2025-09-06,1,1,1,1,3.17
M05291,C03999,Push,New Arrival,2025-01-01,1,0,0,0,2.28
M05292,C04508,Email,Loyalty Offer,2025-08-25,1,0,0,0,4.21
M05293,C03459,SMS,Win Back,2025-12-18,1,1,0,0,7.48
M05294,C04881,SMS,Clearance,2025-04-08,1,0,0,0,7.6
M05295,C03337,Email,New Arrival,2025-09-18,1,0,0,0,3.58
M05296,C04011,SMS,Weekend Offer,2025-10-05,1,1,0,1,3.18
M05297,C01807,Social,Loyalty Offer,2025-03-03,1,0,0,0,4.8
M05298,C04181,Email,Win Back,2025-10-10,1,0,0,0,5.13
M05299,C00011,SMS,Win Back,2025-02-04,1,0,0,0,6.07
M05300,C04441,Social,Weekend Offer,2025-02-06,1,1,1,0,4.85
M05301,C03586,Email,New Arrival,2025-09-09,1,0,0,0,6.19
M05302,C02976,Email,Clearance,2025-07-29,1,0,0,0,6.06
M05303,C02919,Social,New Arrival,2025-11-17,1,1,0,1,7.6
M05304,C03769,Social,New Arrival,2025-06-16,1,1,0,0,6.54
M05305,C03191,Social,Festive Sale,2025-02-05,1,1,0,0,5.32
M05306,C03001,SMS,Festive Sale,2025-10-26,1,1,0,0,4.25
M05307,C00350,Social,Clearance,2025-07-12,1,0,0,0,4.32
M05308,C01739,Push,Clearance,2025-09-10,1,0,0,0,1.53
M05309,C00587,Email,Loyalty Offer,2025-11-05,1,0,0,0,4.2
M05310,C02234,Email,Clearance,2025-05-31,1,0,0,0,7.48
M05311,C01159,Social,Weekend Offer,2025-11-17,1,1,0,0,0.93
M05312,C01348,Email,New Arrival,2025-09-21,1,0,0,0,2.17
M05313,C01674,Email,Weekend Offer,2025-07-25,1,1,0,0,5.24
M05314,C01824,Email,Festive Sale,2025-10-12,1,1,0,0,2.84
M05315,C04031,Social,Clearance,2025-08-14,1,0,0,0,6.82
M05316,C04452,Email,Clearance,2025-10-30,1,0,0,0,3.46
M05317,C01406,Push,New Arrival,2025-03-08,1,1,1,0,5.99
M05318,C00765,Email,Clearance,2025-05-19,1,1,0,0,5.71
M05319,C04440,Push,Festive Sale,2025-04-24,1,1,0,0,3.71
M05320,C03683,Social,New Arrival,2025-02-22,1,0,0,0,4.99
M05321,C01889,Email,New Arrival,2025-12-16,1,0,0,0,0.6
M05322,C00626,Push,Loyalty Offer,2025-04-14,1,0,0,0,4.82
M05323,C01317,Email,Festive Sale,2025-04-17,1,0,0,0,5.8
M05324,C04864,SMS,Weekend Offer,2025-08-03,1,0,0,0,2.16
M05325,C00645,Push,Clearance,2025-06-29,1,0,0,0,7.59
M05326,C03680,Push,Festive Sale,2025-09-30,1,0,0,0,7.35
M05327,C03281,Email,Win Back,2025-09-24,1,1,0,0,2.25
M05328,C01454,SMS,Weekend Offer,2025-12-30,1,1,0,0,3.42
M05329,C04316,Push,New Arrival,2025-11-24,1,0,0,0,7.92
M05330,C01248,Social,Weekend Offer,2025-01-15,1,0,0,0,4.86
M05331,C00730,Social,Weekend Offer,2025-05-18,1,1,1,0,3.17
M05332,C03679,Email,Clearance,2025-09-09,1,0,0,0,2.26
M05333,C00416,Social,Loyalty Offer,2025-09-21,1,0,0,0,4.69
M05334,C01712,Email,Clearance,2025-09-24,1,1,0,0,4.46
M05335,C03195,Email,New Arrival,2025-04-30,1,0,0,0,7.61
M05336,C00978,Email,Weekend Offer,2025-04-24,1,1,0,0,7.52
M05337,C04300,Email,Win Back,2025-01-04,1,1,0,0,4.46
M05338,C02740,Email,Weekend Offer,2025-02-16,1,0,0,0,6.06
M05339,C01428,Social,Win Back,2025-09-27,1,0,0,0,3.93
M05340,C02926,Push,Win Back,2025-09-19,1,0,0,0,2.17
M05341,C02280,Push,Win Back,2025-05-11,1,1,0,0,5.91
M05342,C02751,Social,Weekend Offer,2025-09-10,1,0,0,0,2.58
M05343,C01808,Email,Festive Sale,2025-04-30,1,1,0,0,5.26
M05344,C01474,Social,Festive Sale,2025-01-27,1,1,0,0,2.47
M05345,C01052,Email,Weekend Offer,2025-10-17,1,0,0,0,6.47
M05346,C02959,Email,Loyalty Offer,2025-09-08,1,1,0,0,4.85
M05347,C02479,Email,New Arrival,2025-07-15,1,0,0,0,5.75
M05348,C02252,Email,Weekend Offer,2025-04-01,1,1,1,0,4.81
M05349,C03488,Email,Clearance,2025-07-15,1,1,0,0,6.41
M05350,C02756,Push,Loyalty Offer,2025-05-05,1,0,0,0,4.4
M05351,C00973,Email,New Arrival,2025-03-25,1,1,1,1,3.0
M05352,C01583,Push,Clearance,2025-04-26,1,0,0,0,5.07
M05353,C03063,Push,Loyalty Offer,2025-11-11,1,0,0,0,2.67
M05354,C04977,SMS,Clearance,2025-08-01,1,0,0,0,3.14
M05355,C00419,Social,Clearance,2025-10-06,1,1,0,0,1.11
M05356,C03490,Social,Weekend Offer,2025-02-12,1,1,1,1,1.85
M05357,C03948,Push,Festive Sale,2025-05-06,1,1,0,0,3.05
M05358,C03108,Email,New Arrival,2025-03-28,1,0,0,0,3.77
M05359,C01017,Social,New Arrival,2025-03-27,1,0,0,0,7.46
M05360,C00140,Social,Clearance,2025-08-15,1,1,0,0,0.77
M05361,C02941,Email,Win Back,2025-08-15,1,0,0,0,7.28
M05362,C02241,Social,Win Back,2025-05-08,1,0,0,0,1.8
M05363,C03299,Email,New Arrival,2025-05-02,1,0,0,0,0.68
M05364,C02065,Email,Win Back,2025-05-27,1,1,1,0,5.73
M05365,C02301,Email,Clearance,2025-09-04,1,1,1,0,1.25
M05366,C04644,Push,Loyalty Offer,2025-04-01,1,0,0,0,2.36
M05367,C00147,SMS,Loyalty Offer,2025-09-24,1,0,0,0,7.29
M05368,C04418,Email,Weekend Offer,2025-03-23,1,1,0,0,1.6
M05369,C03206,Email,Win Back,2025-02-15,1,0,0,0,2.92
M05370,C02703,Email,Clearance,2025-09-29,1,0,0,0,6.09
M05371,C02519,Email,Festive Sale,2025-08-12,1,1,1,0,5.6
M05372,C04456,Push,Festive Sale,2025-07-22,1,1,0,0,3.3
M05373,C03465,SMS,Festive Sale,2025-08-28,1,0,0,1,6.93
M05374,C04364,SMS,New Arrival,2025-11-14,1,0,0,0,5.54
M05375,C01676,Social,Loyalty Offer,2025-11-09,1,1,0,0,1.46
M05376,C00203,Social,Festive Sale,2025-08-07,1,0,0,0,3.37
M05377,C03803,Push,New Arrival,2025-10-29,1,0,0,0,4.09
M05378,C02363,Email,Clearance,2025-05-21,1,1,1,1,1.19
M05379,C00573,Email,Clearance,2025-01-04,1,0,0,0,6.72
M05380,C03045,Social,New Arrival,2025-02-13,1,1,0,0,1.06
M05381,C01000,Push,Win Back,2025-11-23,1,0,0,0,5.36
M05382,C01277,Push,Festive Sale,2025-10-25,1,0,0,0,7.46
M05383,C03741,Social,Festive Sale,2025-06-19,1,0,0,0,2.83
M05384,C02726,SMS,New Arrival,2025-10-06,1,0,0,0,4.93
M05385,C01878,Email,Weekend Offer,2025-02-22,1,0,0,0,1.63
M05386,C01245,SMS,Festive Sale,2025-09-23,1,1,1,0,4.72
M05387,C01364,SMS,Festive Sale,2025-11-25,1,0,0,0,3.77
M05388,C00791,Email,Loyalty Offer,2025-11-23,1,1,0,0,1.65
M05389,C00663,Email,New Arrival,2025-01-05,1,1,0,0,2.61
M05390,C03098,Social,Festive Sale,2025-02-04,1,0,0,0,3.35
M05391,C02164,Push,Festive Sale,2025-09-10,1,1,0,0,2.92
M05392,C01917,Email,Loyalty Offer,2025-09-15,1,1,1,1,6.31
M05393,C04428,Email,New Arrival,2025-07-22,1,0,0,0,2.51
M05394,C01740,Email,Weekend Offer,2025-05-09,1,0,0,0,2.03
M05395,C02827,Social,Loyalty Offer,2025-05-23,1,0,0,0,2.61
M05396,C00844,Social,New Arrival,2025-08-18,1,0,0,0,7.76
M05397,C04341,Email,Weekend Offer,2025-03-22,1,0,0,0,3.75
M05398,C00332,Push,Clearance,2025-12-07,1,0,0,0,1.17
M05399,C01575,SMS,Loyalty Offer,2025-10-24,1,1,1,0,7.11
M05400,C02422,Email,Clearance,2025-06-19,1,0,0,0,1.46
M05401,C04212,Email,Festive Sale,2025-06-17,1,0,0,0,3.35
M05402,C03593,Email,Win Back,2025-12-16,1,1,0,0,5.96
M05403,C04399,SMS,New Arrival,2025-08-28,1,0,0,0,1.48
M05404,C04211,Social,Festive Sale,2025-06-29,1,0,0,0,1.18
M05405,C02982,Push,New Arrival,2025-04-17,1,0,0,0,6.01
M05406,C01592,Email,Loyalty Offer,2025-03-29,1,0,0,0,7.97
M05407,C02954,Email,Clearance,2025-06-28,1,0,0,0,1.23
M05408,C00089,Email,Weekend Offer,2025-07-10,1,1,1,0,1.59
M05409,C04460,Email,Weekend Offer,2025-11-03,1,0,0,0,3.18
M05410,C02483,Push,Win Back,2025-11-29,1,1,0,0,2.29
M05411,C03415,Social,Weekend Offer,2025-10-09,1,1,0,0,5.62
M05412,C00294,SMS,New Arrival,2025-01-08,1,1,0,0,2.57
M05413,C01527,Social,Win Back,2025-11-11,1,0,0,0,2.16
M05414,C01328,Social,Loyalty Offer,2025-08-26,1,0,0,0,2.49
M05415,C04998,Push,Weekend Offer,2025-05-05,1,0,0,0,1.07
M05416,C04797,Email,New Arrival,2025-07-08,1,1,0,0,5.93
M05417,C00002,Push,Clearance,2025-12-07,1,0,0,0,4.76
M05418,C03440,Email,Weekend Offer,2025-11-15,1,0,0,0,3.3
M05419,C00413,Social,New Arrival,2025-02-05,1,1,0,0,5.82
M05420,C00059,Email,Festive Sale,2025-11-23,1,1,0,0,4.45
M05421,C02247,Email,Weekend Offer,2025-05-17,1,1,0,0,2.47
M05422,C00182,Email,New Arrival,2025-01-13,1,1,1,0,1.59
M05423,C02008,Social,Weekend Offer,2025-04-26,1,1,0,1,1.81
M05424,C02964,Email,Loyalty Offer,2025-04-23,1,0,0,0,2.96
M05425,C00830,Email,Festive Sale,2025-09-17,1,0,0,0,7.49
M05426,C03715,SMS,Clearance,2025-11-10,1,0,0,0,3.34
M05427,C01734,Social,Weekend Offer,2025-05-24,1,0,0,0,5.42
M05428,C04013,Email,Festive Sale,2025-05-05,1,1,0,0,4.27
M05429,C02868,SMS,New Arrival,2025-09-19,1,0,0,0,7.05
M05430,C01749,Email,New Arrival,2025-02-25,1,0,0,0,2.25
M05431,C03939,Push,Clearance,2025-03-24,1,1,0,0,5.58
M05432,C00140,SMS,Loyalty Offer,2025-04-13,1,0,0,0,1.48
M05433,C02666,Social,Win Back,2025-10-24,1,1,1,0,1.51
M05434,C02614,Email,Festive Sale,2025-04-07,1,0,0,0,6.63
M05435,C03285,Email,New Arrival,2025-12-22,1,0,0,0,3.71
M05436,C00254,Social,Weekend Offer,2025-01-18,1,1,0,0,1.37
M05437,C02273,Push,Loyalty Offer,2025-08-07,1,0,0,0,3.05
M05438,C04468,Push,New Arrival,2025-11-29,1,1,0,0,6.77
M05439,C02079,Email,Weekend Offer,2025-11-22,1,0,0,0,7.83
M05440,C01025,Push,Clearance,2025-10-22,1,0,0,0,1.83
M05441,C02244,Social,Festive Sale,2025-07-03,1,0,0,0,4.63
M05442,C04670,SMS,Loyalty Offer,2025-10-09,1,0,0,0,4.92
M05443,C00608,Email,Clearance,2025-04-13,1,0,0,0,2.71
M05444,C02131,Email,Win Back,2025-08-14,1,1,0,0,2.95
M05445,C00659,SMS,Weekend Offer,2025-12-17,1,1,1,0,0.5
M05446,C00788,Email,Clearance,2025-11-02,1,1,0,0,2.21
M05447,C01314,Email,Win Back,2025-10-17,1,1,0,0,4.81
M05448,C00379,Email,Weekend Offer,2025-07-20,1,1,1,0,3.68
M05449,C02870,Social,Win Back,2025-04-09,1,0,0,0,5.58
M05450,C03856,Social,New Arrival,2025-04-15,1,1,0,0,5.69
M05451,C04626,Email,Festive Sale,2025-04-14,1,0,0,0,1.38
M05452,C04284,Social,Clearance,2025-03-12,1,1,1,1,4.7
M05453,C02358,Social,Festive Sale,2025-08-16,1,1,0,0,1.32
M05454,C04632,Email,New Arrival,2025-01-19,1,0,0,0,6.68
M05455,C02289,Social,New Arrival,2025-04-25,1,1,0,0,6.08
M05456,C03600,Social,Loyalty Offer,2025-08-23,1,0,0,0,6.34
M05457,C04593,Email,Loyalty Offer,2025-09-17,1,0,0,0,7.77
M05458,C03249,SMS,Weekend Offer,2025-08-28,1,1,1,1,2.22
M05459,C03750,Email,Win Back,2025-02-12,1,0,0,0,4.11
M05460,C01839,Push,Clearance,2025-09-26,1,0,0,0,1.94
M05461,C00608,Email,Weekend Offer,2025-05-29,1,0,0,0,2.86
M05462,C00844,Email,Loyalty Offer,2025-09-12,1,1,0,0,3.87
M05463,C01786,Email,Loyalty Offer,2025-12-13,1,0,0,0,2.74
M05464,C02761,Email,Clearance,2025-11-04,1,0,0,0,7.32
M05465,C04383,Push,Win Back,2025-09-09,1,0,0,0,7.24
M05466,C03883,Social,Festive Sale,2025-12-20,1,1,0,0,2.81
M05467,C01674,Push,Festive Sale,2025-06-05,1,0,0,0,4.94
M05468,C04149,Social,Festive Sale,2025-12-13,1,0,0,0,7.83
M05469,C00436,SMS,Festive Sale,2025-04-10,1,1,1,0,6.87
M05470,C03550,Social,Win Back,2025-08-27,1,0,0,0,3.67
M05471,C04221,Social,Clearance,2025-09-12,1,1,0,0,2.23
M05472,C03718,Social,Clearance,2025-10-05,1,0,0,0,1.38
M05473,C04009,Email,Weekend Offer,2025-12-25,1,1,1,1,1.17
M05474,C02838,Push,Festive Sale,2025-02-23,1,0,0,0,2.42
M05475,C03517,Email,Loyalty Offer,2025-10-30,1,1,1,0,0.99
M05476,C02882,Social,New Arrival,2025-08-02,1,0,0,0,1.4
M05477,C03220,Email,Clearance,2025-05-20,1,1,1,0,7.78
M05478,C04316,Social,Festive Sale,2025-09-05,1,0,0,0,1.64
M05479,C03842,Email,Loyalty Offer,2025-01-25,1,1,1,0,7.01
M05480,C01479,Email,New Arrival,2025-03-17,1,1,0,0,6.66
M05481,C02138,Email,Weekend Offer,2025-12-01,1,0,0,0,5.22
M05482,C04065,Email,New Arrival,2025-05-14,1,1,1,1,3.85
M05483,C03354,Social,New Arrival,2025-05-07,1,0,0,0,5.6
M05484,C02120,Social,Weekend Offer,2025-05-11,1,0,0,0,3.34
M05485,C04963,Email,Loyalty Offer,2025-10-15,1,1,1,1,5.42
M05486,C03007,Email,Win Back,2025-12-31,1,1,1,0,6.2
M05487,C04314,Social,Weekend Offer,2025-12-03,1,0,0,1,0.99
M05488,C01774,Social,Festive Sale,2025-10-12,1,1,0,0,5.84
M05489,C01618,SMS,Clearance,2025-04-03,1,0,1,0,0.69
M05490,C02240,Social,Festive Sale,2025-07-25,1,0,0,0,4.09
M05491,C01471,Social,Weekend Offer,2025-03-09,1,0,0,0,1.03
M05492,C02264,Email,Win Back,2025-12-30,1,0,0,0,4.52
M05493,C02700,Social,New Arrival,2025-01-23,1,1,1,0,2.01
M05494,C02322,Email,Weekend Offer,2025-01-27,1,0,0,0,0.96
M05495,C00496,Email,Weekend Offer,2025-09-23,1,0,0,0,6.62
M05496,C01089,Push,New Arrival,2025-08-10,1,1,0,0,2.68
M05497,C03948,Email,Win Back,2025-10-15,1,0,0,0,5.97
M05498,C00996,Push,Loyalty Offer,2025-06-23,1,1,0,0,5.0
M05499,C04662,SMS,Loyalty Offer,2025-04-02,1,1,1,0,1.59
M05500,C01147,SMS,New Arrival,2025-01-13,1,0,0,0,3.71
M05501,C04882,Push,Festive Sale,2025-04-10,1,1,0,0,2.39
M05502,C04559,Push,Clearance,2025-01-14,1,0,0,0,3.27
M05503,C00662,Email,Weekend Offer,2025-07-08,1,0,0,0,7.43
M05504,C02700,Push,Festive Sale,2025-09-03,1,1,0,0,4.48
M05505,C04771,Push,Clearance,2025-09-10,1,1,0,1,5.2
M05506,C04130,Email,Weekend Offer,2025-05-17,1,1,0,0,4.57
M05507,C00268,Push,Clearance,2025-11-08,1,0,0,0,6.36
M05508,C00426,SMS,Weekend Offer,2025-03-04,1,0,0,0,5.49
M05509,C00929,Push,Loyalty Offer,2025-10-20,1,1,0,0,6.51
M05510,C04481,Push,Clearance,2025-10-21,1,0,0,0,7.52
M05511,C04502,SMS,Loyalty Offer,2025-12-20,1,1,0,0,3.49
M05512,C04206,Push,Festive Sale,2025-01-09,1,0,0,0,3.27
M05513,C01059,Email,Win Back,2025-04-02,1,0,0,0,2.68
M05514,C02633,Social,Weekend Offer,2025-05-24,1,1,0,0,1.49
M05515,C04181,Push,Win Back,2025-08-12,1,1,1,0,3.66
M05516,C03138,Email,New Arrival,2025-11-26,1,1,1,0,4.64
M05517,C04664,Email,Loyalty Offer,2025-10-14,1,0,0,0,3.87
M05518,C00721,Social,Festive Sale,2025-10-13,1,1,1,0,5.29
M05519,C00118,Push,Weekend Offer,2025-02-21,1,0,0,0,1.34
M05520,C01768,Email,Festive Sale,2025-07-24,1,1,0,0,7.49
M05521,C01060,Push,Win Back,2025-02-27,1,0,0,0,7.83
M05522,C03181,Email,Loyalty Offer,2025-06-26,1,1,0,0,4.25
M05523,C03216,Social,Win Back,2025-06-07,1,0,0,0,5.53
M05524,C00253,SMS,Clearance,2025-11-11,1,1,1,0,4.17
M05525,C02525,Email,Clearance,2025-12-05,1,0,0,0,4.42
M05526,C01210,SMS,Weekend Offer,2025-07-02,1,0,0,0,5.49
M05527,C04024,SMS,Win Back,2025-07-10,1,0,0,0,4.1
M05528,C02845,Push,Clearance,2025-01-31,1,0,0,0,7.89
M05529,C01241,Email,Clearance,2025-07-31,1,1,1,1,3.98
M05530,C01280,Social,Clearance,2025-11-29,1,0,0,0,4.65
M05531,C00682,Email,Loyalty Offer,2025-03-25,1,1,0,0,4.13
M05532,C02970,Social,Festive Sale,2025-09-11,1,0,0,0,5.1
M05533,C00163,Social,Win Back,2025-07-16,1,0,0,0,3.35
M05534,C04212,SMS,Festive Sale,2025-04-10,1,0,0,0,6.92
M05535,C00311,SMS,New Arrival,2025-10-04,1,0,0,0,6.66
M05536,C01258,Email,Festive Sale,2025-10-30,1,0,1,0,7.6
M05537,C00832,SMS,Festive Sale,2025-04-19,1,1,1,0,4.34
M05538,C04751,Email,Weekend Offer,2025-07-22,1,0,0,0,5.65
M05539,C03533,Push,Festive Sale,2025-08-01,1,0,0,0,1.29
M05540,C02770,Email,New Arrival,2025-03-11,1,1,0,0,4.41
M05541,C00920,Social,Loyalty Offer,2025-08-17,1,0,0,0,2.89
M05542,C04317,Email,Loyalty Offer,2025-01-09,1,0,0,0,4.59
M05543,C04670,SMS,New Arrival,2025-05-17,1,0,0,0,6.46
M05544,C01258,Social,Clearance,2025-01-28,1,0,0,0,1.78
M05545,C02711,Social,New Arrival,2025-04-06,1,0,0,0,1.86
M05546,C01042,Push,Weekend Offer,2025-11-16,1,0,0,0,7.94
M05547,C02283,Email,New Arrival,2025-04-02,1,1,0,0,5.69
M05548,C04623,Social,Clearance,2025-04-08,1,0,0,0,6.76
M05549,C04441,Social,New Arrival,2025-04-02,1,1,0,0,3.89
M05550,C03191,Email,Festive Sale,2025-08-19,1,0,0,0,0.56
M05551,C04751,Email,Weekend Offer,2025-11-11,1,1,1,1,1.55
M05552,C02080,Social,New Arrival,2025-07-15,1,0,0,0,0.73
M05553,C01636,Push,Win Back,2025-02-14,1,1,0,0,0.51
M05554,C02088,Push,Weekend Offer,2025-07-14,1,0,0,0,1.23
M05555,C02065,Push,New Arrival,2025-03-20,1,1,0,0,6.3
M05556,C02394,Email,New Arrival,2025-01-13,1,1,0,0,4.5
M05557,C00596,Email,Win Back,2025-05-19,1,0,0,0,4.82
M05558,C02599,Push,Weekend Offer,2025-10-01,1,1,1,0,0.53
M05559,C01645,SMS,Win Back,2025-12-05,1,0,0,0,6.63
M05560,C04443,Email,Win Back,2025-12-30,1,1,1,0,1.95
M05561,C04722,SMS,Festive Sale,2025-05-16,1,1,0,0,6.84
M05562,C03316,Email,Win Back,2025-03-13,1,1,0,0,1.73
M05563,C02478,Email,Weekend Offer,2025-03-02,1,0,0,0,7.42
M05564,C04940,SMS,New Arrival,2025-08-23,1,0,0,0,3.19
M05565,C02228,Email,Win Back,2025-09-10,1,0,0,0,3.97
M05566,C00529,Social,Loyalty Offer,2025-01-21,1,0,0,0,4.04
M05567,C03009,Email,Weekend Offer,2025-03-21,1,1,0,0,6.65
M05568,C00413,Email,Loyalty Offer,2025-09-05,1,1,0,0,7.28
M05569,C03278,Push,Win Back,2025-05-01,1,0,0,0,4.48
M05570,C01229,Email,Win Back,2025-09-21,1,1,0,0,2.9
M05571,C01198,Push,Win Back,2025-02-17,1,1,0,0,0.68
M05572,C02926,Push,Clearance,2025-04-22,1,0,0,0,6.43
M05573,C00792,Email,Win Back,2025-03-26,1,0,1,0,3.43
M05574,C01726,Email,Win Back,2025-07-09,1,0,0,0,5.54
M05575,C00518,Push,Loyalty Offer,2025-12-25,1,1,1,0,4.52
M05576,C01999,Email,Clearance,2025-02-02,1,0,0,0,5.25
M05577,C02147,SMS,New Arrival,2025-01-21,1,0,0,0,1.8
M05578,C00408,Email,Loyalty Offer,2025-01-21,1,1,0,0,2.61
M05579,C01354,Email,Loyalty Offer,2025-05-21,1,0,0,0,6.64
M05580,C04300,Email,Win Back,2025-10-27,1,0,0,0,4.49
M05581,C02253,Push,Win Back,2025-05-12,1,0,0,0,2.51
M05582,C03720,Email,Festive Sale,2025-08-11,1,0,0,0,1.12
M05583,C00445,Email,Weekend Offer,2025-10-10,1,0,0,0,2.89
M05584,C00456,Social,Weekend Offer,2025-03-22,1,0,0,0,1.75
M05585,C00731,SMS,New Arrival,2025-05-20,1,0,0,0,3.77
M05586,C01931,Email,Loyalty Offer,2025-10-21,1,0,0,0,4.04
M05587,C01139,Social,New Arrival,2025-12-13,1,1,0,0,5.2
M05588,C01905,Email,New Arrival,2025-11-30,1,0,0,0,6.44
M05589,C03545,Email,Loyalty Offer,2025-12-08,1,1,1,1,5.42
M05590,C04885,Social,New Arrival,2025-02-27,1,0,0,0,6.14
M05591,C01013,Email,Loyalty Offer,2025-03-21,1,1,0,0,7.52
M05592,C03626,SMS,New Arrival,2025-08-31,1,1,1,0,6.55
M05593,C02434,Social,Win Back,2025-07-20,1,1,0,0,5.79
M05594,C03542,Email,Clearance,2025-08-24,1,0,0,0,7.82
M05595,C02810,Email,Loyalty Offer,2025-02-20,1,0,0,0,6.17
M05596,C01217,Email,Clearance,2025-06-17,1,0,0,0,3.26
M05597,C04384,Email,Clearance,2025-06-08,1,1,0,0,2.8
M05598,C00779,Email,New Arrival,2025-12-24,1,0,0,0,1.85
M05599,C00324,Email,Clearance,2025-11-18,1,0,0,0,5.45
M05600,C00480,Email,Clearance,2025-12-18,1,0,0,0,3.33
M05601,C00664,Email,Weekend Offer,2025-05-05,1,1,0,0,7.86
M05602,C01915,Push,New Arrival,2025-10-31,1,0,0,0,3.78
M05603,C02667,Social,Festive Sale,2025-12-10,1,1,0,0,7.46
M05604,C01845,Social,Win Back,2025-01-02,1,0,0,0,7.6
M05605,C02268,Social,Loyalty Offer,2025-11-21,1,1,0,0,2.51
M05606,C01669,Social,Clearance,2025-04-29,1,0,0,0,5.0
M05607,C04372,Email,Festive Sale,2025-01-29,1,1,0,0,4.29
M05608,C04449,Social,Win Back,2025-10-01,1,0,0,0,7.16
M05609,C02068,Email,Festive Sale,2025-05-30,1,0,1,0,5.88
M05610,C02588,Social,New Arrival,2025-08-15,1,1,1,0,3.96
M05611,C03133,Social,Weekend Offer,2025-07-30,1,0,0,0,7.57
M05612,C00834,SMS,Win Back,2025-06-19,1,0,0,0,6.23
M05613,C00074,Email,New Arrival,2025-08-20,1,0,0,0,1.05
M05614,C02730,Email,Clearance,2025-06-05,1,0,0,0,4.21
M05615,C01750,Push,Festive Sale,2025-01-25,1,1,0,0,5.22
M05616,C00292,Email,Win Back,2025-10-06,1,1,0,0,7.78
M05617,C03509,SMS,Loyalty Offer,2025-05-25,1,0,1,1,6.18
M05618,C04256,Email,Weekend Offer,2025-08-02,1,0,0,0,5.91
M05619,C03582,SMS,Win Back,2025-10-19,1,0,0,0,5.76
M05620,C00446,SMS,Loyalty Offer,2025-07-21,1,1,0,0,2.58
M05621,C01711,Email,Loyalty Offer,2025-02-24,1,0,0,0,3.32
M05622,C04398,Social,Clearance,2025-01-15,1,0,0,0,6.27
M05623,C04900,SMS,Clearance,2025-11-11,1,0,0,0,6.01
M05624,C03127,SMS,New Arrival,2025-02-17,1,1,0,0,2.03
M05625,C04975,Email,Weekend Offer,2025-11-05,1,1,1,1,3.21
M05626,C02241,SMS,Clearance,2025-02-05,1,0,0,0,0.6
M05627,C01520,Email,Festive Sale,2025-01-10,1,1,0,0,4.39
M05628,C00720,Social,Loyalty Offer,2025-03-08,1,0,0,0,2.64
M05629,C00127,Push,Loyalty Offer,2025-07-28,1,0,0,0,4.29
M05630,C00851,Social,New Arrival,2025-05-10,1,0,0,0,3.77
M05631,C04654,Email,Win Back,2025-12-21,1,1,0,0,1.36
M05632,C00950,Email,Win Back,2025-08-21,1,1,0,0,7.01
M05633,C02206,Social,Win Back,2025-11-16,1,0,0,0,6.4
M05634,C03865,SMS,Festive Sale,2025-02-02,1,0,0,0,7.97
M05635,C01544,Social,Loyalty Offer,2025-05-07,1,1,0,0,3.12
M05636,C04539,SMS,Loyalty Offer,2025-04-20,1,1,0,0,3.72
M05637,C00515,SMS,New Arrival,2025-03-17,1,1,0,0,7.97
M05638,C00871,Social,Weekend Offer,2025-09-20,1,0,0,0,5.32
M05639,C01508,Email,Loyalty Offer,2025-06-13,1,1,0,0,3.16
M05640,C02022,SMS,New Arrival,2025-04-28,1,0,0,0,5.1
M05641,C03654,Social,Weekend Offer,2025-11-22,1,0,0,0,5.38
M05642,C04523,Email,Weekend Offer,2025-05-24,1,0,0,0,1.58
M05643,C00825,SMS,Weekend Offer,2025-05-20,1,0,0,0,1.72
M05644,C01156,SMS,Festive Sale,2025-03-29,1,0,0,0,6.86
M05645,C02443,Email,Festive Sale,2025-05-22,1,0,0,0,5.33
M05646,C02388,Social,Clearance,2025-05-16,1,0,0,0,2.57
M05647,C03833,Email,Weekend Offer,2025-10-14,1,1,0,0,7.49
M05648,C03794,Push,Loyalty Offer,2025-11-26,1,0,0,0,1.75
M05649,C04499,SMS,Loyalty Offer,2025-09-04,1,0,0,0,5.89
M05650,C02629,Social,Weekend Offer,2025-10-14,1,0,0,0,3.62
M05651,C02219,Email,Weekend Offer,2025-07-21,1,0,0,0,6.32
M05652,C04349,Email,Festive Sale,2025-07-30,1,1,0,0,7.14
M05653,C01311,Email,New Arrival,2025-11-20,1,0,0,0,5.9
M05654,C02879,Email,New Arrival,2025-08-01,1,1,0,0,1.99
M05655,C00099,SMS,Win Back,2025-11-06,1,0,0,0,5.78
M05656,C03914,SMS,New Arrival,2025-02-03,1,0,0,0,6.02
M05657,C03313,SMS,New Arrival,2025-08-09,1,1,0,0,4.97
M05658,C00139,Email,New Arrival,2025-05-27,1,1,0,0,5.55
M05659,C01019,Email,Weekend Offer,2025-04-24,1,0,0,0,0.93
M05660,C00513,SMS,Loyalty Offer,2025-02-10,1,0,0,0,2.24
M05661,C01153,Email,Win Back,2025-05-08,1,0,0,0,5.84
M05662,C01638,Email,New Arrival,2025-05-30,1,1,0,0,6.72
M05663,C00899,Push,Festive Sale,2025-04-01,1,0,0,0,7.19
M05664,C04157,SMS,Weekend Offer,2025-07-28,1,0,0,0,1.34
M05665,C00057,Push,Win Back,2025-04-10,1,1,1,0,6.5
M05666,C00632,Social,Clearance,2025-01-25,1,0,0,0,6.68
M05667,C01539,Email,Loyalty Offer,2025-12-28,1,1,0,0,1.31
M05668,C00055,SMS,Clearance,2025-05-07,1,0,0,0,3.46
M05669,C00158,Social,New Arrival,2025-02-16,1,0,0,0,0.57
M05670,C04788,Email,Weekend Offer,2025-09-01,1,0,0,0,1.97
M05671,C00221,Social,Clearance,2025-10-14,1,0,0,0,6.12
M05672,C01965,SMS,Win Back,2025-03-24,1,1,0,0,7.23
M05673,C00737,Push,Loyalty Offer,2025-12-12,1,0,0,0,7.32
M05674,C01411,Email,New Arrival,2025-03-23,1,0,0,0,3.84
M05675,C02289,Social,Weekend Offer,2025-10-03,1,1,1,1,3.38
M05676,C04424,SMS,Win Back,2025-05-08,1,0,1,1,6.71
M05677,C02755,Email,Loyalty Offer,2025-04-01,1,0,0,0,1.59
M05678,C03038,Social,Weekend Offer,2025-03-15,1,1,0,0,2.1
M05679,C01122,Email,Festive Sale,2025-12-20,1,0,0,0,0.63
M05680,C03540,Social,New Arrival,2025-06-22,1,0,0,0,7.42
M05681,C00363,SMS,New Arrival,2025-01-08,1,1,1,0,1.72
M05682,C03081,SMS,Win Back,2025-01-25,1,1,0,0,4.45
M05683,C00107,Email,Weekend Offer,2025-08-11,1,1,0,0,4.47
M05684,C04293,Email,Clearance,2025-06-25,1,0,0,0,1.83
M05685,C04604,Push,New Arrival,2025-07-06,1,0,0,0,5.64
M05686,C03841,SMS,Weekend Offer,2025-03-18,1,0,0,0,7.79
M05687,C03324,SMS,Weekend Offer,2025-07-14,1,1,0,0,7.53
M05688,C03998,Push,New Arrival,2025-08-13,1,0,0,0,3.66
M05689,C02617,Social,Weekend Offer,2025-06-27,1,0,0,0,6.51
M05690,C00427,Social,Loyalty Offer,2025-02-09,1,0,0,0,3.04
M05691,C00804,Social,New Arrival,2025-06-22,1,1,1,1,2.35
M05692,C03958,Email,Win Back,2025-03-14,1,0,0,0,3.04
M05693,C03979,SMS,Loyalty Offer,2025-08-12,1,0,0,0,5.97
M05694,C00894,SMS,Weekend Offer,2025-11-08,1,0,0,0,1.48
M05695,C03057,Social,Clearance,2025-02-01,1,0,0,0,7.47
M05696,C01096,Email,Festive Sale,2025-10-23,1,0,0,0,2.1
M05697,C00596,Email,Festive Sale,2025-04-04,1,0,0,0,3.37
M05698,C04626,SMS,Clearance,2025-09-01,1,0,0,0,5.32
M05699,C04677,Email,Weekend Offer,2025-07-03,1,1,0,0,6.32
M05700,C01619,Social,Festive Sale,2025-04-16,1,0,0,0,4.53
M05701,C00157,Push,New Arrival,2025-11-07,1,0,0,0,5.79
M05702,C02478,Social,Loyalty Offer,2025-10-28,1,1,1,1,7.33
M05703,C00801,SMS,Loyalty Offer,2025-06-17,1,0,0,0,7.57
M05704,C01347,Email,Win Back,2025-05-17,1,1,0,0,4.7
M05705,C03471,Email,Festive Sale,2025-03-07,1,1,1,0,2.82
M05706,C01617,Email,Clearance,2025-05-08,1,1,0,0,0.93
M05707,C02372,Social,New Arrival,2025-05-08,1,0,0,0,1.93
M05708,C02078,Social,Win Back,2025-07-09,1,0,0,0,7.14
M05709,C03254,Push,Loyalty Offer,2025-11-09,1,0,0,0,5.31
M05710,C01166,SMS,Festive Sale,2025-06-26,1,1,0,0,1.4
M05711,C04843,SMS,New Arrival,2025-09-06,1,1,0,0,5.9
M05712,C00371,Push,Win Back,2025-05-28,1,0,0,0,2.6
M05713,C04387,Email,Weekend Offer,2025-05-22,1,0,0,0,4.1
M05714,C02601,SMS,Clearance,2025-06-26,1,0,0,0,1.08
M05715,C04810,Email,Clearance,2025-03-05,1,0,0,0,0.59
M05716,C02575,Social,New Arrival,2025-12-18,1,1,0,0,7.04
M05717,C04884,SMS,Win Back,2025-08-29,1,0,0,0,3.95
M05718,C04276,Social,Clearance,2025-05-04,1,0,0,0,5.83
M05719,C04170,Social,Weekend Offer,2025-03-25,1,0,0,0,2.98
M05720,C02708,Email,Win Back,2025-09-16,1,1,0,0,2.58
M05721,C01248,SMS,Win Back,2025-12-12,1,0,0,0,3.13
M05722,C02608,Email,Clearance,2025-01-18,1,1,0,0,3.98
M05723,C00062,Email,Clearance,2025-12-01,1,1,1,1,2.73
M05724,C00408,Social,Loyalty Offer,2025-04-07,1,1,0,0,6.21
M05725,C01557,Email,Win Back,2025-07-25,1,0,0,0,3.87
M05726,C01819,SMS,Clearance,2025-04-25,1,1,1,0,1.17
M05727,C02086,SMS,Festive Sale,2025-05-15,1,1,1,1,6.39
M05728,C02017,Email,Festive Sale,2025-05-07,1,0,0,0,6.24
M05729,C03656,SMS,Loyalty Offer,2025-05-12,1,1,0,0,3.12
M05730,C00561,SMS,Loyalty Offer,2025-12-05,1,0,0,0,1.97
M05731,C04796,SMS,Clearance,2025-01-01,1,1,0,1,3.96
M05732,C04429,Push,Festive Sale,2025-01-20,1,1,1,0,1.78
M05733,C00004,Push,Weekend Offer,2025-08-29,1,0,0,0,6.61
M05734,C03488,Email,New Arrival,2025-10-06,1,1,1,0,0.7
M05735,C00179,SMS,Loyalty Offer,2025-02-22,1,1,0,0,4.64
M05736,C04449,Email,Weekend Offer,2025-06-07,1,0,0,0,3.21
M05737,C00437,SMS,Win Back,2025-02-22,1,0,0,0,4.27
M05738,C00369,Push,Weekend Offer,2025-04-24,1,0,0,0,0.93
M05739,C02026,Email,New Arrival,2025-03-02,1,1,0,0,6.46
M05740,C03417,Email,Festive Sale,2025-01-12,1,0,0,0,5.11
M05741,C01425,Email,Clearance,2025-12-24,1,0,0,0,7.35
M05742,C00872,SMS,New Arrival,2025-05-22,1,0,0,0,3.26
M05743,C04532,Social,Win Back,2025-08-11,1,1,0,0,3.45
M05744,C02204,Email,Weekend Offer,2025-05-01,1,1,0,0,1.44
M05745,C02632,Email,Clearance,2025-04-01,1,0,0,0,2.79
M05746,C02913,Social,Festive Sale,2025-11-13,1,0,0,0,5.86
M05747,C01877,SMS,New Arrival,2025-07-09,1,0,0,0,5.7
M05748,C02064,Email,Weekend Offer,2025-09-16,1,1,1,0,6.98
M05749,C01505,Email,Win Back,2025-11-08,1,1,0,0,4.17
M05750,C03303,Push,New Arrival,2025-04-06,1,0,0,0,5.84
M05751,C01192,Email,Clearance,2025-03-08,1,0,0,0,7.56
M05752,C04734,Social,Loyalty Offer,2025-06-28,1,0,0,0,1.19
M05753,C00023,Email,Festive Sale,2025-11-02,1,1,1,1,0.8
M05754,C00323,Email,Festive Sale,2025-11-23,1,1,0,0,5.92
M05755,C01129,Push,Loyalty Offer,2025-01-31,1,1,1,0,0.68
M05756,C00621,Push,Loyalty Offer,2025-03-31,1,0,0,0,3.83
M05757,C00537,Email,Weekend Offer,2025-12-27,1,1,1,1,7.99
M05758,C03327,Social,Clearance,2025-07-27,1,0,0,0,3.54
M05759,C02102,Email,Festive Sale,2025-11-30,1,0,0,0,2.41
M05760,C01295,Email,Weekend Offer,2025-07-17,1,1,0,0,5.04
M05761,C02199,Email,Clearance,2025-07-02,1,1,0,0,2.72
M05762,C02619,Email,Clearance,2025-01-30,1,1,0,0,5.68
M05763,C01339,Social,Weekend Offer,2025-03-24,1,1,0,0,2.15
M05764,C01772,Push,Clearance,2025-11-09,1,0,0,0,5.46
M05765,C01703,Email,Festive Sale,2025-05-22,1,0,0,0,6.56
M05766,C03135,SMS,Weekend Offer,2025-04-03,1,1,1,0,2.8
M05767,C02121,Email,Weekend Offer,2025-11-16,1,1,0,0,7.28
M05768,C00892,Email,Festive Sale,2025-09-11,1,0,0,0,6.0
M05769,C04922,Push,Weekend Offer,2025-06-16,1,0,0,0,1.37
M05770,C01718,Social,Loyalty Offer,2025-05-28,1,0,0,0,3.44
M05771,C02219,Social,Festive Sale,2025-05-11,1,1,0,0,4.45
M05772,C01419,Social,Weekend Offer,2025-01-09,1,0,0,0,6.55
M05773,C00713,Push,Clearance,2025-09-05,1,0,0,0,5.9
M05774,C04365,Social,Loyalty Offer,2025-02-27,1,0,0,0,5.31
M05775,C04687,Social,Clearance,2025-04-18,1,1,0,0,3.28
M05776,C00852,Social,Win Back,2025-10-29,1,1,1,0,2.76
M05777,C00647,Email,Win Back,2025-03-27,1,1,1,0,4.11
M05778,C01233,Social,Loyalty Offer,2025-12-12,1,0,0,0,3.6
M05779,C01156,SMS,Weekend Offer,2025-04-17,1,0,0,0,4.46
M05780,C00091,Email,Loyalty Offer,2025-03-01,1,0,0,0,3.45
M05781,C02060,Social,Loyalty Offer,2025-04-30,1,0,0,0,1.84
M05782,C01983,SMS,Festive Sale,2025-08-22,1,1,0,0,0.88
M05783,C00919,Push,New Arrival,2025-07-14,1,0,0,0,2.74
M05784,C01180,Email,Weekend Offer,2025-11-17,1,1,0,0,4.58
M05785,C04172,Email,New Arrival,2025-04-17,1,0,0,0,3.88
M05786,C02373,Push,Win Back,2025-11-14,1,1,0,1,3.79
M05787,C00228,Email,Win Back,2025-07-18,1,0,0,0,7.1
M05788,C03182,Push,Win Back,2025-04-20,1,0,0,0,1.89
M05789,C02172,Email,Weekend Offer,2025-07-30,1,1,0,0,2.15
M05790,C03333,Email,Win Back,2025-03-04,1,1,0,0,1.31
M05791,C04440,Email,Weekend Offer,2025-05-18,1,0,0,1,2.03
M05792,C02276,Push,Win Back,2025-12-02,1,1,1,0,2.29
M05793,C02509,Email,Clearance,2025-05-15,1,1,0,0,7.84
M05794,C01655,Email,Clearance,2025-12-10,1,0,0,0,6.2
M05795,C03394,Push,Weekend Offer,2025-11-06,1,0,0,0,7.61
M05796,C01230,Social,New Arrival,2025-01-09,1,1,0,0,3.11
M05797,C04615,Push,Loyalty Offer,2025-02-05,1,0,1,0,5.78
M05798,C04259,Social,Weekend Offer,2025-02-08,1,1,1,0,1.06
M05799,C01007,Email,Win Back,2025-03-08,1,1,1,1,4.96
M05800,C03574,Social,Festive Sale,2025-11-22,1,0,0,0,4.06
M05801,C03487,Email,Loyalty Offer,2025-08-18,1,1,0,0,1.05
M05802,C04531,Social,Clearance,2025-01-21,1,1,1,1,5.41
M05803,C00276,Email,Clearance,2025-03-07,1,0,0,0,1.91
M05804,C01601,Social,Loyalty Offer,2025-07-16,1,1,0,0,5.82
M05805,C00976,Push,Loyalty Offer,2025-09-17,1,1,1,1,1.01
M05806,C03866,Email,New Arrival,2025-04-03,1,0,0,0,7.78
M05807,C00057,Push,New Arrival,2025-01-23,1,1,1,0,7.24
M05808,C00915,SMS,Clearance,2025-02-14,1,0,0,0,5.14
M05809,C01079,Email,New Arrival,2025-10-21,1,0,0,0,7.82
M05810,C01450,Social,Clearance,2025-10-30,1,1,1,0,0.68
M05811,C02375,Social,Festive Sale,2025-06-24,1,1,1,1,1.8
M05812,C04486,Social,Festive Sale,2025-05-16,1,1,0,0,4.55
M05813,C01963,Social,Loyalty Offer,2025-02-14,1,0,0,0,5.01
M05814,C03591,Email,New Arrival,2025-08-09,1,1,0,0,0.78
M05815,C02599,Email,Clearance,2025-03-20,1,0,0,0,5.08
M05816,C02200,Email,New Arrival,2025-05-11,1,1,0,0,7.46
M05817,C04221,Social,Festive Sale,2025-08-07,1,1,1,0,4.09
M05818,C01972,Push,Win Back,2025-03-05,1,1,0,0,5.01
M05819,C03930,Social,Festive Sale,2025-03-02,1,0,0,0,4.91
M05820,C00493,Email,Clearance,2025-01-29,1,1,1,0,4.74
M05821,C03928,Email,Loyalty Offer,2025-12-11,1,0,0,0,2.54
M05822,C01672,Social,Win Back,2025-09-13,1,1,1,0,7.34
M05823,C03846,Email,Festive Sale,2025-08-30,1,0,0,0,7.34
M05824,C04399,Social,Festive Sale,2025-01-30,1,0,0,0,0.62
M05825,C03667,Email,Festive Sale,2025-05-25,1,1,0,0,3.45
M05826,C00029,Email,Clearance,2025-06-09,1,0,0,0,1.47
M05827,C04212,Social,New Arrival,2025-11-03,1,0,0,0,7.51
M05828,C01993,Email,New Arrival,2025-01-21,1,0,0,0,3.03
M05829,C03724,Social,Win Back,2025-02-23,1,0,0,0,3.76
M05830,C02011,SMS,Clearance,2025-11-05,1,0,0,0,1.38
M05831,C04874,SMS,Loyalty Offer,2025-02-13,1,0,0,0,4.77
M05832,C04949,SMS,Festive Sale,2025-10-14,1,0,0,0,6.81
M05833,C00982,Email,Clearance,2025-02-23,1,0,0,0,1.18
M05834,C00409,Push,Clearance,2025-06-07,1,1,1,0,0.61
M05835,C02746,Email,Clearance,2025-10-27,1,0,0,0,1.42
M05836,C01826,Social,Weekend Offer,2025-11-11,1,0,0,0,6.62
M05837,C04384,Email,Win Back,2025-11-28,1,0,0,0,7.98
M05838,C04822,Push,New Arrival,2025-03-21,1,0,0,0,7.01
M05839,C01822,Email,Weekend Offer,2025-03-13,1,1,0,0,7.8
M05840,C00042,SMS,Win Back,2025-12-04,1,0,0,0,1.34
M05841,C01728,Push,Clearance,2025-02-25,1,1,1,0,8.0
M05842,C01408,Email,Festive Sale,2025-04-05,1,1,1,1,5.79
M05843,C02256,Email,Festive Sale,2025-05-02,1,0,0,0,3.64
M05844,C03901,Push,Weekend Offer,2025-02-09,1,0,0,0,3.05
M05845,C00918,Social,Festive Sale,2025-02-05,1,0,0,0,3.98
M05846,C00414,Social,Festive Sale,2025-12-06,1,1,1,0,1.8
M05847,C03964,Email,Clearance,2025-09-22,1,1,0,0,6.07
M05848,C04884,SMS,Win Back,2025-10-02,1,1,1,0,1.04
M05849,C01535,Social,Weekend Offer,2025-01-21,1,1,0,0,7.82
M05850,C02269,Email,New Arrival,2025-10-12,1,1,0,1,1.35
M05851,C00892,SMS,Loyalty Offer,2025-04-04,1,0,0,0,5.63
M05852,C02462,Social,Clearance,2025-04-29,1,1,0,0,7.44
M05853,C00236,Email,Festive Sale,2025-06-15,1,0,0,0,1.67
M05854,C04105,Email,New Arrival,2025-04-23,1,0,0,0,7.91
M05855,C02234,Email,Festive Sale,2025-03-08,1,0,0,0,3.78
M05856,C01521,Social,New Arrival,2025-01-10,1,1,0,0,2.56
M05857,C03155,SMS,Win Back,2025-06-19,1,0,0,0,3.21
M05858,C00438,Email,New Arrival,2025-05-04,1,0,0,0,0.55
M05859,C04910,Email,Win Back,2025-06-03,1,1,0,0,7.14
M05860,C02690,SMS,Festive Sale,2025-07-05,1,0,0,0,2.53
M05861,C01658,Email,Festive Sale,2025-11-09,1,1,0,0,0.65
M05862,C01351,Email,Festive Sale,2025-08-27,1,1,1,0,5.4
M05863,C01025,Email,New Arrival,2025-05-07,1,1,0,0,2.89
M05864,C00859,Push,Clearance,2025-07-13,1,0,0,0,3.89
M05865,C00162,Email,Clearance,2025-10-31,1,0,0,0,2.68
M05866,C04205,Email,Loyalty Offer,2025-10-24,1,0,0,0,2.79
M05867,C03231,Social,Festive Sale,2025-04-06,1,1,0,0,2.41
M05868,C03086,Push,Loyalty Offer,2025-10-12,1,0,0,0,3.28
M05869,C03709,Email,Weekend Offer,2025-01-15,1,0,0,0,6.31
M05870,C01819,Push,Clearance,2025-12-01,1,0,0,0,3.07
M05871,C00687,Email,Festive Sale,2025-06-21,1,1,0,0,4.42
M05872,C02513,Social,Festive Sale,2025-10-03,1,1,0,0,4.66
M05873,C01584,Push,New Arrival,2025-12-06,1,1,0,0,1.05
M05874,C03646,Push,New Arrival,2025-03-07,1,1,0,0,0.67
M05875,C03192,Email,Festive Sale,2025-08-16,1,1,1,1,3.75
M05876,C00629,Push,Clearance,2025-07-27,1,0,0,0,5.76
M05877,C02550,Push,Win Back,2025-12-07,1,1,0,0,6.0
M05878,C00785,Email,Festive Sale,2025-03-07,1,0,0,0,2.89
M05879,C02885,Email,Win Back,2025-09-10,1,0,0,0,6.11
M05880,C02334,Email,New Arrival,2025-10-22,1,0,0,0,5.96
M05881,C04838,Email,Win Back,2025-06-20,1,1,0,0,5.02
M05882,C03354,Push,Win Back,2025-03-20,1,0,0,0,4.59
M05883,C04503,Email,Win Back,2025-05-22,1,0,0,0,3.22
M05884,C04349,Email,Win Back,2025-06-25,1,0,0,0,2.59
M05885,C03154,SMS,Weekend Offer,2025-02-25,1,1,1,1,1.54
M05886,C01536,SMS,New Arrival,2025-06-08,1,0,1,0,4.36
M05887,C01228,Email,Weekend Offer,2025-05-04,1,0,0,0,3.52
M05888,C03552,Email,Weekend Offer,2025-04-12,1,0,0,0,2.84
M05889,C04976,Email,Loyalty Offer,2025-09-08,1,0,0,0,7.57
M05890,C01125,Social,Weekend Offer,2025-11-24,1,0,0,0,4.74
M05891,C00988,Social,Festive Sale,2025-08-14,1,1,0,0,1.15
M05892,C00525,Push,Clearance,2025-07-14,1,0,0,0,2.94
M05893,C00735,Email,Festive Sale,2025-11-25,1,0,0,0,1.47
M05894,C02277,SMS,New Arrival,2025-05-08,1,1,1,0,3.27
M05895,C03888,Social,Win Back,2025-10-27,1,1,0,0,6.33
M05896,C04337,Social,Loyalty Offer,2025-07-29,1,1,0,0,1.5
M05897,C03185,SMS,New Arrival,2025-12-16,1,0,0,0,4.01
M05898,C03177,SMS,Festive Sale,2025-08-24,1,1,0,0,5.65
M05899,C02478,Email,New Arrival,2025-02-01,1,1,0,0,2.56
M05900,C03274,Email,Weekend Offer,2025-01-05,1,0,0,0,5.93
M05901,C02139,Push,Weekend Offer,2025-05-21,1,0,0,0,6.65
M05902,C03927,Email,Weekend Offer,2025-03-12,1,0,0,0,4.98
M05903,C03379,Social,Win Back,2025-10-03,1,0,0,0,0.72
M05904,C00494,SMS,Win Back,2025-03-21,1,0,0,0,5.99
M05905,C00326,Email,Win Back,2025-11-30,1,0,1,1,3.18
M05906,C04362,Email,Loyalty Offer,2025-07-24,1,0,0,0,6.54
M05907,C00503,Push,Win Back,2025-12-18,1,1,0,0,1.16
M05908,C00650,Push,New Arrival,2025-04-03,1,0,0,0,5.15
M05909,C02352,Email,Loyalty Offer,2025-04-11,1,1,0,0,4.53
M05910,C02103,Social,Win Back,2025-10-12,1,0,0,0,2.57
M05911,C02439,Email,Weekend Offer,2025-05-02,1,0,0,0,5.35
M05912,C01113,Social,Win Back,2025-07-19,1,1,0,0,3.18
M05913,C02108,SMS,New Arrival,2025-11-01,1,0,0,0,4.04
M05914,C01736,Social,Win Back,2025-12-01,1,1,1,0,2.44
M05915,C03196,Email,Weekend Offer,2025-04-26,1,0,0,0,7.99
M05916,C00383,SMS,Loyalty Offer,2025-09-22,1,0,0,0,2.58
M05917,C00582,Email,Loyalty Offer,2025-06-26,1,1,1,0,5.69
M05918,C01498,Social,Clearance,2025-04-18,1,0,0,0,4.34
M05919,C04572,SMS,New Arrival,2025-07-22,1,0,0,0,3.02
M05920,C03793,Email,Festive Sale,2025-02-19,1,1,1,0,3.68
M05921,C01582,SMS,Clearance,2025-11-19,1,1,1,1,3.75
M05922,C02179,Social,New Arrival,2025-07-20,1,1,0,0,0.91
M05923,C01459,Email,Loyalty Offer,2025-06-23,1,0,0,0,1.09
M05924,C03108,Email,New Arrival,2025-09-20,1,0,0,0,6.25
M05925,C00714,SMS,New Arrival,2025-02-02,1,1,1,1,4.69
M05926,C02660,Push,Weekend Offer,2025-12-08,1,1,0,0,0.84
M05927,C00589,Social,Win Back,2025-05-08,1,0,0,0,4.69
M05928,C04608,Push,New Arrival,2025-02-03,1,1,0,0,6.49
M05929,C03562,SMS,Win Back,2025-01-21,1,0,0,0,6.89
M05930,C00857,Email,Festive Sale,2025-02-26,1,0,0,0,1.28
M05931,C01762,SMS,Clearance,2025-09-08,1,0,0,0,2.14
M05932,C02154,Email,Festive Sale,2025-03-28,1,1,0,0,7.03
M05933,C01995,Email,New Arrival,2025-04-30,1,0,0,0,1.05
M05934,C00389,Email,Festive Sale,2025-06-03,1,0,0,0,1.49
M05935,C01397,Push,Win Back,2025-08-08,1,1,0,0,2.86
M05936,C00909,Email,Weekend Offer,2025-05-12,1,0,0,0,0.76
M05937,C04122,Social,New Arrival,2025-05-19,1,1,1,0,4.51
M05938,C01403,Email,Clearance,2025-10-14,1,1,1,0,2.56
M05939,C03730,Email,Festive Sale,2025-01-28,1,1,1,0,5.43
M05940,C02464,Email,Win Back,2025-12-08,1,1,0,0,3.63
M05941,C03978,Email,Clearance,2025-12-31,1,0,0,0,4.18
M05942,C03164,Email,New Arrival,2025-04-23,1,1,1,0,4.65
M05943,C00029,Push,New Arrival,2025-11-11,1,1,0,0,5.57
M05944,C00318,Email,New Arrival,2025-07-28,1,1,0,0,5.0
M05945,C03224,Email,New Arrival,2025-07-01,1,1,1,0,0.77
M05946,C00242,Push,New Arrival,2025-09-12,1,1,1,0,7.65
M05947,C04708,Email,New Arrival,2025-01-31,1,1,0,0,4.29
M05948,C03625,Email,Weekend Offer,2025-10-25,1,0,0,0,6.49
M05949,C00103,SMS,Festive Sale,2025-08-22,1,0,1,1,2.03
M05950,C01250,Email,Weekend Offer,2025-02-18,1,0,0,0,4.93
M05951,C02038,Email,Win Back,2025-03-10,1,0,0,0,7.98
M05952,C00755,Email,Weekend Offer,2025-09-29,1,1,0,0,7.61
M05953,C04658,Email,Festive Sale,2025-01-20,1,1,0,0,1.34
M05954,C04590,Email,Loyalty Offer,2025-03-08,1,1,0,0,2.49
M05955,C04556,Email,New Arrival,2025-10-03,1,1,0,0,7.68
M05956,C01816,Email,Clearance,2025-10-02,1,0,0,0,7.29
M05957,C01218,Social,Weekend Offer,2025-12-11,1,0,0,0,4.39
M05958,C01074,Email,Clearance,2025-09-02,1,1,0,0,6.72
M05959,C00417,Email,Weekend Offer,2025-07-30,1,0,0,0,5.87
M05960,C01486,Social,Clearance,2025-10-22,1,1,0,0,4.82
M05961,C03572,Social,Clearance,2025-08-10,1,0,0,0,0.66
M05962,C04434,Email,Clearance,2025-02-18,1,0,0,0,3.91
M05963,C02225,Social,Clearance,2025-01-13,1,0,0,0,4.77
M05964,C00444,Email,Win Back,2025-10-23,1,0,0,0,5.02
M05965,C03671,SMS,Loyalty Offer,2025-05-04,1,0,0,1,3.09
M05966,C01305,Social,Win Back,2025-11-10,1,1,0,0,7.45
M05967,C03264,Social,Loyalty Offer,2025-12-19,1,1,1,0,1.47
M05968,C02462,Social,Weekend Offer,2025-04-09,1,0,0,0,1.25
M05969,C00695,Push,Loyalty Offer,2025-05-19,1,1,0,0,7.77
M05970,C03981,Social,Weekend Offer,2025-10-19,1,0,0,0,6.0
M05971,C00820,Social,Festive Sale,2025-11-25,1,1,1,0,7.79
M05972,C02110,Email,Festive Sale,2025-10-01,1,0,0,0,2.99
M05973,C02142,Email,New Arrival,2025-10-23,1,1,0,0,6.93
M05974,C03418,Push,Win Back,2025-04-20,1,1,0,0,1.35
M05975,C03646,Email,Win Back,2025-12-21,1,0,0,0,3.86
M05976,C00225,Social,Clearance,2025-03-10,1,1,1,0,6.47
M05977,C02432,Social,Festive Sale,2025-01-18,1,0,0,0,2.51
M05978,C02869,Social,Win Back,2025-09-02,1,0,0,0,6.62
M05979,C02978,Social,Weekend Offer,2025-10-02,1,1,0,0,7.29
M05980,C02097,Push,New Arrival,2025-07-31,1,1,0,0,1.63
M05981,C00866,Push,Win Back,2025-03-20,1,0,0,0,5.81
M05982,C04769,Social,Festive Sale,2025-03-26,1,0,0,0,3.25
M05983,C01390,Email,Loyalty Offer,2025-12-08,1,0,0,0,1.83
M05984,C01593,Email,Win Back,2025-08-25,1,0,0,0,0.78
M05985,C00967,SMS,Weekend Offer,2025-06-19,1,1,0,0,0.68
M05986,C04949,SMS,Clearance,2025-05-04,1,0,0,0,7.82
M05987,C00637,SMS,Weekend Offer,2025-02-12,1,0,0,0,3.94
M05988,C02189,Social,Clearance,2025-01-07,1,0,0,0,3.69
M05989,C03294,Email,Clearance,2025-10-08,1,1,1,0,1.7
M05990,C02390,Email,Clearance,2025-07-03,1,1,0,0,1.43
M05991,C00169,Email,Win Back,2025-01-09,1,0,0,0,4.69
M05992,C00619,Email,Win Back,2025-09-17,1,0,0,0,4.86
M05993,C03349,Social,Win Back,2025-04-22,1,0,0,0,4.26
M05994,C02216,Social,Clearance,2025-04-22,1,0,0,0,1.77
M05995,C04868,Social,New Arrival,2025-10-02,1,1,0,0,6.72
M05996,C00461,Email,Loyalty Offer,2025-01-08,1,0,0,0,6.98
M05997,C02343,Email,Festive Sale,2025-04-08,1,1,1,0,7.96
M05998,C02400,SMS,Weekend Offer,2025-04-24,1,0,0,0,7.71
M05999,C02251,Email,Loyalty Offer,2025-06-21,1,0,0,0,1.47
M06000,C04022,Push,New Arrival,2025-06-14,1,1,0,0,5.3
M06001,C00726,Email,New Arrival,2025-02-28,1,1,0,0,4.6
M06002,C02445,Push,Weekend Offer,2025-10-10,1,1,1,0,5.59
M06003,C00798,SMS,New Arrival,2025-11-27,1,0,0,0,5.89
M06004,C00434,Email,Festive Sale,2025-09-05,1,0,0,0,6.52
M06005,C04514,Email,Weekend Offer,2025-11-15,1,1,1,1,6.27
M06006,C01011,Email,Weekend Offer,2025-08-31,1,0,0,0,2.36
M06007,C03229,Email,Win Back,2025-08-10,1,0,0,0,7.92
M06008,C04419,Push,Festive Sale,2025-07-29,1,0,0,0,0.64
M06009,C02895,Email,Clearance,2025-09-18,1,1,0,0,0.66
M06010,C03655,Push,Clearance,2025-02-10,1,0,0,0,6.42
M06011,C02142,Email,Loyalty Offer,2025-10-20,1,0,0,0,7.75
M06012,C00196,Email,Weekend Offer,2025-05-18,1,1,0,0,4.49
M06013,C02811,Social,Clearance,2025-02-16,1,0,0,0,3.82
M06014,C04359,Email,Weekend Offer,2025-12-23,1,1,0,0,2.93
M06015,C04294,Email,Loyalty Offer,2025-06-14,1,0,0,0,6.24
M06016,C01573,SMS,Clearance,2025-07-05,1,1,0,0,1.87
M06017,C04184,Email,Weekend Offer,2025-06-16,1,1,1,0,7.77
M06018,C02881,Email,Clearance,2025-03-15,1,0,0,0,0.93
M06019,C01270,Push,Festive Sale,2025-08-09,1,0,0,0,6.84
M06020,C03717,Push,Weekend Offer,2025-08-14,1,0,0,0,7.59
M06021,C04407,Email,Loyalty Offer,2025-11-10,1,0,0,0,5.56
M06022,C01588,Social,Festive Sale,2025-07-15,1,1,0,0,2.99
M06023,C02663,Push,Festive Sale,2025-04-25,1,0,0,0,3.87
M06024,C03031,Email,Festive Sale,2025-02-01,1,1,0,0,5.62
M06025,C01835,Email,Loyalty Offer,2025-08-12,1,0,0,0,7.35
M06026,C04162,Social,Win Back,2025-11-29,1,1,0,0,7.13
M06027,C02822,Email,Weekend Offer,2025-02-03,1,0,0,0,7.41
M06028,C00226,SMS,Win Back,2025-02-14,1,0,0,0,4.48
M06029,C02034,Push,Festive Sale,2025-02-12,1,1,0,0,0.68
M06030,C04990,Email,Festive Sale,2025-12-27,1,1,0,1,1.76
M06031,C00733,Email,Loyalty Offer,2025-07-16,1,0,0,1,5.16
M06032,C03809,Social,New Arrival,2025-08-31,1,0,0,0,4.96
M06033,C00238,Email,Win Back,2025-12-18,1,0,0,0,3.33
M06034,C02355,Email,Weekend Offer,2025-10-06,1,0,0,0,2.07
M06035,C04383,Social,Clearance,2025-12-21,1,0,0,0,7.49
M06036,C00294,Email,Clearance,2025-10-19,1,0,0,0,1.7
M06037,C01636,Social,Loyalty Offer,2025-08-23,1,0,0,0,6.77
M06038,C03829,Social,Weekend Offer,2025-11-07,1,1,0,0,6.38
M06039,C03218,Social,Loyalty Offer,2025-10-07,1,0,0,0,3.34
M06040,C03585,SMS,Festive Sale,2025-11-04,1,0,0,0,5.26
M06041,C04861,Email,New Arrival,2025-12-23,1,0,0,0,2.65
M06042,C02666,SMS,Loyalty Offer,2025-06-13,1,0,0,0,7.96
M06043,C01833,Email,Win Back,2025-11-26,1,1,1,0,1.34
M06044,C04867,Email,New Arrival,2025-09-02,1,0,1,0,3.86
M06045,C00642,Social,New Arrival,2025-07-25,1,0,0,0,7.98
M06046,C00892,Email,Weekend Offer,2025-07-29,1,0,0,0,6.37
M06047,C04565,Email,New Arrival,2025-11-04,1,0,0,0,7.89
M06048,C00411,Email,New Arrival,2025-09-27,1,0,0,0,1.91
M06049,C00214,Social,Weekend Offer,2025-02-06,1,1,0,0,3.84
M06050,C00030,Social,Clearance,2025-05-09,1,0,0,0,7.72
M06051,C02566,Social,Weekend Offer,2025-06-22,1,0,0,0,7.38
M06052,C02164,Social,Clearance,2025-03-01,1,0,0,0,5.63
M06053,C04385,Email,Weekend Offer,2025-01-29,1,1,1,0,2.49
M06054,C04591,Push,Loyalty Offer,2025-10-04,1,0,0,0,2.94
M06055,C01256,Push,Weekend Offer,2025-10-28,1,0,0,0,7.82
M06056,C02539,SMS,Festive Sale,2025-06-30,1,1,0,0,1.94
M06057,C04458,Social,Loyalty Offer,2025-01-05,1,0,0,0,0.75
M06058,C04247,SMS,Clearance,2025-11-23,1,0,0,0,1.73
M06059,C02787,Push,Win Back,2025-02-05,1,1,1,0,3.48
M06060,C04941,Social,Loyalty Offer,2025-03-09,1,1,0,0,1.6
M06061,C02667,Email,Weekend Offer,2025-01-23,1,0,0,0,5.51
M06062,C03541,Social,Win Back,2025-10-02,1,1,1,0,2.45
M06063,C00266,SMS,Weekend Offer,2025-08-01,1,0,0,0,5.39
M06064,C00560,SMS,Festive Sale,2025-11-24,1,1,0,0,1.05
M06065,C03833,Email,Weekend Offer,2025-05-20,1,1,0,0,1.43
M06066,C04675,Social,New Arrival,2025-08-07,1,0,0,0,7.79
M06067,C04785,Social,Clearance,2025-04-20,1,0,0,0,1.34
M06068,C01674,SMS,Win Back,2025-07-04,1,0,0,0,6.06
M06069,C04406,Email,Loyalty Offer,2025-01-27,1,0,0,0,7.27
M06070,C01863,Email,Clearance,2025-12-23,1,0,0,0,6.55
M06071,C01847,SMS,Weekend Offer,2025-02-26,1,0,0,0,5.26
M06072,C01327,SMS,Weekend Offer,2025-08-09,1,1,1,0,3.06
M06073,C04010,Social,Weekend Offer,2025-10-13,1,0,0,0,7.67
M06074,C01862,Push,Clearance,2025-07-08,1,1,0,0,0.8
M06075,C03141,Social,Weekend Offer,2025-05-03,1,1,0,0,1.53
M06076,C00799,SMS,Loyalty Offer,2025-03-07,1,0,0,0,3.19
M06077,C00544,Email,Festive Sale,2025-03-30,1,1,0,0,4.56
M06078,C02713,Social,Weekend Offer,2025-07-06,1,0,0,0,7.82
M06079,C02221,Email,New Arrival,2025-08-01,1,1,0,0,5.23
M06080,C04167,SMS,Win Back,2025-10-11,1,1,1,0,2.8
M06081,C01690,Email,Win Back,2025-04-23,1,0,1,1,3.31
M06082,C01578,SMS,Weekend Offer,2025-09-07,1,0,0,0,1.45
M06083,C00763,Email,Weekend Offer,2025-11-09,1,0,0,0,2.22
M06084,C03803,Email,New Arrival,2025-12-09,1,1,0,0,4.1
M06085,C01663,Social,New Arrival,2025-05-08,1,0,0,0,6.18
M06086,C03773,SMS,New Arrival,2025-02-07,1,0,0,0,1.59
M06087,C00642,SMS,Clearance,2025-09-06,1,1,0,0,2.96
M06088,C01599,Email,Weekend Offer,2025-09-27,1,0,0,0,2.5
M06089,C03715,Email,Loyalty Offer,2025-03-07,1,1,0,0,0.81
M06090,C00362,Social,Festive Sale,2025-10-23,1,0,0,0,4.77
M06091,C02342,Email,New Arrival,2025-07-14,1,1,1,0,2.13
M06092,C02295,Email,Loyalty Offer,2025-10-24,1,0,0,0,1.43
M06093,C02779,Email,New Arrival,2025-12-03,1,1,0,0,3.08
M06094,C01611,Social,Festive Sale,2025-04-16,1,1,1,0,1.21
M06095,C04870,Social,Weekend Offer,2025-09-15,1,1,0,0,4.14
M06096,C02819,Social,Festive Sale,2025-01-29,1,0,0,0,1.11
M06097,C02358,SMS,Festive Sale,2025-11-28,1,0,0,0,5.38
M06098,C01064,SMS,Festive Sale,2025-09-06,1,1,1,0,6.93
M06099,C01762,SMS,Win Back,2025-03-18,1,1,0,0,1.38
M06100,C03304,Email,Win Back,2025-08-16,1,0,0,0,3.77
M06101,C02000,Email,Festive Sale,2025-07-16,1,1,0,0,4.09
M06102,C00966,Push,New Arrival,2025-08-21,1,0,0,0,2.6
M06103,C01603,Email,Clearance,2025-04-23,1,0,0,0,1.53
M06104,C01374,SMS,Win Back,2025-11-19,1,0,0,0,1.9
M06105,C00340,Email,New Arrival,2025-09-17,1,1,0,0,5.04
M06106,C04299,SMS,Win Back,2025-04-11,1,1,1,1,0.56
M06107,C01387,Email,Weekend Offer,2025-07-03,1,0,0,0,1.26
M06108,C03118,Email,Win Back,2025-11-18,1,1,0,0,5.87
M06109,C04759,Social,Clearance,2025-12-19,1,1,0,0,5.32
M06110,C04136,Email,New Arrival,2025-12-29,1,1,0,0,7.03
M06111,C02502,Social,Weekend Offer,2025-09-22,1,0,0,0,5.87
M06112,C02554,Social,Win Back,2025-01-13,1,1,0,0,7.25
M06113,C02868,Email,Festive Sale,2025-02-18,1,1,0,0,3.73
M06114,C01103,Email,Win Back,2025-07-02,1,0,0,0,5.45
M06115,C04947,SMS,Weekend Offer,2025-08-07,1,0,0,0,3.96
M06116,C01539,SMS,Weekend Offer,2025-09-17,1,0,0,0,5.76
M06117,C03647,Email,Weekend Offer,2025-01-09,1,1,1,0,2.89
M06118,C00641,Push,Festive Sale,2025-09-04,1,1,0,0,3.79
M06119,C01972,Social,Win Back,2025-07-30,1,0,0,0,1.88
M06120,C03274,SMS,Weekend Offer,2025-04-02,1,0,0,0,4.7
M06121,C04612,Email,New Arrival,2025-03-15,1,1,1,1,4.92
M06122,C00021,Social,Win Back,2025-11-18,1,0,0,0,1.52
M06123,C04649,Email,Loyalty Offer,2025-08-01,1,1,0,0,2.84
M06124,C00278,Email,Win Back,2025-11-22,1,1,0,0,7.2
M06125,C00634,SMS,Win Back,2025-11-14,1,1,0,0,0.56
M06126,C01532,Social,Loyalty Offer,2025-12-26,1,1,0,0,3.15
M06127,C04232,Email,Weekend Offer,2025-11-04,1,0,0,0,4.69
M06128,C03286,Push,Clearance,2025-05-01,1,0,0,0,6.2
M06129,C04704,Email,Win Back,2025-01-30,1,1,1,0,3.81
M06130,C04020,Social,New Arrival,2025-08-26,1,0,0,0,2.12
M06131,C01861,SMS,New Arrival,2025-07-26,1,1,1,1,3.97
M06132,C03690,Email,Clearance,2025-08-21,1,0,0,0,1.27
M06133,C00305,SMS,Weekend Offer,2025-10-12,1,0,0,0,5.55
M06134,C02961,Email,Weekend Offer,2025-11-24,1,0,0,0,1.68
M06135,C01982,Email,Win Back,2025-10-08,1,0,0,0,2.2
M06136,C00069,SMS,Loyalty Offer,2025-10-10,1,1,0,0,4.03
M06137,C04369,SMS,New Arrival,2025-09-29,1,0,0,0,6.04
M06138,C04923,Social,Festive Sale,2025-08-12,1,1,0,0,1.39
M06139,C01666,Email,Loyalty Offer,2025-12-24,1,0,0,0,3.57
M06140,C02964,Email,Loyalty Offer,2025-03-19,1,1,0,0,1.23
M06141,C01387,Email,New Arrival,2025-12-06,1,0,0,0,0.77
M06142,C03817,Email,Loyalty Offer,2025-04-30,1,1,0,0,1.35
M06143,C00802,Push,Clearance,2025-12-14,1,0,0,0,6.93
M06144,C01647,Push,Win Back,2025-06-18,1,1,0,0,6.36
M06145,C02639,Social,Weekend Offer,2025-01-23,1,1,0,0,1.53
M06146,C01429,Social,Clearance,2025-12-06,1,0,0,0,0.59
M06147,C04805,Email,Win Back,2025-05-11,1,1,1,0,2.35
M06148,C00357,SMS,Weekend Offer,2025-06-20,1,0,0,0,1.92
M06149,C02471,Email,Clearance,2025-10-10,1,1,0,0,6.77
M06150,C03773,Email,Clearance,2025-08-31,1,0,0,0,1.25
M06151,C02602,Social,Win Back,2025-09-24,1,1,1,0,5.82
M06152,C04857,Email,Loyalty Offer,2025-11-28,1,0,0,0,6.63
M06153,C00167,SMS,Festive Sale,2025-11-08,1,0,0,0,3.17
M06154,C01074,Email,Festive Sale,2025-03-16,1,0,0,0,1.58
M06155,C04968,Push,Clearance,2025-11-04,1,0,1,1,0.89
M06156,C01896,Push,Clearance,2025-08-16,1,0,0,0,2.79
M06157,C03019,Email,Clearance,2025-06-09,1,1,0,0,1.4
M06158,C04524,Push,Loyalty Offer,2025-09-15,1,1,0,0,1.85
M06159,C03319,Social,Win Back,2025-10-22,1,0,0,0,7.49
M06160,C04571,Email,Clearance,2025-06-28,1,0,0,0,6.4
M06161,C04209,Email,Loyalty Offer,2025-11-19,1,0,0,0,6.04
M06162,C02681,SMS,Weekend Offer,2025-07-01,1,1,0,0,3.17
M06163,C03028,Push,Win Back,2025-06-28,1,1,0,0,4.46
M06164,C04677,Email,Win Back,2025-12-07,1,1,0,0,3.94
M06165,C03860,Push,Win Back,2025-02-03,1,0,0,0,0.65
M06166,C01127,Social,Festive Sale,2025-03-26,1,1,1,0,6.97
M06167,C01681,Email,Weekend Offer,2025-08-26,1,0,0,0,1.79
M06168,C03844,SMS,Weekend Offer,2025-05-27,1,1,0,0,1.78
M06169,C02832,Push,Weekend Offer,2025-12-09,1,0,0,0,0.5
M06170,C03171,Email,Festive Sale,2025-06-09,1,0,0,0,6.07
M06171,C02736,Email,Weekend Offer,2025-03-13,1,0,1,1,5.26
M06172,C01151,Push,Weekend Offer,2025-08-14,1,0,0,0,5.28
M06173,C02298,Email,Weekend Offer,2025-03-23,1,1,0,0,6.88
M06174,C03830,Push,Festive Sale,2025-07-10,1,1,0,0,6.18
M06175,C02291,Social,Loyalty Offer,2025-06-26,1,1,0,0,2.67
M06176,C03193,SMS,Weekend Offer,2025-07-21,1,0,0,0,0.83
M06177,C04464,Push,Weekend Offer,2025-10-16,1,1,0,0,5.95
M06178,C01467,Email,Loyalty Offer,2025-11-05,1,1,0,0,2.88
M06179,C04823,Social,Loyalty Offer,2025-03-11,1,0,0,0,6.42
M06180,C01568,Email,Festive Sale,2025-11-18,1,0,0,0,3.85
M06181,C03121,Email,Clearance,2025-04-16,1,0,0,0,1.68
M06182,C00925,Social,Win Back,2025-10-22,1,0,0,0,1.61
M06183,C01828,SMS,Win Back,2025-11-19,1,1,1,0,2.36
M06184,C04696,Email,Weekend Offer,2025-09-08,1,0,0,0,3.86
M06185,C04801,SMS,New Arrival,2025-05-13,1,1,0,0,6.83
M06186,C00156,Email,Weekend Offer,2025-07-08,1,0,0,0,3.82
M06187,C04847,Email,Loyalty Offer,2025-08-20,1,1,1,1,6.9
M06188,C00808,SMS,Clearance,2025-12-10,1,0,0,0,0.72
M06189,C02970,Email,Weekend Offer,2025-05-25,1,1,1,0,7.37
M06190,C00748,SMS,Weekend Offer,2025-04-16,1,0,0,0,1.2
M06191,C02998,SMS,New Arrival,2025-11-02,1,0,0,0,0.57
M06192,C03793,Push,Win Back,2025-02-14,1,0,0,0,3.79
M06193,C02552,Email,Clearance,2025-03-23,1,1,1,1,4.57
M06194,C01356,SMS,Win Back,2025-11-03,1,0,0,0,7.41
M06195,C01976,Email,Win Back,2025-12-02,1,0,0,0,0.99
M06196,C00818,Social,Festive Sale,2025-07-31,1,0,0,0,3.13
M06197,C04247,Push,Clearance,2025-07-02,1,0,0,0,3.97
M06198,C00949,Push,Loyalty Offer,2025-03-25,1,0,0,1,2.36
M06199,C00777,Social,Loyalty Offer,2025-06-25,1,0,0,0,5.84
M06200,C02534,Social,Weekend Offer,2025-02-23,1,0,0,0,4.28
M06201,C03484,Push,Clearance,2025-05-31,1,0,0,0,1.7
M06202,C00395,SMS,Clearance,2025-12-29,1,0,0,0,4.16
M06203,C01119,Email,Win Back,2025-08-23,1,0,0,0,2.36
M06204,C04303,Social,Weekend Offer,2025-11-26,1,0,0,0,3.58
M06205,C01932,Email,Win Back,2025-07-09,1,0,0,0,5.32
M06206,C04085,Email,Win Back,2025-03-21,1,0,0,0,2.01
M06207,C03206,Push,Win Back,2025-04-27,1,0,0,0,3.5
M06208,C04695,SMS,Clearance,2025-08-30,1,0,0,0,5.72
M06209,C01870,SMS,New Arrival,2025-08-23,1,0,0,0,4.92
M06210,C04855,Social,Clearance,2025-09-11,1,0,0,0,7.53
M06211,C04318,Social,Festive Sale,2025-06-18,1,0,0,0,5.97
M06212,C02124,Email,Win Back,2025-04-12,1,0,0,0,6.79
M06213,C02291,SMS,Clearance,2025-02-18,1,0,0,0,7.17
M06214,C02484,Email,Win Back,2025-02-04,1,0,0,0,1.95
M06215,C01454,Email,Loyalty Offer,2025-05-10,1,1,0,0,1.47
M06216,C02154,Push,Clearance,2025-11-23,1,0,0,0,2.19
M06217,C04046,Email,Clearance,2025-09-08,1,0,0,0,7.58
M06218,C00565,SMS,Win Back,2025-04-23,1,1,0,0,3.44
M06219,C01165,Email,Festive Sale,2025-02-05,1,0,0,0,4.94
M06220,C02434,SMS,Clearance,2025-02-03,1,0,0,0,1.29
M06221,C00416,Email,Festive Sale,2025-07-22,1,1,0,0,5.63
M06222,C04672,Email,Weekend Offer,2025-12-11,1,1,1,0,6.07
M06223,C01735,Email,Festive Sale,2025-02-06,1,1,0,0,6.37
M06224,C04170,Email,Clearance,2025-06-17,1,1,0,0,0.55
M06225,C04436,Email,Loyalty Offer,2025-11-20,1,0,0,0,6.9
M06226,C01611,SMS,Weekend Offer,2025-03-10,1,0,0,0,6.23
M06227,C01207,Push,Loyalty Offer,2025-05-04,1,0,0,0,5.64
M06228,C01903,SMS,Clearance,2025-04-19,1,1,0,0,1.22
M06229,C04989,Social,Loyalty Offer,2025-06-12,1,1,1,0,0.76
M06230,C04419,Email,Loyalty Offer,2025-07-03,1,1,0,0,8.0
M06231,C04482,Social,Loyalty Offer,2025-05-10,1,1,1,0,2.77
M06232,C03174,Email,Win Back,2025-01-19,1,0,0,0,4.87
M06233,C01835,Push,Win Back,2025-12-22,1,0,0,0,2.11
M06234,C04561,Email,Clearance,2025-01-14,1,0,0,0,5.58
M06235,C01716,SMS,Weekend Offer,2025-05-28,1,1,0,0,2.04
M06236,C03097,SMS,Clearance,2025-06-02,1,1,1,1,1.49
M06237,C03545,Email,Win Back,2025-08-23,1,0,0,0,3.66
M06238,C03786,Social,Festive Sale,2025-06-11,1,0,0,0,5.11
M06239,C02101,SMS,Festive Sale,2025-07-02,1,1,0,0,3.2
M06240,C02595,Email,Win Back,2025-07-04,1,1,0,0,4.3
M06241,C02039,Push,Festive Sale,2025-05-08,1,0,0,0,4.81
M06242,C02046,Social,Clearance,2025-03-14,1,0,0,0,1.07
M06243,C03196,SMS,Weekend Offer,2025-01-27,1,1,1,1,6.67
M06244,C01883,Email,Weekend Offer,2025-06-25,1,1,1,0,3.37
M06245,C01938,SMS,Festive Sale,2025-01-06,1,0,0,0,3.83
M06246,C00502,Email,Festive Sale,2025-12-14,1,1,0,0,7.41
M06247,C04822,Email,New Arrival,2025-02-28,1,0,0,0,0.73
M06248,C02823,Email,Weekend Offer,2025-09-10,1,0,0,0,1.51
M06249,C00309,Email,Weekend Offer,2025-04-10,1,1,1,0,2.34
M06250,C04058,Email,Win Back,2025-03-31,1,0,0,0,5.85
M06251,C01006,Social,Loyalty Offer,2025-04-09,1,0,0,0,7.91
M06252,C04416,Push,Loyalty Offer,2025-02-05,1,1,1,0,3.69
M06253,C01988,Push,Clearance,2025-10-13,1,0,0,0,4.66
M06254,C04409,Email,New Arrival,2025-08-03,1,0,0,0,1.54
M06255,C02806,Social,New Arrival,2025-06-28,1,1,0,0,4.12
M06256,C03527,Email,Loyalty Offer,2025-09-15,1,1,0,0,7.61
M06257,C01543,Email,New Arrival,2025-07-10,1,0,0,0,4.73
M06258,C01539,Email,New Arrival,2025-11-21,1,0,0,0,4.08
M06259,C00616,Push,Win Back,2025-05-08,1,0,0,0,0.54
M06260,C04759,Email,Win Back,2025-09-06,1,1,0,0,6.25
M06261,C01927,Email,New Arrival,2025-11-25,1,0,0,0,7.57
M06262,C04636,Social,Win Back,2025-03-15,1,0,0,0,1.78
M06263,C03718,Social,Loyalty Offer,2025-10-18,1,0,0,0,1.13
M06264,C03335,SMS,Weekend Offer,2025-07-06,1,0,0,0,4.85
M06265,C04839,Email,Clearance,2025-02-02,1,1,0,0,7.62
M06266,C01004,Social,Clearance,2025-01-26,1,0,0,0,2.71
M06267,C00624,Email,New Arrival,2025-08-22,1,0,0,0,1.18
M06268,C02041,Email,Clearance,2025-01-14,1,0,0,0,6.02
M06269,C01797,Email,Clearance,2025-11-20,1,0,0,0,7.55
M06270,C02853,Email,Weekend Offer,2025-02-23,1,0,0,0,0.93
M06271,C01276,Social,Festive Sale,2025-12-26,1,1,1,0,1.53
M06272,C04650,Push,Win Back,2025-09-30,1,1,0,0,3.71
M06273,C01872,Social,New Arrival,2025-05-03,1,1,1,0,2.86
M06274,C00389,SMS,Win Back,2025-08-23,1,0,0,0,2.7
M06275,C02212,Email,Festive Sale,2025-05-14,1,0,0,0,1.03
M06276,C04379,Social,Clearance,2025-04-18,1,0,0,0,7.85
M06277,C04821,Email,New Arrival,2025-08-09,1,0,0,0,5.57
M06278,C01585,Social,Clearance,2025-04-08,1,1,1,0,3.3
M06279,C03555,Email,Loyalty Offer,2025-08-14,1,0,0,0,1.36
M06280,C02540,Social,Weekend Offer,2025-04-03,1,0,0,0,2.92
M06281,C02844,Social,Loyalty Offer,2025-08-26,1,1,0,0,0.61
M06282,C02863,Push,Festive Sale,2025-08-13,1,1,0,0,7.75
M06283,C00312,Email,New Arrival,2025-12-03,1,0,0,0,2.06
M06284,C04192,SMS,Loyalty Offer,2025-01-22,1,1,0,0,2.91
M06285,C04514,Push,Weekend Offer,2025-08-24,1,0,0,0,6.11
M06286,C01426,Push,Loyalty Offer,2025-05-26,1,1,0,0,6.5
M06287,C00757,Email,Loyalty Offer,2025-11-29,1,0,0,0,4.91
M06288,C03674,Social,Clearance,2025-05-25,1,0,0,0,4.37
M06289,C02836,Email,Weekend Offer,2025-09-26,1,0,0,0,1.52
M06290,C04734,Email,Festive Sale,2025-05-04,1,0,0,0,1.17
M06291,C01610,Email,Weekend Offer,2025-08-10,1,0,0,0,1.43
M06292,C00437,Social,Clearance,2025-10-29,1,1,1,0,7.8
M06293,C00626,Social,Win Back,2025-12-08,1,0,0,0,7.12
M06294,C02938,Email,Loyalty Offer,2025-02-01,1,0,0,0,7.23
M06295,C00343,Social,Festive Sale,2025-08-23,1,1,1,0,1.53
M06296,C02178,Email,New Arrival,2025-02-14,1,1,1,1,3.6
M06297,C04958,Push,Win Back,2025-08-24,1,1,1,0,2.91
M06298,C01765,SMS,Win Back,2025-04-25,1,1,0,0,1.95
M06299,C02776,Email,Clearance,2025-11-01,1,0,0,0,3.69
M06300,C02191,Social,Loyalty Offer,2025-07-27,1,1,1,0,2.4
M06301,C03353,SMS,New Arrival,2025-05-01,1,0,0,0,2.92
M06302,C03732,Push,Weekend Offer,2025-09-19,1,1,1,0,1.74
M06303,C02386,Email,Clearance,2025-01-23,1,0,0,0,4.03
M06304,C03495,Social,Loyalty Offer,2025-09-18,1,1,0,0,7.81
M06305,C03692,Email,Clearance,2025-12-19,1,1,1,1,7.35
M06306,C03898,Email,Win Back,2025-05-19,1,1,0,0,1.83
M06307,C00516,Email,Festive Sale,2025-06-11,1,1,1,0,7.65
M06308,C00526,Push,Loyalty Offer,2025-07-04,1,0,0,0,6.53
M06309,C01247,Social,Win Back,2025-03-18,1,0,0,1,3.02
M06310,C04222,Social,Loyalty Offer,2025-06-24,1,0,0,0,4.32
M06311,C02877,SMS,Win Back,2025-10-20,1,0,0,0,1.85
M06312,C00696,SMS,Clearance,2025-02-03,1,0,0,0,3.5
M06313,C02603,Email,Clearance,2025-03-08,1,0,0,0,3.41
M06314,C03186,SMS,Clearance,2025-10-20,1,0,0,0,4.89
M06315,C00932,Email,New Arrival,2025-08-09,1,0,0,0,4.6
M06316,C00961,Email,Festive Sale,2025-12-06,1,1,1,1,5.63
M06317,C04367,SMS,Festive Sale,2025-06-12,1,0,0,0,3.56
M06318,C01711,Email,Loyalty Offer,2025-10-30,1,1,1,1,7.38
M06319,C00334,Push,Weekend Offer,2025-07-18,1,1,0,0,2.85
M06320,C00868,Email,Loyalty Offer,2025-03-05,1,0,0,0,2.61
M06321,C02152,Email,Weekend Offer,2025-11-30,1,1,1,0,7.88
M06322,C00962,Push,Clearance,2025-02-22,1,1,0,0,3.51
M06323,C03163,Push,New Arrival,2025-08-13,1,0,0,0,5.59
M06324,C02512,Push,Festive Sale,2025-07-07,1,1,0,0,5.87
M06325,C04582,Email,Weekend Offer,2025-11-21,1,0,0,0,0.86
M06326,C04629,Email,Weekend Offer,2025-03-16,1,0,0,0,0.92
M06327,C00350,Social,Festive Sale,2025-10-06,1,0,0,0,3.42
M06328,C01385,Email,Festive Sale,2025-12-09,1,0,0,0,2.94
M06329,C04439,Email,Clearance,2025-11-08,1,1,0,0,6.1
M06330,C04262,Email,Weekend Offer,2025-01-31,1,0,0,0,3.92
M06331,C01986,Email,Clearance,2025-03-09,1,1,0,0,4.62
M06332,C03865,Email,Win Back,2025-06-26,1,0,0,0,6.78
M06333,C00813,SMS,Weekend Offer,2025-04-12,1,0,0,0,5.46
M06334,C03021,SMS,Win Back,2025-05-02,1,1,0,0,6.9
M06335,C03346,Push,Clearance,2025-03-06,1,0,0,0,6.69
M06336,C01223,Social,New Arrival,2025-04-16,1,0,0,0,1.6
M06337,C00683,Email,Clearance,2025-08-24,1,1,1,0,0.56
M06338,C04304,Email,Weekend Offer,2025-06-30,1,0,0,0,1.27
M06339,C02177,Email,New Arrival,2025-04-05,1,1,1,1,6.07
M06340,C02884,Email,Loyalty Offer,2025-07-28,1,0,0,0,2.2
M06341,C04118,SMS,Win Back,2025-07-24,1,1,0,0,7.28
M06342,C00505,SMS,Clearance,2025-10-06,1,0,0,0,3.25
M06343,C01942,Email,Loyalty Offer,2025-02-14,1,1,1,0,5.14
M06344,C02941,Email,Win Back,2025-09-13,1,1,0,0,6.54
M06345,C03073,Email,Win Back,2025-09-06,1,1,1,0,1.51
M06346,C01521,SMS,New Arrival,2025-04-24,1,0,0,0,5.21
M06347,C04167,Email,Weekend Offer,2025-02-12,1,0,0,0,2.0
M06348,C00545,SMS,Loyalty Offer,2025-04-15,1,1,0,0,3.2
M06349,C04958,SMS,Win Back,2025-05-31,1,1,1,0,2.07
M06350,C00985,Push,New Arrival,2025-05-27,1,1,0,0,4.46
M06351,C01128,Social,Weekend Offer,2025-11-12,1,0,0,0,3.54
M06352,C00794,Email,Festive Sale,2025-12-04,1,0,0,0,2.0
M06353,C02378,SMS,Festive Sale,2025-11-25,1,0,0,0,6.58
M06354,C00839,Push,Festive Sale,2025-05-21,1,1,0,0,1.09
M06355,C03984,Social,Weekend Offer,2025-10-22,1,0,0,0,2.11
M06356,C03041,Push,New Arrival,2025-11-23,1,0,0,0,5.83
M06357,C00114,Push,Festive Sale,2025-08-16,1,1,0,0,3.52
M06358,C04981,SMS,Festive Sale,2025-03-09,1,1,0,0,5.99
M06359,C01427,Push,Win Back,2025-10-22,1,1,1,1,7.5
M06360,C00345,Email,Weekend Offer,2025-01-11,1,0,0,0,4.76
M06361,C01976,Social,New Arrival,2025-03-24,1,1,1,0,6.8
M06362,C04196,Email,Win Back,2025-10-23,1,0,0,0,3.14
M06363,C04774,Social,New Arrival,2025-09-16,1,0,0,0,4.27
M06364,C01425,Email,Weekend Offer,2025-07-29,1,0,0,0,5.85
M06365,C00961,Social,Loyalty Offer,2025-09-04,1,0,0,0,0.87
M06366,C01928,Social,Clearance,2025-05-15,1,0,0,0,5.67
M06367,C01044,Email,Loyalty Offer,2025-12-24,1,0,0,0,2.24
M06368,C00182,SMS,Festive Sale,2025-07-22,1,0,0,0,6.02
M06369,C00936,Social,Festive Sale,2025-08-03,1,1,0,0,2.66
M06370,C01470,Push,Weekend Offer,2025-03-28,1,1,1,0,3.02
M06371,C00096,SMS,New Arrival,2025-08-20,1,0,0,0,2.1
M06372,C00071,Social,Clearance,2025-04-14,1,1,0,0,3.07
M06373,C01537,SMS,Clearance,2025-06-29,1,0,1,0,3.44
M06374,C00751,Email,Win Back,2025-08-05,1,0,0,0,4.44
M06375,C01635,Email,New Arrival,2025-03-03,1,0,0,0,1.22
M06376,C00890,Social,Festive Sale,2025-05-20,1,1,0,0,4.25
M06377,C02843,SMS,Weekend Offer,2025-01-30,1,1,0,0,6.56
M06378,C04454,Email,Loyalty Offer,2025-05-09,1,0,0,0,7.53
M06379,C00840,Social,Festive Sale,2025-05-27,1,1,0,0,5.01
M06380,C03282,SMS,Loyalty Offer,2025-03-25,1,1,1,0,5.7
M06381,C04044,Email,Clearance,2025-11-13,1,0,0,0,6.6
M06382,C00452,Social,Loyalty Offer,2025-11-11,1,0,0,0,2.25
M06383,C02009,SMS,Win Back,2025-12-25,1,1,1,0,6.69
M06384,C01542,Social,Festive Sale,2025-04-10,1,0,0,0,6.29
M06385,C02753,Social,New Arrival,2025-10-06,1,0,0,0,7.76
M06386,C01732,Email,New Arrival,2025-08-31,1,0,0,0,7.24
M06387,C02887,Social,Win Back,2025-06-28,1,1,1,0,2.06
M06388,C04560,SMS,New Arrival,2025-03-03,1,1,1,0,6.76
M06389,C01344,SMS,New Arrival,2025-05-14,1,0,0,1,6.92
M06390,C01001,Push,Weekend Offer,2025-01-14,1,1,0,0,7.08
M06391,C03499,Social,New Arrival,2025-07-26,1,0,0,0,4.94
M06392,C00614,Email,Weekend Offer,2025-04-16,1,0,0,0,3.5
M06393,C04412,Social,Win Back,2025-06-14,1,0,0,0,7.02
M06394,C04708,SMS,New Arrival,2025-01-27,1,1,1,0,4.11
M06395,C00508,Push,Clearance,2025-02-13,1,0,0,0,6.0
M06396,C02978,Email,Festive Sale,2025-10-16,1,0,0,0,0.93
M06397,C02325,Email,Festive Sale,2025-06-01,1,0,0,0,6.77
M06398,C02443,Email,Win Back,2025-04-20,1,0,0,0,5.66
M06399,C01822,Email,Win Back,2025-09-01,1,0,0,0,7.2
M06400,C04038,Email,Festive Sale,2025-07-01,1,0,0,0,4.29
M06401,C01057,Email,Loyalty Offer,2025-12-14,1,0,0,0,5.18
M06402,C03047,SMS,Clearance,2025-10-09,1,0,0,0,1.29
M06403,C01463,SMS,Win Back,2025-03-15,1,0,0,0,3.92
M06404,C04276,Social,New Arrival,2025-12-07,1,0,0,0,1.89
M06405,C03367,Social,Loyalty Offer,2025-11-30,1,0,0,0,7.94
M06406,C00387,SMS,Win Back,2025-04-15,1,1,0,0,3.64
M06407,C02539,Social,Clearance,2025-11-24,1,0,0,0,6.46
M06408,C00293,Email,Festive Sale,2025-04-28,1,1,1,0,2.26
M06409,C00652,Push,New Arrival,2025-03-21,1,1,0,0,2.88
M06410,C00546,Email,Festive Sale,2025-11-28,1,1,0,0,6.66
M06411,C00257,Social,Clearance,2025-05-26,1,0,0,0,4.82
M06412,C04383,SMS,New Arrival,2025-03-08,1,0,0,0,5.3
M06413,C03394,Email,Festive Sale,2025-09-25,1,1,0,0,0.71
M06414,C00406,Social,Loyalty Offer,2025-10-27,1,1,0,0,1.48
M06415,C00951,Social,Clearance,2025-11-08,1,0,0,0,7.96
M06416,C01223,Email,Win Back,2025-05-30,1,1,0,0,6.11
M06417,C01058,Social,Loyalty Offer,2025-03-20,1,1,0,0,3.73
M06418,C00414,Push,Festive Sale,2025-06-03,1,0,0,0,3.69
M06419,C02373,SMS,Clearance,2025-10-24,1,1,1,0,4.03
M06420,C03018,Email,Loyalty Offer,2025-02-15,1,0,0,0,0.57
M06421,C03487,SMS,New Arrival,2025-11-16,1,0,0,0,3.32
M06422,C02212,Email,Loyalty Offer,2025-04-04,1,0,0,0,7.53
M06423,C04346,Email,Clearance,2025-11-05,1,1,0,0,3.9
M06424,C02791,SMS,Weekend Offer,2025-01-09,1,0,0,0,2.89
M06425,C01598,Email,Festive Sale,2025-02-23,1,1,0,0,4.86
M06426,C03774,Social,Weekend Offer,2025-09-20,1,1,0,0,2.22
M06427,C03416,SMS,New Arrival,2025-11-07,1,0,0,0,0.8
M06428,C01088,SMS,Festive Sale,2025-02-05,1,1,0,0,2.07
M06429,C04510,Email,Clearance,2025-09-25,1,1,1,1,2.65
M06430,C01248,Social,Clearance,2025-05-26,1,1,0,0,1.69
M06431,C01032,Push,New Arrival,2025-05-31,1,0,0,0,6.51
M06432,C03794,Push,New Arrival,2025-10-12,1,0,0,0,3.86
M06433,C04799,Email,Weekend Offer,2025-07-21,1,1,0,0,5.6
M06434,C02929,Push,Festive Sale,2025-04-07,1,1,1,0,5.02
M06435,C01137,Push,Win Back,2025-07-17,1,1,1,0,7.38
M06436,C00324,Email,New Arrival,2025-06-03,1,0,0,0,1.43
M06437,C03980,SMS,Win Back,2025-01-10,1,1,1,1,4.52
M06438,C01028,Push,Festive Sale,2025-06-10,1,0,0,0,6.22
M06439,C01634,Social,Clearance,2025-04-04,1,1,1,0,6.88
M06440,C02040,SMS,Clearance,2025-02-18,1,0,0,0,2.99
M06441,C00582,Email,Win Back,2025-01-02,1,1,0,0,7.96
M06442,C04298,Push,Clearance,2025-12-27,1,1,0,0,3.05
M06443,C01299,Email,Festive Sale,2025-12-06,1,0,1,0,3.04
M06444,C00808,SMS,Weekend Offer,2025-07-06,1,0,0,0,4.72
M06445,C03676,Email,Clearance,2025-02-19,1,1,1,0,1.35
M06446,C01623,Email,Weekend Offer,2025-05-17,1,1,0,0,1.7
M06447,C02909,Email,New Arrival,2025-03-06,1,0,0,0,3.93
M06448,C03844,Social,Weekend Offer,2025-08-26,1,0,0,0,1.43
M06449,C02225,Email,Weekend Offer,2025-10-15,1,0,0,0,7.68
M06450,C02657,Email,Festive Sale,2025-07-01,1,1,0,0,7.91
M06451,C01068,SMS,Weekend Offer,2025-08-22,1,1,1,1,0.94
M06452,C03102,SMS,Weekend Offer,2025-06-22,1,0,0,0,2.51
M06453,C01928,SMS,Weekend Offer,2025-09-26,1,0,0,0,5.46
M06454,C03864,SMS,Weekend Offer,2025-10-12,1,0,0,0,3.24
M06455,C03387,Email,Win Back,2025-09-16,1,0,0,0,2.87
M06456,C04688,Email,Clearance,2025-09-22,1,0,0,0,5.97
M06457,C01278,Push,New Arrival,2025-10-12,1,1,1,0,5.04
M06458,C00370,Social,Win Back,2025-11-21,1,1,0,0,7.46
M06459,C03934,Email,Clearance,2025-12-03,1,0,1,0,7.98
M06460,C01850,Email,Loyalty Offer,2025-08-29,1,0,0,0,4.91
M06461,C04991,Social,New Arrival,2025-10-08,1,1,0,0,1.07
M06462,C02734,Email,Clearance,2025-04-30,1,0,0,0,2.21
M06463,C00779,Social,Win Back,2025-10-07,1,0,0,1,5.06
M06464,C03379,Social,Festive Sale,2025-02-21,1,1,1,0,1.04
M06465,C02046,Social,Festive Sale,2025-09-23,1,1,0,0,4.65
M06466,C03501,SMS,Loyalty Offer,2025-04-28,1,1,0,0,6.08
M06467,C02714,Email,New Arrival,2025-10-14,1,0,0,0,6.51
M06468,C04320,Social,Weekend Offer,2025-03-29,1,0,0,0,3.22
M06469,C00262,Email,Win Back,2025-06-19,1,0,0,0,5.27
M06470,C03931,Email,Festive Sale,2025-07-19,1,1,0,0,4.66
M06471,C03714,Push,Clearance,2025-04-30,1,1,1,0,6.09
M06472,C02719,Email,Loyalty Offer,2025-12-03,1,1,0,0,4.25
M06473,C00453,Email,Loyalty Offer,2025-09-16,1,1,0,0,6.52
M06474,C03306,Email,Weekend Offer,2025-01-12,1,1,1,0,3.34
M06475,C04357,Email,Clearance,2025-02-28,1,0,0,0,6.8
M06476,C00305,Email,Festive Sale,2025-10-14,1,0,0,0,3.25
M06477,C04085,Push,Win Back,2025-05-04,1,1,0,0,6.48
M06478,C01447,Push,Loyalty Offer,2025-06-23,1,0,0,0,4.33
M06479,C03775,Push,Weekend Offer,2025-01-22,1,0,0,0,4.73
M06480,C01173,Email,New Arrival,2025-10-09,1,0,0,0,4.37
M06481,C02170,SMS,Clearance,2025-09-20,1,1,1,1,3.56
M06482,C01432,Social,Festive Sale,2025-09-13,1,1,1,1,1.43
M06483,C04255,Email,Loyalty Offer,2025-05-02,1,1,1,1,4.82
M06484,C00547,Social,Festive Sale,2025-03-22,1,0,0,0,1.91
M06485,C02551,SMS,Weekend Offer,2025-10-26,1,0,0,0,3.48
M06486,C02547,Social,Win Back,2025-09-07,1,1,0,0,1.72
M06487,C03486,Social,Weekend Offer,2025-04-03,1,1,0,0,5.62
M06488,C04079,Social,Festive Sale,2025-05-07,1,1,1,0,4.2
M06489,C00853,Email,Win Back,2025-11-06,1,1,1,1,1.28
M06490,C04277,Email,Win Back,2025-10-02,1,1,0,0,3.34
M06491,C01408,Email,Festive Sale,2025-11-10,1,1,0,0,7.3
M06492,C02616,Push,Win Back,2025-10-26,1,0,0,0,5.14
M06493,C00858,Social,Weekend Offer,2025-01-21,1,1,0,0,3.17
M06494,C02261,Email,Loyalty Offer,2025-09-27,1,0,0,0,1.78
M06495,C04886,Push,Weekend Offer,2025-11-17,1,1,0,0,7.59
M06496,C02313,Push,Clearance,2025-03-01,1,1,1,0,6.21
M06497,C03853,Email,Weekend Offer,2025-03-07,1,0,0,0,0.9
M06498,C04860,Email,Festive Sale,2025-04-24,1,1,0,0,5.97
M06499,C03202,SMS,Weekend Offer,2025-03-04,1,1,1,0,5.04
M06500,C00524,Email,Win Back,2025-12-06,1,0,0,0,1.24
M06501,C00522,Email,Weekend Offer,2025-03-30,1,1,0,0,7.22
M06502,C04276,Push,New Arrival,2025-05-31,1,0,0,0,0.63
M06503,C00140,Email,Win Back,2025-07-25,1,1,0,0,2.03
M06504,C04465,Social,Win Back,2025-05-10,1,0,0,0,2.65
M06505,C02512,Email,Clearance,2025-02-20,1,0,0,0,4.65
M06506,C00423,Email,Clearance,2025-11-05,1,1,0,0,7.87
M06507,C01859,Push,Win Back,2025-07-12,1,1,0,0,3.22
M06508,C03379,Email,Clearance,2025-07-11,1,0,0,0,6.53
M06509,C03909,Push,New Arrival,2025-11-09,1,0,0,0,1.01
M06510,C00266,Social,Loyalty Offer,2025-11-07,1,0,0,0,1.7
M06511,C04305,Email,Festive Sale,2025-10-20,1,1,0,0,5.86
M06512,C01590,SMS,New Arrival,2025-02-23,1,0,0,0,7.81
M06513,C00789,Push,Weekend Offer,2025-01-02,1,1,0,0,6.45
M06514,C04043,Email,Loyalty Offer,2025-12-17,1,0,0,0,2.66
M06515,C00736,Push,Weekend Offer,2025-02-01,1,0,0,0,0.5
M06516,C03913,Email,Clearance,2025-08-26,1,0,0,0,0.56
M06517,C03318,Email,New Arrival,2025-12-17,1,1,1,0,1.04
M06518,C02885,Push,Festive Sale,2025-09-28,1,1,0,0,2.69
M06519,C01326,SMS,Festive Sale,2025-02-09,1,0,0,0,4.26
M06520,C01870,SMS,Loyalty Offer,2025-04-06,1,0,0,0,1.39
M06521,C04892,Social,Festive Sale,2025-10-18,1,0,0,0,7.79
M06522,C03509,SMS,Clearance,2025-04-22,1,0,0,0,1.98
M06523,C02602,SMS,Win Back,2025-11-02,1,1,0,0,4.95
M06524,C02509,SMS,Weekend Offer,2025-11-28,1,1,1,0,2.14
M06525,C01767,Email,Festive Sale,2025-02-14,1,0,0,0,3.01
M06526,C01334,Email,Clearance,2025-12-08,1,0,0,0,5.71
M06527,C04261,Email,Weekend Offer,2025-11-15,1,0,0,0,5.03
M06528,C03664,Email,Festive Sale,2025-02-19,1,1,0,0,3.08
M06529,C04652,Social,Weekend Offer,2025-07-05,1,0,0,0,3.51
M06530,C02206,Email,Weekend Offer,2025-06-17,1,0,0,0,5.17
M06531,C01620,Email,Festive Sale,2025-07-22,1,0,0,0,1.04
M06532,C00246,Email,Festive Sale,2025-05-18,1,0,0,0,3.0
M06533,C03641,Email,Win Back,2025-05-02,1,1,1,0,2.74
M06534,C04409,Email,Loyalty Offer,2025-05-06,1,0,0,0,3.37
M06535,C01403,Email,Clearance,2025-08-19,1,0,0,0,5.18
M06536,C00983,Email,Festive Sale,2025-05-16,1,0,0,0,2.43
M06537,C02526,Push,Win Back,2025-04-02,1,1,0,0,7.96
M06538,C00796,Social,New Arrival,2025-05-04,1,0,0,0,3.1
M06539,C04006,Email,New Arrival,2025-05-18,1,0,0,0,2.41
M06540,C03972,Email,Loyalty Offer,2025-04-04,1,1,0,0,3.48
M06541,C01291,Social,Weekend Offer,2025-06-04,1,1,0,0,2.75
M06542,C00522,Email,Loyalty Offer,2025-11-09,1,0,0,0,7.72
M06543,C00447,Push,Weekend Offer,2025-07-18,1,0,0,0,1.86
M06544,C01379,SMS,Win Back,2025-04-03,1,0,0,0,2.38
M06545,C01781,SMS,Festive Sale,2025-09-07,1,0,0,0,6.4
M06546,C00986,Push,Clearance,2025-02-19,1,0,0,0,5.19
M06547,C01371,Email,Win Back,2025-09-11,1,1,1,0,2.69
M06548,C03477,Email,Clearance,2025-11-19,1,0,0,0,7.46
M06549,C02297,Push,New Arrival,2025-09-14,1,0,0,0,5.49
M06550,C02133,Social,New Arrival,2025-10-03,1,0,0,0,3.78
M06551,C04203,Email,Weekend Offer,2025-05-18,1,1,0,0,4.34
M06552,C04614,Email,Weekend Offer,2025-03-24,1,1,0,0,7.86
M06553,C00679,Social,Weekend Offer,2025-02-14,1,0,1,1,2.73
M06554,C01287,Social,Weekend Offer,2025-08-14,1,0,0,0,5.33
M06555,C03978,Email,New Arrival,2025-06-23,1,0,0,0,3.21
M06556,C01146,Social,Festive Sale,2025-01-18,1,0,0,0,6.17
M06557,C02525,Push,Loyalty Offer,2025-05-25,1,0,0,0,5.05
M06558,C03051,Email,Clearance,2025-11-23,1,0,0,0,3.24
M06559,C03818,SMS,Win Back,2025-08-01,1,1,1,0,1.0
M06560,C01634,Email,Festive Sale,2025-02-06,1,1,0,0,4.04
M06561,C02713,Push,Clearance,2025-05-15,1,1,0,0,0.85
M06562,C02173,SMS,Weekend Offer,2025-03-12,1,1,0,0,5.69
M06563,C00476,Email,Clearance,2025-09-04,1,0,0,0,4.89
M06564,C01320,Social,Loyalty Offer,2025-03-15,1,1,0,0,0.85
M06565,C01077,Email,New Arrival,2025-08-16,1,0,0,0,1.35
M06566,C02599,Push,New Arrival,2025-11-08,1,0,0,0,2.52
M06567,C00238,Social,Festive Sale,2025-11-29,1,0,0,0,4.72
M06568,C00183,Social,Loyalty Offer,2025-07-15,1,0,0,0,5.75
M06569,C02312,Email,Weekend Offer,2025-11-03,1,0,0,0,7.56
M06570,C03918,Email,Clearance,2025-06-28,1,0,0,0,7.44
M06571,C01098,Email,New Arrival,2025-05-10,1,0,0,0,5.37
M06572,C01929,Email,Win Back,2025-04-16,1,0,0,0,7.51
M06573,C04075,Social,Loyalty Offer,2025-05-15,1,0,0,0,1.53
M06574,C03932,Email,New Arrival,2025-01-19,1,0,0,0,5.9
M06575,C00655,Social,Loyalty Offer,2025-05-05,1,0,0,1,1.6
M06576,C04844,SMS,Weekend Offer,2025-09-11,1,1,1,0,3.61
M06577,C01180,Email,Clearance,2025-11-23,1,0,0,0,5.94
M06578,C00794,Email,Weekend Offer,2025-02-01,1,0,0,0,5.76
M06579,C01556,Social,Festive Sale,2025-03-12,1,0,0,0,1.36
M06580,C00401,SMS,Win Back,2025-05-15,1,0,0,0,7.54
M06581,C04459,SMS,Clearance,2025-08-05,1,1,0,0,4.14
M06582,C00114,Push,New Arrival,2025-10-24,1,0,0,0,8.0
M06583,C04141,SMS,Weekend Offer,2025-10-24,1,0,0,0,7.16
M06584,C04116,Social,Weekend Offer,2025-10-17,1,1,0,0,3.38
M06585,C01613,Social,New Arrival,2025-06-27,1,1,0,0,2.37
M06586,C04888,Social,Loyalty Offer,2025-09-21,1,1,0,0,6.14
M06587,C04940,Email,Weekend Offer,2025-05-30,1,1,0,0,5.07
M06588,C03674,Social,Clearance,2025-06-05,1,1,1,1,3.47
M06589,C02557,Push,Weekend Offer,2025-04-28,1,1,0,0,3.48
M06590,C03831,Email,Clearance,2025-02-05,1,0,0,0,6.13
M06591,C00096,Social,Weekend Offer,2025-02-21,1,0,0,0,3.52
M06592,C02373,Email,Weekend Offer,2025-09-30,1,0,0,0,7.47
M06593,C03601,Social,Clearance,2025-10-27,1,0,0,0,6.95
M06594,C03203,Email,Weekend Offer,2025-08-10,1,0,0,0,6.52
M06595,C01500,Social,Loyalty Offer,2025-11-22,1,0,0,0,3.59
M06596,C01356,Email,Loyalty Offer,2025-10-07,1,1,1,0,2.28
M06597,C03232,Social,Weekend Offer,2025-06-21,1,0,0,0,7.89
M06598,C04982,Email,Loyalty Offer,2025-08-16,1,1,0,0,1.36
M06599,C00257,Push,Win Back,2025-09-10,1,1,0,0,2.06
M06600,C00221,Email,Win Back,2025-01-31,1,0,0,0,1.32
M06601,C02592,Email,New Arrival,2025-12-15,1,1,1,0,7.42
M06602,C02961,Email,New Arrival,2025-03-16,1,0,0,0,4.54
M06603,C02587,Email,Clearance,2025-08-26,1,1,0,0,2.74
M06604,C04785,SMS,Win Back,2025-10-02,1,1,0,1,2.67
M06605,C03795,SMS,Loyalty Offer,2025-03-13,1,0,0,0,0.6
M06606,C01520,SMS,Loyalty Offer,2025-03-05,1,0,0,0,1.5
M06607,C04244,Social,Weekend Offer,2025-12-14,1,0,0,0,6.51
M06608,C03721,SMS,Clearance,2025-10-07,1,0,0,0,6.75
M06609,C02675,Social,New Arrival,2025-06-23,1,1,0,0,4.98
M06610,C03831,Social,Clearance,2025-09-11,1,0,0,0,3.76
M06611,C00490,Social,Loyalty Offer,2025-07-12,1,1,0,0,2.0
M06612,C01568,Email,Loyalty Offer,2025-03-02,1,1,1,0,6.4
M06613,C01226,Social,Weekend Offer,2025-03-12,1,1,1,0,6.08
M06614,C03351,Push,Clearance,2025-10-02,1,0,0,0,3.99
M06615,C01230,Social,Win Back,2025-11-17,1,1,1,1,3.09
M06616,C03889,Push,Clearance,2025-10-21,1,0,0,0,1.61
M06617,C03761,Email,Weekend Offer,2025-04-07,1,1,1,1,7.49
M06618,C04706,Email,Festive Sale,2025-08-20,1,1,1,1,6.84
M06619,C02243,Social,Loyalty Offer,2025-03-21,1,1,0,0,7.65
M06620,C04462,Email,Weekend Offer,2025-08-09,1,1,0,0,2.22
M06621,C02193,Email,Loyalty Offer,2025-10-03,1,0,0,0,5.6
M06622,C00771,SMS,Weekend Offer,2025-02-26,1,1,0,0,4.08
M06623,C03662,Social,Clearance,2025-08-13,1,1,0,0,3.36
M06624,C04091,Social,New Arrival,2025-09-06,1,1,0,0,4.3
M06625,C00972,SMS,Loyalty Offer,2025-06-12,1,0,0,0,2.8
M06626,C01425,Push,Loyalty Offer,2025-08-12,1,0,0,0,4.12
M06627,C00108,Push,Weekend Offer,2025-07-16,1,0,0,0,5.59
M06628,C01631,Social,Clearance,2025-05-22,1,0,0,0,5.82
M06629,C01847,Email,Win Back,2025-03-11,1,1,0,0,0.77
M06630,C00589,SMS,Loyalty Offer,2025-10-17,1,0,0,0,2.28
M06631,C04766,Email,New Arrival,2025-05-12,1,0,0,0,3.92
M06632,C01783,Email,Clearance,2025-10-10,1,1,0,0,1.52
M06633,C00585,Push,Win Back,2025-11-22,1,1,0,0,3.58
M06634,C02111,Email,Festive Sale,2025-01-22,1,1,1,0,5.39
M06635,C00899,Social,Weekend Offer,2025-12-13,1,0,0,0,3.67
M06636,C00831,Email,Weekend Offer,2025-04-16,1,0,0,0,6.75
M06637,C02272,Email,Win Back,2025-10-17,1,0,0,0,2.37
M06638,C00357,Social,Win Back,2025-11-11,1,0,0,0,0.76
M06639,C04507,Email,Festive Sale,2025-12-29,1,0,0,0,5.05
M06640,C03896,Email,Clearance,2025-07-17,1,1,0,0,3.72
M06641,C03041,Email,Win Back,2025-10-21,1,1,0,0,7.91
M06642,C04542,Email,Weekend Offer,2025-01-15,1,0,0,0,4.08
M06643,C04778,Email,New Arrival,2025-01-13,1,1,0,0,4.47
M06644,C02335,Email,New Arrival,2025-08-19,1,1,0,0,4.26
M06645,C00266,Push,Festive Sale,2025-06-21,1,1,1,0,5.62
M06646,C04926,Email,Win Back,2025-08-25,1,0,0,0,5.6
M06647,C02396,Social,Weekend Offer,2025-09-14,1,1,0,0,6.34
M06648,C01384,Social,New Arrival,2025-06-08,1,0,0,0,3.41
M06649,C00943,Social,Loyalty Offer,2025-08-29,1,0,0,0,5.5
M06650,C01207,SMS,New Arrival,2025-05-07,1,1,0,0,2.66
M06651,C02203,Email,Festive Sale,2025-09-21,1,0,0,0,1.52
M06652,C01058,Email,Festive Sale,2025-03-15,1,1,1,0,1.68
M06653,C01767,Email,Win Back,2025-07-19,1,0,0,0,4.82
M06654,C01972,Email,Win Back,2025-02-12,1,0,0,0,4.49
M06655,C04071,Push,Festive Sale,2025-06-08,1,0,0,0,7.41
M06656,C03208,Email,Festive Sale,2025-08-16,1,0,0,0,0.6
M06657,C02436,Email,New Arrival,2025-06-01,1,0,0,0,7.33
M06658,C02793,Social,Weekend Offer,2025-09-29,1,1,1,0,2.12
M06659,C01705,Social,Festive Sale,2025-03-23,1,0,0,0,6.84
M06660,C03363,SMS,Clearance,2025-04-22,1,1,0,0,5.8
M06661,C04635,Email,Festive Sale,2025-07-08,1,1,0,0,0.82
M06662,C01465,Email,Weekend Offer,2025-11-08,1,1,0,0,4.52
M06663,C02719,Social,Weekend Offer,2025-09-19,1,0,0,0,6.19
M06664,C02063,Email,Weekend Offer,2025-01-31,1,0,0,0,7.93
M06665,C01671,SMS,Clearance,2025-07-13,1,1,1,0,5.24
M06666,C03064,Social,Festive Sale,2025-01-04,1,0,0,0,3.89
M06667,C00199,Email,Festive Sale,2025-04-04,1,1,1,0,1.71
M06668,C03831,Email,Loyalty Offer,2025-01-31,1,0,0,0,1.29
M06669,C04822,Push,Festive Sale,2025-09-30,1,1,0,0,3.57
M06670,C03015,Email,Festive Sale,2025-12-11,1,0,0,0,6.72
M06671,C01856,Email,Loyalty Offer,2025-09-26,1,1,0,0,2.69
M06672,C03082,Push,Win Back,2025-07-31,1,1,0,0,0.93
M06673,C04521,Email,Clearance,2025-09-04,1,0,0,0,2.22
M06674,C00802,Social,Weekend Offer,2025-03-22,1,0,0,0,5.01
M06675,C01542,SMS,Win Back,2025-08-12,1,1,0,0,4.73
M06676,C04551,Social,Clearance,2025-07-13,1,0,0,0,4.41
M06677,C00506,Email,Clearance,2025-11-21,1,1,0,0,2.14
M06678,C00826,Email,Win Back,2025-04-05,1,0,0,0,4.3
M06679,C03464,Social,Win Back,2025-08-16,1,0,0,0,2.84
M06680,C03332,Push,New Arrival,2025-01-05,1,1,0,0,7.81
M06681,C03580,Social,Weekend Offer,2025-07-03,1,0,0,0,3.19
M06682,C00735,Email,Festive Sale,2025-09-09,1,0,0,0,5.52
M06683,C01616,Email,Win Back,2025-01-27,1,1,1,0,5.51
M06684,C01790,Email,Clearance,2025-07-03,1,0,0,0,4.15
M06685,C00475,Social,Weekend Offer,2025-07-14,1,1,1,0,4.02
M06686,C02450,SMS,Festive Sale,2025-02-17,1,1,0,0,2.47
M06687,C03259,SMS,Weekend Offer,2025-11-21,1,0,0,0,3.08
M06688,C00854,Push,Loyalty Offer,2025-05-18,1,1,0,0,5.33
M06689,C02121,Email,Clearance,2025-08-25,1,0,0,0,0.5
M06690,C02669,Push,Festive Sale,2025-07-22,1,1,0,0,5.7
M06691,C00218,Social,Festive Sale,2025-01-19,1,0,0,0,6.6
M06692,C00320,SMS,Loyalty Offer,2025-07-01,1,1,0,0,5.08
M06693,C04675,Push,Festive Sale,2025-05-13,1,1,0,0,4.29
M06694,C01246,Email,Festive Sale,2025-12-22,1,0,0,0,0.81
M06695,C02984,SMS,New Arrival,2025-02-14,1,0,0,0,3.72
M06696,C04012,Email,Loyalty Offer,2025-10-04,1,1,0,0,7.0
M06697,C01189,Social,New Arrival,2025-12-28,1,0,0,0,1.19
M06698,C03638,Push,Festive Sale,2025-03-18,1,0,0,0,1.65
M06699,C01806,SMS,New Arrival,2025-06-11,1,0,0,1,0.8
M06700,C00409,Email,Clearance,2025-04-15,1,0,0,0,0.84
M06701,C03370,Email,Clearance,2025-11-17,1,0,0,0,7.33
M06702,C01628,Social,New Arrival,2025-03-08,1,1,0,0,4.82
M06703,C02494,Social,New Arrival,2025-08-15,1,1,0,0,5.12
M06704,C03436,Email,Win Back,2025-02-06,1,0,0,0,5.11
M06705,C04834,SMS,New Arrival,2025-05-12,1,0,0,0,4.95
M06706,C00150,Push,Clearance,2025-07-26,1,0,1,0,0.65
M06707,C02512,Email,Win Back,2025-10-06,1,1,0,0,2.78
M06708,C02664,Email,Weekend Offer,2025-01-09,1,0,0,0,7.18
M06709,C00951,Push,Weekend Offer,2025-10-29,1,0,0,0,7.14
M06710,C04611,Email,Win Back,2025-09-07,1,0,0,0,6.75
M06711,C04723,Email,Clearance,2025-02-12,1,0,0,0,7.41
M06712,C04665,Social,New Arrival,2025-07-15,1,1,0,0,1.71
M06713,C01893,Push,Festive Sale,2025-04-16,1,0,0,0,0.59
M06714,C02939,Email,Clearance,2025-05-13,1,1,0,0,6.7
M06715,C01069,Social,Win Back,2025-01-31,1,1,1,1,6.27
M06716,C03999,Push,Loyalty Offer,2025-07-26,1,0,0,0,0.79
M06717,C02429,Push,Festive Sale,2025-10-04,1,0,0,0,6.92
M06718,C02850,Social,Loyalty Offer,2025-01-05,1,1,0,0,5.68
M06719,C04969,Social,Clearance,2025-01-24,1,0,0,0,7.0
M06720,C03009,Social,Weekend Offer,2025-10-22,1,0,0,0,7.31
M06721,C01812,Email,New Arrival,2025-06-29,1,0,0,0,1.58
M06722,C04573,Email,Loyalty Offer,2025-01-06,1,0,0,0,4.63
M06723,C02771,Email,Loyalty Offer,2025-12-16,1,0,0,0,7.45
M06724,C03417,Push,Festive Sale,2025-05-16,1,0,0,0,6.24
M06725,C03928,Push,Clearance,2025-01-02,1,0,0,0,6.63
M06726,C03956,Social,Festive Sale,2025-03-09,1,0,0,0,1.35
M06727,C03919,Social,Clearance,2025-12-29,1,0,0,0,2.61
M06728,C00189,Social,Festive Sale,2025-02-20,1,0,0,0,1.7
M06729,C00625,Push,Loyalty Offer,2025-01-19,1,0,0,0,7.39
M06730,C03544,Push,Win Back,2025-11-02,1,0,0,0,5.41
M06731,C00554,SMS,New Arrival,2025-10-12,1,0,0,0,1.69
M06732,C04873,Social,New Arrival,2025-12-28,1,1,0,0,1.58
M06733,C04342,Email,Clearance,2025-06-24,1,1,1,0,4.0
M06734,C01639,Social,Loyalty Offer,2025-03-10,1,0,0,1,0.74
M06735,C02483,Email,Weekend Offer,2025-01-17,1,0,0,0,4.37
M06736,C01863,SMS,New Arrival,2025-05-27,1,0,0,0,3.95
M06737,C01676,Email,New Arrival,2025-09-15,1,1,1,1,0.56
M06738,C01982,Social,Clearance,2025-05-16,1,0,0,0,6.87
M06739,C00037,Push,Win Back,2025-08-18,1,1,0,0,4.52
M06740,C03786,Email,Weekend Offer,2025-01-16,1,1,1,1,5.64
M06741,C00025,Social,Weekend Offer,2025-11-17,1,0,0,0,5.57
M06742,C03146,Social,Loyalty Offer,2025-03-24,1,1,1,0,6.07
M06743,C02632,Social,New Arrival,2025-12-22,1,1,0,0,3.96
M06744,C00099,SMS,Clearance,2025-09-13,1,1,0,0,4.36
M06745,C04962,SMS,Festive Sale,2025-09-27,1,0,0,0,7.71
M06746,C04019,Push,Weekend Offer,2025-11-02,1,0,0,0,4.73
M06747,C01770,Social,Festive Sale,2025-08-04,1,0,0,0,3.1
M06748,C01340,Email,Loyalty Offer,2025-04-12,1,0,0,0,1.19
M06749,C02723,SMS,Win Back,2025-09-14,1,0,0,0,5.35
M06750,C00989,SMS,Festive Sale,2025-11-14,1,1,1,0,0.55
M06751,C04123,Email,Clearance,2025-10-24,1,1,0,0,7.31
M06752,C04079,Social,New Arrival,2025-04-20,1,1,0,0,7.89
M06753,C01711,SMS,Clearance,2025-12-10,1,1,1,0,1.91
M06754,C04723,Email,Clearance,2025-03-19,1,0,0,0,6.47
M06755,C04602,Social,Win Back,2025-06-04,1,1,0,0,4.7
M06756,C01326,Email,Loyalty Offer,2025-12-26,1,1,0,0,2.46
M06757,C04718,Email,New Arrival,2025-02-25,1,1,1,0,4.83
M06758,C04623,Email,Clearance,2025-12-27,1,1,1,0,1.58
M06759,C00426,Email,Loyalty Offer,2025-06-19,1,1,0,0,3.01
M06760,C01911,SMS,Loyalty Offer,2025-12-09,1,1,1,0,4.46
M06761,C00561,Social,New Arrival,2025-03-10,1,1,1,0,1.05
M06762,C00257,Email,New Arrival,2025-09-21,1,0,0,0,4.25
M06763,C04131,Email,Loyalty Offer,2025-03-21,1,1,1,0,7.59
M06764,C04004,Email,Loyalty Offer,2025-05-09,1,0,0,0,0.78
M06765,C02463,Push,Clearance,2025-04-07,1,1,0,0,2.19
M06766,C03620,Social,New Arrival,2025-08-03,1,0,0,0,6.04
M06767,C03104,SMS,Clearance,2025-03-06,1,0,1,0,4.65
M06768,C03057,SMS,Loyalty Offer,2025-07-12,1,0,0,0,6.68
M06769,C03304,Email,New Arrival,2025-12-16,1,0,0,0,2.22
M06770,C02471,Push,Loyalty Offer,2025-10-30,1,1,0,0,3.62
M06771,C02092,Push,Clearance,2025-12-15,1,0,0,0,2.25
M06772,C02804,Social,Loyalty Offer,2025-05-06,1,1,0,0,3.07
M06773,C02216,Push,Loyalty Offer,2025-08-17,1,1,0,0,6.98
M06774,C01079,SMS,Win Back,2025-01-15,1,1,1,0,2.7
M06775,C00523,SMS,New Arrival,2025-07-13,1,0,0,0,0.57
M06776,C04303,Email,Loyalty Offer,2025-03-13,1,1,0,0,6.05
M06777,C01242,Push,Festive Sale,2025-03-28,1,0,0,0,3.79
M06778,C02703,Email,Clearance,2025-04-06,1,0,0,0,3.58
M06779,C04861,Email,New Arrival,2025-06-17,1,1,0,0,5.55
M06780,C01430,Push,Weekend Offer,2025-01-31,1,0,0,0,3.03
M06781,C04581,SMS,New Arrival,2025-05-01,1,1,1,0,2.92
M06782,C00283,Email,Festive Sale,2025-07-03,1,0,0,0,0.75
M06783,C01615,Email,Clearance,2025-10-10,1,0,0,0,4.81
M06784,C03789,Email,Clearance,2025-01-24,1,0,0,0,1.18
M06785,C03633,Social,Win Back,2025-12-13,1,0,0,0,2.46
M06786,C01853,Email,Clearance,2025-03-10,1,1,0,0,1.88
M06787,C04247,Email,Clearance,2025-03-12,1,0,0,0,6.71
M06788,C02122,Social,Win Back,2025-05-14,1,1,1,0,7.59
M06789,C00474,Email,Win Back,2025-01-17,1,1,1,0,2.87
M06790,C00503,SMS,Clearance,2025-08-12,1,0,0,0,3.65
M06791,C01476,Email,Clearance,2025-03-05,1,1,0,0,6.23
M06792,C01597,Email,Loyalty Offer,2025-12-10,1,0,0,0,6.41
M06793,C00960,Social,Weekend Offer,2025-03-05,1,0,0,0,5.53
M06794,C03761,Email,Win Back,2025-04-06,1,0,0,0,5.58
M06795,C04248,Push,Win Back,2025-02-02,1,0,0,0,5.6
M06796,C03717,SMS,Festive Sale,2025-07-17,1,1,1,1,4.38
M06797,C00364,Email,Win Back,2025-05-07,1,0,0,0,5.77
M06798,C03494,SMS,Loyalty Offer,2025-11-15,1,1,0,0,5.76
M06799,C04369,SMS,Clearance,2025-11-04,1,1,0,0,3.87
M06800,C02857,Email,Win Back,2025-09-03,1,0,0,0,2.19
M06801,C04267,Email,Loyalty Offer,2025-11-13,1,0,0,0,0.81
M06802,C02336,Email,Festive Sale,2025-07-16,1,0,0,0,5.69
M06803,C00559,Email,Clearance,2025-03-30,1,1,0,0,1.74
M06804,C03411,Email,Win Back,2025-06-21,1,0,0,0,0.63
M06805,C02737,Social,Loyalty Offer,2025-06-17,1,0,0,0,2.97
M06806,C04446,Push,Festive Sale,2025-04-17,1,1,0,0,3.43
M06807,C00930,Push,New Arrival,2025-01-21,1,1,0,0,3.12
M06808,C03092,SMS,Festive Sale,2025-07-17,1,1,0,0,4.81
M06809,C02252,SMS,Loyalty Offer,2025-06-30,1,0,0,0,3.91
M06810,C01313,SMS,Win Back,2025-12-15,1,0,0,0,4.64
M06811,C01173,Push,Loyalty Offer,2025-04-16,1,0,0,0,7.79
M06812,C03592,SMS,Festive Sale,2025-03-04,1,0,0,0,3.62
M06813,C01206,Social,Win Back,2025-06-28,1,0,0,0,6.21
M06814,C00597,Email,Weekend Offer,2025-07-14,1,0,0,0,1.58
M06815,C01473,SMS,New Arrival,2025-12-10,1,0,0,0,3.97
M06816,C04261,SMS,Clearance,2025-08-31,1,1,1,1,0.52
M06817,C02856,Social,Clearance,2025-07-18,1,0,0,0,2.45
M06818,C02388,SMS,Win Back,2025-02-12,1,0,0,1,2.18
M06819,C02315,Social,Loyalty Offer,2025-09-10,1,1,0,0,4.47
M06820,C01999,Email,Clearance,2025-08-28,1,0,0,0,3.04
M06821,C01977,Email,New Arrival,2025-11-21,1,0,0,0,0.73
M06822,C00452,Social,Win Back,2025-07-31,1,0,0,0,3.23
M06823,C03525,Email,Loyalty Offer,2025-05-01,1,0,0,0,6.71
M06824,C00214,Email,Festive Sale,2025-01-25,1,0,0,0,4.1
M06825,C01174,Email,Loyalty Offer,2025-06-29,1,0,0,0,6.58
M06826,C00315,Email,Weekend Offer,2025-05-25,1,1,1,0,3.81
M06827,C03228,Push,New Arrival,2025-10-31,1,0,0,0,7.53
M06828,C02966,Push,Win Back,2025-06-21,1,1,1,0,7.12
M06829,C04678,Email,Festive Sale,2025-07-26,1,1,0,0,4.45
M06830,C00431,Push,Clearance,2025-03-16,1,0,0,0,4.18
M06831,C03993,Email,Clearance,2025-01-09,1,0,1,0,2.54
M06832,C04505,Email,Loyalty Offer,2025-06-05,1,1,0,0,6.6
M06833,C04958,Email,Clearance,2025-09-20,1,1,0,0,4.66
M06834,C02681,Email,Weekend Offer,2025-03-05,1,0,0,0,1.77
M06835,C03625,Social,New Arrival,2025-11-16,1,1,1,0,3.8
M06836,C02788,Email,Clearance,2025-07-16,1,0,0,0,6.89
M06837,C03884,Social,Festive Sale,2025-12-20,1,1,0,0,5.25
M06838,C04586,Email,Weekend Offer,2025-05-03,1,1,1,0,3.03
M06839,C00983,Email,Weekend Offer,2025-08-17,1,0,0,0,7.98
M06840,C03813,SMS,Loyalty Offer,2025-05-03,1,0,0,0,7.88
M06841,C03737,Push,Clearance,2025-03-01,1,0,0,0,6.55
M06842,C03799,Social,Weekend Offer,2025-09-12,1,0,0,0,1.69
M06843,C01853,SMS,Festive Sale,2025-05-23,1,0,0,0,6.58
M06844,C04782,Email,Win Back,2025-12-15,1,0,0,0,6.05
M06845,C04449,Social,Loyalty Offer,2025-10-13,1,1,0,0,2.29
M06846,C04833,Push,Weekend Offer,2025-07-20,1,0,0,0,6.14
M06847,C01083,Email,Win Back,2025-03-07,1,1,1,1,2.5
M06848,C04725,SMS,New Arrival,2025-10-22,1,1,0,1,1.12
M06849,C02528,SMS,New Arrival,2025-04-09,1,1,1,0,7.01
M06850,C00757,Push,Clearance,2025-08-16,1,1,0,0,2.35
M06851,C02817,Push,Loyalty Offer,2025-03-09,1,0,0,0,4.76
M06852,C00012,Email,Weekend Offer,2025-05-12,1,0,0,0,1.51
M06853,C02257,Email,Win Back,2025-09-27,1,1,0,0,4.11
M06854,C02101,SMS,Win Back,2025-03-01,1,1,0,0,7.07
M06855,C02974,SMS,Festive Sale,2025-08-20,1,0,0,0,4.88
M06856,C04254,Email,Loyalty Offer,2025-03-12,1,0,0,0,6.84
M06857,C02902,Social,Festive Sale,2025-09-17,1,1,1,1,1.86
M06858,C01962,Email,New Arrival,2025-10-13,1,0,0,0,7.62
M06859,C00808,Social,Loyalty Offer,2025-10-25,1,1,0,0,2.36
M06860,C04131,Social,Clearance,2025-10-20,1,1,1,1,2.58
M06861,C03081,Email,Clearance,2025-08-30,1,0,0,0,3.84
M06862,C00705,Social,Festive Sale,2025-07-06,1,1,0,0,2.12
M06863,C03729,Email,Loyalty Offer,2025-11-23,1,1,0,0,0.51
M06864,C03568,Email,New Arrival,2025-08-05,1,1,1,0,7.65
M06865,C00761,Social,Loyalty Offer,2025-09-18,1,0,0,0,1.0
M06866,C01376,Email,Clearance,2025-01-11,1,1,0,0,7.06
M06867,C01133,Push,Clearance,2025-11-20,1,1,0,0,7.2
M06868,C03045,Social,New Arrival,2025-01-29,1,0,0,0,6.96
M06869,C01450,Social,New Arrival,2025-05-27,1,0,0,0,7.81
M06870,C00155,Social,Loyalty Offer,2025-06-23,1,0,0,0,6.61
M06871,C01825,Social,Win Back,2025-02-02,1,0,0,0,5.11
M06872,C01858,SMS,Clearance,2025-04-01,1,1,0,0,7.31
M06873,C04362,Email,Clearance,2025-06-17,1,1,1,0,4.52
M06874,C02513,Push,Weekend Offer,2025-06-27,1,0,0,0,0.52
M06875,C00372,Email,Weekend Offer,2025-02-04,1,0,1,0,1.3
M06876,C04996,Push,New Arrival,2025-12-30,1,0,0,0,0.54
M06877,C02476,Push,Win Back,2025-02-09,1,1,0,0,0.85
M06878,C03663,Social,Clearance,2025-08-23,1,0,1,1,6.97
M06879,C02709,Email,Weekend Offer,2025-11-17,1,1,0,0,5.68
M06880,C01371,SMS,Weekend Offer,2025-12-16,1,1,0,0,4.69
M06881,C04977,Email,Loyalty Offer,2025-06-14,1,1,1,0,2.86
M06882,C02235,SMS,Loyalty Offer,2025-09-02,1,0,0,0,1.45
M06883,C00079,SMS,Clearance,2025-01-08,1,0,0,0,1.86
M06884,C01951,Email,Festive Sale,2025-04-12,1,0,0,1,3.61
M06885,C03113,Email,New Arrival,2025-05-14,1,0,0,0,7.66
M06886,C00490,SMS,Win Back,2025-07-14,1,1,0,0,7.81
M06887,C01016,SMS,Weekend Offer,2025-06-25,1,1,0,0,1.66
M06888,C01124,Email,Weekend Offer,2025-04-05,1,0,0,0,3.7
M06889,C00901,Email,Festive Sale,2025-03-26,1,0,0,0,0.72
M06890,C04320,Email,New Arrival,2025-05-02,1,1,0,0,1.76
M06891,C02869,Email,New Arrival,2025-02-25,1,0,0,0,2.48
M06892,C01896,Email,Clearance,2025-11-04,1,1,0,0,7.72
M06893,C03795,Email,Festive Sale,2025-08-28,1,0,0,0,5.36
M06894,C00661,SMS,Festive Sale,2025-12-15,1,0,0,0,4.41
M06895,C03211,Social,Win Back,2025-12-01,1,1,0,0,3.65
M06896,C04576,Email,Clearance,2025-03-06,1,1,0,0,7.63
M06897,C02409,Email,Win Back,2025-06-11,1,1,1,0,5.28
M06898,C04256,Social,Loyalty Offer,2025-12-08,1,0,0,0,5.53
M06899,C04928,Social,Festive Sale,2025-12-28,1,0,0,0,7.1
M06900,C03734,SMS,Win Back,2025-06-22,1,0,0,0,1.85
M06901,C00823,Email,Festive Sale,2025-01-28,1,1,0,1,1.08
M06902,C01651,Push,Loyalty Offer,2025-03-27,1,0,0,0,6.38
M06903,C04539,Email,Weekend Offer,2025-05-25,1,1,1,0,6.41
M06904,C00413,Email,Festive Sale,2025-07-02,1,1,0,0,7.33
M06905,C00105,Email,Weekend Offer,2025-01-09,1,1,1,0,3.64
M06906,C02619,SMS,Loyalty Offer,2025-03-07,1,1,0,0,6.37
M06907,C00341,Push,Weekend Offer,2025-03-11,1,0,1,1,5.0
M06908,C02478,Email,New Arrival,2025-08-30,1,1,0,0,1.15
M06909,C03417,Social,Win Back,2025-11-19,1,1,0,0,1.49
M06910,C04720,Email,Loyalty Offer,2025-04-01,1,0,0,0,4.87
M06911,C03261,Email,New Arrival,2025-01-09,1,0,1,0,7.38
M06912,C00208,Social,Clearance,2025-04-21,1,0,0,0,4.17
M06913,C00177,Social,Festive Sale,2025-10-25,1,0,0,0,5.01
M06914,C02132,SMS,Weekend Offer,2025-06-06,1,0,0,0,7.66
M06915,C00151,Email,New Arrival,2025-07-12,1,1,1,0,5.47
M06916,C00377,Push,Festive Sale,2025-10-06,1,0,0,0,4.27
M06917,C00768,Email,Loyalty Offer,2025-06-13,1,1,0,0,1.6
M06918,C01629,Push,New Arrival,2025-12-10,1,0,1,1,5.03
M06919,C02158,Social,New Arrival,2025-11-06,1,0,0,0,6.41
M06920,C00819,Social,Win Back,2025-09-24,1,1,0,0,7.72
M06921,C03172,Push,Weekend Offer,2025-01-21,1,0,0,0,0.98
M06922,C04415,Email,Weekend Offer,2025-04-08,1,0,0,0,7.03
M06923,C01047,Social,Loyalty Offer,2025-07-04,1,0,0,0,3.11
M06924,C01058,Email,Loyalty Offer,2025-10-25,1,1,0,0,4.52
M06925,C04544,Push,Weekend Offer,2025-07-12,1,0,0,0,4.42
M06926,C02266,SMS,Win Back,2025-02-07,1,1,1,1,5.35
M06927,C00677,Email,Loyalty Offer,2025-07-23,1,1,0,0,1.87
M06928,C03030,SMS,Loyalty Offer,2025-10-19,1,1,0,0,4.95
M06929,C03546,Social,Clearance,2025-11-21,1,0,0,0,6.1
M06930,C03786,Social,New Arrival,2025-08-21,1,1,0,0,6.38
M06931,C02157,SMS,Festive Sale,2025-10-15,1,0,0,0,3.66
M06932,C03301,Email,Win Back,2025-05-25,1,0,0,0,2.29
M06933,C00125,Social,Loyalty Offer,2025-11-20,1,0,0,0,5.4
M06934,C04160,SMS,Clearance,2025-11-11,1,0,0,0,4.16
M06935,C03810,Email,Loyalty Offer,2025-09-21,1,0,0,0,6.96
M06936,C01627,Push,Festive Sale,2025-09-11,1,0,0,0,0.79
M06937,C01389,Email,New Arrival,2025-06-14,1,0,0,0,3.07
M06938,C02254,SMS,Weekend Offer,2025-02-11,1,1,1,1,0.67
M06939,C04543,Email,Weekend Offer,2025-07-18,1,0,0,0,7.36
M06940,C03144,Social,Festive Sale,2025-02-12,1,0,0,0,5.66
M06941,C02875,Email,Clearance,2025-05-06,1,0,0,0,1.5
M06942,C04043,SMS,Clearance,2025-05-17,1,0,0,0,0.89
M06943,C00868,SMS,Clearance,2025-02-02,1,0,0,0,2.06
M06944,C04575,Email,Win Back,2025-07-01,1,1,0,0,2.97
M06945,C03797,Email,Loyalty Offer,2025-08-06,1,1,0,0,5.08
M06946,C01753,Email,Loyalty Offer,2025-07-06,1,0,0,0,6.95
M06947,C03751,Social,Festive Sale,2025-04-21,1,0,0,0,6.95
M06948,C01329,Social,Win Back,2025-09-12,1,1,0,0,1.07
M06949,C02914,Email,Festive Sale,2025-08-19,1,0,0,0,0.89
M06950,C04396,SMS,New Arrival,2025-12-26,1,0,0,0,7.89
M06951,C02075,Email,Win Back,2025-03-24,1,0,0,0,2.1
M06952,C04902,Email,Loyalty Offer,2025-05-11,1,0,0,0,1.88
M06953,C04481,SMS,Loyalty Offer,2025-12-12,1,0,0,0,2.61
M06954,C04440,Email,Loyalty Offer,2025-09-21,1,0,0,0,7.77
M06955,C03929,Social,Win Back,2025-11-05,1,1,0,0,0.9
M06956,C04071,SMS,Clearance,2025-06-17,1,1,0,0,5.58
M06957,C02486,SMS,New Arrival,2025-07-29,1,1,0,0,2.88
M06958,C00983,Email,Loyalty Offer,2025-04-15,1,0,0,0,1.79
M06959,C04985,Social,New Arrival,2025-12-01,1,1,0,0,5.22
M06960,C00799,Email,New Arrival,2025-02-05,1,0,0,0,5.37
M06961,C01965,Social,Loyalty Offer,2025-12-29,1,0,0,0,5.28
M06962,C03602,SMS,Weekend Offer,2025-02-10,1,0,0,0,2.85
M06963,C02593,SMS,Loyalty Offer,2025-09-30,1,1,0,0,7.25
M06964,C01992,Push,Loyalty Offer,2025-06-16,1,1,0,0,3.86
M06965,C01516,Push,Win Back,2025-10-14,1,0,0,0,5.63
M06966,C00270,Social,Loyalty Offer,2025-08-04,1,0,0,0,2.36
M06967,C03521,SMS,Weekend Offer,2025-01-16,1,1,0,0,7.13
M06968,C00380,Email,Loyalty Offer,2025-08-25,1,0,0,0,7.42
M06969,C03295,Email,Clearance,2025-04-12,1,1,0,0,5.03
M06970,C02640,Email,New Arrival,2025-08-27,1,0,0,0,4.97
M06971,C00675,Email,Festive Sale,2025-04-12,1,0,0,0,5.49
M06972,C03018,SMS,Festive Sale,2025-07-15,1,0,0,0,5.31
M06973,C03619,Email,Win Back,2025-05-18,1,1,0,0,6.26
M06974,C01151,SMS,Weekend Offer,2025-12-09,1,1,1,0,1.32
M06975,C04697,Social,Weekend Offer,2025-11-23,1,0,0,0,5.34
M06976,C01882,Email,Loyalty Offer,2025-03-28,1,1,0,0,3.31
M06977,C00230,Email,Win Back,2025-07-24,1,0,0,0,2.54
M06978,C01468,Email,Win Back,2025-08-16,1,1,0,0,6.25
M06979,C02941,Email,Loyalty Offer,2025-08-09,1,1,1,0,1.13
M06980,C02405,Push,Win Back,2025-06-01,1,1,1,0,1.4
M06981,C04259,Email,Weekend Offer,2025-05-12,1,1,0,0,0.92
M06982,C03583,Email,Festive Sale,2025-07-27,1,0,0,0,2.93
M06983,C01918,Email,Clearance,2025-09-29,1,1,1,0,1.62
M06984,C02120,Email,Weekend Offer,2025-12-01,1,1,1,1,7.42
M06985,C01076,Email,Loyalty Offer,2025-01-24,1,1,0,0,2.4
M06986,C02209,SMS,Win Back,2025-03-02,1,0,0,0,2.82
M06987,C02263,Social,New Arrival,2025-03-07,1,0,0,0,6.25
M06988,C01212,Push,New Arrival,2025-04-17,1,1,1,1,7.59
M06989,C04797,Push,Festive Sale,2025-05-12,1,1,1,0,1.23
M06990,C02170,SMS,Clearance,2025-06-06,1,0,0,0,1.17
M06991,C02634,Email,Clearance,2025-05-09,1,0,0,0,0.6
M06992,C00060,Email,Festive Sale,2025-06-05,1,1,0,0,2.13
M06993,C02575,SMS,Weekend Offer,2025-06-14,1,0,0,0,6.85
M06994,C02795,Push,New Arrival,2025-11-05,1,0,0,0,6.92
M06995,C03643,SMS,Weekend Offer,2025-10-16,1,0,0,0,4.04
M06996,C03833,Email,Weekend Offer,2025-02-04,1,0,0,0,4.87
M06997,C03939,Push,Festive Sale,2025-11-11,1,1,0,0,1.0
M06998,C03884,Push,New Arrival,2025-10-11,1,0,0,0,5.56
M06999,C00848,Push,Loyalty Offer,2025-03-06,1,1,1,1,2.29
M07000,C02573,Email,Festive Sale,2025-04-25,1,0,0,0,5.39
M07001,C03814,Push,Loyalty Offer,2025-07-28,1,0,0,0,4.54
M07002,C00929,SMS,Weekend Offer,2025-02-13,1,1,1,1,3.24
M07003,C01932,Email,Loyalty Offer,2025-04-10,1,1,0,0,6.38
M07004,C00534,Email,Clearance,2025-01-19,1,0,0,0,3.56
M07005,C00795,Social,Clearance,2025-10-18,1,1,1,0,1.04
M07006,C02862,SMS,Weekend Offer,2025-08-10,1,1,1,0,2.03
M07007,C00949,Email,Weekend Offer,2025-04-05,1,1,1,0,5.51
M07008,C02596,SMS,Loyalty Offer,2025-05-03,1,0,0,0,1.39
M07009,C00752,Email,Festive Sale,2025-11-15,1,0,0,0,6.65
M07010,C02736,Email,Festive Sale,2025-05-20,1,0,0,0,6.23
M07011,C00355,Social,Win Back,2025-03-31,1,0,0,0,7.96
M07012,C00521,SMS,Festive Sale,2025-04-13,1,1,0,0,7.98
M07013,C01395,Social,Festive Sale,2025-08-31,1,0,0,0,5.27
M07014,C02370,SMS,Win Back,2025-07-01,1,0,0,0,3.38
M07015,C04417,SMS,New Arrival,2025-02-07,1,1,1,1,4.62
M07016,C01484,Social,Win Back,2025-08-10,1,1,0,0,4.9
M07017,C02915,Push,New Arrival,2025-10-18,1,0,0,0,5.72
M07018,C03647,Social,Festive Sale,2025-12-20,1,1,0,0,3.72
M07019,C04064,Social,Weekend Offer,2025-07-31,1,0,0,0,3.07
M07020,C01135,Email,New Arrival,2025-11-14,1,0,0,0,5.0
M07021,C00543,Email,Loyalty Offer,2025-01-05,1,0,0,0,1.16
M07022,C04920,Email,New Arrival,2025-11-11,1,0,0,0,4.47
M07023,C04787,Social,Clearance,2025-06-26,1,1,1,0,5.59
M07024,C00905,Push,Win Back,2025-09-08,1,1,0,0,3.99
M07025,C03420,Push,Win Back,2025-06-08,1,1,1,0,2.52
M07026,C03117,Email,Festive Sale,2025-11-30,1,0,0,0,4.96
M07027,C04974,SMS,Festive Sale,2025-09-06,1,1,1,0,4.41
M07028,C02534,Push,Weekend Offer,2025-04-05,1,0,0,0,6.02
M07029,C04716,Social,Festive Sale,2025-10-16,1,1,0,0,7.16
M07030,C02714,Email,Weekend Offer,2025-01-30,1,0,0,0,4.83
M07031,C02812,Push,Festive Sale,2025-08-28,1,1,0,0,5.26
M07032,C04065,Push,Loyalty Offer,2025-04-17,1,0,0,0,2.4
M07033,C01292,Email,Win Back,2025-06-14,1,0,0,0,5.5
M07034,C01659,Social,Clearance,2025-03-24,1,1,0,0,7.72
M07035,C03197,Email,New Arrival,2025-10-19,1,1,1,1,2.87
M07036,C03013,SMS,Clearance,2025-10-11,1,0,0,0,3.81
M07037,C01569,Email,Loyalty Offer,2025-06-11,1,1,0,0,3.87
M07038,C00365,Social,New Arrival,2025-01-24,1,0,0,0,5.75
M07039,C04112,SMS,Loyalty Offer,2025-03-11,1,0,0,0,4.54
M07040,C00957,Email,New Arrival,2025-09-08,1,0,0,0,5.01
M07041,C00136,Social,Win Back,2025-11-10,1,0,0,0,5.93
M07042,C04294,Push,Loyalty Offer,2025-08-31,1,1,1,0,5.06
M07043,C00490,SMS,New Arrival,2025-05-13,1,0,0,0,1.0
M07044,C00605,Email,Win Back,2025-04-06,1,0,0,0,7.94
M07045,C02991,SMS,Festive Sale,2025-09-24,1,0,0,0,6.6
M07046,C03088,Email,Weekend Offer,2025-03-22,1,0,0,0,7.41
M07047,C04523,Social,Weekend Offer,2025-01-21,1,0,0,0,7.59
M07048,C03582,SMS,Clearance,2025-05-05,1,1,0,0,2.39
M07049,C04012,SMS,Win Back,2025-10-17,1,1,1,0,6.53
M07050,C02641,Social,Clearance,2025-09-19,1,1,0,0,0.53
M07051,C03991,Push,New Arrival,2025-02-21,1,1,0,0,7.43
M07052,C00897,SMS,New Arrival,2025-12-08,1,0,0,0,7.71
M07053,C04963,Email,Win Back,2025-09-20,1,1,0,0,2.0
M07054,C02736,Push,New Arrival,2025-03-03,1,1,1,1,3.65
M07055,C02294,Email,Loyalty Offer,2025-02-15,1,0,0,0,5.68
M07056,C02776,Social,Clearance,2025-05-12,1,1,0,0,3.04
M07057,C02912,Push,Festive Sale,2025-05-12,1,0,0,0,2.87
M07058,C04042,Social,Win Back,2025-01-12,1,1,0,0,4.81
M07059,C01708,Email,Weekend Offer,2025-03-03,1,1,0,0,2.31
M07060,C01584,Social,New Arrival,2025-07-08,1,0,0,0,4.68
M07061,C04284,Push,New Arrival,2025-06-02,1,0,0,0,3.33
M07062,C01223,Email,Loyalty Offer,2025-03-28,1,1,0,0,5.67
M07063,C01456,Push,Weekend Offer,2025-10-01,1,1,0,0,4.44
M07064,C02008,Email,Festive Sale,2025-03-01,1,1,0,0,5.24
M07065,C00616,Email,Clearance,2025-01-12,1,0,0,0,6.61
M07066,C01224,Social,Festive Sale,2025-05-06,1,0,0,0,5.24
M07067,C04971,Email,Festive Sale,2025-08-30,1,0,0,0,0.67
M07068,C03351,SMS,Weekend Offer,2025-03-02,1,0,0,0,0.89
M07069,C04792,SMS,New Arrival,2025-01-24,1,1,0,0,2.16
M07070,C02488,Social,Festive Sale,2025-04-22,1,1,1,0,6.98
M07071,C03293,Email,Loyalty Offer,2025-06-05,1,1,1,0,6.29
M07072,C02048,Email,Loyalty Offer,2025-01-29,1,0,0,0,3.91
M07073,C02109,Social,Weekend Offer,2025-03-18,1,1,1,0,6.71
M07074,C03567,Email,New Arrival,2025-04-11,1,0,0,0,1.65
M07075,C01954,Email,Loyalty Offer,2025-06-21,1,0,0,0,7.4
M07076,C01247,Email,Loyalty Offer,2025-10-22,1,0,0,0,5.25
M07077,C01551,Email,Clearance,2025-10-27,1,0,0,0,1.95
M07078,C01626,SMS,Clearance,2025-08-11,1,0,0,0,7.34
M07079,C00180,Push,Weekend Offer,2025-08-05,1,0,0,0,5.37
M07080,C02544,Email,Weekend Offer,2025-07-21,1,1,0,0,1.25
M07081,C01703,Email,Loyalty Offer,2025-06-20,1,1,0,0,1.93
M07082,C01742,Email,Festive Sale,2025-12-31,1,1,0,0,0.67
M07083,C02976,SMS,Festive Sale,2025-06-15,1,1,0,0,3.23
M07084,C02231,Social,Win Back,2025-03-16,1,0,0,0,5.61
M07085,C00028,Social,Weekend Offer,2025-12-31,1,1,0,0,1.56
M07086,C02650,SMS,New Arrival,2025-07-22,1,1,1,1,3.38
M07087,C00185,Email,Win Back,2025-04-24,1,1,0,0,5.0
M07088,C04498,Social,New Arrival,2025-07-08,1,0,0,0,5.69
M07089,C04003,Push,Weekend Offer,2025-11-23,1,0,0,0,5.98
M07090,C01230,Social,Weekend Offer,2025-05-15,1,0,0,0,2.0
M07091,C04156,Email,Win Back,2025-12-31,1,1,0,0,3.11
M07092,C00877,Email,Loyalty Offer,2025-11-10,1,1,1,0,7.29
M07093,C03533,Email,Clearance,2025-07-22,1,1,1,0,5.01
M07094,C00938,Email,Win Back,2025-08-09,1,1,0,0,4.39
M07095,C04873,Email,Loyalty Offer,2025-10-24,1,1,0,0,0.56
M07096,C02635,Push,Festive Sale,2025-04-06,1,0,0,0,4.73
M07097,C02328,Social,Win Back,2025-09-19,1,0,0,0,3.56
M07098,C03575,SMS,Clearance,2025-03-28,1,0,0,0,1.96
M07099,C02409,SMS,Win Back,2025-08-29,1,1,1,0,7.02
M07100,C01371,Email,Festive Sale,2025-02-15,1,1,1,1,0.96
M07101,C04660,Email,New Arrival,2025-12-15,1,1,0,0,7.68
M07102,C04845,Push,Clearance,2025-06-21,1,0,0,0,2.25
M07103,C03148,Email,Clearance,2025-06-30,1,0,0,0,1.2
M07104,C02599,Email,Loyalty Offer,2025-01-24,1,0,0,0,4.71
M07105,C04852,Push,Win Back,2025-01-14,1,0,0,0,6.72
M07106,C01393,Email,Loyalty Offer,2025-10-29,1,1,0,0,6.72
M07107,C01715,Social,Win Back,2025-03-08,1,0,0,0,7.68
M07108,C02009,Email,Loyalty Offer,2025-08-17,1,1,1,0,2.78
M07109,C04763,Push,Win Back,2025-12-25,1,1,0,0,2.28
M07110,C00760,Social,New Arrival,2025-07-20,1,0,0,0,6.68
M07111,C04342,Email,Win Back,2025-08-10,1,1,0,0,7.63
M07112,C02972,Push,Win Back,2025-08-15,1,1,0,0,4.46
M07113,C01446,Email,New Arrival,2025-09-06,1,0,0,0,3.36
M07114,C03355,Email,Weekend Offer,2025-03-02,1,0,0,0,5.79
M07115,C02528,Social,Loyalty Offer,2025-09-21,1,0,0,0,2.34
M07116,C01364,Social,Win Back,2025-12-06,1,0,0,0,4.1
M07117,C00229,Push,Loyalty Offer,2025-12-03,1,1,0,0,3.39
M07118,C00703,SMS,Win Back,2025-12-28,1,0,0,0,4.21
M07119,C00610,Email,Weekend Offer,2025-10-17,1,0,0,0,7.55
M07120,C00619,Social,Clearance,2025-10-25,1,0,0,0,4.5
M07121,C04239,Social,Loyalty Offer,2025-09-29,1,0,0,0,6.58
M07122,C02523,Email,Loyalty Offer,2025-05-18,1,1,1,0,7.53
M07123,C01308,Social,Festive Sale,2025-08-23,1,0,0,0,6.7
M07124,C01285,Social,Weekend Offer,2025-08-25,1,1,0,0,5.46
M07125,C03108,SMS,Loyalty Offer,2025-03-04,1,0,0,0,7.24
M07126,C03000,Push,Win Back,2025-11-29,1,0,0,0,2.34
M07127,C00144,Social,Festive Sale,2025-01-30,1,0,0,0,5.92
M07128,C04719,Email,Festive Sale,2025-12-09,1,0,0,0,1.4
M07129,C01278,Push,Win Back,2025-11-26,1,0,0,0,1.54
M07130,C02792,Email,Win Back,2025-03-08,1,1,1,0,4.91
M07131,C03385,Social,Win Back,2025-03-18,1,0,0,1,2.87
M07132,C02094,Email,Loyalty Offer,2025-04-13,1,0,0,0,3.63
M07133,C04644,Social,Win Back,2025-04-26,1,1,1,1,3.37
M07134,C02368,Email,Festive Sale,2025-08-11,1,1,1,0,3.98
M07135,C04402,Social,Festive Sale,2025-09-11,1,0,0,0,6.04
M07136,C02958,Social,Weekend Offer,2025-06-08,1,0,0,0,5.7
M07137,C00795,Email,Weekend Offer,2025-06-04,1,1,0,0,3.82
M07138,C01127,Email,Festive Sale,2025-05-07,1,1,0,0,3.37
M07139,C00512,Social,Win Back,2025-08-27,1,1,0,0,3.55
M07140,C00660,Social,Win Back,2025-09-18,1,0,0,0,5.19
M07141,C04036,Push,New Arrival,2025-03-25,1,0,0,0,6.42
M07142,C02455,Email,Festive Sale,2025-12-26,1,0,0,0,1.6
M07143,C03386,Push,Clearance,2025-01-13,1,0,0,0,1.62
M07144,C04412,Email,New Arrival,2025-08-17,1,0,0,0,2.94
M07145,C01231,Social,New Arrival,2025-08-26,1,0,0,0,6.19
M07146,C01470,SMS,Loyalty Offer,2025-07-22,1,0,0,0,7.53
M07147,C03303,Push,Weekend Offer,2025-06-28,1,0,0,0,7.0
M07148,C04520,Email,Clearance,2025-05-27,1,0,0,0,7.5
M07149,C02098,Social,Loyalty Offer,2025-03-07,1,1,0,0,5.76
M07150,C03744,SMS,Clearance,2025-02-02,1,0,0,0,6.24
M07151,C02119,Social,Loyalty Offer,2025-09-19,1,1,0,0,6.12
M07152,C00989,SMS,Loyalty Offer,2025-06-10,1,0,0,0,1.16
M07153,C02311,SMS,New Arrival,2025-10-27,1,0,0,0,5.15
M07154,C03616,Email,Weekend Offer,2025-03-15,1,1,0,0,5.62
M07155,C03822,Email,Clearance,2025-03-30,1,1,0,0,2.06
M07156,C04080,Email,Loyalty Offer,2025-11-08,1,0,0,0,7.82
M07157,C03546,Social,Weekend Offer,2025-07-03,1,0,0,0,1.38
M07158,C01755,Social,Clearance,2025-10-10,1,0,0,0,6.14
M07159,C00668,Push,Loyalty Offer,2025-07-08,1,1,1,0,2.15
M07160,C01998,Email,Win Back,2025-12-18,1,1,1,0,6.68
M07161,C04863,Social,Weekend Offer,2025-04-09,1,0,0,0,4.73
M07162,C02060,Email,Win Back,2025-03-22,1,0,0,0,2.2
M07163,C04539,Email,Clearance,2025-11-05,1,0,0,0,6.62
M07164,C03523,Social,Loyalty Offer,2025-07-28,1,1,0,0,5.08
M07165,C00810,SMS,New Arrival,2025-03-20,1,0,0,0,7.59
M07166,C00106,SMS,Clearance,2025-02-01,1,0,1,0,4.64
M07167,C00372,Email,Weekend Offer,2025-09-04,1,0,0,0,2.24
M07168,C04129,Email,Loyalty Offer,2025-02-13,1,1,0,0,5.4
M07169,C01895,Email,Loyalty Offer,2025-10-08,1,0,0,0,4.0
M07170,C01804,Email,Weekend Offer,2025-02-13,1,1,0,0,5.36
M07171,C00939,Email,Win Back,2025-12-04,1,0,0,0,2.88
M07172,C00728,Social,Clearance,2025-12-28,1,1,0,0,2.43
M07173,C04162,Email,Loyalty Offer,2025-01-13,1,1,0,0,7.93
M07174,C00546,Email,New Arrival,2025-03-18,1,1,1,0,3.91
M07175,C03900,Email,Win Back,2025-01-25,1,0,0,0,7.11
M07176,C02110,Email,Win Back,2025-08-09,1,0,0,0,3.96
M07177,C04970,SMS,Weekend Offer,2025-08-23,1,1,1,0,2.0
M07178,C03213,Email,Festive Sale,2025-06-21,1,0,0,0,5.24
M07179,C04200,Email,Clearance,2025-04-30,1,0,0,0,3.97
M07180,C03282,SMS,Loyalty Offer,2025-04-21,1,0,0,0,4.41
M07181,C04719,Email,Clearance,2025-06-12,1,1,0,0,4.63
M07182,C02475,Push,Weekend Offer,2025-08-25,1,0,0,0,3.97
M07183,C03985,Email,Win Back,2025-09-09,1,1,0,0,6.81
M07184,C00072,SMS,New Arrival,2025-10-26,1,1,0,0,6.28
M07185,C00832,Social,Win Back,2025-11-10,1,0,0,0,7.1
M07186,C04325,Push,New Arrival,2025-11-08,1,1,1,0,1.52
M07187,C04099,SMS,Win Back,2025-09-23,1,1,0,0,4.43
M07188,C00962,Social,Weekend Offer,2025-05-03,1,0,0,0,5.69
M07189,C02714,Email,Weekend Offer,2025-10-03,1,1,1,1,6.45
M07190,C02146,Email,Clearance,2025-07-12,1,0,0,0,1.65
M07191,C02658,SMS,Clearance,2025-03-25,1,0,0,0,6.87
M07192,C02224,Push,Festive Sale,2025-01-30,1,0,0,0,4.52
M07193,C04251,Social,Clearance,2025-02-11,1,0,0,0,4.14
M07194,C02972,SMS,Weekend Offer,2025-03-30,1,0,0,0,5.79
M07195,C02765,Push,Clearance,2025-10-16,1,0,1,1,1.07
M07196,C02851,Email,Clearance,2025-01-01,1,1,0,0,5.77
M07197,C04785,Push,New Arrival,2025-08-04,1,1,0,0,3.99
M07198,C02615,SMS,New Arrival,2025-11-02,1,1,0,0,7.06
M07199,C01469,SMS,Win Back,2025-09-20,1,0,0,0,5.02
M07200,C00737,Email,Loyalty Offer,2025-12-08,1,1,1,1,2.85
M07201,C01778,Email,New Arrival,2025-02-15,1,1,0,0,5.12
M07202,C00754,SMS,New Arrival,2025-12-09,1,1,0,0,1.91
M07203,C00972,Social,Win Back,2025-09-17,1,0,0,0,3.55
M07204,C01777,Email,Festive Sale,2025-10-09,1,0,0,0,5.75
M07205,C01257,Email,Weekend Offer,2025-12-28,1,1,0,0,4.32
M07206,C00331,Email,Loyalty Offer,2025-06-02,1,0,0,0,4.78
M07207,C03253,Social,Clearance,2025-02-04,1,0,0,0,2.33
M07208,C01141,Push,Festive Sale,2025-08-24,1,1,1,1,3.03
M07209,C03965,Social,Loyalty Offer,2025-12-11,1,1,1,1,2.39
M07210,C00925,Social,Weekend Offer,2025-10-07,1,1,0,0,2.84
M07211,C04145,Email,Win Back,2025-12-09,1,0,0,0,4.87
M07212,C02740,Email,Weekend Offer,2025-07-01,1,1,0,0,1.57
M07213,C00930,SMS,Loyalty Offer,2025-09-28,1,1,0,0,5.11
M07214,C00417,Social,Weekend Offer,2025-09-15,1,1,1,0,1.13
M07215,C03179,Email,Loyalty Offer,2025-09-27,1,1,0,0,6.45
M07216,C03679,SMS,New Arrival,2025-11-19,1,0,0,0,1.45
M07217,C03719,Social,Win Back,2025-08-09,1,0,0,0,6.24
M07218,C04629,Push,Festive Sale,2025-07-16,1,0,0,0,3.02
M07219,C01927,SMS,Win Back,2025-05-21,1,0,0,0,7.26
M07220,C04841,Social,New Arrival,2025-11-29,1,1,0,0,6.43
M07221,C02107,Social,New Arrival,2025-03-17,1,1,1,1,4.5
M07222,C00350,Email,Weekend Offer,2025-01-11,1,0,0,0,2.06
M07223,C04402,Push,New Arrival,2025-02-13,1,1,0,0,1.66
M07224,C00096,Email,Festive Sale,2025-01-05,1,0,0,0,4.75
M07225,C03502,SMS,Weekend Offer,2025-11-22,1,0,0,0,5.24
M07226,C01762,Email,Loyalty Offer,2025-02-08,1,0,0,1,3.13
M07227,C01358,Social,Weekend Offer,2025-02-23,1,0,0,0,6.28
M07228,C04721,SMS,Win Back,2025-09-13,1,0,0,0,6.85
M07229,C04671,Social,Loyalty Offer,2025-02-20,1,1,0,0,1.66
M07230,C03304,Email,Festive Sale,2025-11-09,1,1,0,0,7.16
M07231,C00796,Social,Weekend Offer,2025-02-06,1,0,0,0,0.74
M07232,C00750,Push,Weekend Offer,2025-06-15,1,1,1,0,3.35
M07233,C00922,Email,Clearance,2025-10-10,1,1,1,0,1.46
M07234,C00144,Push,Weekend Offer,2025-01-08,1,1,0,0,2.94
M07235,C04518,Email,Weekend Offer,2025-05-07,1,0,0,0,3.4
M07236,C03911,Social,Clearance,2025-01-14,1,1,0,0,2.67
M07237,C02315,Push,Festive Sale,2025-02-06,1,1,0,0,7.66
M07238,C03553,Email,New Arrival,2025-10-24,1,0,0,0,6.2
M07239,C03156,Push,Win Back,2025-08-28,1,0,0,0,5.65
M07240,C00402,Email,Clearance,2025-10-16,1,0,0,0,6.17
M07241,C01758,Email,Loyalty Offer,2025-08-28,1,1,1,1,5.8
M07242,C03863,Email,Festive Sale,2025-05-08,1,1,1,1,4.96
M07243,C03663,Social,Win Back,2025-10-12,1,1,0,0,1.66
M07244,C04804,Email,Clearance,2025-08-09,1,1,0,0,6.23
M07245,C03485,Email,Clearance,2025-05-13,1,1,0,0,6.07
M07246,C03489,Email,Win Back,2025-03-19,1,1,1,0,7.39
M07247,C01987,Social,Weekend Offer,2025-09-28,1,1,0,0,7.56
M07248,C04668,SMS,Clearance,2025-07-30,1,0,0,0,7.7
M07249,C02351,SMS,Loyalty Offer,2025-01-26,1,0,1,1,7.27
M07250,C03951,Email,Loyalty Offer,2025-11-29,1,0,0,0,4.13
M07251,C04056,Email,Festive Sale,2025-10-19,1,1,0,0,1.27
M07252,C01948,Push,Clearance,2025-04-17,1,1,0,1,2.35
M07253,C00087,Push,New Arrival,2025-02-19,1,1,1,1,4.25
M07254,C01838,Social,Festive Sale,2025-08-23,1,1,1,1,4.33
M07255,C02161,Push,Weekend Offer,2025-12-23,1,1,1,1,6.13
M07256,C00521,Social,Weekend Offer,2025-02-03,1,0,0,0,6.94
M07257,C02102,Email,Festive Sale,2025-03-20,1,1,1,0,3.81
M07258,C02071,SMS,Win Back,2025-04-21,1,0,0,0,7.6
M07259,C03738,Email,Festive Sale,2025-04-26,1,0,1,0,6.65
M07260,C02397,Email,Win Back,2025-07-10,1,1,1,0,5.51
M07261,C00706,Email,Festive Sale,2025-11-19,1,1,0,0,6.32
M07262,C03001,Email,Win Back,2025-10-07,1,0,0,0,6.38
M07263,C01963,Email,New Arrival,2025-01-28,1,0,0,0,1.52
M07264,C01683,Email,Loyalty Offer,2025-05-05,1,1,0,0,3.69
M07265,C01001,Email,New Arrival,2025-02-23,1,1,1,0,7.19
M07266,C02482,Email,New Arrival,2025-04-04,1,1,0,0,3.73
M07267,C04245,Email,Weekend Offer,2025-07-18,1,0,0,0,1.01
M07268,C02574,SMS,Festive Sale,2025-02-12,1,0,0,0,7.67
M07269,C00617,Email,New Arrival,2025-03-15,1,0,0,0,2.62
M07270,C04160,Email,Win Back,2025-07-23,1,0,0,0,3.8
M07271,C01342,Email,Festive Sale,2025-05-19,1,1,0,0,4.46
M07272,C02227,SMS,Clearance,2025-03-19,1,1,1,0,2.43
M07273,C01009,Email,New Arrival,2025-09-14,1,1,0,0,3.57
M07274,C04035,Social,Festive Sale,2025-03-16,1,0,0,0,2.18
M07275,C02581,SMS,Clearance,2025-07-09,1,1,0,0,4.44
M07276,C01554,Push,Win Back,2025-11-30,1,0,0,0,6.39
M07277,C00060,Email,Loyalty Offer,2025-09-15,1,1,0,0,1.9
M07278,C02736,Social,Loyalty Offer,2025-01-30,1,0,0,0,0.86
M07279,C03474,Email,Clearance,2025-09-19,1,0,0,0,6.58
M07280,C02075,Social,Festive Sale,2025-10-14,1,0,0,0,4.21
M07281,C04274,Email,Loyalty Offer,2025-11-17,1,1,1,0,3.46
M07282,C04415,Social,New Arrival,2025-09-11,1,1,0,0,4.71
M07283,C00610,Social,New Arrival,2025-06-29,1,0,0,0,1.91
M07284,C03373,Social,New Arrival,2025-09-26,1,0,0,1,5.09
M07285,C01296,SMS,Loyalty Offer,2025-07-06,1,0,0,0,3.69
M07286,C03017,Email,New Arrival,2025-12-06,1,0,0,0,1.06
M07287,C03150,Email,Win Back,2025-10-06,1,0,0,0,3.64
M07288,C01233,Email,Weekend Offer,2025-10-24,1,0,0,0,7.24
M07289,C01316,Social,New Arrival,2025-07-15,1,0,0,0,5.55
M07290,C02576,Email,Weekend Offer,2025-06-25,1,1,0,0,1.24
M07291,C04688,Social,Festive Sale,2025-03-28,1,1,0,0,1.23
M07292,C04059,SMS,New Arrival,2025-11-27,1,1,1,1,6.78
M07293,C04829,Email,Festive Sale,2025-10-28,1,0,0,0,7.39
M07294,C04895,Social,Festive Sale,2025-12-11,1,0,0,1,5.99
M07295,C02674,SMS,Festive Sale,2025-11-11,1,0,0,0,0.63
M07296,C02394,SMS,Festive Sale,2025-11-23,1,1,1,0,3.15
M07297,C00502,Email,New Arrival,2025-09-18,1,0,0,0,1.96
M07298,C04532,Social,Win Back,2025-10-12,1,0,0,0,1.78
M07299,C01466,Email,Win Back,2025-11-29,1,0,0,0,2.15
M07300,C04570,Email,Festive Sale,2025-09-17,1,1,0,0,4.42
M07301,C03854,Email,Loyalty Offer,2025-01-21,1,0,0,0,5.61
M07302,C04697,Social,Festive Sale,2025-04-03,1,1,1,0,6.75
M07303,C01042,Email,New Arrival,2025-07-24,1,0,0,0,3.23
M07304,C02345,Social,Clearance,2025-12-14,1,1,1,0,4.25
M07305,C01628,SMS,Weekend Offer,2025-11-08,1,0,0,0,1.12
M07306,C02987,Social,Clearance,2025-02-24,1,1,0,0,3.39
M07307,C03616,Push,Festive Sale,2025-05-20,1,1,1,1,1.38
M07308,C01918,SMS,Festive Sale,2025-06-19,1,1,0,0,2.16
M07309,C04884,Email,New Arrival,2025-10-26,1,0,0,0,4.72
M07310,C02568,Email,Win Back,2025-05-01,1,0,0,0,1.86
M07311,C02305,Email,Festive Sale,2025-03-06,1,0,0,0,3.95
M07312,C02689,SMS,Win Back,2025-01-15,1,0,0,0,1.82
M07313,C03883,Email,Win Back,2025-12-26,1,1,0,0,5.67
M07314,C00651,Email,Weekend Offer,2025-05-15,1,1,1,0,6.61
M07315,C04754,Social,Loyalty Offer,2025-08-23,1,0,0,0,3.1
M07316,C01772,SMS,Festive Sale,2025-11-02,1,0,0,0,7.05
M07317,C04271,Email,Weekend Offer,2025-11-27,1,0,0,0,4.97
M07318,C00699,Push,Win Back,2025-05-02,1,0,1,1,3.58
M07319,C04921,Email,New Arrival,2025-03-09,1,1,0,0,4.46
M07320,C01746,SMS,New Arrival,2025-01-15,1,0,0,0,1.85
M07321,C04969,Push,New Arrival,2025-04-06,1,1,1,0,4.17
M07322,C03897,SMS,Weekend Offer,2025-11-13,1,1,1,0,7.25
M07323,C01527,Social,Win Back,2025-07-13,1,1,1,0,5.52
M07324,C03782,Social,Festive Sale,2025-06-09,1,1,0,0,4.46
M07325,C04683,Email,Weekend Offer,2025-02-21,1,1,0,0,0.98
M07326,C03446,Social,Festive Sale,2025-05-31,1,1,0,0,0.96
M07327,C02285,Email,Weekend Offer,2025-11-06,1,1,1,0,7.25
M07328,C04945,SMS,Clearance,2025-09-06,1,0,0,0,3.48
M07329,C04773,Email,Clearance,2025-05-29,1,0,0,0,4.69
M07330,C04261,SMS,New Arrival,2025-01-10,1,0,0,0,5.86
M07331,C04654,SMS,Clearance,2025-03-29,1,0,0,0,4.1
M07332,C03281,Email,Weekend Offer,2025-04-19,1,0,0,0,7.48
M07333,C03113,Email,Weekend Offer,2025-02-20,1,1,0,0,3.41
M07334,C04677,Push,New Arrival,2025-11-26,1,1,0,0,7.9
M07335,C03963,Email,Win Back,2025-05-10,1,1,0,0,1.64
M07336,C01323,Email,Loyalty Offer,2025-01-03,1,0,0,0,7.6
M07337,C03021,Email,Festive Sale,2025-09-06,1,1,0,0,4.18
M07338,C04211,Social,Festive Sale,2025-06-23,1,0,0,0,2.52
M07339,C00095,Email,New Arrival,2025-11-20,1,0,1,0,2.64
M07340,C03271,Push,Loyalty Offer,2025-02-24,1,1,1,0,2.65
M07341,C03044,Email,New Arrival,2025-06-28,1,0,0,0,1.47
M07342,C03187,Email,New Arrival,2025-05-04,1,1,0,0,5.88
M07343,C04818,SMS,Clearance,2025-05-02,1,0,0,0,1.07
M07344,C01831,Email,Weekend Offer,2025-03-09,1,1,0,0,4.21
M07345,C02577,Social,Clearance,2025-11-14,1,0,0,0,4.07
M07346,C01370,Email,Win Back,2025-08-24,1,0,0,0,6.57
M07347,C04826,Social,New Arrival,2025-02-12,1,1,1,0,0.91
M07348,C04085,Push,Clearance,2025-03-21,1,0,0,0,5.35
M07349,C04120,Social,Clearance,2025-01-15,1,1,0,0,7.76
M07350,C04889,Social,Loyalty Offer,2025-12-07,1,0,0,0,6.17
M07351,C02067,Push,Weekend Offer,2025-07-31,1,0,0,0,0.83
M07352,C00221,Email,Festive Sale,2025-02-10,1,1,1,1,1.66
M07353,C01417,Push,New Arrival,2025-08-01,1,1,1,1,7.73
M07354,C00925,Social,Loyalty Offer,2025-07-19,1,1,0,0,6.06
M07355,C01680,Social,Clearance,2025-12-18,1,0,0,0,1.91
M07356,C04957,Email,Win Back,2025-02-18,1,1,1,0,1.82
M07357,C04714,Social,Clearance,2025-01-14,1,0,0,0,5.94
M07358,C02776,Email,Clearance,2025-01-28,1,1,0,0,5.33
M07359,C04884,Email,Clearance,2025-07-27,1,1,0,0,3.45
M07360,C00758,Email,Weekend Offer,2025-01-02,1,1,1,0,6.66
M07361,C03093,Push,Weekend Offer,2025-01-09,1,0,0,0,3.52
M07362,C02193,SMS,Festive Sale,2025-02-27,1,0,0,0,1.56
M07363,C00140,Email,Clearance,2025-11-13,1,1,0,0,4.65
M07364,C04412,SMS,Clearance,2025-04-01,1,0,0,0,6.32
M07365,C02552,Push,Weekend Offer,2025-07-01,1,1,0,1,3.46
M07366,C02214,Social,Win Back,2025-01-08,1,0,0,0,0.52
M07367,C04394,Email,Weekend Offer,2025-09-30,1,0,0,0,5.6
M07368,C04526,Social,Win Back,2025-08-17,1,0,0,0,7.28
M07369,C01820,Email,Festive Sale,2025-11-04,1,1,1,0,2.28
M07370,C04794,Email,Loyalty Offer,2025-01-01,1,1,1,1,5.07
M07371,C02017,Social,Festive Sale,2025-08-07,1,0,0,0,1.99
M07372,C04329,Email,Win Back,2025-09-29,1,0,0,0,1.24
M07373,C02044,Email,Clearance,2025-01-28,1,0,0,0,6.81
M07374,C03240,Social,New Arrival,2025-08-11,1,0,0,0,6.13
M07375,C04644,Email,Weekend Offer,2025-03-09,1,0,0,0,4.99
M07376,C01382,Email,Loyalty Offer,2025-01-26,1,0,0,0,5.49
M07377,C00475,Social,Festive Sale,2025-07-24,1,0,0,0,5.96
M07378,C00354,Social,New Arrival,2025-08-15,1,1,0,0,3.62
M07379,C03895,Social,Win Back,2025-12-14,1,1,1,1,5.9
M07380,C00374,Social,Clearance,2025-08-25,1,0,0,0,7.67
M07381,C02927,Email,Loyalty Offer,2025-10-11,1,0,0,0,4.48
M07382,C00984,Push,New Arrival,2025-05-02,1,1,0,0,4.5
M07383,C01736,Email,Weekend Offer,2025-06-16,1,0,0,0,2.32
M07384,C02719,Email,New Arrival,2025-01-23,1,1,0,0,7.96
M07385,C03715,Email,Loyalty Offer,2025-07-23,1,0,0,0,4.94
M07386,C00255,SMS,Win Back,2025-07-29,1,1,1,0,1.12
M07387,C03771,Social,Loyalty Offer,2025-08-12,1,0,0,0,2.46
M07388,C00121,Email,New Arrival,2025-03-05,1,1,0,0,1.3
M07389,C04347,Email,Weekend Offer,2025-02-02,1,1,0,0,6.77
M07390,C02510,SMS,Clearance,2025-07-22,1,1,0,0,1.95
M07391,C03512,Email,Weekend Offer,2025-09-10,1,0,0,0,3.01
M07392,C03020,Social,Clearance,2025-07-11,1,0,0,0,2.59
M07393,C01566,SMS,New Arrival,2025-09-27,1,0,0,0,1.9
M07394,C00064,Social,Loyalty Offer,2025-12-11,1,0,0,0,4.7
M07395,C02259,Social,Win Back,2025-06-30,1,1,0,0,5.07
M07396,C01046,SMS,New Arrival,2025-06-14,1,0,1,0,5.0
M07397,C00526,Email,Festive Sale,2025-04-15,1,1,1,0,4.13
M07398,C01581,Push,New Arrival,2025-09-01,1,1,0,0,3.61
M07399,C03907,Social,Loyalty Offer,2025-07-12,1,1,0,0,5.96
M07400,C03572,Email,New Arrival,2025-03-25,1,1,0,0,3.38
M07401,C00470,SMS,New Arrival,2025-08-17,1,0,0,0,3.77
M07402,C02173,Email,Win Back,2025-10-02,1,1,0,0,0.67
M07403,C00280,SMS,New Arrival,2025-07-11,1,0,0,0,5.61
M07404,C00999,SMS,New Arrival,2025-11-20,1,1,1,0,5.32
M07405,C03059,Social,Win Back,2025-02-27,1,0,0,0,6.1
M07406,C02700,Social,Festive Sale,2025-11-08,1,0,0,0,5.16
M07407,C01747,Email,Win Back,2025-06-13,1,0,0,0,1.44
M07408,C01253,Social,Festive Sale,2025-04-18,1,0,0,0,7.78
M07409,C02897,SMS,Loyalty Offer,2025-02-11,1,0,0,0,6.95
M07410,C04006,Email,Loyalty Offer,2025-04-10,1,0,0,0,6.55
M07411,C04402,Email,Weekend Offer,2025-08-08,1,1,0,0,0.84
M07412,C04139,Email,Festive Sale,2025-06-20,1,0,0,0,3.14
M07413,C03168,Social,Weekend Offer,2025-04-15,1,1,0,0,7.65
M07414,C04387,Email,Festive Sale,2025-02-13,1,0,0,0,6.85
M07415,C00918,SMS,Loyalty Offer,2025-05-02,1,1,0,0,1.33
M07416,C04096,Social,New Arrival,2025-11-28,1,0,0,0,6.3
M07417,C01519,Social,Win Back,2025-07-22,1,0,0,0,6.0
M07418,C01794,Email,Weekend Offer,2025-06-19,1,0,0,0,4.57
M07419,C03622,SMS,Festive Sale,2025-11-23,1,1,1,0,5.27
M07420,C04775,SMS,Win Back,2025-08-10,1,1,0,0,4.04
M07421,C01462,SMS,Loyalty Offer,2025-12-01,1,0,0,0,6.8
M07422,C03119,Email,Loyalty Offer,2025-02-19,1,0,0,0,7.61
M07423,C03433,Social,New Arrival,2025-03-21,1,0,0,0,2.75
M07424,C01617,Email,Win Back,2025-03-16,1,0,0,0,1.03
M07425,C02213,Social,Festive Sale,2025-08-19,1,0,0,0,2.89
M07426,C04133,Email,Weekend Offer,2025-11-15,1,0,0,0,7.17
M07427,C03257,Email,Loyalty Offer,2025-06-02,1,0,0,0,3.34
M07428,C01889,Social,Clearance,2025-07-19,1,1,0,0,7.57
M07429,C03020,SMS,New Arrival,2025-11-02,1,0,0,0,4.33
M07430,C01694,Push,Clearance,2025-12-25,1,0,0,0,1.56
M07431,C04861,Email,Clearance,2025-06-12,1,1,0,0,6.34
M07432,C00166,Email,Clearance,2025-11-05,1,0,0,0,2.64
M07433,C02290,Social,New Arrival,2025-03-06,1,0,0,0,3.74
M07434,C00803,Email,Win Back,2025-03-25,1,1,0,0,4.76
M07435,C01908,Email,Win Back,2025-05-29,1,0,0,0,5.14
M07436,C00396,SMS,Weekend Offer,2025-06-04,1,1,1,1,1.61
M07437,C02494,SMS,Weekend Offer,2025-09-14,1,0,0,0,0.52
M07438,C02190,Email,Weekend Offer,2025-04-13,1,1,0,0,6.57
M07439,C03376,Email,Loyalty Offer,2025-03-01,1,0,0,1,4.16
M07440,C04025,Email,New Arrival,2025-10-20,1,1,0,0,2.7
M07441,C02285,Email,Weekend Offer,2025-08-22,1,0,0,0,5.25
M07442,C02767,Push,Festive Sale,2025-07-13,1,1,0,0,4.92
M07443,C04152,Email,Clearance,2025-11-09,1,0,0,0,3.36
M07444,C00897,SMS,Win Back,2025-07-13,1,1,0,0,1.39
M07445,C01245,Email,Weekend Offer,2025-06-09,1,1,1,0,1.06
M07446,C04108,Email,Clearance,2025-11-17,1,1,1,0,4.29
M07447,C03580,SMS,Win Back,2025-03-06,1,0,0,0,6.93
M07448,C04859,Email,Festive Sale,2025-08-05,1,0,0,0,5.25
M07449,C03861,Email,Win Back,2025-09-18,1,0,0,0,5.08
M07450,C00285,Push,Weekend Offer,2025-04-09,1,0,0,0,2.74
M07451,C01543,Push,Win Back,2025-05-29,1,1,0,0,7.01
M07452,C04544,Email,Win Back,2025-11-21,1,0,0,0,4.52
M07453,C03725,Email,Clearance,2025-12-18,1,0,0,0,0.76
M07454,C02699,SMS,Loyalty Offer,2025-09-18,1,0,0,0,5.94
M07455,C01148,Email,Festive Sale,2025-01-28,1,0,0,0,1.36
M07456,C00700,Push,Weekend Offer,2025-03-12,1,0,0,0,4.21
M07457,C00438,Email,Loyalty Offer,2025-12-08,1,0,0,0,7.73
M07458,C03758,Social,Win Back,2025-02-28,1,0,0,0,4.36
M07459,C03293,Email,Festive Sale,2025-05-06,1,1,1,1,1.06
M07460,C04269,Push,Win Back,2025-09-10,1,0,0,0,3.2
M07461,C03525,Email,Festive Sale,2025-05-31,1,0,0,0,7.98
M07462,C01090,SMS,Loyalty Offer,2025-08-12,1,0,0,0,1.0
M07463,C01093,Email,Clearance,2025-09-09,1,1,1,0,5.78
M07464,C01244,Email,Loyalty Offer,2025-05-31,1,1,0,0,2.37
M07465,C00433,Social,Weekend Offer,2025-07-23,1,0,0,0,7.05
M07466,C01950,SMS,New Arrival,2025-12-09,1,0,0,0,2.84
M07467,C02027,Email,New Arrival,2025-09-30,1,0,0,0,5.67
M07468,C03047,Social,Win Back,2025-04-25,1,1,0,0,4.2
M07469,C04532,Email,Festive Sale,2025-04-25,1,0,0,0,3.98
M07470,C00079,Email,Clearance,2025-04-17,1,1,0,0,0.73
M07471,C01631,Email,New Arrival,2025-06-11,1,0,0,0,5.09
M07472,C04270,Email,Clearance,2025-07-13,1,1,0,0,3.15
M07473,C02610,Push,Win Back,2025-08-04,1,1,1,1,6.09
M07474,C02728,Social,Win Back,2025-11-03,1,0,0,0,2.14
M07475,C03805,Email,Win Back,2025-09-26,1,1,1,0,6.72
M07476,C02592,Social,New Arrival,2025-01-15,1,0,0,0,1.13
M07477,C04268,SMS,Loyalty Offer,2025-04-25,1,0,0,0,1.41
M07478,C01995,SMS,Win Back,2025-10-09,1,1,0,0,2.82
M07479,C04166,Email,Loyalty Offer,2025-11-07,1,1,0,0,6.74
M07480,C03034,Email,Clearance,2025-01-13,1,0,0,0,5.74
M07481,C03813,SMS,Festive Sale,2025-08-10,1,0,0,0,7.53
M07482,C03268,Email,Clearance,2025-12-14,1,0,0,0,2.25
M07483,C03115,SMS,Clearance,2025-09-13,1,1,0,0,6.38
M07484,C01252,SMS,New Arrival,2025-12-24,1,0,0,0,7.73
M07485,C02812,SMS,Festive Sale,2025-04-15,1,0,0,0,1.76
M07486,C00575,Social,Loyalty Offer,2025-12-04,1,0,0,0,1.28
M07487,C03823,Social,Festive Sale,2025-12-19,1,1,1,1,7.52
M07488,C00252,Social,Win Back,2025-06-16,1,1,1,0,0.79
M07489,C00763,Push,Clearance,2025-04-17,1,1,0,0,4.19
M07490,C02712,SMS,Loyalty Offer,2025-04-25,1,0,0,0,5.11
M07491,C02191,Email,Clearance,2025-04-25,1,0,0,0,7.37
M07492,C00178,Social,Win Back,2025-09-10,1,0,0,0,7.02
M07493,C03500,Push,New Arrival,2025-10-12,1,1,0,0,3.21
M07494,C01130,Push,Festive Sale,2025-11-05,1,0,0,0,1.61
M07495,C03509,Social,Festive Sale,2025-06-21,1,0,0,0,2.77
M07496,C00487,Email,New Arrival,2025-10-23,1,0,0,0,3.01
M07497,C03243,Email,Clearance,2025-10-13,1,0,0,0,1.88
M07498,C02551,Social,Win Back,2025-04-07,1,1,0,0,4.77
M07499,C02218,Social,Win Back,2025-02-14,1,1,0,0,5.95
M07500,C04704,SMS,Weekend Offer,2025-05-14,1,0,0,0,3.49
M07501,C03273,Email,Loyalty Offer,2025-08-31,1,1,0,0,4.29
M07502,C01797,Email,Clearance,2025-12-20,1,1,0,0,1.58
M07503,C03536,Email,Clearance,2025-10-29,1,1,0,0,7.14
M07504,C04860,Email,Weekend Offer,2025-03-27,1,1,0,0,1.54
M07505,C01262,Push,Weekend Offer,2025-06-04,1,0,0,0,5.07
M07506,C01440,Email,New Arrival,2025-08-17,1,0,0,0,6.45
M07507,C04789,Email,Weekend Offer,2025-03-26,1,1,0,0,4.15
M07508,C00272,Push,Win Back,2025-11-29,1,0,0,0,7.37
M07509,C00942,Social,Festive Sale,2025-10-30,1,0,0,0,1.43
M07510,C02404,Email,New Arrival,2025-03-15,1,0,0,0,7.01
M07511,C01915,Email,Weekend Offer,2025-07-22,1,0,0,0,7.92
M07512,C01111,Email,Festive Sale,2025-04-10,1,1,1,0,2.11
M07513,C00360,SMS,Festive Sale,2025-10-22,1,0,0,0,1.8
M07514,C00974,Email,Clearance,2025-09-28,1,1,0,0,6.64
M07515,C03063,SMS,New Arrival,2025-04-13,1,0,0,0,5.17
M07516,C03029,Email,Clearance,2025-07-08,1,1,1,0,3.94
M07517,C02117,SMS,New Arrival,2025-10-27,1,1,0,0,6.79
M07518,C00020,Push,Win Back,2025-09-18,1,0,0,0,2.74
M07519,C03933,Social,Festive Sale,2025-04-29,1,1,0,0,7.03
M07520,C00661,SMS,Weekend Offer,2025-02-16,1,1,0,0,5.02
M07521,C00160,Social,Weekend Offer,2025-05-05,1,1,0,0,2.99
M07522,C04145,SMS,Loyalty Offer,2025-01-15,1,1,1,0,5.84
M07523,C00390,Email,New Arrival,2025-02-24,1,1,0,0,0.7
M07524,C02267,Social,Festive Sale,2025-01-12,1,1,1,1,6.78
M07525,C03673,Social,Clearance,2025-10-29,1,1,1,0,3.03
M07526,C00218,Social,Win Back,2025-07-22,1,1,0,0,7.81
M07527,C03335,SMS,Weekend Offer,2025-08-06,1,1,1,0,4.76
M07528,C01939,Email,New Arrival,2025-01-26,1,0,0,0,3.86
M07529,C03046,Email,New Arrival,2025-07-11,1,1,0,0,5.86
M07530,C01473,Email,Weekend Offer,2025-07-14,1,0,0,0,4.11
M07531,C02986,Email,Clearance,2025-06-29,1,1,0,0,4.27
M07532,C03026,SMS,Loyalty Offer,2025-10-15,1,0,0,0,2.07
M07533,C01590,Email,Festive Sale,2025-08-22,1,0,0,0,7.76
M07534,C02740,SMS,Clearance,2025-02-09,1,1,0,0,6.14
M07535,C01937,Push,Clearance,2025-12-07,1,1,1,0,1.17
M07536,C00076,Push,Clearance,2025-06-22,1,1,1,1,0.61
M07537,C00081,Push,Festive Sale,2025-11-01,1,0,0,0,5.57
M07538,C04514,Email,New Arrival,2025-06-12,1,0,0,0,5.58
M07539,C02098,Email,Win Back,2025-03-25,1,1,1,0,3.77
M07540,C01006,SMS,Win Back,2025-01-12,1,0,0,0,4.41
M07541,C01154,Push,Festive Sale,2025-11-09,1,1,0,0,4.09
M07542,C01722,Social,Win Back,2025-07-29,1,0,0,0,2.94
M07543,C02735,Social,Win Back,2025-10-27,1,1,1,0,4.97
M07544,C04588,Push,Weekend Offer,2025-07-22,1,1,0,0,7.93
M07545,C04905,Email,Weekend Offer,2025-08-21,1,1,0,0,1.04
M07546,C01822,Email,Weekend Offer,2025-10-04,1,1,0,0,7.28
M07547,C01870,SMS,Weekend Offer,2025-04-18,1,0,0,0,1.24
M07548,C00412,SMS,Weekend Offer,2025-11-27,1,0,0,0,6.4
M07549,C00780,Social,Loyalty Offer,2025-11-06,1,1,1,0,4.68
M07550,C04184,SMS,Clearance,2025-06-18,1,1,0,0,3.53
M07551,C03913,Social,New Arrival,2025-07-21,1,1,0,0,5.65
M07552,C00855,Email,Weekend Offer,2025-06-02,1,1,0,0,6.85
M07553,C00822,SMS,Loyalty Offer,2025-09-25,1,1,0,0,1.84
M07554,C00465,Email,Weekend Offer,2025-04-18,1,0,0,0,1.25
M07555,C02167,Social,New Arrival,2025-12-05,1,1,1,0,5.81
M07556,C02997,Email,Festive Sale,2025-08-02,1,0,0,0,0.71
M07557,C04042,Social,Clearance,2025-11-13,1,1,1,1,0.52
M07558,C03122,Push,Loyalty Offer,2025-07-20,1,0,0,1,3.47
M07559,C02133,Email,New Arrival,2025-12-17,1,1,1,0,5.85
M07560,C04091,Push,Festive Sale,2025-08-14,1,0,0,0,7.56
M07561,C00896,Social,New Arrival,2025-04-18,1,0,0,0,6.17
M07562,C02052,Social,Weekend Offer,2025-11-29,1,0,0,0,5.75
M07563,C02048,Email,Weekend Offer,2025-04-17,1,0,0,0,4.83
M07564,C04642,Email,Festive Sale,2025-03-02,1,0,0,0,1.82
M07565,C00584,Email,New Arrival,2025-03-01,1,1,1,0,2.77
M07566,C00417,Email,Loyalty Offer,2025-03-04,1,1,0,0,4.39
M07567,C04600,Push,Loyalty Offer,2025-01-09,1,0,0,0,6.85
M07568,C03737,Email,Win Back,2025-08-27,1,0,0,0,3.19
M07569,C03160,SMS,Weekend Offer,2025-05-07,1,0,0,0,0.63
M07570,C03983,Email,Festive Sale,2025-07-01,1,0,0,0,2.28
M07571,C01184,Social,Win Back,2025-03-11,1,1,1,0,5.81
M07572,C01227,Social,New Arrival,2025-08-22,1,1,0,0,4.23
M07573,C03557,Email,Weekend Offer,2025-07-17,1,1,1,0,6.65
M07574,C03017,SMS,Festive Sale,2025-06-21,1,1,0,0,3.51
M07575,C03056,Social,Weekend Offer,2025-01-28,1,0,0,0,3.75
M07576,C02023,Email,Festive Sale,2025-03-09,1,0,0,0,1.39
M07577,C02564,Email,Weekend Offer,2025-05-06,1,1,0,0,5.56
M07578,C02272,Email,Loyalty Offer,2025-09-08,1,0,0,0,3.63
M07579,C04882,Email,Clearance,2025-01-02,1,0,0,0,7.43
M07580,C00724,Social,Clearance,2025-10-09,1,1,1,0,6.2
M07581,C04039,Push,Win Back,2025-05-27,1,1,0,0,5.32
M07582,C03439,SMS,Loyalty Offer,2025-10-01,1,0,0,0,3.31
M07583,C01630,SMS,Festive Sale,2025-11-22,1,1,1,1,5.41
M07584,C00262,Email,Loyalty Offer,2025-04-07,1,0,0,0,5.62
M07585,C00982,Push,Festive Sale,2025-03-06,1,0,0,0,5.08
M07586,C00966,Social,New Arrival,2025-04-23,1,0,0,0,1.55
M07587,C04227,Email,New Arrival,2025-05-11,1,0,0,0,1.93
M07588,C01999,Email,Loyalty Offer,2025-07-21,1,0,0,0,6.85
M07589,C01935,Social,Win Back,2025-09-08,1,0,0,0,7.27
M07590,C03065,SMS,Weekend Offer,2025-01-27,1,1,0,0,5.81
M07591,C03708,Push,Festive Sale,2025-11-27,1,0,0,0,6.62
M07592,C04666,Social,Weekend Offer,2025-06-26,1,0,0,0,7.61
M07593,C03242,Push,New Arrival,2025-11-12,1,1,0,0,3.63
M07594,C01739,Push,Clearance,2025-05-05,1,1,0,0,7.64
M07595,C00153,Email,Weekend Offer,2025-02-13,1,1,0,0,3.74
M07596,C04132,Email,Clearance,2025-06-13,1,0,0,0,2.75
M07597,C02901,Push,New Arrival,2025-12-12,1,0,0,0,5.2
M07598,C03682,Email,Clearance,2025-12-21,1,1,0,0,6.89
M07599,C00297,Social,Festive Sale,2025-07-03,1,0,0,0,2.54
M07600,C03240,Email,Loyalty Offer,2025-01-17,1,0,0,0,4.32
M07601,C02345,SMS,Festive Sale,2025-11-07,1,0,0,0,4.68
M07602,C02142,SMS,New Arrival,2025-06-28,1,0,0,0,1.95
M07603,C04720,Social,Loyalty Offer,2025-02-19,1,1,1,0,3.13
M07604,C04232,Email,Weekend Offer,2025-03-10,1,1,0,0,4.97
M07605,C04634,Email,Win Back,2025-12-25,1,0,0,0,1.45
M07606,C00821,SMS,Loyalty Offer,2025-04-13,1,1,0,0,2.47
M07607,C03629,SMS,Loyalty Offer,2025-07-13,1,1,1,1,3.13
M07608,C03884,SMS,New Arrival,2025-02-01,1,1,0,0,5.14
M07609,C04868,Push,Clearance,2025-11-18,1,1,1,1,5.45
M07610,C01705,Social,Clearance,2025-06-05,1,0,0,0,3.02
M07611,C04180,Push,Weekend Offer,2025-06-07,1,0,0,0,3.28
M07612,C03331,SMS,Clearance,2025-05-09,1,0,0,0,5.95
M07613,C04828,SMS,Festive Sale,2025-06-06,1,0,0,0,7.9
M07614,C00864,Social,Loyalty Offer,2025-09-03,1,1,0,0,0.5
M07615,C03539,SMS,Weekend Offer,2025-05-14,1,1,1,0,5.65
M07616,C03483,Social,Festive Sale,2025-05-01,1,0,0,0,1.49
M07617,C00546,SMS,Festive Sale,2025-12-03,1,1,0,0,2.0
M07618,C00425,Email,Clearance,2025-12-16,1,0,0,0,6.68
M07619,C00772,Email,Loyalty Offer,2025-01-17,1,0,0,0,7.45
M07620,C04714,Social,Loyalty Offer,2025-01-17,1,0,0,0,2.37
M07621,C00780,Email,Festive Sale,2025-12-04,1,1,0,0,6.9
M07622,C02521,SMS,Loyalty Offer,2025-07-11,1,0,0,0,4.96
M07623,C03908,Email,Weekend Offer,2025-10-29,1,0,0,0,0.64
M07624,C02540,SMS,Loyalty Offer,2025-04-17,1,1,0,0,1.13
M07625,C03398,SMS,Loyalty Offer,2025-11-11,1,0,0,0,2.35
M07626,C03293,Push,Win Back,2025-03-17,1,0,0,0,1.79
M07627,C01269,Email,Loyalty Offer,2025-07-05,1,0,0,0,7.83
M07628,C00936,SMS,New Arrival,2025-06-12,1,0,0,0,7.57
M07629,C02927,Email,New Arrival,2025-03-23,1,1,1,0,7.14
M07630,C02611,Social,Weekend Offer,2025-04-02,1,0,0,0,7.66
M07631,C04857,Email,Festive Sale,2025-11-28,1,1,0,0,2.93
M07632,C02027,Email,Win Back,2025-10-04,1,0,0,0,3.67
M07633,C02111,Push,Clearance,2025-03-23,1,0,0,0,7.16
M07634,C03841,Social,Weekend Offer,2025-04-24,1,1,1,0,6.08
M07635,C03390,Email,Clearance,2025-12-10,1,0,0,0,2.1
M07636,C01515,SMS,Loyalty Offer,2025-11-06,1,1,0,0,5.16
M07637,C00070,Push,New Arrival,2025-01-18,1,1,0,0,7.04
M07638,C02114,SMS,Loyalty Offer,2025-07-08,1,1,0,0,3.17
M07639,C02109,Email,Clearance,2025-10-13,1,0,0,0,1.57
M07640,C03888,Social,Loyalty Offer,2025-01-30,1,0,0,0,1.26
M07641,C02069,Social,New Arrival,2025-04-18,1,0,0,0,2.65
M07642,C00311,Email,Loyalty Offer,2025-11-11,1,0,0,0,5.7
M07643,C04155,Email,Festive Sale,2025-05-13,1,1,0,0,1.66
M07644,C01706,Email,Weekend Offer,2025-09-24,1,1,0,0,2.12
M07645,C04184,SMS,Win Back,2025-07-21,1,1,0,0,4.74
M07646,C00344,Email,Clearance,2025-04-17,1,0,0,0,3.6
M07647,C01141,Email,Win Back,2025-05-03,1,0,0,0,4.87
M07648,C00387,Email,Clearance,2025-12-24,1,1,0,0,5.04
M07649,C04970,Email,Festive Sale,2025-04-05,1,0,0,0,5.51
M07650,C03737,Push,Loyalty Offer,2025-01-17,1,0,0,0,3.54
M07651,C03883,SMS,Festive Sale,2025-02-03,1,1,1,1,2.59
M07652,C04963,SMS,New Arrival,2025-10-26,1,0,0,0,2.8
M07653,C04994,Social,Festive Sale,2025-07-04,1,0,0,0,4.04
M07654,C02031,Social,Clearance,2025-07-21,1,0,0,0,2.43
M07655,C02392,Email,Win Back,2025-02-02,1,0,0,0,0.67
M07656,C03289,SMS,Clearance,2025-02-25,1,0,0,0,5.52
M07657,C02146,SMS,Loyalty Offer,2025-06-25,1,1,0,0,3.05
M07658,C02992,Email,New Arrival,2025-09-29,1,0,0,0,0.86
M07659,C02641,Push,New Arrival,2025-05-30,1,0,1,0,6.12
M07660,C00231,Email,Win Back,2025-09-25,1,1,1,0,2.71
M07661,C01644,Push,Weekend Offer,2025-04-26,1,1,0,0,1.21
M07662,C03045,Email,Clearance,2025-06-21,1,0,0,0,3.69
M07663,C02437,Push,New Arrival,2025-11-26,1,0,0,0,1.83
M07664,C02082,Email,Weekend Offer,2025-08-24,1,1,1,1,0.94
M07665,C04845,Social,Festive Sale,2025-10-03,1,0,0,0,0.85
M07666,C02015,Social,Loyalty Offer,2025-02-12,1,0,0,0,6.31
M07667,C01978,Email,Festive Sale,2025-01-25,1,0,0,0,1.9
M07668,C04162,SMS,Loyalty Offer,2025-09-06,1,1,0,0,6.51
M07669,C02105,Push,Festive Sale,2025-06-12,1,0,0,0,3.73
M07670,C03749,Social,Weekend Offer,2025-01-19,1,0,0,0,2.05
M07671,C01649,Email,Clearance,2025-05-15,1,1,0,0,0.65
M07672,C00846,Email,Festive Sale,2025-04-29,1,1,0,0,4.09
M07673,C02559,SMS,Loyalty Offer,2025-08-27,1,1,0,0,3.43
M07674,C00663,Email,Clearance,2025-04-12,1,0,0,0,3.94
M07675,C01183,Email,Loyalty Offer,2025-09-29,1,1,0,0,2.64
M07676,C03503,Email,New Arrival,2025-07-28,1,0,0,0,0.65
M07677,C04004,Push,Clearance,2025-11-03,1,1,0,0,4.92
M07678,C03895,Push,Clearance,2025-09-21,1,0,0,0,4.15
M07679,C01302,Push,Clearance,2025-09-05,1,1,0,0,4.71
M07680,C01380,Email,Weekend Offer,2025-05-06,1,1,1,0,3.93
M07681,C00020,Social,Weekend Offer,2025-11-21,1,0,0,0,4.75
M07682,C01186,Social,Win Back,2025-10-11,1,1,0,0,4.87
M07683,C01664,SMS,Festive Sale,2025-01-09,1,1,1,0,5.91
M07684,C03569,Social,Loyalty Offer,2025-09-22,1,1,0,0,0.9
M07685,C00587,SMS,Win Back,2025-09-13,1,1,1,0,3.18
M07686,C04458,Push,New Arrival,2025-04-27,1,1,1,1,7.0
M07687,C04607,Push,Clearance,2025-06-13,1,0,0,0,5.81
M07688,C01098,SMS,New Arrival,2025-01-06,1,1,0,0,3.43
M07689,C01184,Push,Clearance,2025-06-27,1,0,0,0,4.67
M07690,C01357,Social,New Arrival,2025-10-29,1,1,0,0,6.73
M07691,C00576,Email,Weekend Offer,2025-03-16,1,1,0,0,4.21
M07692,C01413,SMS,Clearance,2025-05-13,1,1,1,1,7.89
M07693,C03676,SMS,New Arrival,2025-09-05,1,0,0,0,3.51
M07694,C03933,Push,Weekend Offer,2025-02-27,1,0,0,0,3.07
M07695,C03170,Email,Win Back,2025-12-06,1,1,0,0,5.04
M07696,C04172,Email,Loyalty Offer,2025-10-15,1,1,1,0,1.28
M07697,C01839,Social,Clearance,2025-08-16,1,0,0,0,7.23
M07698,C03320,Email,Festive Sale,2025-01-05,1,1,0,0,5.18
M07699,C04174,Email,New Arrival,2025-01-16,1,0,0,0,6.24
M07700,C03267,Social,Win Back,2025-09-11,1,0,0,0,6.67
M07701,C01934,Email,Win Back,2025-10-11,1,0,0,0,4.31
M07702,C02322,SMS,Clearance,2025-10-25,1,0,0,0,5.14
M07703,C03572,Email,Loyalty Offer,2025-09-10,1,0,0,0,7.26
M07704,C00582,Social,Loyalty Offer,2025-08-10,1,1,0,0,7.93
M07705,C01481,Email,Loyalty Offer,2025-04-07,1,0,0,0,2.11
M07706,C02423,Social,Win Back,2025-10-28,1,0,0,0,7.83
M07707,C04672,Email,Clearance,2025-05-28,1,1,0,0,3.69
M07708,C03010,Email,Clearance,2025-03-25,1,0,0,0,6.84
M07709,C00658,Email,Clearance,2025-08-23,1,0,0,0,4.68
M07710,C03477,Email,Festive Sale,2025-02-23,1,1,0,0,6.92
M07711,C00647,Email,Clearance,2025-10-10,1,1,0,0,5.13
M07712,C01211,Email,Clearance,2025-05-30,1,1,1,0,7.3
M07713,C01581,Email,Loyalty Offer,2025-04-03,1,0,0,0,1.92
M07714,C03045,Push,New Arrival,2025-04-17,1,1,0,0,4.68
M07715,C04354,Push,New Arrival,2025-07-06,1,0,0,0,1.0
M07716,C00568,Email,Loyalty Offer,2025-11-27,1,1,0,0,6.59
M07717,C01279,Social,Festive Sale,2025-08-19,1,1,0,0,4.82
M07718,C03693,SMS,Win Back,2025-11-24,1,0,0,1,3.47
M07719,C03965,Push,Clearance,2025-05-23,1,1,0,0,2.0
M07720,C01403,Email,New Arrival,2025-10-23,1,1,1,0,2.18
M07721,C04329,Email,Loyalty Offer,2025-01-26,1,0,0,0,3.3
M07722,C03170,Push,Festive Sale,2025-01-22,1,0,0,0,7.29
M07723,C03172,Push,Win Back,2025-01-24,1,0,0,0,4.73
M07724,C03191,SMS,Festive Sale,2025-11-02,1,1,0,0,5.16
M07725,C03003,Email,Win Back,2025-08-25,1,0,0,0,6.1
M07726,C00508,Email,Weekend Offer,2025-09-01,1,1,1,0,1.82
M07727,C01115,Email,Weekend Offer,2025-11-10,1,0,0,0,4.06
M07728,C03146,Email,Festive Sale,2025-10-09,1,0,0,0,1.25
M07729,C00611,Email,Weekend Offer,2025-06-29,1,0,0,0,2.72
M07730,C03726,Email,Win Back,2025-11-06,1,0,0,0,5.58
M07731,C03599,Email,Festive Sale,2025-04-11,1,0,0,0,5.39
M07732,C00283,Email,Festive Sale,2025-03-10,1,0,0,0,3.44
M07733,C01402,Social,Win Back,2025-02-27,1,0,0,0,1.87
M07734,C03192,Social,New Arrival,2025-05-29,1,0,0,1,1.13
M07735,C03013,Email,New Arrival,2025-01-25,1,1,0,0,0.98
M07736,C01001,Social,New Arrival,2025-06-07,1,1,0,0,2.66
M07737,C01512,Social,Weekend Offer,2025-10-10,1,0,0,0,6.6
M07738,C00103,Email,Festive Sale,2025-01-24,1,1,0,1,0.51
M07739,C02572,SMS,Loyalty Offer,2025-05-05,1,0,0,0,2.56
M07740,C00487,Email,Win Back,2025-06-20,1,1,1,1,3.37
M07741,C02688,Email,Weekend Offer,2025-06-12,1,0,0,0,1.23
M07742,C03189,Social,New Arrival,2025-11-08,1,0,0,0,1.57
M07743,C02478,Email,Festive Sale,2025-03-16,1,0,0,0,1.06
M07744,C00287,Social,Win Back,2025-01-05,1,0,0,0,2.86
M07745,C04305,Email,Weekend Offer,2025-01-22,1,1,0,0,6.51
M07746,C01490,Social,New Arrival,2025-11-23,1,0,0,0,5.83
M07747,C00109,Email,Weekend Offer,2025-01-08,1,0,0,0,5.31
M07748,C02716,Email,Weekend Offer,2025-12-06,1,1,0,0,0.58
M07749,C02427,Email,Win Back,2025-03-22,1,0,0,0,2.67
M07750,C01963,SMS,New Arrival,2025-02-17,1,1,0,0,4.89
M07751,C02129,Social,Win Back,2025-01-05,1,0,0,0,2.61
M07752,C01927,SMS,Loyalty Offer,2025-11-24,1,0,0,0,1.39
M07753,C01337,Push,Clearance,2025-09-23,1,1,1,0,5.57
M07754,C00565,Social,New Arrival,2025-08-21,1,0,0,0,4.72
M07755,C03841,Social,Win Back,2025-08-14,1,0,0,0,2.62
M07756,C02428,Email,Festive Sale,2025-12-22,1,1,0,0,6.64
M07757,C00978,SMS,Win Back,2025-09-14,1,0,0,1,3.75
M07758,C03757,Push,New Arrival,2025-10-02,1,1,0,0,4.78
M07759,C02996,SMS,Win Back,2025-12-14,1,0,0,0,7.8
M07760,C01742,Social,New Arrival,2025-05-01,1,0,0,0,3.85
M07761,C00470,Email,Clearance,2025-04-16,1,0,0,0,1.06
M07762,C02241,Email,Win Back,2025-11-22,1,0,0,0,5.51
M07763,C02869,Push,Win Back,2025-06-08,1,1,1,0,1.55
M07764,C00977,Email,New Arrival,2025-08-01,1,1,1,0,6.8
M07765,C00824,Email,Weekend Offer,2025-12-16,1,0,0,0,3.21
M07766,C01629,Social,Clearance,2025-03-21,1,1,1,0,4.08
M07767,C04862,Social,Weekend Offer,2025-01-18,1,0,0,0,7.24
M07768,C00305,SMS,Loyalty Offer,2025-12-02,1,1,0,0,6.82
M07769,C00248,Email,Loyalty Offer,2025-09-19,1,0,0,0,3.5
M07770,C04247,Email,Loyalty Offer,2025-04-16,1,0,0,0,5.7
M07771,C03961,Email,Festive Sale,2025-03-19,1,1,0,0,4.69
M07772,C01327,Social,Loyalty Offer,2025-12-11,1,0,0,0,7.06
M07773,C00532,SMS,Clearance,2025-08-30,1,1,1,0,6.44
M07774,C02868,SMS,New Arrival,2025-07-28,1,1,0,0,1.81
M07775,C01195,Email,New Arrival,2025-04-07,1,1,0,0,6.9
M07776,C00860,Email,Weekend Offer,2025-04-27,1,0,0,0,5.51
M07777,C01151,Social,Clearance,2025-10-20,1,0,0,0,2.13
M07778,C00461,Social,Festive Sale,2025-03-05,1,0,0,1,2.55
M07779,C01835,Email,Festive Sale,2025-02-03,1,0,0,0,3.47
M07780,C00749,Email,Win Back,2025-01-14,1,1,1,0,0.6
M07781,C02222,SMS,New Arrival,2025-11-03,1,0,0,0,2.83
M07782,C03703,SMS,New Arrival,2025-01-12,1,0,0,0,2.54
M07783,C00822,Email,Festive Sale,2025-07-18,1,0,0,0,5.65
M07784,C02073,Social,Win Back,2025-04-15,1,0,0,0,1.37
M07785,C03835,Social,Weekend Offer,2025-08-15,1,1,1,1,1.82
M07786,C01038,Email,Weekend Offer,2025-07-17,1,0,0,0,1.22
M07787,C03254,SMS,Clearance,2025-01-09,1,0,0,0,5.32
M07788,C00649,Social,Win Back,2025-10-21,1,1,1,0,5.13
M07789,C03758,SMS,Loyalty Offer,2025-11-03,1,0,0,0,2.23
M07790,C02338,Email,New Arrival,2025-11-01,1,0,0,0,1.76
M07791,C01892,Email,Loyalty Offer,2025-11-24,1,0,0,0,3.21
M07792,C04402,Email,Clearance,2025-08-23,1,1,0,0,2.76
M07793,C00618,Social,Clearance,2025-04-18,1,0,0,0,5.47
M07794,C04258,Email,Clearance,2025-04-03,1,1,1,0,6.96
M07795,C01032,Push,New Arrival,2025-11-11,1,1,0,0,2.69
M07796,C03347,Social,Weekend Offer,2025-01-06,1,0,0,0,5.33
M07797,C02458,SMS,New Arrival,2025-07-17,1,0,0,0,5.49
M07798,C01956,Email,Loyalty Offer,2025-09-07,1,1,0,0,7.95
M07799,C01130,SMS,Clearance,2025-05-29,1,1,1,0,2.1
M07800,C01190,SMS,Win Back,2025-10-18,1,0,0,0,5.55
M07801,C00047,Social,Festive Sale,2025-04-22,1,0,0,0,2.27
M07802,C01528,Email,Win Back,2025-08-28,1,0,0,0,7.9
M07803,C01941,Social,Festive Sale,2025-01-12,1,1,1,0,5.44
M07804,C00118,Email,Win Back,2025-07-04,1,0,0,0,6.1
M07805,C03899,Email,Win Back,2025-07-03,1,1,0,0,6.99
M07806,C04962,Social,Win Back,2025-12-16,1,0,0,0,3.78
M07807,C02175,SMS,Loyalty Offer,2025-03-12,1,1,0,0,3.84
M07808,C02116,Social,New Arrival,2025-09-05,1,0,0,0,1.28
M07809,C04069,Email,Win Back,2025-12-30,1,0,0,0,5.86
M07810,C00991,Social,Weekend Offer,2025-07-03,1,1,0,0,3.93
M07811,C00790,Social,Festive Sale,2025-12-25,1,1,1,0,0.87
M07812,C02956,Email,Clearance,2025-12-04,1,1,1,0,6.59
M07813,C03548,Email,Loyalty Offer,2025-07-15,1,1,1,1,6.61
M07814,C01794,Email,Loyalty Offer,2025-02-22,1,0,0,0,1.58
M07815,C01070,SMS,Weekend Offer,2025-10-20,1,1,0,0,3.38
M07816,C03145,Social,New Arrival,2025-06-22,1,0,0,0,5.32
M07817,C02913,SMS,Clearance,2025-03-01,1,0,0,0,6.3
M07818,C00286,Social,Loyalty Offer,2025-09-20,1,1,1,0,2.86
M07819,C04149,Email,Win Back,2025-02-10,1,0,0,0,6.74
M07820,C03260,Push,Weekend Offer,2025-03-11,1,1,0,0,6.72
M07821,C02499,Email,Loyalty Offer,2025-12-17,1,0,0,0,4.33
M07822,C01495,Email,Festive Sale,2025-04-01,1,1,0,0,4.49
M07823,C03944,Social,Festive Sale,2025-11-03,1,1,0,0,7.38
M07824,C01297,Email,Clearance,2025-06-29,1,1,1,0,2.87
M07825,C03501,Social,New Arrival,2025-01-07,1,0,0,0,2.44
M07826,C01106,SMS,Weekend Offer,2025-07-23,1,1,0,0,6.74
M07827,C04395,Social,Win Back,2025-09-13,1,0,0,0,3.51
M07828,C00452,Email,Festive Sale,2025-05-27,1,0,0,0,2.27
M07829,C02304,SMS,New Arrival,2025-02-05,1,1,0,0,0.95
M07830,C04661,Social,Loyalty Offer,2025-06-23,1,1,0,0,5.58
M07831,C02890,Email,Weekend Offer,2025-01-03,1,0,0,0,3.66
M07832,C04420,Social,Win Back,2025-09-12,1,1,0,0,6.43
M07833,C04432,Email,Festive Sale,2025-02-01,1,0,0,0,3.19
M07834,C04848,Email,Festive Sale,2025-09-29,1,1,1,1,1.88
M07835,C04433,Social,Festive Sale,2025-02-09,1,0,0,0,0.82
M07836,C04080,Email,Loyalty Offer,2025-08-27,1,1,0,0,1.15
M07837,C04520,Push,New Arrival,2025-05-24,1,0,0,0,7.04
M07838,C04334,Email,Win Back,2025-11-25,1,1,0,0,6.43
M07839,C01621,Social,Loyalty Offer,2025-12-17,1,1,1,0,2.94
M07840,C02662,SMS,Clearance,2025-03-27,1,0,0,0,7.07
M07841,C04563,Email,Win Back,2025-08-05,1,0,0,0,2.13
M07842,C02974,Email,Win Back,2025-07-31,1,0,0,0,7.28
M07843,C02422,Email,New Arrival,2025-06-17,1,0,0,0,5.54
M07844,C01450,Email,Loyalty Offer,2025-11-22,1,0,0,0,7.86
M07845,C01737,SMS,Win Back,2025-03-12,1,1,0,0,1.31
M07846,C02531,SMS,Clearance,2025-09-04,1,1,0,0,5.17
M07847,C03304,Email,New Arrival,2025-08-26,1,0,0,0,7.68
M07848,C04659,Social,Weekend Offer,2025-06-30,1,0,0,0,1.44
M07849,C00622,Social,Win Back,2025-06-14,1,0,0,0,7.17
M07850,C03296,Email,Weekend Offer,2025-11-05,1,1,0,0,3.0
M07851,C01755,Social,Loyalty Offer,2025-06-27,1,0,0,0,5.83
M07852,C01746,Email,Clearance,2025-05-01,1,0,0,0,1.38
M07853,C03237,Email,Weekend Offer,2025-01-27,1,1,0,0,6.11
M07854,C02499,Email,Clearance,2025-04-17,1,0,0,0,4.0
M07855,C02887,Push,Weekend Offer,2025-01-24,1,0,0,0,7.55
M07856,C02218,Email,Win Back,2025-10-11,1,1,1,0,2.34
M07857,C02963,Email,Win Back,2025-11-28,1,0,0,0,7.58
M07858,C01004,Email,Win Back,2025-04-20,1,0,0,0,1.61
M07859,C03229,Email,Clearance,2025-11-08,1,0,0,0,6.44
M07860,C02118,SMS,Clearance,2025-05-17,1,1,0,0,0.89
M07861,C03650,Email,Loyalty Offer,2025-10-13,1,1,1,0,6.35
M07862,C00390,Push,New Arrival,2025-09-02,1,0,0,0,4.29
M07863,C00833,Email,Weekend Offer,2025-08-22,1,1,1,0,3.6
M07864,C02238,SMS,Loyalty Offer,2025-08-31,1,0,0,0,3.93
M07865,C00573,Social,Clearance,2025-02-14,1,0,0,0,5.06
M07866,C00963,Push,Loyalty Offer,2025-08-24,1,0,0,0,3.95
M07867,C00960,Email,Festive Sale,2025-12-11,1,0,0,0,6.58
M07868,C04168,Email,Clearance,2025-04-03,1,1,0,0,7.28
M07869,C00932,SMS,Win Back,2025-06-22,1,0,0,0,4.25
M07870,C03635,Push,Weekend Offer,2025-08-20,1,1,0,0,4.18
M07871,C04780,SMS,Loyalty Offer,2025-12-19,1,1,0,0,3.46
M07872,C02713,Email,Weekend Offer,2025-03-12,1,1,1,0,2.68
M07873,C02062,Email,Win Back,2025-02-06,1,0,0,0,0.75
M07874,C02973,SMS,Clearance,2025-08-03,1,0,0,0,6.29
M07875,C03331,Email,Festive Sale,2025-03-05,1,0,0,0,3.28
M07876,C03534,Push,Festive Sale,2025-12-21,1,0,0,0,6.3
M07877,C00362,Social,Festive Sale,2025-05-16,1,0,0,0,3.44
M07878,C04445,Email,Loyalty Offer,2025-06-21,1,0,0,0,6.41
M07879,C02949,Social,New Arrival,2025-09-15,1,1,1,0,6.99
M07880,C03279,SMS,Win Back,2025-10-11,1,1,0,0,4.3
M07881,C00992,Push,Clearance,2025-12-17,1,0,0,0,4.4
M07882,C00260,Push,Clearance,2025-11-24,1,0,0,0,3.9
M07883,C04297,Email,Clearance,2025-10-12,1,0,0,0,6.69
M07884,C04300,Social,Win Back,2025-08-06,1,1,0,0,1.8
M07885,C03367,SMS,New Arrival,2025-09-25,1,1,0,0,7.05
M07886,C03370,SMS,Loyalty Offer,2025-07-25,1,0,0,0,7.7
M07887,C04881,Email,Clearance,2025-12-05,1,0,0,0,7.06
M07888,C02682,Push,Win Back,2025-06-15,1,0,0,0,7.02
M07889,C04474,Email,Win Back,2025-09-25,1,0,0,0,2.5
M07890,C01657,Social,New Arrival,2025-01-15,1,1,1,1,1.04
M07891,C00721,Push,Weekend Offer,2025-07-08,1,1,1,0,7.11
M07892,C03441,SMS,Win Back,2025-11-20,1,1,0,0,5.62
M07893,C03710,Push,Clearance,2025-05-31,1,0,0,0,0.9
M07894,C00218,Social,Loyalty Offer,2025-05-31,1,0,0,0,6.02
M07895,C04442,Push,Win Back,2025-08-29,1,0,0,0,7.54
M07896,C03941,Email,Clearance,2025-05-29,1,1,0,0,3.92
M07897,C00265,Social,New Arrival,2025-11-24,1,0,0,0,7.59
M07898,C04199,SMS,Festive Sale,2025-10-22,1,1,0,0,6.88
M07899,C02317,Push,Loyalty Offer,2025-09-14,1,0,0,0,6.51
M07900,C04636,Push,Loyalty Offer,2025-09-13,1,0,0,0,1.59
M07901,C02041,SMS,New Arrival,2025-03-25,1,0,0,0,2.06
M07902,C01029,Email,New Arrival,2025-05-20,1,0,0,0,1.98
M07903,C01790,SMS,Win Back,2025-01-20,1,0,0,0,4.15
M07904,C04649,SMS,Festive Sale,2025-05-12,1,1,0,0,4.35
M07905,C00784,Push,New Arrival,2025-08-05,1,0,0,0,7.12
M07906,C02254,SMS,Clearance,2025-10-17,1,0,0,0,6.53
M07907,C02130,Social,Loyalty Offer,2025-02-19,1,1,1,0,3.97
M07908,C01757,Email,Win Back,2025-08-31,1,0,0,0,7.97
M07909,C03698,Email,New Arrival,2025-11-24,1,0,0,0,5.39
M07910,C02805,Push,Win Back,2025-09-10,1,1,1,0,0.58
M07911,C00441,Social,Festive Sale,2025-01-22,1,0,0,0,1.3
M07912,C02889,Email,Win Back,2025-05-30,1,1,1,0,6.57
M07913,C04327,Push,New Arrival,2025-08-05,1,0,0,0,1.74
M07914,C04906,Social,Weekend Offer,2025-09-15,1,1,0,0,2.57
M07915,C04927,Email,Weekend Offer,2025-08-10,1,1,0,0,4.2
M07916,C03341,Email,Loyalty Offer,2025-07-24,1,1,0,0,6.1
M07917,C02064,SMS,Loyalty Offer,2025-09-13,1,1,0,0,0.73
M07918,C04916,Push,Win Back,2025-01-24,1,0,0,0,0.68
M07919,C04237,Email,Weekend Offer,2025-03-18,1,0,0,0,7.51
M07920,C01769,Push,Weekend Offer,2025-02-15,1,1,0,0,3.83
M07921,C01628,Push,Loyalty Offer,2025-01-23,1,1,0,0,4.01
M07922,C00059,Email,Clearance,2025-01-05,1,0,0,0,1.38
M07923,C04984,SMS,Clearance,2025-04-03,1,0,0,0,5.08
M07924,C02396,Email,Weekend Offer,2025-02-28,1,0,0,0,5.55
M07925,C03084,Email,New Arrival,2025-05-30,1,1,0,0,4.21
M07926,C03935,Email,Festive Sale,2025-06-10,1,1,0,0,1.57
M07927,C02566,SMS,Win Back,2025-12-26,1,0,0,0,4.22
M07928,C04562,Push,New Arrival,2025-02-19,1,0,0,0,5.88
M07929,C03380,Email,Festive Sale,2025-11-05,1,0,0,0,3.96
M07930,C01826,Social,Festive Sale,2025-04-04,1,1,0,0,7.55
M07931,C03560,Email,Clearance,2025-01-05,1,1,1,1,1.38
M07932,C04324,Email,Loyalty Offer,2025-11-29,1,1,0,0,1.71
M07933,C01722,Social,New Arrival,2025-03-23,1,1,0,1,3.67
M07934,C03987,Social,Win Back,2025-05-20,1,0,0,0,6.08
M07935,C04622,Social,Festive Sale,2025-08-03,1,1,0,0,4.91
M07936,C02478,Push,New Arrival,2025-05-27,1,0,0,0,0.89
M07937,C02194,Push,New Arrival,2025-04-20,1,0,0,0,1.39
M07938,C02066,Email,Loyalty Offer,2025-05-08,1,1,0,0,1.4
M07939,C02107,SMS,Clearance,2025-11-01,1,0,0,0,2.05
M07940,C01121,Email,Weekend Offer,2025-07-19,1,1,0,0,3.42
M07941,C00036,Social,Loyalty Offer,2025-04-22,1,0,1,1,2.49
M07942,C04876,Push,Win Back,2025-03-21,1,1,0,0,0.77
M07943,C02826,Push,New Arrival,2025-08-31,1,0,0,0,4.61
M07944,C02468,Email,New Arrival,2025-11-30,1,1,0,0,1.49
M07945,C02625,Email,Festive Sale,2025-04-02,1,0,1,0,7.34
M07946,C04021,Social,Weekend Offer,2025-08-14,1,1,1,1,0.71
M07947,C00243,Email,Weekend Offer,2025-12-29,1,0,0,0,6.31
M07948,C00243,Social,Weekend Offer,2025-11-21,1,1,0,0,4.79
M07949,C02376,Email,New Arrival,2025-10-14,1,0,0,0,1.74
M07950,C02175,Social,Win Back,2025-08-10,1,0,0,0,5.21
M07951,C01922,Email,Win Back,2025-02-26,1,1,0,1,1.28
M07952,C02320,SMS,Festive Sale,2025-02-28,1,0,0,0,6.81
M07953,C04016,Email,Win Back,2025-02-14,1,0,0,0,7.8
M07954,C00990,SMS,New Arrival,2025-03-08,1,1,0,0,1.98
M07955,C00018,Email,Win Back,2025-04-28,1,0,0,0,6.73
M07956,C00237,Email,Weekend Offer,2025-05-20,1,1,0,0,2.4
M07957,C03139,Email,Weekend Offer,2025-11-02,1,0,0,0,3.13
M07958,C03683,SMS,Festive Sale,2025-08-02,1,0,0,0,7.62
M07959,C00372,Social,Win Back,2025-08-08,1,0,0,0,6.64
M07960,C03919,SMS,Win Back,2025-06-10,1,1,0,0,7.71
M07961,C00758,Push,New Arrival,2025-01-12,1,1,0,0,3.86
M07962,C01704,SMS,Clearance,2025-10-20,1,1,0,0,5.63
M07963,C04753,Email,Clearance,2025-08-09,1,0,0,0,3.31
M07964,C03156,Email,Win Back,2025-08-03,1,1,0,0,1.48
M07965,C00980,Social,Win Back,2025-10-31,1,1,1,1,7.56
M07966,C00221,SMS,Win Back,2025-07-11,1,1,0,0,3.77
M07967,C01912,SMS,New Arrival,2025-06-20,1,0,0,0,6.68
M07968,C01860,Email,Clearance,2025-11-14,1,1,0,0,6.02
M07969,C02324,SMS,Clearance,2025-08-24,1,1,0,0,2.46
M07970,C00588,Social,Clearance,2025-07-28,1,1,0,0,7.78
M07971,C02072,Email,Loyalty Offer,2025-02-09,1,1,0,0,7.66
M07972,C01413,Social,Weekend Offer,2025-09-26,1,1,0,0,2.19
M07973,C02077,Social,Win Back,2025-05-17,1,0,0,0,1.28
M07974,C03832,Email,Win Back,2025-12-26,1,0,0,0,2.98
M07975,C04513,Email,Loyalty Offer,2025-04-27,1,1,0,0,4.98
M07976,C02710,Push,Win Back,2025-06-02,1,1,0,0,5.42
M07977,C02966,Push,New Arrival,2025-12-05,1,1,0,0,4.23
M07978,C02956,SMS,Weekend Offer,2025-11-15,1,0,0,0,6.15
M07979,C02456,Social,Win Back,2025-07-07,1,1,1,0,6.31
M07980,C02120,Push,Clearance,2025-08-23,1,0,0,0,7.74
M07981,C01657,SMS,Weekend Offer,2025-03-24,1,0,0,0,2.69
M07982,C03223,Email,Clearance,2025-12-18,1,1,1,1,1.6
M07983,C04607,Social,Loyalty Offer,2025-03-17,1,0,0,0,3.9
M07984,C03240,Social,New Arrival,2025-04-25,1,1,0,0,7.14
M07985,C00680,Social,New Arrival,2025-08-21,1,0,0,0,7.1
M07986,C02751,Email,Weekend Offer,2025-11-14,1,1,0,0,0.93
M07987,C00240,Push,Win Back,2025-07-27,1,0,0,0,2.63
M07988,C01405,Social,Loyalty Offer,2025-05-27,1,1,0,1,6.36
M07989,C02244,Social,New Arrival,2025-02-18,1,0,0,0,5.5
M07990,C02427,SMS,New Arrival,2025-05-17,1,0,0,0,0.6
M07991,C00468,Push,Weekend Offer,2025-03-03,1,1,1,0,6.23
M07992,C03607,Push,New Arrival,2025-09-20,1,1,1,0,7.84
M07993,C03146,Email,New Arrival,2025-07-13,1,0,0,0,5.58
M07994,C04861,Social,Weekend Offer,2025-06-23,1,1,0,0,2.78
M07995,C04757,Email,Clearance,2025-04-22,1,1,0,0,6.59
M07996,C00252,SMS,Loyalty Offer,2025-09-21,1,0,0,0,4.3
M07997,C03563,Social,Weekend Offer,2025-09-12,1,0,0,0,5.39
M07998,C03348,Push,New Arrival,2025-01-05,1,0,0,0,0.69
M07999,C00655,Email,Weekend Offer,2025-01-04,1,0,0,0,6.62
M08000,C04267,SMS,Loyalty Offer,2025-06-30,1,0,0,0,7.36
