Order_ID,Customer_ID,Order_Date,Payment_Method,Shipping_City,Order_Status,Discount_Percentage
O00001,C04329,2025-07-02,UPI,Bangalore,Returned,20.0
O00002,C04329,2025-03-19,Card,Indore,Delivered,5.0
O00003,C03589,2025-05-03,UPI,Mumbai,Delivered,5.0
O00004,C03117,2025-10-03,Card,Hyderabad,Delivered,10.0
O00005,C04654,2025-07-27,UPI,Bangalore,Cancelled,15.0
O00006,C03748,2025-07-05,Card,Hyderabad,Delivered,10.0
O00007,C01950,2025-01-17,Net Banking,Bangalore,Delivered,20.0
O00008,C01460,2025-10-17,Card,Bangalore,Delivered,5.0
O00009,C04431,2025-09-11,UPI,Hyderabad,Delivered,10.0
O00010,C02452,2025-04-09,Card,Bangalore,Delivered,15.0
O00011,C04352,2025-05-27,UPI,Indore,Delivered,5.0
O00012,C03068,2025-04-24,COD,Jaipur,Delivered,0.0
O00013,C04091,2025-04-07,Card,Mumbai,Delivered,20.0
O00014,C02989,2025-11-18,COD,Jaipur,Delivered,10.0
O00015,C00772,2025-11-24,COD,Chennai,Delivered,0.0
O00016,C01112,2025-12-15,UPI,Chennai,Delivered,25.0
O00017,C03312,2025-06-19,Net Banking,Kochi,Delivered,5.0
O00018,C04407,2025-11-03,UPI,Ahmedabad,Delivered,10.0
O00019,C01595,2025-07-18,Card,Bangalore,Delivered,10.0
O00020,C02730,2025-06-26,UPI,Jaipur,Delivered,5.0
O00021,C01282,2025-05-04,UPI,Bangalore,Delivered,0.0
O00022,C03586,2025-06-06,Card,Chennai,Delivered,15.0
O00023,C02829,2025-04-05,UPI,Ahmedabad,Cancelled,5.0
O00024,C02374,2025-10-13,UPI,Bangalore,Delivered,15.0
O00025,C04886,2025-04-09,UPI,Chennai,Delivered,15.0
O00026,C00342,2025-08-23,Card,Indore,Delivered,0.0
O00027,C04934,2025-07-09,UPI,Delhi,Delivered,15.0
O00028,C04724,2025-10-21,Card,Ahmedabad,Delivered,10.0
O00029,C02819,2025-09-30,Card,Delhi,Delivered,5.0
O00030,C02926,2025-11-26,Card,Indore,Delivered,10.0
O00031,C01273,2025-01-18,UPI,Ahmedabad,Delivered,10.0
O00032,C00710,2025-06-23,Card,Lucknow,Delivered,0.0
O00033,C00739,2025-11-02,Card,Lucknow,Delivered,10.0
O00034,C01779,2025-04-30,Card,Mumbai,Delivered,25.0
O00035,C04591,2025-09-13,Card,Kochi,Delivered,10.0
O00036,C04131,2025-04-06,UPI,Delhi,Delivered,5.0
O00037,C03719,2025-11-06,Card,Bangalore,Delivered,10.0
O00038,C04914,2025-01-31,UPI,Bangalore,Delivered,15.0
O00039,C00010,2025-04-07,UPI,Kolkata,Delivered,0.0
O00040,C01738,2025-07-12,UPI,Chennai,Delivered,10.0
O00041,C02579,2025-08-21,COD,Delhi,Cancelled,10.0
O00042,C01559,2025-02-15,Card,Mumbai,Delivered,5.0
O00043,C02143,2025-10-18,Net Banking,Bangalore,Cancelled,15.0
O00044,C02624,2025-08-24,Net Banking,Delhi,Delivered,10.0
O00045,C04001,2025-02-18,Net Banking,Bangalore,Delivered,15.0
O00046,C04546,2025-12-03,UPI,Kochi,Delivered,10.0
O00047,C02144,2025-06-11,Card,Kochi,Delivered,15.0
O00048,C00865,2025-10-12,Card,Hyderabad,Delivered,10.0
O00049,C01801,2025-05-14,Card,Lucknow,Delivered,15.0
O00050,C03453,2025-09-14,UPI,Delhi,Delivered,5.0
O00051,C02717,2025-07-02,UPI,Indore,Cancelled,20.0
O00052,C04303,2025-01-27,Card,Kolkata,Delivered,0.0
O00053,C01810,2025-05-20,Net Banking,Ahmedabad,Returned,5.0
O00054,C04946,2025-09-17,Card,Kochi,Returned,20.0
O00055,C04342,2025-03-21,UPI,Chennai,Delivered,0.0
O00056,C01998,2025-06-29,Net Banking,Lucknow,Delivered,20.0
O00057,C02932,2025-09-24,UPI,Chennai,Delivered,10.0
O00058,C02131,2025-02-21,COD,Ahmedabad,Delivered,5.0
O00059,C04413,2025-03-25,COD,Kochi,Delivered,15.0
O00060,C02693,2025-06-05,Card,Kochi,Delivered,5.0
O00061,C03177,2025-11-24,Card,Indore,Delivered,15.0
O00062,C02797,2025-04-14,Card,Indore,Delivered,15.0
O00063,C04696,2025-12-12,Card,Lucknow,Delivered,10.0
O00064,C01556,2025-04-07,UPI,Kochi,Delivered,15.0
O00065,C03691,2025-05-05,Card,Kolkata,Delivered,25.0
O00066,C04937,2025-07-02,UPI,Ahmedabad,Delivered,10.0
O00067,C03573,2025-11-23,Card,Kochi,Delivered,0.0
O00068,C04444,2025-02-23,Card,Chennai,Delivered,15.0
O00069,C00331,2025-10-29,UPI,Hyderabad,Delivered,10.0
O00070,C04706,2025-06-13,COD,Bangalore,Delivered,10.0
O00071,C01945,2025-05-29,Card,Jaipur,Delivered,10.0
O00072,C04840,2025-10-17,Card,Kolkata,Delivered,15.0
O00073,C03959,2025-03-28,UPI,Bangalore,Delivered,10.0
O00074,C04665,2025-06-11,Card,Pune,Returned,5.0
O00075,C01685,2025-06-17,UPI,Kochi,Delivered,15.0
O00076,C02437,2025-05-15,UPI,Kolkata,Delivered,15.0
O00077,C00971,2025-03-31,UPI,Chennai,Delivered,0.0
O00078,C00747,2025-11-04,UPI,Lucknow,Delivered,5.0
O00079,C02185,2025-11-01,Card,Pune,Delivered,25.0
O00080,C01385,2025-03-22,Card,Pune,Delivered,0.0
O00081,C04031,2025-12-17,Card,Jaipur,Delivered,5.0
O00082,C01019,2025-08-19,Card,Jaipur,Returned,10.0
O00083,C02579,2025-03-30,COD,Pune,Delivered,5.0
O00084,C04112,2025-10-20,UPI,Indore,Delivered,15.0
O00085,C04664,2025-01-02,Card,Kochi,Delivered,5.0
O00086,C03941,2025-12-18,COD,Jaipur,Delivered,10.0
O00087,C02025,2025-08-10,UPI,Chennai,Delivered,30.0
O00088,C01543,2025-01-17,Card,Mumbai,Delivered,5.0
O00089,C02712,2025-07-15,Card,Jaipur,Delivered,0.0
O00090,C03047,2025-04-30,UPI,Hyderabad,Delivered,15.0
O00091,C01455,2025-08-30,UPI,Hyderabad,Cancelled,10.0
O00092,C03004,2025-06-23,COD,Jaipur,Delivered,10.0
O00093,C01703,2025-02-01,Card,Bangalore,Delivered,20.0
O00094,C04421,2025-10-02,UPI,Mumbai,Delivered,0.0
O00095,C03874,2025-07-14,COD,Lucknow,Delivered,10.0
O00096,C00122,2025-01-04,COD,Delhi,Returned,5.0
O00097,C01477,2025-10-08,UPI,Bangalore,Delivered,0.0
O00098,C00266,2025-01-21,Card,Kolkata,Delivered,10.0
O00099,C00028,2025-08-26,Card,Mumbai,Returned,25.0
O00100,C02125,2025-04-03,UPI,Delhi,Delivered,15.0
O00101,C00432,2025-03-30,Card,Indore,Delivered,5.0
O00102,C04975,2025-04-23,UPI,Ahmedabad,Delivered,10.0
O00103,C03778,2025-08-09,UPI,Lucknow,Delivered,15.0
O00104,C04532,2025-04-08,UPI,Kolkata,Delivered,5.0
O00105,C01086,2025-05-22,Net Banking,Jaipur,Delivered,5.0
O00106,C02095,2025-05-30,COD,Hyderabad,Returned,5.0
O00107,C02486,2025-02-17,Card,Indore,Delivered,10.0
O00108,C00101,2025-02-20,Card,Bangalore,Delivered,0.0
O00109,C02155,2025-07-27,UPI,Hyderabad,Delivered,10.0
O00110,C03049,2025-01-11,Card,Pune,Delivered,20.0
O00111,C04983,2025-09-27,UPI,Indore,Delivered,15.0
O00112,C00800,2025-09-20,Card,Kolkata,Delivered,15.0
O00113,C03823,2025-07-16,COD,Ahmedabad,Cancelled,5.0
O00114,C01296,2025-07-05,UPI,Indore,Delivered,15.0
O00115,C00435,2025-10-23,Card,Kochi,Delivered,25.0
O00116,C03805,2025-08-09,Card,Delhi,Delivered,5.0
O00117,C02614,2025-03-22,UPI,Pune,Delivered,20.0
O00118,C00916,2025-08-10,Card,Pune,Delivered,20.0
O00119,C02276,2025-06-19,Card,Kolkata,Delivered,25.0
O00120,C04641,2025-03-27,COD,Bangalore,Delivered,5.0
O00121,C00648,2025-02-13,UPI,Indore,Delivered,25.0
O00122,C02296,2025-09-18,Card,Kochi,Delivered,0.0
O00123,C04079,2025-04-14,Net Banking,Kochi,Delivered,0.0
O00124,C01432,2025-10-11,Card,Hyderabad,Delivered,0.0
O00125,C02362,2025-08-16,Card,Kochi,Delivered,10.0
O00126,C04133,2025-07-07,UPI,Indore,Delivered,0.0
O00127,C00724,2025-05-01,UPI,Indore,Delivered,5.0
O00128,C01548,2025-05-29,Net Banking,Indore,Delivered,10.0
O00129,C00980,2025-12-18,UPI,Pune,Delivered,0.0
O00130,C00084,2025-11-01,Net Banking,Delhi,Delivered,15.0
O00131,C03487,2025-02-26,UPI,Indore,Delivered,5.0
O00132,C01366,2025-12-07,UPI,Chennai,Delivered,0.0
O00133,C04815,2025-07-08,UPI,Ahmedabad,Delivered,5.0
O00134,C00550,2025-12-23,Card,Pune,Delivered,0.0
O00135,C03493,2025-02-07,COD,Mumbai,Delivered,15.0
O00136,C02763,2025-07-20,Net Banking,Kolkata,Delivered,5.0
O00137,C03854,2025-08-17,UPI,Pune,Delivered,0.0
O00138,C04683,2025-05-11,UPI,Lucknow,Delivered,10.0
O00139,C03200,2025-06-20,Card,Jaipur,Delivered,10.0
O00140,C00152,2025-11-26,Card,Pune,Delivered,5.0
O00141,C03499,2025-02-04,UPI,Ahmedabad,Delivered,5.0
O00142,C02213,2025-07-20,UPI,Kochi,Delivered,15.0
O00143,C02986,2025-06-17,UPI,Indore,Delivered,10.0
O00144,C04095,2025-09-03,Card,Indore,Delivered,5.0
O00145,C01568,2025-08-12,Card,Jaipur,Delivered,25.0
O00146,C00212,2025-12-07,COD,Lucknow,Delivered,5.0
O00147,C04838,2025-02-27,UPI,Bangalore,Cancelled,10.0
O00148,C02180,2025-10-17,COD,Delhi,Delivered,10.0
O00149,C03224,2025-01-25,UPI,Hyderabad,Delivered,5.0
O00150,C04192,2025-02-01,UPI,Ahmedabad,Delivered,5.0
O00151,C01527,2025-04-20,Card,Lucknow,Cancelled,10.0
O00152,C00522,2025-04-11,COD,Pune,Delivered,5.0
O00153,C03947,2025-05-30,UPI,Indore,Cancelled,5.0
O00154,C01703,2025-12-11,Net Banking,Hyderabad,Delivered,10.0
O00155,C00018,2025-07-12,Card,Kolkata,Delivered,15.0
O00156,C03481,2025-04-19,UPI,Ahmedabad,Returned,15.0
O00157,C01720,2025-12-22,COD,Kochi,Delivered,0.0
O00158,C03317,2025-10-04,Card,Kolkata,Delivered,15.0
O00159,C04015,2025-08-21,COD,Hyderabad,Delivered,25.0
O00160,C00879,2025-01-21,COD,Indore,Delivered,10.0
O00161,C00594,2025-09-09,Card,Delhi,Delivered,10.0
O00162,C04739,2025-01-14,UPI,Indore,Delivered,25.0
O00163,C04897,2025-08-03,COD,Indore,Cancelled,20.0
O00164,C04551,2025-01-24,Card,Pune,Cancelled,10.0
O00165,C01610,2025-01-20,Card,Indore,Returned,15.0
O00166,C00876,2025-07-21,UPI,Hyderabad,Delivered,5.0
O00167,C03232,2025-11-17,Net Banking,Pune,Delivered,10.0
O00168,C02449,2025-02-21,Card,Chennai,Delivered,15.0
O00169,C04558,2025-12-23,Card,Chennai,Delivered,5.0
O00170,C02137,2025-07-05,Card,Mumbai,Delivered,10.0
O00171,C02054,2025-07-26,COD,Hyderabad,Delivered,0.0
O00172,C00084,2025-12-26,UPI,Bangalore,Delivered,20.0
O00173,C01440,2025-04-05,COD,Pune,Delivered,20.0
O00174,C02669,2025-12-14,UPI,Delhi,Delivered,10.0
O00175,C02220,2025-09-23,Card,Mumbai,Cancelled,5.0
O00176,C00699,2025-11-22,Card,Lucknow,Delivered,15.0
O00177,C01821,2025-01-15,Card,Pune,Delivered,5.0
O00178,C04626,2025-06-24,Card,Jaipur,Delivered,5.0
O00179,C04415,2025-08-07,UPI,Bangalore,Delivered,25.0
O00180,C01099,2025-01-10,Card,Hyderabad,Delivered,0.0
O00181,C02895,2025-01-19,Net Banking,Ahmedabad,Delivered,5.0
O00182,C03418,2025-03-09,COD,Mumbai,Delivered,10.0
O00183,C00249,2025-10-05,UPI,Chennai,Cancelled,0.0
O00184,C04483,2025-11-15,Net Banking,Indore,Delivered,0.0
O00185,C01958,2025-10-21,COD,Kolkata,Delivered,10.0
O00186,C01891,2025-01-15,UPI,Kochi,Delivered,0.0
O00187,C04459,2025-11-22,Card,Indore,Delivered,5.0
O00188,C03368,2025-04-24,Card,Delhi,Delivered,10.0
O00189,C02116,2025-10-27,UPI,Kochi,Delivered,5.0
O00190,C03064,2025-06-07,COD,Ahmedabad,Delivered,15.0
O00191,C01807,2025-04-14,UPI,Mumbai,Delivered,25.0
O00192,C00296,2025-10-07,Card,Bangalore,Delivered,15.0
O00193,C02695,2025-03-27,Card,Bangalore,Delivered,30.0
O00194,C01992,2025-04-04,Net Banking,Kochi,Delivered,5.0
O00195,C03940,2025-06-23,UPI,Chennai,Delivered,5.0
O00196,C00032,2025-08-30,UPI,Jaipur,Delivered,5.0
O00197,C04651,2025-09-19,Card,Kolkata,Delivered,20.0
O00198,C03876,2025-10-21,COD,Pune,Delivered,5.0
O00199,C04401,2025-10-09,Net Banking,Mumbai,Delivered,15.0
O00200,C00793,2025-05-27,UPI,Delhi,Delivered,15.0
O00201,C04192,2025-01-02,Card,Kochi,Delivered,0.0
O00202,C01090,2025-03-09,UPI,Lucknow,Delivered,20.0
O00203,C00230,2025-03-10,COD,Jaipur,Delivered,10.0
O00204,C02781,2025-02-16,UPI,Chennai,Delivered,5.0
O00205,C04454,2025-12-21,COD,Hyderabad,Delivered,25.0
O00206,C04498,2025-03-05,UPI,Delhi,Delivered,15.0
O00207,C00790,2025-03-21,COD,Hyderabad,Delivered,10.0
O00208,C04195,2025-09-11,UPI,Lucknow,Delivered,30.0
O00209,C04367,2025-08-25,Card,Lucknow,Delivered,15.0
O00210,C01799,2025-11-25,Card,Kochi,Delivered,0.0
O00211,C03981,2025-05-19,UPI,Ahmedabad,Delivered,30.0
O00212,C04458,2025-09-21,UPI,Kochi,Delivered,10.0
O00213,C03241,2025-11-12,UPI,Bangalore,Delivered,5.0
O00214,C04636,2025-06-03,UPI,Kochi,Delivered,15.0
O00215,C03857,2025-05-12,UPI,Ahmedabad,Delivered,0.0
O00216,C04929,2025-08-14,Card,Ahmedabad,Delivered,15.0
O00217,C00314,2025-04-02,Card,Pune,Delivered,0.0
O00218,C00233,2025-04-28,COD,Kolkata,Delivered,0.0
O00219,C03508,2025-05-06,UPI,Bangalore,Returned,5.0
O00220,C01030,2025-08-15,UPI,Kochi,Delivered,5.0
O00221,C03607,2025-12-05,COD,Mumbai,Delivered,10.0
O00222,C02712,2025-06-28,Card,Indore,Delivered,10.0
O00223,C04340,2025-03-26,UPI,Kochi,Delivered,15.0
O00224,C02289,2025-06-13,UPI,Delhi,Delivered,0.0
O00225,C04000,2025-08-18,UPI,Chennai,Delivered,20.0
O00226,C02606,2025-07-25,UPI,Delhi,Delivered,20.0
O00227,C03345,2025-04-14,COD,Ahmedabad,Delivered,5.0
O00228,C02123,2025-04-24,UPI,Hyderabad,Delivered,10.0
O00229,C02331,2025-07-07,Net Banking,Delhi,Delivered,10.0
O00230,C03780,2025-09-28,COD,Mumbai,Delivered,25.0
O00231,C04183,2025-02-20,Card,Delhi,Delivered,20.0
O00232,C00881,2025-11-02,UPI,Mumbai,Delivered,0.0
O00233,C02978,2025-08-10,UPI,Indore,Delivered,25.0
O00234,C01173,2025-04-21,Card,Delhi,Cancelled,0.0
O00235,C00160,2025-02-24,UPI,Jaipur,Delivered,10.0
O00236,C02494,2025-01-12,COD,Bangalore,Delivered,5.0
O00237,C02130,2025-07-09,UPI,Delhi,Delivered,5.0
O00238,C03079,2025-06-04,COD,Pune,Delivered,10.0
O00239,C02230,2025-12-01,Card,Mumbai,Delivered,10.0
O00240,C02918,2025-12-12,COD,Indore,Delivered,0.0
O00241,C03014,2025-09-22,Card,Delhi,Delivered,25.0
O00242,C01550,2025-12-26,Card,Hyderabad,Delivered,0.0
O00243,C04574,2025-04-14,Net Banking,Indore,Returned,5.0
O00244,C03386,2025-06-12,UPI,Mumbai,Delivered,15.0
O00245,C01580,2025-05-21,UPI,Bangalore,Delivered,20.0
O00246,C03372,2025-08-25,UPI,Kochi,Delivered,15.0
O00247,C01961,2025-02-13,Card,Mumbai,Delivered,5.0
O00248,C03845,2025-08-27,UPI,Lucknow,Returned,15.0
O00249,C04698,2025-04-07,UPI,Indore,Delivered,15.0
O00250,C02391,2025-04-08,UPI,Kolkata,Delivered,10.0
O00251,C01420,2025-11-20,COD,Chennai,Delivered,15.0
O00252,C03918,2025-02-22,Card,Bangalore,Delivered,10.0
O00253,C03836,2025-04-19,COD,Kolkata,Delivered,0.0
O00254,C04429,2025-09-14,UPI,Chennai,Delivered,5.0
O00255,C04451,2025-01-11,Card,Kolkata,Delivered,15.0
O00256,C03631,2025-06-27,Card,Mumbai,Delivered,5.0
O00257,C04943,2025-10-21,Card,Bangalore,Delivered,10.0
O00258,C00163,2025-01-25,UPI,Kolkata,Delivered,10.0
O00259,C00116,2025-05-06,UPI,Mumbai,Delivered,15.0
O00260,C01471,2025-09-23,Net Banking,Kochi,Delivered,5.0
O00261,C03080,2025-05-13,COD,Jaipur,Cancelled,10.0
O00262,C03853,2025-10-05,UPI,Kolkata,Delivered,10.0
O00263,C02839,2025-02-11,Net Banking,Delhi,Delivered,20.0
O00264,C00543,2025-04-11,UPI,Pune,Delivered,10.0
O00265,C00414,2025-10-11,Card,Lucknow,Delivered,5.0
O00266,C00682,2025-10-04,COD,Delhi,Delivered,10.0
O00267,C00642,2025-05-19,UPI,Kochi,Returned,0.0
O00268,C03979,2025-08-09,UPI,Indore,Delivered,10.0
O00269,C01433,2025-03-10,Card,Ahmedabad,Delivered,20.0
O00270,C00669,2025-10-20,Card,Chennai,Delivered,10.0
O00271,C02070,2025-06-26,UPI,Kolkata,Delivered,5.0
O00272,C00969,2025-07-16,UPI,Bangalore,Delivered,10.0
O00273,C01181,2025-02-02,COD,Chennai,Delivered,20.0
O00274,C04820,2025-10-28,UPI,Jaipur,Delivered,15.0
O00275,C03236,2025-08-16,UPI,Ahmedabad,Delivered,15.0
O00276,C00252,2025-05-16,COD,Kolkata,Delivered,10.0
O00277,C04301,2025-05-14,UPI,Jaipur,Delivered,5.0
O00278,C02880,2025-05-23,UPI,Pune,Delivered,0.0
O00279,C03999,2025-09-02,Net Banking,Mumbai,Delivered,25.0
O00280,C00791,2025-05-17,Net Banking,Lucknow,Delivered,0.0
O00281,C04561,2025-03-02,UPI,Pune,Cancelled,5.0
O00282,C01496,2025-02-25,COD,Kolkata,Delivered,15.0
O00283,C04490,2025-05-13,COD,Chennai,Delivered,
O00284,C03069,2025-07-27,Card,Bangalore,Delivered,10.0
O00285,C02708,2025-05-06,Card,Lucknow,Delivered,15.0
O00286,C02578,2025-05-03,UPI,Kolkata,Delivered,10.0
O00287,C01236,2025-08-19,UPI,Mumbai,Delivered,10.0
O00288,C01059,2025-02-04,Card,Jaipur,Delivered,0.0
O00289,C01171,2025-09-23,COD,Indore,Delivered,10.0
O00290,C03619,2025-04-01,Card,Indore,Delivered,10.0
O00291,C03660,2025-01-21,UPI,Ahmedabad,Delivered,20.0
O00292,C03656,2025-05-20,UPI,Delhi,Delivered,10.0
O00293,C00057,2025-09-22,Card,Pune,Delivered,10.0
O00294,C01893,2025-04-30,Card,Pune,Delivered,15.0
O00295,C02570,2025-08-09,UPI,Hyderabad,Delivered,10.0
O00296,C04081,2025-01-23,Card,Delhi,Delivered,5.0
O00297,C04457,2025-02-08,COD,Jaipur,Delivered,20.0
O00298,C01949,2025-08-23,UPI,Jaipur,Delivered,20.0
O00299,C00223,2025-08-29,UPI,Hyderabad,Delivered,20.0
O00300,C01640,2025-05-08,UPI,Delhi,Delivered,5.0
O00301,C04423,2025-01-22,Net Banking,Kolkata,Delivered,5.0
O00302,C01758,2025-02-24,Card,Chennai,Delivered,20.0
O00303,C00836,2025-11-26,Card,Jaipur,Delivered,0.0
O00304,C02537,2025-02-16,COD,Delhi,Delivered,15.0
O00305,C02526,2025-08-22,UPI,Jaipur,Delivered,5.0
O00306,C00985,2025-01-27,UPI,Chennai,Delivered,15.0
O00307,C01358,2025-02-17,Card,Hyderabad,Delivered,20.0
O00308,C04888,2025-06-16,Card,Mumbai,Delivered,10.0
O00309,C03061,2025-09-28,UPI,Mumbai,Delivered,0.0
O00310,C04478,2025-03-22,UPI,Indore,Delivered,15.0
O00311,C01447,2025-04-28,Card,Indore,Delivered,0.0
O00312,C01372,2025-02-14,Card,Mumbai,Cancelled,0.0
O00313,C03225,2025-10-02,UPI,Pune,Delivered,20.0
O00314,C01875,2025-06-30,Card,Lucknow,Delivered,15.0
O00315,C02500,2025-11-07,Net Banking,Lucknow,Delivered,10.0
O00316,C03362,2025-08-20,UPI,Hyderabad,Delivered,15.0
O00317,C01143,2025-03-27,Card,Pune,Delivered,25.0
O00318,C04310,2025-04-15,Card,Delhi,Delivered,0.0
O00319,C00565,2025-08-31,UPI,Kolkata,Delivered,5.0
O00320,C04828,2025-06-26,COD,Lucknow,Delivered,15.0
O00321,C04535,2025-08-22,COD,Hyderabad,Delivered,5.0
O00322,C01589,2025-03-19,COD,Delhi,Delivered,5.0
O00323,C03986,2025-05-06,UPI,Indore,Delivered,10.0
O00324,C04725,2025-07-08,COD,Bangalore,Delivered,15.0
O00325,C04999,2025-03-01,Card,Hyderabad,Returned,5.0
O00326,C01471,2025-08-08,UPI,Kochi,Delivered,10.0
O00327,C03915,2025-03-17,UPI,Lucknow,Delivered,10.0
O00328,C03114,2025-04-01,COD,Kochi,Delivered,0.0
O00329,C04491,2025-04-26,Card,Mumbai,Cancelled,10.0
O00330,C04343,2025-10-07,COD,Pune,Delivered,20.0
O00331,C03363,2025-06-16,UPI,Chennai,Delivered,15.0
O00332,C01637,2025-05-06,COD,Bangalore,Delivered,10.0
O00333,C02913,2025-08-21,UPI,Jaipur,Delivered,0.0
O00334,C01473,2025-04-24,UPI,Mumbai,Delivered,0.0
O00335,C01245,2025-04-10,Net Banking,Mumbai,Delivered,0.0
O00336,C03738,2025-05-31,UPI,Kochi,Delivered,15.0
O00337,C02099,2025-03-13,Card,Kochi,Delivered,15.0
O00338,C02598,2025-12-15,COD,Kolkata,Cancelled,15.0
O00339,C02513,2025-06-16,COD,Mumbai,Cancelled,5.0
O00340,C04515,2025-03-13,Card,Kochi,Delivered,0.0
O00341,C00259,2025-12-14,Card,Hyderabad,Delivered,15.0
O00342,C02359,2025-12-19,Card,Chennai,Delivered,25.0
O00343,C03394,2025-01-11,UPI,Kochi,Delivered,10.0
O00344,C03779,2025-10-25,UPI,Kochi,Delivered,15.0
O00345,C03412,2025-08-17,UPI,Delhi,Delivered,15.0
O00346,C01269,2025-05-06,UPI,Mumbai,Cancelled,20.0
O00347,C00940,2025-06-02,UPI,Hyderabad,Delivered,0.0
O00348,C02377,2025-06-11,UPI,Mumbai,Delivered,25.0
O00349,C03952,2025-10-05,UPI,Lucknow,Delivered,20.0
O00350,C00196,2025-06-28,UPI,Kolkata,Delivered,20.0
O00351,C04158,2025-05-24,Card,Chennai,Delivered,30.0
O00352,C03097,2025-05-19,UPI,Lucknow,Delivered,10.0
O00353,C03636,2025-07-25,COD,Ahmedabad,Delivered,0.0
O00354,C00562,2025-04-06,COD,Indore,Delivered,20.0
O00355,C03450,2025-08-02,UPI,Bangalore,Delivered,0.0
O00356,C03367,2025-03-10,UPI,Pune,Delivered,15.0
O00357,C03124,2025-12-22,COD,Hyderabad,Delivered,10.0
O00358,C02892,2025-11-14,Net Banking,Delhi,Delivered,0.0
O00359,C00040,2025-01-19,UPI,Kochi,Delivered,10.0
O00360,C01768,2025-11-12,UPI,Kochi,Cancelled,15.0
O00361,C02505,2025-12-17,UPI,Kochi,Delivered,0.0
O00362,C00788,2025-04-11,Card,Bangalore,Delivered,0.0
O00363,C01877,2025-03-22,Net Banking,Mumbai,Delivered,10.0
O00364,C04098,2025-07-02,COD,Bangalore,Delivered,0.0
O00365,C01493,2025-01-18,Card,Delhi,Delivered,25.0
O00366,C01130,2025-06-04,Card,Bangalore,Delivered,20.0
O00367,C02264,2025-12-07,UPI,Kochi,Delivered,10.0
O00368,C04873,2025-05-09,Card,Chennai,Delivered,0.0
O00369,C04510,2025-11-11,UPI,Kochi,Delivered,10.0
O00370,C04022,2025-06-10,UPI,Hyderabad,Delivered,15.0
O00371,C04306,2025-04-29,UPI,Bangalore,Delivered,10.0
O00372,C02186,2025-11-28,Card,Bangalore,Delivered,25.0
O00373,C01645,2025-06-22,COD,Indore,Cancelled,20.0
O00374,C03561,2025-06-02,Card,Kolkata,Delivered,5.0
O00375,C02686,2025-01-20,UPI,Kolkata,Delivered,15.0
O00376,C04822,2025-02-03,UPI,Ahmedabad,Delivered,10.0
O00377,C01413,2025-11-10,UPI,Kochi,Delivered,25.0
O00378,C01222,2025-03-01,UPI,Pune,Delivered,10.0
O00379,C02250,2025-06-07,Card,Pune,Delivered,10.0
O00380,C02240,2025-12-30,UPI,Jaipur,Delivered,10.0
O00381,C04203,2025-07-25,COD,Ahmedabad,Delivered,5.0
O00382,C04423,2025-04-03,Card,Indore,Delivered,0.0
O00383,C00644,2025-08-06,UPI,Lucknow,Delivered,5.0
O00384,C04453,2025-11-19,Card,Lucknow,Delivered,5.0
O00385,C02549,2025-03-30,UPI,Indore,Delivered,0.0
O00386,C04604,2025-06-22,Card,Indore,Delivered,15.0
O00387,C03806,2025-02-09,COD,Indore,Returned,0.0
O00388,C04291,2025-07-22,Card,Delhi,Cancelled,20.0
O00389,C04143,2025-08-09,UPI,Kolkata,Delivered,0.0
O00390,C01386,2025-02-16,COD,Ahmedabad,Delivered,0.0
O00391,C02585,2025-08-31,Card,Chennai,Delivered,30.0
O00392,C01602,2025-03-29,Card,Chennai,Delivered,30.0
O00393,C04943,2025-06-06,Card,Ahmedabad,Delivered,5.0
O00394,C04805,2025-06-11,UPI,Ahmedabad,Delivered,0.0
O00395,C03318,2025-01-20,Card,Hyderabad,Delivered,5.0
O00396,C00808,2025-05-28,Card,Jaipur,Delivered,10.0
O00397,C02660,2025-07-20,Net Banking,Kolkata,Delivered,5.0
O00398,C00115,2025-11-08,UPI,Kochi,Delivered,5.0
O00399,C02728,2025-05-31,UPI,Bangalore,Delivered,15.0
O00400,C04727,2025-04-10,Net Banking,Kochi,Delivered,20.0
O00401,C02267,2025-09-04,UPI,Mumbai,Delivered,25.0
O00402,C04293,2025-04-23,COD,Bangalore,Delivered,10.0
O00403,C04497,2025-08-07,UPI,Kolkata,Delivered,5.0
O00404,C03902,2025-12-10,UPI,Jaipur,Delivered,10.0
O00405,C02729,2025-12-26,UPI,Lucknow,Delivered,20.0
O00406,C04172,2025-01-25,COD,Hyderabad,Returned,0.0
O00407,C01450,2025-10-16,UPI,Hyderabad,Delivered,20.0
O00408,C04383,2025-04-13,UPI,Hyderabad,Delivered,5.0
O00409,C01569,2025-03-20,UPI,Bangalore,Delivered,5.0
O00410,C01323,2025-01-16,UPI,Bangalore,Delivered,5.0
O00411,C00861,2025-12-07,Card,Delhi,Delivered,20.0
O00412,C00742,2025-02-28,UPI,Chennai,Delivered,0.0
O00413,C01731,2025-07-13,UPI,Mumbai,Returned,5.0
O00414,C04905,2025-05-05,UPI,Lucknow,Delivered,15.0
O00415,C02934,2025-02-01,Card,Indore,Delivered,25.0
O00416,C03519,2025-06-27,UPI,Bangalore,Cancelled,0.0
O00417,C04510,2025-08-07,Card,Jaipur,Delivered,10.0
O00418,C04527,2025-04-10,UPI,Lucknow,Delivered,20.0
O00419,C03168,2025-04-13,UPI,Bangalore,Delivered,20.0
O00420,C01919,2025-04-28,COD,Lucknow,Delivered,25.0
O00421,C02219,2025-08-31,Net Banking,Lucknow,Cancelled,20.0
O00422,C01341,2025-04-29,UPI,Lucknow,Delivered,5.0
O00423,C04640,2025-01-07,Card,Kolkata,Cancelled,5.0
O00424,C01515,2025-01-10,Card,Jaipur,Delivered,20.0
O00425,C01412,2025-11-12,COD,Kochi,Delivered,15.0
O00426,C03037,2025-10-08,COD,Mumbai,Delivered,5.0
O00427,C04168,2025-02-11,Card,Kochi,Delivered,15.0
O00428,C01023,2025-02-16,Net Banking,Delhi,Delivered,5.0
O00429,C04628,2025-04-06,Net Banking,Kolkata,Delivered,10.0
O00430,C02287,2025-09-03,Card,Indore,Delivered,5.0
O00431,C02759,2025-08-12,Card,Mumbai,Delivered,10.0
O00432,C04673,2025-04-24,Card,Mumbai,Cancelled,25.0
O00433,C03772,2025-02-01,UPI,Indore,Cancelled,15.0
O00434,C01113,2025-11-26,Card,Hyderabad,Delivered,15.0
O00435,C01946,2025-06-02,Card,Lucknow,Delivered,5.0
O00436,C04809,2025-08-05,UPI,Lucknow,Delivered,0.0
O00437,C01559,2025-09-03,COD,Kochi,Delivered,15.0
O00438,C03880,2025-09-29,Net Banking,Chennai,Delivered,10.0
O00439,C00642,2025-12-16,UPI,Lucknow,Delivered,5.0
O00440,C02238,2025-09-18,COD,Chennai,Delivered,25.0
O00441,C04908,2025-01-07,UPI,Jaipur,Delivered,10.0
O00442,C03487,2025-07-24,Card,Pune,Delivered,10.0
O00443,C03226,2025-09-21,Card,Lucknow,Delivered,5.0
O00444,C01015,2025-10-16,Card,Jaipur,Delivered,20.0
O00445,C02022,2025-11-14,Card,Bangalore,Delivered,20.0
O00446,C02677,2025-07-21,COD,Mumbai,Delivered,15.0
O00447,C01541,2025-04-26,Card,Chennai,Delivered,0.0
O00448,C02937,2025-07-31,Card,Kochi,Delivered,0.0
O00449,C03107,2025-06-09,Card,Pune,Delivered,10.0
O00450,C00784,2025-05-09,Net Banking,Ahmedabad,Delivered,0.0
O00451,C00671,2025-12-13,UPI,Pune,Delivered,5.0
O00452,C02770,2025-05-28,UPI,Jaipur,Delivered,0.0
O00453,C02574,2025-11-07,COD,Lucknow,Delivered,5.0
O00454,C02585,2025-03-19,COD,Delhi,Delivered,25.0
O00455,C04943,2025-09-19,Net Banking,Lucknow,Delivered,15.0
O00456,C01278,2025-02-21,UPI,Chennai,Delivered,0.0
O00457,C03044,2025-09-15,COD,Indore,Delivered,15.0
O00458,C03173,2025-08-09,COD,Hyderabad,Delivered,0.0
O00459,C03783,2025-02-08,COD,Kochi,Delivered,30.0
O00460,C00178,2025-09-05,Card,Pune,Delivered,10.0
O00461,C00276,2025-10-15,UPI,Indore,Delivered,10.0
O00462,C02360,2025-09-11,Card,Pune,Delivered,5.0
O00463,C03482,2025-04-26,Card,Kolkata,Delivered,10.0
O00464,C04887,2025-07-16,Card,Bangalore,Returned,10.0
O00465,C03360,2025-08-02,COD,Ahmedabad,Returned,15.0
O00466,C01425,2025-04-02,Card,Kochi,Delivered,0.0
O00467,C04123,2025-02-01,UPI,Bangalore,Delivered,5.0
O00468,C02961,2025-04-03,Card,Indore,Delivered,5.0
O00469,C02470,2025-08-20,UPI,Bangalore,Delivered,0.0
O00470,C03086,2025-05-11,UPI,Jaipur,Delivered,5.0
O00471,C02373,2025-11-14,Card,Kochi,Delivered,5.0
O00472,C04069,2025-08-11,COD,Kochi,Delivered,15.0
O00473,C01591,2025-01-13,COD,Indore,Delivered,15.0
O00474,C04381,2025-11-22,Card,Delhi,Delivered,25.0
O00475,C01113,2025-01-21,COD,Jaipur,Delivered,5.0
O00476,C01069,2025-01-14,UPI,Kochi,Delivered,20.0
O00477,C02546,2025-12-11,Net Banking,Lucknow,Delivered,20.0
O00478,C03650,2025-11-23,Net Banking,Kochi,Delivered,10.0
O00479,C01815,2025-04-17,Card,Indore,Delivered,10.0
O00480,C03908,2025-05-08,UPI,Bangalore,Delivered,10.0
O00481,C03732,2025-02-01,Card,Pune,Cancelled,5.0
O00482,C02193,2025-06-18,UPI,Chennai,Delivered,5.0
O00483,C00082,2025-10-15,Card,Indore,Delivered,0.0
O00484,C03707,2025-03-22,UPI,Indore,Delivered,20.0
O00485,C03177,2025-07-01,Card,Kolkata,Delivered,10.0
O00486,C01826,2025-12-24,UPI,Lucknow,Delivered,5.0
O00487,C00082,2025-07-09,UPI,Indore,Delivered,10.0
O00488,C00094,2025-09-12,UPI,Chennai,Delivered,0.0
O00489,C00343,2025-12-07,UPI,Bangalore,Delivered,0.0
O00490,C02409,2025-10-26,Card,Kochi,Cancelled,15.0
O00491,C01855,2025-06-15,UPI,Pune,Delivered,20.0
O00492,C04000,2025-09-13,Card,Lucknow,Delivered,5.0
O00493,C01090,2025-07-17,Card,Indore,Delivered,10.0
O00494,C00624,2025-08-01,UPI,Mumbai,Delivered,5.0
O00495,C00868,2025-02-14,UPI,Indore,Delivered,10.0
O00496,C02477,2025-10-29,Card,Jaipur,Delivered,10.0
O00497,C03473,2025-12-26,COD,Chennai,Delivered,5.0
O00498,C00171,2025-01-13,Card,Chennai,Delivered,15.0
O00499,C01783,2025-02-21,Card,Delhi,Delivered,5.0
O00500,C00578,2025-09-22,COD,Kochi,Delivered,25.0
O00501,C00068,2025-11-21,COD,Mumbai,Delivered,5.0
O00502,C01516,2025-02-12,Net Banking,Ahmedabad,Delivered,5.0
O00503,C00001,2025-01-07,Card,Jaipur,Delivered,25.0
O00504,C02199,2025-08-18,UPI,Delhi,Delivered,5.0
O00505,C00902,2025-02-13,COD,Indore,Delivered,10.0
O00506,C04846,2025-06-21,UPI,Lucknow,Delivered,5.0
O00507,C00795,2025-04-12,Card,Ahmedabad,Delivered,0.0
O00508,C02067,2025-08-11,Card,Hyderabad,Delivered,25.0
O00509,C01820,2025-03-09,Card,Indore,Delivered,5.0
O00510,C00371,2025-05-02,COD,Lucknow,Delivered,10.0
O00511,C02539,2025-03-18,UPI,Jaipur,Delivered,20.0
O00512,C03908,2025-10-27,Net Banking,Kochi,Cancelled,10.0
O00513,C02055,2025-10-23,UPI,Kolkata,Delivered,15.0
O00514,C02597,2025-07-24,UPI,Delhi,Delivered,15.0
O00515,C04467,2025-11-14,Card,Pune,Delivered,5.0
O00516,C01689,2025-06-20,COD,Bangalore,Delivered,10.0
O00517,C04853,2025-08-06,Card,Delhi,Delivered,5.0
O00518,C03322,2025-11-01,Card,Pune,Delivered,0.0
O00519,C01139,2025-07-12,Card,Indore,Delivered,30.0
O00520,C02622,2025-11-29,UPI,Pune,Delivered,0.0
O00521,C02729,2025-06-02,Card,Jaipur,Delivered,10.0
O00522,C01166,2025-02-10,UPI,Kochi,Delivered,0.0
O00523,C01509,2025-01-23,Net Banking,Jaipur,Cancelled,25.0
O00524,C03842,2025-07-05,UPI,Lucknow,Delivered,0.0
O00525,C04559,2025-08-04,UPI,Lucknow,Cancelled,15.0
O00526,C04577,2025-02-12,Card,Pune,Delivered,15.0
O00527,C04919,2025-12-27,Card,Lucknow,Delivered,0.0
O00528,C00524,2025-04-23,Card,Delhi,Delivered,15.0
O00529,C02259,2025-08-19,UPI,Delhi,Delivered,25.0
O00530,C04340,2025-04-20,UPI,Chennai,Cancelled,10.0
O00531,C00239,2025-05-18,COD,Jaipur,Delivered,5.0
O00532,C01221,2025-04-15,Card,Bangalore,Delivered,10.0
O00533,C00769,2025-11-12,Card,Bangalore,Cancelled,0.0
O00534,C00235,2025-05-20,Card,Jaipur,Delivered,
O00535,C02761,2025-09-12,Card,Indore,Delivered,5.0
O00536,C04593,2025-12-15,Card,Pune,Delivered,10.0
O00537,C01520,2025-03-16,Card,Lucknow,Delivered,10.0
O00538,C01904,2025-08-21,UPI,Kolkata,Delivered,0.0
O00539,C02235,2025-07-31,Card,Bangalore,Returned,0.0
O00540,C00936,2025-02-27,UPI,Hyderabad,Cancelled,10.0
O00541,C01269,2025-02-07,Card,Jaipur,Delivered,10.0
O00542,C00819,2025-09-19,Card,Hyderabad,Delivered,30.0
O00543,C03568,2025-07-31,UPI,Chennai,Delivered,5.0
O00544,C04118,2025-05-18,COD,Bangalore,Delivered,5.0
O00545,C02116,2025-10-09,UPI,Jaipur,Delivered,30.0
O00546,C02440,2025-02-27,Net Banking,Jaipur,Delivered,0.0
O00547,C03388,2025-09-30,UPI,Bangalore,Delivered,10.0
O00548,C01089,2025-02-22,Net Banking,Indore,Delivered,
O00549,C01828,2025-07-25,Card,Kolkata,Delivered,25.0
O00550,C04825,2025-01-05,UPI,Indore,Delivered,5.0
O00551,C02589,2025-11-19,UPI,Bangalore,Delivered,15.0
O00552,C02616,2025-04-17,UPI,Kochi,Delivered,20.0
O00553,C01874,2025-08-31,UPI,Kolkata,Delivered,20.0
O00554,C04308,2025-05-28,UPI,Pune,Delivered,10.0
O00555,C01774,2025-06-28,UPI,Ahmedabad,Returned,25.0
O00556,C00200,2025-06-23,UPI,Delhi,Delivered,15.0
O00557,C00178,2025-11-19,Card,Delhi,Delivered,15.0
O00558,C00931,2025-05-19,UPI,Kochi,Delivered,5.0
O00559,C03737,2025-06-24,Card,Chennai,Delivered,10.0
O00560,C02037,2025-09-10,UPI,Lucknow,Delivered,10.0
O00561,C01486,2025-09-07,COD,Hyderabad,Delivered,0.0
O00562,C02092,2025-05-16,Card,Delhi,Cancelled,25.0
O00563,C04264,2025-01-22,Card,Hyderabad,Delivered,0.0
O00564,C02385,2025-02-07,UPI,Kochi,Delivered,15.0
O00565,C04089,2025-01-27,Card,Indore,Delivered,0.0
O00566,C04682,2025-10-09,UPI,Pune,Delivered,0.0
O00567,C01916,2025-10-06,Net Banking,Hyderabad,Delivered,10.0
O00568,C00016,2025-04-30,COD,Hyderabad,Delivered,10.0
O00569,C02935,2025-09-10,Card,Mumbai,Delivered,0.0
O00570,C00837,2025-12-25,COD,Lucknow,Delivered,5.0
O00571,C02158,2025-03-06,Card,Kolkata,Delivered,5.0
O00572,C01577,2025-03-15,UPI,Bangalore,Delivered,20.0
O00573,C00306,2025-10-30,Card,Kochi,Delivered,15.0
O00574,C02054,2025-11-13,UPI,Chennai,Delivered,15.0
O00575,C02891,2025-06-23,Card,Kochi,Delivered,25.0
O00576,C03345,2025-09-17,UPI,Delhi,Cancelled,15.0
O00577,C04457,2025-10-12,UPI,Delhi,Delivered,0.0
O00578,C01209,2025-03-14,Card,Kolkata,Returned,25.0
O00579,C01859,2025-03-20,UPI,Indore,Delivered,0.0
O00580,C02704,2025-02-13,Card,Jaipur,Delivered,5.0
O00581,C01972,2025-08-21,Card,Lucknow,Delivered,5.0
O00582,C01114,2025-01-03,Net Banking,Hyderabad,Delivered,0.0
O00583,C00984,2025-03-20,UPI,Kochi,Delivered,0.0
O00584,C03311,2025-06-30,COD,Lucknow,Delivered,10.0
O00585,C04002,2025-05-19,COD,Ahmedabad,Delivered,15.0
O00586,C02772,2025-10-30,UPI,Lucknow,Delivered,10.0
O00587,C03153,2025-01-07,COD,Indore,Delivered,5.0
O00588,C02163,2025-11-20,UPI,Chennai,Delivered,20.0
O00589,C02128,2025-08-01,UPI,Hyderabad,Delivered,5.0
O00590,C03640,2025-01-01,UPI,Delhi,Cancelled,20.0
O00591,C04275,2025-07-03,COD,Lucknow,Delivered,0.0
O00592,C00561,2025-09-08,UPI,Lucknow,Delivered,5.0
O00593,C01810,2025-08-03,UPI,Lucknow,Returned,15.0
O00594,C04388,2025-03-18,Card,Pune,Cancelled,0.0
O00595,C02933,2025-02-12,UPI,Indore,Delivered,25.0
O00596,C00291,2025-06-06,Card,Lucknow,Delivered,5.0
O00597,C04638,2025-01-18,UPI,Lucknow,Delivered,25.0
O00598,C01910,2025-12-09,UPI,Jaipur,Delivered,15.0
O00599,C04690,2025-08-08,Card,Jaipur,Cancelled,25.0
O00600,C01429,2025-03-14,Card,Pune,Delivered,0.0
O00601,C00948,2025-07-09,COD,Delhi,Delivered,15.0
O00602,C02528,2025-12-29,Card,Chennai,Returned,20.0
O00603,C01349,2025-09-19,COD,Kochi,Delivered,30.0
O00604,C00381,2025-05-24,UPI,Jaipur,Delivered,0.0
O00605,C01705,2025-05-09,Card,Lucknow,Delivered,0.0
O00606,C00310,2025-10-05,Card,Jaipur,Delivered,15.0
O00607,C03415,2025-10-29,COD,Delhi,Delivered,0.0
O00608,C01499,2025-07-09,Net Banking,Chennai,Delivered,0.0
O00609,C02895,2025-05-31,Card,Bangalore,Delivered,10.0
O00610,C00661,2025-11-03,UPI,Pune,Delivered,10.0
O00611,C03448,2025-04-05,COD,Mumbai,Delivered,10.0
O00612,C02274,2025-02-07,UPI,Kochi,Returned,0.0
O00613,C01498,2025-06-05,UPI,Kochi,Delivered,10.0
O00614,C02073,2025-10-27,Card,Hyderabad,Delivered,5.0
O00615,C03437,2025-12-13,UPI,Kochi,Delivered,15.0
O00616,C02143,2025-02-11,UPI,Indore,Delivered,5.0
O00617,C04661,2025-11-12,Net Banking,Hyderabad,Cancelled,5.0
O00618,C01606,2025-05-06,UPI,Pune,Delivered,15.0
O00619,C04740,2025-11-09,Card,Delhi,Delivered,15.0
O00620,C01432,2025-03-18,UPI,Ahmedabad,Delivered,0.0
O00621,C01951,2025-04-06,UPI,Chennai,Delivered,10.0
O00622,C03923,2025-09-20,UPI,Kochi,Cancelled,15.0
O00623,C00459,2025-11-03,Card,Kolkata,Delivered,10.0
O00624,C02949,2025-08-13,UPI,Lucknow,Delivered,20.0
O00625,C00338,2025-04-21,Card,Indore,Cancelled,0.0
O00626,C03944,2025-08-26,Card,Jaipur,Delivered,25.0
O00627,C02014,2025-07-24,Card,Jaipur,Delivered,5.0
O00628,C04021,2025-10-15,UPI,Mumbai,Delivered,10.0
O00629,C00345,2025-09-20,UPI,Bangalore,Delivered,0.0
O00630,C04672,2025-03-17,Card,Delhi,Delivered,15.0
O00631,C00943,2025-05-23,COD,Kochi,Delivered,10.0
O00632,C00346,2025-11-11,Card,Ahmedabad,Delivered,25.0
O00633,C03895,2025-03-26,Card,Kolkata,Delivered,10.0
O00634,C03320,2025-09-09,COD,Chennai,Cancelled,15.0
O00635,C03696,2025-11-29,UPI,Chennai,Delivered,0.0
O00636,C00325,2025-08-20,UPI,Lucknow,Cancelled,0.0
O00637,C02139,2025-10-22,Card,Mumbai,Delivered,25.0
O00638,C04390,2025-11-15,UPI,Bangalore,Delivered,5.0
O00639,C03613,2025-05-10,Net Banking,Ahmedabad,Cancelled,20.0
O00640,C00524,2025-10-12,Card,Kochi,Delivered,0.0
O00641,C02898,2025-11-13,UPI,Indore,Delivered,10.0
O00642,C03741,2025-01-29,UPI,Chennai,Delivered,10.0
O00643,C00259,2025-08-16,Card,Mumbai,Delivered,25.0
O00644,C01111,2025-10-21,Card,Pune,Delivered,10.0
O00645,C00821,2025-01-07,Net Banking,Mumbai,Delivered,0.0
O00646,C02789,2025-01-30,Card,Hyderabad,Delivered,10.0
O00647,C04665,2025-08-03,Card,Jaipur,Cancelled,20.0
O00648,C04605,2025-04-25,UPI,Kolkata,Delivered,0.0
O00649,C01564,2025-08-03,UPI,Chennai,Delivered,0.0
O00650,C04621,2025-06-13,Card,Bangalore,Delivered,20.0
O00651,C01208,2025-06-19,COD,Bangalore,Delivered,20.0
O00652,C00309,2025-08-09,Card,Jaipur,Delivered,5.0
O00653,C01840,2025-09-17,Card,Chennai,Delivered,15.0
O00654,C03353,2025-07-31,Card,Indore,Delivered,0.0
O00655,C01384,2025-09-18,Card,Lucknow,Delivered,15.0
O00656,C02307,2025-10-29,UPI,Delhi,Delivered,5.0
O00657,C01181,2025-11-27,COD,Mumbai,Delivered,5.0
O00658,C02473,2025-05-10,Card,Kochi,Delivered,15.0
O00659,C02687,2025-04-15,UPI,Pune,Delivered,20.0
O00660,C02968,2025-02-23,Card,Kolkata,Delivered,0.0
O00661,C04446,2025-04-18,UPI,Delhi,Returned,0.0
O00662,C00961,2025-11-11,Card,Mumbai,Returned,5.0
O00663,C03457,2025-10-16,Card,Lucknow,Delivered,25.0
O00664,C00438,2025-09-12,UPI,Lucknow,Delivered,20.0
O00665,C00456,2025-10-05,COD,Lucknow,Returned,20.0
O00666,C03818,2025-02-16,Card,Kochi,Delivered,5.0
O00667,C01570,2025-05-14,COD,Kochi,Delivered,5.0
O00668,C01104,2025-01-24,COD,Kolkata,Cancelled,5.0
O00669,C01619,2025-04-27,Card,Jaipur,Delivered,20.0
O00670,C03613,2025-08-27,UPI,Kochi,Delivered,5.0
O00671,C01513,2025-11-03,COD,Pune,Delivered,10.0
O00672,C04739,2025-02-10,Card,Bangalore,Cancelled,5.0
O00673,C00392,2025-09-07,Card,Delhi,Delivered,10.0
O00674,C02622,2025-11-19,UPI,Indore,Delivered,5.0
O00675,C00921,2025-03-30,Card,Chennai,Delivered,5.0
O00676,C02458,2025-04-02,UPI,Pune,Delivered,10.0
O00677,C03601,2025-03-22,UPI,Chennai,Delivered,5.0
O00678,C04509,2025-05-10,Net Banking,Jaipur,Delivered,20.0
O00679,C01789,2025-04-01,Card,Pune,Delivered,10.0
O00680,C00261,2025-04-10,Card,Indore,Delivered,0.0
O00681,C02014,2025-03-19,Card,Bangalore,Delivered,5.0
O00682,C01336,2025-02-12,UPI,Hyderabad,Delivered,0.0
O00683,C00335,2025-05-03,COD,Mumbai,Cancelled,5.0
O00684,C02780,2025-10-15,UPI,Hyderabad,Delivered,15.0
O00685,C00804,2025-01-23,COD,Delhi,Delivered,5.0
O00686,C02438,2025-05-24,Card,Indore,Delivered,0.0
O00687,C02808,2025-09-15,UPI,Mumbai,Cancelled,5.0
O00688,C00941,2025-01-07,UPI,Delhi,Delivered,10.0
O00689,C03164,2025-10-04,COD,Lucknow,Delivered,10.0
O00690,C00903,2025-07-05,Card,Kochi,Delivered,5.0
O00691,C03433,2025-04-05,Card,Kolkata,Cancelled,20.0
O00692,C01269,2025-01-25,UPI,Bangalore,Delivered,10.0
O00693,C00024,2025-10-18,COD,Kolkata,Cancelled,10.0
O00694,C04653,2025-08-15,UPI,Hyderabad,Delivered,0.0
O00695,C02749,2025-06-22,Card,Chennai,Delivered,10.0
O00696,C02451,2025-05-15,UPI,Chennai,Delivered,10.0
O00697,C01397,2025-10-15,UPI,Jaipur,Delivered,0.0
O00698,C03358,2025-11-05,Card,Jaipur,Delivered,5.0
O00699,C03905,2025-03-10,UPI,Jaipur,Delivered,5.0
O00700,C02489,2025-10-08,COD,Pune,Delivered,0.0
O00701,C03667,2025-12-17,Card,Kochi,Delivered,
O00702,C01758,2025-12-08,COD,Jaipur,Cancelled,5.0
O00703,C04978,2025-12-24,UPI,Indore,Delivered,5.0
O00704,C01879,2025-11-29,UPI,Ahmedabad,Delivered,5.0
O00705,C02533,2025-08-19,Card,Ahmedabad,Delivered,10.0
O00706,C03515,2025-12-08,UPI,Chennai,Returned,10.0
O00707,C03774,2025-11-13,Card,Jaipur,Returned,10.0
O00708,C02079,2025-11-03,Card,Ahmedabad,Delivered,5.0
O00709,C04662,2025-09-15,Card,Pune,Delivered,15.0
O00710,C02058,2025-06-22,UPI,Ahmedabad,Cancelled,0.0
O00711,C00678,2025-02-01,COD,Jaipur,Delivered,15.0
O00712,C04947,2025-07-19,Card,Pune,Delivered,5.0
O00713,C02975,2025-03-21,Card,Jaipur,Delivered,5.0
O00714,C00285,2025-12-19,UPI,Ahmedabad,Returned,10.0
O00715,C02201,2025-03-16,Card,Mumbai,Delivered,10.0
O00716,C04467,2025-09-21,Card,Delhi,Delivered,10.0
O00717,C01841,2025-03-26,COD,Hyderabad,Delivered,25.0
O00718,C01879,2025-08-05,UPI,Hyderabad,Cancelled,20.0
O00719,C01611,2025-05-01,Card,Pune,Returned,5.0
O00720,C03963,2025-01-20,UPI,Mumbai,Delivered,10.0
O00721,C04237,2025-05-29,COD,Indore,Delivered,15.0
O00722,C03160,2025-01-07,Card,Bangalore,Delivered,5.0
O00723,C03499,2025-03-27,COD,Lucknow,Delivered,0.0
O00724,C02132,2025-05-27,Card,Indore,Delivered,25.0
O00725,C03315,2025-11-12,UPI,Chennai,Returned,25.0
O00726,C01379,2025-07-06,Card,Lucknow,Delivered,5.0
O00727,C03078,2025-11-21,UPI,Mumbai,Delivered,5.0
O00728,C03015,2025-10-28,UPI,Jaipur,Delivered,0.0
O00729,C03893,2025-11-14,UPI,Delhi,Delivered,15.0
O00730,C01716,2025-07-12,COD,Indore,Delivered,15.0
O00731,C00453,2025-10-09,UPI,Mumbai,Delivered,10.0
O00732,C00342,2025-07-07,COD,Indore,Delivered,5.0
O00733,C00393,2025-01-18,UPI,Indore,Delivered,10.0
O00734,C01270,2025-11-11,Net Banking,Pune,Delivered,10.0
O00735,C03051,2025-05-29,Net Banking,Hyderabad,Delivered,10.0
O00736,C04060,2025-02-15,UPI,Ahmedabad,Delivered,10.0
O00737,C00971,2025-01-12,Net Banking,Jaipur,Delivered,0.0
O00738,C02206,2025-08-18,COD,Delhi,Delivered,10.0
O00739,C04795,2025-04-23,UPI,Ahmedabad,Delivered,5.0
O00740,C00166,2025-06-09,Net Banking,Kolkata,Cancelled,10.0
O00741,C00255,2025-08-15,UPI,Mumbai,Returned,0.0
O00742,C00302,2025-07-02,UPI,Kolkata,Delivered,20.0
O00743,C03104,2025-02-24,Card,Kolkata,Delivered,20.0
O00744,C03841,2025-09-23,UPI,Ahmedabad,Delivered,10.0
O00745,C02557,2025-02-04,UPI,Kochi,Delivered,15.0
O00746,C01506,2025-03-21,Net Banking,Ahmedabad,Delivered,10.0
O00747,C01257,2025-01-06,Net Banking,Pune,Delivered,10.0
O00748,C02263,2025-05-07,COD,Kolkata,Delivered,10.0
O00749,C04341,2025-03-09,Card,Mumbai,Delivered,5.0
O00750,C00210,2025-07-09,COD,Bangalore,Delivered,25.0
O00751,C03794,2025-09-01,UPI,Lucknow,Delivered,10.0
O00752,C04522,2025-01-09,Net Banking,Mumbai,Delivered,30.0
O00753,C03048,2025-06-06,UPI,Mumbai,Delivered,10.0
O00754,C00981,2025-03-12,COD,Delhi,Delivered,0.0
O00755,C02120,2025-05-14,Card,Kochi,Delivered,5.0
O00756,C03746,2025-10-27,Net Banking,Chennai,Delivered,15.0
O00757,C00178,2025-11-16,COD,Bangalore,Delivered,20.0
O00758,C01547,2025-09-06,COD,Chennai,Returned,10.0
O00759,C02035,2025-11-19,Card,Pune,Delivered,10.0
O00760,C00299,2025-02-13,COD,Indore,Delivered,0.0
O00761,C02568,2025-04-26,COD,Bangalore,Delivered,0.0
O00762,C03567,2025-08-16,UPI,Kolkata,Delivered,0.0
O00763,C04040,2025-02-26,Card,Lucknow,Returned,15.0
O00764,C00275,2025-09-01,UPI,Mumbai,Delivered,20.0
O00765,C02996,2025-02-26,COD,Ahmedabad,Cancelled,0.0
O00766,C00053,2025-05-23,UPI,Mumbai,Delivered,5.0
O00767,C01424,2025-07-11,Net Banking,Bangalore,Delivered,10.0
O00768,C01628,2025-01-07,Card,Mumbai,Delivered,0.0
O00769,C00489,2025-10-02,UPI,Kochi,Delivered,10.0
O00770,C02355,2025-05-14,Net Banking,Kolkata,Delivered,25.0
O00771,C00417,2025-02-08,UPI,Chennai,Delivered,15.0
O00772,C02557,2025-07-12,Card,Mumbai,Delivered,0.0
O00773,C00921,2025-11-23,COD,Kolkata,Delivered,0.0
O00774,C01554,2025-01-25,UPI,Pune,Delivered,10.0
O00775,C02686,2025-04-12,Card,Chennai,Delivered,30.0
O00776,C00666,2025-05-31,Card,Ahmedabad,Cancelled,15.0
O00777,C04102,2025-08-05,Net Banking,Kochi,Delivered,5.0
O00778,C02470,2025-08-18,UPI,Jaipur,Returned,0.0
O00779,C01475,2025-09-24,UPI,Bangalore,Cancelled,10.0
O00780,C00338,2025-06-11,Card,Bangalore,Delivered,0.0
O00781,C03160,2025-10-14,Card,Delhi,Cancelled,5.0
O00782,C00269,2025-06-15,Card,Ahmedabad,Delivered,0.0
O00783,C01088,2025-09-04,UPI,Bangalore,Delivered,15.0
O00784,C01294,2025-06-23,Card,Kochi,Delivered,0.0
O00785,C00657,2025-01-09,COD,Mumbai,Delivered,10.0
O00786,C02829,2025-10-03,UPI,Bangalore,Delivered,15.0
O00787,C03974,2025-02-28,UPI,Bangalore,Delivered,0.0
O00788,C04958,2025-03-26,Card,Indore,Delivered,20.0
O00789,C01337,2025-05-30,UPI,Jaipur,Delivered,0.0
O00790,C02357,2025-11-17,Card,Indore,Delivered,15.0
O00791,C01668,2025-03-01,UPI,Kochi,Delivered,0.0
O00792,C01826,2025-05-05,UPI,Bangalore,Delivered,15.0
O00793,C04031,2025-02-10,Card,Kolkata,Delivered,10.0
O00794,C01213,2025-12-03,UPI,Pune,Delivered,10.0
O00795,C02769,2025-06-22,COD,Indore,Delivered,5.0
O00796,C04416,2025-09-17,Net Banking,Chennai,Delivered,5.0
O00797,C03059,2025-11-22,Card,Kochi,Delivered,10.0
O00798,C00445,2025-06-22,Card,Chennai,Delivered,15.0
O00799,C01398,2025-07-05,UPI,Pune,Delivered,0.0
O00800,C04382,2025-08-29,Card,Hyderabad,Delivered,15.0
O00801,C02219,2025-12-05,Card,Hyderabad,Delivered,10.0
O00802,C03677,2025-04-04,UPI,Ahmedabad,Delivered,10.0
O00803,C02311,2025-03-04,UPI,Kochi,Delivered,0.0
O00804,C04041,2025-08-09,UPI,Jaipur,Delivered,0.0
O00805,C03607,2025-01-08,UPI,Lucknow,Delivered,10.0
O00806,C01828,2025-08-01,Card,Mumbai,Delivered,30.0
O00807,C03220,2025-07-28,Net Banking,Indore,Cancelled,5.0
O00808,C04689,2025-07-28,COD,Indore,Delivered,0.0
O00809,C04512,2025-03-26,Card,Kochi,Cancelled,10.0
O00810,C02073,2025-07-26,Card,Kolkata,Delivered,0.0
O00811,C04190,2025-12-13,UPI,Kochi,Returned,5.0
O00812,C02331,2025-06-02,Card,Jaipur,Delivered,5.0
O00813,C00686,2025-06-10,UPI,Kochi,Delivered,0.0
O00814,C04959,2025-04-26,UPI,Bangalore,Delivered,15.0
O00815,C00685,2025-12-28,Card,Kochi,Delivered,20.0
O00816,C02938,2025-09-08,UPI,Ahmedabad,Delivered,30.0
O00817,C03712,2025-07-02,UPI,Lucknow,Delivered,10.0
O00818,C00341,2025-06-13,UPI,Bangalore,Delivered,5.0
O00819,C04700,2025-11-24,UPI,Lucknow,Delivered,15.0
O00820,C00734,2025-03-21,Card,Kolkata,Delivered,15.0
O00821,C01497,2025-01-07,UPI,Jaipur,Delivered,5.0
O00822,C03894,2025-11-21,UPI,Kolkata,Delivered,10.0
O00823,C02955,2025-03-28,UPI,Chennai,Returned,20.0
O00824,C01132,2025-01-08,UPI,Jaipur,Delivered,5.0
O00825,C04636,2025-02-05,Net Banking,Ahmedabad,Delivered,0.0
O00826,C01733,2025-09-08,UPI,Bangalore,Delivered,10.0
O00827,C03036,2025-04-10,UPI,Delhi,Delivered,15.0
O00828,C02714,2025-03-20,Card,Kolkata,Delivered,10.0
O00829,C02480,2025-10-13,UPI,Delhi,Delivered,10.0
O00830,C01420,2025-09-28,Card,Jaipur,Delivered,5.0
O00831,C01990,2025-08-09,UPI,Hyderabad,Delivered,15.0
O00832,C04711,2025-07-15,Net Banking,Delhi,Delivered,0.0
O00833,C00488,2025-08-14,Net Banking,Ahmedabad,Delivered,0.0
O00834,C03820,2025-03-28,Card,Jaipur,Delivered,10.0
O00835,C01442,2025-02-27,Card,Kochi,Delivered,25.0
O00836,C02391,2025-06-19,Card,Kolkata,Delivered,10.0
O00837,C01385,2025-04-07,Net Banking,Chennai,Delivered,5.0
O00838,C02157,2025-05-26,Card,Delhi,Delivered,10.0
O00839,C04945,2025-12-24,UPI,Chennai,Returned,20.0
O00840,C04397,2025-01-18,UPI,Mumbai,Delivered,10.0
O00841,C01392,2025-07-03,UPI,Mumbai,Delivered,0.0
O00842,C04801,2025-05-23,Card,Lucknow,Delivered,10.0
O00843,C03143,2025-11-30,UPI,Chennai,Delivered,5.0
O00844,C00269,2025-03-03,Card,Pune,Delivered,20.0
O00845,C03918,2025-06-12,UPI,Bangalore,Delivered,5.0
O00846,C01525,2025-02-09,COD,Delhi,Delivered,0.0
O00847,C00478,2025-06-28,Card,Bangalore,Delivered,5.0
O00848,C04272,2025-08-23,Card,Ahmedabad,Delivered,0.0
O00849,C00239,2025-03-01,Card,Mumbai,Delivered,20.0
O00850,C00610,2025-08-16,COD,Hyderabad,Delivered,10.0
O00851,C04588,2025-08-27,UPI,Lucknow,Delivered,10.0
O00852,C04425,2025-02-25,UPI,Hyderabad,Delivered,5.0
O00853,C03398,2025-08-22,Card,Jaipur,Delivered,10.0
O00854,C04541,2025-03-25,COD,Hyderabad,Delivered,15.0
O00855,C04538,2025-07-22,Card,Kochi,Cancelled,5.0
O00856,C04891,2025-02-10,UPI,Hyderabad,Cancelled,0.0
O00857,C01832,2025-01-17,UPI,Lucknow,Delivered,10.0
O00858,C04987,2025-04-15,UPI,Bangalore,Delivered,20.0
O00859,C01155,2025-01-25,COD,Pune,Delivered,10.0
O00860,C01752,2025-04-03,UPI,Indore,Delivered,15.0
O00861,C03599,2025-08-03,Card,Hyderabad,Delivered,20.0
O00862,C02486,2025-07-03,COD,Ahmedabad,Delivered,0.0
O00863,C03339,2025-08-05,UPI,Bangalore,Delivered,10.0
O00864,C02334,2025-05-31,UPI,Ahmedabad,Cancelled,20.0
O00865,C04387,2025-09-15,UPI,Ahmedabad,Delivered,10.0
O00866,C04464,2025-10-28,Card,Bangalore,Delivered,10.0
O00867,C04582,2025-04-29,UPI,Lucknow,Delivered,15.0
O00868,C00168,2025-05-14,UPI,Pune,Delivered,15.0
O00869,C03543,2025-07-26,UPI,Pune,Delivered,10.0
O00870,C04010,2025-09-20,UPI,Pune,Delivered,0.0
O00871,C00078,2025-11-18,UPI,Indore,Delivered,10.0
O00872,C02899,2025-07-09,UPI,Delhi,Delivered,5.0
O00873,C01109,2025-06-07,UPI,Delhi,Delivered,5.0
O00874,C00892,2025-03-17,Card,Lucknow,Delivered,15.0
O00875,C04757,2025-02-21,UPI,Ahmedabad,Delivered,10.0
O00876,C01225,2025-08-14,Card,Ahmedabad,Delivered,15.0
O00877,C04685,2025-04-04,Card,Ahmedabad,Delivered,5.0
O00878,C00565,2025-10-19,COD,Indore,Delivered,20.0
O00879,C02860,2025-10-18,UPI,Delhi,Delivered,10.0
O00880,C00302,2025-11-18,UPI,Kolkata,Delivered,10.0
O00881,C04390,2025-06-27,COD,Indore,Delivered,0.0
O00882,C00109,2025-04-16,COD,Mumbai,Delivered,10.0
O00883,C02413,2025-03-17,UPI,Lucknow,Delivered,5.0
O00884,C02648,2025-01-04,UPI,Delhi,Delivered,15.0
O00885,C02726,2025-11-07,COD,Chennai,Delivered,15.0
O00886,C03339,2025-07-06,UPI,Delhi,Delivered,0.0
O00887,C02141,2025-01-20,COD,Kolkata,Delivered,10.0
O00888,C04524,2025-10-02,Net Banking,Pune,Delivered,0.0
O00889,C04734,2025-05-16,UPI,Delhi,Delivered,10.0
O00890,C03814,2025-01-27,COD,Bangalore,Delivered,20.0
O00891,C04201,2025-05-16,Card,Bangalore,Delivered,20.0
O00892,C02257,2025-01-18,COD,Kolkata,Delivered,5.0
O00893,C03646,2025-10-12,Card,Bangalore,Delivered,0.0
O00894,C03060,2025-10-29,UPI,Hyderabad,Delivered,15.0
O00895,C02522,2025-05-18,Card,Kolkata,Returned,10.0
O00896,C03418,2025-08-20,UPI,Chennai,Delivered,10.0
O00897,C00012,2025-12-06,Net Banking,Hyderabad,Delivered,15.0
O00898,C04745,2025-09-14,Card,Mumbai,Delivered,5.0
O00899,C03267,2025-08-07,UPI,Bangalore,Delivered,5.0
O00900,C03146,2025-05-12,UPI,Kochi,Delivered,10.0
O00901,C00875,2025-12-23,COD,Indore,Delivered,5.0
O00902,C02434,2025-09-13,UPI,Indore,Delivered,10.0
O00903,C00884,2025-04-06,COD,Mumbai,Delivered,10.0
O00904,C04651,2025-10-01,UPI,Hyderabad,Delivered,5.0
O00905,C03986,2025-11-30,Card,Kochi,Delivered,0.0
O00906,C01580,2025-10-28,COD,Jaipur,Delivered,15.0
O00907,C03772,2025-01-15,UPI,Ahmedabad,Delivered,15.0
O00908,C00353,2025-06-28,UPI,Kochi,Delivered,10.0
O00909,C01507,2025-09-17,COD,Lucknow,Delivered,0.0
O00910,C03488,2025-03-29,Card,Bangalore,Delivered,10.0
O00911,C02852,2025-04-04,Card,Chennai,Delivered,0.0
O00912,C02030,2025-11-29,COD,Pune,Delivered,20.0
O00913,C01847,2025-01-28,Card,Ahmedabad,Delivered,15.0
O00914,C02391,2025-07-04,COD,Pune,Delivered,0.0
O00915,C04031,2025-03-16,Card,Bangalore,Delivered,0.0
O00916,C03439,2025-02-23,Card,Indore,Delivered,30.0
O00917,C02384,2025-11-17,UPI,Kolkata,Returned,0.0
O00918,C03368,2025-02-16,Net Banking,Kolkata,Cancelled,20.0
O00919,C04981,2025-09-05,COD,Jaipur,Delivered,25.0
O00920,C01466,2025-08-22,UPI,Indore,Delivered,5.0
O00921,C02152,2025-04-28,Card,Hyderabad,Delivered,10.0
O00922,C03484,2025-09-17,UPI,Hyderabad,Delivered,10.0
O00923,C00574,2025-08-18,Card,Chennai,Delivered,10.0
O00924,C00775,2025-10-17,Net Banking,Chennai,Cancelled,5.0
O00925,C03366,2025-08-29,UPI,Jaipur,Delivered,10.0
O00926,C04339,2025-11-28,Net Banking,Mumbai,Delivered,5.0
O00927,C03931,2025-07-01,UPI,Kochi,Cancelled,0.0
O00928,C02681,2025-11-13,Card,Chennai,Cancelled,10.0
O00929,C04961,2025-04-11,Card,Bangalore,Delivered,5.0
O00930,C02221,2025-09-05,UPI,Chennai,Delivered,0.0
O00931,C01440,2025-12-15,Card,Kolkata,Delivered,25.0
O00932,C00714,2025-12-24,COD,Kolkata,Delivered,0.0
O00933,C00576,2025-04-23,UPI,Kolkata,Delivered,20.0
O00934,C02982,2025-08-09,UPI,Delhi,Delivered,5.0
O00935,C00070,2025-12-05,Card,Hyderabad,Delivered,0.0
O00936,C03765,2025-05-28,COD,Delhi,Delivered,0.0
O00937,C04939,2025-10-23,Net Banking,Hyderabad,Delivered,10.0
O00938,C02377,2025-07-16,UPI,Hyderabad,Delivered,10.0
O00939,C02206,2025-03-10,COD,Lucknow,Delivered,20.0
O00940,C00918,2025-10-15,Card,Kochi,Delivered,15.0
O00941,C02746,2025-01-24,UPI,Mumbai,Delivered,0.0
O00942,C00743,2025-07-05,Net Banking,Jaipur,Cancelled,0.0
O00943,C04151,2025-06-19,UPI,Kochi,Delivered,0.0
O00944,C02534,2025-10-18,COD,Ahmedabad,Delivered,15.0
O00945,C01838,2025-02-01,COD,Pune,Delivered,0.0
O00946,C01377,2025-10-28,Card,Jaipur,Delivered,0.0
O00947,C00410,2025-06-25,Card,Ahmedabad,Delivered,10.0
O00948,C03008,2025-12-30,Card,Jaipur,Delivered,0.0
O00949,C02953,2025-12-08,UPI,Ahmedabad,Delivered,0.0
O00950,C04243,2025-06-26,COD,Delhi,Delivered,5.0
O00951,C01680,2025-10-17,Net Banking,Kochi,Delivered,5.0
O00952,C01715,2025-05-24,Card,Bangalore,Delivered,0.0
O00953,C01198,2025-01-11,Net Banking,Lucknow,Delivered,15.0
O00954,C02338,2025-05-27,Card,Hyderabad,Delivered,15.0
O00955,C03217,2025-12-14,Card,Indore,Returned,5.0
O00956,C02957,2025-11-06,Card,Delhi,Delivered,15.0
O00957,C03194,2025-07-14,UPI,Delhi,Delivered,5.0
O00958,C00027,2025-03-17,COD,Hyderabad,Returned,30.0
O00959,C03138,2025-06-09,COD,Kochi,Returned,5.0
O00960,C02974,2025-04-10,COD,Indore,Delivered,15.0
O00961,C03166,2025-04-26,Card,Jaipur,Delivered,5.0
O00962,C01091,2025-03-24,COD,Chennai,Delivered,10.0
O00963,C00250,2025-11-08,Card,Bangalore,Delivered,10.0
O00964,C00142,2025-03-04,Card,Kochi,Delivered,5.0
O00965,C00267,2025-05-12,Net Banking,Pune,Delivered,15.0
O00966,C04311,2025-09-05,Card,Jaipur,Delivered,0.0
O00967,C00489,2025-05-11,Card,Kochi,Delivered,10.0
O00968,C00496,2025-06-07,UPI,Mumbai,Delivered,5.0
O00969,C00480,2025-08-04,Net Banking,Jaipur,Delivered,25.0
O00970,C02691,2025-11-22,UPI,Chennai,Delivered,20.0
O00971,C04097,2025-02-03,UPI,Bangalore,Delivered,10.0
O00972,C03081,2025-11-28,UPI,Kolkata,Delivered,10.0
O00973,C04937,2025-10-25,Card,Ahmedabad,Delivered,20.0
O00974,C02428,2025-10-06,UPI,Delhi,Delivered,15.0
O00975,C00844,2025-10-23,COD,Chennai,Delivered,15.0
O00976,C03216,2025-01-15,UPI,Mumbai,Delivered,10.0
O00977,C03912,2025-04-25,COD,Chennai,Delivered,20.0
O00978,C04078,2025-02-26,UPI,Indore,Cancelled,5.0
O00979,C02350,2025-05-22,UPI,Jaipur,Delivered,20.0
O00980,C00650,2025-07-26,COD,Indore,Delivered,10.0
O00981,C01894,2025-05-20,UPI,Delhi,Delivered,10.0
O00982,C02857,2025-04-17,UPI,Pune,Delivered,25.0
O00983,C03251,2025-10-18,Net Banking,Hyderabad,Delivered,10.0
O00984,C02387,2025-03-19,UPI,Mumbai,Delivered,15.0
O00985,C01726,2025-01-02,UPI,Pune,Delivered,10.0
O00986,C01355,2025-10-01,UPI,Kochi,Delivered,25.0
O00987,C01294,2025-02-04,UPI,Kolkata,Delivered,10.0
O00988,C03047,2025-09-22,UPI,Hyderabad,Delivered,5.0
O00989,C03259,2025-08-06,COD,Pune,Delivered,10.0
O00990,C02714,2025-03-08,UPI,Jaipur,Delivered,20.0
O00991,C00404,2025-03-10,UPI,Pune,Cancelled,10.0
O00992,C03973,2025-08-12,COD,Delhi,Delivered,0.0
O00993,C04033,2025-12-27,Card,Jaipur,Delivered,10.0
O00994,C01547,2025-10-21,UPI,Hyderabad,Delivered,5.0
O00995,C02607,2025-11-22,Card,Kolkata,Delivered,10.0
O00996,C02826,2025-07-22,UPI,Indore,Delivered,5.0
O00997,C01853,2025-03-22,Card,Kochi,Delivered,5.0
O00998,C04207,2025-03-07,Card,Chennai,Delivered,10.0
O00999,C00813,2025-10-24,Net Banking,Kochi,Delivered,0.0
O01000,C03375,2025-10-07,UPI,Bangalore,Delivered,5.0
O01001,C00930,2025-09-18,COD,Indore,Delivered,15.0
O01002,C04982,2025-10-04,UPI,Kolkata,Delivered,25.0
O01003,C04076,2025-01-06,Card,Delhi,Delivered,25.0
O01004,C03324,2025-05-12,UPI,Hyderabad,Returned,25.0
O01005,C00175,2025-09-22,Card,Jaipur,Delivered,25.0
O01006,C01364,2025-11-21,Card,Delhi,Delivered,20.0
O01007,C02896,2025-03-09,Net Banking,Indore,Delivered,15.0
O01008,C01038,2025-05-06,COD,Chennai,Delivered,5.0
O01009,C03012,2025-11-11,Card,Mumbai,Delivered,10.0
O01010,C02091,2025-06-20,UPI,Jaipur,Delivered,5.0
O01011,C00461,2025-12-02,Card,Ahmedabad,Delivered,15.0
O01012,C02753,2025-01-29,COD,Kochi,Delivered,10.0
O01013,C00149,2025-06-25,UPI,Kolkata,Delivered,5.0
O01014,C04434,2025-11-03,Card,Lucknow,Delivered,15.0
O01015,C01134,2025-10-19,UPI,Ahmedabad,Returned,15.0
O01016,C00354,2025-11-28,UPI,Kochi,Delivered,5.0
O01017,C01108,2025-04-15,UPI,Kolkata,Delivered,10.0
O01018,C02603,2025-02-14,Net Banking,Mumbai,Delivered,20.0
O01019,C02114,2025-04-11,UPI,Jaipur,Delivered,15.0
O01020,C04095,2025-08-14,UPI,Mumbai,Delivered,15.0
O01021,C03686,2025-04-14,Net Banking,Bangalore,Delivered,15.0
O01022,C03207,2025-09-19,Card,Bangalore,Delivered,0.0
O01023,C01110,2025-09-10,COD,Delhi,Delivered,10.0
O01024,C04180,2025-06-14,UPI,Kochi,Delivered,5.0
O01025,C01978,2025-10-19,Card,Pune,Delivered,0.0
O01026,C00227,2025-07-31,UPI,Hyderabad,Delivered,15.0
O01027,C02940,2025-05-24,Card,Indore,Delivered,5.0
O01028,C01013,2025-08-24,Card,Delhi,Delivered,5.0
O01029,C04116,2025-01-22,Card,Chennai,Delivered,10.0
O01030,C03107,2025-03-10,Card,Kochi,Delivered,15.0
O01031,C03937,2025-03-10,COD,Hyderabad,Delivered,10.0
O01032,C02803,2025-09-03,Card,Kochi,Delivered,10.0
O01033,C01467,2025-03-04,Card,Mumbai,Delivered,20.0
O01034,C02989,2025-08-25,UPI,Delhi,Delivered,0.0
O01035,C00270,2025-11-27,COD,Kolkata,Delivered,0.0
O01036,C03807,2025-12-29,UPI,Ahmedabad,Delivered,15.0
O01037,C01532,2025-01-19,Card,Lucknow,Delivered,10.0
O01038,C00304,2025-08-19,UPI,Bangalore,Delivered,5.0
O01039,C04906,2025-08-17,COD,Jaipur,Delivered,10.0
O01040,C01933,2025-12-24,COD,Bangalore,Delivered,15.0
O01041,C02041,2025-05-07,UPI,Indore,Delivered,15.0
O01042,C04022,2025-05-26,COD,Delhi,Delivered,10.0
O01043,C00142,2025-11-25,UPI,Delhi,Delivered,0.0
O01044,C00809,2025-04-24,UPI,Jaipur,Delivered,5.0
O01045,C00948,2025-08-31,COD,Delhi,Delivered,10.0
O01046,C03952,2025-05-25,UPI,Delhi,Returned,15.0
O01047,C03413,2025-02-10,UPI,Mumbai,Delivered,10.0
O01048,C02293,2025-06-10,Card,Kolkata,Delivered,15.0
O01049,C00766,2025-12-04,COD,Lucknow,Delivered,25.0
O01050,C02924,2025-03-18,UPI,Ahmedabad,Delivered,10.0
O01051,C00939,2025-06-17,UPI,Hyderabad,Delivered,5.0
O01052,C02497,2025-10-11,UPI,Bangalore,Delivered,0.0
O01053,C03563,2025-04-20,UPI,Chennai,Delivered,0.0
O01054,C01263,2025-07-14,UPI,Indore,Delivered,0.0
O01055,C00543,2025-08-16,Net Banking,Lucknow,Delivered,5.0
O01056,C02680,2025-06-16,UPI,Kochi,Delivered,5.0
O01057,C02955,2025-01-21,Card,Lucknow,Cancelled,15.0
O01058,C02932,2025-06-14,Net Banking,Ahmedabad,Delivered,0.0
O01059,C02782,2025-05-10,Card,Bangalore,Delivered,10.0
O01060,C04240,2025-09-19,UPI,Hyderabad,Delivered,0.0
O01061,C02992,2025-02-21,Card,Lucknow,Delivered,5.0
O01062,C02613,2025-09-18,COD,Pune,Delivered,0.0
O01063,C03649,2025-06-24,UPI,Chennai,Delivered,15.0
O01064,C01200,2025-10-26,UPI,Kolkata,Delivered,5.0
O01065,C02118,2025-04-06,UPI,Pune,Delivered,10.0
O01066,C02681,2025-12-23,Card,Jaipur,Delivered,15.0
O01067,C02849,2025-02-09,UPI,Kolkata,Delivered,20.0
O01068,C04689,2025-07-28,COD,Delhi,Cancelled,10.0
O01069,C04663,2025-05-22,Card,Kochi,Delivered,10.0
O01070,C04787,2025-09-15,Card,Kolkata,Delivered,15.0
O01071,C03682,2025-06-16,COD,Chennai,Delivered,5.0
O01072,C03496,2025-07-10,UPI,Jaipur,Delivered,15.0
O01073,C00665,2025-11-15,COD,Lucknow,Delivered,15.0
O01074,C04502,2025-04-29,Card,Bangalore,Delivered,10.0
O01075,C03163,2025-05-26,Card,Jaipur,Delivered,5.0
O01076,C03366,2025-12-16,UPI,Jaipur,Delivered,25.0
O01077,C01417,2025-12-01,Card,Ahmedabad,Delivered,30.0
O01078,C03109,2025-05-09,Card,Kochi,Delivered,15.0
O01079,C00517,2025-05-25,Card,Ahmedabad,Delivered,5.0
O01080,C00850,2025-02-23,UPI,Ahmedabad,Delivered,15.0
O01081,C01902,2025-05-02,UPI,Kolkata,Cancelled,15.0
O01082,C00908,2025-05-04,Card,Pune,Delivered,10.0
O01083,C00316,2025-06-16,Card,Mumbai,Delivered,0.0
O01084,C03244,2025-11-18,Card,Delhi,Delivered,25.0
O01085,C01508,2025-05-23,Card,Ahmedabad,Delivered,5.0
O01086,C04123,2025-01-22,UPI,Kolkata,Delivered,5.0
O01087,C01519,2025-10-03,UPI,Kochi,Delivered,5.0
O01088,C04151,2025-12-15,Card,Lucknow,Delivered,0.0
O01089,C01935,2025-10-26,Card,Hyderabad,Delivered,0.0
O01090,C04345,2025-10-04,Card,Indore,Delivered,25.0
O01091,C01802,2025-10-31,COD,Lucknow,Delivered,15.0
O01092,C02623,2025-11-18,COD,Ahmedabad,Delivered,0.0
O01093,C00857,2025-04-25,UPI,Ahmedabad,Delivered,15.0
O01094,C01877,2025-09-29,Card,Chennai,Delivered,0.0
O01095,C01526,2025-06-17,Card,Lucknow,Delivered,15.0
O01096,C01417,2025-10-04,UPI,Pune,Delivered,10.0
O01097,C03480,2025-12-23,Net Banking,Bangalore,Delivered,25.0
O01098,C03872,2025-09-21,Card,Chennai,Delivered,10.0
O01099,C01795,2025-09-07,Card,Delhi,Delivered,15.0
O01100,C03066,2025-09-12,Net Banking,Kolkata,Delivered,0.0
O01101,C02721,2025-12-08,UPI,Bangalore,Delivered,25.0
O01102,C04205,2025-02-27,UPI,Bangalore,Delivered,10.0
O01103,C03677,2025-01-05,UPI,Delhi,Delivered,5.0
O01104,C00353,2025-04-21,UPI,Kolkata,Delivered,0.0
O01105,C03232,2025-12-31,UPI,Delhi,Delivered,10.0
O01106,C01428,2025-10-13,Net Banking,Mumbai,Delivered,15.0
O01107,C02193,2025-12-17,Net Banking,Lucknow,Delivered,0.0
O01108,C01778,2025-09-22,Card,Pune,Cancelled,0.0
O01109,C03537,2025-09-06,COD,Kochi,Delivered,5.0
O01110,C01117,2025-04-05,UPI,Jaipur,Delivered,20.0
O01111,C02321,2025-12-17,Card,Lucknow,Delivered,30.0
O01112,C00534,2025-10-24,UPI,Delhi,Delivered,15.0
O01113,C01218,2025-11-03,UPI,Jaipur,Delivered,0.0
O01114,C02989,2025-07-04,UPI,Ahmedabad,Delivered,20.0
O01115,C02229,2025-08-17,Card,Chennai,Delivered,0.0
O01116,C01980,2025-11-13,UPI,Lucknow,Delivered,20.0
O01117,C02077,2025-09-19,UPI,Indore,Delivered,10.0
O01118,C00532,2025-04-29,Card,Hyderabad,Delivered,15.0
O01119,C03077,2025-08-22,Card,Bangalore,Delivered,0.0
O01120,C01945,2025-10-09,UPI,Hyderabad,Delivered,0.0
O01121,C04236,2025-07-21,UPI,Jaipur,Delivered,10.0
O01122,C03100,2025-09-19,COD,Pune,Delivered,0.0
O01123,C04358,2025-02-22,UPI,Jaipur,Delivered,5.0
O01124,C03830,2025-11-13,Card,Chennai,Delivered,15.0
O01125,C04115,2025-06-10,UPI,Chennai,Delivered,15.0
O01126,C02585,2025-09-01,Card,Chennai,Delivered,5.0
O01127,C01549,2025-04-04,Card,Hyderabad,Delivered,0.0
O01128,C01489,2025-02-09,COD,Kolkata,Delivered,5.0
O01129,C03660,2025-10-07,UPI,Kochi,Delivered,15.0
O01130,C00228,2025-04-02,UPI,Jaipur,Delivered,5.0
O01131,C04472,2025-10-28,COD,Pune,Delivered,5.0
O01132,C04832,2025-02-07,Card,Delhi,Delivered,0.0
O01133,C04353,2025-08-31,COD,Kochi,Delivered,10.0
O01134,C04929,2025-12-30,COD,Pune,Delivered,10.0
O01135,C04797,2025-05-16,Card,Lucknow,Delivered,10.0
O01136,C00699,2025-03-05,Net Banking,Delhi,Delivered,15.0
O01137,C00438,2025-12-09,Card,Delhi,Cancelled,20.0
O01138,C01685,2025-12-29,Card,Kolkata,Delivered,15.0
O01139,C02154,2025-07-20,Card,Indore,Delivered,10.0
O01140,C04711,2025-11-03,Card,Mumbai,Delivered,25.0
O01141,C02915,2025-09-19,Card,Ahmedabad,Delivered,5.0
O01142,C03218,2025-06-24,COD,Indore,Delivered,15.0
O01143,C00960,2025-06-26,Card,Bangalore,Delivered,10.0
O01144,C01840,2025-03-26,Card,Kochi,Delivered,20.0
O01145,C00278,2025-06-09,Card,Bangalore,Delivered,10.0
O01146,C04221,2025-07-01,UPI,Lucknow,Delivered,10.0
O01147,C03757,2025-02-05,UPI,Bangalore,Cancelled,10.0
O01148,C01344,2025-12-11,UPI,Kolkata,Delivered,0.0
O01149,C04771,2025-04-09,Card,Bangalore,Delivered,20.0
O01150,C00715,2025-08-14,COD,Delhi,Delivered,20.0
O01151,C01506,2025-02-06,Card,Pune,Delivered,15.0
O01152,C03922,2025-09-30,Net Banking,Delhi,Delivered,5.0
O01153,C02715,2025-09-29,UPI,Indore,Delivered,5.0
O01154,C01348,2025-07-05,COD,Mumbai,Delivered,0.0
O01155,C02443,2025-02-18,UPI,Kochi,Delivered,0.0
O01156,C04869,2025-04-04,UPI,Hyderabad,Delivered,10.0
O01157,C03961,2025-11-03,COD,Ahmedabad,Delivered,0.0
O01158,C01753,2025-08-14,UPI,Kolkata,Delivered,0.0
O01159,C02506,2025-01-05,UPI,Indore,Cancelled,5.0
O01160,C01738,2025-12-19,UPI,Kolkata,Delivered,5.0
O01161,C04170,2025-06-23,COD,Lucknow,Delivered,10.0
O01162,C01109,2025-07-02,Card,Mumbai,Returned,5.0
O01163,C02680,2025-03-14,UPI,Chennai,Delivered,25.0
O01164,C01038,2025-05-25,UPI,Kochi,Delivered,25.0
O01165,C00912,2025-06-01,UPI,Ahmedabad,Delivered,0.0
O01166,C04890,2025-02-25,UPI,Bangalore,Delivered,30.0
O01167,C02097,2025-07-02,COD,Mumbai,Delivered,0.0
O01168,C03014,2025-05-02,Net Banking,Bangalore,Delivered,5.0
O01169,C00359,2025-09-01,Net Banking,Kolkata,Delivered,20.0
O01170,C01077,2025-07-23,COD,Pune,Delivered,15.0
O01171,C02104,2025-03-20,COD,Lucknow,Delivered,0.0
O01172,C04975,2025-01-16,COD,Delhi,Delivered,15.0
O01173,C03528,2025-05-06,Net Banking,Ahmedabad,Delivered,15.0
O01174,C02303,2025-03-28,COD,Hyderabad,Delivered,25.0
O01175,C04101,2025-10-05,Card,Mumbai,Delivered,20.0
O01176,C01605,2025-12-17,UPI,Jaipur,Delivered,25.0
O01177,C01076,2025-02-12,Card,Jaipur,Delivered,10.0
O01178,C04049,2025-03-20,Card,Pune,Delivered,15.0
O01179,C00329,2025-10-04,Card,Kochi,Delivered,25.0
O01180,C03233,2025-09-21,Card,Ahmedabad,Delivered,0.0
O01181,C03478,2025-11-01,Card,Kochi,Delivered,15.0
O01182,C01003,2025-08-16,UPI,Bangalore,Delivered,0.0
O01183,C04879,2025-05-05,UPI,Hyderabad,Delivered,30.0
O01184,C00577,2025-04-16,COD,Jaipur,Delivered,0.0
O01185,C00327,2025-08-18,Card,Hyderabad,Delivered,10.0
O01186,C01528,2025-05-14,UPI,Delhi,Delivered,10.0
O01187,C02822,2025-03-22,COD,Mumbai,Delivered,5.0
O01188,C01466,2025-12-26,UPI,Ahmedabad,Delivered,15.0
O01189,C03226,2025-04-19,Card,Lucknow,Delivered,5.0
O01190,C02282,2025-06-24,UPI,Kolkata,Delivered,5.0
O01191,C04748,2025-06-13,COD,Indore,Delivered,5.0
O01192,C02381,2025-05-05,COD,Bangalore,Delivered,15.0
O01193,C00495,2025-12-14,Card,Ahmedabad,Delivered,0.0
O01194,C01139,2025-01-23,Net Banking,Bangalore,Delivered,20.0
O01195,C02417,2025-11-27,Net Banking,Mumbai,Delivered,5.0
O01196,C01357,2025-03-03,Card,Bangalore,Cancelled,10.0
O01197,C01154,2025-07-31,COD,Ahmedabad,Cancelled,10.0
O01198,C03250,2025-09-09,Card,Delhi,Delivered,15.0
O01199,C02143,2025-04-06,Card,Jaipur,Delivered,5.0
O01200,C03389,2025-07-28,Card,Lucknow,Delivered,20.0
O01201,C01125,2025-02-26,UPI,Indore,Delivered,15.0
O01202,C00802,2025-08-22,UPI,Pune,Delivered,5.0
O01203,C02043,2025-12-24,COD,Hyderabad,Delivered,0.0
O01204,C00208,2025-11-22,UPI,Lucknow,Cancelled,10.0
O01205,C02655,2025-03-06,Card,Hyderabad,Delivered,30.0
O01206,C00473,2025-10-20,UPI,Kochi,Delivered,0.0
O01207,C01639,2025-11-20,Card,Bangalore,Cancelled,20.0
O01208,C00136,2025-11-27,UPI,Ahmedabad,Delivered,15.0
O01209,C04357,2025-01-17,COD,Kochi,Delivered,5.0
O01210,C01171,2025-05-15,Net Banking,Lucknow,Cancelled,10.0
O01211,C00458,2025-11-04,Net Banking,Delhi,Delivered,10.0
O01212,C01437,2025-05-10,Card,Delhi,Delivered,15.0
O01213,C03572,2025-02-06,Net Banking,Delhi,Delivered,25.0
O01214,C02149,2025-09-07,Card,Lucknow,Delivered,20.0
O01215,C04243,2025-02-26,Card,Jaipur,Delivered,5.0
O01216,C04813,2025-12-23,UPI,Chennai,Delivered,0.0
O01217,C00507,2025-01-10,COD,Mumbai,Delivered,0.0
O01218,C02606,2025-03-22,UPI,Kolkata,Delivered,25.0
O01219,C02384,2025-03-31,Card,Pune,Delivered,25.0
O01220,C00446,2025-04-30,COD,Indore,Delivered,15.0
O01221,C02782,2025-04-12,Card,Kochi,Returned,30.0
O01222,C00444,2025-01-27,UPI,Bangalore,Delivered,5.0
O01223,C00118,2025-09-18,Card,Mumbai,Delivered,20.0
O01224,C01541,2025-03-02,COD,Ahmedabad,Delivered,10.0
O01225,C02771,2025-05-16,UPI,Ahmedabad,Delivered,15.0
O01226,C00567,2025-04-07,COD,Delhi,Delivered,10.0
O01227,C03603,2025-05-29,COD,Chennai,Delivered,20.0
O01228,C01937,2025-08-15,Net Banking,Ahmedabad,Delivered,5.0
O01229,C04184,2025-10-04,Card,Kochi,Delivered,30.0
O01230,C01653,2025-11-03,UPI,Jaipur,Delivered,5.0
O01231,C04572,2025-12-01,Card,Lucknow,Delivered,15.0
O01232,C04391,2025-08-16,Card,Mumbai,Delivered,15.0
O01233,C04816,2025-11-11,COD,Kochi,Delivered,10.0
O01234,C04782,2025-09-06,Net Banking,Ahmedabad,Delivered,5.0
O01235,C02687,2025-09-15,COD,Delhi,Delivered,10.0
O01236,C01204,2025-11-10,Card,Jaipur,Delivered,10.0
O01237,C02938,2025-08-08,Card,Chennai,Delivered,5.0
O01238,C00406,2025-08-24,UPI,Chennai,Cancelled,15.0
O01239,C03908,2025-01-20,UPI,Lucknow,Delivered,5.0
O01240,C04215,2025-12-11,COD,Kolkata,Delivered,20.0
O01241,C04080,2025-05-18,Card,Ahmedabad,Delivered,5.0
O01242,C00313,2025-07-08,Card,Bangalore,Delivered,10.0
O01243,C00163,2025-04-15,UPI,Indore,Delivered,15.0
O01244,C01529,2025-04-08,UPI,Hyderabad,Delivered,30.0
O01245,C04389,2025-09-27,Card,Pune,Returned,5.0
O01246,C04786,2025-06-02,COD,Ahmedabad,Delivered,10.0
O01247,C01566,2025-08-06,UPI,Kolkata,Cancelled,0.0
O01248,C04769,2025-01-21,UPI,Indore,Cancelled,15.0
O01249,C00399,2025-09-29,Card,Jaipur,Delivered,20.0
O01250,C03587,2025-07-21,UPI,Indore,Delivered,20.0
O01251,C01048,2025-06-09,UPI,Delhi,Delivered,25.0
O01252,C01943,2025-03-05,UPI,Ahmedabad,Delivered,5.0
O01253,C03131,2025-03-25,Card,Kochi,Delivered,15.0
O01254,C02797,2025-03-14,Card,Lucknow,Delivered,5.0
O01255,C00240,2025-03-01,COD,Kochi,Delivered,15.0
O01256,C02359,2025-12-20,Card,Chennai,Delivered,10.0
O01257,C00672,2025-05-27,Card,Indore,Delivered,10.0
O01258,C02620,2025-02-16,UPI,Chennai,Delivered,0.0
O01259,C02462,2025-08-11,Card,Pune,Delivered,20.0
O01260,C03394,2025-06-07,Card,Chennai,Delivered,10.0
O01261,C00402,2025-02-16,UPI,Pune,Cancelled,10.0
O01262,C02107,2025-10-16,Card,Jaipur,Delivered,15.0
O01263,C04149,2025-07-29,UPI,Indore,Delivered,5.0
O01264,C01088,2025-01-21,Card,Chennai,Delivered,15.0
O01265,C01143,2025-12-17,Card,Mumbai,Returned,20.0
O01266,C04382,2025-11-15,Card,Kochi,Delivered,10.0
O01267,C02066,2025-08-19,COD,Hyderabad,Delivered,20.0
O01268,C03909,2025-10-25,Net Banking,Jaipur,Delivered,0.0
O01269,C04256,2025-04-15,COD,Jaipur,Delivered,10.0
O01270,C03960,2025-05-06,COD,Indore,Delivered,0.0
O01271,C00142,2025-10-26,UPI,Chennai,Delivered,5.0
O01272,C00397,2025-03-09,UPI,Lucknow,Delivered,30.0
O01273,C02628,2025-01-26,UPI,Mumbai,Delivered,10.0
O01274,C04630,2025-06-10,UPI,Hyderabad,Cancelled,10.0
O01275,C01556,2025-04-18,UPI,Indore,Cancelled,15.0
O01276,C02509,2025-10-16,COD,Kolkata,Delivered,0.0
O01277,C04382,2025-11-01,Card,Kolkata,Delivered,5.0
O01278,C01029,2025-03-25,Card,Delhi,Delivered,10.0
O01279,C02177,2025-02-10,UPI,Indore,Delivered,10.0
O01280,C00671,2025-07-19,Card,Bangalore,Delivered,10.0
O01281,C04595,2025-02-05,COD,Jaipur,Delivered,0.0
O01282,C01856,2025-12-17,UPI,Hyderabad,Delivered,10.0
O01283,C03430,2025-08-22,Net Banking,Kochi,Delivered,10.0
O01284,C02079,2025-08-30,UPI,Lucknow,Delivered,5.0
O01285,C02007,2025-12-05,COD,Indore,Delivered,10.0
O01286,C01689,2025-01-20,UPI,Delhi,Delivered,25.0
O01287,C04432,2025-12-09,Card,Bangalore,Delivered,25.0
O01288,C00570,2025-06-01,Net Banking,Hyderabad,Delivered,15.0
O01289,C04695,2025-06-20,Card,Kolkata,Delivered,0.0
O01290,C01147,2025-08-04,Card,Bangalore,Delivered,15.0
O01291,C03775,2025-12-22,Card,Kochi,Delivered,10.0
O01292,C00865,2025-11-25,UPI,Kolkata,Delivered,25.0
O01293,C04901,2025-08-20,UPI,Mumbai,Delivered,10.0
O01294,C04410,2025-01-16,UPI,Delhi,Cancelled,5.0
O01295,C00028,2025-10-10,UPI,Kochi,Delivered,5.0
O01296,C01030,2025-10-28,Net Banking,Kochi,Cancelled,5.0
O01297,C01997,2025-06-14,COD,Pune,Returned,5.0
O01298,C01342,2025-09-26,UPI,Pune,Cancelled,15.0
O01299,C01249,2025-06-28,COD,Chennai,Returned,5.0
O01300,C02137,2025-09-15,UPI,Kochi,Delivered,5.0
O01301,C02088,2025-03-17,UPI,Mumbai,Cancelled,10.0
O01302,C00681,2025-04-15,COD,Jaipur,Delivered,10.0
O01303,C00375,2025-12-19,UPI,Jaipur,Delivered,0.0
O01304,C03370,2025-03-28,UPI,Jaipur,Returned,5.0
O01305,C03046,2025-11-11,Card,Hyderabad,Delivered,0.0
O01306,C02338,2025-01-14,Net Banking,Indore,Returned,15.0
O01307,C00806,2025-12-25,Card,Bangalore,Delivered,25.0
O01308,C03040,2025-10-13,UPI,Indore,Delivered,10.0
O01309,C00279,2025-09-04,UPI,Hyderabad,Delivered,10.0
O01310,C01406,2025-08-29,Card,Lucknow,Delivered,20.0
O01311,C00788,2025-12-20,Card,Ahmedabad,Delivered,0.0
O01312,C01333,2025-01-09,COD,Kolkata,Delivered,0.0
O01313,C04373,2025-01-24,COD,Hyderabad,Returned,15.0
O01314,C03148,2025-04-22,COD,Lucknow,Delivered,15.0
O01315,C02346,2025-10-24,Card,Ahmedabad,Delivered,10.0
O01316,C03450,2025-08-05,Card,Hyderabad,Delivered,25.0
O01317,C00433,2025-08-16,Card,Kolkata,Delivered,5.0
O01318,C01010,2025-02-01,Card,Pune,Returned,10.0
O01319,C03850,2025-10-04,UPI,Chennai,Delivered,25.0
O01320,C00317,2025-06-19,Card,Lucknow,Delivered,20.0
O01321,C04217,2025-08-19,UPI,Lucknow,Cancelled,0.0
O01322,C01366,2025-03-11,COD,Bangalore,Returned,5.0
O01323,C04400,2025-04-21,UPI,Delhi,Delivered,15.0
O01324,C00936,2025-03-30,COD,Delhi,Delivered,0.0
O01325,C03519,2025-01-02,UPI,Bangalore,Delivered,20.0
O01326,C03788,2025-02-25,COD,Kolkata,Delivered,10.0
O01327,C02769,2025-06-07,UPI,Mumbai,Cancelled,0.0
O01328,C00496,2025-09-28,COD,Indore,Delivered,10.0
O01329,C03593,2025-10-01,UPI,Kochi,Delivered,10.0
O01330,C02233,2025-02-01,Card,Bangalore,Delivered,5.0
O01331,C04019,2025-09-27,UPI,Indore,Delivered,10.0
O01332,C02936,2025-07-09,Card,Hyderabad,Delivered,20.0
O01333,C04809,2025-07-29,COD,Pune,Delivered,5.0
O01334,C04446,2025-11-04,COD,Kolkata,Delivered,25.0
O01335,C02368,2025-01-22,UPI,Chennai,Delivered,15.0
O01336,C02585,2025-01-14,Card,Jaipur,Cancelled,20.0
O01337,C00906,2025-07-25,COD,Ahmedabad,Delivered,5.0
O01338,C03228,2025-02-03,Card,Mumbai,Delivered,10.0
O01339,C01828,2025-12-08,UPI,Kochi,Delivered,10.0
O01340,C03723,2025-02-25,UPI,Delhi,Delivered,0.0
O01341,C02581,2025-08-28,Card,Jaipur,Delivered,10.0
O01342,C04598,2025-03-04,UPI,Chennai,Delivered,20.0
O01343,C01516,2025-03-21,Card,Bangalore,Delivered,0.0
O01344,C04623,2025-02-09,Card,Jaipur,Delivered,10.0
O01345,C04807,2025-10-21,UPI,Ahmedabad,Delivered,30.0
O01346,C03004,2025-10-06,Card,Kochi,Delivered,10.0
O01347,C00112,2025-09-13,COD,Pune,Delivered,5.0
O01348,C01673,2025-04-20,UPI,Pune,Delivered,10.0
O01349,C02303,2025-02-17,UPI,Ahmedabad,Returned,10.0
O01350,C01651,2025-08-20,Card,Lucknow,Delivered,0.0
O01351,C04396,2025-03-23,UPI,Kolkata,Delivered,5.0
O01352,C02475,2025-06-23,COD,Pune,Delivered,15.0
O01353,C03996,2025-04-23,Net Banking,Ahmedabad,Delivered,10.0
O01354,C01891,2025-10-05,Net Banking,Lucknow,Delivered,5.0
O01355,C00307,2025-11-06,Card,Kochi,Delivered,25.0
O01356,C00121,2025-02-09,Card,Delhi,Delivered,10.0
O01357,C03102,2025-01-30,COD,Mumbai,Delivered,5.0
O01358,C01278,2025-09-12,UPI,Mumbai,Delivered,10.0
O01359,C01428,2025-08-28,UPI,Pune,Delivered,15.0
O01360,C03103,2025-07-02,UPI,Jaipur,Returned,15.0
O01361,C01186,2025-07-03,COD,Indore,Delivered,5.0
O01362,C01456,2025-02-11,Card,Ahmedabad,Cancelled,10.0
O01363,C01180,2025-05-07,Card,Kochi,Delivered,5.0
O01364,C01347,2025-03-23,Card,Kochi,Delivered,10.0
O01365,C00629,2025-08-21,Card,Pune,Delivered,15.0
O01366,C01215,2025-11-05,UPI,Jaipur,Delivered,10.0
O01367,C01962,2025-07-11,Card,Kolkata,Delivered,15.0
O01368,C02996,2025-01-01,Card,Kochi,Delivered,5.0
O01369,C04613,2025-12-28,Card,Pune,Returned,15.0
O01370,C04941,2025-07-26,COD,Chennai,Delivered,0.0
O01371,C01548,2025-07-16,Card,Bangalore,Delivered,5.0
O01372,C04916,2025-10-10,COD,Kochi,Cancelled,25.0
O01373,C02859,2025-01-17,Card,Kolkata,Delivered,0.0
O01374,C00762,2025-11-15,Card,Bangalore,Delivered,15.0
O01375,C02367,2025-06-18,COD,Bangalore,Delivered,20.0
O01376,C04207,2025-07-05,COD,Pune,Returned,20.0
O01377,C01842,2025-05-02,Card,Delhi,Delivered,20.0
O01378,C04903,2025-08-12,UPI,Jaipur,Returned,30.0
O01379,C01497,2025-05-07,UPI,Lucknow,Delivered,5.0
O01380,C03920,2025-06-15,UPI,Pune,Delivered,5.0
O01381,C03089,2025-05-02,UPI,Lucknow,Delivered,0.0
O01382,C01244,2025-11-18,Card,Hyderabad,Cancelled,5.0
O01383,C04583,2025-08-08,COD,Mumbai,Delivered,15.0
O01384,C04907,2025-10-06,Card,Chennai,Delivered,5.0
O01385,C02044,2025-05-28,UPI,Ahmedabad,Delivered,5.0
O01386,C03377,2025-10-19,UPI,Kolkata,Delivered,10.0
O01387,C00517,2025-09-04,Card,Ahmedabad,Delivered,0.0
O01388,C00835,2025-07-07,Card,Jaipur,Delivered,0.0
O01389,C00624,2025-01-11,COD,Ahmedabad,Delivered,15.0
O01390,C01048,2025-10-11,Net Banking,Hyderabad,Delivered,15.0
O01391,C01565,2025-02-14,COD,Mumbai,Delivered,5.0
O01392,C03983,2025-05-04,Card,Ahmedabad,Delivered,10.0
O01393,C00497,2025-09-04,COD,Kolkata,Delivered,5.0
O01394,C02430,2025-12-03,UPI,Bangalore,Delivered,5.0
O01395,C02264,2025-06-08,UPI,Chennai,Delivered,0.0
O01396,C00543,2025-09-24,UPI,Delhi,Delivered,5.0
O01397,C00916,2025-10-19,UPI,Delhi,Delivered,0.0
O01398,C01802,2025-03-19,UPI,Pune,Delivered,10.0
O01399,C03083,2025-10-18,COD,Indore,Delivered,10.0
O01400,C00082,2025-05-31,Card,Bangalore,Delivered,10.0
O01401,C01180,2025-10-12,COD,Delhi,Delivered,5.0
O01402,C00166,2025-05-31,Net Banking,Kochi,Delivered,5.0
O01403,C02256,2025-05-04,Net Banking,Hyderabad,Delivered,10.0
O01404,C02072,2025-08-16,Net Banking,Ahmedabad,Delivered,20.0
O01405,C00807,2025-09-29,Card,Hyderabad,Delivered,30.0
O01406,C02739,2025-12-25,Card,Lucknow,Delivered,5.0
O01407,C00332,2025-12-06,Card,Kolkata,Delivered,25.0
O01408,C03591,2025-08-05,COD,Ahmedabad,Delivered,10.0
O01409,C01535,2025-05-27,COD,Kochi,Delivered,10.0
O01410,C00181,2025-08-06,Net Banking,Chennai,Delivered,15.0
O01411,C01317,2025-04-06,COD,Kochi,Delivered,5.0
O01412,C01107,2025-02-19,Card,Hyderabad,Delivered,5.0
O01413,C01590,2025-02-12,Net Banking,Indore,Delivered,5.0
O01414,C02487,2025-01-19,Net Banking,Bangalore,Delivered,20.0
O01415,C02591,2025-04-23,Card,Kolkata,Delivered,25.0
O01416,C02241,2025-08-01,Card,Lucknow,Delivered,0.0
O01417,C00488,2025-01-18,COD,Kolkata,Delivered,15.0
O01418,C00612,2025-05-14,Card,Indore,Returned,0.0
O01419,C03421,2025-10-18,COD,Indore,Delivered,20.0
O01420,C03195,2025-01-14,UPI,Chennai,Delivered,20.0
O01421,C01398,2025-03-05,Card,Indore,Delivered,15.0
O01422,C01457,2025-06-12,Card,Bangalore,Delivered,20.0
O01423,C02194,2025-09-15,Card,Kolkata,Cancelled,10.0
O01424,C03075,2025-01-06,UPI,Lucknow,Delivered,0.0
O01425,C01338,2025-12-21,UPI,Pune,Delivered,20.0
O01426,C04423,2025-05-01,COD,Hyderabad,Returned,0.0
O01427,C02201,2025-06-02,UPI,Kochi,Delivered,5.0
O01428,C04498,2025-11-25,UPI,Chennai,Delivered,10.0
O01429,C02868,2025-06-27,COD,Lucknow,Delivered,10.0
O01430,C04584,2025-03-04,Card,Bangalore,Delivered,0.0
O01431,C03883,2025-09-15,COD,Ahmedabad,Cancelled,15.0
O01432,C02115,2025-03-06,Card,Indore,Delivered,0.0
O01433,C02137,2025-12-23,COD,Chennai,Delivered,15.0
O01434,C00079,2025-07-06,Card,Ahmedabad,Delivered,10.0
O01435,C00378,2025-08-15,Net Banking,Lucknow,Delivered,15.0
O01436,C00165,2025-07-18,UPI,Hyderabad,Delivered,5.0
O01437,C04845,2025-10-21,UPI,Pune,Delivered,20.0
O01438,C01721,2025-09-08,Net Banking,Kochi,Delivered,5.0
O01439,C02985,2025-11-14,COD,Kochi,Returned,10.0
O01440,C00155,2025-07-12,COD,Bangalore,Delivered,10.0
O01441,C01147,2025-04-29,UPI,Hyderabad,Delivered,5.0
O01442,C01064,2025-06-28,Card,Delhi,Delivered,0.0
O01443,C02217,2025-02-21,UPI,Delhi,Delivered,5.0
O01444,C02840,2025-04-20,UPI,Delhi,Delivered,0.0
O01445,C01464,2025-08-12,Card,Hyderabad,Delivered,5.0
O01446,C03471,2025-11-26,Net Banking,Ahmedabad,Delivered,15.0
O01447,C01517,2025-04-08,UPI,Indore,Delivered,10.0
O01448,C03051,2025-11-15,UPI,Delhi,Delivered,10.0
O01449,C04424,2025-02-17,UPI,Delhi,Delivered,10.0
O01450,C01527,2025-04-11,COD,Chennai,Delivered,0.0
O01451,C03611,2025-08-28,Card,Hyderabad,Delivered,0.0
O01452,C02393,2025-03-15,UPI,Hyderabad,Delivered,10.0
O01453,C00789,2025-02-07,COD,Pune,Delivered,10.0
O01454,C02549,2025-08-04,UPI,Pune,Delivered,10.0
O01455,C04658,2025-05-16,UPI,Lucknow,Delivered,20.0
O01456,C04609,2025-01-06,UPI,Delhi,Returned,5.0
O01457,C00516,2025-09-04,UPI,Chennai,Delivered,20.0
O01458,C03063,2025-11-20,UPI,Bangalore,Delivered,20.0
O01459,C04763,2025-07-16,UPI,Bangalore,Cancelled,20.0
O01460,C01568,2025-04-21,Card,Mumbai,Returned,10.0
O01461,C01449,2025-10-15,UPI,Indore,Delivered,20.0
O01462,C00967,2025-02-07,UPI,Indore,Cancelled,30.0
O01463,C00364,2025-04-25,UPI,Mumbai,Delivered,10.0
O01464,C00108,2025-07-04,UPI,Pune,Delivered,20.0
O01465,C03095,2025-07-31,UPI,Chennai,Delivered,20.0
O01466,C00623,2025-12-31,UPI,Delhi,Delivered,5.0
O01467,C04417,2025-09-12,Net Banking,Pune,Delivered,10.0
O01468,C00510,2025-11-16,Card,Indore,Delivered,10.0
O01469,C01065,2025-11-06,COD,Delhi,Cancelled,5.0
O01470,C03866,2025-04-23,COD,Delhi,Delivered,5.0
O01471,C00304,2025-09-27,Card,Kolkata,Delivered,5.0
O01472,C00969,2025-11-16,Card,Chennai,Delivered,10.0
O01473,C01439,2025-06-24,Card,Ahmedabad,Delivered,5.0
O01474,C03522,2025-11-06,Card,Jaipur,Delivered,10.0
O01475,C03872,2025-01-19,Net Banking,Chennai,Delivered,15.0
O01476,C03501,2025-07-22,UPI,Ahmedabad,Delivered,10.0
O01477,C02200,2025-05-06,UPI,Delhi,Cancelled,5.0
O01478,C04355,2025-09-11,UPI,Lucknow,Delivered,0.0
O01479,C03902,2025-11-12,COD,Pune,Delivered,20.0
O01480,C02271,2025-09-12,Card,Delhi,Delivered,10.0
O01481,C00230,2025-10-15,COD,Indore,Returned,25.0
O01482,C02487,2025-10-19,Card,Indore,Delivered,5.0
O01483,C00150,2025-06-01,Card,Kochi,Delivered,0.0
O01484,C00910,2025-07-18,Card,Delhi,Delivered,0.0
O01485,C03529,2025-07-18,Card,Kolkata,Cancelled,0.0
O01486,C00978,2025-10-29,COD,Mumbai,Delivered,5.0
O01487,C00635,2025-06-24,UPI,Pune,Delivered,5.0
O01488,C04718,2025-09-27,Card,Hyderabad,Delivered,0.0
O01489,C02191,2025-06-29,UPI,Lucknow,Delivered,5.0
O01490,C04150,2025-08-06,Card,Delhi,Delivered,15.0
O01491,C04940,2025-04-28,Card,Bangalore,Delivered,15.0
O01492,C03475,2025-11-02,COD,Indore,Delivered,0.0
O01493,C03781,2025-11-17,COD,Kochi,Delivered,25.0
O01494,C01866,2025-11-29,Card,Delhi,Delivered,0.0
O01495,C00299,2025-11-16,UPI,Kolkata,Delivered,0.0
O01496,C02740,2025-01-23,COD,Kochi,Delivered,0.0
O01497,C03726,2025-05-05,UPI,Bangalore,Delivered,0.0
O01498,C03392,2025-03-25,Card,Ahmedabad,Delivered,10.0
O01499,C04541,2025-07-18,UPI,Mumbai,Delivered,0.0
O01500,C00098,2025-11-22,UPI,Delhi,Returned,10.0
O01501,C03198,2025-07-06,Card,Chennai,Delivered,5.0
O01502,C02106,2025-11-25,UPI,Jaipur,Delivered,5.0
O01503,C04273,2025-04-02,Net Banking,Hyderabad,Delivered,20.0
O01504,C04815,2025-11-26,Card,Delhi,Delivered,5.0
O01505,C03523,2025-07-01,Card,Delhi,Delivered,20.0
O01506,C04419,2025-08-15,UPI,Ahmedabad,Delivered,5.0
O01507,C00846,2025-07-18,UPI,Kolkata,Delivered,30.0
O01508,C04186,2025-08-23,COD,Chennai,Delivered,30.0
O01509,C04227,2025-02-13,Card,Kolkata,Delivered,20.0
O01510,C03882,2025-03-17,Card,Lucknow,Delivered,20.0
O01511,C01053,2025-05-21,Card,Jaipur,Delivered,20.0
O01512,C03849,2025-07-01,Card,Ahmedabad,Delivered,10.0
O01513,C03616,2025-04-29,COD,Pune,Cancelled,15.0
O01514,C03158,2025-02-09,Card,Kolkata,Delivered,10.0
O01515,C02106,2025-09-17,Card,Jaipur,Delivered,20.0
O01516,C00994,2025-09-01,COD,Lucknow,Delivered,25.0
O01517,C03097,2025-05-09,Card,Ahmedabad,Delivered,15.0
O01518,C00190,2025-01-06,UPI,Ahmedabad,Delivered,25.0
O01519,C02124,2025-11-07,Card,Kochi,Delivered,10.0
O01520,C02419,2025-03-07,Card,Mumbai,Delivered,25.0
O01521,C04995,2025-08-07,UPI,Chennai,Delivered,5.0
O01522,C02899,2025-05-26,Card,Hyderabad,Delivered,0.0
O01523,C04602,2025-08-22,Card,Hyderabad,Delivered,0.0
O01524,C01967,2025-01-29,Card,Jaipur,Delivered,0.0
O01525,C04279,2025-11-05,COD,Kolkata,Delivered,20.0
O01526,C04250,2025-06-10,COD,Pune,Delivered,10.0
O01527,C03412,2025-05-11,UPI,Jaipur,Delivered,5.0
O01528,C03947,2025-05-28,Card,Chennai,Delivered,15.0
O01529,C01047,2025-03-23,Card,Lucknow,Delivered,5.0
O01530,C02574,2025-12-27,UPI,Hyderabad,Delivered,0.0
O01531,C00606,2025-12-08,UPI,Bangalore,Delivered,10.0
O01532,C01367,2025-03-24,UPI,Pune,Delivered,0.0
O01533,C02927,2025-03-14,UPI,Chennai,Delivered,5.0
O01534,C01959,2025-12-21,COD,Kolkata,Delivered,15.0
O01535,C01065,2025-08-02,UPI,Delhi,Delivered,5.0
O01536,C00518,2025-01-26,UPI,Bangalore,Returned,0.0
O01537,C02455,2025-10-17,UPI,Chennai,Delivered,10.0
O01538,C04234,2025-03-12,Card,Delhi,Delivered,10.0
O01539,C03808,2025-12-16,UPI,Ahmedabad,Delivered,5.0
O01540,C02590,2025-06-26,UPI,Indore,Delivered,0.0
O01541,C02273,2025-03-30,UPI,Kolkata,Delivered,15.0
O01542,C02309,2025-06-26,UPI,Delhi,Delivered,0.0
O01543,C01103,2025-01-27,UPI,Indore,Delivered,25.0
O01544,C04793,2025-10-16,COD,Bangalore,Delivered,0.0
O01545,C00811,2025-11-24,UPI,Indore,Delivered,15.0
O01546,C03764,2025-11-01,UPI,Kochi,Delivered,0.0
O01547,C04569,2025-03-04,UPI,Mumbai,Delivered,10.0
O01548,C00077,2025-01-19,COD,Kochi,Delivered,5.0
O01549,C02310,2025-10-05,UPI,Mumbai,Delivered,0.0
O01550,C01026,2025-12-12,Net Banking,Bangalore,Delivered,20.0
O01551,C02065,2025-03-08,COD,Ahmedabad,Delivered,10.0
O01552,C04440,2025-08-26,Card,Chennai,Returned,5.0
O01553,C02742,2025-05-17,COD,Mumbai,Delivered,25.0
O01554,C04942,2025-06-12,Card,Ahmedabad,Delivered,0.0
O01555,C04000,2025-11-23,Card,Kochi,Delivered,5.0
O01556,C03229,2025-12-01,Card,Chennai,Returned,0.0
O01557,C04270,2025-10-20,Card,Kochi,Delivered,30.0
O01558,C03559,2025-01-28,UPI,Chennai,Delivered,10.0
O01559,C00846,2025-09-13,Card,Mumbai,Delivered,15.0
O01560,C00693,2025-10-18,Card,Ahmedabad,Delivered,0.0
O01561,C04049,2025-04-22,UPI,Delhi,Delivered,5.0
O01562,C01333,2025-08-28,Net Banking,Kolkata,Delivered,10.0
O01563,C03038,2025-08-31,UPI,Chennai,Delivered,0.0
O01564,C04333,2025-06-02,COD,Kochi,Delivered,10.0
O01565,C01275,2025-09-22,Card,Jaipur,Delivered,25.0
O01566,C01245,2025-02-21,Card,Mumbai,Delivered,25.0
O01567,C00338,2025-09-22,COD,Ahmedabad,Delivered,5.0
O01568,C03295,2025-02-23,COD,Chennai,Delivered,10.0
O01569,C00337,2025-05-13,UPI,Lucknow,Delivered,5.0
O01570,C01868,2025-07-10,Card,Jaipur,Cancelled,25.0
O01571,C04006,2025-05-04,UPI,Jaipur,Cancelled,10.0
O01572,C00495,2025-08-06,Card,Kochi,Delivered,5.0
O01573,C04643,2025-12-31,Net Banking,Indore,Delivered,20.0
O01574,C03887,2025-11-18,UPI,Delhi,Delivered,10.0
O01575,C00161,2025-10-28,UPI,Indore,Delivered,10.0
O01576,C02037,2025-03-12,Card,Jaipur,Delivered,20.0
O01577,C01742,2025-08-02,UPI,Pune,Delivered,5.0
O01578,C01508,2025-12-28,UPI,Jaipur,Delivered,10.0
O01579,C03561,2025-02-02,Card,Pune,Delivered,0.0
O01580,C01376,2025-12-02,Card,Ahmedabad,Delivered,
O01581,C01554,2025-06-20,Card,Kolkata,Delivered,0.0
O01582,C02282,2025-12-10,Card,Chennai,Delivered,10.0
O01583,C01869,2025-12-16,Net Banking,Indore,Delivered,5.0
O01584,C01602,2025-10-28,Net Banking,Hyderabad,Delivered,15.0
O01585,C03828,2025-10-18,Card,Kolkata,Delivered,15.0
O01586,C03481,2025-08-25,UPI,Ahmedabad,Delivered,15.0
O01587,C01300,2025-12-03,UPI,Chennai,Delivered,0.0
O01588,C00711,2025-04-12,COD,Delhi,Cancelled,10.0
O01589,C04168,2025-01-10,Card,Bangalore,Delivered,15.0
O01590,C02047,2025-02-10,Net Banking,Bangalore,Delivered,5.0
O01591,C02882,2025-05-06,Card,Ahmedabad,Delivered,5.0
O01592,C01818,2025-09-30,COD,Delhi,Delivered,15.0
O01593,C02199,2025-11-23,UPI,Lucknow,Delivered,5.0
O01594,C03333,2025-01-11,Card,Kochi,Delivered,5.0
O01595,C01104,2025-11-15,Card,Kolkata,Delivered,10.0
O01596,C03178,2025-07-14,COD,Pune,Returned,10.0
O01597,C03595,2025-01-20,Card,Bangalore,Cancelled,15.0
O01598,C03475,2025-09-30,UPI,Hyderabad,Delivered,0.0
O01599,C04816,2025-08-23,COD,Bangalore,Delivered,0.0
O01600,C02178,2025-08-15,Card,Delhi,Delivered,15.0
O01601,C01195,2025-08-15,UPI,Kolkata,Returned,10.0
O01602,C04502,2025-12-20,Card,Lucknow,Delivered,15.0
O01603,C00536,2025-12-07,Card,Pune,Delivered,10.0
O01604,C01070,2025-09-29,Card,Mumbai,Delivered,10.0
O01605,C04370,2025-10-06,COD,Ahmedabad,Delivered,5.0
O01606,C00133,2025-05-04,Card,Hyderabad,Delivered,15.0
O01607,C00264,2025-07-14,Card,Kochi,Delivered,10.0
O01608,C04463,2025-03-12,UPI,Mumbai,Delivered,5.0
O01609,C02053,2025-08-20,Card,Delhi,Delivered,5.0
O01610,C04947,2025-06-22,UPI,Kolkata,Delivered,0.0
O01611,C04090,2025-07-22,UPI,Hyderabad,Delivered,0.0
O01612,C02848,2025-02-02,UPI,Bangalore,Delivered,0.0
O01613,C00358,2025-07-30,UPI,Chennai,Delivered,10.0
O01614,C04421,2025-10-28,UPI,Ahmedabad,Cancelled,15.0
O01615,C00751,2025-07-01,Card,Indore,Delivered,10.0
O01616,C03251,2025-08-29,UPI,Pune,Delivered,10.0
O01617,C04352,2025-02-20,UPI,Lucknow,Delivered,0.0
O01618,C02259,2025-12-09,Net Banking,Delhi,Delivered,20.0
O01619,C00911,2025-01-29,Card,Lucknow,Delivered,15.0
O01620,C03811,2025-01-06,Card,Mumbai,Delivered,10.0
O01621,C00584,2025-05-13,UPI,Mumbai,Delivered,0.0
O01622,C03439,2025-04-06,Card,Kochi,Delivered,20.0
O01623,C00577,2025-12-12,Card,Chennai,Delivered,0.0
O01624,C02577,2025-03-23,Card,Ahmedabad,Delivered,15.0
O01625,C01872,2025-10-04,UPI,Hyderabad,Delivered,5.0
O01626,C01153,2025-11-11,Card,Hyderabad,Delivered,20.0
O01627,C04991,2025-08-05,Net Banking,Pune,Delivered,10.0
O01628,C01784,2025-10-07,COD,Bangalore,Delivered,5.0
O01629,C01094,2025-05-11,UPI,Delhi,Delivered,0.0
O01630,C02100,2025-03-27,Card,Lucknow,Delivered,5.0
O01631,C04533,2025-11-24,UPI,Chennai,Delivered,5.0
O01632,C02142,2025-11-09,Card,Pune,Cancelled,15.0
O01633,C02134,2025-04-03,Card,Hyderabad,Delivered,5.0
O01634,C00518,2025-03-12,Card,Bangalore,Delivered,5.0
O01635,C00742,2025-11-22,Card,Jaipur,Delivered,10.0
O01636,C02478,2025-11-22,COD,Delhi,Delivered,0.0
O01637,C04959,2025-11-28,COD,Indore,Delivered,15.0
O01638,C02877,2025-07-10,UPI,Pune,Delivered,0.0
O01639,C00043,2025-08-02,COD,Indore,Delivered,15.0
O01640,C03442,2025-02-16,COD,Bangalore,Delivered,5.0
O01641,C00404,2025-08-06,UPI,Bangalore,Delivered,10.0
O01642,C01327,2025-03-30,UPI,Lucknow,Delivered,10.0
O01643,C02217,2025-10-02,COD,Bangalore,Delivered,5.0
O01644,C02150,2025-08-15,Card,Indore,Delivered,5.0
O01645,C02394,2025-08-05,Card,Kolkata,Delivered,25.0
O01646,C02651,2025-08-28,Card,Bangalore,Delivered,5.0
O01647,C04538,2025-10-28,Net Banking,Bangalore,Delivered,5.0
O01648,C04346,2025-12-07,Net Banking,Jaipur,Delivered,5.0
O01649,C00878,2025-06-19,UPI,Ahmedabad,Delivered,15.0
O01650,C01887,2025-12-31,UPI,Chennai,Delivered,5.0
O01651,C01304,2025-08-20,Card,Mumbai,Delivered,0.0
O01652,C01741,2025-04-18,UPI,Pune,Delivered,10.0
O01653,C01113,2025-11-24,Card,Indore,Delivered,0.0
O01654,C03877,2025-08-21,COD,Bangalore,Cancelled,5.0
O01655,C01899,2025-06-19,COD,Lucknow,Delivered,20.0
O01656,C00248,2025-05-15,COD,Jaipur,Delivered,5.0
O01657,C03261,2025-05-11,UPI,Bangalore,Delivered,10.0
O01658,C00568,2025-02-06,COD,Delhi,Cancelled,15.0
O01659,C03810,2025-09-16,Card,Hyderabad,Delivered,10.0
O01660,C01189,2025-05-04,UPI,Kolkata,Delivered,0.0
O01661,C02596,2025-09-20,Card,Mumbai,Delivered,5.0
O01662,C01354,2025-12-19,COD,Chennai,Delivered,20.0
O01663,C03613,2025-08-05,Card,Kochi,Delivered,15.0
O01664,C00981,2025-06-19,Net Banking,Bangalore,Delivered,15.0
O01665,C04966,2025-04-08,Card,Bangalore,Delivered,10.0
O01666,C00169,2025-12-24,Card,Lucknow,Delivered,5.0
O01667,C03165,2025-07-05,UPI,Hyderabad,Delivered,15.0
O01668,C02672,2025-08-01,UPI,Lucknow,Delivered,15.0
O01669,C00379,2025-12-24,Card,Jaipur,Delivered,10.0
O01670,C01933,2025-11-08,Card,Kochi,Delivered,10.0
O01671,C00194,2025-08-20,Card,Pune,Delivered,5.0
O01672,C00264,2025-06-16,Card,Kochi,Delivered,10.0
O01673,C01472,2025-11-02,COD,Kolkata,Cancelled,10.0
O01674,C02016,2025-06-10,UPI,Ahmedabad,Delivered,5.0
O01675,C04617,2025-10-11,Card,Bangalore,Delivered,5.0
O01676,C01301,2025-07-03,Card,Chennai,Delivered,15.0
O01677,C03201,2025-01-25,UPI,Mumbai,Delivered,5.0
O01678,C03374,2025-05-22,Net Banking,Lucknow,Delivered,25.0
O01679,C00574,2025-07-02,COD,Delhi,Cancelled,10.0
O01680,C01538,2025-03-25,UPI,Kochi,Delivered,10.0
O01681,C01384,2025-08-19,COD,Kolkata,Cancelled,10.0
O01682,C01381,2025-08-11,Net Banking,Bangalore,Delivered,10.0
O01683,C03538,2025-06-07,COD,Chennai,Delivered,20.0
O01684,C03160,2025-11-14,Card,Kochi,Delivered,0.0
O01685,C01524,2025-07-04,Net Banking,Hyderabad,Delivered,5.0
O01686,C04992,2025-07-02,UPI,Lucknow,Delivered,5.0
O01687,C04613,2025-03-26,Card,Bangalore,Delivered,5.0
O01688,C03933,2025-03-06,UPI,Kolkata,Delivered,20.0
O01689,C03623,2025-02-21,Card,Mumbai,Delivered,0.0
O01690,C00896,2025-01-03,Net Banking,Bangalore,Delivered,5.0
O01691,C03394,2025-03-18,COD,Chennai,Delivered,15.0
O01692,C00465,2025-05-15,COD,Indore,Delivered,5.0
O01693,C01611,2025-11-22,UPI,Lucknow,Delivered,20.0
O01694,C00613,2025-03-11,Net Banking,Bangalore,Delivered,5.0
O01695,C03213,2025-06-11,UPI,Ahmedabad,Delivered,0.0
O01696,C00605,2025-04-06,UPI,Mumbai,Cancelled,10.0
O01697,C00621,2025-01-16,Card,Chennai,Delivered,10.0
O01698,C02603,2025-08-18,UPI,Delhi,Delivered,0.0
O01699,C02184,2025-09-24,UPI,Hyderabad,Delivered,15.0
O01700,C03801,2025-11-02,Net Banking,Hyderabad,Delivered,0.0
O01701,C00156,2025-12-09,Card,Ahmedabad,Delivered,5.0
O01702,C03354,2025-01-06,Net Banking,Lucknow,Delivered,10.0
O01703,C03912,2025-04-20,Card,Chennai,Delivered,20.0
O01704,C02918,2025-05-23,UPI,Chennai,Delivered,0.0
O01705,C03118,2025-06-04,UPI,Chennai,Delivered,20.0
O01706,C02716,2025-07-26,COD,Jaipur,Delivered,15.0
O01707,C04340,2025-06-15,UPI,Mumbai,Delivered,0.0
O01708,C00450,2025-09-17,Card,Delhi,Delivered,5.0
O01709,C04850,2025-06-22,UPI,Kolkata,Delivered,20.0
O01710,C04502,2025-05-01,Card,Pune,Delivered,0.0
O01711,C03962,2025-05-20,UPI,Kochi,Delivered,0.0
O01712,C01070,2025-06-17,UPI,Indore,Delivered,15.0
O01713,C04018,2025-03-25,COD,Bangalore,Delivered,10.0
O01714,C04845,2025-07-13,UPI,Delhi,Delivered,5.0
O01715,C03592,2025-10-03,Card,Kochi,Delivered,0.0
O01716,C02820,2025-09-25,COD,Pune,Returned,15.0
O01717,C02286,2025-02-07,Card,Ahmedabad,Delivered,10.0
O01718,C02036,2025-10-30,UPI,Mumbai,Delivered,5.0
O01719,C01191,2025-12-04,COD,Lucknow,Delivered,25.0
O01720,C01400,2025-08-30,Net Banking,Delhi,Delivered,10.0
O01721,C03741,2025-11-26,Card,Pune,Delivered,5.0
O01722,C02249,2025-07-18,Card,Pune,Delivered,15.0
O01723,C02794,2025-10-25,COD,Delhi,Delivered,10.0
O01724,C00724,2025-01-05,COD,Kochi,Delivered,0.0
O01725,C01442,2025-12-21,UPI,Chennai,Delivered,20.0
O01726,C04821,2025-04-13,Net Banking,Pune,Delivered,0.0
O01727,C00087,2025-05-18,UPI,Delhi,Delivered,30.0
O01728,C04150,2025-10-20,Net Banking,Ahmedabad,Delivered,5.0
O01729,C01752,2025-03-07,UPI,Indore,Delivered,10.0
O01730,C03421,2025-03-08,Card,Kolkata,Delivered,30.0
O01731,C04838,2025-09-27,COD,Lucknow,Delivered,5.0
O01732,C02484,2025-02-16,UPI,Pune,Delivered,10.0
O01733,C03213,2025-12-31,UPI,Mumbai,Delivered,15.0
O01734,C03923,2025-06-29,Card,Chennai,Returned,10.0
O01735,C02490,2025-03-09,Card,Hyderabad,Delivered,5.0
O01736,C01487,2025-04-25,UPI,Bangalore,Delivered,0.0
O01737,C03528,2025-01-26,Card,Lucknow,Delivered,10.0
O01738,C00073,2025-02-16,Card,Jaipur,Delivered,10.0
O01739,C00725,2025-07-26,UPI,Jaipur,Delivered,5.0
O01740,C03755,2025-03-14,Card,Kolkata,Delivered,5.0
O01741,C02996,2025-09-16,UPI,Chennai,Delivered,5.0
O01742,C04366,2025-01-30,UPI,Jaipur,Delivered,10.0
O01743,C00219,2025-01-03,Card,Kochi,Delivered,15.0
O01744,C00547,2025-01-09,COD,Lucknow,Delivered,5.0
O01745,C03730,2025-01-08,Card,Mumbai,Delivered,5.0
O01746,C01969,2025-01-09,UPI,Chennai,Cancelled,20.0
O01747,C04517,2025-06-01,Card,Kolkata,Delivered,15.0
O01748,C01260,2025-05-22,COD,Mumbai,Delivered,15.0
O01749,C02934,2025-12-02,Card,Mumbai,Delivered,15.0
O01750,C02510,2025-10-01,Card,Jaipur,Delivered,20.0
O01751,C04009,2025-01-27,Net Banking,Kochi,Delivered,15.0
O01752,C04073,2025-12-14,Card,Indore,Delivered,0.0
O01753,C04681,2025-03-12,COD,Ahmedabad,Delivered,0.0
O01754,C01563,2025-08-07,Card,Kochi,Delivered,5.0
O01755,C02086,2025-10-17,UPI,Kochi,Delivered,5.0
O01756,C01790,2025-09-13,UPI,Ahmedabad,Delivered,0.0
O01757,C03670,2025-04-13,Card,Ahmedabad,Delivered,15.0
O01758,C02482,2025-05-27,Card,Chennai,Returned,10.0
O01759,C03431,2025-06-07,Card,Kolkata,Delivered,15.0
O01760,C00205,2025-12-14,UPI,Kochi,Returned,0.0
O01761,C00742,2025-05-20,COD,Delhi,Delivered,5.0
O01762,C02889,2025-05-23,COD,Mumbai,Delivered,10.0
O01763,C03495,2025-04-19,Card,Kochi,Delivered,10.0
O01764,C04264,2025-12-25,Card,Chennai,Cancelled,15.0
O01765,C04738,2025-11-16,UPI,Ahmedabad,Delivered,25.0
O01766,C01106,2025-03-05,Card,Chennai,Delivered,0.0
O01767,C01824,2025-09-28,Card,Pune,Delivered,10.0
O01768,C02648,2025-07-05,Card,Chennai,Delivered,0.0
O01769,C04198,2025-12-22,Card,Kochi,Delivered,5.0
O01770,C00089,2025-11-19,Card,Jaipur,Delivered,15.0
O01771,C03382,2025-01-01,UPI,Ahmedabad,Cancelled,30.0
O01772,C04704,2025-01-07,UPI,Ahmedabad,Delivered,10.0
O01773,C03512,2025-01-01,COD,Bangalore,Delivered,5.0
O01774,C02207,2025-09-18,UPI,Chennai,Delivered,5.0
O01775,C03186,2025-02-16,UPI,Jaipur,Delivered,15.0
O01776,C04382,2025-12-22,Card,Lucknow,Delivered,20.0
O01777,C00865,2025-09-23,UPI,Ahmedabad,Delivered,20.0
O01778,C00055,2025-01-02,Card,Bangalore,Delivered,10.0
O01779,C04672,2025-01-23,Card,Jaipur,Delivered,10.0
O01780,C02081,2025-12-25,UPI,Kochi,Returned,20.0
O01781,C00558,2025-10-30,UPI,Bangalore,Cancelled,25.0
O01782,C04827,2025-03-25,UPI,Chennai,Delivered,25.0
O01783,C00993,2025-07-23,Card,Kochi,Delivered,15.0
O01784,C04897,2025-08-15,COD,Bangalore,Delivered,5.0
O01785,C04292,2025-09-09,UPI,Ahmedabad,Delivered,5.0
O01786,C00448,2025-11-01,Card,Lucknow,Delivered,5.0
O01787,C01822,2025-05-31,COD,Mumbai,Delivered,0.0
O01788,C03820,2025-09-04,UPI,Hyderabad,Delivered,5.0
O01789,C02973,2025-11-02,Card,Mumbai,Delivered,20.0
O01790,C00092,2025-01-17,Card,Mumbai,Cancelled,15.0
O01791,C00608,2025-10-31,Card,Bangalore,Delivered,0.0
O01792,C01252,2025-01-02,COD,Hyderabad,Cancelled,0.0
O01793,C00286,2025-07-16,UPI,Chennai,Delivered,30.0
O01794,C02922,2025-12-07,UPI,Kolkata,Delivered,5.0
O01795,C03307,2025-09-26,Card,Indore,Delivered,10.0
O01796,C00102,2025-03-02,UPI,Kolkata,Delivered,5.0
O01797,C03836,2025-09-24,UPI,Jaipur,Delivered,5.0
O01798,C04236,2025-04-07,COD,Lucknow,Delivered,10.0
O01799,C04931,2025-10-10,Card,Mumbai,Delivered,10.0
O01800,C01679,2025-09-04,Card,Kochi,Delivered,10.0
O01801,C03824,2025-02-04,UPI,Pune,Delivered,0.0
O01802,C00535,2025-10-01,UPI,Chennai,Delivered,5.0
O01803,C00016,2025-03-09,UPI,Kochi,Delivered,10.0
O01804,C00561,2025-07-08,COD,Jaipur,Cancelled,0.0
O01805,C02926,2025-02-10,Net Banking,Kolkata,Delivered,20.0
O01806,C02384,2025-04-06,Card,Hyderabad,Delivered,0.0
O01807,C00910,2025-06-20,UPI,Mumbai,Delivered,10.0
O01808,C01414,2025-03-08,COD,Bangalore,Delivered,0.0
O01809,C00119,2025-11-04,COD,Indore,Delivered,15.0
O01810,C04063,2025-04-29,Net Banking,Bangalore,Delivered,5.0
O01811,C03114,2025-12-07,Card,Kolkata,Delivered,0.0
O01812,C03061,2025-06-20,Card,Lucknow,Delivered,10.0
O01813,C01492,2025-07-05,Card,Jaipur,Delivered,30.0
O01814,C02097,2025-03-11,UPI,Delhi,Delivered,20.0
O01815,C02255,2025-09-02,Card,Indore,Delivered,15.0
O01816,C00514,2025-06-08,Card,Delhi,Delivered,0.0
O01817,C01234,2025-10-11,COD,Indore,Delivered,20.0
O01818,C04133,2025-04-17,Card,Indore,Delivered,20.0
O01819,C01480,2025-02-05,Card,Pune,Cancelled,0.0
O01820,C03350,2025-12-14,Card,Ahmedabad,Delivered,0.0
O01821,C01541,2025-07-14,UPI,Lucknow,Delivered,10.0
O01822,C00130,2025-09-25,COD,Hyderabad,Delivered,10.0
O01823,C03717,2025-03-17,Card,Bangalore,Delivered,5.0
O01824,C03744,2025-10-07,COD,Hyderabad,Delivered,5.0
O01825,C01772,2025-11-17,UPI,Ahmedabad,Delivered,10.0
O01826,C04455,2025-12-14,COD,Chennai,Delivered,15.0
O01827,C03076,2025-03-21,Card,Ahmedabad,Delivered,25.0
O01828,C00506,2025-04-08,Card,Indore,Delivered,5.0
O01829,C04914,2025-10-09,Net Banking,Bangalore,Delivered,15.0
O01830,C04890,2025-04-28,COD,Indore,Delivered,15.0
O01831,C00839,2025-08-11,Card,Kolkata,Delivered,10.0
O01832,C03872,2025-09-09,UPI,Indore,Delivered,25.0
O01833,C04719,2025-03-21,Net Banking,Jaipur,Delivered,0.0
O01834,C02677,2025-11-10,Net Banking,Kochi,Delivered,20.0
O01835,C00097,2025-06-19,UPI,Chennai,Delivered,20.0
O01836,C01964,2025-06-06,Card,Kochi,Delivered,0.0
O01837,C02867,2025-11-30,Card,Indore,Delivered,10.0
O01838,C04027,2025-11-24,UPI,Kochi,Delivered,10.0
O01839,C00599,2025-01-02,UPI,Delhi,Delivered,10.0
O01840,C02982,2025-07-22,Card,Delhi,Delivered,20.0
O01841,C03964,2025-09-15,Net Banking,Jaipur,Delivered,15.0
O01842,C00429,2025-09-08,UPI,Bangalore,Delivered,0.0
O01843,C03782,2025-05-26,COD,Lucknow,Delivered,25.0
O01844,C01325,2025-11-21,COD,Hyderabad,Delivered,0.0
O01845,C02591,2025-10-02,COD,Hyderabad,Cancelled,10.0
O01846,C02415,2025-01-19,UPI,Kochi,Returned,10.0
O01847,C01768,2025-09-09,Card,Ahmedabad,Delivered,0.0
O01848,C01517,2025-10-11,Card,Ahmedabad,Delivered,15.0
O01849,C01340,2025-11-27,Net Banking,Bangalore,Delivered,25.0
O01850,C04095,2025-02-19,Card,Pune,Cancelled,10.0
O01851,C04660,2025-11-07,UPI,Kochi,Delivered,10.0
O01852,C03404,2025-05-17,UPI,Bangalore,Delivered,5.0
O01853,C02547,2025-08-14,Card,Ahmedabad,Delivered,20.0
O01854,C00977,2025-08-09,Net Banking,Chennai,Delivered,25.0
O01855,C01615,2025-04-23,Card,Mumbai,Delivered,5.0
O01856,C01585,2025-05-29,Card,Delhi,Delivered,20.0
O01857,C04062,2025-02-17,UPI,Lucknow,Delivered,5.0
O01858,C04652,2025-02-27,COD,Jaipur,Delivered,10.0
O01859,C01271,2025-07-16,Card,Mumbai,Delivered,5.0
O01860,C00219,2025-08-13,Net Banking,Kolkata,Returned,5.0
O01861,C00534,2025-05-17,Card,Pune,Delivered,20.0
O01862,C01496,2025-07-14,Card,Ahmedabad,Delivered,15.0
O01863,C01374,2025-07-25,Card,Lucknow,Delivered,0.0
O01864,C04140,2025-01-18,UPI,Delhi,Delivered,15.0
O01865,C03824,2025-09-25,UPI,Kochi,Delivered,10.0
O01866,C03950,2025-08-03,UPI,Kochi,Delivered,15.0
O01867,C00065,2025-07-25,Card,Jaipur,Delivered,10.0
O01868,C04342,2025-05-04,Card,Ahmedabad,Delivered,5.0
O01869,C03143,2025-01-16,UPI,Hyderabad,Returned,10.0
O01870,C01725,2025-06-14,Card,Indore,Delivered,0.0
O01871,C02206,2025-05-28,Card,Ahmedabad,Delivered,5.0
O01872,C02986,2025-10-03,Card,Lucknow,Delivered,0.0
O01873,C03914,2025-08-21,UPI,Kochi,Delivered,10.0
O01874,C01049,2025-01-25,Card,Ahmedabad,Delivered,0.0
O01875,C03655,2025-09-25,UPI,Delhi,Delivered,15.0
O01876,C02873,2025-12-31,UPI,Pune,Delivered,20.0
O01877,C04256,2025-10-22,Card,Ahmedabad,Delivered,15.0
O01878,C01005,2025-03-12,UPI,Indore,Delivered,5.0
O01879,C02123,2025-07-19,COD,Hyderabad,Delivered,10.0
O01880,C04575,2025-02-16,Net Banking,Hyderabad,Delivered,15.0
O01881,C03982,2025-01-25,Card,Pune,Delivered,15.0
O01882,C04483,2025-08-01,UPI,Kolkata,Delivered,5.0
O01883,C00472,2025-02-02,Card,Kochi,Delivered,10.0
O01884,C03406,2025-08-02,Card,Kochi,Delivered,0.0
O01885,C00309,2025-07-30,UPI,Jaipur,Delivered,15.0
O01886,C02935,2025-01-29,UPI,Delhi,Delivered,10.0
O01887,C04797,2025-09-16,UPI,Pune,Delivered,0.0
O01888,C03048,2025-02-08,UPI,Jaipur,Delivered,10.0
O01889,C01922,2025-09-17,Card,Ahmedabad,Delivered,15.0
O01890,C03000,2025-06-14,COD,Pune,Delivered,0.0
O01891,C02018,2025-04-05,UPI,Chennai,Cancelled,10.0
O01892,C04882,2025-08-08,UPI,Mumbai,Cancelled,10.0
O01893,C01479,2025-09-25,UPI,Mumbai,Delivered,30.0
O01894,C02353,2025-04-28,Card,Kolkata,Delivered,5.0
O01895,C04198,2025-03-07,UPI,Chennai,Delivered,15.0
O01896,C04871,2025-07-12,UPI,Indore,Delivered,0.0
O01897,C03460,2025-11-16,UPI,Kolkata,Delivered,25.0
O01898,C03755,2025-02-04,Card,Lucknow,Delivered,5.0
O01899,C01232,2025-06-24,Card,Mumbai,Delivered,0.0
O01900,C03121,2025-04-22,COD,Kolkata,Delivered,5.0
O01901,C00572,2025-11-04,Card,Lucknow,Delivered,0.0
O01902,C03590,2025-10-17,UPI,Chennai,Cancelled,0.0
O01903,C00148,2025-12-06,COD,Kolkata,Delivered,10.0
O01904,C03444,2025-03-21,UPI,Hyderabad,Cancelled,25.0
O01905,C00597,2025-04-21,Card,Kochi,Delivered,10.0
O01906,C01071,2025-04-02,UPI,Pune,Delivered,15.0
O01907,C03746,2025-07-05,UPI,Chennai,Delivered,15.0
O01908,C04251,2025-02-10,Card,Jaipur,Delivered,0.0
O01909,C04326,2025-03-28,UPI,Kolkata,Delivered,5.0
O01910,C03372,2025-08-12,UPI,Lucknow,Delivered,30.0
O01911,C00158,2025-02-20,UPI,Kochi,Delivered,0.0
O01912,C00923,2025-05-06,COD,Mumbai,Delivered,10.0
O01913,C03319,2025-05-26,UPI,Lucknow,Delivered,20.0
O01914,C02347,2025-02-10,Card,Kochi,Returned,5.0
O01915,C04051,2025-12-21,COD,Ahmedabad,Delivered,30.0
O01916,C01247,2025-12-29,UPI,Kolkata,Delivered,10.0
O01917,C00766,2025-01-24,COD,Kolkata,Cancelled,20.0
O01918,C03652,2025-10-30,COD,Delhi,Delivered,10.0
O01919,C02613,2025-10-11,Net Banking,Indore,Delivered,5.0
O01920,C04563,2025-02-05,Card,Jaipur,Delivered,15.0
O01921,C03829,2025-10-04,UPI,Kolkata,Delivered,25.0
O01922,C04582,2025-07-03,Card,Mumbai,Delivered,5.0
O01923,C00444,2025-11-21,UPI,Lucknow,Delivered,20.0
O01924,C00905,2025-06-03,UPI,Bangalore,Delivered,15.0
O01925,C02911,2025-07-01,UPI,Indore,Delivered,5.0
O01926,C03210,2025-10-27,COD,Bangalore,Delivered,0.0
O01927,C01802,2025-06-03,UPI,Ahmedabad,Delivered,5.0
O01928,C00926,2025-05-30,Card,Bangalore,Delivered,20.0
O01929,C03722,2025-01-02,UPI,Chennai,Delivered,0.0
O01930,C04388,2025-10-24,Card,Ahmedabad,Delivered,10.0
O01931,C00752,2025-02-23,Card,Pune,Delivered,10.0
O01932,C01235,2025-09-03,UPI,Pune,Delivered,15.0
O01933,C02923,2025-02-15,UPI,Ahmedabad,Delivered,25.0
O01934,C00663,2025-03-16,UPI,Lucknow,Delivered,15.0
O01935,C03196,2025-05-29,UPI,Delhi,Delivered,10.0
O01936,C01585,2025-01-03,Card,Chennai,Delivered,20.0
O01937,C00920,2025-01-09,Net Banking,Mumbai,Delivered,15.0
O01938,C04220,2025-01-02,Card,Chennai,Delivered,20.0
O01939,C00068,2025-08-26,COD,Chennai,Delivered,15.0
O01940,C04571,2025-01-28,Net Banking,Mumbai,Delivered,15.0
O01941,C04454,2025-10-17,Card,Kochi,Delivered,0.0
O01942,C01767,2025-06-30,UPI,Indore,Delivered,0.0
O01943,C01954,2025-11-11,Net Banking,Hyderabad,Delivered,25.0
O01944,C02569,2025-09-23,Card,Bangalore,Delivered,5.0
O01945,C03709,2025-03-24,Net Banking,Ahmedabad,Delivered,0.0
O01946,C04929,2025-12-15,Card,Lucknow,Delivered,0.0
O01947,C02672,2025-09-10,COD,Bangalore,Delivered,15.0
O01948,C03400,2025-09-15,COD,Delhi,Delivered,0.0
O01949,C01354,2025-02-17,COD,Bangalore,Delivered,15.0
O01950,C00443,2025-05-14,Card,Mumbai,Delivered,10.0
O01951,C00601,2025-10-27,Card,Pune,Delivered,0.0
O01952,C03167,2025-07-18,COD,Pune,Cancelled,0.0
O01953,C03943,2025-10-19,COD,Lucknow,Delivered,0.0
O01954,C02810,2025-05-16,UPI,Chennai,Delivered,5.0
O01955,C03389,2025-03-24,Card,Chennai,Delivered,10.0
O01956,C04583,2025-09-23,Card,Pune,Delivered,5.0
O01957,C02787,2025-12-24,UPI,Kochi,Delivered,15.0
O01958,C02696,2025-08-07,UPI,Lucknow,Returned,25.0
O01959,C03649,2025-12-15,UPI,Indore,Delivered,20.0
O01960,C02053,2025-01-19,COD,Kochi,Delivered,15.0
O01961,C00632,2025-01-18,UPI,Chennai,Delivered,25.0
O01962,C03443,2025-06-28,Card,Ahmedabad,Delivered,10.0
O01963,C01755,2025-01-23,COD,Delhi,Delivered,15.0
O01964,C03034,2025-11-11,UPI,Mumbai,Delivered,15.0
O01965,C01579,2025-09-01,UPI,Kochi,Delivered,25.0
O01966,C00026,2025-04-17,Net Banking,Kolkata,Delivered,10.0
O01967,C02210,2025-05-11,Card,Pune,Delivered,5.0
O01968,C02903,2025-01-10,UPI,Jaipur,Delivered,5.0
O01969,C01130,2025-07-18,COD,Delhi,Delivered,5.0
O01970,C04997,2025-11-01,COD,Lucknow,Delivered,15.0
O01971,C04105,2025-11-08,COD,Delhi,Cancelled,15.0
O01972,C04146,2025-03-31,UPI,Lucknow,Delivered,5.0
O01973,C00442,2025-05-24,Card,Pune,Delivered,20.0
O01974,C03896,2025-10-22,Card,Bangalore,Delivered,30.0
O01975,C04798,2025-04-19,UPI,Pune,Delivered,15.0
O01976,C04850,2025-12-18,UPI,Mumbai,Delivered,0.0
O01977,C01829,2025-07-23,UPI,Kochi,Delivered,10.0
O01978,C01536,2025-02-13,Card,Bangalore,Delivered,25.0
O01979,C04326,2025-01-08,UPI,Kochi,Delivered,5.0
O01980,C00560,2025-10-28,UPI,Jaipur,Delivered,10.0
O01981,C01174,2025-12-19,COD,Bangalore,Delivered,5.0
O01982,C01879,2025-06-02,Card,Ahmedabad,Returned,20.0
O01983,C02256,2025-01-17,UPI,Kochi,Cancelled,20.0
O01984,C01085,2025-12-05,Card,Pune,Delivered,5.0
O01985,C03915,2025-08-25,Card,Kochi,Delivered,5.0
O01986,C00239,2025-12-01,Card,Jaipur,Delivered,
O01987,C02915,2025-02-25,UPI,Indore,Delivered,5.0
O01988,C02096,2025-02-13,UPI,Chennai,Delivered,15.0
O01989,C01472,2025-11-05,Card,Delhi,Delivered,0.0
O01990,C02046,2025-08-29,Net Banking,Bangalore,Delivered,5.0
O01991,C04613,2025-02-08,UPI,Mumbai,Delivered,15.0
O01992,C03684,2025-05-10,Card,Hyderabad,Delivered,10.0
O01993,C00205,2025-04-08,UPI,Ahmedabad,Cancelled,30.0
O01994,C03601,2025-10-08,UPI,Jaipur,Delivered,5.0
O01995,C02138,2025-03-21,UPI,Ahmedabad,Delivered,0.0
O01996,C01214,2025-10-15,COD,Mumbai,Delivered,15.0
O01997,C03835,2025-12-01,UPI,Bangalore,Delivered,0.0
O01998,C03092,2025-08-22,UPI,Kochi,Delivered,0.0
O01999,C01383,2025-11-30,COD,Kolkata,Delivered,10.0
O02000,C03681,2025-06-18,UPI,Chennai,Cancelled,10.0
O02001,C01680,2025-03-20,UPI,Kochi,Delivered,5.0
O02002,C00007,2025-03-12,UPI,Hyderabad,Returned,10.0
O02003,C01886,2025-09-20,Net Banking,Kolkata,Delivered,20.0
O02004,C03499,2025-07-19,UPI,Chennai,Delivered,15.0
O02005,C00296,2025-07-30,Net Banking,Ahmedabad,Delivered,10.0
O02006,C00264,2025-01-18,UPI,Kochi,Delivered,5.0
O02007,C02138,2025-09-30,UPI,Delhi,Delivered,10.0
O02008,C04949,2025-07-29,COD,Bangalore,Delivered,0.0
O02009,C03866,2025-04-27,Card,Jaipur,Cancelled,15.0
O02010,C04497,2025-04-14,UPI,Jaipur,Delivered,15.0
O02011,C04453,2025-03-18,Card,Mumbai,Delivered,0.0
O02012,C02547,2025-11-11,UPI,Delhi,Delivered,10.0
O02013,C04930,2025-01-11,Card,Ahmedabad,Delivered,0.0
O02014,C04531,2025-02-20,Card,Delhi,Cancelled,25.0
O02015,C00119,2025-01-07,UPI,Delhi,Delivered,20.0
O02016,C02396,2025-02-06,COD,Hyderabad,Delivered,0.0
O02017,C03368,2025-09-18,Card,Hyderabad,Delivered,25.0
O02018,C01703,2025-03-03,UPI,Pune,Delivered,0.0
O02019,C00530,2025-07-19,UPI,Kochi,Delivered,0.0
O02020,C03675,2025-11-26,COD,Kolkata,Delivered,0.0
O02021,C00303,2025-03-31,UPI,Chennai,Delivered,15.0
O02022,C04068,2025-03-20,Card,Kochi,Delivered,25.0
O02023,C04252,2025-02-24,Net Banking,Delhi,Delivered,0.0
O02024,C03969,2025-08-09,Card,Mumbai,Delivered,30.0
O02025,C00014,2025-04-02,Card,Delhi,Returned,5.0
O02026,C02804,2025-03-15,UPI,Indore,Delivered,15.0
O02027,C00889,2025-02-25,Card,Delhi,Delivered,30.0
O02028,C03529,2025-08-20,UPI,Mumbai,Delivered,0.0
O02029,C01197,2025-06-28,COD,Bangalore,Returned,10.0
O02030,C04541,2025-03-02,UPI,Lucknow,Delivered,15.0
O02031,C02170,2025-12-26,UPI,Delhi,Delivered,5.0
O02032,C03569,2025-04-27,UPI,Bangalore,Delivered,0.0
O02033,C02232,2025-03-19,UPI,Ahmedabad,Delivered,10.0
O02034,C01844,2025-08-24,UPI,Chennai,Delivered,0.0
O02035,C03652,2025-02-02,COD,Indore,Delivered,25.0
O02036,C03877,2025-02-24,Net Banking,Hyderabad,Delivered,10.0
O02037,C02719,2025-08-31,Card,Indore,Delivered,20.0
O02038,C00049,2025-10-01,UPI,Kochi,Delivered,20.0
O02039,C00181,2025-03-15,UPI,Pune,Delivered,0.0
O02040,C03879,2025-01-21,Net Banking,Pune,Delivered,10.0
O02041,C01418,2025-12-19,UPI,Kolkata,Delivered,20.0
O02042,C03465,2025-07-20,Card,Hyderabad,Delivered,5.0
O02043,C03420,2025-06-03,UPI,Ahmedabad,Cancelled,5.0
O02044,C00530,2025-09-11,Net Banking,Hyderabad,Delivered,15.0
O02045,C04680,2025-07-26,UPI,Pune,Delivered,15.0
O02046,C01287,2025-05-29,UPI,Delhi,Delivered,10.0
O02047,C02191,2025-07-02,Card,Jaipur,Delivered,5.0
O02048,C00707,2025-10-29,UPI,Kochi,Delivered,0.0
O02049,C03218,2025-10-24,Card,Mumbai,Delivered,25.0
O02050,C00294,2025-09-18,UPI,Lucknow,Delivered,5.0
O02051,C01562,2025-02-13,Card,Ahmedabad,Delivered,15.0
O02052,C04518,2025-05-24,UPI,Ahmedabad,Delivered,5.0
O02053,C02612,2025-09-01,Card,Indore,Delivered,10.0
O02054,C00661,2025-01-05,COD,Mumbai,Delivered,5.0
O02055,C03179,2025-03-03,Net Banking,Jaipur,Delivered,0.0
O02056,C03390,2025-12-12,COD,Delhi,Delivered,5.0
O02057,C02107,2025-01-26,COD,Kochi,Cancelled,25.0
O02058,C03064,2025-11-13,Card,Hyderabad,Cancelled,0.0
O02059,C02841,2025-11-21,UPI,Lucknow,Delivered,10.0
O02060,C03497,2025-07-03,Card,Kolkata,Returned,25.0
O02061,C02579,2025-11-02,UPI,Chennai,Delivered,0.0
O02062,C02052,2025-02-05,UPI,Delhi,Delivered,0.0
O02063,C02410,2025-01-30,Card,Indore,Delivered,20.0
O02064,C02954,2025-03-10,Card,Kochi,Delivered,15.0
O02065,C00369,2025-08-20,UPI,Ahmedabad,Delivered,10.0
O02066,C00539,2025-06-25,COD,Kochi,Delivered,10.0
O02067,C02928,2025-10-05,Net Banking,Indore,Delivered,25.0
O02068,C02394,2025-02-02,Card,Kochi,Delivered,0.0
O02069,C00731,2025-03-10,Card,Ahmedabad,Delivered,5.0
O02070,C00897,2025-12-18,UPI,Pune,Delivered,5.0
O02071,C04660,2025-09-12,Net Banking,Pune,Returned,0.0
O02072,C02369,2025-02-19,UPI,Mumbai,Delivered,5.0
O02073,C04560,2025-01-23,COD,Kochi,Delivered,5.0
O02074,C02681,2025-09-11,Net Banking,Indore,Delivered,25.0
O02075,C02381,2025-06-13,Card,Hyderabad,Delivered,10.0
O02076,C00015,2025-09-30,COD,Kolkata,Delivered,25.0
O02077,C03129,2025-06-30,Card,Lucknow,Delivered,15.0
O02078,C01354,2025-12-13,COD,Jaipur,Delivered,15.0
O02079,C03136,2025-09-07,COD,Chennai,Delivered,5.0
O02080,C02278,2025-08-25,UPI,Hyderabad,Delivered,10.0
O02081,C00011,2025-08-20,UPI,Pune,Delivered,0.0
O02082,C01657,2025-05-02,Card,Mumbai,Delivered,5.0
O02083,C01248,2025-08-30,COD,Bangalore,Delivered,20.0
O02084,C01661,2025-05-14,COD,Hyderabad,Delivered,15.0
O02085,C01764,2025-03-12,COD,Jaipur,Cancelled,15.0
O02086,C00542,2025-12-12,UPI,Pune,Delivered,5.0
O02087,C01530,2025-11-06,Card,Indore,Delivered,5.0
O02088,C01181,2025-10-06,Card,Indore,Returned,15.0
O02089,C02689,2025-08-07,Card,Jaipur,Delivered,15.0
O02090,C02618,2025-07-04,UPI,Indore,Delivered,5.0
O02091,C02755,2025-11-03,Card,Lucknow,Returned,15.0
O02092,C00929,2025-11-10,Card,Delhi,Delivered,5.0
O02093,C01427,2025-08-05,Card,Chennai,Delivered,20.0
O02094,C03660,2025-10-08,Card,Hyderabad,Delivered,5.0
O02095,C02234,2025-10-08,Card,Hyderabad,Delivered,5.0
O02096,C03910,2025-05-05,UPI,Chennai,Delivered,5.0
O02097,C04991,2025-06-28,COD,Mumbai,Delivered,20.0
O02098,C02062,2025-11-23,UPI,Lucknow,Delivered,20.0
O02099,C04098,2025-02-04,COD,Kochi,Delivered,10.0
O02100,C02564,2025-03-11,UPI,Delhi,Delivered,5.0
O02101,C02804,2025-12-26,Card,Hyderabad,Delivered,5.0
O02102,C02294,2025-06-27,COD,Jaipur,Delivered,5.0
O02103,C01626,2025-02-18,UPI,Kochi,Cancelled,0.0
O02104,C00572,2025-03-09,Net Banking,Ahmedabad,Delivered,0.0
O02105,C04532,2025-01-07,UPI,Ahmedabad,Delivered,25.0
O02106,C02401,2025-04-04,UPI,Ahmedabad,Delivered,15.0
O02107,C01712,2025-03-22,COD,Lucknow,Delivered,15.0
O02108,C00383,2025-09-07,Card,Hyderabad,Delivered,10.0
O02109,C01084,2025-02-07,UPI,Indore,Delivered,5.0
O02110,C01950,2025-12-16,Net Banking,Lucknow,Delivered,0.0
O02111,C02518,2025-02-14,Card,Delhi,Delivered,10.0
O02112,C04170,2025-12-25,UPI,Chennai,Delivered,15.0
O02113,C03498,2025-05-17,COD,Ahmedabad,Delivered,5.0
O02114,C03315,2025-11-07,Card,Delhi,Delivered,5.0
O02115,C04931,2025-11-04,UPI,Bangalore,Delivered,25.0
O02116,C02676,2025-11-01,COD,Indore,Delivered,20.0
O02117,C03395,2025-08-17,COD,Bangalore,Delivered,15.0
O02118,C01204,2025-07-02,Card,Pune,Delivered,0.0
O02119,C00774,2025-11-22,COD,Hyderabad,Delivered,0.0
O02120,C03057,2025-07-23,COD,Chennai,Delivered,5.0
O02121,C02314,2025-04-21,UPI,Ahmedabad,Delivered,5.0
O02122,C02598,2025-03-09,COD,Ahmedabad,Delivered,0.0
O02123,C01404,2025-12-23,UPI,Lucknow,Delivered,5.0
O02124,C04173,2025-02-07,Card,Bangalore,Delivered,10.0
O02125,C03062,2025-07-17,Net Banking,Pune,Cancelled,0.0
O02126,C03326,2025-11-01,COD,Lucknow,Delivered,10.0
O02127,C01404,2025-04-02,UPI,Mumbai,Delivered,10.0
O02128,C03321,2025-09-21,Card,Kolkata,Returned,0.0
O02129,C00870,2025-08-31,Card,Bangalore,Cancelled,15.0
O02130,C01084,2025-04-26,UPI,Mumbai,Delivered,0.0
O02131,C00974,2025-04-05,COD,Kochi,Delivered,10.0
O02132,C01226,2025-08-01,COD,Jaipur,Delivered,30.0
O02133,C01803,2025-09-03,COD,Indore,Delivered,0.0
O02134,C02965,2025-06-22,Card,Bangalore,Delivered,5.0
O02135,C01189,2025-10-12,UPI,Pune,Returned,0.0
O02136,C03444,2025-03-20,COD,Kolkata,Delivered,5.0
O02137,C03935,2025-10-07,UPI,Pune,Delivered,20.0
O02138,C04410,2025-05-29,UPI,Pune,Delivered,25.0
O02139,C01322,2025-10-06,Net Banking,Lucknow,Delivered,20.0
O02140,C02024,2025-12-17,COD,Kochi,Delivered,15.0
O02141,C04732,2025-08-14,Card,Delhi,Delivered,15.0
O02142,C04513,2025-11-19,UPI,Mumbai,Delivered,0.0
O02143,C00439,2025-04-28,UPI,Delhi,Delivered,5.0
O02144,C00165,2025-03-14,Card,Chennai,Delivered,5.0
O02145,C03338,2025-01-06,Card,Ahmedabad,Delivered,0.0
O02146,C03351,2025-11-17,Card,Lucknow,Delivered,20.0
O02147,C00988,2025-01-22,COD,Jaipur,Delivered,5.0
O02148,C02530,2025-06-28,Card,Kolkata,Returned,0.0
O02149,C04613,2025-07-15,Card,Hyderabad,Delivered,0.0
O02150,C04178,2025-04-19,COD,Kolkata,Delivered,25.0
O02151,C04215,2025-07-04,Card,Jaipur,Delivered,20.0
O02152,C03846,2025-02-24,Net Banking,Chennai,Delivered,25.0
O02153,C01327,2025-08-17,COD,Mumbai,Delivered,25.0
O02154,C03287,2025-01-19,UPI,Bangalore,Delivered,15.0
O02155,C00028,2025-12-30,Net Banking,Chennai,Delivered,5.0
O02156,C02025,2025-08-04,UPI,Ahmedabad,Delivered,5.0
O02157,C04594,2025-02-17,Net Banking,Lucknow,Delivered,10.0
O02158,C00194,2025-06-09,Card,Lucknow,Delivered,15.0
O02159,C00592,2025-09-30,Card,Hyderabad,Delivered,25.0
O02160,C02490,2025-04-06,UPI,Lucknow,Delivered,10.0
O02161,C01858,2025-01-30,UPI,Indore,Delivered,5.0
O02162,C00113,2025-05-01,UPI,Pune,Delivered,5.0
O02163,C01318,2025-12-20,COD,Jaipur,Delivered,5.0
O02164,C01738,2025-07-09,Card,Kolkata,Delivered,0.0
O02165,C02062,2025-06-01,Card,Chennai,Delivered,5.0
O02166,C01691,2025-09-12,Net Banking,Jaipur,Returned,5.0
O02167,C03669,2025-07-10,UPI,Delhi,Delivered,15.0
O02168,C01395,2025-05-22,COD,Bangalore,Delivered,10.0
O02169,C03169,2025-09-03,Card,Ahmedabad,Delivered,5.0
O02170,C03560,2025-02-03,UPI,Jaipur,Cancelled,10.0
O02171,C02237,2025-07-06,COD,Lucknow,Delivered,15.0
O02172,C03884,2025-03-27,Card,Kochi,Delivered,10.0
O02173,C03252,2025-06-10,UPI,Lucknow,Delivered,0.0
O02174,C03933,2025-12-30,Card,Indore,Delivered,5.0
O02175,C03015,2025-04-28,COD,Kochi,Delivered,5.0
O02176,C03487,2025-04-21,UPI,Kolkata,Delivered,5.0
O02177,C01129,2025-02-27,Card,Indore,Delivered,0.0
O02178,C01697,2025-01-18,COD,Hyderabad,Returned,15.0
O02179,C00133,2025-12-25,COD,Pune,Delivered,10.0
O02180,C04666,2025-05-20,COD,Pune,Cancelled,20.0
O02181,C04221,2025-07-13,UPI,Ahmedabad,Delivered,10.0
O02182,C03540,2025-05-10,Card,Hyderabad,Delivered,30.0
O02183,C02989,2025-07-31,COD,Pune,Delivered,15.0
O02184,C04303,2025-10-11,UPI,Jaipur,Delivered,20.0
O02185,C03294,2025-04-30,Card,Hyderabad,Delivered,25.0
O02186,C00312,2025-02-11,COD,Mumbai,Returned,10.0
O02187,C02430,2025-01-03,COD,Kolkata,Delivered,10.0
O02188,C01786,2025-08-17,UPI,Chennai,Delivered,20.0
O02189,C04392,2025-08-17,UPI,Ahmedabad,Delivered,10.0
O02190,C00402,2025-12-09,Card,Kolkata,Returned,0.0
O02191,C01597,2025-05-21,Card,Bangalore,Delivered,15.0
O02192,C00122,2025-02-26,COD,Bangalore,Delivered,25.0
O02193,C00751,2025-08-04,UPI,Mumbai,Delivered,15.0
O02194,C00106,2025-05-11,UPI,Ahmedabad,Delivered,15.0
O02195,C01060,2025-04-24,Card,Delhi,Delivered,0.0
O02196,C04168,2025-07-10,COD,Hyderabad,Delivered,15.0
O02197,C04664,2025-08-31,COD,Pune,Delivered,0.0
O02198,C03239,2025-10-21,Card,Lucknow,Delivered,25.0
O02199,C01245,2025-11-11,Net Banking,Bangalore,Delivered,20.0
O02200,C00076,2025-01-28,Card,Chennai,Returned,30.0
O02201,C01010,2025-01-26,Card,Mumbai,Delivered,5.0
O02202,C03283,2025-03-25,UPI,Pune,Cancelled,10.0
O02203,C02276,2025-12-13,Net Banking,Indore,Delivered,10.0
O02204,C03809,2025-11-17,Card,Indore,Delivered,10.0
O02205,C00453,2025-11-26,UPI,Delhi,Delivered,10.0
O02206,C00766,2025-07-21,UPI,Jaipur,Delivered,30.0
O02207,C04583,2025-03-02,UPI,Bangalore,Delivered,20.0
O02208,C02716,2025-07-04,UPI,Mumbai,Delivered,10.0
O02209,C01498,2025-09-03,UPI,Jaipur,Delivered,10.0
O02210,C03947,2025-01-01,Net Banking,Pune,Delivered,15.0
O02211,C03733,2025-08-31,UPI,Delhi,Delivered,10.0
O02212,C04926,2025-02-01,Card,Lucknow,Delivered,15.0
O02213,C02839,2025-08-23,UPI,Ahmedabad,Delivered,15.0
O02214,C00490,2025-01-17,COD,Chennai,Delivered,25.0
O02215,C02424,2025-03-30,Card,Mumbai,Delivered,20.0
O02216,C01936,2025-02-21,UPI,Kochi,Delivered,0.0
O02217,C02750,2025-06-13,COD,Bangalore,Delivered,10.0
O02218,C03297,2025-10-30,COD,Hyderabad,Delivered,10.0
O02219,C04571,2025-02-01,Net Banking,Kolkata,Delivered,5.0
O02220,C03692,2025-07-17,UPI,Mumbai,Delivered,10.0
O02221,C01104,2025-12-17,Card,Bangalore,Delivered,25.0
O02222,C01600,2025-07-20,Net Banking,Pune,Delivered,5.0
O02223,C03282,2025-04-17,COD,Kolkata,Delivered,5.0
O02224,C03161,2025-12-02,COD,Bangalore,Delivered,20.0
O02225,C03946,2025-12-11,Card,Kochi,Delivered,0.0
O02226,C00226,2025-10-23,Card,Bangalore,Delivered,20.0
O02227,C04804,2025-01-28,COD,Pune,Delivered,5.0
O02228,C01715,2025-12-03,UPI,Chennai,Delivered,10.0
O02229,C04150,2025-10-14,Card,Bangalore,Delivered,10.0
O02230,C02244,2025-04-29,COD,Lucknow,Delivered,10.0
O02231,C02893,2025-12-09,UPI,Jaipur,Delivered,25.0
O02232,C02346,2025-01-31,UPI,Delhi,Delivered,0.0
O02233,C00579,2025-06-03,UPI,Kochi,Delivered,15.0
O02234,C01699,2025-09-17,COD,Bangalore,Delivered,20.0
O02235,C04596,2025-04-17,COD,Mumbai,Delivered,10.0
O02236,C02672,2025-09-08,Card,Kochi,Delivered,25.0
O02237,C04302,2025-12-29,COD,Hyderabad,Delivered,10.0
O02238,C02928,2025-04-17,Card,Delhi,Delivered,15.0
O02239,C00279,2025-04-27,COD,Kochi,Delivered,15.0
O02240,C01469,2025-09-02,UPI,Ahmedabad,Delivered,0.0
O02241,C04773,2025-03-20,Card,Bangalore,Delivered,10.0
O02242,C00941,2025-08-17,UPI,Bangalore,Delivered,5.0
O02243,C02319,2025-01-23,UPI,Ahmedabad,Delivered,10.0
O02244,C04537,2025-07-16,UPI,Lucknow,Delivered,20.0
O02245,C01784,2025-12-27,Card,Bangalore,Delivered,10.0
O02246,C01876,2025-07-07,COD,Lucknow,Delivered,10.0
O02247,C04644,2025-08-05,Card,Kolkata,Delivered,15.0
O02248,C03227,2025-09-04,UPI,Lucknow,Delivered,10.0
O02249,C03729,2025-06-03,Net Banking,Hyderabad,Delivered,10.0
O02250,C00986,2025-07-14,UPI,Bangalore,Delivered,5.0
O02251,C02820,2025-04-26,Net Banking,Kolkata,Delivered,15.0
O02252,C03971,2025-07-15,Net Banking,Chennai,Delivered,15.0
O02253,C02067,2025-02-24,Card,Bangalore,Delivered,10.0
O02254,C00425,2025-06-24,UPI,Mumbai,Delivered,0.0
O02255,C02106,2025-05-24,Card,Mumbai,Cancelled,10.0
O02256,C02471,2025-11-10,COD,Hyderabad,Delivered,10.0
O02257,C03795,2025-12-29,Card,Mumbai,Cancelled,10.0
O02258,C02892,2025-08-05,UPI,Hyderabad,Delivered,5.0
O02259,C01684,2025-09-14,COD,Jaipur,Delivered,20.0
O02260,C03174,2025-05-07,Card,Mumbai,Delivered,10.0
O02261,C03148,2025-06-22,UPI,Pune,Delivered,15.0
O02262,C04062,2025-04-04,Net Banking,Lucknow,Delivered,10.0
O02263,C04052,2025-08-07,Net Banking,Bangalore,Delivered,15.0
O02264,C03652,2025-02-21,UPI,Jaipur,Delivered,20.0
O02265,C04162,2025-01-19,UPI,Kolkata,Delivered,5.0
O02266,C04911,2025-12-24,Card,Chennai,Delivered,20.0
O02267,C01175,2025-08-25,UPI,Kolkata,Delivered,15.0
O02268,C02950,2025-06-20,UPI,Kochi,Delivered,10.0
O02269,C01810,2025-10-02,COD,Jaipur,Delivered,10.0
O02270,C00437,2025-10-22,Net Banking,Bangalore,Delivered,5.0
O02271,C04886,2025-12-30,UPI,Kochi,Delivered,10.0
O02272,C00235,2025-06-09,COD,Hyderabad,Delivered,5.0
O02273,C04771,2025-08-28,UPI,Indore,Delivered,20.0
O02274,C02146,2025-03-06,UPI,Chennai,Delivered,10.0
O02275,C03576,2025-08-05,UPI,Ahmedabad,Delivered,5.0
O02276,C04857,2025-02-16,UPI,Mumbai,Delivered,0.0
O02277,C03562,2025-03-15,Card,Indore,Delivered,15.0
O02278,C02475,2025-06-13,COD,Kolkata,Delivered,15.0
O02279,C00227,2025-07-17,Card,Chennai,Delivered,5.0
O02280,C02611,2025-11-24,Card,Ahmedabad,Delivered,0.0
O02281,C02276,2025-05-28,UPI,Bangalore,Delivered,15.0
O02282,C04802,2025-03-27,COD,Pune,Delivered,5.0
O02283,C01816,2025-01-09,UPI,Ahmedabad,Delivered,20.0
O02284,C03855,2025-09-10,UPI,Bangalore,Returned,15.0
O02285,C03996,2025-08-20,UPI,Chennai,Delivered,20.0
O02286,C01411,2025-09-04,UPI,Hyderabad,Delivered,30.0
O02287,C04765,2025-01-01,Card,Kochi,Returned,5.0
O02288,C03380,2025-09-24,UPI,Chennai,Returned,10.0
O02289,C01846,2025-04-15,COD,Jaipur,Delivered,10.0
O02290,C01338,2025-08-22,COD,Kolkata,Delivered,0.0
O02291,C00118,2025-09-14,UPI,Mumbai,Delivered,10.0
O02292,C01869,2025-03-22,Card,Jaipur,Delivered,10.0
O02293,C02098,2025-05-03,Card,Mumbai,Delivered,0.0
O02294,C01814,2025-06-21,Net Banking,Mumbai,Delivered,20.0
O02295,C01588,2025-11-03,UPI,Indore,Delivered,5.0
O02296,C03253,2025-09-30,Card,Hyderabad,Delivered,15.0
O02297,C00543,2025-12-25,UPI,Jaipur,Delivered,0.0
O02298,C02375,2025-09-04,Card,Chennai,Cancelled,0.0
O02299,C01527,2025-12-29,UPI,Kochi,Delivered,30.0
O02300,C03568,2025-07-13,UPI,Mumbai,Delivered,0.0
O02301,C01270,2025-04-22,UPI,Indore,Delivered,15.0
O02302,C00602,2025-01-23,UPI,Hyderabad,Delivered,10.0
O02303,C03615,2025-11-11,UPI,Bangalore,Delivered,10.0
O02304,C02150,2025-07-21,Card,Kochi,Delivered,0.0
O02305,C03302,2025-04-16,Card,Kochi,Delivered,5.0
O02306,C00388,2025-04-04,Card,Delhi,Returned,20.0
O02307,C03681,2025-01-25,UPI,Delhi,Cancelled,20.0
O02308,C01603,2025-05-25,UPI,Kochi,Delivered,10.0
O02309,C03283,2025-01-19,COD,Hyderabad,Delivered,10.0
O02310,C02697,2025-07-29,UPI,Kolkata,Delivered,10.0
O02311,C04435,2025-03-23,COD,Lucknow,Delivered,15.0
O02312,C04152,2025-02-15,COD,Lucknow,Delivered,20.0
O02313,C03834,2025-02-04,UPI,Ahmedabad,Delivered,15.0
O02314,C01306,2025-07-21,COD,Pune,Delivered,10.0
O02315,C00717,2025-01-23,Card,Jaipur,Delivered,10.0
O02316,C03656,2025-12-31,Card,Chennai,Delivered,5.0
O02317,C02992,2025-10-27,COD,Lucknow,Delivered,30.0
O02318,C00314,2025-09-22,Card,Chennai,Delivered,25.0
O02319,C02281,2025-12-12,COD,Chennai,Delivered,25.0
O02320,C02623,2025-12-15,Card,Jaipur,Delivered,0.0
O02321,C00888,2025-07-06,COD,Mumbai,Delivered,15.0
O02322,C04343,2025-10-25,Card,Pune,Delivered,15.0
O02323,C02490,2025-07-09,UPI,Kochi,Delivered,5.0
O02324,C01923,2025-08-28,UPI,Delhi,Delivered,20.0
O02325,C04030,2025-12-15,Net Banking,Ahmedabad,Delivered,15.0
O02326,C03064,2025-05-07,UPI,Jaipur,Delivered,15.0
O02327,C00161,2025-10-18,Card,Lucknow,Delivered,0.0
O02328,C02188,2025-04-21,UPI,Lucknow,Delivered,30.0
O02329,C02352,2025-02-12,UPI,Kochi,Delivered,15.0
O02330,C01484,2025-10-28,UPI,Jaipur,Returned,25.0
O02331,C03893,2025-05-14,UPI,Chennai,Delivered,0.0
O02332,C01738,2025-01-13,Card,Kochi,Delivered,15.0
O02333,C04221,2025-01-11,COD,Lucknow,Delivered,15.0
O02334,C01909,2025-04-12,Card,Lucknow,Returned,0.0
O02335,C01371,2025-07-16,Card,Indore,Delivered,0.0
O02336,C01978,2025-02-24,Card,Jaipur,Delivered,15.0
O02337,C03396,2025-07-02,COD,Delhi,Delivered,15.0
O02338,C02455,2025-01-19,Card,Ahmedabad,Delivered,20.0
O02339,C04260,2025-12-29,UPI,Pune,Delivered,15.0
O02340,C04958,2025-09-19,Card,Kolkata,Returned,5.0
O02341,C02288,2025-01-09,COD,Indore,Delivered,25.0
O02342,C01237,2025-05-28,COD,Jaipur,Delivered,5.0
O02343,C03175,2025-01-25,COD,Pune,Delivered,15.0
O02344,C01207,2025-11-02,UPI,Ahmedabad,Delivered,10.0
O02345,C00505,2025-03-13,Net Banking,Lucknow,Delivered,0.0
O02346,C03768,2025-11-18,UPI,Ahmedabad,Delivered,25.0
O02347,C04621,2025-02-26,UPI,Delhi,Cancelled,10.0
O02348,C01404,2025-01-22,Card,Pune,Delivered,0.0
O02349,C01768,2025-11-08,UPI,Ahmedabad,Cancelled,5.0
O02350,C03734,2025-02-05,Card,Delhi,Delivered,15.0
O02351,C00701,2025-06-28,COD,Jaipur,Delivered,10.0
O02352,C03205,2025-03-09,Net Banking,Kochi,Delivered,5.0
O02353,C04146,2025-01-01,Card,Kolkata,Delivered,10.0
O02354,C03006,2025-02-17,Card,Kochi,Delivered,5.0
O02355,C04791,2025-06-01,Net Banking,Pune,Delivered,10.0
O02356,C04122,2025-07-16,Card,Ahmedabad,Delivered,5.0
O02357,C04083,2025-02-27,Net Banking,Ahmedabad,Delivered,10.0
O02358,C00011,2025-02-17,COD,Chennai,Delivered,20.0
O02359,C04904,2025-12-21,UPI,Pune,Delivered,5.0
O02360,C02059,2025-08-22,UPI,Ahmedabad,Delivered,0.0
O02361,C03678,2025-07-07,Card,Lucknow,Delivered,0.0
O02362,C02820,2025-04-24,COD,Mumbai,Delivered,20.0
O02363,C00973,2025-03-31,COD,Kochi,Delivered,10.0
O02364,C03793,2025-06-18,Card,Kolkata,Delivered,15.0
O02365,C02455,2025-12-29,UPI,Hyderabad,Delivered,0.0
O02366,C00842,2025-12-27,UPI,Jaipur,Delivered,0.0
O02367,C04455,2025-06-26,Net Banking,Mumbai,Delivered,10.0
O02368,C00285,2025-07-11,Card,Pune,Delivered,15.0
O02369,C02436,2025-05-13,Card,Mumbai,Delivered,15.0
O02370,C02832,2025-06-21,COD,Kochi,Delivered,10.0
O02371,C04521,2025-01-18,COD,Mumbai,Delivered,15.0
O02372,C01030,2025-09-08,Card,Bangalore,Delivered,0.0
O02373,C04452,2025-04-22,Card,Jaipur,Delivered,15.0
O02374,C02967,2025-02-09,COD,Hyderabad,Delivered,10.0
O02375,C00554,2025-04-12,UPI,Mumbai,Delivered,20.0
O02376,C00268,2025-06-23,Card,Kochi,Delivered,10.0
O02377,C01241,2025-11-10,UPI,Kolkata,Delivered,10.0
O02378,C04160,2025-12-07,COD,Kolkata,Delivered,10.0
O02379,C02490,2025-10-29,Net Banking,Indore,Delivered,20.0
O02380,C02589,2025-07-15,Net Banking,Pune,Delivered,0.0
O02381,C00470,2025-03-13,UPI,Pune,Delivered,20.0
O02382,C03288,2025-07-01,Card,Kolkata,Delivered,0.0
O02383,C03937,2025-08-29,UPI,Chennai,Delivered,10.0
O02384,C02020,2025-10-16,UPI,Lucknow,Delivered,10.0
O02385,C02024,2025-11-19,Card,Indore,Delivered,5.0
O02386,C01590,2025-04-23,COD,Indore,Returned,0.0
O02387,C04974,2025-12-06,UPI,Jaipur,Delivered,0.0
O02388,C02061,2025-06-12,UPI,Hyderabad,Delivered,15.0
O02389,C04318,2025-02-08,Card,Mumbai,Delivered,0.0
O02390,C01420,2025-08-23,UPI,Mumbai,Delivered,15.0
O02391,C00881,2025-03-12,UPI,Delhi,Delivered,30.0
O02392,C00839,2025-08-07,Card,Lucknow,Delivered,15.0
O02393,C00752,2025-01-05,Card,Pune,Delivered,0.0
O02394,C00270,2025-08-29,Card,Mumbai,Delivered,10.0
O02395,C03370,2025-06-14,UPI,Bangalore,Delivered,20.0
O02396,C04828,2025-01-01,UPI,Kolkata,Delivered,25.0
O02397,C04712,2025-07-03,UPI,Kochi,Delivered,15.0
O02398,C03504,2025-01-08,UPI,Pune,Cancelled,5.0
O02399,C03961,2025-04-18,UPI,Chennai,Delivered,5.0
O02400,C02076,2025-07-04,COD,Pune,Delivered,15.0
O02401,C01313,2025-10-11,UPI,Pune,Delivered,15.0
O02402,C02285,2025-06-03,UPI,Indore,Delivered,10.0
O02403,C00384,2025-02-03,UPI,Pune,Delivered,0.0
O02404,C04181,2025-12-18,Card,Lucknow,Returned,15.0
O02405,C04342,2025-01-22,UPI,Bangalore,Delivered,10.0
O02406,C02809,2025-05-28,UPI,Lucknow,Delivered,0.0
O02407,C00804,2025-05-31,UPI,Ahmedabad,Cancelled,10.0
O02408,C04336,2025-03-08,Net Banking,Hyderabad,Delivered,0.0
O02409,C01097,2025-03-19,COD,Hyderabad,Delivered,20.0
O02410,C03743,2025-08-20,COD,Kochi,Delivered,15.0
O02411,C04484,2025-02-08,UPI,Kolkata,Delivered,0.0
O02412,C03720,2025-06-14,UPI,Indore,Delivered,10.0
O02413,C04772,2025-04-09,Card,Jaipur,Delivered,15.0
O02414,C02697,2025-05-09,UPI,Kochi,Delivered,20.0
O02415,C04267,2025-01-19,Card,Jaipur,Delivered,0.0
O02416,C00809,2025-09-28,Card,Lucknow,Returned,0.0
O02417,C02152,2025-01-01,Card,Hyderabad,Delivered,15.0
O02418,C03294,2025-10-14,Card,Lucknow,Delivered,5.0
O02419,C01306,2025-06-29,UPI,Jaipur,Delivered,10.0
O02420,C03460,2025-09-13,COD,Bangalore,Delivered,10.0
O02421,C02420,2025-06-23,COD,Pune,Delivered,10.0
O02422,C04225,2025-12-08,Card,Jaipur,Delivered,5.0
O02423,C01197,2025-02-19,UPI,Chennai,Delivered,0.0
O02424,C04568,2025-01-20,COD,Hyderabad,Delivered,10.0
O02425,C03525,2025-04-15,Net Banking,Hyderabad,Delivered,10.0
O02426,C01526,2025-07-09,Card,Chennai,Delivered,10.0
O02427,C01600,2025-08-27,Card,Kochi,Delivered,5.0
O02428,C01045,2025-02-12,COD,Jaipur,Delivered,20.0
O02429,C02154,2025-01-05,Card,Chennai,Delivered,5.0
O02430,C01868,2025-09-05,COD,Delhi,Delivered,0.0
O02431,C01376,2025-03-07,Card,Hyderabad,Delivered,15.0
O02432,C00612,2025-09-08,COD,Hyderabad,Delivered,10.0
O02433,C03317,2025-05-08,Card,Bangalore,Delivered,5.0
O02434,C01599,2025-07-04,UPI,Lucknow,Delivered,0.0
O02435,C04950,2025-07-07,Card,Kolkata,Delivered,10.0
O02436,C01978,2025-07-02,UPI,Kochi,Delivered,0.0
O02437,C04398,2025-03-12,Card,Indore,Delivered,5.0
O02438,C00639,2025-03-07,Card,Kochi,Delivered,25.0
O02439,C04167,2025-11-25,Card,Bangalore,Delivered,0.0
O02440,C01923,2025-09-07,UPI,Hyderabad,Delivered,5.0
O02441,C00646,2025-06-04,UPI,Mumbai,Delivered,0.0
O02442,C04270,2025-03-20,UPI,Chennai,Delivered,20.0
O02443,C01999,2025-01-19,COD,Delhi,Delivered,25.0
O02444,C00090,2025-09-26,COD,Hyderabad,Delivered,0.0
O02445,C03279,2025-02-14,COD,Jaipur,Delivered,20.0
O02446,C02367,2025-09-19,UPI,Indore,Delivered,0.0
O02447,C00824,2025-08-10,UPI,Delhi,Delivered,5.0
O02448,C00551,2025-05-09,COD,Jaipur,Cancelled,10.0
O02449,C00060,2025-04-16,UPI,Chennai,Delivered,10.0
O02450,C04223,2025-09-08,Card,Mumbai,Returned,0.0
O02451,C04179,2025-05-01,COD,Kochi,Delivered,15.0
O02452,C01244,2025-08-18,Card,Indore,Delivered,15.0
O02453,C03480,2025-10-08,Card,Kochi,Delivered,25.0
O02454,C00946,2025-08-15,UPI,Kochi,Delivered,5.0
O02455,C01641,2025-10-02,Net Banking,Kochi,Delivered,10.0
O02456,C01953,2025-05-18,UPI,Indore,Delivered,5.0
O02457,C02634,2025-06-22,UPI,Jaipur,Cancelled,0.0
O02458,C03502,2025-11-23,Card,Delhi,Delivered,0.0
O02459,C00890,2025-09-28,UPI,Jaipur,Delivered,15.0
O02460,C00574,2025-08-03,Card,Hyderabad,Delivered,5.0
O02461,C00513,2025-08-16,Card,Bangalore,Delivered,10.0
O02462,C04161,2025-04-17,UPI,Bangalore,Delivered,25.0
O02463,C01965,2025-06-08,UPI,Lucknow,Delivered,0.0
O02464,C04052,2025-05-16,UPI,Delhi,Delivered,10.0
O02465,C02231,2025-09-08,UPI,Chennai,Delivered,10.0
O02466,C02284,2025-01-30,UPI,Hyderabad,Delivered,30.0
O02467,C04985,2025-04-08,COD,Chennai,Delivered,20.0
O02468,C00612,2025-04-07,UPI,Ahmedabad,Delivered,0.0
O02469,C00438,2025-09-14,UPI,Hyderabad,Delivered,0.0
O02470,C01460,2025-09-29,UPI,Mumbai,Cancelled,0.0
O02471,C00524,2025-01-11,Card,Chennai,Cancelled,5.0
O02472,C03578,2025-12-08,COD,Indore,Delivered,5.0
O02473,C04896,2025-06-17,Net Banking,Pune,Delivered,0.0
O02474,C03399,2025-07-30,Card,Mumbai,Returned,10.0
O02475,C02262,2025-06-21,UPI,Chennai,Delivered,25.0
O02476,C01024,2025-11-22,UPI,Indore,Returned,15.0
O02477,C01580,2025-04-30,UPI,Chennai,Delivered,5.0
O02478,C00322,2025-07-04,COD,Ahmedabad,Cancelled,15.0
O02479,C03127,2025-02-08,Card,Jaipur,Delivered,30.0
O02480,C02832,2025-09-14,UPI,Delhi,Delivered,20.0
O02481,C04276,2025-10-06,COD,Indore,Delivered,10.0
O02482,C02428,2025-08-18,COD,Kolkata,Delivered,5.0
O02483,C02981,2025-04-25,COD,Indore,Delivered,15.0
O02484,C03758,2025-10-31,UPI,Jaipur,Delivered,15.0
O02485,C00450,2025-04-01,UPI,Jaipur,Delivered,5.0
O02486,C01285,2025-11-05,UPI,Delhi,Delivered,5.0
O02487,C03519,2025-03-02,Card,Mumbai,Delivered,15.0
O02488,C01661,2025-04-13,Card,Lucknow,Delivered,20.0
O02489,C00904,2025-08-03,COD,Indore,Delivered,0.0
O02490,C01178,2025-04-12,UPI,Indore,Delivered,30.0
O02491,C00330,2025-05-23,Card,Pune,Delivered,5.0
O02492,C00637,2025-03-31,COD,Kolkata,Delivered,5.0
O02493,C01890,2025-04-28,UPI,Delhi,Delivered,0.0
O02494,C01868,2025-05-19,UPI,Mumbai,Delivered,0.0
O02495,C02516,2025-10-30,Card,Kochi,Delivered,5.0
O02496,C00413,2025-08-28,COD,Lucknow,Delivered,10.0
O02497,C03834,2025-05-16,Net Banking,Indore,Delivered,20.0
O02498,C02416,2025-01-05,COD,Ahmedabad,Delivered,0.0
O02499,C02587,2025-07-28,COD,Pune,Delivered,10.0
O02500,C01565,2025-03-28,Card,Lucknow,Cancelled,10.0
O02501,C04611,2025-12-13,UPI,Lucknow,Cancelled,30.0
O02502,C00481,2025-11-15,COD,Chennai,Delivered,5.0
O02503,C02276,2025-10-04,Net Banking,Pune,Delivered,5.0
O02504,C03841,2025-05-01,UPI,Bangalore,Delivered,0.0
O02505,C03312,2025-09-02,UPI,Jaipur,Delivered,20.0
O02506,C02883,2025-12-24,Card,Ahmedabad,Delivered,10.0
O02507,C03744,2025-03-31,Net Banking,Lucknow,Delivered,10.0
O02508,C02520,2025-05-20,UPI,Kolkata,Delivered,0.0
O02509,C04614,2025-04-22,Card,Bangalore,Delivered,0.0
O02510,C04401,2025-08-28,COD,Indore,Delivered,15.0
O02511,C00655,2025-09-29,COD,Kolkata,Cancelled,10.0
O02512,C01978,2025-05-23,Card,Bangalore,Delivered,5.0
O02513,C00181,2025-07-26,Net Banking,Hyderabad,Delivered,10.0
O02514,C04126,2025-04-29,UPI,Ahmedabad,Returned,25.0
O02515,C03020,2025-03-25,UPI,Lucknow,Delivered,0.0
O02516,C00765,2025-09-08,UPI,Chennai,Cancelled,25.0
O02517,C04136,2025-10-05,UPI,Jaipur,Delivered,15.0
O02518,C02367,2025-06-12,UPI,Kochi,Delivered,0.0
O02519,C03299,2025-05-22,UPI,Mumbai,Delivered,15.0
O02520,C02780,2025-12-16,COD,Indore,Delivered,15.0
O02521,C04988,2025-01-31,Card,Mumbai,Delivered,10.0
O02522,C02372,2025-11-22,Card,Kolkata,Delivered,15.0
O02523,C03391,2025-04-01,UPI,Hyderabad,Delivered,0.0
O02524,C01783,2025-05-08,UPI,Hyderabad,Delivered,15.0
O02525,C04781,2025-09-24,UPI,Hyderabad,Delivered,10.0
O02526,C01065,2025-02-05,UPI,Hyderabad,Cancelled,5.0
O02527,C02457,2025-12-02,UPI,Bangalore,Delivered,15.0
O02528,C01347,2025-10-07,UPI,Bangalore,Delivered,15.0
O02529,C02228,2025-08-01,Card,Indore,Cancelled,5.0
O02530,C01183,2025-08-21,UPI,Delhi,Delivered,0.0
O02531,C04133,2025-08-16,UPI,Mumbai,Delivered,5.0
O02532,C02454,2025-10-25,UPI,Pune,Delivered,5.0
O02533,C00539,2025-08-25,COD,Hyderabad,Delivered,20.0
O02534,C02424,2025-01-21,UPI,Chennai,Delivered,10.0
O02535,C02304,2025-04-06,UPI,Ahmedabad,Delivered,15.0
O02536,C00249,2025-02-20,UPI,Mumbai,Delivered,10.0
O02537,C04789,2025-12-03,COD,Lucknow,Delivered,0.0
O02538,C01041,2025-11-07,Card,Indore,Delivered,15.0
O02539,C01392,2025-03-03,UPI,Pune,Delivered,20.0
O02540,C02173,2025-12-09,Card,Kochi,Delivered,10.0
O02541,C01336,2025-06-02,Card,Kolkata,Delivered,15.0
O02542,C02260,2025-08-12,UPI,Lucknow,Delivered,15.0
O02543,C00500,2025-05-22,UPI,Indore,Delivered,10.0
O02544,C00811,2025-02-10,Net Banking,Delhi,Delivered,5.0
O02545,C04985,2025-06-15,Card,Bangalore,Cancelled,20.0
O02546,C03714,2025-07-09,Card,Kochi,Delivered,20.0
O02547,C03705,2025-10-24,UPI,Mumbai,Delivered,20.0
O02548,C01211,2025-02-14,COD,Pune,Delivered,20.0
O02549,C03746,2025-07-27,UPI,Delhi,Delivered,0.0
O02550,C01987,2025-04-06,UPI,Lucknow,Delivered,10.0
O02551,C01492,2025-10-02,Card,Chennai,Delivered,5.0
O02552,C04271,2025-10-20,Card,Lucknow,Cancelled,0.0
O02553,C03049,2025-08-23,Net Banking,Delhi,Delivered,15.0
O02554,C04920,2025-12-07,UPI,Pune,Delivered,10.0
O02555,C02935,2025-07-26,Card,Indore,Delivered,0.0
O02556,C04365,2025-01-26,UPI,Kolkata,Cancelled,10.0
O02557,C01818,2025-12-16,Card,Ahmedabad,Delivered,30.0
O02558,C04320,2025-12-26,UPI,Kochi,Delivered,5.0
O02559,C01276,2025-07-26,Card,Ahmedabad,Cancelled,5.0
O02560,C03023,2025-05-21,UPI,Kolkata,Delivered,10.0
O02561,C02878,2025-12-13,Card,Indore,Delivered,5.0
O02562,C04015,2025-03-28,Card,Mumbai,Delivered,25.0
O02563,C04088,2025-04-08,UPI,Pune,Delivered,10.0
O02564,C01148,2025-01-23,Card,Bangalore,Delivered,5.0
O02565,C00238,2025-09-07,UPI,Indore,Delivered,10.0
O02566,C02123,2025-12-30,COD,Jaipur,Delivered,5.0
O02567,C04596,2025-09-07,Card,Chennai,Delivered,0.0
O02568,C01546,2025-05-28,COD,Kochi,Delivered,5.0
O02569,C03984,2025-02-23,UPI,Kolkata,Delivered,10.0
O02570,C04364,2025-11-11,UPI,Kolkata,Delivered,0.0
O02571,C00987,2025-02-08,UPI,Lucknow,Delivered,0.0
O02572,C01624,2025-11-30,UPI,Indore,Delivered,10.0
O02573,C03122,2025-08-06,UPI,Indore,Delivered,10.0
O02574,C03727,2025-12-13,UPI,Jaipur,Delivered,5.0
O02575,C03902,2025-08-25,COD,Bangalore,Delivered,15.0
O02576,C00723,2025-11-21,Card,Kolkata,Delivered,0.0
O02577,C01096,2025-11-20,Card,Hyderabad,Delivered,5.0
O02578,C03828,2025-12-09,COD,Ahmedabad,Delivered,0.0
O02579,C04286,2025-10-04,UPI,Mumbai,Delivered,15.0
O02580,C00996,2025-08-13,COD,Ahmedabad,Delivered,10.0
O02581,C04662,2025-05-24,Card,Jaipur,Delivered,5.0
O02582,C00993,2025-10-15,UPI,Ahmedabad,Delivered,10.0
O02583,C02784,2025-07-30,COD,Chennai,Delivered,15.0
O02584,C00156,2025-06-03,Card,Indore,Delivered,0.0
O02585,C01896,2025-09-16,Card,Lucknow,Returned,15.0
O02586,C01777,2025-08-15,COD,Bangalore,Delivered,5.0
O02587,C04769,2025-03-23,COD,Hyderabad,Delivered,0.0
O02588,C02117,2025-03-29,COD,Bangalore,Delivered,20.0
O02589,C02421,2025-11-05,Card,Lucknow,Delivered,10.0
O02590,C00055,2025-01-04,COD,Kolkata,Delivered,10.0
O02591,C00085,2025-06-22,UPI,Jaipur,Cancelled,20.0
O02592,C02889,2025-02-01,COD,Indore,Delivered,5.0
O02593,C04688,2025-08-22,UPI,Chennai,Delivered,0.0
O02594,C02780,2025-08-14,Card,Pune,Returned,25.0
O02595,C02670,2025-12-05,COD,Jaipur,Delivered,5.0
O02596,C03837,2025-07-25,COD,Kolkata,Delivered,10.0
O02597,C01009,2025-04-12,Net Banking,Chennai,Delivered,25.0
O02598,C02365,2025-02-27,UPI,Hyderabad,Delivered,5.0
O02599,C03687,2025-09-26,UPI,Bangalore,Cancelled,
O02600,C04348,2025-05-30,COD,Kochi,Delivered,10.0
O02601,C02200,2025-09-09,Card,Indore,Delivered,25.0
O02602,C01360,2025-02-13,COD,Chennai,Delivered,0.0
O02603,C00910,2025-01-30,COD,Kochi,Delivered,10.0
O02604,C03440,2025-01-12,COD,Kolkata,Delivered,25.0
O02605,C02914,2025-01-14,Card,Bangalore,Delivered,0.0
O02606,C04696,2025-10-19,COD,Kolkata,Delivered,5.0
O02607,C01007,2025-02-14,UPI,Chennai,Delivered,5.0
O02608,C03053,2025-07-19,Net Banking,Jaipur,Delivered,25.0
O02609,C01144,2025-01-24,UPI,Bangalore,Delivered,5.0
O02610,C04399,2025-09-08,UPI,Hyderabad,Delivered,0.0
O02611,C03221,2025-04-29,Card,Ahmedabad,Delivered,15.0
O02612,C01225,2025-03-19,Card,Jaipur,Delivered,10.0
O02613,C03879,2025-08-30,Card,Lucknow,Delivered,10.0
O02614,C04496,2025-07-22,UPI,Chennai,Delivered,10.0
O02615,C00068,2025-08-25,COD,Mumbai,Delivered,10.0
O02616,C04250,2025-10-21,COD,Bangalore,Cancelled,10.0
O02617,C01015,2025-12-14,Card,Chennai,Delivered,25.0
O02618,C00182,2025-03-28,UPI,Lucknow,Delivered,0.0
O02619,C04621,2025-07-29,Card,Delhi,Cancelled,25.0
O02620,C04116,2025-10-03,COD,Hyderabad,Delivered,5.0
O02621,C04947,2025-04-07,COD,Jaipur,Returned,5.0
O02622,C02946,2025-01-02,UPI,Lucknow,Delivered,10.0
O02623,C02058,2025-08-17,UPI,Bangalore,Delivered,20.0
O02624,C02748,2025-08-31,UPI,Kolkata,Delivered,5.0
O02625,C01881,2025-09-15,Card,Kolkata,Delivered,0.0
O02626,C03603,2025-02-11,Card,Indore,Delivered,10.0
O02627,C00655,2025-08-01,Card,Pune,Delivered,30.0
O02628,C03687,2025-10-23,Card,Mumbai,Delivered,5.0
O02629,C02289,2025-01-03,UPI,Ahmedabad,Delivered,0.0
O02630,C02200,2025-01-16,UPI,Hyderabad,Delivered,10.0
O02631,C02832,2025-10-06,UPI,Kolkata,Delivered,5.0
O02632,C03409,2025-04-12,UPI,Delhi,Cancelled,0.0
O02633,C02236,2025-03-18,COD,Kochi,Delivered,20.0
O02634,C02512,2025-07-21,UPI,Indore,Delivered,10.0
O02635,C00722,2025-02-24,Card,Pune,Delivered,0.0
O02636,C03249,2025-07-28,UPI,Jaipur,Delivered,25.0
O02637,C01201,2025-11-25,Card,Lucknow,Returned,10.0
O02638,C04977,2025-12-20,Card,Mumbai,Delivered,15.0
O02639,C02463,2025-03-22,UPI,Ahmedabad,Delivered,10.0
O02640,C04674,2025-09-01,Card,Mumbai,Delivered,25.0
O02641,C00310,2025-08-23,UPI,Lucknow,Delivered,20.0
O02642,C01026,2025-04-24,Card,Indore,Delivered,0.0
O02643,C04413,2025-03-08,Card,Hyderabad,Delivered,0.0
O02644,C01533,2025-10-24,Card,Ahmedabad,Delivered,10.0
O02645,C03644,2025-02-09,COD,Bangalore,Delivered,5.0
O02646,C00368,2025-08-09,UPI,Pune,Delivered,10.0
O02647,C04651,2025-04-13,UPI,Jaipur,Delivered,5.0
O02648,C02653,2025-10-22,UPI,Hyderabad,Delivered,20.0
O02649,C01250,2025-02-22,UPI,Hyderabad,Delivered,0.0
O02650,C02984,2025-10-23,Card,Jaipur,Cancelled,0.0
O02651,C04576,2025-02-21,Card,Mumbai,Delivered,5.0
O02652,C03029,2025-02-06,COD,Kolkata,Delivered,0.0
O02653,C03135,2025-03-08,COD,Lucknow,Delivered,10.0
O02654,C04096,2025-06-11,Card,Ahmedabad,Delivered,10.0
O02655,C00940,2025-07-25,Card,Chennai,Delivered,15.0
O02656,C04110,2025-12-07,UPI,Jaipur,Cancelled,0.0
O02657,C04238,2025-11-18,Card,Delhi,Delivered,15.0
O02658,C04024,2025-02-21,UPI,Hyderabad,Delivered,5.0
O02659,C03692,2025-07-28,Card,Hyderabad,Delivered,15.0
O02660,C00590,2025-01-02,COD,Delhi,Delivered,5.0
O02661,C01783,2025-05-09,Card,Hyderabad,Delivered,20.0
O02662,C04569,2025-06-27,UPI,Bangalore,Cancelled,20.0
O02663,C01208,2025-06-13,Net Banking,Chennai,Delivered,5.0
O02664,C04413,2025-12-19,UPI,Mumbai,Delivered,20.0
O02665,C04541,2025-01-22,COD,Ahmedabad,Delivered,5.0
O02666,C02344,2025-08-15,COD,Pune,Delivered,20.0
O02667,C00847,2025-03-23,Card,Pune,Cancelled,5.0
O02668,C02425,2025-06-13,UPI,Kochi,Delivered,5.0
O02669,C04681,2025-01-03,Net Banking,Kolkata,Delivered,20.0
O02670,C00799,2025-06-21,Card,Mumbai,Delivered,0.0
O02671,C00471,2025-04-28,UPI,Delhi,Delivered,15.0
O02672,C03910,2025-05-24,Card,Kochi,Delivered,15.0
O02673,C04828,2025-09-09,Card,Kolkata,Returned,25.0
O02674,C02095,2025-09-23,UPI,Delhi,Delivered,25.0
O02675,C02995,2025-06-19,UPI,Delhi,Delivered,10.0
O02676,C03130,2025-08-01,UPI,Bangalore,Delivered,15.0
O02677,C01314,2025-10-08,UPI,Bangalore,Delivered,0.0
O02678,C02879,2025-08-15,UPI,Ahmedabad,Delivered,5.0
O02679,C03516,2025-09-19,UPI,Ahmedabad,Delivered,10.0
O02680,C01048,2025-09-12,UPI,Bangalore,Delivered,5.0
O02681,C01088,2025-01-08,UPI,Kolkata,Delivered,5.0
O02682,C03682,2025-02-10,Net Banking,Mumbai,Delivered,0.0
O02683,C00283,2025-09-14,Card,Bangalore,Returned,0.0
O02684,C03649,2025-05-11,Card,Mumbai,Delivered,15.0
O02685,C01399,2025-02-21,Card,Bangalore,Delivered,0.0
O02686,C02734,2025-04-12,UPI,Chennai,Delivered,20.0
O02687,C04068,2025-08-07,COD,Kochi,Delivered,0.0
O02688,C02358,2025-09-01,Card,Indore,Delivered,0.0
O02689,C02936,2025-11-29,Card,Hyderabad,Delivered,5.0
O02690,C03819,2025-10-30,Net Banking,Indore,Delivered,15.0
O02691,C03239,2025-12-05,COD,Ahmedabad,Delivered,15.0
O02692,C01773,2025-10-02,UPI,Kochi,Delivered,5.0
O02693,C04078,2025-03-11,Net Banking,Ahmedabad,Delivered,5.0
O02694,C04103,2025-02-16,COD,Kolkata,Delivered,20.0
O02695,C00788,2025-04-27,Net Banking,Delhi,Delivered,10.0
O02696,C03225,2025-03-19,UPI,Indore,Delivered,10.0
O02697,C00043,2025-01-05,Net Banking,Chennai,Delivered,10.0
O02698,C04297,2025-09-11,Card,Ahmedabad,Delivered,10.0
O02699,C02943,2025-11-16,Card,Chennai,Delivered,10.0
O02700,C04644,2025-04-17,UPI,Kochi,Delivered,15.0
O02701,C04322,2025-09-01,UPI,Pune,Returned,25.0
O02702,C03906,2025-06-22,UPI,Kolkata,Delivered,10.0
O02703,C04729,2025-02-05,Card,Mumbai,Delivered,5.0
O02704,C03411,2025-06-22,UPI,Jaipur,Delivered,25.0
O02705,C01359,2025-06-29,UPI,Lucknow,Delivered,15.0
O02706,C01205,2025-09-24,Net Banking,Kochi,Delivered,15.0
O02707,C03605,2025-09-12,COD,Mumbai,Cancelled,10.0
O02708,C02994,2025-11-16,Card,Mumbai,Delivered,15.0
O02709,C02242,2025-11-17,COD,Ahmedabad,Delivered,15.0
O02710,C00538,2025-03-14,Card,Kochi,Cancelled,15.0
O02711,C04012,2025-02-26,UPI,Hyderabad,Delivered,25.0
O02712,C03869,2025-03-07,Card,Chennai,Delivered,10.0
O02713,C04577,2025-05-12,Card,Delhi,Cancelled,5.0
O02714,C04526,2025-09-17,UPI,Pune,Delivered,5.0
O02715,C03584,2025-05-04,UPI,Ahmedabad,Delivered,15.0
O02716,C01351,2025-04-02,UPI,Jaipur,Delivered,10.0
O02717,C00945,2025-10-01,Card,Lucknow,Delivered,20.0
O02718,C03857,2025-05-21,UPI,Mumbai,Delivered,5.0
O02719,C01824,2025-08-20,COD,Ahmedabad,Delivered,15.0
O02720,C02626,2025-03-11,UPI,Chennai,Delivered,5.0
O02721,C03899,2025-06-24,Card,Bangalore,Delivered,15.0
O02722,C03488,2025-12-25,Net Banking,Kochi,Delivered,10.0
O02723,C04207,2025-03-27,COD,Pune,Delivered,30.0
O02724,C04308,2025-09-10,COD,Pune,Delivered,15.0
O02725,C00851,2025-01-30,UPI,Kochi,Delivered,15.0
O02726,C02926,2025-06-04,COD,Indore,Delivered,0.0
O02727,C00996,2025-07-19,Card,Delhi,Delivered,15.0
O02728,C04762,2025-12-29,COD,Lucknow,Delivered,10.0
O02729,C00350,2025-06-05,COD,Delhi,Delivered,5.0
O02730,C01538,2025-09-02,UPI,Kolkata,Delivered,15.0
O02731,C02978,2025-01-20,Card,Chennai,Delivered,5.0
O02732,C02729,2025-07-22,UPI,Chennai,Delivered,5.0
O02733,C04347,2025-11-30,UPI,Chennai,Delivered,5.0
O02734,C02367,2025-06-01,Card,Hyderabad,Delivered,10.0
O02735,C02237,2025-03-18,Card,Bangalore,Delivered,5.0
O02736,C03876,2025-11-24,Card,Pune,Delivered,10.0
O02737,C03095,2025-06-21,COD,Indore,Delivered,5.0
O02738,C03602,2025-11-25,Card,Kolkata,Delivered,5.0
O02739,C04175,2025-09-07,Net Banking,Chennai,Delivered,5.0
O02740,C04642,2025-07-05,COD,Ahmedabad,Delivered,5.0
O02741,C00924,2025-12-28,Net Banking,Ahmedabad,Delivered,5.0
O02742,C00619,2025-05-08,COD,Indore,Delivered,5.0
O02743,C04401,2025-12-29,Card,Chennai,Delivered,0.0
O02744,C03263,2025-01-11,Card,Lucknow,Delivered,10.0
O02745,C03304,2025-12-02,COD,Delhi,Delivered,5.0
O02746,C02602,2025-08-30,Card,Kochi,Delivered,25.0
O02747,C01048,2025-06-30,Card,Ahmedabad,Delivered,10.0
O02748,C01699,2025-09-22,COD,Mumbai,Delivered,10.0
O02749,C02231,2025-07-14,COD,Indore,Delivered,5.0
O02750,C01869,2025-09-03,UPI,Jaipur,Delivered,10.0
O02751,C02655,2025-04-10,Card,Hyderabad,Delivered,5.0
O02752,C00083,2025-02-21,Card,Kochi,Delivered,20.0
O02753,C00093,2025-03-16,UPI,Kolkata,Delivered,5.0
O02754,C03157,2025-05-13,Net Banking,Kolkata,Delivered,5.0
O02755,C03049,2025-09-13,COD,Delhi,Cancelled,15.0
O02756,C01468,2025-07-28,UPI,Lucknow,Delivered,20.0
O02757,C02025,2025-05-23,UPI,Chennai,Delivered,15.0
O02758,C04870,2025-03-09,Card,Hyderabad,Delivered,0.0
O02759,C03818,2025-02-23,UPI,Kochi,Delivered,20.0
O02760,C02699,2025-09-24,Card,Delhi,Delivered,15.0
O02761,C00792,2025-08-30,UPI,Jaipur,Cancelled,5.0
O02762,C00476,2025-02-16,COD,Ahmedabad,Delivered,0.0
O02763,C00504,2025-04-25,COD,Indore,Delivered,15.0
O02764,C00231,2025-07-15,UPI,Hyderabad,Delivered,5.0
O02765,C01587,2025-10-21,COD,Chennai,Delivered,10.0
O02766,C01775,2025-05-10,COD,Lucknow,Cancelled,0.0
O02767,C03091,2025-02-14,Card,Delhi,Cancelled,10.0
O02768,C02257,2025-06-04,UPI,Delhi,Delivered,0.0
O02769,C03971,2025-11-13,COD,Ahmedabad,Delivered,10.0
O02770,C04227,2025-03-23,UPI,Hyderabad,Delivered,20.0
O02771,C04839,2025-09-24,Card,Kochi,Delivered,10.0
O02772,C00384,2025-06-06,UPI,Lucknow,Delivered,20.0
O02773,C03164,2025-01-25,Card,Hyderabad,Delivered,10.0
O02774,C02410,2025-11-30,UPI,Kolkata,Delivered,15.0
O02775,C00761,2025-07-01,Card,Delhi,Delivered,5.0
O02776,C03953,2025-06-23,UPI,Hyderabad,Delivered,5.0
O02777,C00943,2025-10-24,Card,Bangalore,Returned,5.0
O02778,C02696,2025-02-10,COD,Lucknow,Delivered,0.0
O02779,C01297,2025-12-23,UPI,Chennai,Delivered,5.0
O02780,C02403,2025-10-15,COD,Pune,Delivered,5.0
O02781,C02148,2025-02-18,UPI,Bangalore,Cancelled,5.0
O02782,C01640,2025-09-19,Card,Kochi,Delivered,10.0
O02783,C04397,2025-09-01,Card,Indore,Cancelled,10.0
O02784,C00609,2025-02-26,Card,Kolkata,Cancelled,15.0
O02785,C00882,2025-01-06,UPI,Mumbai,Delivered,5.0
O02786,C02251,2025-02-16,UPI,Bangalore,Delivered,15.0
O02787,C03093,2025-03-04,UPI,Bangalore,Delivered,20.0
O02788,C02160,2025-03-08,COD,Indore,Delivered,10.0
O02789,C02429,2025-07-02,Card,Pune,Delivered,10.0
O02790,C04851,2025-06-11,Net Banking,Hyderabad,Delivered,15.0
O02791,C03002,2025-10-24,COD,Pune,Delivered,10.0
O02792,C04892,2025-04-15,COD,Bangalore,Delivered,0.0
O02793,C01995,2025-09-20,Card,Kochi,Delivered,5.0
O02794,C01324,2025-02-26,UPI,Indore,Delivered,0.0
O02795,C04318,2025-01-16,COD,Delhi,Delivered,15.0
O02796,C01012,2025-02-28,UPI,Pune,Delivered,5.0
O02797,C04039,2025-06-15,Card,Kochi,Delivered,20.0
O02798,C00689,2025-09-07,COD,Kochi,Delivered,15.0
O02799,C04069,2025-02-03,Card,Jaipur,Delivered,15.0
O02800,C04214,2025-02-15,UPI,Hyderabad,Delivered,20.0
O02801,C04270,2025-10-26,UPI,Ahmedabad,Delivered,10.0
O02802,C01243,2025-02-16,Net Banking,Jaipur,Delivered,5.0
O02803,C03448,2025-09-09,Net Banking,Pune,Delivered,25.0
O02804,C02045,2025-06-15,Card,Jaipur,Delivered,30.0
O02805,C00441,2025-11-13,COD,Lucknow,Delivered,5.0
O02806,C01225,2025-05-12,UPI,Kochi,Delivered,15.0
O02807,C02463,2025-03-11,UPI,Kolkata,Delivered,0.0
O02808,C04179,2025-03-01,UPI,Jaipur,Delivered,0.0
O02809,C02753,2025-07-24,UPI,Jaipur,Delivered,15.0
O02810,C01753,2025-08-26,UPI,Mumbai,Delivered,5.0
O02811,C04443,2025-12-10,UPI,Lucknow,Cancelled,20.0
O02812,C04630,2025-12-14,Card,Jaipur,Delivered,10.0
O02813,C03003,2025-11-29,UPI,Delhi,Delivered,15.0
O02814,C04547,2025-04-16,UPI,Lucknow,Delivered,0.0
O02815,C03217,2025-07-03,COD,Pune,Delivered,20.0
O02816,C03360,2025-12-04,UPI,Lucknow,Delivered,5.0
O02817,C03943,2025-01-07,UPI,Indore,Delivered,10.0
O02818,C03297,2025-01-31,UPI,Delhi,Delivered,10.0
O02819,C04310,2025-08-04,COD,Indore,Delivered,0.0
O02820,C04015,2025-12-07,Card,Lucknow,Delivered,25.0
O02821,C00900,2025-10-31,Card,Chennai,Cancelled,5.0
O02822,C01190,2025-10-25,UPI,Indore,Delivered,15.0
O02823,C00653,2025-12-12,Card,Mumbai,Delivered,10.0
O02824,C00983,2025-10-13,UPI,Kochi,Delivered,0.0
O02825,C00576,2025-05-06,UPI,Kochi,Delivered,20.0
O02826,C00333,2025-02-20,Card,Delhi,Cancelled,5.0
O02827,C04308,2025-07-09,COD,Kochi,Delivered,5.0
O02828,C00289,2025-02-20,UPI,Kolkata,Delivered,0.0
O02829,C02214,2025-12-31,COD,Kochi,Delivered,5.0
O02830,C02174,2025-08-20,UPI,Indore,Returned,10.0
O02831,C03834,2025-06-27,UPI,Indore,Delivered,5.0
O02832,C01056,2025-06-07,UPI,Hyderabad,Returned,10.0
O02833,C04370,2025-05-27,COD,Lucknow,Delivered,15.0
O02834,C01325,2025-11-02,UPI,Hyderabad,Delivered,25.0
O02835,C03596,2025-09-08,Card,Delhi,Delivered,15.0
O02836,C03828,2025-12-05,UPI,Delhi,Delivered,5.0
O02837,C02663,2025-12-08,Card,Jaipur,Delivered,5.0
O02838,C02324,2025-05-12,Card,Kochi,Delivered,10.0
O02839,C01883,2025-08-25,UPI,Mumbai,Delivered,20.0
O02840,C03064,2025-01-12,COD,Kolkata,Delivered,10.0
O02841,C01154,2025-05-23,COD,Chennai,Delivered,10.0
O02842,C03371,2025-04-28,UPI,Ahmedabad,Delivered,5.0
O02843,C00097,2025-03-02,Card,Ahmedabad,Delivered,10.0
O02844,C00277,2025-06-30,UPI,Hyderabad,Delivered,5.0
O02845,C02848,2025-11-09,COD,Mumbai,Delivered,10.0
O02846,C00332,2025-09-22,Card,Kochi,Cancelled,15.0
O02847,C02253,2025-01-29,UPI,Kochi,Delivered,25.0
O02848,C04199,2025-09-20,COD,Bangalore,Delivered,15.0
O02849,C03052,2025-07-19,UPI,Pune,Delivered,20.0
O02850,C03697,2025-04-15,UPI,Kochi,Delivered,5.0
O02851,C02408,2025-03-20,COD,Bangalore,Delivered,15.0
O02852,C03203,2025-05-24,UPI,Lucknow,Delivered,5.0
O02853,C02087,2025-07-18,UPI,Delhi,Delivered,0.0
O02854,C00307,2025-04-16,UPI,Jaipur,Delivered,20.0
O02855,C00884,2025-12-05,COD,Hyderabad,Delivered,0.0
O02856,C04290,2025-03-30,UPI,Ahmedabad,Cancelled,0.0
O02857,C03590,2025-11-28,UPI,Indore,Delivered,0.0
O02858,C03642,2025-09-23,UPI,Jaipur,Delivered,0.0
O02859,C04345,2025-09-08,UPI,Pune,Delivered,0.0
O02860,C02163,2025-06-01,Card,Ahmedabad,Delivered,15.0
O02861,C03148,2025-11-02,Card,Kolkata,Delivered,20.0
O02862,C02784,2025-07-15,COD,Chennai,Delivered,15.0
O02863,C03142,2025-05-06,Card,Pune,Delivered,10.0
O02864,C04604,2025-02-12,UPI,Jaipur,Delivered,15.0
O02865,C00155,2025-06-22,Card,Ahmedabad,Delivered,10.0
O02866,C03631,2025-02-23,Card,Pune,Delivered,20.0
O02867,C00461,2025-09-10,Card,Kolkata,Cancelled,10.0
O02868,C01397,2025-10-26,COD,Lucknow,Delivered,0.0
O02869,C00791,2025-07-15,Net Banking,Bangalore,Delivered,15.0
O02870,C03710,2025-10-20,Card,Bangalore,Delivered,20.0
O02871,C01868,2025-08-05,Net Banking,Indore,Delivered,5.0
O02872,C01689,2025-06-18,Card,Chennai,Delivered,5.0
O02873,C00577,2025-08-10,UPI,Pune,Delivered,15.0
O02874,C03765,2025-05-08,Card,Lucknow,Delivered,10.0
O02875,C02544,2025-12-15,UPI,Indore,Delivered,20.0
O02876,C00362,2025-01-16,UPI,Ahmedabad,Delivered,10.0
O02877,C00457,2025-02-06,Card,Pune,Cancelled,15.0
O02878,C03250,2025-10-23,UPI,Kolkata,Delivered,5.0
O02879,C04225,2025-11-16,UPI,Lucknow,Delivered,25.0
O02880,C03562,2025-08-13,Card,Pune,Delivered,5.0
O02881,C03111,2025-04-24,UPI,Hyderabad,Delivered,10.0
O02882,C03530,2025-01-22,UPI,Ahmedabad,Delivered,10.0
O02883,C04908,2025-10-26,COD,Jaipur,Delivered,5.0
O02884,C04969,2025-03-03,UPI,Bangalore,Delivered,5.0
O02885,C00350,2025-07-01,COD,Mumbai,Delivered,10.0
O02886,C02693,2025-10-12,COD,Ahmedabad,Delivered,5.0
O02887,C04548,2025-01-16,COD,Pune,Delivered,0.0
O02888,C04084,2025-10-04,UPI,Pune,Delivered,20.0
O02889,C00109,2025-05-17,COD,Delhi,Delivered,5.0
O02890,C01232,2025-10-10,UPI,Pune,Delivered,10.0
O02891,C00577,2025-05-07,Card,Kolkata,Delivered,10.0
O02892,C00241,2025-03-27,Card,Kochi,Delivered,20.0
O02893,C02639,2025-07-26,Card,Kochi,Delivered,0.0
O02894,C02042,2025-12-29,COD,Mumbai,Delivered,10.0
O02895,C00371,2025-05-31,Card,Bangalore,Delivered,5.0
O02896,C02153,2025-02-20,Card,Ahmedabad,Delivered,20.0
O02897,C00098,2025-08-19,UPI,Chennai,Delivered,15.0
O02898,C04192,2025-03-21,Card,Kochi,Delivered,0.0
O02899,C01949,2025-05-11,Card,Kolkata,Delivered,5.0
O02900,C01496,2025-05-16,Card,Jaipur,Delivered,0.0
O02901,C02094,2025-12-12,Card,Chennai,Delivered,15.0
O02902,C02938,2025-06-19,UPI,Kochi,Cancelled,10.0
O02903,C02079,2025-06-12,UPI,Mumbai,Delivered,0.0
O02904,C02456,2025-07-18,Card,Jaipur,Delivered,0.0
O02905,C03447,2025-08-15,Card,Kochi,Cancelled,25.0
O02906,C01406,2025-02-17,UPI,Pune,Delivered,20.0
O02907,C04812,2025-11-06,UPI,Jaipur,Delivered,5.0
O02908,C02692,2025-09-10,Card,Chennai,Delivered,10.0
O02909,C02746,2025-04-13,COD,Pune,Cancelled,10.0
O02910,C00973,2025-02-05,UPI,Ahmedabad,Delivered,10.0
O02911,C02749,2025-01-06,Card,Indore,Delivered,5.0
O02912,C01513,2025-07-18,COD,Kolkata,Delivered,5.0
O02913,C02924,2025-01-12,UPI,Ahmedabad,Delivered,5.0
O02914,C00809,2025-04-13,UPI,Pune,Delivered,0.0
O02915,C04695,2025-07-06,COD,Delhi,Cancelled,0.0
O02916,C04231,2025-11-17,UPI,Lucknow,Delivered,0.0
O02917,C00328,2025-06-27,Card,Lucknow,Delivered,10.0
O02918,C04295,2025-06-20,Card,Ahmedabad,Delivered,15.0
O02919,C00683,2025-06-26,UPI,Kolkata,Delivered,5.0
O02920,C03332,2025-03-30,UPI,Mumbai,Delivered,10.0
O02921,C00124,2025-07-23,Card,Jaipur,Delivered,5.0
O02922,C00754,2025-12-13,COD,Ahmedabad,Delivered,0.0
O02923,C01607,2025-12-09,UPI,Kolkata,Delivered,0.0
O02924,C03579,2025-07-30,Card,Delhi,Delivered,10.0
O02925,C04667,2025-08-01,Card,Delhi,Delivered,0.0
O02926,C01469,2025-01-21,UPI,Hyderabad,Delivered,10.0
O02927,C02846,2025-03-29,Card,Mumbai,Delivered,5.0
O02928,C02939,2025-01-13,UPI,Lucknow,Delivered,20.0
O02929,C01927,2025-04-30,Card,Delhi,Delivered,0.0
O02930,C02428,2025-06-27,Card,Bangalore,Returned,5.0
O02931,C00165,2025-05-09,Card,Kochi,Returned,15.0
O02932,C01510,2025-02-20,UPI,Chennai,Delivered,15.0
O02933,C04711,2025-02-11,COD,Delhi,Delivered,0.0
O02934,C04093,2025-11-14,Card,Lucknow,Delivered,5.0
O02935,C02811,2025-04-05,Card,Pune,Delivered,10.0
O02936,C01201,2025-08-30,COD,Jaipur,Cancelled,15.0
O02937,C03282,2025-12-22,Net Banking,Chennai,Delivered,15.0
O02938,C00619,2025-03-02,Card,Mumbai,Delivered,10.0
O02939,C02713,2025-12-15,UPI,Mumbai,Delivered,15.0
O02940,C04955,2025-08-16,COD,Indore,Delivered,10.0
O02941,C03724,2025-10-04,UPI,Kolkata,Delivered,10.0
O02942,C01687,2025-01-18,Card,Kochi,Delivered,10.0
O02943,C01607,2025-09-01,Card,Indore,Delivered,15.0
O02944,C04733,2025-11-07,Net Banking,Jaipur,Delivered,0.0
O02945,C03933,2025-11-20,Net Banking,Lucknow,Delivered,5.0
O02946,C03893,2025-02-16,COD,Mumbai,Cancelled,20.0
O02947,C03804,2025-11-06,Card,Chennai,Delivered,15.0
O02948,C04311,2025-01-18,Card,Pune,Delivered,15.0
O02949,C01354,2025-07-20,UPI,Kochi,Delivered,0.0
O02950,C04240,2025-09-10,COD,Indore,Delivered,10.0
O02951,C00619,2025-07-11,COD,Kolkata,Cancelled,10.0
O02952,C00354,2025-02-18,COD,Pune,Delivered,15.0
O02953,C00281,2025-04-04,UPI,Pune,Delivered,10.0
O02954,C03378,2025-08-25,UPI,Mumbai,Delivered,10.0
O02955,C04933,2025-08-10,Card,Mumbai,Delivered,5.0
O02956,C03551,2025-06-16,UPI,Mumbai,Delivered,20.0
O02957,C01960,2025-09-11,UPI,Jaipur,Delivered,
O02958,C00390,2025-02-26,UPI,Bangalore,Delivered,10.0
O02959,C03868,2025-01-06,Net Banking,Hyderabad,Delivered,10.0
O02960,C04361,2025-08-26,COD,Pune,Cancelled,5.0
O02961,C02054,2025-08-09,Card,Jaipur,Delivered,5.0
O02962,C00168,2025-08-12,UPI,Delhi,Delivered,10.0
O02963,C04946,2025-03-19,UPI,Jaipur,Delivered,0.0
O02964,C02167,2025-01-20,UPI,Pune,Delivered,10.0
O02965,C04270,2025-11-02,Card,Chennai,Delivered,10.0
O02966,C03007,2025-09-22,COD,Indore,Cancelled,15.0
O02967,C00187,2025-07-23,UPI,Chennai,Delivered,5.0
O02968,C04047,2025-05-22,UPI,Pune,Delivered,15.0
O02969,C02941,2025-10-31,UPI,Kochi,Delivered,0.0
O02970,C01298,2025-03-21,Card,Hyderabad,Delivered,10.0
O02971,C02646,2025-07-29,COD,Ahmedabad,Delivered,20.0
O02972,C01217,2025-09-13,COD,Kochi,Returned,15.0
O02973,C04628,2025-11-08,Card,Kochi,Delivered,20.0
O02974,C03000,2025-02-09,UPI,Jaipur,Delivered,0.0
O02975,C01206,2025-12-19,COD,Hyderabad,Delivered,15.0
O02976,C00228,2025-07-21,UPI,Delhi,Delivered,10.0
O02977,C02614,2025-03-27,UPI,Indore,Delivered,5.0
O02978,C04710,2025-02-12,UPI,Jaipur,Delivered,5.0
O02979,C02137,2025-08-24,UPI,Mumbai,Cancelled,0.0
O02980,C03732,2025-03-11,UPI,Chennai,Delivered,15.0
O02981,C00250,2025-12-22,COD,Kochi,Delivered,10.0
O02982,C02273,2025-05-11,UPI,Kolkata,Delivered,0.0
O02983,C02951,2025-05-12,COD,Mumbai,Delivered,10.0
O02984,C03019,2025-09-05,COD,Hyderabad,Delivered,0.0
O02985,C04769,2025-06-04,Card,Indore,Cancelled,5.0
O02986,C02216,2025-08-18,UPI,Kochi,Cancelled,0.0
O02987,C02158,2025-03-30,Card,Pune,Delivered,10.0
O02988,C01797,2025-08-17,COD,Mumbai,Delivered,0.0
O02989,C03245,2025-01-27,UPI,Delhi,Delivered,5.0
O02990,C00297,2025-12-27,COD,Chennai,Delivered,5.0
O02991,C01928,2025-12-22,Card,Jaipur,Delivered,15.0
O02992,C02257,2025-08-26,Net Banking,Pune,Delivered,10.0
O02993,C01458,2025-06-24,COD,Indore,Delivered,10.0
O02994,C03547,2025-11-12,UPI,Indore,Delivered,5.0
O02995,C03128,2025-10-19,Card,Delhi,Returned,10.0
O02996,C02309,2025-03-02,UPI,Kochi,Delivered,0.0
O02997,C03665,2025-06-19,UPI,Kolkata,Delivered,30.0
O02998,C01590,2025-09-20,Card,Pune,Delivered,10.0
O02999,C00096,2025-11-02,COD,Lucknow,Delivered,20.0
O03000,C03933,2025-04-26,Net Banking,Bangalore,Cancelled,0.0
O03001,C01360,2025-06-24,UPI,Kolkata,Delivered,10.0
O03002,C01740,2025-08-09,UPI,Bangalore,Delivered,15.0
O03003,C03795,2025-05-08,Card,Chennai,Delivered,15.0
O03004,C01353,2025-01-05,UPI,Indore,Returned,10.0
O03005,C04925,2025-11-22,UPI,Indore,Delivered,0.0
O03006,C01543,2025-07-05,COD,Mumbai,Delivered,5.0
O03007,C02668,2025-06-21,COD,Jaipur,Cancelled,5.0
O03008,C00831,2025-07-18,COD,Delhi,Delivered,5.0
O03009,C01606,2025-08-19,Card,Chennai,Cancelled,0.0
O03010,C04646,2025-10-15,Card,Indore,Delivered,0.0
O03011,C02748,2025-12-01,COD,Ahmedabad,Cancelled,10.0
O03012,C03811,2025-04-25,UPI,Ahmedabad,Delivered,15.0
O03013,C04659,2025-11-29,COD,Jaipur,Delivered,5.0
O03014,C00222,2025-11-26,UPI,Indore,Delivered,15.0
O03015,C03952,2025-11-09,COD,Delhi,Delivered,15.0
O03016,C00531,2025-01-11,COD,Delhi,Delivered,10.0
O03017,C04127,2025-04-14,UPI,Kolkata,Delivered,10.0
O03018,C01382,2025-06-24,COD,Hyderabad,Cancelled,5.0
O03019,C04118,2025-04-30,UPI,Pune,Delivered,5.0
O03020,C00754,2025-08-25,Card,Indore,Delivered,10.0
O03021,C04310,2025-08-24,Card,Indore,Delivered,5.0
O03022,C04808,2025-11-01,Card,Bangalore,Delivered,10.0
O03023,C01189,2025-02-07,Net Banking,Mumbai,Delivered,15.0
O03024,C00409,2025-09-29,UPI,Delhi,Delivered,25.0
O03025,C02486,2025-12-10,Card,Bangalore,Cancelled,20.0
O03026,C00797,2025-09-08,COD,Delhi,Delivered,20.0
O03027,C00861,2025-11-30,Card,Kolkata,Delivered,20.0
O03028,C04172,2025-01-27,COD,Lucknow,Delivered,5.0
O03029,C00366,2025-11-26,Card,Hyderabad,Delivered,25.0
O03030,C01515,2025-05-03,COD,Chennai,Delivered,5.0
O03031,C04937,2025-06-05,COD,Lucknow,Delivered,20.0
O03032,C02935,2025-08-05,COD,Hyderabad,Delivered,10.0
O03033,C01584,2025-07-13,COD,Jaipur,Delivered,20.0
O03034,C00499,2025-10-28,UPI,Bangalore,Delivered,30.0
O03035,C03242,2025-06-10,Card,Delhi,Delivered,20.0
O03036,C01370,2025-05-08,UPI,Ahmedabad,Returned,15.0
O03037,C01252,2025-11-12,UPI,Jaipur,Delivered,5.0
O03038,C00699,2025-06-27,Card,Lucknow,Delivered,20.0
O03039,C02728,2025-05-06,Net Banking,Mumbai,Delivered,0.0
O03040,C02251,2025-06-23,Card,Kochi,Delivered,10.0
O03041,C02494,2025-02-04,COD,Chennai,Delivered,10.0
O03042,C00132,2025-08-27,Net Banking,Delhi,Delivered,10.0
O03043,C00091,2025-02-10,UPI,Kochi,Cancelled,15.0
O03044,C03895,2025-07-05,UPI,Mumbai,Delivered,5.0
O03045,C03198,2025-07-02,UPI,Indore,Delivered,10.0
O03046,C00472,2025-09-18,Card,Lucknow,Delivered,15.0
O03047,C01266,2025-02-03,UPI,Lucknow,Delivered,15.0
O03048,C04598,2025-07-06,COD,Jaipur,Delivered,10.0
O03049,C02809,2025-11-03,UPI,Chennai,Delivered,0.0
O03050,C04483,2025-05-17,UPI,Jaipur,Delivered,5.0
O03051,C01112,2025-07-21,UPI,Indore,Delivered,25.0
O03052,C00598,2025-05-23,Card,Bangalore,Delivered,25.0
O03053,C00908,2025-04-19,COD,Kolkata,Delivered,10.0
O03054,C02915,2025-06-06,Net Banking,Bangalore,Delivered,5.0
O03055,C03217,2025-09-12,COD,Chennai,Delivered,0.0
O03056,C01355,2025-06-30,UPI,Indore,Delivered,25.0
O03057,C03947,2025-12-07,Card,Lucknow,Delivered,20.0
O03058,C03236,2025-08-07,Card,Chennai,Delivered,5.0
O03059,C02705,2025-01-28,UPI,Pune,Delivered,10.0
O03060,C02390,2025-05-31,Card,Pune,Delivered,20.0
O03061,C04076,2025-12-25,UPI,Ahmedabad,Delivered,0.0
O03062,C03651,2025-04-10,UPI,Hyderabad,Delivered,10.0
O03063,C00464,2025-01-03,UPI,Kochi,Returned,20.0
O03064,C03939,2025-02-02,Net Banking,Delhi,Delivered,20.0
O03065,C01073,2025-07-18,COD,Jaipur,Delivered,5.0
O03066,C00474,2025-03-10,UPI,Chennai,Cancelled,25.0
O03067,C04984,2025-03-31,COD,Jaipur,Delivered,5.0
O03068,C00939,2025-01-17,Net Banking,Chennai,Delivered,5.0
O03069,C01311,2025-12-03,COD,Delhi,Delivered,0.0
O03070,C02341,2025-11-19,Card,Pune,Delivered,0.0
O03071,C03521,2025-11-19,UPI,Jaipur,Delivered,15.0
O03072,C04057,2025-02-03,Card,Bangalore,Delivered,5.0
O03073,C01087,2025-09-21,Card,Delhi,Delivered,20.0
O03074,C04664,2025-10-28,Net Banking,Pune,Returned,20.0
O03075,C03530,2025-03-01,COD,Jaipur,Delivered,0.0
O03076,C04970,2025-07-03,UPI,Kolkata,Delivered,10.0
O03077,C00260,2025-11-22,Card,Chennai,Delivered,15.0
O03078,C01657,2025-12-23,Card,Ahmedabad,Delivered,15.0
O03079,C02956,2025-12-31,COD,Kolkata,Delivered,0.0
O03080,C04280,2025-07-18,UPI,Mumbai,Delivered,5.0
O03081,C03120,2025-08-29,Card,Pune,Delivered,10.0
O03082,C00592,2025-08-20,UPI,Mumbai,Delivered,10.0
O03083,C01433,2025-07-30,UPI,Hyderabad,Delivered,15.0
O03084,C02488,2025-02-21,COD,Pune,Delivered,0.0
O03085,C00229,2025-04-29,UPI,Ahmedabad,Delivered,10.0
O03086,C02780,2025-11-26,COD,Chennai,Delivered,20.0
O03087,C01369,2025-08-03,UPI,Bangalore,Cancelled,30.0
O03088,C01625,2025-11-18,Net Banking,Delhi,Delivered,0.0
O03089,C03980,2025-05-29,COD,Kochi,Delivered,10.0
O03090,C00740,2025-06-25,UPI,Jaipur,Cancelled,0.0
O03091,C03175,2025-09-26,COD,Hyderabad,Delivered,5.0
O03092,C02648,2025-11-16,UPI,Lucknow,Delivered,10.0
O03093,C02071,2025-01-05,Card,Chennai,Delivered,5.0
O03094,C04572,2025-04-26,UPI,Bangalore,Delivered,10.0
O03095,C04994,2025-07-22,UPI,Kolkata,Delivered,0.0
O03096,C02035,2025-02-06,Net Banking,Chennai,Delivered,20.0
O03097,C04381,2025-02-23,UPI,Mumbai,Delivered,5.0
O03098,C01186,2025-10-15,Card,Chennai,Delivered,0.0
O03099,C00590,2025-10-11,UPI,Delhi,Delivered,10.0
O03100,C04218,2025-03-27,Card,Ahmedabad,Delivered,10.0
O03101,C01136,2025-02-14,UPI,Kochi,Returned,0.0
O03102,C03421,2025-10-11,UPI,Lucknow,Delivered,15.0
O03103,C02559,2025-11-17,UPI,Bangalore,Delivered,15.0
O03104,C00002,2025-03-11,UPI,Kolkata,Delivered,10.0
O03105,C00892,2025-02-11,Net Banking,Indore,Delivered,5.0
O03106,C04895,2025-09-29,COD,Lucknow,Returned,25.0
O03107,C04725,2025-05-21,COD,Jaipur,Delivered,15.0
O03108,C04557,2025-02-28,UPI,Indore,Delivered,5.0
O03109,C03000,2025-08-28,UPI,Bangalore,Delivered,15.0
O03110,C03554,2025-02-16,Card,Hyderabad,Delivered,0.0
O03111,C03658,2025-06-16,Net Banking,Hyderabad,Delivered,0.0
O03112,C00972,2025-04-20,Card,Lucknow,Cancelled,10.0
O03113,C04150,2025-05-06,UPI,Mumbai,Delivered,15.0
O03114,C03743,2025-10-26,COD,Bangalore,Delivered,20.0
O03115,C04205,2025-04-19,UPI,Bangalore,Delivered,25.0
O03116,C00280,2025-06-14,COD,Kochi,Delivered,15.0
O03117,C01699,2025-09-16,Net Banking,Chennai,Delivered,15.0
O03118,C02888,2025-03-17,Net Banking,Lucknow,Delivered,10.0
O03119,C02885,2025-01-07,UPI,Chennai,Delivered,0.0
O03120,C03286,2025-07-05,Card,Lucknow,Delivered,0.0
O03121,C03580,2025-10-03,Card,Kochi,Delivered,25.0
O03122,C02252,2025-03-20,UPI,Pune,Delivered,5.0
O03123,C04641,2025-03-06,Card,Jaipur,Delivered,15.0
O03124,C02357,2025-04-25,Card,Kolkata,Delivered,5.0
O03125,C04624,2025-07-21,UPI,Kolkata,Delivered,10.0
O03126,C01932,2025-05-22,UPI,Lucknow,Delivered,0.0
O03127,C03415,2025-04-08,UPI,Lucknow,Returned,15.0
O03128,C01009,2025-11-01,Net Banking,Pune,Delivered,0.0
O03129,C04713,2025-08-05,COD,Jaipur,Delivered,15.0
O03130,C02079,2025-03-15,COD,Pune,Delivered,0.0
O03131,C04196,2025-10-20,UPI,Ahmedabad,Delivered,15.0
O03132,C02715,2025-05-14,Card,Kochi,Delivered,10.0
O03133,C01339,2025-09-19,UPI,Pune,Delivered,10.0
O03134,C04591,2025-10-11,Card,Jaipur,Returned,5.0
O03135,C03690,2025-04-12,Card,Hyderabad,Cancelled,15.0
O03136,C00742,2025-07-25,COD,Lucknow,Delivered,0.0
O03137,C00734,2025-05-21,UPI,Jaipur,Delivered,20.0
O03138,C01807,2025-01-13,UPI,Delhi,Delivered,15.0
O03139,C02379,2025-09-06,COD,Kolkata,Delivered,5.0
O03140,C03266,2025-05-03,COD,Jaipur,Delivered,25.0
O03141,C01754,2025-01-10,Card,Mumbai,Returned,20.0
O03142,C01025,2025-03-21,UPI,Indore,Delivered,5.0
O03143,C01483,2025-06-16,Card,Mumbai,Returned,20.0
O03144,C02566,2025-04-09,Card,Kochi,Delivered,0.0
O03145,C03555,2025-07-26,COD,Ahmedabad,Delivered,15.0
O03146,C01780,2025-05-31,Card,Lucknow,Delivered,0.0
O03147,C03717,2025-02-06,UPI,Kochi,Delivered,25.0
O03148,C04819,2025-09-21,Card,Hyderabad,Delivered,0.0
O03149,C02117,2025-12-08,UPI,Chennai,Delivered,5.0
O03150,C04567,2025-01-05,UPI,Mumbai,Delivered,10.0
O03151,C02540,2025-08-14,UPI,Bangalore,Delivered,10.0
O03152,C02966,2025-01-27,UPI,Delhi,Delivered,10.0
O03153,C02761,2025-05-04,COD,Lucknow,Delivered,15.0
O03154,C02455,2025-10-26,Card,Hyderabad,Delivered,0.0
O03155,C03755,2025-02-04,Card,Lucknow,Delivered,10.0
O03156,C01946,2025-08-25,Card,Lucknow,Returned,10.0
O03157,C03369,2025-11-07,Net Banking,Indore,Delivered,5.0
O03158,C02630,2025-11-13,COD,Indore,Delivered,15.0
O03159,C00529,2025-10-30,COD,Indore,Returned,15.0
O03160,C04233,2025-04-12,UPI,Chennai,Delivered,10.0
O03161,C01472,2025-03-18,UPI,Hyderabad,Delivered,5.0
O03162,C02036,2025-11-08,Card,Lucknow,Delivered,10.0
O03163,C04035,2025-03-23,Card,Pune,Returned,5.0
O03164,C01368,2025-05-26,UPI,Pune,Delivered,15.0
O03165,C01720,2025-07-12,UPI,Delhi,Delivered,10.0
O03166,C01042,2025-08-12,Card,Lucknow,Delivered,0.0
O03167,C03488,2025-02-22,Card,Kochi,Delivered,10.0
O03168,C00560,2025-12-11,Card,Ahmedabad,Returned,20.0
O03169,C01565,2025-03-26,COD,Ahmedabad,Delivered,20.0
O03170,C03225,2025-05-09,Card,Lucknow,Delivered,20.0
O03171,C01801,2025-07-30,UPI,Delhi,Delivered,20.0
O03172,C03271,2025-12-18,Card,Hyderabad,Delivered,5.0
O03173,C01812,2025-09-21,Net Banking,Jaipur,Delivered,15.0
O03174,C03082,2025-07-02,UPI,Bangalore,Delivered,10.0
O03175,C04263,2025-09-29,Card,Lucknow,Delivered,0.0
O03176,C00147,2025-08-15,UPI,Mumbai,Delivered,15.0
O03177,C03829,2025-11-18,UPI,Mumbai,Delivered,5.0
O03178,C04541,2025-01-12,Card,Chennai,Delivered,20.0
O03179,C02118,2025-04-03,Card,Hyderabad,Delivered,20.0
O03180,C02664,2025-11-26,Card,Delhi,Delivered,15.0
O03181,C00319,2025-07-09,UPI,Kolkata,Delivered,15.0
O03182,C03970,2025-03-27,Card,Kochi,Delivered,10.0
O03183,C04132,2025-12-20,UPI,Indore,Delivered,15.0
O03184,C00255,2025-10-04,UPI,Mumbai,Delivered,15.0
O03185,C01337,2025-10-20,UPI,Indore,Delivered,0.0
O03186,C00335,2025-09-18,COD,Delhi,Delivered,5.0
O03187,C03092,2025-07-17,UPI,Indore,Delivered,5.0
O03188,C04394,2025-11-19,UPI,Ahmedabad,Delivered,0.0
O03189,C01045,2025-01-10,UPI,Chennai,Delivered,25.0
O03190,C04574,2025-03-29,Card,Mumbai,Delivered,10.0
O03191,C01792,2025-12-06,COD,Kochi,Delivered,10.0
O03192,C02520,2025-11-14,COD,Kochi,Delivered,5.0
O03193,C00962,2025-02-06,COD,Lucknow,Delivered,15.0
O03194,C03750,2025-08-11,UPI,Mumbai,Delivered,10.0
O03195,C04566,2025-06-24,COD,Kolkata,Delivered,15.0
O03196,C02815,2025-07-28,Card,Jaipur,Cancelled,20.0
O03197,C00590,2025-02-18,UPI,Hyderabad,Delivered,15.0
O03198,C01989,2025-01-24,Card,Bangalore,Delivered,10.0
O03199,C02840,2025-12-04,Card,Lucknow,Delivered,15.0
O03200,C03866,2025-04-16,UPI,Kolkata,Cancelled,10.0
O03201,C02434,2025-11-07,Net Banking,Delhi,Delivered,15.0
O03202,C02990,2025-09-20,Card,Bangalore,Delivered,0.0
O03203,C03949,2025-07-25,Card,Hyderabad,Delivered,5.0
O03204,C04542,2025-06-18,UPI,Kochi,Delivered,25.0
O03205,C01961,2025-06-07,UPI,Bangalore,Delivered,0.0
O03206,C04195,2025-08-29,Net Banking,Bangalore,Delivered,10.0
O03207,C00655,2025-05-03,Card,Pune,Delivered,10.0
O03208,C01079,2025-01-20,Card,Bangalore,Delivered,10.0
O03209,C03075,2025-02-25,Card,Lucknow,Delivered,20.0
O03210,C01356,2025-10-07,COD,Delhi,Delivered,15.0
O03211,C01459,2025-04-18,Card,Chennai,Delivered,15.0
O03212,C03283,2025-05-20,UPI,Delhi,Delivered,30.0
O03213,C04913,2025-04-01,Card,Hyderabad,Delivered,25.0
O03214,C04757,2025-09-28,Card,Jaipur,Delivered,20.0
O03215,C04696,2025-11-25,Net Banking,Mumbai,Delivered,10.0
O03216,C00920,2025-07-29,COD,Pune,Delivered,5.0
O03217,C01747,2025-06-25,UPI,Kolkata,Delivered,15.0
O03218,C01759,2025-03-02,UPI,Lucknow,Delivered,25.0
O03219,C01832,2025-10-11,Card,Hyderabad,Delivered,30.0
O03220,C01172,2025-01-03,Card,Kochi,Delivered,10.0
O03221,C03279,2025-09-29,UPI,Indore,Delivered,15.0
O03222,C00360,2025-06-13,Card,Kochi,Delivered,5.0
O03223,C03811,2025-01-09,COD,Hyderabad,Delivered,5.0
O03224,C01441,2025-01-12,UPI,Ahmedabad,Delivered,10.0
O03225,C02920,2025-03-15,Card,Pune,Delivered,5.0
O03226,C01720,2025-08-26,UPI,Chennai,Returned,5.0
O03227,C03254,2025-10-27,UPI,Pune,Returned,10.0
O03228,C00556,2025-04-18,UPI,Indore,Delivered,25.0
O03229,C01234,2025-01-13,Card,Indore,Delivered,25.0
O03230,C03921,2025-08-22,Net Banking,Hyderabad,Delivered,5.0
O03231,C04040,2025-09-02,COD,Chennai,Cancelled,0.0
O03232,C02298,2025-11-17,UPI,Jaipur,Delivered,5.0
O03233,C01536,2025-04-02,UPI,Kolkata,Delivered,10.0
O03234,C04059,2025-12-26,Card,Indore,Delivered,15.0
O03235,C03303,2025-07-17,UPI,Pune,Delivered,10.0
O03236,C00910,2025-04-26,COD,Pune,Cancelled,25.0
O03237,C01962,2025-05-11,UPI,Delhi,Delivered,10.0
O03238,C00012,2025-12-31,UPI,Ahmedabad,Delivered,10.0
O03239,C00980,2025-06-02,UPI,Jaipur,Delivered,15.0
O03240,C00273,2025-05-01,COD,Lucknow,Delivered,25.0
O03241,C04584,2025-04-18,UPI,Chennai,Delivered,5.0
O03242,C01998,2025-01-16,UPI,Bangalore,Delivered,5.0
O03243,C04634,2025-10-26,Card,Bangalore,Returned,5.0
O03244,C01689,2025-02-25,Card,Chennai,Delivered,10.0
O03245,C01596,2025-04-13,Net Banking,Mumbai,Delivered,10.0
O03246,C03243,2025-07-27,UPI,Mumbai,Returned,5.0
O03247,C04684,2025-05-31,UPI,Indore,Delivered,15.0
O03248,C01716,2025-09-19,Card,Hyderabad,Delivered,5.0
O03249,C04339,2025-02-12,UPI,Chennai,Delivered,15.0
O03250,C01202,2025-10-27,Card,Lucknow,Delivered,20.0
O03251,C02846,2025-04-28,UPI,Mumbai,Delivered,20.0
O03252,C00257,2025-12-02,COD,Chennai,Delivered,0.0
O03253,C00310,2025-10-06,UPI,Lucknow,Cancelled,5.0
O03254,C02564,2025-05-24,COD,Kolkata,Delivered,10.0
O03255,C03418,2025-08-16,Net Banking,Hyderabad,Delivered,20.0
O03256,C01089,2025-07-23,Net Banking,Bangalore,Delivered,10.0
O03257,C04732,2025-08-17,Card,Indore,Delivered,15.0
O03258,C04893,2025-09-22,Net Banking,Delhi,Delivered,10.0
O03259,C01177,2025-05-17,Card,Chennai,Delivered,0.0
O03260,C03098,2025-08-28,UPI,Ahmedabad,Delivered,5.0
O03261,C03231,2025-07-05,COD,Mumbai,Cancelled,15.0
O03262,C01725,2025-11-11,Card,Ahmedabad,Delivered,15.0
O03263,C02629,2025-05-31,UPI,Ahmedabad,Delivered,20.0
O03264,C04175,2025-11-21,COD,Hyderabad,Delivered,10.0
O03265,C03300,2025-10-18,Card,Chennai,Delivered,15.0
O03266,C01351,2025-12-19,COD,Pune,Delivered,10.0
O03267,C00620,2025-04-20,COD,Hyderabad,Delivered,5.0
O03268,C02549,2025-02-09,UPI,Jaipur,Delivered,5.0
O03269,C01379,2025-05-22,UPI,Mumbai,Delivered,0.0
O03270,C04059,2025-12-06,COD,Indore,Delivered,10.0
O03271,C00978,2025-01-13,Card,Hyderabad,Delivered,15.0
O03272,C01538,2025-02-22,UPI,Lucknow,Delivered,0.0
O03273,C03773,2025-03-21,UPI,Indore,Delivered,10.0
O03274,C03579,2025-08-21,UPI,Pune,Delivered,0.0
O03275,C02534,2025-12-17,Card,Bangalore,Delivered,15.0
O03276,C00478,2025-02-08,UPI,Jaipur,Delivered,0.0
O03277,C03655,2025-08-15,UPI,Ahmedabad,Returned,0.0
O03278,C01895,2025-12-06,Card,Chennai,Delivered,0.0
O03279,C02381,2025-05-01,UPI,Chennai,Delivered,10.0
O03280,C01633,2025-03-06,UPI,Jaipur,Delivered,10.0
O03281,C02041,2025-10-23,COD,Mumbai,Delivered,5.0
O03282,C01566,2025-07-24,Card,Hyderabad,Delivered,0.0
O03283,C04126,2025-05-15,UPI,Kolkata,Delivered,25.0
O03284,C04823,2025-02-14,COD,Kolkata,Delivered,20.0
O03285,C04269,2025-10-05,UPI,Ahmedabad,Delivered,10.0
O03286,C02840,2025-05-15,Card,Delhi,Returned,20.0
O03287,C00468,2025-02-21,UPI,Lucknow,Cancelled,15.0
O03288,C03548,2025-08-17,COD,Ahmedabad,Delivered,10.0
O03289,C01976,2025-12-22,UPI,Kochi,Delivered,10.0
O03290,C03389,2025-03-09,UPI,Chennai,Delivered,15.0
O03291,C04221,2025-07-17,Card,Mumbai,Delivered,15.0
O03292,C02744,2025-03-08,COD,Indore,Delivered,20.0
O03293,C02575,2025-01-03,Card,Chennai,Delivered,10.0
O03294,C01420,2025-02-27,Card,Kolkata,Delivered,15.0
O03295,C01878,2025-09-13,Card,Jaipur,Delivered,5.0
O03296,C01027,2025-12-22,COD,Hyderabad,Delivered,15.0
O03297,C04632,2025-09-22,Card,Lucknow,Delivered,0.0
O03298,C00601,2025-01-16,UPI,Delhi,Delivered,15.0
O03299,C03593,2025-09-25,COD,Mumbai,Delivered,15.0
O03300,C00988,2025-04-12,COD,Pune,Delivered,25.0
O03301,C00606,2025-10-14,Net Banking,Bangalore,Delivered,10.0
O03302,C02748,2025-08-10,Card,Chennai,Delivered,0.0
O03303,C00139,2025-01-21,Card,Chennai,Delivered,5.0
O03304,C02058,2025-01-21,COD,Kolkata,Delivered,10.0
O03305,C03587,2025-04-02,UPI,Delhi,Delivered,15.0
O03306,C04226,2025-10-11,COD,Jaipur,Delivered,5.0
O03307,C04497,2025-05-13,UPI,Kolkata,Delivered,0.0
O03308,C01245,2025-11-23,UPI,Jaipur,Delivered,5.0
O03309,C00642,2025-11-25,UPI,Pune,Delivered,5.0
O03310,C00437,2025-06-24,Card,Jaipur,Delivered,25.0
O03311,C01424,2025-08-01,UPI,Mumbai,Delivered,0.0
O03312,C01137,2025-05-28,UPI,Mumbai,Delivered,10.0
O03313,C03722,2025-08-20,Card,Indore,Delivered,10.0
O03314,C03290,2025-06-14,Card,Indore,Delivered,0.0
O03315,C00058,2025-11-10,COD,Ahmedabad,Delivered,0.0
O03316,C01137,2025-05-25,UPI,Indore,Delivered,20.0
O03317,C00700,2025-10-25,UPI,Jaipur,Delivered,20.0
O03318,C01146,2025-08-11,UPI,Mumbai,Delivered,25.0
O03319,C02456,2025-12-19,Card,Hyderabad,Delivered,5.0
O03320,C01109,2025-03-03,UPI,Hyderabad,Delivered,10.0
O03321,C04496,2025-04-06,UPI,Pune,Delivered,5.0
O03322,C00108,2025-04-22,Card,Chennai,Delivered,5.0
O03323,C01985,2025-03-28,COD,Delhi,Delivered,15.0
O03324,C04248,2025-09-12,UPI,Kochi,Delivered,10.0
O03325,C00906,2025-04-23,Card,Lucknow,Delivered,0.0
O03326,C04946,2025-09-11,UPI,Delhi,Delivered,0.0
O03327,C01993,2025-12-14,UPI,Indore,Delivered,5.0
O03328,C04123,2025-11-18,UPI,Hyderabad,Cancelled,5.0
O03329,C04215,2025-02-01,Card,Bangalore,Returned,15.0
O03330,C04819,2025-03-05,Card,Ahmedabad,Delivered,15.0
O03331,C02148,2025-06-03,COD,Pune,Delivered,20.0
O03332,C04099,2025-01-05,COD,Pune,Delivered,10.0
O03333,C00806,2025-11-26,Card,Hyderabad,Delivered,10.0
O03334,C01993,2025-07-29,UPI,Delhi,Delivered,10.0
O03335,C03601,2025-04-02,COD,Indore,Delivered,5.0
O03336,C04400,2025-08-10,COD,Jaipur,Delivered,10.0
O03337,C04273,2025-07-09,COD,Kochi,Delivered,5.0
O03338,C04011,2025-03-01,UPI,Lucknow,Cancelled,5.0
O03339,C00084,2025-07-24,COD,Hyderabad,Delivered,25.0
O03340,C04359,2025-07-31,COD,Indore,Delivered,0.0
O03341,C03321,2025-09-15,Card,Hyderabad,Delivered,15.0
O03342,C02506,2025-03-30,COD,Hyderabad,Delivered,10.0
O03343,C02457,2025-08-24,COD,Hyderabad,Delivered,15.0
O03344,C03063,2025-12-29,Card,Hyderabad,Delivered,0.0
O03345,C03853,2025-11-28,COD,Indore,Delivered,5.0
O03346,C04898,2025-07-15,COD,Kolkata,Delivered,15.0
O03347,C04991,2025-11-28,COD,Mumbai,Delivered,15.0
O03348,C04969,2025-07-02,Net Banking,Bangalore,Delivered,15.0
O03349,C00388,2025-09-08,Card,Ahmedabad,Delivered,15.0
O03350,C02004,2025-08-12,UPI,Chennai,Delivered,5.0
O03351,C01032,2025-06-20,UPI,Delhi,Returned,15.0
O03352,C01541,2025-07-17,Net Banking,Jaipur,Delivered,0.0
O03353,C00450,2025-09-06,UPI,Delhi,Delivered,0.0
O03354,C03548,2025-06-30,UPI,Chennai,Delivered,
O03355,C04438,2025-10-04,Card,Mumbai,Delivered,10.0
O03356,C01097,2025-10-02,UPI,Hyderabad,Delivered,10.0
O03357,C00860,2025-06-10,Card,Jaipur,Delivered,15.0
O03358,C00302,2025-09-05,COD,Bangalore,Delivered,10.0
O03359,C02020,2025-11-15,UPI,Lucknow,Delivered,0.0
O03360,C00881,2025-07-07,COD,Delhi,Delivered,20.0
O03361,C02282,2025-01-19,Card,Kochi,Returned,10.0
O03362,C04162,2025-09-01,Card,Bangalore,Delivered,20.0
O03363,C00230,2025-04-23,UPI,Chennai,Delivered,10.0
O03364,C00922,2025-10-05,COD,Chennai,Delivered,0.0
O03365,C01833,2025-02-20,Card,Kolkata,Delivered,15.0
O03366,C00051,2025-12-10,UPI,Chennai,Delivered,10.0
O03367,C03679,2025-05-03,Card,Ahmedabad,Delivered,0.0
O03368,C04483,2025-08-26,Net Banking,Ahmedabad,Delivered,10.0
O03369,C03782,2025-11-15,Card,Hyderabad,Delivered,25.0
O03370,C00753,2025-03-03,COD,Indore,Delivered,5.0
O03371,C01479,2025-03-15,Card,Kolkata,Delivered,5.0
O03372,C02089,2025-09-02,UPI,Lucknow,Cancelled,10.0
O03373,C02994,2025-02-01,UPI,Kolkata,Delivered,20.0
O03374,C03796,2025-06-02,UPI,Chennai,Delivered,10.0
O03375,C03341,2025-05-24,UPI,Chennai,Delivered,15.0
O03376,C02344,2025-01-15,Card,Mumbai,Delivered,5.0
O03377,C01239,2025-10-31,UPI,Indore,Delivered,0.0
O03378,C04521,2025-10-01,COD,Hyderabad,Delivered,20.0
O03379,C02237,2025-09-02,Net Banking,Pune,Delivered,30.0
O03380,C04257,2025-10-06,Card,Delhi,Cancelled,20.0
O03381,C02429,2025-02-24,Card,Kochi,Delivered,5.0
O03382,C04340,2025-02-11,UPI,Kolkata,Delivered,5.0
O03383,C00183,2025-12-25,Card,Jaipur,Delivered,25.0
O03384,C00544,2025-02-21,Card,Kolkata,Delivered,
O03385,C02827,2025-01-11,UPI,Kochi,Delivered,10.0
O03386,C00093,2025-11-07,UPI,Lucknow,Delivered,10.0
O03387,C02416,2025-03-29,Card,Pune,Delivered,10.0
O03388,C04255,2025-08-15,Card,Mumbai,Delivered,5.0
O03389,C02446,2025-04-24,Card,Chennai,Delivered,15.0
O03390,C04534,2025-01-25,Net Banking,Hyderabad,Delivered,0.0
O03391,C04402,2025-04-02,COD,Mumbai,Delivered,5.0
O03392,C03033,2025-03-28,UPI,Bangalore,Delivered,15.0
O03393,C01974,2025-03-22,COD,Jaipur,Delivered,20.0
O03394,C03290,2025-09-07,Card,Pune,Cancelled,15.0
O03395,C02377,2025-09-07,COD,Ahmedabad,Delivered,10.0
O03396,C04439,2025-07-29,COD,Chennai,Delivered,15.0
O03397,C03235,2025-01-09,UPI,Chennai,Delivered,10.0
O03398,C01134,2025-04-09,UPI,Bangalore,Delivered,15.0
O03399,C03639,2025-02-05,Card,Delhi,Delivered,15.0
O03400,C02398,2025-02-26,UPI,Pune,Delivered,0.0
O03401,C02774,2025-03-04,Card,Kochi,Delivered,5.0
O03402,C04461,2025-12-04,COD,Jaipur,Delivered,15.0
O03403,C01921,2025-10-03,UPI,Ahmedabad,Delivered,10.0
O03404,C02063,2025-08-01,Card,Lucknow,Delivered,10.0
O03405,C02201,2025-10-30,Card,Indore,Returned,15.0
O03406,C04628,2025-01-20,UPI,Chennai,Delivered,10.0
O03407,C03015,2025-09-04,Card,Delhi,Delivered,20.0
O03408,C03472,2025-01-06,Card,Jaipur,Delivered,5.0
O03409,C04951,2025-03-14,Card,Kolkata,Delivered,15.0
O03410,C00469,2025-04-17,COD,Jaipur,Delivered,10.0
O03411,C01345,2025-04-03,Card,Delhi,Delivered,10.0
O03412,C00879,2025-10-12,UPI,Pune,Cancelled,0.0
O03413,C04463,2025-12-22,COD,Bangalore,Delivered,20.0
O03414,C03910,2025-08-07,Card,Kochi,Delivered,5.0
O03415,C03808,2025-02-18,Card,Lucknow,Delivered,5.0
O03416,C04737,2025-12-30,UPI,Indore,Delivered,0.0
O03417,C04958,2025-10-22,UPI,Chennai,Delivered,10.0
O03418,C02942,2025-10-15,COD,Jaipur,Delivered,10.0
O03419,C03346,2025-06-26,UPI,Lucknow,Delivered,0.0
O03420,C00589,2025-10-26,Card,Jaipur,Delivered,15.0
O03421,C03884,2025-04-18,Card,Hyderabad,Delivered,0.0
O03422,C01330,2025-10-11,Card,Lucknow,Delivered,0.0
O03423,C00092,2025-10-28,UPI,Hyderabad,Delivered,10.0
O03424,C00458,2025-03-06,UPI,Delhi,Delivered,5.0
O03425,C03342,2025-11-02,UPI,Indore,Delivered,5.0
O03426,C01885,2025-02-23,Card,Jaipur,Returned,10.0
O03427,C03122,2025-11-03,COD,Bangalore,Delivered,10.0
O03428,C02040,2025-10-26,UPI,Pune,Cancelled,10.0
O03429,C01404,2025-11-16,COD,Delhi,Cancelled,15.0
O03430,C03704,2025-01-30,UPI,Mumbai,Delivered,10.0
O03431,C04483,2025-09-03,COD,Chennai,Delivered,25.0
O03432,C01982,2025-07-29,Card,Chennai,Delivered,15.0
O03433,C01793,2025-08-09,UPI,Mumbai,Delivered,0.0
O03434,C04467,2025-06-19,Card,Indore,Delivered,5.0
O03435,C02232,2025-12-09,Card,Ahmedabad,Delivered,10.0
O03436,C00772,2025-08-02,UPI,Mumbai,Delivered,10.0
O03437,C00205,2025-11-18,UPI,Ahmedabad,Delivered,0.0
O03438,C02220,2025-03-10,UPI,Hyderabad,Delivered,10.0
O03439,C04921,2025-08-22,COD,Kochi,Returned,10.0
O03440,C00222,2025-01-15,Net Banking,Kolkata,Delivered,10.0
O03441,C01192,2025-05-14,UPI,Delhi,Delivered,20.0
O03442,C03316,2025-07-25,Card,Jaipur,Delivered,10.0
O03443,C03290,2025-01-24,UPI,Hyderabad,Delivered,15.0
O03444,C01599,2025-03-26,UPI,Chennai,Delivered,10.0
O03445,C01909,2025-05-22,Card,Kochi,Returned,
O03446,C04263,2025-05-20,COD,Delhi,Delivered,5.0
O03447,C01543,2025-11-20,UPI,Delhi,Delivered,20.0
O03448,C00142,2025-05-02,COD,Hyderabad,Delivered,10.0
O03449,C00090,2025-10-27,UPI,Kochi,Cancelled,15.0
O03450,C03986,2025-12-07,COD,Kolkata,Delivered,10.0
O03451,C04407,2025-06-28,Card,Kolkata,Delivered,0.0
O03452,C02264,2025-07-27,UPI,Lucknow,Delivered,10.0
O03453,C03513,2025-06-15,COD,Ahmedabad,Delivered,15.0
O03454,C03707,2025-02-10,UPI,Mumbai,Delivered,20.0
O03455,C01210,2025-05-02,UPI,Hyderabad,Delivered,5.0
O03456,C04979,2025-02-13,UPI,Jaipur,Delivered,5.0
O03457,C03225,2025-03-16,UPI,Delhi,Delivered,5.0
O03458,C04857,2025-12-14,UPI,Chennai,Delivered,10.0
O03459,C01360,2025-09-29,Card,Lucknow,Delivered,20.0
O03460,C01539,2025-06-15,UPI,Pune,Delivered,5.0
O03461,C00149,2025-09-07,UPI,Bangalore,Delivered,0.0
O03462,C04811,2025-03-27,Net Banking,Ahmedabad,Delivered,10.0
O03463,C01426,2025-05-17,COD,Hyderabad,Delivered,0.0
O03464,C01718,2025-11-29,UPI,Kolkata,Delivered,5.0
O03465,C01355,2025-02-08,Card,Lucknow,Delivered,10.0
O03466,C02406,2025-03-28,Card,Hyderabad,Delivered,10.0
O03467,C02636,2025-06-04,UPI,Mumbai,Delivered,15.0
O03468,C02364,2025-06-09,UPI,Kolkata,Delivered,15.0
O03469,C02933,2025-03-05,COD,Ahmedabad,Delivered,5.0
O03470,C03108,2025-08-11,COD,Kolkata,Delivered,5.0
O03471,C01502,2025-12-28,COD,Chennai,Delivered,30.0
O03472,C01452,2025-12-12,Card,Mumbai,Delivered,5.0
O03473,C00450,2025-05-26,Card,Delhi,Delivered,0.0
O03474,C01836,2025-07-23,Card,Delhi,Delivered,15.0
O03475,C04186,2025-03-08,COD,Mumbai,Delivered,5.0
O03476,C02589,2025-01-05,COD,Indore,Delivered,10.0
O03477,C04272,2025-02-28,UPI,Ahmedabad,Delivered,20.0
O03478,C01444,2025-03-17,Card,Lucknow,Cancelled,0.0
O03479,C02949,2025-09-17,Card,Delhi,Delivered,10.0
O03480,C03936,2025-09-05,UPI,Lucknow,Delivered,5.0
O03481,C03710,2025-01-16,Card,Bangalore,Returned,30.0
O03482,C03243,2025-03-16,COD,Mumbai,Delivered,15.0
O03483,C01290,2025-12-22,Net Banking,Ahmedabad,Delivered,0.0
O03484,C00504,2025-06-25,COD,Bangalore,Delivered,5.0
O03485,C03098,2025-11-18,UPI,Bangalore,Cancelled,0.0
O03486,C02148,2025-05-16,UPI,Lucknow,Delivered,0.0
O03487,C01466,2025-10-04,UPI,Bangalore,Delivered,5.0
O03488,C04521,2025-10-09,Card,Kochi,Delivered,5.0
O03489,C01898,2025-06-17,COD,Ahmedabad,Delivered,5.0
O03490,C03717,2025-01-30,COD,Hyderabad,Delivered,10.0
O03491,C00651,2025-11-18,COD,Pune,Delivered,5.0
O03492,C03263,2025-12-02,UPI,Kolkata,Delivered,25.0
O03493,C01211,2025-09-26,UPI,Indore,Delivered,15.0
O03494,C02188,2025-01-01,COD,Ahmedabad,Delivered,0.0
O03495,C03821,2025-06-20,COD,Mumbai,Returned,5.0
O03496,C00369,2025-05-09,Card,Jaipur,Delivered,30.0
O03497,C02345,2025-06-17,Card,Kolkata,Delivered,5.0
O03498,C03272,2025-03-02,Card,Bangalore,Delivered,0.0
O03499,C02844,2025-04-27,Card,Mumbai,Delivered,5.0
O03500,C03451,2025-11-18,UPI,Ahmedabad,Delivered,15.0
O03501,C03152,2025-05-03,Card,Jaipur,Delivered,10.0
O03502,C03519,2025-09-17,Card,Chennai,Delivered,0.0
O03503,C04355,2025-08-14,UPI,Kolkata,Delivered,5.0
O03504,C01637,2025-10-19,Net Banking,Kochi,Delivered,0.0
O03505,C03861,2025-12-18,UPI,Pune,Delivered,5.0
O03506,C01145,2025-07-05,Card,Mumbai,Delivered,0.0
O03507,C03127,2025-03-26,Card,Pune,Delivered,5.0
O03508,C00018,2025-08-06,Card,Indore,Delivered,15.0
O03509,C01657,2025-05-23,UPI,Jaipur,Delivered,15.0
O03510,C04206,2025-03-31,Card,Mumbai,Delivered,15.0
O03511,C04427,2025-12-07,UPI,Indore,Delivered,15.0
O03512,C01597,2025-09-25,UPI,Ahmedabad,Delivered,5.0
O03513,C00946,2025-03-17,UPI,Hyderabad,Delivered,10.0
O03514,C01288,2025-03-10,UPI,Hyderabad,Delivered,10.0
O03515,C00268,2025-10-25,Net Banking,Kolkata,Delivered,10.0
O03516,C00435,2025-06-09,Card,Jaipur,Delivered,20.0
O03517,C02036,2025-01-08,UPI,Ahmedabad,Delivered,20.0
O03518,C02498,2025-08-07,Net Banking,Pune,Delivered,5.0
O03519,C03209,2025-11-06,UPI,Indore,Delivered,10.0
O03520,C01614,2025-03-29,UPI,Chennai,Cancelled,0.0
O03521,C00719,2025-05-21,UPI,Chennai,Delivered,10.0
O03522,C03979,2025-01-29,COD,Mumbai,Delivered,10.0
O03523,C02232,2025-01-13,Card,Chennai,Delivered,20.0
O03524,C03673,2025-11-10,UPI,Delhi,Delivered,10.0
O03525,C00741,2025-03-04,UPI,Pune,Delivered,15.0
O03526,C00805,2025-12-09,Card,Jaipur,Delivered,5.0
O03527,C04513,2025-06-24,Card,Kochi,Delivered,15.0
O03528,C04978,2025-08-04,COD,Indore,Returned,0.0
O03529,C04887,2025-08-23,Card,Hyderabad,Delivered,0.0
O03530,C03772,2025-03-28,Card,Indore,Delivered,10.0
O03531,C01727,2025-03-15,COD,Indore,Delivered,20.0
O03532,C03513,2025-10-21,Card,Lucknow,Delivered,20.0
O03533,C01099,2025-03-10,UPI,Kochi,Delivered,10.0
O03534,C02622,2025-03-10,UPI,Indore,Cancelled,0.0
O03535,C03806,2025-08-11,Card,Pune,Delivered,15.0
O03536,C03011,2025-10-12,COD,Indore,Delivered,0.0
O03537,C02984,2025-05-02,UPI,Pune,Cancelled,5.0
O03538,C03705,2025-09-20,Card,Pune,Delivered,5.0
O03539,C03384,2025-08-09,UPI,Kolkata,Delivered,20.0
O03540,C01845,2025-11-07,UPI,Hyderabad,Delivered,15.0
O03541,C03925,2025-06-13,UPI,Pune,Delivered,0.0
O03542,C03100,2025-09-20,UPI,Kochi,Delivered,20.0
O03543,C04522,2025-04-02,Card,Indore,Delivered,10.0
O03544,C04979,2025-09-23,UPI,Lucknow,Delivered,15.0
O03545,C04882,2025-12-02,Card,Kolkata,Delivered,15.0
O03546,C00535,2025-03-15,UPI,Jaipur,Returned,30.0
O03547,C00285,2025-11-10,Card,Lucknow,Delivered,5.0
O03548,C02670,2025-03-31,UPI,Jaipur,Delivered,20.0
O03549,C03787,2025-12-20,UPI,Indore,Delivered,5.0
O03550,C01130,2025-10-23,Card,Kolkata,Cancelled,30.0
O03551,C00504,2025-05-09,Card,Ahmedabad,Delivered,10.0
O03552,C04142,2025-02-18,COD,Ahmedabad,Delivered,15.0
O03553,C00537,2025-03-27,UPI,Mumbai,Delivered,30.0
O03554,C00062,2025-05-24,Card,Hyderabad,Cancelled,5.0
O03555,C02384,2025-05-15,UPI,Jaipur,Delivered,10.0
O03556,C00211,2025-04-25,Card,Ahmedabad,Delivered,30.0
O03557,C02448,2025-10-04,UPI,Bangalore,Delivered,25.0
O03558,C04805,2025-03-07,COD,Chennai,Delivered,5.0
O03559,C02395,2025-07-06,Card,Chennai,Delivered,0.0
O03560,C03270,2025-12-11,COD,Jaipur,Delivered,10.0
O03561,C00377,2025-07-20,Net Banking,Mumbai,Delivered,15.0
O03562,C01186,2025-05-18,COD,Chennai,Delivered,15.0
O03563,C03280,2025-02-21,Card,Bangalore,Delivered,10.0
O03564,C03499,2025-08-01,COD,Ahmedabad,Delivered,10.0
O03565,C02848,2025-06-07,UPI,Ahmedabad,Delivered,0.0
O03566,C00787,2025-10-17,UPI,Mumbai,Delivered,10.0
O03567,C00733,2025-12-16,Card,Kochi,Delivered,10.0
O03568,C03869,2025-07-25,Net Banking,Bangalore,Returned,15.0
O03569,C02700,2025-12-08,Card,Delhi,Delivered,0.0
O03570,C04618,2025-11-17,UPI,Jaipur,Delivered,15.0
O03571,C02159,2025-11-12,Card,Pune,Delivered,25.0
O03572,C03621,2025-05-16,UPI,Pune,Returned,15.0
O03573,C03665,2025-03-16,Card,Kochi,Returned,10.0
O03574,C02656,2025-03-10,UPI,Kolkata,Delivered,0.0
O03575,C01079,2025-10-28,UPI,Chennai,Returned,15.0
O03576,C03295,2025-02-18,UPI,Pune,Delivered,15.0
O03577,C03647,2025-07-21,COD,Mumbai,Delivered,10.0
O03578,C04620,2025-03-03,Card,Delhi,Delivered,15.0
O03579,C02194,2025-06-16,UPI,Delhi,Delivered,15.0
O03580,C02312,2025-07-24,Card,Lucknow,Delivered,10.0
O03581,C04564,2025-05-29,COD,Pune,Delivered,5.0
O03582,C01585,2025-05-01,Net Banking,Pune,Delivered,10.0
O03583,C03007,2025-11-05,COD,Lucknow,Delivered,0.0
O03584,C04045,2025-04-07,UPI,Hyderabad,Delivered,0.0
O03585,C01211,2025-02-22,UPI,Bangalore,Delivered,5.0
O03586,C03415,2025-01-09,UPI,Kochi,Delivered,5.0
O03587,C01987,2025-11-27,Card,Lucknow,Delivered,10.0
O03588,C03171,2025-09-08,Card,Ahmedabad,Delivered,10.0
O03589,C02727,2025-12-26,UPI,Kochi,Delivered,15.0
O03590,C01749,2025-12-15,COD,Kochi,Delivered,15.0
O03591,C00758,2025-05-04,COD,Kolkata,Delivered,15.0
O03592,C01178,2025-05-02,Card,Ahmedabad,Delivered,10.0
O03593,C00919,2025-07-18,Card,Pune,Delivered,15.0
O03594,C01120,2025-11-13,Card,Bangalore,Delivered,25.0
O03595,C00706,2025-04-05,Card,Pune,Delivered,15.0
O03596,C04930,2025-01-30,COD,Kolkata,Delivered,15.0
O03597,C03431,2025-04-02,UPI,Chennai,Returned,5.0
O03598,C02862,2025-03-25,Card,Hyderabad,Returned,10.0
O03599,C04495,2025-01-15,UPI,Chennai,Delivered,10.0
O03600,C01808,2025-05-23,Card,Indore,Delivered,5.0
O03601,C01400,2025-11-05,Card,Mumbai,Delivered,10.0
O03602,C02650,2025-07-28,UPI,Ahmedabad,Delivered,10.0
O03603,C04424,2025-01-23,UPI,Ahmedabad,Delivered,10.0
O03604,C01296,2025-11-22,UPI,Chennai,Delivered,20.0
O03605,C01621,2025-12-31,UPI,Chennai,Delivered,15.0
O03606,C02443,2025-05-24,Card,Indore,Delivered,20.0
O03607,C02596,2025-03-28,Net Banking,Pune,Delivered,15.0
O03608,C04173,2025-07-12,UPI,Mumbai,Delivered,5.0
O03609,C01073,2025-06-22,UPI,Chennai,Delivered,10.0
O03610,C04076,2025-09-20,Card,Bangalore,Delivered,15.0
O03611,C01450,2025-10-22,UPI,Kolkata,Delivered,15.0
O03612,C03943,2025-12-26,UPI,Indore,Delivered,20.0
O03613,C01772,2025-02-19,Card,Ahmedabad,Delivered,20.0
O03614,C01018,2025-02-17,COD,Bangalore,Delivered,5.0
O03615,C03693,2025-02-18,COD,Kochi,Delivered,0.0
O03616,C04225,2025-06-17,UPI,Bangalore,Delivered,15.0
O03617,C00519,2025-06-16,UPI,Kolkata,Delivered,0.0
O03618,C02352,2025-03-23,Card,Kochi,Delivered,20.0
O03619,C01136,2025-03-04,UPI,Chennai,Delivered,20.0
O03620,C02773,2025-08-16,Card,Jaipur,Cancelled,15.0
O03621,C00912,2025-08-02,Card,Chennai,Delivered,25.0
O03622,C00816,2025-05-10,UPI,Bangalore,Delivered,20.0
O03623,C00974,2025-06-03,UPI,Lucknow,Delivered,25.0
O03624,C01963,2025-08-30,COD,Delhi,Delivered,15.0
O03625,C02867,2025-04-06,Card,Kolkata,Delivered,5.0
O03626,C02411,2025-08-20,COD,Pune,Delivered,0.0
O03627,C03103,2025-08-26,Card,Mumbai,Delivered,0.0
O03628,C01801,2025-01-18,Card,Kolkata,Delivered,15.0
O03629,C00809,2025-12-10,UPI,Ahmedabad,Delivered,5.0
O03630,C00570,2025-11-20,COD,Chennai,Delivered,5.0
O03631,C00970,2025-09-03,COD,Hyderabad,Delivered,10.0
O03632,C04080,2025-03-01,UPI,Delhi,Delivered,0.0
O03633,C01880,2025-05-10,UPI,Kolkata,Delivered,30.0
O03634,C03320,2025-12-16,Card,Jaipur,Delivered,15.0
O03635,C04706,2025-02-18,Card,Mumbai,Delivered,10.0
O03636,C00388,2025-06-15,Card,Delhi,Cancelled,20.0
O03637,C04855,2025-06-17,Card,Mumbai,Delivered,10.0
O03638,C02490,2025-09-10,Card,Mumbai,Delivered,20.0
O03639,C00516,2025-12-02,Card,Lucknow,Delivered,20.0
O03640,C03845,2025-11-05,Card,Jaipur,Delivered,0.0
O03641,C02891,2025-03-05,UPI,Ahmedabad,Delivered,15.0
O03642,C04141,2025-02-02,UPI,Pune,Delivered,15.0
O03643,C01443,2025-02-27,Card,Jaipur,Delivered,5.0
O03644,C00723,2025-11-02,COD,Ahmedabad,Delivered,10.0
O03645,C00756,2025-03-05,COD,Jaipur,Delivered,0.0
O03646,C02251,2025-05-05,COD,Mumbai,Delivered,15.0
O03647,C01909,2025-03-02,Card,Pune,Delivered,15.0
O03648,C02587,2025-09-06,UPI,Jaipur,Delivered,30.0
O03649,C00386,2025-05-18,Card,Jaipur,Delivered,15.0
O03650,C03016,2025-03-07,UPI,Ahmedabad,Delivered,10.0
O03651,C04456,2025-06-28,Card,Bangalore,Delivered,5.0
O03652,C04088,2025-10-13,UPI,Delhi,Delivered,15.0
O03653,C01492,2025-10-08,UPI,Ahmedabad,Delivered,5.0
O03654,C01968,2025-06-20,Card,Delhi,Cancelled,25.0
O03655,C04301,2025-08-31,UPI,Kolkata,Delivered,5.0
O03656,C03319,2025-04-30,Card,Kochi,Delivered,5.0
O03657,C03039,2025-12-10,Card,Mumbai,Cancelled,10.0
O03658,C01073,2025-07-11,COD,Delhi,Delivered,20.0
O03659,C04462,2025-07-06,UPI,Chennai,Delivered,0.0
O03660,C02301,2025-08-15,UPI,Indore,Delivered,0.0
O03661,C00769,2025-09-23,COD,Lucknow,Delivered,25.0
O03662,C02680,2025-07-11,UPI,Hyderabad,Delivered,0.0
O03663,C00987,2025-08-28,COD,Hyderabad,Delivered,10.0
O03664,C04513,2025-04-04,UPI,Pune,Delivered,5.0
O03665,C03107,2025-05-06,Card,Indore,Delivered,0.0
O03666,C02360,2025-04-09,UPI,Kochi,Delivered,0.0
O03667,C00197,2025-12-10,Card,Ahmedabad,Delivered,15.0
O03668,C03045,2025-08-31,COD,Hyderabad,Delivered,15.0
O03669,C02308,2025-01-20,Card,Kochi,Delivered,0.0
O03670,C01390,2025-04-27,Card,Hyderabad,Delivered,0.0
O03671,C03559,2025-12-25,UPI,Mumbai,Delivered,25.0
O03672,C02582,2025-04-09,Net Banking,Delhi,Delivered,10.0
O03673,C02072,2025-11-26,Card,Hyderabad,Cancelled,15.0
O03674,C02991,2025-06-04,UPI,Hyderabad,Delivered,0.0
O03675,C01670,2025-11-03,UPI,Hyderabad,Cancelled,0.0
O03676,C01418,2025-07-04,UPI,Kolkata,Delivered,5.0
O03677,C02727,2025-12-01,UPI,Lucknow,Delivered,10.0
O03678,C04133,2025-01-03,COD,Mumbai,Delivered,5.0
O03679,C02870,2025-06-06,UPI,Ahmedabad,Delivered,15.0
O03680,C01587,2025-06-24,UPI,Mumbai,Delivered,15.0
O03681,C04668,2025-12-02,Card,Delhi,Delivered,10.0
O03682,C04403,2025-03-10,Card,Bangalore,Delivered,0.0
O03683,C04401,2025-01-21,UPI,Jaipur,Cancelled,10.0
O03684,C02227,2025-10-25,UPI,Delhi,Delivered,5.0
O03685,C03737,2025-04-28,UPI,Mumbai,Cancelled,5.0
O03686,C00932,2025-10-04,Card,Hyderabad,Returned,0.0
O03687,C01543,2025-05-10,UPI,Ahmedabad,Delivered,10.0
O03688,C01993,2025-07-25,COD,Kolkata,Delivered,15.0
O03689,C03707,2025-07-16,Card,Bangalore,Delivered,10.0
O03690,C04060,2025-05-15,Card,Pune,Delivered,15.0
O03691,C03550,2025-07-22,Net Banking,Delhi,Delivered,30.0
O03692,C03145,2025-02-04,Card,Chennai,Delivered,10.0
O03693,C04893,2025-01-30,Card,Lucknow,Delivered,5.0
O03694,C01535,2025-11-07,UPI,Mumbai,Delivered,10.0
O03695,C03137,2025-09-14,Card,Ahmedabad,Delivered,5.0
O03696,C04843,2025-07-01,UPI,Delhi,Delivered,5.0
O03697,C02675,2025-07-27,Card,Jaipur,Delivered,5.0
O03698,C04549,2025-05-09,Card,Bangalore,Delivered,10.0
O03699,C04927,2025-03-04,Card,Hyderabad,Delivered,10.0
O03700,C04854,2025-12-08,COD,Delhi,Delivered,15.0
O03701,C00861,2025-03-18,Card,Kolkata,Delivered,10.0
O03702,C01553,2025-01-15,UPI,Lucknow,Cancelled,5.0
O03703,C04915,2025-11-21,Card,Kolkata,Delivered,10.0
O03704,C01393,2025-02-28,Net Banking,Ahmedabad,Cancelled,15.0
O03705,C01880,2025-05-31,Card,Jaipur,Cancelled,15.0
O03706,C00381,2025-04-18,UPI,Chennai,Delivered,0.0
O03707,C00649,2025-04-17,Net Banking,Indore,Delivered,25.0
O03708,C04342,2025-05-19,UPI,Lucknow,Delivered,5.0
O03709,C03622,2025-10-07,Net Banking,Kochi,Delivered,10.0
O03710,C04661,2025-03-13,UPI,Kochi,Delivered,0.0
O03711,C03418,2025-04-21,Net Banking,Delhi,Delivered,20.0
O03712,C00821,2025-08-14,UPI,Jaipur,Delivered,15.0
O03713,C00472,2025-04-16,Card,Bangalore,Delivered,5.0
O03714,C02017,2025-06-08,COD,Bangalore,Delivered,15.0
O03715,C00122,2025-05-30,Card,Delhi,Delivered,5.0
O03716,C04877,2025-01-14,COD,Mumbai,Cancelled,5.0
O03717,C02796,2025-01-05,Card,Ahmedabad,Delivered,10.0
O03718,C04217,2025-05-07,UPI,Chennai,Delivered,10.0
O03719,C02187,2025-09-30,UPI,Kochi,Delivered,5.0
O03720,C02135,2025-12-04,Card,Bangalore,Cancelled,15.0
O03721,C02178,2025-07-30,Card,Delhi,Delivered,10.0
O03722,C02300,2025-11-23,UPI,Delhi,Delivered,0.0
O03723,C01384,2025-12-12,UPI,Mumbai,Delivered,10.0
O03724,C03502,2025-08-05,Card,Jaipur,Delivered,10.0
O03725,C04143,2025-03-20,COD,Bangalore,Delivered,15.0
O03726,C01969,2025-04-03,COD,Kochi,Delivered,20.0
O03727,C03663,2025-08-26,UPI,Chennai,Delivered,5.0
O03728,C01834,2025-08-22,Net Banking,Jaipur,Cancelled,15.0
O03729,C03948,2025-06-26,Net Banking,Indore,Delivered,0.0
O03730,C02473,2025-09-12,UPI,Delhi,Delivered,0.0
O03731,C04827,2025-11-17,Card,Kochi,Delivered,25.0
O03732,C04207,2025-05-12,Card,Delhi,Delivered,20.0
O03733,C01251,2025-09-22,Card,Pune,Delivered,10.0
O03734,C03111,2025-10-19,Card,Bangalore,Delivered,0.0
O03735,C00135,2025-06-28,Card,Jaipur,Delivered,5.0
O03736,C00610,2025-12-10,UPI,Pune,Delivered,10.0
O03737,C01058,2025-05-26,UPI,Indore,Returned,15.0
O03738,C03035,2025-05-23,UPI,Indore,Delivered,15.0
O03739,C01989,2025-01-20,COD,Ahmedabad,Delivered,15.0
O03740,C03775,2025-02-27,UPI,Mumbai,Delivered,5.0
O03741,C02247,2025-10-23,COD,Delhi,Delivered,5.0
O03742,C04656,2025-03-07,Card,Jaipur,Returned,0.0
O03743,C00259,2025-12-11,Card,Kolkata,Delivered,0.0
O03744,C03901,2025-01-13,COD,Chennai,Delivered,5.0
O03745,C00916,2025-03-03,UPI,Jaipur,Delivered,5.0
O03746,C03943,2025-02-15,UPI,Kochi,Delivered,10.0
O03747,C00238,2025-04-03,Net Banking,Ahmedabad,Delivered,20.0
O03748,C03356,2025-08-11,Card,Chennai,Delivered,15.0
O03749,C00688,2025-01-23,UPI,Lucknow,Delivered,15.0
O03750,C01159,2025-12-23,UPI,Mumbai,Delivered,10.0
O03751,C02130,2025-03-08,COD,Delhi,Delivered,15.0
O03752,C00595,2025-04-24,Card,Delhi,Delivered,5.0
O03753,C02702,2025-07-25,UPI,Indore,Delivered,10.0
O03754,C01751,2025-03-07,COD,Pune,Delivered,10.0
O03755,C00403,2025-02-19,Card,Hyderabad,Delivered,10.0
O03756,C00822,2025-05-21,Net Banking,Pune,Delivered,15.0
O03757,C03839,2025-09-15,UPI,Ahmedabad,Delivered,25.0
O03758,C02236,2025-02-03,Card,Lucknow,Delivered,15.0
O03759,C02541,2025-10-23,UPI,Chennai,Delivered,25.0
O03760,C02303,2025-09-10,Card,Hyderabad,Delivered,10.0
O03761,C01698,2025-03-10,UPI,Bangalore,Delivered,5.0
O03762,C03929,2025-07-08,UPI,Kolkata,Delivered,15.0
O03763,C01614,2025-06-02,UPI,Hyderabad,Returned,30.0
O03764,C04581,2025-07-22,UPI,Kolkata,Delivered,15.0
O03765,C03680,2025-03-18,Net Banking,Bangalore,Delivered,25.0
O03766,C03553,2025-07-10,UPI,Delhi,Delivered,0.0
O03767,C02228,2025-01-28,Card,Delhi,Delivered,5.0
O03768,C03679,2025-08-01,Card,Delhi,Delivered,5.0
O03769,C04997,2025-02-25,Card,Kolkata,Delivered,10.0
O03770,C01465,2025-04-22,COD,Lucknow,Delivered,0.0
O03771,C04740,2025-08-31,COD,Jaipur,Delivered,20.0
O03772,C04883,2025-06-03,Net Banking,Jaipur,Delivered,15.0
O03773,C03101,2025-06-04,COD,Ahmedabad,Delivered,0.0
O03774,C04114,2025-10-09,COD,Delhi,Delivered,0.0
O03775,C01957,2025-09-28,Card,Indore,Delivered,10.0
O03776,C04094,2025-02-19,Card,Mumbai,Delivered,20.0
O03777,C04852,2025-03-09,Card,Delhi,Delivered,0.0
O03778,C00687,2025-05-12,UPI,Lucknow,Delivered,10.0
O03779,C02037,2025-06-07,UPI,Chennai,Delivered,5.0
O03780,C03580,2025-11-29,UPI,Pune,Delivered,5.0
O03781,C00601,2025-09-22,UPI,Mumbai,Delivered,15.0
O03782,C01044,2025-06-19,Card,Hyderabad,Delivered,20.0
O03783,C01380,2025-09-27,UPI,Lucknow,Returned,25.0
O03784,C04529,2025-08-08,Card,Lucknow,Delivered,15.0
O03785,C01042,2025-02-09,COD,Mumbai,Delivered,0.0
O03786,C01574,2025-10-16,Card,Bangalore,Delivered,5.0
O03787,C04472,2025-03-20,UPI,Lucknow,Delivered,
O03788,C01364,2025-08-27,UPI,Delhi,Delivered,5.0
O03789,C01011,2025-03-01,COD,Kolkata,Cancelled,10.0
O03790,C04812,2025-11-16,Net Banking,Mumbai,Delivered,5.0
O03791,C01257,2025-11-14,COD,Delhi,Delivered,20.0
O03792,C01128,2025-12-01,UPI,Indore,Delivered,0.0
O03793,C01024,2025-08-25,UPI,Hyderabad,Delivered,10.0
O03794,C03695,2025-03-17,Net Banking,Jaipur,Returned,0.0
O03795,C02785,2025-11-02,UPI,Mumbai,Delivered,5.0
O03796,C04317,2025-02-08,UPI,Pune,Delivered,10.0
O03797,C01050,2025-07-18,UPI,Bangalore,Cancelled,10.0
O03798,C02302,2025-04-15,Net Banking,Kolkata,Delivered,5.0
O03799,C04922,2025-03-11,Card,Mumbai,Cancelled,15.0
O03800,C01155,2025-10-09,Net Banking,Kolkata,Delivered,10.0
O03801,C00030,2025-02-27,UPI,Mumbai,Delivered,30.0
O03802,C00787,2025-11-25,COD,Delhi,Delivered,0.0
O03803,C04106,2025-06-28,UPI,Ahmedabad,Delivered,5.0
O03804,C03161,2025-11-04,UPI,Kolkata,Delivered,15.0
O03805,C01171,2025-08-10,Card,Hyderabad,Cancelled,10.0
O03806,C03199,2025-05-24,Card,Indore,Delivered,5.0
O03807,C02746,2025-10-31,Card,Jaipur,Delivered,10.0
O03808,C01365,2025-01-27,Net Banking,Ahmedabad,Delivered,10.0
O03809,C01542,2025-06-10,UPI,Mumbai,Delivered,0.0
O03810,C04147,2025-05-31,UPI,Mumbai,Delivered,15.0
O03811,C04494,2025-06-22,Card,Delhi,Delivered,10.0
O03812,C00314,2025-07-30,COD,Mumbai,Delivered,10.0
O03813,C02696,2025-12-22,COD,Delhi,Delivered,15.0
O03814,C04610,2025-01-22,Card,Mumbai,Delivered,10.0
O03815,C00530,2025-10-25,COD,Hyderabad,Cancelled,15.0
O03816,C04956,2025-12-31,UPI,Jaipur,Delivered,25.0
O03817,C02467,2025-02-02,UPI,Ahmedabad,Delivered,25.0
O03818,C02242,2025-04-19,Card,Hyderabad,Delivered,10.0
O03819,C00312,2025-02-16,COD,Kolkata,Delivered,0.0
O03820,C00996,2025-04-06,Card,Kochi,Returned,0.0
O03821,C02524,2025-05-05,Card,Indore,Cancelled,15.0
O03822,C02632,2025-12-01,Card,Chennai,Delivered,0.0
O03823,C00264,2025-10-22,Card,Kolkata,Delivered,5.0
O03824,C03853,2025-10-29,COD,Chennai,Delivered,15.0
O03825,C00021,2025-11-24,Card,Mumbai,Delivered,30.0
O03826,C02525,2025-11-03,UPI,Ahmedabad,Delivered,5.0
O03827,C04645,2025-01-25,COD,Bangalore,Delivered,0.0
O03828,C01197,2025-03-23,Card,Jaipur,Delivered,0.0
O03829,C03134,2025-02-27,COD,Indore,Delivered,5.0
O03830,C00206,2025-01-26,COD,Bangalore,Delivered,30.0
O03831,C01637,2025-10-24,UPI,Chennai,Delivered,0.0
O03832,C00631,2025-02-13,Card,Jaipur,Delivered,15.0
O03833,C02227,2025-03-26,Card,Bangalore,Delivered,0.0
O03834,C02390,2025-01-22,UPI,Bangalore,Delivered,5.0
O03835,C04536,2025-08-14,COD,Delhi,Delivered,0.0
O03836,C01099,2025-02-06,Card,Ahmedabad,Delivered,5.0
O03837,C00290,2025-04-11,COD,Delhi,Cancelled,0.0
O03838,C02605,2025-05-22,COD,Indore,Delivered,0.0
O03839,C00208,2025-01-04,UPI,Mumbai,Delivered,15.0
O03840,C03815,2025-01-24,COD,Hyderabad,Delivered,5.0
O03841,C00272,2025-07-10,COD,Kochi,Delivered,0.0
O03842,C03679,2025-11-17,COD,Chennai,Delivered,5.0
O03843,C00415,2025-11-18,Card,Indore,Delivered,15.0
O03844,C03469,2025-09-26,Card,Lucknow,Delivered,5.0
O03845,C04480,2025-01-27,UPI,Jaipur,Delivered,10.0
O03846,C01285,2025-03-22,COD,Lucknow,Returned,5.0
O03847,C04987,2025-05-01,Card,Delhi,Delivered,5.0
O03848,C01663,2025-12-31,Card,Kolkata,Delivered,10.0
O03849,C04015,2025-03-10,UPI,Lucknow,Delivered,15.0
O03850,C01042,2025-11-09,Card,Kochi,Delivered,5.0
O03851,C04091,2025-03-13,UPI,Ahmedabad,Delivered,10.0
O03852,C02295,2025-09-03,Net Banking,Lucknow,Delivered,10.0
O03853,C03714,2025-09-03,COD,Mumbai,Cancelled,5.0
O03854,C02462,2025-09-10,UPI,Chennai,Delivered,5.0
O03855,C01344,2025-12-30,Card,Indore,Delivered,10.0
O03856,C02763,2025-03-14,Card,Jaipur,Delivered,25.0
O03857,C02229,2025-10-01,COD,Lucknow,Delivered,20.0
O03858,C03368,2025-01-16,COD,Jaipur,Delivered,10.0
O03859,C00944,2025-06-28,Net Banking,Kochi,Delivered,10.0
O03860,C04989,2025-12-18,UPI,Jaipur,Delivered,10.0
O03861,C04157,2025-02-09,UPI,Lucknow,Delivered,15.0
O03862,C04060,2025-02-08,Card,Bangalore,Delivered,0.0
O03863,C00166,2025-02-25,COD,Bangalore,Delivered,15.0
O03864,C01906,2025-08-21,UPI,Bangalore,Delivered,15.0
O03865,C03057,2025-02-23,UPI,Ahmedabad,Delivered,5.0
O03866,C01324,2025-06-21,COD,Kolkata,Delivered,20.0
O03867,C04751,2025-10-29,COD,Jaipur,Delivered,0.0
O03868,C00351,2025-07-08,UPI,Lucknow,Delivered,20.0
O03869,C02311,2025-02-12,COD,Hyderabad,Delivered,5.0
O03870,C03310,2025-01-04,UPI,Delhi,Delivered,15.0
O03871,C00932,2025-09-18,UPI,Ahmedabad,Delivered,0.0
O03872,C03839,2025-02-27,UPI,Bangalore,Delivered,10.0
O03873,C01114,2025-02-06,COD,Indore,Delivered,0.0
O03874,C02187,2025-08-23,Card,Mumbai,Delivered,5.0
O03875,C01990,2025-09-22,UPI,Ahmedabad,Delivered,20.0
O03876,C01386,2025-01-15,UPI,Bangalore,Delivered,10.0
O03877,C03485,2025-03-29,Card,Indore,Delivered,15.0
O03878,C01117,2025-04-09,Card,Lucknow,Cancelled,15.0
O03879,C00134,2025-04-15,Net Banking,Chennai,Delivered,10.0
O03880,C03952,2025-08-05,COD,Delhi,Delivered,10.0
O03881,C01228,2025-07-10,UPI,Mumbai,Delivered,15.0
O03882,C03110,2025-08-03,COD,Kolkata,Returned,0.0
O03883,C02505,2025-07-17,UPI,Mumbai,Delivered,0.0
O03884,C03606,2025-04-15,Net Banking,Chennai,Cancelled,10.0
O03885,C01882,2025-01-27,UPI,Ahmedabad,Delivered,25.0
O03886,C04534,2025-07-01,UPI,Kolkata,Delivered,10.0
O03887,C00680,2025-03-24,Card,Pune,Returned,15.0
O03888,C02695,2025-06-08,UPI,Chennai,Delivered,15.0
O03889,C02670,2025-08-18,UPI,Jaipur,Delivered,10.0
O03890,C01248,2025-08-23,Card,Mumbai,Delivered,5.0
O03891,C01192,2025-10-15,Card,Mumbai,Delivered,20.0
O03892,C01131,2025-01-18,Card,Bangalore,Delivered,10.0
O03893,C01404,2025-10-11,COD,Kolkata,Delivered,25.0
O03894,C02072,2025-03-12,Card,Ahmedabad,Delivered,0.0
O03895,C01331,2025-08-03,Net Banking,Chennai,Delivered,5.0
O03896,C01382,2025-04-27,UPI,Chennai,Delivered,0.0
O03897,C00370,2025-04-10,UPI,Kolkata,Delivered,20.0
O03898,C03795,2025-03-29,Card,Pune,Delivered,15.0
O03899,C02491,2025-12-14,UPI,Kochi,Cancelled,15.0
O03900,C01177,2025-06-02,UPI,Ahmedabad,Delivered,15.0
O03901,C00376,2025-10-22,COD,Jaipur,Delivered,0.0
O03902,C02761,2025-06-26,Card,Hyderabad,Delivered,10.0
O03903,C03291,2025-05-12,UPI,Indore,Delivered,15.0
O03904,C01944,2025-11-04,COD,Jaipur,Cancelled,5.0
O03905,C00958,2025-05-02,UPI,Lucknow,Delivered,15.0
O03906,C00811,2025-07-30,Card,Bangalore,Delivered,5.0
O03907,C04923,2025-03-09,UPI,Delhi,Delivered,10.0
O03908,C01534,2025-02-26,UPI,Bangalore,Delivered,5.0
O03909,C04431,2025-01-13,UPI,Lucknow,Delivered,25.0
O03910,C00410,2025-07-12,COD,Chennai,Cancelled,10.0
O03911,C00054,2025-03-04,UPI,Ahmedabad,Delivered,5.0
O03912,C04797,2025-11-23,Card,Hyderabad,Delivered,0.0
O03913,C01099,2025-06-02,UPI,Indore,Delivered,0.0
O03914,C02397,2025-01-23,UPI,Kochi,Delivered,10.0
O03915,C00975,2025-01-30,Card,Indore,Delivered,15.0
O03916,C04489,2025-07-08,Card,Chennai,Delivered,25.0
O03917,C04650,2025-11-06,COD,Bangalore,Delivered,10.0
O03918,C02895,2025-04-19,COD,Indore,Delivered,15.0
O03919,C03280,2025-12-19,UPI,Bangalore,Delivered,10.0
O03920,C04922,2025-03-01,UPI,Chennai,Delivered,20.0
O03921,C04840,2025-03-07,COD,Indore,Delivered,5.0
O03922,C02225,2025-06-15,Net Banking,Chennai,Delivered,10.0
O03923,C02559,2025-05-21,Card,Ahmedabad,Returned,25.0
O03924,C03691,2025-02-21,Card,Mumbai,Delivered,0.0
O03925,C00139,2025-06-29,UPI,Pune,Delivered,5.0
O03926,C03174,2025-02-01,Card,Chennai,Returned,15.0
O03927,C02521,2025-08-02,UPI,Mumbai,Delivered,10.0
O03928,C04638,2025-09-22,Net Banking,Chennai,Delivered,0.0
O03929,C02242,2025-01-17,UPI,Indore,Delivered,10.0
O03930,C03828,2025-05-06,UPI,Jaipur,Delivered,10.0
O03931,C01338,2025-03-23,Card,Indore,Delivered,10.0
O03932,C04090,2025-02-09,UPI,Chennai,Delivered,5.0
O03933,C02853,2025-04-14,Card,Chennai,Delivered,0.0
O03934,C02295,2025-08-07,Net Banking,Lucknow,Cancelled,10.0
O03935,C02678,2025-07-01,Card,Mumbai,Delivered,10.0
O03936,C00073,2025-06-05,COD,Jaipur,Delivered,10.0
O03937,C02879,2025-06-27,UPI,Mumbai,Delivered,0.0
O03938,C02142,2025-01-18,UPI,Chennai,Delivered,0.0
O03939,C04531,2025-05-21,Net Banking,Mumbai,Delivered,0.0
O03940,C01807,2025-06-10,UPI,Mumbai,Returned,10.0
O03941,C02046,2025-08-02,COD,Hyderabad,Delivered,15.0
O03942,C03503,2025-08-10,Card,Kochi,Delivered,5.0
O03943,C04553,2025-09-19,Card,Delhi,Delivered,15.0
O03944,C03502,2025-02-14,Card,Kochi,Delivered,5.0
O03945,C02277,2025-07-06,COD,Jaipur,Delivered,15.0
O03946,C02078,2025-12-20,Net Banking,Indore,Delivered,20.0
O03947,C01649,2025-08-29,UPI,Hyderabad,Delivered,15.0
O03948,C00335,2025-08-13,Card,Kochi,Cancelled,15.0
O03949,C04756,2025-11-30,UPI,Kochi,Delivered,0.0
O03950,C04665,2025-02-17,Card,Mumbai,Delivered,5.0
O03951,C04273,2025-04-21,UPI,Bangalore,Delivered,5.0
O03952,C02872,2025-03-24,Card,Mumbai,Delivered,10.0
O03953,C02616,2025-04-14,UPI,Kochi,Delivered,5.0
O03954,C04873,2025-03-15,UPI,Hyderabad,Delivered,10.0
O03955,C04173,2025-02-24,Card,Mumbai,Delivered,10.0
O03956,C00933,2025-11-13,UPI,Pune,Delivered,10.0
O03957,C00636,2025-01-02,Card,Pune,Delivered,15.0
O03958,C03230,2025-08-30,Card,Bangalore,Delivered,0.0
O03959,C01191,2025-09-15,UPI,Indore,Delivered,20.0
O03960,C00012,2025-11-28,UPI,Hyderabad,Returned,0.0
O03961,C04003,2025-01-10,COD,Chennai,Delivered,10.0
O03962,C04927,2025-03-17,Net Banking,Ahmedabad,Delivered,20.0
O03963,C01450,2025-09-15,UPI,Ahmedabad,Delivered,10.0
O03964,C00449,2025-05-01,UPI,Jaipur,Delivered,15.0
O03965,C02497,2025-11-17,UPI,Mumbai,Delivered,10.0
O03966,C00427,2025-08-03,COD,Lucknow,Delivered,20.0
O03967,C00916,2025-09-02,Card,Bangalore,Delivered,30.0
O03968,C03170,2025-12-03,UPI,Kochi,Delivered,20.0
O03969,C04727,2025-06-29,UPI,Hyderabad,Delivered,0.0
O03970,C04322,2025-12-07,COD,Mumbai,Cancelled,0.0
O03971,C00447,2025-10-27,Card,Chennai,Delivered,10.0
O03972,C01911,2025-10-17,COD,Bangalore,Delivered,25.0
O03973,C03736,2025-03-14,UPI,Bangalore,Delivered,10.0
O03974,C02251,2025-07-28,COD,Chennai,Delivered,5.0
O03975,C04771,2025-08-29,Card,Hyderabad,Returned,25.0
O03976,C02682,2025-12-28,Card,Lucknow,Delivered,15.0
O03977,C01402,2025-06-22,Card,Pune,Delivered,15.0
O03978,C03408,2025-01-05,Card,Lucknow,Cancelled,0.0
O03979,C01044,2025-08-05,Card,Kolkata,Delivered,5.0
O03980,C03019,2025-08-02,UPI,Kolkata,Delivered,10.0
O03981,C00392,2025-11-21,Net Banking,Chennai,Returned,15.0
O03982,C04820,2025-11-06,COD,Hyderabad,Delivered,5.0
O03983,C01286,2025-02-07,Card,Ahmedabad,Delivered,5.0
O03984,C04110,2025-03-02,UPI,Jaipur,Delivered,10.0
O03985,C02435,2025-04-05,UPI,Pune,Delivered,10.0
O03986,C00642,2025-08-21,COD,Kochi,Delivered,20.0
O03987,C01046,2025-10-04,Net Banking,Delhi,Delivered,25.0
O03988,C04321,2025-02-05,UPI,Hyderabad,Delivered,0.0
O03989,C04038,2025-01-01,COD,Jaipur,Delivered,5.0
O03990,C03048,2025-05-30,Card,Hyderabad,Returned,15.0
O03991,C01158,2025-08-03,UPI,Indore,Delivered,5.0
O03992,C03250,2025-02-15,Card,Lucknow,Delivered,5.0
O03993,C03628,2025-03-06,Card,Kochi,Delivered,15.0
O03994,C01544,2025-01-06,UPI,Ahmedabad,Delivered,10.0
O03995,C00792,2025-03-22,UPI,Ahmedabad,Delivered,15.0
O03996,C00437,2025-07-08,UPI,Kolkata,Delivered,0.0
O03997,C03515,2025-05-31,COD,Pune,Delivered,10.0
O03998,C04677,2025-05-28,Card,Pune,Delivered,15.0
O03999,C04783,2025-01-28,Card,Pune,Delivered,10.0
O04000,C04461,2025-06-14,Card,Ahmedabad,Returned,0.0
O04001,C03960,2025-05-15,Net Banking,Mumbai,Delivered,0.0
O04002,C04365,2025-09-11,UPI,Indore,Delivered,10.0
O04003,C01717,2025-11-01,UPI,Mumbai,Delivered,0.0
O04004,C03637,2025-07-31,UPI,Hyderabad,Delivered,5.0
O04005,C03365,2025-10-07,COD,Lucknow,Delivered,10.0
O04006,C04174,2025-03-21,Card,Hyderabad,Delivered,10.0
O04007,C00189,2025-09-26,COD,Chennai,Delivered,5.0
O04008,C02719,2025-12-14,UPI,Mumbai,Delivered,10.0
O04009,C02406,2025-01-15,Card,Ahmedabad,Delivered,5.0
O04010,C03931,2025-03-28,UPI,Delhi,Delivered,0.0
O04011,C03166,2025-08-11,Card,Bangalore,Delivered,15.0
O04012,C00903,2025-11-21,UPI,Bangalore,Delivered,15.0
O04013,C00341,2025-04-01,Card,Indore,Delivered,15.0
O04014,C02882,2025-11-12,COD,Pune,Delivered,0.0
O04015,C04507,2025-09-23,Net Banking,Pune,Delivered,10.0
O04016,C04994,2025-11-03,UPI,Hyderabad,Delivered,5.0
O04017,C00644,2025-11-16,COD,Hyderabad,Delivered,5.0
O04018,C00021,2025-04-16,COD,Chennai,Delivered,0.0
O04019,C03073,2025-09-10,UPI,Indore,Delivered,25.0
O04020,C00678,2025-07-18,Card,Hyderabad,Delivered,25.0
O04021,C01100,2025-02-25,Card,Mumbai,Delivered,10.0
O04022,C02651,2025-08-27,UPI,Chennai,Delivered,20.0
O04023,C03470,2025-12-13,UPI,Mumbai,Delivered,5.0
O04024,C04184,2025-12-07,UPI,Delhi,Delivered,10.0
O04025,C02065,2025-12-29,Card,Chennai,Delivered,15.0
O04026,C03401,2025-08-06,UPI,Bangalore,Delivered,10.0
O04027,C02872,2025-07-31,UPI,Lucknow,Delivered,0.0
O04028,C02431,2025-07-08,Card,Delhi,Delivered,5.0
O04029,C02688,2025-12-01,UPI,Kochi,Delivered,15.0
O04030,C01417,2025-12-31,UPI,Indore,Delivered,15.0
O04031,C04406,2025-04-12,UPI,Hyderabad,Delivered,5.0
O04032,C00492,2025-05-23,Net Banking,Mumbai,Delivered,10.0
O04033,C00760,2025-10-12,UPI,Delhi,Delivered,5.0
O04034,C03502,2025-03-11,UPI,Jaipur,Delivered,5.0
O04035,C00001,2025-12-02,UPI,Ahmedabad,Delivered,0.0
O04036,C02089,2025-03-06,UPI,Delhi,Returned,10.0
O04037,C03657,2025-07-17,Card,Pune,Delivered,15.0
O04038,C04768,2025-01-16,Net Banking,Indore,Delivered,20.0
O04039,C00212,2025-11-06,Card,Kolkata,Delivered,10.0
O04040,C03723,2025-12-19,Card,Pune,Delivered,15.0
O04041,C03518,2025-09-20,UPI,Chennai,Delivered,5.0
O04042,C01966,2025-03-01,UPI,Indore,Returned,5.0
O04043,C00304,2025-01-10,UPI,Indore,Delivered,5.0
O04044,C04787,2025-11-05,COD,Mumbai,Delivered,10.0
O04045,C03773,2025-01-08,Card,Hyderabad,Delivered,0.0
O04046,C01782,2025-12-07,UPI,Bangalore,Delivered,0.0
O04047,C03226,2025-03-31,UPI,Hyderabad,Returned,10.0
O04048,C04712,2025-02-06,UPI,Bangalore,Delivered,5.0
O04049,C04619,2025-03-25,COD,Delhi,Delivered,10.0
O04050,C02073,2025-08-22,Card,Lucknow,Delivered,25.0
O04051,C00808,2025-09-07,COD,Kochi,Delivered,20.0
O04052,C04121,2025-08-28,Card,Pune,Delivered,0.0
O04053,C01777,2025-04-14,UPI,Mumbai,Delivered,0.0
O04054,C03191,2025-07-30,Net Banking,Jaipur,Delivered,0.0
O04055,C04043,2025-08-13,UPI,Delhi,Delivered,0.0
O04056,C04204,2025-10-06,UPI,Delhi,Delivered,5.0
O04057,C01354,2025-06-15,COD,Pune,Delivered,5.0
O04058,C00180,2025-10-28,UPI,Bangalore,Delivered,0.0
O04059,C00881,2025-02-15,Card,Chennai,Cancelled,10.0
O04060,C01831,2025-01-02,COD,Kochi,Delivered,10.0
O04061,C04699,2025-06-25,Card,Delhi,Delivered,15.0
O04062,C04003,2025-09-30,UPI,Bangalore,Delivered,10.0
O04063,C02801,2025-04-28,Card,Pune,Delivered,5.0
O04064,C04264,2025-09-29,COD,Kochi,Delivered,10.0
O04065,C00223,2025-06-22,Card,Pune,Delivered,20.0
O04066,C04565,2025-10-31,Card,Jaipur,Delivered,5.0
O04067,C04374,2025-06-01,Net Banking,Pune,Delivered,5.0
O04068,C02238,2025-12-17,Net Banking,Kolkata,Delivered,15.0
O04069,C02579,2025-07-12,Card,Delhi,Delivered,20.0
O04070,C01779,2025-04-02,UPI,Hyderabad,Delivered,25.0
O04071,C00621,2025-06-10,Card,Hyderabad,Delivered,5.0
O04072,C01214,2025-04-16,UPI,Mumbai,Delivered,5.0
O04073,C04055,2025-08-17,Card,Pune,Delivered,20.0
O04074,C04314,2025-04-13,UPI,Bangalore,Delivered,5.0
O04075,C04264,2025-05-12,Card,Jaipur,Delivered,5.0
O04076,C02828,2025-09-14,UPI,Mumbai,Delivered,10.0
O04077,C02241,2025-10-16,Net Banking,Delhi,Delivered,10.0
O04078,C01363,2025-04-11,UPI,Hyderabad,Delivered,20.0
O04079,C02839,2025-10-28,UPI,Lucknow,Delivered,10.0
O04080,C02503,2025-01-21,COD,Pune,Delivered,10.0
O04081,C02241,2025-09-06,Card,Bangalore,Delivered,0.0
O04082,C00093,2025-07-11,Card,Delhi,Delivered,25.0
O04083,C01239,2025-03-14,Net Banking,Hyderabad,Delivered,10.0
O04084,C04609,2025-11-09,Card,Kolkata,Delivered,10.0
O04085,C03471,2025-06-17,Card,Chennai,Delivered,10.0
O04086,C03236,2025-03-03,UPI,Indore,Cancelled,15.0
O04087,C04202,2025-06-20,Card,Delhi,Delivered,10.0
O04088,C02765,2025-05-01,UPI,Ahmedabad,Cancelled,5.0
O04089,C03605,2025-08-04,Card,Bangalore,Delivered,10.0
O04090,C02836,2025-06-23,COD,Lucknow,Delivered,20.0
O04091,C03902,2025-01-24,Card,Kochi,Delivered,10.0
O04092,C03235,2025-05-18,Net Banking,Pune,Cancelled,25.0
O04093,C03629,2025-04-09,COD,Mumbai,Delivered,15.0
O04094,C01769,2025-11-20,COD,Ahmedabad,Delivered,10.0
O04095,C03510,2025-02-26,Card,Delhi,Delivered,15.0
O04096,C02902,2025-09-04,Card,Kolkata,Cancelled,10.0
O04097,C01542,2025-06-21,UPI,Mumbai,Delivered,5.0
O04098,C02092,2025-07-20,UPI,Chennai,Delivered,10.0
O04099,C02651,2025-11-27,UPI,Jaipur,Delivered,5.0
O04100,C01732,2025-04-17,Net Banking,Kolkata,Delivered,0.0
O04101,C00092,2025-02-17,UPI,Pune,Delivered,5.0
O04102,C04855,2025-11-29,Card,Ahmedabad,Delivered,0.0
O04103,C00731,2025-10-13,Card,Kochi,Delivered,15.0
O04104,C04433,2025-02-15,Card,Bangalore,Returned,15.0
O04105,C03815,2025-04-30,Card,Hyderabad,Delivered,10.0
O04106,C00700,2025-03-01,UPI,Chennai,Returned,25.0
O04107,C03015,2025-05-27,COD,Kochi,Delivered,0.0
O04108,C02312,2025-04-14,COD,Kochi,Delivered,0.0
O04109,C02017,2025-03-09,Card,Bangalore,Delivered,20.0
O04110,C03491,2025-06-11,COD,Jaipur,Delivered,10.0
O04111,C00978,2025-08-03,UPI,Lucknow,Delivered,10.0
O04112,C04211,2025-04-28,UPI,Kochi,Delivered,15.0
O04113,C01259,2025-08-25,Card,Pune,Delivered,5.0
O04114,C03856,2025-08-06,COD,Bangalore,Delivered,10.0
O04115,C01298,2025-05-04,UPI,Indore,Delivered,10.0
O04116,C01979,2025-04-27,Card,Mumbai,Delivered,5.0
O04117,C04130,2025-09-20,UPI,Kolkata,Delivered,20.0
O04118,C01733,2025-12-04,Net Banking,Kochi,Delivered,0.0
O04119,C02943,2025-06-19,COD,Jaipur,Delivered,0.0
O04120,C02510,2025-07-15,UPI,Lucknow,Delivered,5.0
O04121,C00449,2025-11-05,Net Banking,Mumbai,Delivered,5.0
O04122,C01238,2025-05-30,UPI,Bangalore,Returned,15.0
O04123,C04501,2025-09-03,Card,Bangalore,Delivered,0.0
O04124,C00333,2025-10-09,UPI,Jaipur,Delivered,25.0
O04125,C04324,2025-07-10,UPI,Indore,Delivered,0.0
O04126,C00166,2025-06-23,UPI,Bangalore,Delivered,20.0
O04127,C04681,2025-03-22,UPI,Kolkata,Delivered,0.0
O04128,C04833,2025-06-21,Net Banking,Chennai,Delivered,0.0
O04129,C04694,2025-06-13,Card,Hyderabad,Returned,10.0
O04130,C04689,2025-10-24,UPI,Hyderabad,Delivered,5.0
O04131,C04028,2025-04-21,Card,Delhi,Delivered,10.0
O04132,C02775,2025-07-26,Card,Pune,Delivered,10.0
O04133,C01700,2025-12-04,Net Banking,Ahmedabad,Delivered,25.0
O04134,C01414,2025-03-11,Card,Bangalore,Delivered,25.0
O04135,C01447,2025-04-08,COD,Jaipur,Delivered,10.0
O04136,C03483,2025-01-05,UPI,Hyderabad,Delivered,5.0
O04137,C04745,2025-07-04,UPI,Bangalore,Delivered,5.0
O04138,C01688,2025-07-23,Card,Lucknow,Delivered,0.0
O04139,C00447,2025-01-12,Card,Jaipur,Delivered,5.0
O04140,C03475,2025-08-27,Card,Kolkata,Delivered,20.0
O04141,C00097,2025-11-27,Card,Jaipur,Delivered,5.0
O04142,C02427,2025-10-07,Card,Kochi,Delivered,10.0
O04143,C02718,2025-04-25,Net Banking,Indore,Delivered,30.0
O04144,C03258,2025-07-29,Net Banking,Chennai,Cancelled,0.0
O04145,C04727,2025-11-15,Card,Hyderabad,Delivered,15.0
O04146,C00503,2025-05-13,Card,Jaipur,Delivered,15.0
O04147,C04384,2025-08-11,Card,Hyderabad,Delivered,15.0
O04148,C04465,2025-12-11,UPI,Bangalore,Delivered,0.0
O04149,C00065,2025-06-30,Net Banking,Bangalore,Delivered,10.0
O04150,C04258,2025-01-28,UPI,Mumbai,Delivered,10.0
O04151,C00662,2025-07-12,Card,Lucknow,Delivered,15.0
O04152,C03490,2025-10-28,UPI,Lucknow,Delivered,15.0
O04153,C00481,2025-09-13,COD,Indore,Delivered,10.0
O04154,C04663,2025-04-21,UPI,Indore,Delivered,10.0
O04155,C03262,2025-07-13,COD,Mumbai,Delivered,25.0
O04156,C00406,2025-05-04,UPI,Hyderabad,Cancelled,5.0
O04157,C04861,2025-04-01,COD,Kochi,Delivered,5.0
O04158,C03561,2025-05-16,Net Banking,Kochi,Delivered,0.0
O04159,C03384,2025-10-10,COD,Chennai,Delivered,0.0
O04160,C03668,2025-08-17,Card,Pune,Delivered,20.0
O04161,C04962,2025-05-25,UPI,Ahmedabad,Delivered,10.0
O04162,C01118,2025-08-30,Net Banking,Kochi,Returned,25.0
O04163,C02438,2025-01-31,COD,Kochi,Cancelled,20.0
O04164,C03483,2025-09-18,UPI,Kochi,Cancelled,5.0
O04165,C03710,2025-03-01,Card,Kochi,Delivered,10.0
O04166,C03441,2025-03-30,UPI,Delhi,Delivered,5.0
O04167,C00742,2025-04-11,Card,Jaipur,Delivered,20.0
O04168,C03240,2025-10-25,UPI,Bangalore,Cancelled,15.0
O04169,C02922,2025-10-06,Card,Delhi,Delivered,0.0
O04170,C01832,2025-05-01,Card,Mumbai,Delivered,5.0
O04171,C04139,2025-08-31,UPI,Hyderabad,Delivered,15.0
O04172,C00911,2025-12-31,Net Banking,Indore,Delivered,5.0
O04173,C04013,2025-03-18,COD,Bangalore,Delivered,10.0
O04174,C04703,2025-09-30,Card,Ahmedabad,Delivered,5.0
O04175,C01419,2025-02-27,COD,Indore,Delivered,15.0
O04176,C04815,2025-09-04,COD,Kochi,Delivered,0.0
O04177,C04310,2025-04-06,Card,Indore,Delivered,15.0
O04178,C04039,2025-02-14,UPI,Kochi,Cancelled,5.0
O04179,C03640,2025-10-18,Card,Indore,Delivered,10.0
O04180,C03446,2025-09-15,COD,Delhi,Delivered,10.0
O04181,C00132,2025-10-30,Card,Hyderabad,Cancelled,5.0
O04182,C02057,2025-09-16,Card,Mumbai,Delivered,25.0
O04183,C00153,2025-09-03,Net Banking,Chennai,Delivered,0.0
O04184,C02479,2025-08-28,UPI,Mumbai,Delivered,5.0
O04185,C00483,2025-05-08,UPI,Pune,Delivered,0.0
O04186,C00305,2025-07-21,COD,Chennai,Delivered,5.0
O04187,C02520,2025-10-03,UPI,Ahmedabad,Cancelled,0.0
O04188,C00993,2025-07-26,UPI,Hyderabad,Delivered,5.0
O04189,C02238,2025-02-09,Net Banking,Ahmedabad,Delivered,5.0
O04190,C02560,2025-12-31,Card,Indore,Delivered,10.0
O04191,C04439,2025-11-17,Card,Jaipur,Delivered,0.0
O04192,C00715,2025-12-12,Card,Pune,Delivered,10.0
O04193,C01710,2025-11-15,UPI,Bangalore,Delivered,5.0
O04194,C01058,2025-02-25,Card,Jaipur,Delivered,5.0
O04195,C00471,2025-06-09,Card,Jaipur,Delivered,5.0
O04196,C03466,2025-11-18,UPI,Kochi,Delivered,15.0
O04197,C00741,2025-04-06,COD,Mumbai,Returned,15.0
O04198,C03567,2025-04-26,UPI,Mumbai,Delivered,5.0
O04199,C00513,2025-07-31,UPI,Pune,Delivered,25.0
O04200,C03394,2025-03-28,UPI,Chennai,Returned,15.0
O04201,C03286,2025-11-03,Card,Chennai,Delivered,10.0
O04202,C03838,2025-09-25,COD,Bangalore,Delivered,0.0
O04203,C02193,2025-02-13,Card,Hyderabad,Delivered,10.0
O04204,C04655,2025-03-24,UPI,Ahmedabad,Delivered,10.0
O04205,C04888,2025-07-30,UPI,Kolkata,Delivered,0.0
O04206,C00360,2025-12-12,Card,Delhi,Cancelled,20.0
O04207,C00285,2025-01-09,UPI,Kochi,Delivered,5.0
O04208,C03317,2025-06-06,UPI,Kochi,Delivered,0.0
O04209,C03278,2025-12-14,Card,Bangalore,Delivered,10.0
O04210,C02632,2025-07-08,COD,Kolkata,Delivered,10.0
O04211,C01758,2025-11-16,COD,Mumbai,Delivered,10.0
O04212,C02775,2025-05-11,COD,Chennai,Delivered,0.0
O04213,C01523,2025-08-03,UPI,Indore,Delivered,0.0
O04214,C01246,2025-04-25,COD,Kochi,Delivered,10.0
O04215,C01413,2025-05-03,Card,Bangalore,Delivered,0.0
O04216,C04839,2025-12-24,UPI,Jaipur,Delivered,0.0
O04217,C01417,2025-11-29,Card,Jaipur,Delivered,15.0
O04218,C00358,2025-11-15,UPI,Chennai,Delivered,5.0
O04219,C03466,2025-12-30,UPI,Bangalore,Delivered,20.0
O04220,C04136,2025-07-11,UPI,Delhi,Delivered,10.0
O04221,C02950,2025-05-28,Net Banking,Pune,Delivered,10.0
O04222,C03142,2025-01-28,COD,Chennai,Delivered,5.0
O04223,C02877,2025-05-04,Card,Lucknow,Delivered,5.0
O04224,C04554,2025-03-18,UPI,Jaipur,Delivered,0.0
O04225,C00197,2025-03-16,UPI,Kolkata,Delivered,15.0
O04226,C01875,2025-12-24,Card,Chennai,Delivered,15.0
O04227,C00938,2025-07-05,Card,Delhi,Cancelled,10.0
O04228,C02195,2025-02-08,COD,Ahmedabad,Delivered,15.0
O04229,C03531,2025-08-22,UPI,Delhi,Delivered,15.0
O04230,C04126,2025-09-05,Card,Hyderabad,Delivered,10.0
O04231,C00390,2025-11-25,Net Banking,Pune,Cancelled,15.0
O04232,C02927,2025-05-11,UPI,Mumbai,Delivered,20.0
O04233,C00347,2025-01-05,Card,Pune,Delivered,0.0
O04234,C02845,2025-12-14,UPI,Delhi,Delivered,0.0
O04235,C00119,2025-09-16,UPI,Delhi,Cancelled,10.0
O04236,C04616,2025-09-02,COD,Chennai,Delivered,5.0
O04237,C01239,2025-12-16,Card,Kolkata,Delivered,0.0
O04238,C02781,2025-03-19,Card,Kochi,Delivered,0.0
O04239,C02128,2025-12-02,UPI,Pune,Delivered,5.0
O04240,C02467,2025-04-25,COD,Delhi,Delivered,0.0
O04241,C00584,2025-01-04,UPI,Jaipur,Delivered,5.0
O04242,C02760,2025-05-11,UPI,Bangalore,Delivered,0.0
O04243,C01709,2025-08-15,COD,Indore,Returned,10.0
O04244,C02705,2025-05-08,COD,Mumbai,Delivered,15.0
O04245,C04838,2025-01-09,COD,Lucknow,Delivered,15.0
O04246,C00672,2025-11-20,Card,Jaipur,Delivered,20.0
O04247,C01772,2025-04-28,UPI,Lucknow,Delivered,0.0
O04248,C01686,2025-12-10,Net Banking,Ahmedabad,Delivered,0.0
O04249,C02078,2025-07-07,Card,Pune,Delivered,15.0
O04250,C02486,2025-05-19,UPI,Jaipur,Delivered,0.0
O04251,C01697,2025-05-05,UPI,Chennai,Delivered,15.0
O04252,C03602,2025-08-11,UPI,Delhi,Delivered,5.0
O04253,C04159,2025-11-24,UPI,Mumbai,Delivered,10.0
O04254,C01454,2025-11-02,UPI,Hyderabad,Delivered,25.0
O04255,C03207,2025-09-16,UPI,Mumbai,Delivered,10.0
O04256,C04253,2025-03-08,UPI,Ahmedabad,Delivered,5.0
O04257,C02991,2025-03-26,UPI,Chennai,Delivered,15.0
O04258,C04873,2025-03-03,UPI,Lucknow,Delivered,0.0
O04259,C02302,2025-01-14,UPI,Mumbai,Delivered,25.0
O04260,C03259,2025-05-02,UPI,Hyderabad,Delivered,5.0
O04261,C01351,2025-10-06,UPI,Hyderabad,Delivered,30.0
O04262,C04102,2025-05-03,Card,Ahmedabad,Delivered,15.0
O04263,C03950,2025-03-18,Card,Indore,Delivered,5.0
O04264,C01280,2025-09-29,UPI,Hyderabad,Returned,10.0
O04265,C00821,2025-05-26,UPI,Delhi,Delivered,5.0
O04266,C01344,2025-09-26,Net Banking,Ahmedabad,Delivered,10.0
O04267,C02296,2025-02-25,Card,Mumbai,Delivered,15.0
O04268,C00004,2025-08-06,COD,Jaipur,Delivered,10.0
O04269,C02561,2025-06-22,Card,Hyderabad,Delivered,5.0
O04270,C02554,2025-02-09,UPI,Bangalore,Delivered,30.0
O04271,C00031,2025-12-25,Card,Kolkata,Delivered,10.0
O04272,C01653,2025-06-08,Card,Bangalore,Delivered,0.0
O04273,C01299,2025-12-26,UPI,Delhi,Delivered,15.0
O04274,C04805,2025-02-01,Card,Kochi,Delivered,15.0
O04275,C00886,2025-09-05,COD,Hyderabad,Delivered,15.0
O04276,C01201,2025-05-09,UPI,Delhi,Delivered,0.0
O04277,C03359,2025-10-18,UPI,Chennai,Delivered,5.0
O04278,C01980,2025-02-05,UPI,Ahmedabad,Delivered,5.0
O04279,C04844,2025-12-14,UPI,Ahmedabad,Delivered,25.0
O04280,C04039,2025-03-07,UPI,Jaipur,Delivered,5.0
O04281,C02127,2025-10-12,UPI,Indore,Delivered,10.0
O04282,C02291,2025-06-06,UPI,Kolkata,Returned,0.0
O04283,C03895,2025-02-12,Net Banking,Chennai,Delivered,15.0
O04284,C04597,2025-10-02,Card,Kolkata,Delivered,0.0
O04285,C00205,2025-05-01,Card,Pune,Delivered,20.0
O04286,C01484,2025-07-11,UPI,Indore,Delivered,15.0
O04287,C02771,2025-12-20,UPI,Jaipur,Delivered,10.0
O04288,C04429,2025-01-31,COD,Hyderabad,Delivered,15.0
O04289,C02651,2025-12-23,UPI,Lucknow,Delivered,15.0
O04290,C04262,2025-01-19,UPI,Lucknow,Delivered,15.0
O04291,C02209,2025-10-12,COD,Mumbai,Delivered,15.0
O04292,C00006,2025-03-14,UPI,Pune,Delivered,20.0
O04293,C00532,2025-03-17,UPI,Delhi,Delivered,10.0
O04294,C02093,2025-07-07,Net Banking,Ahmedabad,Delivered,10.0
O04295,C04553,2025-06-28,UPI,Delhi,Delivered,25.0
O04296,C00227,2025-12-04,COD,Jaipur,Delivered,5.0
O04297,C02100,2025-11-02,Net Banking,Bangalore,Delivered,15.0
O04298,C04567,2025-05-17,UPI,Hyderabad,Delivered,5.0
O04299,C00897,2025-06-11,COD,Lucknow,Delivered,10.0
O04300,C01321,2025-10-17,Card,Kochi,Delivered,5.0
O04301,C02662,2025-02-16,COD,Pune,Delivered,0.0
O04302,C02560,2025-01-24,UPI,Delhi,Delivered,25.0
O04303,C01665,2025-12-02,Net Banking,Hyderabad,Delivered,10.0
O04304,C01526,2025-10-11,Card,Lucknow,Delivered,5.0
O04305,C03751,2025-06-23,Card,Kochi,Delivered,10.0
O04306,C03655,2025-11-03,COD,Delhi,Delivered,0.0
O04307,C02568,2025-09-19,Card,Jaipur,Delivered,10.0
O04308,C04770,2025-08-18,UPI,Hyderabad,Delivered,10.0
O04309,C01097,2025-07-10,UPI,Lucknow,Delivered,5.0
O04310,C03099,2025-04-28,UPI,Ahmedabad,Delivered,25.0
O04311,C03241,2025-02-22,Card,Kolkata,Delivered,10.0
O04312,C02823,2025-07-11,COD,Ahmedabad,Delivered,5.0
O04313,C02928,2025-03-01,Card,Chennai,Cancelled,20.0
O04314,C04994,2025-01-11,Card,Ahmedabad,Delivered,5.0
O04315,C03615,2025-09-17,COD,Mumbai,Returned,15.0
O04316,C00848,2025-09-27,UPI,Delhi,Delivered,10.0
O04317,C03617,2025-05-21,Card,Kochi,Delivered,0.0
O04318,C02705,2025-05-23,UPI,Kolkata,Delivered,0.0
O04319,C03894,2025-04-23,UPI,Bangalore,Delivered,10.0
O04320,C03382,2025-09-21,Card,Chennai,Delivered,15.0
O04321,C03072,2025-12-10,UPI,Delhi,Delivered,0.0
O04322,C02995,2025-01-11,UPI,Pune,Delivered,0.0
O04323,C04743,2025-04-09,Card,Mumbai,Delivered,0.0
O04324,C04534,2025-01-23,Card,Lucknow,Delivered,0.0
O04325,C01501,2025-08-27,Card,Bangalore,Delivered,10.0
O04326,C02443,2025-04-19,Net Banking,Mumbai,Delivered,5.0
O04327,C01726,2025-09-20,Card,Delhi,Delivered,5.0
O04328,C01566,2025-11-21,Card,Kochi,Returned,10.0
O04329,C01744,2025-06-09,UPI,Chennai,Cancelled,10.0
O04330,C00326,2025-08-08,Card,Hyderabad,Delivered,20.0
O04331,C04418,2025-06-21,UPI,Ahmedabad,Delivered,10.0
O04332,C02231,2025-04-04,Card,Kolkata,Delivered,0.0
O04333,C02667,2025-05-02,UPI,Kolkata,Delivered,5.0
O04334,C01210,2025-10-27,UPI,Mumbai,Delivered,5.0
O04335,C04362,2025-07-16,Card,Delhi,Delivered,5.0
O04336,C00842,2025-02-20,Card,Delhi,Delivered,5.0
O04337,C04425,2025-11-13,UPI,Mumbai,Delivered,10.0
O04338,C03902,2025-11-03,Card,Bangalore,Delivered,0.0
O04339,C03437,2025-01-20,Card,Mumbai,Delivered,5.0
O04340,C04779,2025-01-30,COD,Chennai,Cancelled,15.0
O04341,C02072,2025-10-27,UPI,Ahmedabad,Delivered,20.0
O04342,C01285,2025-03-27,Card,Chennai,Delivered,0.0
O04343,C01379,2025-08-18,UPI,Indore,Delivered,0.0
O04344,C02659,2025-06-06,UPI,Delhi,Delivered,20.0
O04345,C03562,2025-06-30,Card,Pune,Delivered,5.0
O04346,C01888,2025-04-22,UPI,Kolkata,Delivered,5.0
O04347,C04013,2025-05-19,Card,Pune,Delivered,5.0
O04348,C01979,2025-01-10,Net Banking,Ahmedabad,Delivered,20.0
O04349,C04728,2025-10-18,Card,Delhi,Delivered,0.0
O04350,C04417,2025-08-26,COD,Kochi,Delivered,15.0
O04351,C04299,2025-05-12,Card,Bangalore,Delivered,10.0
O04352,C03162,2025-11-26,COD,Ahmedabad,Delivered,15.0
O04353,C02225,2025-07-04,UPI,Hyderabad,Delivered,15.0
O04354,C04723,2025-10-22,Card,Delhi,Delivered,15.0
O04355,C02080,2025-07-27,Card,Jaipur,Delivered,0.0
O04356,C04823,2025-09-07,COD,Bangalore,Delivered,5.0
O04357,C00954,2025-12-16,UPI,Ahmedabad,Delivered,5.0
O04358,C02868,2025-11-19,UPI,Jaipur,Delivered,0.0
O04359,C02291,2025-03-30,Net Banking,Kochi,Delivered,10.0
O04360,C00070,2025-12-24,UPI,Bangalore,Delivered,15.0
O04361,C01095,2025-12-28,UPI,Jaipur,Delivered,0.0
O04362,C04254,2025-02-05,Card,Chennai,Cancelled,15.0
O04363,C00549,2025-01-04,Card,Chennai,Delivered,5.0
O04364,C01840,2025-08-22,COD,Lucknow,Returned,5.0
O04365,C01952,2025-11-26,Card,Chennai,Returned,30.0
O04366,C01059,2025-09-26,Card,Lucknow,Delivered,5.0
O04367,C03552,2025-03-11,UPI,Bangalore,Delivered,0.0
O04368,C02508,2025-01-07,Card,Chennai,Delivered,5.0
O04369,C03908,2025-06-05,UPI,Indore,Delivered,25.0
O04370,C04982,2025-10-20,UPI,Kochi,Delivered,0.0
O04371,C03491,2025-10-13,Net Banking,Kochi,Delivered,10.0
O04372,C04607,2025-12-26,UPI,Hyderabad,Delivered,15.0
O04373,C04464,2025-03-15,Card,Chennai,Delivered,25.0
O04374,C02960,2025-01-12,COD,Hyderabad,Delivered,10.0
O04375,C00883,2025-12-03,UPI,Indore,Delivered,10.0
O04376,C02626,2025-04-22,UPI,Jaipur,Returned,20.0
O04377,C04765,2025-01-30,Card,Pune,Delivered,5.0
O04378,C02154,2025-02-05,UPI,Lucknow,Delivered,10.0
O04379,C04762,2025-12-10,COD,Chennai,Delivered,10.0
O04380,C03567,2025-08-18,UPI,Kochi,Delivered,15.0
O04381,C00260,2025-10-04,Net Banking,Jaipur,Delivered,0.0
O04382,C01509,2025-04-16,COD,Chennai,Delivered,20.0
O04383,C00313,2025-10-15,COD,Chennai,Delivered,15.0
O04384,C02679,2025-09-07,UPI,Lucknow,Cancelled,5.0
O04385,C01845,2025-03-04,UPI,Hyderabad,Delivered,10.0
O04386,C02585,2025-02-13,UPI,Ahmedabad,Delivered,5.0
O04387,C04015,2025-05-29,Card,Bangalore,Returned,30.0
O04388,C03252,2025-02-15,UPI,Jaipur,Delivered,10.0
O04389,C01534,2025-06-24,COD,Ahmedabad,Delivered,5.0
O04390,C04770,2025-06-03,Card,Pune,Delivered,15.0
O04391,C01424,2025-09-18,Card,Chennai,Delivered,20.0
O04392,C02021,2025-05-13,Card,Bangalore,Delivered,15.0
O04393,C01692,2025-10-14,Card,Pune,Delivered,0.0
O04394,C01729,2025-06-05,UPI,Jaipur,Returned,5.0
O04395,C00328,2025-11-29,UPI,Delhi,Delivered,5.0
O04396,C01589,2025-08-29,Card,Indore,Delivered,5.0
O04397,C03754,2025-11-27,Card,Ahmedabad,Delivered,10.0
O04398,C02895,2025-05-07,UPI,Delhi,Delivered,5.0
O04399,C00098,2025-07-12,COD,Indore,Delivered,0.0
O04400,C04755,2025-09-26,COD,Delhi,Delivered,15.0
O04401,C02348,2025-05-02,UPI,Pune,Delivered,10.0
O04402,C01098,2025-05-26,Card,Hyderabad,Delivered,0.0
O04403,C04735,2025-06-01,UPI,Chennai,Delivered,25.0
O04404,C00085,2025-06-06,UPI,Lucknow,Delivered,15.0
O04405,C01278,2025-06-05,COD,Pune,Delivered,0.0
O04406,C02712,2025-04-12,Net Banking,Jaipur,Returned,20.0
O04407,C00519,2025-12-06,Card,Bangalore,Delivered,10.0
O04408,C03524,2025-09-09,COD,Kochi,Delivered,5.0
O04409,C00184,2025-09-24,Card,Bangalore,Delivered,0.0
O04410,C00973,2025-11-03,Card,Chennai,Delivered,15.0
O04411,C03386,2025-02-28,Card,Ahmedabad,Delivered,25.0
O04412,C02389,2025-12-06,UPI,Pune,Delivered,5.0
O04413,C04323,2025-04-15,UPI,Pune,Delivered,10.0
O04414,C04933,2025-09-26,Card,Delhi,Delivered,5.0
O04415,C03828,2025-02-16,Card,Jaipur,Delivered,10.0
O04416,C02312,2025-03-29,Card,Chennai,Delivered,20.0
O04417,C02498,2025-06-20,Card,Lucknow,Delivered,0.0
O04418,C03480,2025-06-01,UPI,Indore,Delivered,5.0
O04419,C04266,2025-06-25,UPI,Kochi,Delivered,0.0
O04420,C00566,2025-11-15,Card,Delhi,Delivered,5.0
O04421,C01936,2025-05-25,UPI,Hyderabad,Delivered,0.0
O04422,C00827,2025-11-21,COD,Ahmedabad,Delivered,10.0
O04423,C04702,2025-11-06,Card,Ahmedabad,Delivered,0.0
O04424,C03118,2025-08-10,UPI,Kolkata,Delivered,15.0
O04425,C00350,2025-01-15,Card,Kolkata,Delivered,0.0
O04426,C00099,2025-05-18,Card,Jaipur,Delivered,5.0
O04427,C01770,2025-09-07,Card,Kochi,Cancelled,5.0
O04428,C01805,2025-05-30,Net Banking,Mumbai,Delivered,5.0
O04429,C01061,2025-12-17,Card,Jaipur,Delivered,0.0
O04430,C03510,2025-09-26,COD,Ahmedabad,Delivered,10.0
O04431,C03057,2025-03-22,COD,Delhi,Delivered,20.0
O04432,C04171,2025-03-06,UPI,Mumbai,Delivered,10.0
O04433,C02106,2025-05-22,UPI,Mumbai,Delivered,0.0
O04434,C03091,2025-10-27,Card,Bangalore,Returned,5.0
O04435,C00402,2025-09-04,COD,Kochi,Delivered,10.0
O04436,C00188,2025-07-12,COD,Jaipur,Delivered,5.0
O04437,C03985,2025-10-10,COD,Bangalore,Delivered,5.0
O04438,C00139,2025-09-11,Card,Mumbai,Delivered,5.0
O04439,C00143,2025-06-22,COD,Pune,Delivered,25.0
O04440,C04204,2025-11-09,Card,Chennai,Delivered,10.0
O04441,C00221,2025-10-05,UPI,Lucknow,Delivered,10.0
O04442,C04241,2025-10-17,UPI,Bangalore,Delivered,10.0
O04443,C04606,2025-11-02,Card,Kolkata,Delivered,10.0
O04444,C02424,2025-11-06,Card,Indore,Delivered,10.0
O04445,C04101,2025-07-05,Card,Hyderabad,Delivered,15.0
O04446,C04029,2025-12-22,UPI,Ahmedabad,Delivered,0.0
O04447,C00388,2025-08-12,UPI,Mumbai,Delivered,0.0
O04448,C03839,2025-03-03,Card,Kochi,Delivered,10.0
O04449,C03032,2025-03-25,Net Banking,Indore,Delivered,15.0
O04450,C00560,2025-01-27,Net Banking,Delhi,Delivered,15.0
O04451,C01840,2025-11-16,Card,Pune,Delivered,5.0
O04452,C03235,2025-05-11,COD,Bangalore,Delivered,0.0
O04453,C01772,2025-05-07,UPI,Pune,Delivered,0.0
O04454,C00365,2025-01-11,COD,Bangalore,Delivered,5.0
O04455,C00417,2025-10-07,Card,Ahmedabad,Delivered,15.0
O04456,C01636,2025-10-12,COD,Hyderabad,Delivered,5.0
O04457,C02069,2025-07-16,UPI,Kochi,Delivered,10.0
O04458,C00517,2025-08-13,COD,Pune,Delivered,0.0
O04459,C04032,2025-09-21,Card,Mumbai,Delivered,0.0
O04460,C01221,2025-10-02,UPI,Hyderabad,Cancelled,15.0
O04461,C00661,2025-03-09,UPI,Chennai,Delivered,10.0
O04462,C03417,2025-08-21,UPI,Delhi,Returned,25.0
O04463,C00330,2025-04-09,Card,Jaipur,Delivered,5.0
O04464,C00378,2025-08-10,UPI,Chennai,Delivered,10.0
O04465,C03283,2025-05-04,Card,Ahmedabad,Delivered,5.0
O04466,C00160,2025-10-31,COD,Kolkata,Delivered,5.0
O04467,C04754,2025-04-12,Net Banking,Hyderabad,Delivered,10.0
O04468,C01264,2025-11-16,UPI,Kolkata,Delivered,20.0
O04469,C04175,2025-09-21,UPI,Kolkata,Delivered,0.0
O04470,C02200,2025-12-31,UPI,Jaipur,Returned,0.0
O04471,C02565,2025-08-18,UPI,Chennai,Delivered,25.0
O04472,C02431,2025-05-03,COD,Bangalore,Cancelled,15.0
O04473,C04789,2025-08-15,Card,Lucknow,Delivered,5.0
O04474,C02038,2025-08-16,Card,Pune,Delivered,10.0
O04475,C02400,2025-06-02,UPI,Delhi,Delivered,15.0
O04476,C01225,2025-11-05,COD,Lucknow,Delivered,15.0
O04477,C01989,2025-11-01,Net Banking,Delhi,Delivered,10.0
O04478,C00866,2025-11-24,Card,Indore,Delivered,20.0
O04479,C00391,2025-05-29,Net Banking,Hyderabad,Cancelled,5.0
O04480,C01409,2025-11-03,UPI,Delhi,Delivered,5.0
O04481,C04916,2025-01-09,UPI,Bangalore,Delivered,10.0
O04482,C04031,2025-11-16,Net Banking,Hyderabad,Delivered,0.0
O04483,C04436,2025-08-12,Card,Pune,Delivered,10.0
O04484,C01555,2025-01-23,UPI,Chennai,Delivered,5.0
O04485,C04048,2025-07-11,UPI,Bangalore,Delivered,0.0
O04486,C00132,2025-08-15,Card,Mumbai,Delivered,20.0
O04487,C03680,2025-02-23,Card,Mumbai,Delivered,5.0
O04488,C03077,2025-04-02,COD,Kochi,Delivered,15.0
O04489,C04473,2025-01-15,UPI,Ahmedabad,Delivered,15.0
O04490,C04736,2025-11-04,Card,Ahmedabad,Delivered,0.0
O04491,C01522,2025-06-28,Card,Ahmedabad,Delivered,10.0
O04492,C03270,2025-01-04,Card,Mumbai,Delivered,10.0
O04493,C00441,2025-04-11,Card,Indore,Delivered,15.0
O04494,C01742,2025-05-10,Card,Indore,Delivered,10.0
O04495,C01204,2025-01-07,UPI,Chennai,Delivered,0.0
O04496,C00241,2025-07-03,Card,Chennai,Delivered,10.0
O04497,C03392,2025-11-27,UPI,Kolkata,Delivered,5.0
O04498,C03722,2025-11-28,UPI,Ahmedabad,Delivered,0.0
O04499,C04119,2025-02-04,UPI,Ahmedabad,Delivered,5.0
O04500,C01204,2025-08-20,UPI,Indore,Delivered,20.0
O04501,C01888,2025-06-03,Card,Jaipur,Delivered,10.0
O04502,C04271,2025-03-05,UPI,Kolkata,Delivered,10.0
O04503,C00198,2025-09-04,Card,Bangalore,Delivered,15.0
O04504,C03526,2025-02-25,Net Banking,Lucknow,Delivered,25.0
O04505,C04195,2025-08-17,UPI,Jaipur,Delivered,25.0
O04506,C00745,2025-11-07,UPI,Bangalore,Delivered,0.0
O04507,C00453,2025-09-10,Card,Kolkata,Delivered,5.0
O04508,C03263,2025-10-20,UPI,Lucknow,Delivered,5.0
O04509,C03022,2025-02-21,Card,Kochi,Delivered,10.0
O04510,C00499,2025-01-15,UPI,Bangalore,Delivered,0.0
O04511,C03688,2025-12-08,UPI,Delhi,Delivered,25.0
O04512,C03263,2025-12-06,COD,Delhi,Delivered,15.0
O04513,C00141,2025-12-29,UPI,Pune,Delivered,0.0
O04514,C01715,2025-06-29,UPI,Indore,Delivered,5.0
O04515,C02821,2025-03-18,UPI,Delhi,Delivered,0.0
O04516,C02223,2025-08-03,UPI,Hyderabad,Delivered,10.0
O04517,C02468,2025-08-11,UPI,Kochi,Delivered,20.0
O04518,C00676,2025-06-03,UPI,Kolkata,Delivered,10.0
O04519,C03506,2025-02-14,Card,Hyderabad,Delivered,10.0
O04520,C03603,2025-12-18,COD,Jaipur,Delivered,0.0
O04521,C00918,2025-01-21,Card,Indore,Returned,20.0
O04522,C01823,2025-03-22,Card,Pune,Delivered,5.0
O04523,C03823,2025-02-22,COD,Bangalore,Delivered,20.0
O04524,C02604,2025-06-06,Net Banking,Ahmedabad,Delivered,10.0
O04525,C04804,2025-05-27,Card,Kolkata,Delivered,10.0
O04526,C01731,2025-07-01,Net Banking,Ahmedabad,Delivered,10.0
O04527,C03429,2025-03-19,Card,Delhi,Delivered,5.0
O04528,C04657,2025-04-29,COD,Kochi,Delivered,20.0
O04529,C04155,2025-12-25,Card,Indore,Delivered,25.0
O04530,C03719,2025-12-09,COD,Chennai,Delivered,5.0
O04531,C01625,2025-04-15,Card,Delhi,Delivered,0.0
O04532,C01807,2025-01-02,Card,Indore,Delivered,10.0
O04533,C04359,2025-04-25,Card,Lucknow,Delivered,10.0
O04534,C01455,2025-02-01,COD,Delhi,Cancelled,0.0
O04535,C00354,2025-12-24,Net Banking,Delhi,Delivered,15.0
O04536,C02934,2025-03-03,UPI,Kolkata,Cancelled,5.0
O04537,C00941,2025-04-07,Card,Delhi,Delivered,25.0
O04538,C03946,2025-05-15,UPI,Indore,Delivered,15.0
O04539,C04143,2025-04-08,UPI,Mumbai,Delivered,0.0
O04540,C04849,2025-08-03,Net Banking,Hyderabad,Delivered,25.0
O04541,C00230,2025-03-25,Card,Bangalore,Delivered,5.0
O04542,C03483,2025-06-06,UPI,Chennai,Delivered,15.0
O04543,C04853,2025-04-17,Card,Lucknow,Returned,10.0
O04544,C04858,2025-12-23,Card,Hyderabad,Delivered,10.0
O04545,C00238,2025-05-11,UPI,Indore,Delivered,25.0
O04546,C03773,2025-01-22,UPI,Bangalore,Delivered,10.0
O04547,C04174,2025-03-25,Card,Bangalore,Delivered,20.0
O04548,C02782,2025-03-30,UPI,Pune,Delivered,20.0
O04549,C02607,2025-08-14,UPI,Lucknow,Delivered,15.0
O04550,C01985,2025-04-16,UPI,Hyderabad,Delivered,10.0
O04551,C03096,2025-12-15,COD,Jaipur,Delivered,0.0
O04552,C01053,2025-12-25,UPI,Kolkata,Delivered,0.0
O04553,C00351,2025-04-11,COD,Delhi,Delivered,10.0
O04554,C00913,2025-10-23,Card,Hyderabad,Delivered,5.0
O04555,C04446,2025-05-28,UPI,Ahmedabad,Cancelled,5.0
O04556,C01305,2025-08-18,Card,Chennai,Delivered,25.0
O04557,C02524,2025-03-28,Card,Delhi,Delivered,20.0
O04558,C00292,2025-01-11,COD,Delhi,Delivered,10.0
O04559,C01213,2025-05-16,COD,Bangalore,Cancelled,20.0
O04560,C00468,2025-04-03,UPI,Hyderabad,Delivered,0.0
O04561,C03278,2025-10-19,COD,Kochi,Delivered,0.0
O04562,C02526,2025-06-02,UPI,Pune,Delivered,25.0
O04563,C03576,2025-12-20,UPI,Jaipur,Delivered,15.0
O04564,C03200,2025-04-06,UPI,Hyderabad,Delivered,15.0
O04565,C04326,2025-03-03,Card,Ahmedabad,Delivered,20.0
O04566,C01065,2025-12-27,UPI,Hyderabad,Delivered,0.0
O04567,C04889,2025-03-28,Card,Mumbai,Cancelled,15.0
O04568,C03464,2025-07-30,COD,Delhi,Delivered,5.0
O04569,C04920,2025-03-24,COD,Lucknow,Delivered,15.0
O04570,C01694,2025-08-15,COD,Bangalore,Delivered,5.0
O04571,C04932,2025-01-12,UPI,Chennai,Delivered,15.0
O04572,C02395,2025-12-25,Card,Indore,Delivered,20.0
O04573,C02058,2025-06-02,COD,Lucknow,Delivered,5.0
O04574,C00087,2025-01-05,UPI,Hyderabad,Delivered,10.0
O04575,C02593,2025-03-17,COD,Hyderabad,Delivered,10.0
O04576,C04043,2025-01-04,UPI,Indore,Delivered,15.0
O04577,C02921,2025-03-24,Card,Mumbai,Delivered,20.0
O04578,C00004,2025-12-28,Card,Bangalore,Delivered,5.0
O04579,C03095,2025-02-04,Net Banking,Pune,Returned,25.0
O04580,C01522,2025-08-30,Card,Kolkata,Delivered,15.0
O04581,C02949,2025-05-24,COD,Jaipur,Delivered,0.0
O04582,C03858,2025-03-21,UPI,Lucknow,Delivered,5.0
O04583,C01978,2025-03-16,Card,Ahmedabad,Delivered,5.0
O04584,C01475,2025-10-26,Card,Hyderabad,Delivered,0.0
O04585,C01131,2025-10-11,Card,Kochi,Delivered,10.0
O04586,C00881,2025-08-03,Card,Delhi,Delivered,0.0
O04587,C01402,2025-09-03,Net Banking,Ahmedabad,Delivered,10.0
O04588,C01976,2025-08-26,UPI,Indore,Delivered,20.0
O04589,C01751,2025-12-03,UPI,Kochi,Delivered,5.0
O04590,C00002,2025-01-19,Net Banking,Indore,Delivered,10.0
O04591,C01145,2025-03-15,Card,Bangalore,Delivered,0.0
O04592,C01639,2025-02-24,Card,Lucknow,Delivered,15.0
O04593,C00149,2025-03-24,UPI,Jaipur,Delivered,20.0
O04594,C04248,2025-06-13,UPI,Kochi,Returned,15.0
O04595,C02354,2025-11-14,UPI,Jaipur,Delivered,0.0
O04596,C02044,2025-12-29,UPI,Kochi,Delivered,5.0
O04597,C01703,2025-06-16,Card,Ahmedabad,Cancelled,0.0
O04598,C02930,2025-04-26,COD,Kochi,Delivered,10.0
O04599,C04571,2025-10-24,COD,Kolkata,Delivered,15.0
O04600,C01388,2025-07-07,UPI,Jaipur,Delivered,25.0
O04601,C04903,2025-09-12,UPI,Lucknow,Returned,10.0
O04602,C01664,2025-12-08,Card,Jaipur,Delivered,10.0
O04603,C02081,2025-11-18,UPI,Indore,Delivered,0.0
O04604,C01997,2025-12-19,COD,Kochi,Delivered,0.0
O04605,C03693,2025-01-19,Card,Lucknow,Delivered,5.0
O04606,C03231,2025-11-07,Net Banking,Chennai,Delivered,0.0
O04607,C01251,2025-10-29,UPI,Hyderabad,Delivered,10.0
O04608,C04463,2025-01-04,UPI,Lucknow,Delivered,25.0
O04609,C02037,2025-07-09,UPI,Pune,Delivered,15.0
O04610,C00538,2025-10-08,UPI,Jaipur,Delivered,10.0
O04611,C01555,2025-03-04,Card,Lucknow,Delivered,10.0
O04612,C02153,2025-09-26,Net Banking,Pune,Delivered,0.0
O04613,C00791,2025-09-11,UPI,Bangalore,Returned,0.0
O04614,C01949,2025-04-25,UPI,Lucknow,Delivered,5.0
O04615,C04144,2025-12-08,UPI,Jaipur,Delivered,5.0
O04616,C04756,2025-09-17,Card,Hyderabad,Delivered,0.0
O04617,C01436,2025-01-02,Card,Mumbai,Delivered,15.0
O04618,C03250,2025-03-08,COD,Kochi,Delivered,25.0
O04619,C02849,2025-10-13,COD,Jaipur,Delivered,0.0
O04620,C00114,2025-05-12,Card,Bangalore,Delivered,20.0
O04621,C02344,2025-02-17,Card,Chennai,Delivered,5.0
O04622,C04534,2025-02-12,COD,Jaipur,Delivered,10.0
O04623,C00162,2025-04-03,UPI,Indore,Delivered,0.0
O04624,C03913,2025-05-21,UPI,Bangalore,Delivered,5.0
O04625,C00504,2025-02-16,UPI,Mumbai,Delivered,0.0
O04626,C02635,2025-08-19,UPI,Lucknow,Delivered,0.0
O04627,C02506,2025-08-12,UPI,Pune,Cancelled,25.0
O04628,C01395,2025-10-11,UPI,Kochi,Delivered,5.0
O04629,C01510,2025-02-06,UPI,Indore,Delivered,5.0
O04630,C02320,2025-01-28,COD,Lucknow,Delivered,0.0
O04631,C03251,2025-06-07,Card,Mumbai,Delivered,15.0
O04632,C00480,2025-08-10,UPI,Jaipur,Delivered,15.0
O04633,C04255,2025-01-09,COD,Jaipur,Delivered,25.0
O04634,C00755,2025-03-11,Card,Lucknow,Delivered,10.0
O04635,C04000,2025-12-08,UPI,Indore,Delivered,10.0
O04636,C01837,2025-03-07,Net Banking,Kochi,Delivered,5.0
O04637,C00204,2025-04-05,UPI,Ahmedabad,Delivered,0.0
O04638,C02843,2025-06-30,COD,Mumbai,Delivered,20.0
O04639,C03350,2025-03-11,Net Banking,Indore,Delivered,15.0
O04640,C03215,2025-08-22,COD,Kochi,Delivered,15.0
O04641,C03592,2025-09-18,Card,Delhi,Delivered,5.0
O04642,C04608,2025-01-20,COD,Delhi,Delivered,5.0
O04643,C04212,2025-12-24,UPI,Ahmedabad,Delivered,15.0
O04644,C00392,2025-12-24,UPI,Ahmedabad,Delivered,15.0
O04645,C03415,2025-07-05,Card,Hyderabad,Delivered,10.0
O04646,C03445,2025-11-01,COD,Pune,Delivered,10.0
O04647,C02774,2025-03-05,Card,Bangalore,Delivered,5.0
O04648,C02417,2025-06-27,Net Banking,Ahmedabad,Delivered,15.0
O04649,C01239,2025-08-23,UPI,Pune,Delivered,5.0
O04650,C02949,2025-12-19,COD,Chennai,Delivered,15.0
O04651,C00741,2025-09-07,Net Banking,Chennai,Delivered,5.0
O04652,C03884,2025-10-22,Card,Mumbai,Delivered,10.0
O04653,C04133,2025-02-09,Net Banking,Indore,Delivered,5.0
O04654,C02844,2025-10-14,UPI,Bangalore,Delivered,20.0
O04655,C01536,2025-09-16,Net Banking,Jaipur,Delivered,10.0
O04656,C00369,2025-08-28,COD,Kochi,Delivered,10.0
O04657,C02272,2025-03-13,UPI,Delhi,Delivered,0.0
O04658,C01958,2025-01-30,Card,Indore,Delivered,10.0
O04659,C04910,2025-12-17,Card,Lucknow,Delivered,15.0
O04660,C01099,2025-01-29,UPI,Chennai,Delivered,20.0
O04661,C02772,2025-11-08,UPI,Lucknow,Returned,15.0
O04662,C01392,2025-03-28,UPI,Ahmedabad,Delivered,10.0
O04663,C01648,2025-04-18,Card,Indore,Delivered,5.0
O04664,C02032,2025-11-15,Card,Pune,Delivered,5.0
O04665,C01679,2025-01-30,Net Banking,Pune,Delivered,10.0
O04666,C02147,2025-11-05,UPI,Kochi,Delivered,0.0
O04667,C02825,2025-02-15,Card,Kochi,Delivered,20.0
O04668,C03297,2025-12-25,UPI,Indore,Delivered,5.0
O04669,C04171,2025-05-17,Card,Kochi,Delivered,15.0
O04670,C03782,2025-09-20,COD,Lucknow,Delivered,10.0
O04671,C02232,2025-03-04,UPI,Kolkata,Delivered,15.0
O04672,C03365,2025-02-13,UPI,Kochi,Delivered,15.0
O04673,C03129,2025-09-08,Card,Kolkata,Delivered,5.0
O04674,C01273,2025-12-01,UPI,Kochi,Delivered,10.0
O04675,C01980,2025-07-26,Card,Hyderabad,Delivered,15.0
O04676,C03698,2025-02-28,UPI,Kochi,Delivered,15.0
O04677,C02188,2025-07-25,UPI,Kolkata,Cancelled,10.0
O04678,C02407,2025-11-27,Card,Pune,Delivered,15.0
O04679,C01577,2025-03-25,Net Banking,Mumbai,Delivered,5.0
O04680,C03480,2025-01-13,Card,Pune,Delivered,0.0
O04681,C03546,2025-08-25,UPI,Delhi,Returned,0.0
O04682,C01470,2025-06-07,UPI,Ahmedabad,Delivered,10.0
O04683,C00980,2025-04-14,Net Banking,Chennai,Delivered,5.0
O04684,C01256,2025-12-25,COD,Jaipur,Delivered,5.0
O04685,C03689,2025-12-06,UPI,Kolkata,Delivered,5.0
O04686,C01642,2025-12-31,COD,Indore,Cancelled,10.0
O04687,C00300,2025-02-12,Net Banking,Chennai,Delivered,10.0
O04688,C04522,2025-06-28,UPI,Lucknow,Delivered,0.0
O04689,C03043,2025-12-24,Card,Bangalore,Delivered,20.0
O04690,C00401,2025-09-21,Card,Delhi,Cancelled,5.0
O04691,C01281,2025-08-31,UPI,Kolkata,Delivered,10.0
O04692,C04837,2025-02-06,UPI,Jaipur,Delivered,5.0
O04693,C00862,2025-12-28,UPI,Ahmedabad,Delivered,15.0
O04694,C04590,2025-12-19,Net Banking,Mumbai,Delivered,10.0
O04695,C02574,2025-12-12,COD,Hyderabad,Delivered,5.0
O04696,C02785,2025-12-30,UPI,Kolkata,Delivered,25.0
O04697,C04186,2025-09-07,Card,Lucknow,Delivered,20.0
O04698,C04160,2025-04-30,Card,Chennai,Delivered,5.0
O04699,C01112,2025-07-11,Card,Kochi,Delivered,15.0
O04700,C01057,2025-10-22,COD,Jaipur,Delivered,15.0
O04701,C01096,2025-03-03,Card,Kolkata,Delivered,0.0
O04702,C02301,2025-07-29,UPI,Chennai,Delivered,25.0
O04703,C03992,2025-10-22,UPI,Pune,Cancelled,5.0
O04704,C00514,2025-02-21,Card,Lucknow,Delivered,20.0
O04705,C04232,2025-07-29,Card,Pune,Delivered,15.0
O04706,C02677,2025-11-09,Card,Hyderabad,Delivered,
O04707,C00121,2025-10-06,Card,Delhi,Delivered,15.0
O04708,C01502,2025-07-21,COD,Bangalore,Delivered,15.0
O04709,C02848,2025-05-19,Card,Indore,Delivered,15.0
O04710,C04920,2025-12-06,Net Banking,Jaipur,Delivered,20.0
O04711,C01118,2025-01-19,UPI,Hyderabad,Delivered,10.0
O04712,C00505,2025-11-17,COD,Delhi,Delivered,10.0
O04713,C02992,2025-04-05,UPI,Bangalore,Delivered,20.0
O04714,C01624,2025-05-10,Card,Indore,Delivered,15.0
O04715,C02239,2025-04-15,Card,Indore,Delivered,0.0
O04716,C02434,2025-07-16,UPI,Hyderabad,Delivered,15.0
O04717,C00803,2025-09-17,Net Banking,Delhi,Delivered,20.0
O04718,C04374,2025-02-08,UPI,Bangalore,Delivered,15.0
O04719,C01472,2025-11-01,Card,Chennai,Delivered,10.0
O04720,C00827,2025-05-11,COD,Bangalore,Delivered,0.0
O04721,C01429,2025-06-03,UPI,Delhi,Delivered,25.0
O04722,C02444,2025-02-10,Net Banking,Delhi,Cancelled,10.0
O04723,C04875,2025-11-17,Card,Hyderabad,Delivered,0.0
O04724,C04307,2025-05-02,COD,Kolkata,Delivered,25.0
O04725,C04986,2025-09-01,Card,Ahmedabad,Delivered,10.0
O04726,C03782,2025-09-02,Card,Delhi,Delivered,0.0
O04727,C02026,2025-05-24,UPI,Ahmedabad,Delivered,5.0
O04728,C02318,2025-07-05,COD,Indore,Delivered,25.0
O04729,C01007,2025-02-04,UPI,Pune,Delivered,10.0
O04730,C01638,2025-07-30,Card,Mumbai,Delivered,10.0
O04731,C00845,2025-02-02,UPI,Indore,Delivered,10.0
O04732,C04494,2025-06-08,UPI,Ahmedabad,Delivered,15.0
O04733,C03288,2025-11-13,UPI,Bangalore,Cancelled,5.0
O04734,C03504,2025-12-30,COD,Jaipur,Delivered,10.0
O04735,C02862,2025-07-11,Card,Pune,Cancelled,15.0
O04736,C00639,2025-06-12,Card,Hyderabad,Delivered,10.0
O04737,C00493,2025-09-09,COD,Ahmedabad,Delivered,15.0
O04738,C02999,2025-02-08,COD,Jaipur,Delivered,25.0
O04739,C03658,2025-05-11,UPI,Ahmedabad,Delivered,25.0
O04740,C02176,2025-04-06,Card,Hyderabad,Delivered,10.0
O04741,C01486,2025-05-21,Net Banking,Kolkata,Delivered,5.0
O04742,C04544,2025-09-27,UPI,Jaipur,Delivered,5.0
O04743,C00559,2025-06-18,Card,Ahmedabad,Delivered,15.0
O04744,C03749,2025-10-02,Card,Ahmedabad,Cancelled,0.0
O04745,C00970,2025-12-31,UPI,Delhi,Delivered,0.0
O04746,C04010,2025-04-09,Net Banking,Kochi,Delivered,15.0
O04747,C00086,2025-03-02,UPI,Jaipur,Delivered,20.0
O04748,C04973,2025-11-19,UPI,Pune,Cancelled,5.0
O04749,C03129,2025-08-05,Net Banking,Bangalore,Delivered,0.0
O04750,C04302,2025-03-18,COD,Mumbai,Delivered,20.0
O04751,C02196,2025-07-27,UPI,Lucknow,Delivered,5.0
O04752,C04887,2025-12-14,UPI,Mumbai,Delivered,10.0
O04753,C04054,2025-02-14,Net Banking,Bangalore,Delivered,20.0
O04754,C00947,2025-12-13,UPI,Bangalore,Cancelled,5.0
O04755,C03209,2025-07-21,Card,Kolkata,Delivered,10.0
O04756,C01994,2025-07-29,UPI,Pune,Delivered,30.0
O04757,C03441,2025-11-24,Net Banking,Hyderabad,Delivered,15.0
O04758,C01546,2025-05-15,COD,Indore,Delivered,5.0
O04759,C04653,2025-01-22,Card,Pune,Delivered,15.0
O04760,C03508,2025-12-24,COD,Indore,Delivered,0.0
O04761,C00030,2025-03-01,COD,Ahmedabad,Delivered,5.0
O04762,C01472,2025-10-25,Net Banking,Ahmedabad,Delivered,15.0
O04763,C01410,2025-02-28,COD,Indore,Delivered,5.0
O04764,C03761,2025-08-19,COD,Indore,Delivered,0.0
O04765,C03680,2025-10-12,UPI,Indore,Delivered,5.0
O04766,C00529,2025-07-02,UPI,Delhi,Delivered,0.0
O04767,C00126,2025-04-11,COD,Pune,Delivered,10.0
O04768,C04909,2025-04-24,COD,Hyderabad,Delivered,0.0
O04769,C03857,2025-02-11,COD,Lucknow,Delivered,20.0
O04770,C03259,2025-01-29,UPI,Ahmedabad,Delivered,15.0
O04771,C00654,2025-10-04,Card,Delhi,Delivered,5.0
O04772,C04234,2025-04-07,Card,Lucknow,Delivered,10.0
O04773,C00741,2025-07-10,COD,Jaipur,Delivered,20.0
O04774,C02262,2025-11-15,UPI,Chennai,Delivered,25.0
O04775,C00291,2025-02-07,COD,Mumbai,Delivered,0.0
O04776,C02992,2025-07-26,UPI,Kolkata,Cancelled,15.0
O04777,C03642,2025-07-13,Card,Pune,Delivered,0.0
O04778,C02578,2025-05-20,Card,Bangalore,Delivered,0.0
O04779,C02740,2025-10-16,Card,Bangalore,Delivered,0.0
O04780,C01694,2025-09-14,COD,Indore,Delivered,10.0
O04781,C04645,2025-08-13,Net Banking,Jaipur,Delivered,5.0
O04782,C01320,2025-01-28,UPI,Delhi,Delivered,0.0
O04783,C02822,2025-07-09,COD,Bangalore,Delivered,10.0
O04784,C03663,2025-09-02,UPI,Pune,Delivered,10.0
O04785,C03230,2025-11-30,COD,Pune,Delivered,15.0
O04786,C01396,2025-11-11,Card,Mumbai,Cancelled,15.0
O04787,C02968,2025-02-18,Card,Ahmedabad,Delivered,10.0
O04788,C03962,2025-10-28,COD,Indore,Cancelled,5.0
O04789,C02615,2025-07-23,Card,Indore,Delivered,0.0
O04790,C01545,2025-04-25,UPI,Delhi,Delivered,20.0
O04791,C03902,2025-01-20,Net Banking,Delhi,Delivered,5.0
O04792,C04498,2025-03-26,Card,Indore,Delivered,5.0
O04793,C01781,2025-09-10,Card,Chennai,Delivered,15.0
O04794,C02151,2025-02-21,Card,Mumbai,Delivered,0.0
O04795,C04883,2025-05-28,COD,Kolkata,Delivered,5.0
O04796,C04469,2025-07-05,UPI,Mumbai,Delivered,10.0
O04797,C04434,2025-06-22,UPI,Indore,Delivered,10.0
O04798,C01057,2025-12-19,UPI,Jaipur,Delivered,0.0
O04799,C01446,2025-04-24,Card,Hyderabad,Delivered,0.0
O04800,C01969,2025-01-02,UPI,Bangalore,Delivered,10.0
O04801,C01097,2025-02-03,Card,Jaipur,Delivered,5.0
O04802,C01882,2025-10-09,UPI,Ahmedabad,Delivered,5.0
O04803,C01205,2025-06-10,COD,Mumbai,Delivered,5.0
O04804,C01921,2025-06-19,Card,Delhi,Delivered,10.0
O04805,C03584,2025-04-04,UPI,Pune,Delivered,0.0
O04806,C03140,2025-09-05,UPI,Kolkata,Delivered,0.0
O04807,C03975,2025-11-17,COD,Ahmedabad,Delivered,5.0
O04808,C03420,2025-01-08,COD,Bangalore,Delivered,10.0
O04809,C02039,2025-11-17,COD,Kochi,Delivered,15.0
O04810,C01733,2025-04-20,UPI,Kolkata,Delivered,5.0
O04811,C00032,2025-02-01,Net Banking,Bangalore,Delivered,15.0
O04812,C01969,2025-02-20,Card,Pune,Delivered,5.0
O04813,C02975,2025-06-17,UPI,Jaipur,Delivered,15.0
O04814,C03331,2025-03-07,Card,Bangalore,Delivered,10.0
O04815,C03569,2025-01-31,Card,Ahmedabad,Delivered,10.0
O04816,C02926,2025-11-20,UPI,Kochi,Delivered,10.0
O04817,C02223,2025-01-12,COD,Lucknow,Cancelled,0.0
O04818,C03439,2025-10-14,COD,Hyderabad,Delivered,0.0
O04819,C00015,2025-01-23,UPI,Hyderabad,Cancelled,10.0
O04820,C03123,2025-06-10,COD,Ahmedabad,Delivered,0.0
O04821,C00107,2025-09-21,Card,Bangalore,Delivered,0.0
O04822,C03794,2025-07-09,Card,Jaipur,Delivered,10.0
O04823,C04565,2025-08-29,COD,Lucknow,Delivered,10.0
O04824,C00202,2025-03-21,Card,Hyderabad,Delivered,0.0
O04825,C01795,2025-09-28,Card,Delhi,Delivered,20.0
O04826,C01409,2025-04-14,UPI,Bangalore,Delivered,20.0
O04827,C00917,2025-03-19,Card,Kolkata,Cancelled,5.0
O04828,C04432,2025-01-12,Card,Chennai,Delivered,10.0
O04829,C01685,2025-10-10,Card,Kolkata,Delivered,15.0
O04830,C03167,2025-04-21,Card,Lucknow,Returned,15.0
O04831,C00065,2025-09-17,Card,Pune,Delivered,5.0
O04832,C04649,2025-11-06,Card,Hyderabad,Delivered,5.0
O04833,C04320,2025-12-17,Card,Kochi,Delivered,15.0
O04834,C03651,2025-07-15,UPI,Chennai,Delivered,5.0
O04835,C02016,2025-12-06,UPI,Delhi,Delivered,15.0
O04836,C01322,2025-07-03,Card,Jaipur,Cancelled,0.0
O04837,C04025,2025-05-26,UPI,Delhi,Delivered,15.0
O04838,C00613,2025-06-24,UPI,Delhi,Delivered,15.0
O04839,C00652,2025-07-19,UPI,Delhi,Delivered,20.0
O04840,C04814,2025-07-07,UPI,Indore,Delivered,10.0
O04841,C01388,2025-04-16,UPI,Ahmedabad,Delivered,10.0
O04842,C02867,2025-03-14,UPI,Mumbai,Delivered,5.0
O04843,C02121,2025-09-29,UPI,Kolkata,Delivered,0.0
O04844,C04764,2025-08-02,UPI,Ahmedabad,Delivered,0.0
O04845,C03196,2025-07-05,UPI,Lucknow,Delivered,20.0
O04846,C04110,2025-05-20,UPI,Bangalore,Delivered,10.0
O04847,C03829,2025-06-16,COD,Delhi,Delivered,5.0
O04848,C03129,2025-05-23,UPI,Kolkata,Delivered,20.0
O04849,C04867,2025-03-13,Card,Hyderabad,Delivered,
O04850,C03106,2025-12-10,UPI,Mumbai,Delivered,10.0
O04851,C00538,2025-05-27,UPI,Pune,Delivered,15.0
O04852,C02419,2025-04-11,Card,Indore,Delivered,0.0
O04853,C02208,2025-12-04,Card,Delhi,Delivered,0.0
O04854,C03178,2025-03-26,UPI,Ahmedabad,Delivered,0.0
O04855,C02323,2025-11-01,UPI,Mumbai,Delivered,25.0
O04856,C02038,2025-10-22,UPI,Jaipur,Delivered,15.0
O04857,C04354,2025-11-30,COD,Kolkata,Delivered,0.0
O04858,C00963,2025-05-23,UPI,Ahmedabad,Delivered,15.0
O04859,C01244,2025-11-07,UPI,Kolkata,Delivered,5.0
O04860,C00533,2025-07-14,COD,Hyderabad,Delivered,0.0
O04861,C01870,2025-07-03,UPI,Ahmedabad,Delivered,30.0
O04862,C03131,2025-10-28,UPI,Chennai,Delivered,0.0
O04863,C01654,2025-03-08,UPI,Hyderabad,Delivered,15.0
O04864,C00113,2025-08-10,UPI,Mumbai,Returned,20.0
O04865,C01300,2025-09-19,UPI,Kolkata,Delivered,10.0
O04866,C02305,2025-11-22,Net Banking,Chennai,Delivered,25.0
O04867,C04425,2025-01-22,COD,Bangalore,Delivered,0.0
O04868,C03307,2025-12-07,Card,Pune,Delivered,25.0
O04869,C04147,2025-06-15,Card,Hyderabad,Delivered,0.0
O04870,C01702,2025-04-12,Card,Kolkata,Delivered,10.0
O04871,C03815,2025-11-10,Card,Kolkata,Cancelled,20.0
O04872,C00221,2025-04-20,COD,Delhi,Delivered,10.0
O04873,C02831,2025-12-08,Card,Indore,Delivered,10.0
O04874,C02644,2025-11-12,UPI,Bangalore,Delivered,0.0
O04875,C03881,2025-06-28,UPI,Hyderabad,Delivered,30.0
O04876,C04318,2025-06-16,COD,Chennai,Delivered,5.0
O04877,C03782,2025-05-14,UPI,Hyderabad,Delivered,20.0
O04878,C01959,2025-01-30,COD,Kochi,Delivered,25.0
O04879,C01297,2025-12-29,Card,Bangalore,Delivered,5.0
O04880,C01033,2025-03-27,Card,Mumbai,Delivered,15.0
O04881,C04323,2025-01-09,UPI,Pune,Delivered,0.0
O04882,C02606,2025-05-16,UPI,Jaipur,Delivered,15.0
O04883,C03184,2025-10-17,Card,Hyderabad,Delivered,10.0
O04884,C04951,2025-05-16,Card,Hyderabad,Delivered,0.0
O04885,C03229,2025-05-20,Card,Chennai,Cancelled,20.0
O04886,C01476,2025-02-12,Card,Lucknow,Delivered,15.0
O04887,C02366,2025-04-15,UPI,Chennai,Delivered,0.0
O04888,C02408,2025-11-08,COD,Hyderabad,Delivered,10.0
O04889,C00936,2025-01-31,Net Banking,Mumbai,Delivered,5.0
O04890,C02968,2025-06-19,COD,Kochi,Delivered,15.0
O04891,C02950,2025-06-10,Card,Hyderabad,Delivered,10.0
O04892,C02246,2025-10-02,UPI,Kolkata,Returned,5.0
O04893,C02638,2025-09-10,UPI,Delhi,Delivered,5.0
O04894,C04338,2025-08-07,Card,Pune,Delivered,15.0
O04895,C03951,2025-04-23,COD,Chennai,Delivered,15.0
O04896,C02659,2025-08-08,Card,Kochi,Delivered,5.0
O04897,C01815,2025-07-02,Card,Delhi,Delivered,10.0
O04898,C03284,2025-09-17,COD,Ahmedabad,Delivered,10.0
O04899,C01297,2025-01-12,UPI,Chennai,Delivered,0.0
O04900,C03156,2025-12-06,Net Banking,Lucknow,Cancelled,10.0
O04901,C01648,2025-12-26,UPI,Delhi,Delivered,5.0
O04902,C00360,2025-09-03,UPI,Lucknow,Delivered,10.0
O04903,C03453,2025-09-07,COD,Jaipur,Delivered,0.0
O04904,C03612,2025-02-27,Net Banking,Mumbai,Delivered,10.0
O04905,C01165,2025-10-31,COD,Delhi,Delivered,20.0
O04906,C03245,2025-01-01,COD,Delhi,Delivered,10.0
O04907,C04026,2025-12-27,COD,Bangalore,Delivered,10.0
O04908,C03701,2025-07-22,Card,Indore,Delivered,15.0
O04909,C00503,2025-02-13,Card,Pune,Delivered,5.0
O04910,C04205,2025-11-15,UPI,Lucknow,Delivered,0.0
O04911,C04839,2025-04-05,UPI,Hyderabad,Returned,20.0
O04912,C01344,2025-10-21,Card,Indore,Delivered,20.0
O04913,C03380,2025-01-09,COD,Hyderabad,Delivered,10.0
O04914,C03813,2025-09-19,UPI,Hyderabad,Delivered,5.0
O04915,C00811,2025-11-22,Card,Pune,Delivered,15.0
O04916,C00786,2025-09-10,Net Banking,Hyderabad,Delivered,5.0
O04917,C00228,2025-11-04,Card,Indore,Delivered,20.0
O04918,C04948,2025-11-19,Net Banking,Jaipur,Delivered,10.0
O04919,C00828,2025-04-06,COD,Chennai,Delivered,0.0
O04920,C00379,2025-12-21,Card,Indore,Delivered,15.0
O04921,C03812,2025-05-10,UPI,Lucknow,Delivered,10.0
O04922,C02026,2025-02-05,UPI,Bangalore,Delivered,5.0
O04923,C03365,2025-04-15,Card,Bangalore,Delivered,10.0
O04924,C03377,2025-07-18,Card,Bangalore,Returned,20.0
O04925,C02339,2025-10-18,UPI,Mumbai,Delivered,5.0
O04926,C01129,2025-01-30,COD,Kolkata,Delivered,0.0
O04927,C00291,2025-04-03,Card,Hyderabad,Delivered,15.0
O04928,C03549,2025-08-24,UPI,Pune,Delivered,10.0
O04929,C02725,2025-12-27,COD,Chennai,Delivered,20.0
O04930,C00060,2025-07-14,UPI,Pune,Delivered,5.0
O04931,C04202,2025-09-13,UPI,Mumbai,Delivered,10.0
O04932,C02671,2025-12-22,UPI,Hyderabad,Delivered,0.0
O04933,C03340,2025-12-25,UPI,Delhi,Delivered,20.0
O04934,C02790,2025-01-31,COD,Indore,Delivered,5.0
O04935,C03655,2025-01-25,Card,Jaipur,Delivered,0.0
O04936,C03191,2025-10-30,Card,Kochi,Delivered,10.0
O04937,C04996,2025-01-01,Card,Kochi,Delivered,15.0
O04938,C02493,2025-12-24,Card,Kolkata,Delivered,5.0
O04939,C04402,2025-04-28,Card,Chennai,Delivered,5.0
O04940,C02663,2025-06-14,COD,Indore,Delivered,5.0
O04941,C00202,2025-04-23,Card,Chennai,Delivered,15.0
O04942,C03162,2025-07-14,COD,Indore,Returned,15.0
O04943,C00471,2025-05-20,COD,Mumbai,Cancelled,5.0
O04944,C03027,2025-01-20,UPI,Kolkata,Delivered,5.0
O04945,C03357,2025-10-13,Card,Pune,Delivered,20.0
O04946,C03755,2025-08-19,COD,Lucknow,Delivered,10.0
O04947,C02357,2025-03-20,COD,Indore,Delivered,5.0
O04948,C03974,2025-05-08,UPI,Mumbai,Delivered,0.0
O04949,C04829,2025-03-26,UPI,Chennai,Delivered,0.0
O04950,C02584,2025-03-05,Card,Chennai,Delivered,5.0
O04951,C04472,2025-10-01,UPI,Chennai,Returned,15.0
O04952,C03786,2025-10-15,UPI,Pune,Delivered,5.0
O04953,C02547,2025-09-10,UPI,Kochi,Delivered,25.0
O04954,C02684,2025-04-04,UPI,Pune,Delivered,5.0
O04955,C04238,2025-10-16,UPI,Indore,Delivered,0.0
O04956,C03124,2025-05-30,COD,Lucknow,Delivered,0.0
O04957,C03142,2025-12-31,UPI,Ahmedabad,Delivered,10.0
O04958,C02308,2025-06-06,Card,Lucknow,Delivered,25.0
O04959,C03791,2025-08-04,Card,Bangalore,Delivered,20.0
O04960,C03111,2025-09-17,COD,Delhi,Delivered,5.0
O04961,C00348,2025-04-10,UPI,Bangalore,Delivered,15.0
O04962,C01602,2025-05-02,UPI,Pune,Delivered,15.0
O04963,C03597,2025-05-12,COD,Chennai,Delivered,0.0
O04964,C03778,2025-01-05,COD,Mumbai,Delivered,5.0
O04965,C04924,2025-08-21,Card,Kochi,Delivered,0.0
O04966,C02554,2025-06-16,UPI,Mumbai,Delivered,0.0
O04967,C04521,2025-02-26,UPI,Pune,Delivered,10.0
O04968,C03779,2025-01-31,UPI,Chennai,Cancelled,10.0
O04969,C00322,2025-01-07,UPI,Kolkata,Delivered,0.0
O04970,C03662,2025-01-12,UPI,Ahmedabad,Delivered,25.0
O04971,C02298,2025-01-10,UPI,Delhi,Delivered,10.0
O04972,C00180,2025-06-06,UPI,Delhi,Delivered,15.0
O04973,C03966,2025-08-01,COD,Ahmedabad,Delivered,10.0
O04974,C01713,2025-05-21,Card,Mumbai,Delivered,10.0
O04975,C00029,2025-05-07,UPI,Delhi,Delivered,5.0
O04976,C03568,2025-07-17,Net Banking,Kolkata,Delivered,20.0
O04977,C02034,2025-05-17,COD,Kochi,Delivered,5.0
O04978,C00738,2025-06-28,UPI,Delhi,Delivered,25.0
O04979,C03720,2025-03-29,UPI,Indore,Delivered,0.0
O04980,C00055,2025-09-24,UPI,Ahmedabad,Delivered,0.0
O04981,C02926,2025-06-13,COD,Hyderabad,Delivered,15.0
O04982,C01434,2025-09-06,UPI,Delhi,Cancelled,10.0
O04983,C02065,2025-01-01,UPI,Pune,Delivered,15.0
O04984,C03643,2025-10-04,Card,Kolkata,Delivered,10.0
O04985,C04184,2025-06-21,Card,Delhi,Delivered,10.0
O04986,C03295,2025-12-22,UPI,Mumbai,Returned,0.0
O04987,C03856,2025-09-19,Card,Ahmedabad,Delivered,15.0
O04988,C02752,2025-05-22,UPI,Ahmedabad,Delivered,10.0
O04989,C03634,2025-04-03,Card,Mumbai,Delivered,0.0
O04990,C00725,2025-05-09,UPI,Jaipur,Delivered,5.0
O04991,C01254,2025-05-16,Card,Indore,Delivered,15.0
O04992,C01178,2025-04-21,Card,Pune,Delivered,0.0
O04993,C01297,2025-02-13,UPI,Lucknow,Delivered,20.0
O04994,C00895,2025-07-30,UPI,Hyderabad,Delivered,15.0
O04995,C02500,2025-12-09,UPI,Delhi,Delivered,5.0
O04996,C01330,2025-12-25,UPI,Delhi,Delivered,20.0
O04997,C02475,2025-12-27,UPI,Kolkata,Returned,20.0
O04998,C02628,2025-11-27,UPI,Lucknow,Delivered,20.0
O04999,C04347,2025-09-04,UPI,Jaipur,Delivered,5.0
O05000,C02451,2025-08-20,UPI,Ahmedabad,Delivered,15.0
O05001,C02969,2025-10-19,COD,Mumbai,Delivered,10.0
O05002,C01170,2025-06-19,COD,Chennai,Delivered,10.0
O05003,C03440,2025-08-22,UPI,Kochi,Delivered,10.0
O05004,C02368,2025-01-08,Card,Hyderabad,Delivered,0.0
O05005,C04295,2025-10-29,Net Banking,Chennai,Delivered,0.0
O05006,C01465,2025-04-10,Card,Bangalore,Delivered,15.0
O05007,C02193,2025-09-10,COD,Jaipur,Delivered,25.0
O05008,C01731,2025-11-04,COD,Kochi,Delivered,5.0
O05009,C03295,2025-10-09,Net Banking,Indore,Returned,10.0
O05010,C01124,2025-10-18,UPI,Hyderabad,Delivered,5.0
O05011,C04622,2025-07-07,UPI,Chennai,Delivered,10.0
O05012,C01489,2025-05-03,UPI,Lucknow,Cancelled,0.0
O05013,C00265,2025-05-12,Card,Hyderabad,Delivered,15.0
O05014,C02030,2025-08-24,Card,Delhi,Delivered,10.0
O05015,C01244,2025-08-09,UPI,Jaipur,Delivered,5.0
O05016,C03767,2025-03-03,UPI,Indore,Returned,15.0
O05017,C00396,2025-11-16,Card,Kolkata,Delivered,10.0
O05018,C01481,2025-06-27,UPI,Hyderabad,Delivered,10.0
O05019,C00108,2025-08-08,Card,Hyderabad,Delivered,10.0
O05020,C03564,2025-06-20,Card,Mumbai,Delivered,25.0
O05021,C02907,2025-03-23,Card,Jaipur,Delivered,0.0
O05022,C04732,2025-01-14,UPI,Mumbai,Delivered,25.0
O05023,C03439,2025-09-27,COD,Kochi,Delivered,0.0
O05024,C03197,2025-02-23,UPI,Indore,Delivered,5.0
O05025,C01186,2025-05-11,COD,Chennai,Delivered,25.0
O05026,C04132,2025-04-08,COD,Lucknow,Delivered,15.0
O05027,C03076,2025-07-20,Card,Mumbai,Delivered,5.0
O05028,C00413,2025-12-26,Card,Jaipur,Delivered,10.0
O05029,C03159,2025-09-18,UPI,Mumbai,Delivered,5.0
O05030,C00483,2025-08-09,COD,Ahmedabad,Delivered,5.0
O05031,C02960,2025-01-05,UPI,Lucknow,Delivered,0.0
O05032,C03848,2025-04-27,Card,Lucknow,Delivered,0.0
O05033,C00603,2025-10-28,UPI,Bangalore,Delivered,10.0
O05034,C01082,2025-07-11,Net Banking,Delhi,Delivered,10.0
O05035,C04268,2025-04-26,Net Banking,Pune,Delivered,15.0
O05036,C04356,2025-08-24,Card,Lucknow,Delivered,0.0
O05037,C00025,2025-02-20,Card,Hyderabad,Delivered,10.0
O05038,C00198,2025-01-13,UPI,Lucknow,Delivered,25.0
O05039,C02627,2025-08-06,Card,Mumbai,Delivered,20.0
O05040,C00423,2025-11-25,COD,Jaipur,Delivered,10.0
O05041,C01142,2025-03-09,Card,Mumbai,Delivered,0.0
O05042,C02054,2025-08-19,Card,Hyderabad,Delivered,0.0
O05043,C01121,2025-11-21,COD,Bangalore,Delivered,10.0
O05044,C04168,2025-04-02,UPI,Lucknow,Delivered,10.0
O05045,C04528,2025-04-14,COD,Delhi,Delivered,25.0
O05046,C04476,2025-03-19,Card,Chennai,Delivered,20.0
O05047,C01794,2025-04-12,UPI,Pune,Delivered,10.0
O05048,C04904,2025-09-18,COD,Delhi,Delivered,5.0
O05049,C00056,2025-10-31,COD,Jaipur,Delivered,0.0
O05050,C02264,2025-08-14,Card,Kolkata,Delivered,0.0
O05051,C00021,2025-12-14,Card,Jaipur,Delivered,10.0
O05052,C03699,2025-06-24,COD,Delhi,Delivered,0.0
O05053,C00291,2025-03-29,COD,Lucknow,Delivered,0.0
O05054,C01995,2025-04-28,Net Banking,Indore,Delivered,30.0
O05055,C00835,2025-10-07,UPI,Delhi,Delivered,15.0
O05056,C04284,2025-05-21,Card,Kolkata,Delivered,10.0
O05057,C04310,2025-04-23,COD,Mumbai,Delivered,20.0
O05058,C01915,2025-09-06,Card,Chennai,Delivered,0.0
O05059,C02602,2025-03-30,Card,Jaipur,Delivered,5.0
O05060,C01502,2025-12-31,Card,Ahmedabad,Delivered,5.0
O05061,C03322,2025-11-05,UPI,Ahmedabad,Delivered,30.0
O05062,C04689,2025-08-08,UPI,Ahmedabad,Delivered,20.0
O05063,C04137,2025-02-20,UPI,Ahmedabad,Delivered,10.0
O05064,C00020,2025-06-24,Card,Hyderabad,Cancelled,10.0
O05065,C01033,2025-07-28,UPI,Pune,Delivered,30.0
O05066,C00825,2025-04-27,COD,Lucknow,Returned,5.0
O05067,C03275,2025-11-09,UPI,Kochi,Delivered,10.0
O05068,C03662,2025-11-09,UPI,Indore,Delivered,15.0
O05069,C03794,2025-10-18,Net Banking,Chennai,Delivered,15.0
O05070,C00748,2025-03-27,Card,Hyderabad,Returned,10.0
O05071,C04082,2025-05-15,UPI,Delhi,Delivered,25.0
O05072,C02367,2025-11-05,COD,Chennai,Delivered,5.0
O05073,C00968,2025-09-23,COD,Kochi,Delivered,10.0
O05074,C03548,2025-08-08,Card,Indore,Delivered,15.0
O05075,C04348,2025-10-22,COD,Delhi,Delivered,5.0
O05076,C04436,2025-07-05,UPI,Chennai,Cancelled,20.0
O05077,C02799,2025-06-12,UPI,Kochi,Delivered,10.0
O05078,C03016,2025-05-07,COD,Bangalore,Delivered,5.0
O05079,C01805,2025-11-11,UPI,Bangalore,Delivered,10.0
O05080,C02679,2025-04-27,Net Banking,Kochi,Delivered,25.0
O05081,C02024,2025-05-17,UPI,Hyderabad,Cancelled,30.0
O05082,C00401,2025-09-13,UPI,Ahmedabad,Delivered,5.0
O05083,C02419,2025-12-22,Card,Kolkata,Returned,20.0
O05084,C04433,2025-09-21,Card,Pune,Delivered,0.0
O05085,C01924,2025-08-10,UPI,Chennai,Delivered,0.0
O05086,C01369,2025-11-10,UPI,Mumbai,Delivered,10.0
O05087,C02321,2025-12-17,Net Banking,Chennai,Delivered,10.0
O05088,C03325,2025-05-30,COD,Indore,Delivered,10.0
O05089,C01878,2025-08-24,UPI,Mumbai,Delivered,5.0
O05090,C02688,2025-12-17,Card,Jaipur,Delivered,10.0
O05091,C01398,2025-06-17,Card,Bangalore,Delivered,0.0
O05092,C03676,2025-03-10,COD,Delhi,Delivered,10.0
O05093,C01920,2025-07-28,Card,Bangalore,Delivered,5.0
O05094,C00006,2025-02-21,COD,Chennai,Delivered,5.0
O05095,C00586,2025-09-24,COD,Indore,Cancelled,10.0
O05096,C01522,2025-05-30,Card,Kolkata,Delivered,15.0
O05097,C03879,2025-10-30,UPI,Lucknow,Delivered,15.0
O05098,C03470,2025-12-11,Card,Hyderabad,Delivered,10.0
O05099,C00822,2025-01-13,COD,Chennai,Delivered,5.0
O05100,C04334,2025-04-10,Card,Pune,Delivered,5.0
O05101,C03094,2025-06-22,COD,Pune,Delivered,10.0
O05102,C03113,2025-08-25,COD,Kochi,Delivered,5.0
O05103,C00858,2025-03-16,UPI,Lucknow,Delivered,5.0
O05104,C02306,2025-11-21,Card,Chennai,Delivered,10.0
O05105,C02551,2025-09-07,Card,Kochi,Delivered,10.0
O05106,C02187,2025-03-19,UPI,Bangalore,Delivered,5.0
O05107,C01226,2025-10-05,Card,Jaipur,Delivered,5.0
O05108,C02557,2025-08-30,UPI,Mumbai,Delivered,15.0
O05109,C00654,2025-11-10,COD,Pune,Delivered,5.0
O05110,C01340,2025-08-04,Net Banking,Delhi,Cancelled,10.0
O05111,C04557,2025-08-08,UPI,Kochi,Delivered,10.0
O05112,C02718,2025-01-21,Card,Hyderabad,Delivered,5.0
O05113,C03393,2025-11-01,Card,Chennai,Cancelled,20.0
O05114,C01063,2025-12-19,COD,Hyderabad,Delivered,5.0
O05115,C04529,2025-04-02,Card,Kochi,Delivered,15.0
O05116,C02533,2025-10-22,UPI,Chennai,Delivered,5.0
O05117,C01609,2025-04-10,UPI,Jaipur,Delivered,10.0
O05118,C01082,2025-09-23,UPI,Indore,Delivered,5.0
O05119,C02649,2025-06-17,Net Banking,Ahmedabad,Delivered,15.0
O05120,C04751,2025-02-27,Card,Bangalore,Delivered,0.0
O05121,C02655,2025-03-30,Net Banking,Jaipur,Cancelled,5.0
O05122,C00156,2025-06-22,Card,Mumbai,Delivered,10.0
O05123,C04297,2025-05-25,Card,Chennai,Delivered,10.0
O05124,C03070,2025-05-01,COD,Hyderabad,Delivered,0.0
O05125,C01964,2025-09-02,COD,Kochi,Delivered,5.0
O05126,C04595,2025-11-20,UPI,Bangalore,Cancelled,0.0
O05127,C01235,2025-09-23,UPI,Indore,Delivered,20.0
O05128,C01477,2025-03-03,UPI,Pune,Delivered,30.0
O05129,C03756,2025-03-30,COD,Ahmedabad,Delivered,5.0
O05130,C00831,2025-03-13,COD,Bangalore,Delivered,10.0
O05131,C03729,2025-06-19,UPI,Lucknow,Delivered,10.0
O05132,C01343,2025-06-22,UPI,Kochi,Delivered,0.0
O05133,C02165,2025-03-17,Card,Kolkata,Delivered,15.0
O05134,C02745,2025-12-31,Card,Mumbai,Delivered,10.0
O05135,C04299,2025-06-07,Card,Chennai,Delivered,10.0
O05136,C01845,2025-11-26,Net Banking,Mumbai,Delivered,0.0
O05137,C00462,2025-08-01,COD,Jaipur,Delivered,0.0
O05138,C02992,2025-01-09,UPI,Jaipur,Delivered,25.0
O05139,C01579,2025-01-03,UPI,Kochi,Returned,25.0
O05140,C00201,2025-11-05,UPI,Chennai,Delivered,0.0
O05141,C00516,2025-06-19,UPI,Chennai,Delivered,10.0
O05142,C04840,2025-05-27,COD,Kolkata,Delivered,0.0
O05143,C04971,2025-01-06,UPI,Bangalore,Delivered,15.0
O05144,C02397,2025-06-20,Card,Kochi,Delivered,0.0
O05145,C03232,2025-03-21,Card,Indore,Delivered,10.0
O05146,C03697,2025-10-19,UPI,Delhi,Delivered,10.0
O05147,C01276,2025-08-12,UPI,Kolkata,Delivered,0.0
O05148,C03294,2025-12-18,COD,Pune,Delivered,10.0
O05149,C01630,2025-10-22,COD,Pune,Delivered,25.0
O05150,C04019,2025-02-12,UPI,Lucknow,Delivered,0.0
O05151,C04490,2025-09-02,Card,Pune,Delivered,15.0
O05152,C02017,2025-02-19,Card,Pune,Delivered,5.0
O05153,C00167,2025-10-22,COD,Lucknow,Delivered,5.0
O05154,C00976,2025-05-10,Card,Kolkata,Delivered,10.0
O05155,C04548,2025-09-09,COD,Jaipur,Delivered,25.0
O05156,C00860,2025-06-14,UPI,Kolkata,Delivered,5.0
O05157,C03945,2025-04-11,UPI,Indore,Delivered,30.0
O05158,C00210,2025-10-02,COD,Hyderabad,Delivered,0.0
O05159,C04864,2025-03-10,COD,Bangalore,Delivered,25.0
O05160,C01609,2025-02-13,UPI,Bangalore,Returned,0.0
O05161,C00214,2025-05-30,Card,Hyderabad,Delivered,
O05162,C03432,2025-05-15,UPI,Bangalore,Delivered,25.0
O05163,C00973,2025-11-14,COD,Bangalore,Delivered,5.0
O05164,C03800,2025-12-11,COD,Hyderabad,Delivered,0.0
O05165,C00304,2025-08-06,UPI,Ahmedabad,Delivered,20.0
O05166,C01836,2025-05-28,Card,Jaipur,Delivered,20.0
O05167,C00861,2025-05-06,Card,Hyderabad,Delivered,15.0
O05168,C04048,2025-09-06,UPI,Bangalore,Returned,25.0
O05169,C01856,2025-02-23,COD,Indore,Delivered,5.0
O05170,C03462,2025-11-28,UPI,Pune,Delivered,10.0
O05171,C02168,2025-08-11,Card,Mumbai,Delivered,15.0
O05172,C01634,2025-07-28,Card,Pune,Delivered,25.0
O05173,C02475,2025-05-24,COD,Kochi,Delivered,20.0
O05174,C02378,2025-11-09,UPI,Kochi,Delivered,0.0
O05175,C01751,2025-11-16,Card,Kolkata,Delivered,5.0
O05176,C02683,2025-05-18,UPI,Bangalore,Cancelled,10.0
O05177,C03412,2025-12-21,COD,Lucknow,Delivered,20.0
O05178,C04660,2025-08-13,UPI,Jaipur,Delivered,5.0
O05179,C04276,2025-04-12,COD,Bangalore,Delivered,0.0
O05180,C04386,2025-04-09,Card,Pune,Delivered,5.0
O05181,C04283,2025-11-03,UPI,Hyderabad,Returned,10.0
O05182,C00486,2025-10-10,UPI,Pune,Delivered,0.0
O05183,C01361,2025-04-01,UPI,Kochi,Delivered,0.0
O05184,C00773,2025-10-24,COD,Bangalore,Delivered,10.0
O05185,C03778,2025-07-23,Card,Bangalore,Delivered,10.0
O05186,C01833,2025-08-26,COD,Hyderabad,Delivered,15.0
O05187,C01300,2025-04-07,UPI,Ahmedabad,Delivered,10.0
O05188,C00182,2025-05-01,UPI,Lucknow,Delivered,10.0
O05189,C01263,2025-04-27,Net Banking,Delhi,Delivered,0.0
O05190,C03906,2025-03-07,COD,Kochi,Delivered,5.0
O05191,C00146,2025-05-11,COD,Lucknow,Delivered,15.0
O05192,C03943,2025-09-24,COD,Mumbai,Delivered,10.0
O05193,C01840,2025-11-12,Net Banking,Kolkata,Delivered,5.0
O05194,C04595,2025-04-02,UPI,Ahmedabad,Returned,5.0
O05195,C00803,2025-03-18,UPI,Jaipur,Delivered,0.0
O05196,C01999,2025-08-26,UPI,Lucknow,Delivered,20.0
O05197,C03951,2025-09-09,COD,Hyderabad,Delivered,20.0
O05198,C01319,2025-08-15,UPI,Pune,Delivered,5.0
O05199,C04627,2025-12-26,Card,Bangalore,Cancelled,15.0
O05200,C03799,2025-11-16,COD,Chennai,Delivered,0.0
O05201,C02259,2025-05-21,Card,Hyderabad,Delivered,20.0
O05202,C02941,2025-02-23,UPI,Kochi,Delivered,20.0
O05203,C04062,2025-05-20,Card,Hyderabad,Delivered,0.0
O05204,C02053,2025-05-26,UPI,Hyderabad,Delivered,15.0
O05205,C03853,2025-10-01,Card,Pune,Delivered,10.0
O05206,C00216,2025-05-25,UPI,Kolkata,Delivered,15.0
O05207,C00786,2025-06-16,UPI,Chennai,Delivered,10.0
O05208,C01636,2025-03-27,COD,Hyderabad,Delivered,0.0
O05209,C02300,2025-05-21,Net Banking,Jaipur,Delivered,20.0
O05210,C03753,2025-02-14,Net Banking,Kolkata,Delivered,0.0
O05211,C03110,2025-05-08,UPI,Kolkata,Delivered,5.0
O05212,C04324,2025-12-24,COD,Pune,Delivered,30.0
O05213,C00285,2025-04-27,Card,Bangalore,Delivered,10.0
O05214,C03582,2025-05-27,COD,Indore,Delivered,20.0
O05215,C02011,2025-05-27,COD,Lucknow,Delivered,0.0
O05216,C02414,2025-01-21,Net Banking,Pune,Cancelled,20.0
O05217,C01644,2025-01-24,UPI,Ahmedabad,Delivered,10.0
O05218,C01128,2025-06-07,COD,Indore,Returned,10.0
O05219,C03473,2025-02-17,COD,Mumbai,Delivered,25.0
O05220,C01270,2025-04-20,UPI,Kolkata,Delivered,20.0
O05221,C03779,2025-02-28,UPI,Kolkata,Delivered,5.0
O05222,C00644,2025-01-17,UPI,Kochi,Delivered,25.0
O05223,C02779,2025-10-31,COD,Kochi,Delivered,0.0
O05224,C00026,2025-02-24,COD,Hyderabad,Delivered,0.0
O05225,C03323,2025-05-17,Card,Pune,Delivered,10.0
O05226,C02046,2025-03-18,Card,Pune,Delivered,15.0
O05227,C03938,2025-09-27,UPI,Kolkata,Delivered,5.0
O05228,C04808,2025-06-29,COD,Delhi,Delivered,0.0
O05229,C01026,2025-03-26,UPI,Kolkata,Delivered,20.0
O05230,C03831,2025-10-27,Card,Jaipur,Delivered,30.0
O05231,C01069,2025-05-19,COD,Kochi,Delivered,15.0
O05232,C00939,2025-11-03,Card,Indore,Delivered,25.0
O05233,C04099,2025-06-19,Card,Lucknow,Delivered,20.0
O05234,C01473,2025-08-30,UPI,Pune,Delivered,5.0
O05235,C03648,2025-03-05,UPI,Delhi,Delivered,0.0
O05236,C02326,2025-08-28,Card,Delhi,Delivered,15.0
O05237,C00176,2025-04-05,UPI,Chennai,Delivered,15.0
O05238,C01144,2025-05-26,UPI,Ahmedabad,Returned,15.0
O05239,C03511,2025-02-18,UPI,Chennai,Cancelled,15.0
O05240,C04063,2025-05-25,Card,Hyderabad,Delivered,10.0
O05241,C00951,2025-09-16,UPI,Jaipur,Delivered,25.0
O05242,C04437,2025-06-08,Card,Jaipur,Delivered,15.0
O05243,C02745,2025-08-05,Card,Hyderabad,Delivered,0.0
O05244,C00121,2025-10-30,UPI,Indore,Delivered,15.0
O05245,C04671,2025-01-17,UPI,Chennai,Delivered,10.0
O05246,C01921,2025-03-22,COD,Ahmedabad,Delivered,0.0
O05247,C01685,2025-07-03,Card,Bangalore,Delivered,10.0
O05248,C00969,2025-10-10,UPI,Lucknow,Delivered,10.0
O05249,C03809,2025-03-12,Card,Delhi,Delivered,10.0
O05250,C04781,2025-03-31,UPI,Hyderabad,Delivered,10.0
O05251,C03316,2025-07-16,UPI,Ahmedabad,Delivered,10.0
O05252,C04739,2025-05-10,Card,Hyderabad,Delivered,15.0
O05253,C01105,2025-03-21,UPI,Kochi,Delivered,15.0
O05254,C04390,2025-12-31,Card,Hyderabad,Delivered,15.0
O05255,C02506,2025-07-22,UPI,Kolkata,Delivered,20.0
O05256,C04843,2025-08-19,UPI,Indore,Delivered,10.0
O05257,C03885,2025-03-28,UPI,Pune,Delivered,0.0
O05258,C00733,2025-08-15,UPI,Pune,Delivered,5.0
O05259,C01582,2025-01-06,COD,Bangalore,Delivered,0.0
O05260,C03680,2025-12-23,UPI,Indore,Delivered,10.0
O05261,C03853,2025-08-13,Net Banking,Delhi,Cancelled,25.0
O05262,C02428,2025-05-26,Net Banking,Jaipur,Delivered,20.0
O05263,C00324,2025-02-24,Card,Hyderabad,Delivered,10.0
O05264,C03700,2025-03-08,Card,Kolkata,Delivered,15.0
O05265,C02993,2025-07-04,Net Banking,Ahmedabad,Delivered,15.0
O05266,C00362,2025-05-27,UPI,Indore,Delivered,10.0
O05267,C02101,2025-03-15,UPI,Pune,Delivered,20.0
O05268,C04498,2025-05-19,UPI,Kochi,Delivered,5.0
O05269,C04777,2025-08-12,Card,Hyderabad,Delivered,15.0
O05270,C01893,2025-08-20,UPI,Kolkata,Delivered,0.0
O05271,C02755,2025-07-02,Net Banking,Kolkata,Delivered,0.0
O05272,C01473,2025-04-06,Card,Ahmedabad,Delivered,25.0
O05273,C01107,2025-12-08,COD,Delhi,Delivered,10.0
O05274,C02427,2025-09-05,UPI,Lucknow,Delivered,15.0
O05275,C01804,2025-05-12,Card,Jaipur,Delivered,20.0
O05276,C02028,2025-01-13,Card,Ahmedabad,Delivered,25.0
O05277,C00081,2025-03-11,UPI,Kolkata,Delivered,0.0
O05278,C02969,2025-12-15,COD,Indore,Delivered,15.0
O05279,C02542,2025-09-13,Card,Delhi,Delivered,10.0
O05280,C03740,2025-07-07,UPI,Kolkata,Delivered,10.0
O05281,C02989,2025-03-30,Net Banking,Lucknow,Delivered,0.0
O05282,C04837,2025-11-15,Card,Indore,Delivered,15.0
O05283,C00325,2025-11-12,UPI,Mumbai,Delivered,5.0
O05284,C02362,2025-06-03,UPI,Hyderabad,Delivered,5.0
O05285,C01235,2025-05-30,Card,Delhi,Cancelled,15.0
O05286,C00103,2025-11-26,Card,Delhi,Cancelled,5.0
O05287,C04913,2025-05-12,Card,Indore,Delivered,10.0
O05288,C00747,2025-05-24,Card,Indore,Delivered,5.0
O05289,C04909,2025-09-04,UPI,Bangalore,Delivered,20.0
O05290,C03692,2025-03-04,UPI,Ahmedabad,Delivered,25.0
O05291,C03486,2025-06-19,COD,Ahmedabad,Delivered,20.0
O05292,C01248,2025-10-29,Card,Jaipur,Delivered,5.0
O05293,C03065,2025-08-24,UPI,Lucknow,Delivered,0.0
O05294,C01720,2025-10-16,UPI,Indore,Delivered,15.0
O05295,C02203,2025-05-03,Net Banking,Chennai,Delivered,20.0
O05296,C03306,2025-09-27,COD,Lucknow,Delivered,10.0
O05297,C02537,2025-01-08,Card,Kolkata,Delivered,0.0
O05298,C03486,2025-08-06,UPI,Jaipur,Delivered,0.0
O05299,C01790,2025-12-08,Card,Delhi,Delivered,5.0
O05300,C01765,2025-06-23,UPI,Kolkata,Delivered,10.0
O05301,C03358,2025-05-06,Card,Ahmedabad,Delivered,5.0
O05302,C04683,2025-11-11,COD,Mumbai,Returned,10.0
O05303,C02998,2025-11-12,Card,Delhi,Delivered,25.0
O05304,C00260,2025-02-18,UPI,Lucknow,Delivered,0.0
O05305,C01919,2025-12-02,Card,Delhi,Cancelled,15.0
O05306,C01787,2025-08-24,COD,Lucknow,Delivered,10.0
O05307,C00100,2025-12-15,Card,Ahmedabad,Delivered,15.0
O05308,C03906,2025-11-13,Card,Lucknow,Delivered,25.0
O05309,C02343,2025-09-13,UPI,Mumbai,Returned,10.0
O05310,C03234,2025-04-26,Card,Ahmedabad,Delivered,0.0
O05311,C03250,2025-10-06,Card,Pune,Delivered,20.0
O05312,C00328,2025-03-26,UPI,Bangalore,Delivered,5.0
O05313,C01352,2025-04-30,Card,Ahmedabad,Delivered,20.0
O05314,C02812,2025-02-19,Card,Lucknow,Delivered,0.0
O05315,C02290,2025-06-13,Card,Bangalore,Delivered,5.0
O05316,C01366,2025-05-28,UPI,Jaipur,Delivered,25.0
O05317,C03163,2025-02-12,UPI,Bangalore,Delivered,20.0
O05318,C03100,2025-05-16,Net Banking,Chennai,Delivered,5.0
O05319,C04555,2025-09-03,Card,Ahmedabad,Returned,15.0
O05320,C03703,2025-08-06,UPI,Kolkata,Cancelled,0.0
O05321,C01409,2025-10-08,COD,Hyderabad,Delivered,0.0
O05322,C01511,2025-08-22,UPI,Bangalore,Returned,5.0
O05323,C00220,2025-09-20,Card,Delhi,Delivered,0.0
O05324,C04955,2025-04-25,UPI,Indore,Delivered,10.0
O05325,C02169,2025-12-08,Net Banking,Chennai,Delivered,5.0
O05326,C03187,2025-07-08,UPI,Mumbai,Cancelled,10.0
O05327,C03240,2025-07-16,Card,Bangalore,Delivered,15.0
O05328,C04531,2025-02-07,Card,Jaipur,Cancelled,10.0
O05329,C01270,2025-01-12,UPI,Ahmedabad,Delivered,5.0
O05330,C04376,2025-05-04,UPI,Delhi,Delivered,0.0
O05331,C03818,2025-02-13,UPI,Hyderabad,Delivered,15.0
O05332,C00068,2025-11-05,Net Banking,Ahmedabad,Delivered,5.0
O05333,C01672,2025-01-14,COD,Hyderabad,Delivered,
O05334,C00743,2025-12-14,COD,Ahmedabad,Delivered,15.0
O05335,C02013,2025-02-21,UPI,Delhi,Delivered,10.0
O05336,C01706,2025-09-02,UPI,Indore,Delivered,5.0
O05337,C01447,2025-06-29,Card,Kolkata,Delivered,15.0
O05338,C03070,2025-10-29,Card,Ahmedabad,Delivered,15.0
O05339,C00291,2025-05-10,COD,Lucknow,Delivered,30.0
O05340,C03680,2025-04-10,COD,Kochi,Cancelled,10.0
O05341,C03911,2025-10-11,COD,Lucknow,Delivered,0.0
O05342,C04652,2025-04-21,UPI,Kochi,Delivered,10.0
O05343,C00353,2025-10-15,COD,Ahmedabad,Delivered,0.0
O05344,C01264,2025-04-02,Card,Hyderabad,Delivered,25.0
O05345,C01827,2025-03-17,Card,Kochi,Returned,0.0
O05346,C04379,2025-07-24,Card,Hyderabad,Delivered,25.0
O05347,C01606,2025-01-22,COD,Jaipur,Delivered,25.0
O05348,C03837,2025-06-19,Card,Ahmedabad,Delivered,15.0
O05349,C03399,2025-06-06,UPI,Delhi,Delivered,0.0
O05350,C04552,2025-08-10,Card,Pune,Delivered,10.0
O05351,C03007,2025-12-26,Net Banking,Indore,Delivered,5.0
O05352,C01005,2025-03-09,COD,Jaipur,Delivered,20.0
O05353,C02079,2025-06-10,UPI,Indore,Delivered,5.0
O05354,C02496,2025-06-23,Card,Kochi,Returned,10.0
O05355,C02262,2025-02-07,UPI,Lucknow,Delivered,10.0
O05356,C03765,2025-12-02,UPI,Delhi,Delivered,0.0
O05357,C01738,2025-01-26,Card,Lucknow,Delivered,10.0
O05358,C03097,2025-09-11,Card,Jaipur,Delivered,5.0
O05359,C02445,2025-10-26,UPI,Chennai,Delivered,10.0
O05360,C00337,2025-10-10,COD,Kochi,Delivered,0.0
O05361,C02984,2025-09-04,COD,Jaipur,Cancelled,5.0
O05362,C00968,2025-01-11,Card,Bangalore,Delivered,10.0
O05363,C04999,2025-08-26,UPI,Kolkata,Delivered,10.0
O05364,C00672,2025-04-17,UPI,Indore,Delivered,0.0
O05365,C01304,2025-11-30,UPI,Lucknow,Delivered,10.0
O05366,C04865,2025-11-09,UPI,Jaipur,Delivered,10.0
O05367,C02671,2025-01-01,COD,Indore,Delivered,0.0
O05368,C02607,2025-01-11,Card,Indore,Delivered,10.0
O05369,C01715,2025-06-07,UPI,Indore,Delivered,5.0
O05370,C02596,2025-03-29,UPI,Jaipur,Delivered,25.0
O05371,C02971,2025-08-30,Net Banking,Hyderabad,Delivered,5.0
O05372,C03270,2025-05-12,Card,Kochi,Delivered,15.0
O05373,C02602,2025-03-27,Card,Hyderabad,Delivered,10.0
O05374,C00479,2025-04-20,Card,Delhi,Delivered,15.0
O05375,C00844,2025-11-24,UPI,Kochi,Delivered,20.0
O05376,C01626,2025-04-21,Net Banking,Chennai,Delivered,20.0
O05377,C01881,2025-07-27,UPI,Ahmedabad,Delivered,0.0
O05378,C03652,2025-10-16,Card,Mumbai,Delivered,25.0
O05379,C02118,2025-03-15,UPI,Mumbai,Delivered,0.0
O05380,C00505,2025-11-18,Card,Kolkata,Delivered,5.0
O05381,C00110,2025-09-06,COD,Jaipur,Delivered,10.0
O05382,C01406,2025-04-18,COD,Chennai,Delivered,25.0
O05383,C04493,2025-01-04,UPI,Delhi,Cancelled,10.0
O05384,C03481,2025-08-03,Card,Ahmedabad,Delivered,20.0
O05385,C00351,2025-06-28,UPI,Indore,Delivered,25.0
O05386,C01558,2025-06-04,Net Banking,Lucknow,Delivered,15.0
O05387,C03043,2025-10-16,Card,Pune,Delivered,10.0
O05388,C02837,2025-08-13,UPI,Jaipur,Delivered,5.0
O05389,C03629,2025-04-15,UPI,Kochi,Delivered,5.0
O05390,C02042,2025-03-25,UPI,Hyderabad,Delivered,10.0
O05391,C00111,2025-03-18,COD,Mumbai,Delivered,0.0
O05392,C04305,2025-07-22,Card,Bangalore,Delivered,5.0
O05393,C01766,2025-12-05,UPI,Chennai,Returned,5.0
O05394,C01202,2025-08-29,COD,Indore,Delivered,20.0
O05395,C02979,2025-10-15,UPI,Pune,Returned,5.0
O05396,C02473,2025-07-14,UPI,Pune,Delivered,5.0
O05397,C02376,2025-07-24,UPI,Mumbai,Delivered,15.0
O05398,C00011,2025-08-02,UPI,Hyderabad,Delivered,25.0
O05399,C04952,2025-01-19,Card,Bangalore,Delivered,15.0
O05400,C02302,2025-06-08,Card,Indore,Delivered,0.0
O05401,C01590,2025-07-31,UPI,Indore,Delivered,5.0
O05402,C01502,2025-02-22,UPI,Bangalore,Delivered,10.0
O05403,C00129,2025-03-29,UPI,Mumbai,Delivered,5.0
O05404,C03604,2025-06-09,UPI,Chennai,Delivered,10.0
O05405,C04196,2025-01-09,UPI,Kochi,Delivered,5.0
O05406,C00290,2025-06-28,UPI,Kochi,Delivered,10.0
O05407,C01677,2025-03-24,UPI,Mumbai,Delivered,15.0
O05408,C01845,2025-05-31,COD,Kochi,Delivered,15.0
O05409,C03636,2025-01-25,UPI,Delhi,Delivered,15.0
O05410,C02694,2025-08-13,Card,Jaipur,Delivered,15.0
O05411,C01828,2025-07-13,UPI,Chennai,Delivered,0.0
O05412,C04761,2025-04-28,Card,Delhi,Delivered,30.0
O05413,C01371,2025-11-19,COD,Chennai,Delivered,15.0
O05414,C04794,2025-09-05,Card,Delhi,Delivered,0.0
O05415,C03823,2025-03-19,UPI,Lucknow,Returned,15.0
O05416,C00183,2025-06-01,UPI,Chennai,Delivered,10.0
O05417,C00351,2025-02-25,COD,Kochi,Delivered,10.0
O05418,C03587,2025-11-02,Card,Hyderabad,Delivered,15.0
O05419,C01402,2025-12-23,UPI,Lucknow,Delivered,0.0
O05420,C02756,2025-09-16,Net Banking,Indore,Delivered,30.0
O05421,C04774,2025-01-23,Card,Jaipur,Delivered,10.0
O05422,C02850,2025-06-11,COD,Mumbai,Delivered,10.0
O05423,C04436,2025-09-22,UPI,Delhi,Cancelled,10.0
O05424,C03213,2025-03-23,UPI,Hyderabad,Returned,10.0
O05425,C04207,2025-02-28,Card,Mumbai,Delivered,15.0
O05426,C03968,2025-03-07,Card,Ahmedabad,Delivered,5.0
O05427,C03928,2025-04-25,UPI,Kochi,Delivered,10.0
O05428,C03430,2025-10-18,Card,Pune,Delivered,5.0
O05429,C03489,2025-08-30,Card,Bangalore,Delivered,15.0
O05430,C01896,2025-11-30,UPI,Chennai,Delivered,15.0
O05431,C02909,2025-04-19,Card,Chennai,Delivered,15.0
O05432,C01412,2025-10-31,UPI,Bangalore,Delivered,15.0
O05433,C03383,2025-11-05,Card,Hyderabad,Delivered,0.0
O05434,C01944,2025-11-27,UPI,Mumbai,Delivered,5.0
O05435,C04000,2025-02-01,Card,Delhi,Delivered,5.0
O05436,C03119,2025-08-01,UPI,Chennai,Cancelled,5.0
O05437,C00656,2025-03-29,COD,Indore,Delivered,10.0
O05438,C00350,2025-03-03,Card,Hyderabad,Delivered,20.0
O05439,C03999,2025-01-03,Card,Lucknow,Delivered,15.0
O05440,C01144,2025-09-19,COD,Mumbai,Delivered,5.0
O05441,C00398,2025-04-22,UPI,Kolkata,Cancelled,5.0
O05442,C00646,2025-01-12,Card,Delhi,Delivered,0.0
O05443,C04509,2025-02-22,UPI,Bangalore,Delivered,0.0
O05444,C04133,2025-05-28,Net Banking,Kolkata,Delivered,10.0
O05445,C02235,2025-05-14,COD,Hyderabad,Delivered,15.0
O05446,C04516,2025-03-25,COD,Kochi,Delivered,20.0
O05447,C02773,2025-07-03,UPI,Pune,Delivered,10.0
O05448,C01484,2025-06-18,UPI,Hyderabad,Delivered,
O05449,C02235,2025-02-18,UPI,Indore,Delivered,5.0
O05450,C01984,2025-04-18,Card,Bangalore,Delivered,10.0
O05451,C01963,2025-07-12,UPI,Chennai,Delivered,10.0
O05452,C00810,2025-12-06,UPI,Chennai,Delivered,10.0
O05453,C03197,2025-08-02,Card,Hyderabad,Delivered,
O05454,C04416,2025-12-26,COD,Chennai,Delivered,0.0
O05455,C00514,2025-04-05,UPI,Jaipur,Delivered,30.0
O05456,C00334,2025-01-31,COD,Hyderabad,Cancelled,25.0
O05457,C02513,2025-06-05,UPI,Lucknow,Delivered,0.0
O05458,C04096,2025-01-12,UPI,Jaipur,Delivered,0.0
O05459,C04820,2025-09-29,COD,Kolkata,Delivered,10.0
O05460,C00008,2025-08-13,Card,Delhi,Returned,15.0
O05461,C02004,2025-06-12,Net Banking,Hyderabad,Delivered,10.0
O05462,C04260,2025-02-13,Card,Bangalore,Delivered,5.0
O05463,C04877,2025-11-20,Net Banking,Kochi,Delivered,10.0
O05464,C02129,2025-08-14,UPI,Chennai,Delivered,10.0
O05465,C01299,2025-09-10,Card,Mumbai,Delivered,0.0
O05466,C02947,2025-08-21,Net Banking,Hyderabad,Delivered,15.0
O05467,C01845,2025-09-16,UPI,Delhi,Delivered,15.0
O05468,C03612,2025-10-14,UPI,Jaipur,Delivered,0.0
O05469,C03066,2025-06-29,UPI,Mumbai,Delivered,10.0
O05470,C01103,2025-08-11,COD,Bangalore,Delivered,5.0
O05471,C00680,2025-04-26,Card,Pune,Cancelled,10.0
O05472,C04534,2025-01-05,Card,Chennai,Delivered,10.0
O05473,C03370,2025-09-18,COD,Bangalore,Delivered,10.0
O05474,C04048,2025-03-07,COD,Chennai,Delivered,5.0
O05475,C02824,2025-01-15,Card,Kolkata,Delivered,10.0
O05476,C00010,2025-05-29,COD,Bangalore,Delivered,0.0
O05477,C04254,2025-04-11,Card,Ahmedabad,Delivered,0.0
O05478,C02832,2025-09-24,Card,Kolkata,Delivered,0.0
O05479,C03948,2025-08-06,UPI,Kochi,Cancelled,5.0
O05480,C04217,2025-02-11,UPI,Pune,Delivered,0.0
O05481,C02187,2025-03-07,COD,Hyderabad,Delivered,0.0
O05482,C00674,2025-12-16,UPI,Jaipur,Delivered,15.0
O05483,C02028,2025-11-13,UPI,Bangalore,Delivered,5.0
O05484,C01457,2025-11-12,Card,Kochi,Delivered,10.0
O05485,C00044,2025-04-30,Card,Jaipur,Cancelled,5.0
O05486,C04912,2025-09-02,UPI,Ahmedabad,Delivered,5.0
O05487,C04194,2025-10-14,COD,Indore,Delivered,20.0
O05488,C03610,2025-02-17,Card,Lucknow,Cancelled,10.0
O05489,C01895,2025-10-15,COD,Chennai,Delivered,10.0
O05490,C03782,2025-11-09,Card,Delhi,Delivered,10.0
O05491,C02287,2025-09-12,Card,Kochi,Cancelled,5.0
O05492,C04571,2025-12-17,UPI,Mumbai,Delivered,15.0
O05493,C02572,2025-06-04,UPI,Jaipur,Delivered,0.0
O05494,C01416,2025-12-04,UPI,Delhi,Delivered,5.0
O05495,C00009,2025-09-18,UPI,Kolkata,Delivered,15.0
O05496,C01863,2025-01-17,Net Banking,Hyderabad,Delivered,0.0
O05497,C01234,2025-07-22,COD,Chennai,Cancelled,0.0
O05498,C03126,2025-06-15,Card,Hyderabad,Delivered,5.0
O05499,C04712,2025-02-17,UPI,Mumbai,Cancelled,5.0
O05500,C02458,2025-08-17,UPI,Chennai,Cancelled,15.0
O05501,C00010,2025-08-01,UPI,Kolkata,Cancelled,15.0
O05502,C03005,2025-08-04,COD,Bangalore,Delivered,0.0
O05503,C04648,2025-11-01,Card,Kolkata,Delivered,10.0
O05504,C04976,2025-06-18,COD,Lucknow,Delivered,25.0
O05505,C00268,2025-01-22,Card,Mumbai,Delivered,5.0
O05506,C03862,2025-10-02,Card,Pune,Delivered,5.0
O05507,C02715,2025-04-23,Card,Pune,Cancelled,10.0
O05508,C04547,2025-12-23,UPI,Chennai,Delivered,10.0
O05509,C02642,2025-07-22,Card,Indore,Delivered,5.0
O05510,C03807,2025-02-02,COD,Bangalore,Delivered,5.0
O05511,C01392,2025-03-30,Card,Bangalore,Delivered,15.0
O05512,C01083,2025-05-14,Card,Lucknow,Delivered,5.0
O05513,C00294,2025-01-11,Card,Pune,Delivered,30.0
O05514,C04080,2025-01-27,UPI,Kochi,Delivered,5.0
O05515,C02836,2025-01-31,Card,Bangalore,Delivered,10.0
O05516,C04965,2025-04-01,UPI,Mumbai,Delivered,0.0
O05517,C04206,2025-06-18,Net Banking,Kolkata,Delivered,10.0
O05518,C02155,2025-02-16,UPI,Chennai,Delivered,10.0
O05519,C02345,2025-03-20,Card,Lucknow,Delivered,5.0
O05520,C03924,2025-01-02,UPI,Bangalore,Delivered,10.0
O05521,C01855,2025-01-20,UPI,Bangalore,Delivered,0.0
O05522,C03869,2025-04-16,Card,Delhi,Delivered,20.0
O05523,C03791,2025-10-22,Net Banking,Bangalore,Returned,25.0
O05524,C03033,2025-11-26,COD,Delhi,Delivered,20.0
O05525,C00845,2025-03-31,UPI,Chennai,Delivered,15.0
O05526,C01708,2025-05-18,Card,Indore,Delivered,10.0
O05527,C02008,2025-06-17,UPI,Delhi,Delivered,5.0
O05528,C01274,2025-05-21,Card,Indore,Delivered,0.0
O05529,C04435,2025-08-01,UPI,Kochi,Delivered,15.0
O05530,C02105,2025-10-27,COD,Ahmedabad,Delivered,0.0
O05531,C02968,2025-02-01,UPI,Chennai,Delivered,5.0
O05532,C04243,2025-01-30,UPI,Lucknow,Delivered,10.0
O05533,C04842,2025-11-05,COD,Chennai,Delivered,5.0
O05534,C01213,2025-11-28,Net Banking,Hyderabad,Delivered,10.0
O05535,C02296,2025-02-13,UPI,Indore,Delivered,15.0
O05536,C02198,2025-02-04,UPI,Kolkata,Delivered,20.0
O05537,C04810,2025-02-14,COD,Chennai,Cancelled,5.0
O05538,C03285,2025-05-18,Card,Hyderabad,Delivered,5.0
O05539,C02265,2025-02-16,Net Banking,Indore,Delivered,15.0
O05540,C01611,2025-07-04,UPI,Hyderabad,Delivered,5.0
O05541,C01419,2025-01-18,UPI,Chennai,Delivered,5.0
O05542,C01787,2025-07-04,UPI,Indore,Cancelled,15.0
O05543,C04400,2025-03-13,Card,Kochi,Delivered,5.0
O05544,C03483,2025-05-03,COD,Indore,Delivered,0.0
O05545,C01878,2025-06-20,COD,Hyderabad,Delivered,5.0
O05546,C02908,2025-03-18,COD,Jaipur,Returned,0.0
O05547,C00380,2025-01-09,UPI,Ahmedabad,Delivered,15.0
O05548,C03301,2025-07-20,COD,Kolkata,Delivered,0.0
O05549,C00694,2025-08-31,COD,Mumbai,Delivered,10.0
O05550,C03577,2025-03-10,COD,Kolkata,Delivered,25.0
O05551,C04146,2025-08-27,Card,Hyderabad,Delivered,20.0
O05552,C01448,2025-11-13,Card,Kochi,Delivered,0.0
O05553,C02391,2025-01-11,Card,Pune,Delivered,15.0
O05554,C01756,2025-11-16,Card,Lucknow,Delivered,15.0
O05555,C03085,2025-02-07,UPI,Kolkata,Delivered,5.0
O05556,C01880,2025-01-10,Card,Lucknow,Delivered,0.0
O05557,C02810,2025-01-16,Card,Lucknow,Delivered,20.0
O05558,C00848,2025-11-21,UPI,Delhi,Returned,10.0
O05559,C02972,2025-08-31,Card,Bangalore,Delivered,15.0
O05560,C04062,2025-09-04,Card,Pune,Delivered,10.0
O05561,C01196,2025-02-11,COD,Bangalore,Delivered,5.0
O05562,C01513,2025-08-22,Card,Ahmedabad,Delivered,5.0
O05563,C03903,2025-02-13,Card,Chennai,Delivered,10.0
O05564,C03321,2025-06-13,Card,Ahmedabad,Delivered,5.0
O05565,C02458,2025-05-30,UPI,Mumbai,Delivered,5.0
O05566,C03463,2025-10-07,UPI,Delhi,Delivered,0.0
O05567,C03451,2025-07-23,UPI,Kolkata,Delivered,30.0
O05568,C00227,2025-08-19,UPI,Mumbai,Delivered,10.0
O05569,C01808,2025-10-18,Card,Kolkata,Delivered,0.0
O05570,C04309,2025-11-02,Net Banking,Hyderabad,Delivered,0.0
O05571,C00419,2025-12-05,UPI,Lucknow,Delivered,10.0
O05572,C01876,2025-11-30,Net Banking,Pune,Delivered,0.0
O05573,C03156,2025-10-23,Card,Hyderabad,Delivered,10.0
O05574,C00919,2025-01-22,UPI,Pune,Delivered,25.0
O05575,C04873,2025-06-24,UPI,Mumbai,Delivered,20.0
O05576,C04055,2025-08-30,COD,Bangalore,Delivered,25.0
O05577,C03819,2025-11-27,Card,Jaipur,Delivered,0.0
O05578,C04272,2025-03-07,UPI,Pune,Returned,5.0
O05579,C02632,2025-04-04,UPI,Lucknow,Returned,10.0
O05580,C03675,2025-08-01,COD,Mumbai,Delivered,15.0
O05581,C01346,2025-08-29,UPI,Pune,Delivered,5.0
O05582,C04631,2025-04-20,COD,Kolkata,Delivered,5.0
O05583,C01830,2025-02-16,UPI,Delhi,Delivered,5.0
O05584,C01664,2025-12-26,Card,Kolkata,Delivered,15.0
O05585,C04420,2025-06-05,Card,Chennai,Delivered,5.0
O05586,C00085,2025-03-21,Card,Jaipur,Delivered,0.0
O05587,C03813,2025-02-14,UPI,Kolkata,Delivered,15.0
O05588,C00887,2025-12-23,UPI,Jaipur,Delivered,0.0
O05589,C03340,2025-07-14,COD,Kolkata,Delivered,10.0
O05590,C04208,2025-08-25,UPI,Bangalore,Returned,0.0
O05591,C02676,2025-07-30,Card,Lucknow,Delivered,5.0
O05592,C02798,2025-09-25,COD,Indore,Delivered,10.0
O05593,C04148,2025-03-24,COD,Lucknow,Delivered,25.0
O05594,C02132,2025-04-23,UPI,Lucknow,Delivered,0.0
O05595,C03695,2025-09-24,Card,Bangalore,Delivered,15.0
O05596,C02760,2025-05-11,Card,Kolkata,Delivered,25.0
O05597,C02779,2025-11-13,UPI,Kolkata,Cancelled,5.0
O05598,C00741,2025-02-25,UPI,Kochi,Delivered,5.0
O05599,C02877,2025-08-26,UPI,Pune,Delivered,25.0
O05600,C04521,2025-01-26,Card,Bangalore,Delivered,10.0
O05601,C01712,2025-12-08,COD,Indore,Cancelled,20.0
O05602,C00056,2025-09-02,COD,Chennai,Delivered,15.0
O05603,C03363,2025-07-28,COD,Kochi,Delivered,5.0
O05604,C02860,2025-10-17,Card,Ahmedabad,Delivered,5.0
O05605,C00807,2025-07-02,Net Banking,Ahmedabad,Delivered,15.0
O05606,C03057,2025-07-26,Card,Pune,Delivered,10.0
O05607,C04751,2025-07-23,Card,Kolkata,Delivered,10.0
O05608,C01007,2025-07-27,COD,Pune,Delivered,10.0
O05609,C04104,2025-03-13,UPI,Bangalore,Delivered,0.0
O05610,C01782,2025-11-08,UPI,Hyderabad,Delivered,0.0
O05611,C00990,2025-12-05,COD,Pune,Delivered,5.0
O05612,C03934,2025-05-27,COD,Indore,Delivered,5.0
O05613,C03165,2025-07-23,UPI,Delhi,Returned,15.0
O05614,C03370,2025-12-15,COD,Ahmedabad,Delivered,5.0
O05615,C02079,2025-05-13,Card,Ahmedabad,Delivered,5.0
O05616,C00378,2025-10-09,Card,Ahmedabad,Delivered,10.0
O05617,C02378,2025-03-19,UPI,Lucknow,Delivered,10.0
O05618,C00282,2025-04-07,Net Banking,Chennai,Delivered,5.0
O05619,C04735,2025-06-12,COD,Pune,Delivered,10.0
O05620,C02920,2025-11-27,Card,Chennai,Delivered,10.0
O05621,C04165,2025-07-15,COD,Ahmedabad,Delivered,5.0
O05622,C03595,2025-04-26,COD,Jaipur,Delivered,5.0
O05623,C01839,2025-06-10,Card,Lucknow,Delivered,20.0
O05624,C04433,2025-09-12,Net Banking,Kolkata,Delivered,10.0
O05625,C02893,2025-03-11,Net Banking,Kolkata,Cancelled,5.0
O05626,C00215,2025-07-21,UPI,Lucknow,Delivered,10.0
O05627,C04731,2025-02-05,UPI,Pune,Delivered,15.0
O05628,C04519,2025-11-01,UPI,Pune,Delivered,0.0
O05629,C02121,2025-08-06,Card,Indore,Delivered,20.0
O05630,C03794,2025-11-05,UPI,Lucknow,Delivered,15.0
O05631,C02871,2025-07-16,UPI,Ahmedabad,Delivered,5.0
O05632,C00786,2025-12-02,Net Banking,Pune,Delivered,25.0
O05633,C00938,2025-11-23,COD,Pune,Delivered,0.0
O05634,C01690,2025-07-11,COD,Hyderabad,Delivered,15.0
O05635,C03712,2025-10-04,Net Banking,Hyderabad,Delivered,10.0
O05636,C01257,2025-10-18,UPI,Kochi,Delivered,15.0
O05637,C03113,2025-03-27,Card,Delhi,Delivered,10.0
O05638,C04535,2025-01-22,UPI,Kolkata,Delivered,0.0
O05639,C01338,2025-05-14,Card,Kochi,Delivered,5.0
O05640,C00270,2025-06-10,UPI,Kolkata,Delivered,10.0
O05641,C01491,2025-10-22,UPI,Jaipur,Delivered,20.0
O05642,C02122,2025-02-12,UPI,Hyderabad,Delivered,0.0
O05643,C01681,2025-02-10,Card,Indore,Cancelled,0.0
O05644,C04770,2025-10-18,Net Banking,Kochi,Delivered,0.0
O05645,C03854,2025-10-07,UPI,Delhi,Delivered,10.0
O05646,C00410,2025-07-02,Card,Indore,Delivered,5.0
O05647,C01442,2025-09-09,Card,Lucknow,Delivered,0.0
O05648,C02259,2025-12-26,Card,Kolkata,Delivered,0.0
O05649,C00792,2025-02-09,COD,Hyderabad,Delivered,15.0
O05650,C00360,2025-03-28,UPI,Indore,Delivered,10.0
O05651,C04678,2025-08-13,UPI,Hyderabad,Delivered,20.0
O05652,C00423,2025-10-12,UPI,Indore,Delivered,10.0
O05653,C00121,2025-05-18,Card,Indore,Delivered,15.0
O05654,C02221,2025-12-01,UPI,Chennai,Delivered,15.0
O05655,C04130,2025-05-18,UPI,Bangalore,Delivered,25.0
O05656,C02966,2025-03-05,COD,Lucknow,Cancelled,20.0
O05657,C00071,2025-04-27,UPI,Kochi,Cancelled,15.0
O05658,C04641,2025-04-08,Card,Hyderabad,Delivered,10.0
O05659,C03693,2025-05-26,Net Banking,Kolkata,Delivered,30.0
O05660,C04631,2025-03-26,Card,Ahmedabad,Delivered,5.0
O05661,C03730,2025-02-20,Card,Kochi,Delivered,15.0
O05662,C00014,2025-04-05,UPI,Bangalore,Delivered,0.0
O05663,C03901,2025-10-05,Card,Indore,Cancelled,10.0
O05664,C03620,2025-01-09,COD,Chennai,Delivered,15.0
O05665,C00271,2025-12-13,COD,Kolkata,Delivered,0.0
O05666,C03125,2025-03-30,Card,Chennai,Cancelled,5.0
O05667,C01584,2025-03-30,COD,Jaipur,Delivered,10.0
O05668,C04559,2025-08-07,UPI,Pune,Cancelled,10.0
O05669,C00523,2025-11-26,UPI,Delhi,Delivered,15.0
O05670,C02818,2025-12-16,COD,Delhi,Delivered,0.0
O05671,C04951,2025-10-13,UPI,Pune,Delivered,10.0
O05672,C02840,2025-06-10,COD,Bangalore,Delivered,25.0
O05673,C00443,2025-02-12,Card,Ahmedabad,Delivered,25.0
O05674,C02084,2025-09-03,Card,Delhi,Delivered,0.0
O05675,C02928,2025-09-15,COD,Ahmedabad,Delivered,20.0
O05676,C01222,2025-12-09,COD,Ahmedabad,Delivered,10.0
O05677,C03450,2025-06-08,Card,Mumbai,Delivered,15.0
O05678,C02441,2025-05-12,Card,Delhi,Cancelled,0.0
O05679,C02363,2025-02-16,Card,Kochi,Delivered,15.0
O05680,C04504,2025-12-06,Net Banking,Bangalore,Delivered,0.0
O05681,C00895,2025-03-30,COD,Hyderabad,Delivered,10.0
O05682,C03903,2025-02-14,UPI,Delhi,Delivered,15.0
O05683,C02254,2025-11-17,COD,Jaipur,Delivered,15.0
O05684,C02011,2025-07-13,COD,Bangalore,Delivered,0.0
O05685,C04994,2025-01-06,Card,Ahmedabad,Delivered,5.0
O05686,C04191,2025-09-20,Card,Pune,Delivered,15.0
O05687,C04636,2025-07-15,Card,Indore,Delivered,15.0
O05688,C03216,2025-01-18,UPI,Pune,Delivered,10.0
O05689,C04605,2025-10-24,UPI,Lucknow,Delivered,0.0
O05690,C02561,2025-04-17,COD,Ahmedabad,Delivered,10.0
O05691,C02847,2025-03-10,Card,Jaipur,Delivered,15.0
O05692,C01046,2025-01-25,UPI,Ahmedabad,Delivered,25.0
O05693,C04834,2025-02-25,Card,Hyderabad,Delivered,15.0
O05694,C02935,2025-01-01,UPI,Bangalore,Delivered,20.0
O05695,C00471,2025-07-02,COD,Bangalore,Delivered,5.0
O05696,C04380,2025-02-23,Card,Lucknow,Delivered,20.0
O05697,C00372,2025-03-22,Card,Pune,Delivered,10.0
O05698,C03404,2025-06-09,UPI,Lucknow,Delivered,10.0
O05699,C01404,2025-08-14,COD,Delhi,Delivered,5.0
O05700,C04603,2025-09-21,Net Banking,Delhi,Delivered,5.0
O05701,C03947,2025-04-19,COD,Lucknow,Cancelled,10.0
O05702,C04076,2025-11-05,Card,Jaipur,Delivered,20.0
O05703,C04674,2025-02-13,COD,Kochi,Delivered,5.0
O05704,C02521,2025-07-20,UPI,Kolkata,Delivered,5.0
O05705,C01008,2025-10-11,UPI,Delhi,Delivered,25.0
O05706,C03347,2025-05-27,Card,Mumbai,Delivered,0.0
O05707,C00668,2025-07-18,UPI,Chennai,Delivered,10.0
O05708,C01447,2025-08-22,UPI,Jaipur,Delivered,10.0
O05709,C03967,2025-07-03,Card,Indore,Delivered,15.0
O05710,C01908,2025-02-04,Card,Ahmedabad,Delivered,5.0
O05711,C02368,2025-07-28,COD,Ahmedabad,Delivered,10.0
O05712,C02106,2025-12-26,UPI,Bangalore,Cancelled,0.0
O05713,C04369,2025-03-04,Net Banking,Jaipur,Returned,5.0
O05714,C03030,2025-03-23,UPI,Ahmedabad,Returned,0.0
O05715,C00041,2025-09-20,Card,Lucknow,Delivered,10.0
O05716,C04834,2025-09-12,UPI,Delhi,Delivered,0.0
O05717,C04805,2025-02-08,Card,Ahmedabad,Delivered,0.0
O05718,C00126,2025-10-13,Net Banking,Jaipur,Returned,5.0
O05719,C00778,2025-01-23,COD,Indore,Delivered,0.0
O05720,C00836,2025-03-25,UPI,Mumbai,Delivered,15.0
O05721,C00879,2025-10-30,Card,Bangalore,Delivered,5.0
O05722,C04490,2025-07-25,Card,Bangalore,Delivered,15.0
O05723,C04924,2025-04-05,UPI,Bangalore,Cancelled,20.0
O05724,C00837,2025-03-04,COD,Chennai,Delivered,15.0
O05725,C00525,2025-05-17,UPI,Mumbai,Delivered,15.0
O05726,C01252,2025-05-31,Card,Kolkata,Delivered,10.0
O05727,C04242,2025-04-27,UPI,Bangalore,Delivered,5.0
O05728,C00735,2025-07-10,UPI,Mumbai,Delivered,5.0
O05729,C00169,2025-07-21,COD,Pune,Cancelled,10.0
O05730,C01149,2025-09-07,UPI,Jaipur,Delivered,5.0
O05731,C00300,2025-03-28,UPI,Hyderabad,Delivered,5.0
O05732,C03322,2025-03-15,COD,Kochi,Delivered,0.0
O05733,C00522,2025-11-18,UPI,Kochi,Delivered,15.0
O05734,C00618,2025-02-06,Card,Chennai,Delivered,15.0
O05735,C03585,2025-05-05,Card,Kochi,Delivered,10.0
O05736,C01718,2025-06-15,Net Banking,Lucknow,Delivered,5.0
O05737,C04602,2025-01-01,COD,Pune,Delivered,15.0
O05738,C00302,2025-12-04,Net Banking,Jaipur,Delivered,0.0
O05739,C00653,2025-10-18,Card,Mumbai,Delivered,0.0
O05740,C03302,2025-03-12,UPI,Hyderabad,Delivered,15.0
O05741,C04160,2025-04-18,UPI,Delhi,Delivered,10.0
O05742,C02638,2025-03-27,COD,Kochi,Delivered,15.0
O05743,C02280,2025-06-30,Card,Indore,Delivered,5.0
O05744,C01623,2025-01-25,UPI,Kochi,Delivered,0.0
O05745,C04415,2025-10-25,Net Banking,Kolkata,Delivered,10.0
O05746,C01682,2025-05-31,UPI,Chennai,Delivered,10.0
O05747,C04925,2025-09-22,Card,Chennai,Delivered,15.0
O05748,C00092,2025-07-22,COD,Kochi,Delivered,0.0
O05749,C03707,2025-02-20,COD,Ahmedabad,Delivered,25.0
O05750,C00961,2025-08-08,UPI,Chennai,Delivered,0.0
O05751,C04160,2025-02-26,Card,Mumbai,Delivered,5.0
O05752,C00844,2025-03-23,UPI,Mumbai,Delivered,15.0
O05753,C00219,2025-06-13,Card,Indore,Delivered,15.0
O05754,C00704,2025-09-26,Card,Bangalore,Delivered,10.0
O05755,C04715,2025-07-02,COD,Mumbai,Delivered,0.0
O05756,C00247,2025-06-29,UPI,Bangalore,Returned,20.0
O05757,C04038,2025-10-11,COD,Delhi,Delivered,10.0
O05758,C00057,2025-03-27,Card,Chennai,Delivered,15.0
O05759,C03960,2025-04-21,Card,Delhi,Delivered,5.0
O05760,C04853,2025-06-07,UPI,Lucknow,Delivered,5.0
O05761,C01859,2025-02-14,UPI,Pune,Delivered,15.0
O05762,C01913,2025-02-07,Card,Kochi,Delivered,15.0
O05763,C04222,2025-01-20,Net Banking,Lucknow,Delivered,15.0
O05764,C00267,2025-04-07,Card,Mumbai,Delivered,15.0
O05765,C03483,2025-12-24,COD,Chennai,Delivered,0.0
O05766,C01681,2025-02-28,Card,Delhi,Cancelled,5.0
O05767,C03194,2025-08-12,COD,Mumbai,Delivered,10.0
O05768,C01532,2025-10-25,UPI,Kolkata,Delivered,10.0
O05769,C02007,2025-07-08,COD,Indore,Delivered,10.0
O05770,C04706,2025-02-28,COD,Jaipur,Delivered,20.0
O05771,C04565,2025-01-08,COD,Jaipur,Delivered,0.0
O05772,C04897,2025-11-09,COD,Hyderabad,Delivered,15.0
O05773,C04229,2025-04-12,UPI,Pune,Delivered,0.0
O05774,C03451,2025-12-06,Card,Bangalore,Delivered,5.0
O05775,C01020,2025-01-21,UPI,Delhi,Delivered,5.0
O05776,C00318,2025-11-01,UPI,Mumbai,Delivered,10.0
O05777,C01601,2025-08-04,UPI,Jaipur,Delivered,10.0
O05778,C00711,2025-11-06,UPI,Kochi,Delivered,10.0
O05779,C03197,2025-08-19,Card,Ahmedabad,Delivered,5.0
O05780,C00451,2025-08-24,Card,Delhi,Delivered,10.0
O05781,C01882,2025-05-31,UPI,Kochi,Delivered,15.0
O05782,C01744,2025-03-09,Card,Ahmedabad,Delivered,5.0
O05783,C01324,2025-02-15,UPI,Kochi,Delivered,25.0
O05784,C03561,2025-08-10,UPI,Ahmedabad,Delivered,0.0
O05785,C02681,2025-08-28,COD,Lucknow,Delivered,30.0
O05786,C04238,2025-06-05,UPI,Ahmedabad,Delivered,15.0
O05787,C03052,2025-04-05,Card,Kolkata,Delivered,10.0
O05788,C04665,2025-04-07,UPI,Pune,Delivered,5.0
O05789,C02352,2025-11-02,Card,Kochi,Cancelled,10.0
O05790,C02705,2025-03-24,UPI,Ahmedabad,Delivered,15.0
O05791,C02641,2025-09-02,UPI,Kochi,Delivered,5.0
O05792,C04126,2025-03-04,UPI,Chennai,Cancelled,0.0
O05793,C03449,2025-01-10,COD,Jaipur,Delivered,10.0
O05794,C00695,2025-03-30,UPI,Jaipur,Delivered,5.0
O05795,C04254,2025-06-14,UPI,Delhi,Delivered,5.0
O05796,C02194,2025-11-22,UPI,Delhi,Delivered,15.0
O05797,C00340,2025-10-13,Card,Ahmedabad,Delivered,0.0
O05798,C01769,2025-08-03,UPI,Pune,Delivered,15.0
O05799,C00092,2025-12-02,UPI,Jaipur,Delivered,0.0
O05800,C04425,2025-03-13,Net Banking,Mumbai,Delivered,20.0
O05801,C00172,2025-07-27,UPI,Mumbai,Returned,10.0
O05802,C02750,2025-05-19,Card,Pune,Delivered,25.0
O05803,C03103,2025-09-03,Net Banking,Ahmedabad,Delivered,20.0
O05804,C00621,2025-05-09,UPI,Delhi,Delivered,20.0
O05805,C00989,2025-04-10,Card,Bangalore,Delivered,0.0
O05806,C00077,2025-01-11,UPI,Kochi,Delivered,15.0
O05807,C02199,2025-12-06,COD,Pune,Delivered,10.0
O05808,C04238,2025-06-25,COD,Lucknow,Delivered,10.0
O05809,C00231,2025-11-13,UPI,Hyderabad,Delivered,5.0
O05810,C02176,2025-12-23,UPI,Bangalore,Delivered,0.0
O05811,C02908,2025-11-12,Card,Jaipur,Delivered,5.0
O05812,C02545,2025-05-30,Net Banking,Lucknow,Delivered,10.0
O05813,C03613,2025-03-16,UPI,Lucknow,Delivered,10.0
O05814,C02858,2025-04-09,Net Banking,Lucknow,Delivered,15.0
O05815,C01554,2025-09-22,COD,Hyderabad,Delivered,20.0
O05816,C04365,2025-08-31,UPI,Chennai,Delivered,5.0
O05817,C02666,2025-03-24,COD,Delhi,Delivered,0.0
O05818,C03741,2025-10-20,UPI,Jaipur,Delivered,30.0
O05819,C00962,2025-03-11,Card,Pune,Delivered,20.0
O05820,C01628,2025-08-16,UPI,Kolkata,Delivered,5.0
O05821,C01968,2025-06-21,Card,Bangalore,Delivered,0.0
O05822,C03332,2025-05-11,Card,Indore,Delivered,25.0
O05823,C01075,2025-01-10,Card,Kolkata,Delivered,5.0
O05824,C03205,2025-02-25,Card,Delhi,Delivered,5.0
O05825,C01029,2025-02-02,Card,Hyderabad,Delivered,0.0
O05826,C00648,2025-09-01,Net Banking,Lucknow,Cancelled,5.0
O05827,C04834,2025-08-14,COD,Bangalore,Delivered,20.0
O05828,C03163,2025-08-16,Card,Lucknow,Delivered,10.0
O05829,C04916,2025-09-02,UPI,Kolkata,Cancelled,0.0
O05830,C00903,2025-04-13,UPI,Bangalore,Delivered,25.0
O05831,C04068,2025-07-16,UPI,Bangalore,Delivered,10.0
O05832,C01504,2025-10-28,Card,Hyderabad,Delivered,10.0
O05833,C02863,2025-11-09,Card,Hyderabad,Delivered,15.0
O05834,C04479,2025-07-28,Card,Jaipur,Delivered,10.0
O05835,C02898,2025-07-11,Net Banking,Lucknow,Delivered,20.0
O05836,C01346,2025-05-07,UPI,Pune,Delivered,15.0
O05837,C00490,2025-01-10,Card,Hyderabad,Delivered,15.0
O05838,C00426,2025-11-26,COD,Delhi,Returned,5.0
O05839,C02732,2025-03-07,Card,Delhi,Delivered,30.0
O05840,C03992,2025-12-24,Card,Chennai,Delivered,15.0
O05841,C01408,2025-12-07,Net Banking,Hyderabad,Delivered,10.0
O05842,C00423,2025-06-07,Card,Hyderabad,Delivered,0.0
O05843,C02956,2025-09-13,COD,Ahmedabad,Delivered,10.0
O05844,C01215,2025-12-04,Net Banking,Ahmedabad,Delivered,15.0
O05845,C03943,2025-02-04,Card,Bangalore,Delivered,5.0
O05846,C01801,2025-11-05,UPI,Delhi,Cancelled,0.0
O05847,C04951,2025-06-16,COD,Chennai,Returned,15.0
O05848,C04461,2025-01-22,COD,Jaipur,Delivered,15.0
O05849,C02070,2025-03-08,UPI,Kolkata,Delivered,15.0
O05850,C04644,2025-07-17,Card,Chennai,Delivered,5.0
O05851,C02378,2025-04-10,Card,Bangalore,Delivered,0.0
O05852,C02104,2025-12-02,COD,Pune,Delivered,10.0
O05853,C01272,2025-07-14,UPI,Mumbai,Delivered,5.0
O05854,C04357,2025-04-10,Card,Indore,Delivered,15.0
O05855,C03844,2025-03-16,Card,Bangalore,Delivered,10.0
O05856,C00435,2025-01-17,Card,Mumbai,Delivered,0.0
O05857,C03599,2025-05-27,Net Banking,Ahmedabad,Delivered,5.0
O05858,C03550,2025-09-07,Net Banking,Bangalore,Delivered,20.0
O05859,C03772,2025-09-12,UPI,Bangalore,Delivered,10.0
O05860,C00535,2025-07-07,UPI,Bangalore,Delivered,10.0
O05861,C00381,2025-11-24,UPI,Lucknow,Delivered,15.0
O05862,C02151,2025-12-12,Card,Mumbai,Delivered,15.0
O05863,C04125,2025-08-28,Card,Bangalore,Delivered,0.0
O05864,C03926,2025-11-03,Card,Mumbai,Delivered,20.0
O05865,C03129,2025-06-25,UPI,Lucknow,Delivered,25.0
O05866,C04050,2025-11-09,UPI,Pune,Delivered,0.0
O05867,C00547,2025-02-01,UPI,Bangalore,Delivered,5.0
O05868,C03617,2025-12-01,Card,Kochi,Delivered,0.0
O05869,C04423,2025-05-02,Card,Mumbai,Delivered,10.0
O05870,C01752,2025-11-20,UPI,Delhi,Delivered,5.0
O05871,C04825,2025-01-28,UPI,Mumbai,Delivered,5.0
O05872,C03116,2025-07-08,COD,Delhi,Delivered,5.0
O05873,C00219,2025-11-29,COD,Pune,Cancelled,0.0
O05874,C00126,2025-05-20,UPI,Mumbai,Delivered,0.0
O05875,C04978,2025-09-28,Card,Delhi,Delivered,10.0
O05876,C04415,2025-10-12,UPI,Hyderabad,Delivered,10.0
O05877,C01329,2025-12-09,UPI,Kolkata,Delivered,0.0
O05878,C01224,2025-09-26,COD,Bangalore,Returned,15.0
O05879,C04181,2025-10-21,UPI,Ahmedabad,Delivered,0.0
O05880,C02771,2025-07-05,Card,Pune,Delivered,10.0
O05881,C01575,2025-04-20,Net Banking,Ahmedabad,Delivered,5.0
O05882,C01943,2025-09-12,COD,Jaipur,Delivered,20.0
O05883,C03341,2025-02-04,Card,Jaipur,Returned,10.0
O05884,C04458,2025-11-28,UPI,Delhi,Delivered,20.0
O05885,C02415,2025-08-10,UPI,Lucknow,Delivered,30.0
O05886,C01255,2025-04-20,COD,Jaipur,Delivered,0.0
O05887,C00988,2025-09-18,UPI,Lucknow,Delivered,0.0
O05888,C01849,2025-01-02,UPI,Hyderabad,Delivered,15.0
O05889,C03902,2025-08-22,UPI,Kochi,Delivered,10.0
O05890,C04927,2025-10-13,UPI,Kochi,Delivered,10.0
O05891,C03720,2025-04-09,Card,Mumbai,Delivered,5.0
O05892,C01318,2025-04-29,COD,Bangalore,Delivered,0.0
O05893,C01372,2025-01-10,Net Banking,Kolkata,Delivered,15.0
O05894,C04972,2025-03-14,COD,Jaipur,Delivered,10.0
O05895,C00361,2025-07-28,UPI,Mumbai,Delivered,10.0
O05896,C00358,2025-05-04,UPI,Bangalore,Delivered,15.0
O05897,C03202,2025-02-07,UPI,Mumbai,Delivered,30.0
O05898,C03891,2025-04-04,UPI,Pune,Cancelled,15.0
O05899,C02784,2025-08-21,Card,Chennai,Delivered,25.0
O05900,C00064,2025-06-12,COD,Chennai,Delivered,5.0
O05901,C02229,2025-11-23,Card,Kochi,Delivered,20.0
O05902,C02635,2025-05-20,COD,Kolkata,Delivered,15.0
O05903,C03850,2025-08-30,Card,Bangalore,Delivered,5.0
O05904,C03939,2025-06-19,Card,Ahmedabad,Delivered,10.0
O05905,C01516,2025-04-08,Net Banking,Indore,Delivered,5.0
O05906,C00580,2025-03-08,COD,Bangalore,Delivered,0.0
O05907,C04418,2025-10-16,Card,Kochi,Cancelled,10.0
O05908,C02332,2025-04-14,UPI,Indore,Delivered,30.0
O05909,C02414,2025-05-21,UPI,Delhi,Delivered,20.0
O05910,C02159,2025-07-22,COD,Mumbai,Delivered,0.0
O05911,C02126,2025-10-17,UPI,Mumbai,Delivered,25.0
O05912,C03770,2025-11-02,Card,Jaipur,Delivered,10.0
O05913,C02284,2025-05-17,Card,Jaipur,Delivered,0.0
O05914,C03767,2025-09-20,COD,Chennai,Delivered,20.0
O05915,C03106,2025-04-16,UPI,Lucknow,Delivered,25.0
O05916,C03553,2025-05-10,UPI,Mumbai,Delivered,20.0
O05917,C03476,2025-09-18,Card,Kochi,Delivered,10.0
O05918,C01839,2025-04-23,Card,Pune,Delivered,5.0
O05919,C00222,2025-11-18,UPI,Ahmedabad,Delivered,5.0
O05920,C00896,2025-04-26,Net Banking,Indore,Delivered,25.0
O05921,C03412,2025-05-18,COD,Jaipur,Delivered,5.0
O05922,C03009,2025-06-10,Card,Kolkata,Delivered,10.0
O05923,C00985,2025-04-18,Card,Bangalore,Delivered,15.0
O05924,C01633,2025-09-05,UPI,Pune,Delivered,20.0
O05925,C03671,2025-05-14,Net Banking,Pune,Delivered,10.0
O05926,C02891,2025-01-14,Net Banking,Bangalore,Delivered,5.0
O05927,C02044,2025-03-19,Card,Kolkata,Delivered,5.0
O05928,C01409,2025-09-28,Card,Kolkata,Delivered,5.0
O05929,C03873,2025-08-13,Card,Indore,Delivered,15.0
O05930,C04678,2025-05-01,Card,Bangalore,Delivered,0.0
O05931,C01336,2025-08-11,Card,Pune,Delivered,15.0
O05932,C03638,2025-07-28,Card,Delhi,Delivered,5.0
O05933,C03459,2025-08-28,UPI,Indore,Delivered,0.0
O05934,C04398,2025-01-21,Card,Bangalore,Delivered,0.0
O05935,C03601,2025-10-12,Card,Indore,Delivered,5.0
O05936,C04887,2025-11-25,UPI,Pune,Delivered,20.0
O05937,C01376,2025-04-03,COD,Delhi,Delivered,10.0
O05938,C01534,2025-09-12,Card,Delhi,Delivered,5.0
O05939,C01953,2025-06-11,Card,Delhi,Cancelled,5.0
O05940,C03258,2025-10-30,UPI,Kolkata,Delivered,15.0
O05941,C02992,2025-09-09,Card,Chennai,Delivered,10.0
O05942,C04691,2025-09-22,COD,Bangalore,Delivered,0.0
O05943,C03497,2025-07-07,Card,Delhi,Delivered,5.0
O05944,C04158,2025-04-22,Card,Indore,Delivered,10.0
O05945,C03473,2025-01-30,Card,Bangalore,Cancelled,5.0
O05946,C02918,2025-09-30,UPI,Delhi,Cancelled,5.0
O05947,C01166,2025-11-11,UPI,Delhi,Delivered,5.0
O05948,C04562,2025-06-17,UPI,Kolkata,Delivered,15.0
O05949,C02359,2025-04-06,Card,Indore,Delivered,25.0
O05950,C03239,2025-05-15,Card,Kochi,Delivered,0.0
O05951,C04912,2025-02-07,Card,Indore,Delivered,10.0
O05952,C02151,2025-10-15,UPI,Bangalore,Delivered,0.0
O05953,C02076,2025-03-10,UPI,Chennai,Delivered,5.0
O05954,C03668,2025-08-22,UPI,Indore,Delivered,10.0
O05955,C04604,2025-03-08,UPI,Kolkata,Delivered,15.0
O05956,C02182,2025-02-25,Card,Chennai,Delivered,10.0
O05957,C00059,2025-10-03,UPI,Hyderabad,Delivered,20.0
O05958,C01959,2025-07-11,Card,Delhi,Delivered,15.0
O05959,C00185,2025-04-30,Net Banking,Delhi,Delivered,5.0
O05960,C02620,2025-01-11,UPI,Chennai,Delivered,15.0
O05961,C01681,2025-05-26,COD,Chennai,Delivered,5.0
O05962,C00578,2025-01-14,Card,Jaipur,Delivered,15.0
O05963,C03955,2025-02-03,COD,Pune,Delivered,5.0
O05964,C04278,2025-07-23,UPI,Hyderabad,Delivered,0.0
O05965,C00071,2025-03-27,COD,Mumbai,Delivered,10.0
O05966,C00556,2025-06-03,Net Banking,Jaipur,Delivered,10.0
O05967,C00852,2025-06-19,COD,Kochi,Delivered,10.0
O05968,C01219,2025-06-16,COD,Delhi,Delivered,5.0
O05969,C03641,2025-07-04,UPI,Pune,Returned,5.0
O05970,C01913,2025-11-02,UPI,Ahmedabad,Returned,20.0
O05971,C02731,2025-04-23,COD,Jaipur,Delivered,10.0
O05972,C02366,2025-05-24,UPI,Chennai,Cancelled,10.0
O05973,C04925,2025-11-14,UPI,Hyderabad,Delivered,15.0
O05974,C00267,2025-12-20,UPI,Hyderabad,Delivered,0.0
O05975,C03917,2025-07-30,Card,Chennai,Delivered,15.0
O05976,C04710,2025-07-10,Card,Pune,Delivered,0.0
O05977,C01401,2025-10-13,Net Banking,Bangalore,Delivered,5.0
O05978,C04674,2025-07-01,COD,Chennai,Delivered,10.0
O05979,C03694,2025-06-04,Card,Lucknow,Cancelled,5.0
O05980,C04728,2025-12-08,Card,Kochi,Delivered,15.0
O05981,C02327,2025-07-11,Card,Hyderabad,Delivered,10.0
O05982,C02802,2025-03-22,UPI,Indore,Delivered,5.0
O05983,C02035,2025-12-01,COD,Delhi,Delivered,20.0
O05984,C02831,2025-11-28,Card,Mumbai,Delivered,10.0
O05985,C00985,2025-02-18,Card,Kolkata,Cancelled,10.0
O05986,C04100,2025-10-31,UPI,Delhi,Delivered,10.0
O05987,C01076,2025-02-24,Card,Hyderabad,Delivered,5.0
O05988,C01024,2025-12-02,UPI,Hyderabad,Delivered,0.0
O05989,C03898,2025-03-08,UPI,Kolkata,Delivered,5.0
O05990,C04875,2025-04-25,COD,Indore,Delivered,
O05991,C00280,2025-04-22,UPI,Kolkata,Delivered,5.0
O05992,C01112,2025-06-08,Card,Kochi,Delivered,10.0
O05993,C01184,2025-04-17,COD,Kochi,Delivered,0.0
O05994,C02076,2025-01-26,COD,Lucknow,Delivered,0.0
O05995,C03600,2025-04-20,COD,Kochi,Delivered,15.0
O05996,C04906,2025-03-07,COD,Lucknow,Delivered,5.0
O05997,C03943,2025-07-24,UPI,Mumbai,Delivered,5.0
O05998,C00272,2025-04-11,Net Banking,Pune,Delivered,10.0
O05999,C01124,2025-07-25,UPI,Jaipur,Delivered,25.0
O06000,C03980,2025-01-01,UPI,Jaipur,Delivered,0.0
O06001,C01228,2025-08-12,UPI,Kochi,Cancelled,15.0
O06002,C00190,2025-03-11,Net Banking,Mumbai,Delivered,10.0
O06003,C00546,2025-05-30,Card,Jaipur,Cancelled,0.0
O06004,C02342,2025-08-03,UPI,Chennai,Delivered,0.0
O06005,C03967,2025-11-06,UPI,Lucknow,Delivered,15.0
O06006,C04015,2025-05-22,UPI,Indore,Delivered,20.0
O06007,C04944,2025-01-14,Card,Hyderabad,Delivered,0.0
O06008,C04867,2025-07-18,UPI,Bangalore,Delivered,5.0
O06009,C00769,2025-01-19,Card,Pune,Delivered,5.0
O06010,C03776,2025-11-11,COD,Ahmedabad,Delivered,30.0
O06011,C02732,2025-05-30,Card,Chennai,Delivered,15.0
O06012,C01011,2025-09-19,COD,Hyderabad,Cancelled,5.0
O06013,C04799,2025-11-15,UPI,Kolkata,Delivered,5.0
O06014,C00465,2025-11-29,UPI,Delhi,Returned,5.0
O06015,C02601,2025-03-15,COD,Delhi,Delivered,0.0
O06016,C00917,2025-12-17,COD,Mumbai,Delivered,30.0
O06017,C01453,2025-09-23,Card,Kochi,Delivered,30.0
O06018,C03469,2025-10-20,COD,Hyderabad,Delivered,0.0
O06019,C04290,2025-05-25,Card,Jaipur,Delivered,5.0
O06020,C00066,2025-05-13,UPI,Delhi,Delivered,0.0
O06021,C02603,2025-05-28,Card,Bangalore,Returned,5.0
O06022,C01726,2025-03-20,UPI,Kochi,Delivered,20.0
O06023,C04697,2025-11-05,Card,Bangalore,Delivered,20.0
O06024,C01500,2025-08-03,UPI,Kolkata,Delivered,15.0
O06025,C01905,2025-02-02,UPI,Bangalore,Returned,30.0
O06026,C04572,2025-07-13,COD,Kochi,Delivered,15.0
O06027,C03965,2025-06-27,UPI,Mumbai,Delivered,5.0
O06028,C02810,2025-10-15,UPI,Kolkata,Delivered,20.0
O06029,C04091,2025-12-01,Net Banking,Kolkata,Delivered,10.0
O06030,C00887,2025-07-20,Card,Lucknow,Delivered,10.0
O06031,C03809,2025-01-03,Card,Indore,Delivered,20.0
O06032,C04178,2025-02-22,COD,Ahmedabad,Delivered,10.0
O06033,C01961,2025-09-15,Card,Kolkata,Delivered,5.0
O06034,C02748,2025-05-01,UPI,Delhi,Delivered,25.0
O06035,C00044,2025-05-30,Card,Kolkata,Delivered,0.0
O06036,C03843,2025-06-02,COD,Chennai,Delivered,15.0
O06037,C04706,2025-08-05,COD,Chennai,Cancelled,15.0
O06038,C01889,2025-05-15,UPI,Kolkata,Delivered,0.0
O06039,C03899,2025-09-13,UPI,Kochi,Delivered,5.0
O06040,C03893,2025-03-03,UPI,Mumbai,Delivered,5.0
O06041,C00720,2025-10-14,Card,Delhi,Delivered,20.0
O06042,C00691,2025-03-04,UPI,Kochi,Delivered,15.0
O06043,C01946,2025-10-20,COD,Kochi,Delivered,5.0
O06044,C00110,2025-03-09,Net Banking,Delhi,Delivered,20.0
O06045,C04315,2025-08-13,Card,Chennai,Cancelled,5.0
O06046,C04559,2025-12-01,Net Banking,Lucknow,Delivered,15.0
O06047,C00515,2025-05-17,UPI,Mumbai,Delivered,10.0
O06048,C00637,2025-02-15,COD,Mumbai,Delivered,0.0
O06049,C03329,2025-04-05,Card,Lucknow,Delivered,15.0
O06050,C00627,2025-10-17,UPI,Indore,Delivered,5.0
O06051,C00070,2025-12-30,UPI,Kochi,Delivered,5.0
O06052,C02507,2025-09-04,Card,Mumbai,Delivered,5.0
O06053,C03890,2025-11-12,COD,Lucknow,Delivered,15.0
O06054,C03800,2025-10-19,COD,Hyderabad,Delivered,0.0
O06055,C01851,2025-08-02,Card,Ahmedabad,Cancelled,5.0
O06056,C04320,2025-09-13,COD,Kochi,Delivered,10.0
O06057,C02879,2025-02-17,UPI,Hyderabad,Delivered,0.0
O06058,C03353,2025-04-03,COD,Kolkata,Delivered,0.0
O06059,C03978,2025-01-06,Card,Ahmedabad,Delivered,10.0
O06060,C01635,2025-07-12,UPI,Kolkata,Delivered,25.0
O06061,C03477,2025-04-13,Net Banking,Lucknow,Delivered,15.0
O06062,C02544,2025-03-15,Card,Jaipur,Delivered,0.0
O06063,C00769,2025-03-15,COD,Ahmedabad,Delivered,10.0
O06064,C02604,2025-04-23,Card,Indore,Cancelled,15.0
O06065,C00992,2025-06-01,Net Banking,Kolkata,Cancelled,0.0
O06066,C01729,2025-09-20,UPI,Pune,Delivered,0.0
O06067,C02029,2025-03-27,Card,Lucknow,Delivered,20.0
O06068,C01530,2025-02-27,UPI,Kochi,Delivered,5.0
O06069,C00489,2025-05-29,UPI,Lucknow,Delivered,10.0
O06070,C04153,2025-08-02,UPI,Jaipur,Delivered,5.0
O06071,C00512,2025-10-27,Card,Hyderabad,Delivered,0.0
O06072,C03320,2025-10-08,COD,Bangalore,Delivered,10.0
O06073,C02152,2025-04-05,Card,Hyderabad,Delivered,10.0
O06074,C02605,2025-07-27,Card,Ahmedabad,Delivered,15.0
O06075,C02108,2025-05-23,Net Banking,Jaipur,Delivered,20.0
O06076,C00735,2025-03-24,COD,Bangalore,Delivered,0.0
O06077,C03310,2025-02-21,UPI,Chennai,Delivered,0.0
O06078,C00371,2025-01-17,UPI,Chennai,Returned,25.0
O06079,C02074,2025-08-06,UPI,Ahmedabad,Cancelled,10.0
O06080,C04702,2025-08-16,UPI,Pune,Delivered,25.0
O06081,C04206,2025-10-19,UPI,Chennai,Delivered,5.0
O06082,C04869,2025-07-20,COD,Indore,Delivered,5.0
O06083,C02302,2025-03-23,UPI,Hyderabad,Delivered,15.0
O06084,C01831,2025-05-08,UPI,Ahmedabad,Cancelled,0.0
O06085,C01860,2025-03-21,UPI,Hyderabad,Delivered,10.0
O06086,C00917,2025-07-08,Card,Kochi,Returned,5.0
O06087,C03176,2025-06-05,COD,Chennai,Delivered,0.0
O06088,C02663,2025-11-12,Net Banking,Kochi,Delivered,5.0
O06089,C02635,2025-06-09,Card,Bangalore,Delivered,5.0
O06090,C04693,2025-08-30,Card,Indore,Delivered,0.0
O06091,C01238,2025-11-10,Card,Ahmedabad,Delivered,0.0
O06092,C02161,2025-03-23,Card,Ahmedabad,Delivered,10.0
O06093,C01336,2025-02-13,Card,Hyderabad,Delivered,5.0
O06094,C02617,2025-06-11,COD,Pune,Delivered,5.0
O06095,C02944,2025-08-09,Card,Pune,Delivered,0.0
O06096,C00762,2025-05-29,Net Banking,Indore,Delivered,0.0
O06097,C03719,2025-05-04,UPI,Lucknow,Delivered,0.0
O06098,C02701,2025-01-01,Card,Mumbai,Delivered,0.0
O06099,C02132,2025-07-02,UPI,Hyderabad,Delivered,15.0
O06100,C04815,2025-07-27,COD,Pune,Delivered,20.0
O06101,C01954,2025-04-07,UPI,Ahmedabad,Delivered,10.0
O06102,C00949,2025-01-21,Card,Mumbai,Delivered,15.0
O06103,C00302,2025-12-21,Card,Kochi,Delivered,0.0
O06104,C04025,2025-08-11,Card,Ahmedabad,Delivered,10.0
O06105,C02589,2025-02-17,Card,Lucknow,Delivered,0.0
O06106,C03695,2025-02-01,Card,Mumbai,Delivered,30.0
O06107,C02702,2025-10-15,COD,Jaipur,Delivered,0.0
O06108,C01476,2025-05-10,Card,Mumbai,Delivered,10.0
O06109,C00614,2025-10-05,COD,Delhi,Delivered,0.0
O06110,C00669,2025-09-02,COD,Ahmedabad,Returned,0.0
O06111,C02129,2025-02-21,UPI,Lucknow,Delivered,15.0
O06112,C00218,2025-07-28,Card,Hyderabad,Delivered,0.0
O06113,C02932,2025-12-18,UPI,Jaipur,Delivered,0.0
O06114,C00749,2025-08-18,UPI,Ahmedabad,Delivered,25.0
O06115,C04221,2025-07-05,Card,Kochi,Delivered,5.0
O06116,C00201,2025-06-11,COD,Hyderabad,Delivered,20.0
O06117,C02622,2025-07-18,UPI,Delhi,Delivered,25.0
O06118,C00722,2025-10-06,Card,Delhi,Delivered,15.0
O06119,C00952,2025-02-02,UPI,Mumbai,Delivered,0.0
O06120,C01882,2025-01-19,Net Banking,Ahmedabad,Delivered,0.0
O06121,C02228,2025-05-01,Card,Kochi,Delivered,0.0
O06122,C01433,2025-03-10,Card,Chennai,Delivered,15.0
O06123,C02321,2025-10-20,Card,Jaipur,Cancelled,0.0
O06124,C01777,2025-08-03,UPI,Chennai,Delivered,0.0
O06125,C00699,2025-05-03,COD,Chennai,Delivered,10.0
O06126,C02969,2025-10-07,Card,Ahmedabad,Delivered,10.0
O06127,C00622,2025-02-23,Card,Ahmedabad,Delivered,10.0
O06128,C02588,2025-01-21,Card,Indore,Delivered,10.0
O06129,C00460,2025-04-07,COD,Mumbai,Delivered,10.0
O06130,C01085,2025-12-12,UPI,Ahmedabad,Delivered,5.0
O06131,C00300,2025-05-18,UPI,Pune,Cancelled,25.0
O06132,C02545,2025-02-11,COD,Indore,Delivered,20.0
O06133,C01276,2025-09-03,UPI,Indore,Delivered,5.0
O06134,C01431,2025-01-28,Card,Hyderabad,Delivered,0.0
O06135,C03453,2025-02-27,Card,Delhi,Delivered,20.0
O06136,C02389,2025-05-07,UPI,Chennai,Delivered,15.0
O06137,C01822,2025-09-20,Card,Mumbai,Delivered,0.0
O06138,C00989,2025-05-24,COD,Lucknow,Delivered,15.0
O06139,C00214,2025-04-03,Card,Jaipur,Delivered,10.0
O06140,C00532,2025-02-04,UPI,Chennai,Delivered,0.0
O06141,C02918,2025-04-02,UPI,Ahmedabad,Delivered,15.0
O06142,C03620,2025-09-20,Net Banking,Chennai,Delivered,5.0
O06143,C01985,2025-01-14,UPI,Kochi,Delivered,20.0
O06144,C02259,2025-11-11,UPI,Jaipur,Delivered,0.0
O06145,C02219,2025-11-14,Net Banking,Indore,Delivered,25.0
O06146,C04634,2025-07-21,COD,Lucknow,Delivered,0.0
O06147,C04772,2025-11-18,Card,Bangalore,Delivered,0.0
O06148,C04486,2025-10-05,UPI,Hyderabad,Cancelled,10.0
O06149,C02110,2025-05-24,UPI,Ahmedabad,Delivered,10.0
O06150,C03061,2025-12-21,UPI,Indore,Delivered,5.0
O06151,C01609,2025-10-26,Card,Pune,Delivered,20.0
O06152,C02525,2025-12-19,UPI,Mumbai,Delivered,15.0
O06153,C04416,2025-12-20,UPI,Mumbai,Returned,5.0
O06154,C00690,2025-09-02,UPI,Lucknow,Delivered,10.0
O06155,C02100,2025-01-12,COD,Kochi,Delivered,15.0
O06156,C04753,2025-03-12,COD,Bangalore,Delivered,20.0
O06157,C04924,2025-07-03,Card,Bangalore,Delivered,15.0
O06158,C01101,2025-04-14,UPI,Delhi,Delivered,5.0
O06159,C00119,2025-01-11,COD,Delhi,Delivered,15.0
O06160,C02769,2025-07-27,Card,Lucknow,Delivered,10.0
O06161,C00506,2025-08-13,Card,Ahmedabad,Returned,10.0
O06162,C02201,2025-11-13,Net Banking,Jaipur,Delivered,25.0
O06163,C01042,2025-09-30,UPI,Chennai,Delivered,10.0
O06164,C03136,2025-02-23,Card,Bangalore,Delivered,20.0
O06165,C00497,2025-06-22,COD,Mumbai,Delivered,15.0
O06166,C04175,2025-09-04,UPI,Lucknow,Delivered,0.0
O06167,C00059,2025-06-02,UPI,Kolkata,Delivered,5.0
O06168,C03133,2025-04-16,Net Banking,Jaipur,Delivered,10.0
O06169,C03539,2025-06-08,UPI,Indore,Delivered,10.0
O06170,C01654,2025-04-16,Card,Chennai,Delivered,25.0
O06171,C01707,2025-07-12,COD,Jaipur,Delivered,10.0
O06172,C00244,2025-10-22,UPI,Bangalore,Delivered,25.0
O06173,C02256,2025-10-03,Card,Jaipur,Delivered,5.0
O06174,C01675,2025-03-14,UPI,Ahmedabad,Delivered,20.0
O06175,C02693,2025-02-12,UPI,Lucknow,Delivered,10.0
O06176,C00039,2025-07-13,COD,Bangalore,Delivered,5.0
O06177,C03248,2025-05-09,COD,Pune,Delivered,5.0
O06178,C01616,2025-11-07,UPI,Chennai,Delivered,25.0
O06179,C00020,2025-04-18,UPI,Kochi,Delivered,25.0
O06180,C00221,2025-04-13,Card,Ahmedabad,Delivered,0.0
O06181,C03772,2025-05-13,UPI,Kolkata,Delivered,5.0
O06182,C00251,2025-09-07,Card,Mumbai,Cancelled,20.0
O06183,C04308,2025-09-27,UPI,Bangalore,Delivered,0.0
O06184,C04515,2025-04-13,COD,Pune,Returned,25.0
O06185,C00507,2025-10-23,UPI,Bangalore,Delivered,5.0
O06186,C04742,2025-08-26,COD,Jaipur,Delivered,0.0
O06187,C00869,2025-04-18,Card,Bangalore,Delivered,5.0
O06188,C03991,2025-05-17,COD,Hyderabad,Delivered,15.0
O06189,C04588,2025-10-25,COD,Mumbai,Delivered,30.0
O06190,C01170,2025-10-16,UPI,Lucknow,Delivered,0.0
O06191,C00740,2025-01-25,Card,Hyderabad,Delivered,10.0
O06192,C01791,2025-04-28,Card,Hyderabad,Delivered,25.0
O06193,C00424,2025-08-18,Card,Chennai,Delivered,20.0
O06194,C03056,2025-11-30,Card,Chennai,Delivered,5.0
O06195,C04388,2025-09-13,UPI,Ahmedabad,Cancelled,20.0
O06196,C02204,2025-01-09,UPI,Pune,Delivered,5.0
O06197,C01984,2025-04-29,Card,Chennai,Delivered,10.0
O06198,C03923,2025-04-29,UPI,Kolkata,Delivered,10.0
O06199,C02398,2025-04-01,Net Banking,Bangalore,Delivered,15.0
O06200,C01958,2025-06-21,Card,Mumbai,Delivered,5.0
O06201,C04339,2025-07-30,Card,Kochi,Delivered,10.0
O06202,C01790,2025-11-10,UPI,Pune,Returned,10.0
O06203,C00585,2025-04-26,Card,Kochi,Delivered,0.0
O06204,C03201,2025-10-15,UPI,Lucknow,Delivered,5.0
O06205,C01343,2025-01-22,Card,Bangalore,Delivered,5.0
O06206,C04191,2025-12-15,UPI,Jaipur,Delivered,30.0
O06207,C04397,2025-02-24,Card,Hyderabad,Delivered,30.0
O06208,C01209,2025-04-18,Card,Chennai,Delivered,5.0
O06209,C02823,2025-03-18,Card,Hyderabad,Delivered,15.0
O06210,C03694,2025-03-02,UPI,Bangalore,Cancelled,15.0
O06211,C02448,2025-05-02,UPI,Mumbai,Delivered,25.0
O06212,C04786,2025-04-02,UPI,Pune,Delivered,0.0
O06213,C01166,2025-11-19,Card,Hyderabad,Delivered,15.0
O06214,C04757,2025-08-10,UPI,Pune,Delivered,5.0
O06215,C02306,2025-05-10,UPI,Indore,Delivered,15.0
O06216,C01063,2025-09-05,UPI,Hyderabad,Delivered,20.0
O06217,C04401,2025-05-01,Card,Pune,Delivered,0.0
O06218,C03355,2025-07-20,Card,Pune,Delivered,10.0
O06219,C01848,2025-06-10,Net Banking,Hyderabad,Delivered,
O06220,C00526,2025-09-07,Card,Ahmedabad,Delivered,0.0
O06221,C04503,2025-08-06,UPI,Pune,Delivered,5.0
O06222,C01383,2025-03-04,Card,Jaipur,Delivered,10.0
O06223,C04982,2025-08-05,Card,Chennai,Delivered,20.0
O06224,C04969,2025-12-07,Card,Indore,Delivered,15.0
O06225,C04107,2025-03-05,Net Banking,Indore,Delivered,0.0
O06226,C02723,2025-07-31,Card,Ahmedabad,Delivered,0.0
O06227,C01988,2025-04-30,Card,Ahmedabad,Delivered,20.0
O06228,C04068,2025-03-10,COD,Ahmedabad,Delivered,15.0
O06229,C04105,2025-05-04,COD,Kolkata,Delivered,0.0
O06230,C04124,2025-05-25,Card,Jaipur,Delivered,10.0
O06231,C00686,2025-10-23,UPI,Kochi,Returned,0.0
O06232,C02550,2025-12-24,Net Banking,Kolkata,Delivered,20.0
O06233,C04678,2025-05-09,UPI,Hyderabad,Delivered,0.0
O06234,C03867,2025-01-13,UPI,Lucknow,Delivered,0.0
O06235,C02826,2025-10-01,Net Banking,Hyderabad,Delivered,10.0
O06236,C03735,2025-03-09,COD,Mumbai,Delivered,15.0
O06237,C01242,2025-09-27,UPI,Indore,Delivered,5.0
O06238,C03501,2025-05-13,UPI,Pune,Delivered,5.0
O06239,C01662,2025-03-03,COD,Pune,Delivered,5.0
O06240,C02051,2025-06-10,UPI,Bangalore,Delivered,15.0
O06241,C04139,2025-01-26,UPI,Chennai,Delivered,5.0
O06242,C03262,2025-09-04,Net Banking,Jaipur,Delivered,0.0
O06243,C04138,2025-07-08,Card,Kochi,Delivered,5.0
O06244,C03844,2025-10-13,COD,Chennai,Returned,25.0
O06245,C04826,2025-11-14,Card,Kochi,Delivered,10.0
O06246,C01982,2025-12-03,COD,Pune,Delivered,10.0
O06247,C00648,2025-08-08,COD,Jaipur,Delivered,15.0
O06248,C03924,2025-11-22,Card,Indore,Delivered,10.0
O06249,C02705,2025-09-06,COD,Bangalore,Returned,15.0
O06250,C01983,2025-04-01,COD,Jaipur,Delivered,20.0
O06251,C01929,2025-02-05,Net Banking,Kolkata,Delivered,5.0
O06252,C02558,2025-01-07,Card,Bangalore,Delivered,0.0
O06253,C04133,2025-11-17,COD,Ahmedabad,Delivered,0.0
O06254,C02020,2025-07-21,UPI,Delhi,Delivered,15.0
O06255,C00823,2025-11-29,UPI,Lucknow,Delivered,15.0
O06256,C04675,2025-02-10,UPI,Ahmedabad,Delivered,10.0
O06257,C02565,2025-02-01,UPI,Hyderabad,Delivered,25.0
O06258,C02833,2025-05-22,UPI,Hyderabad,Delivered,10.0
O06259,C01021,2025-09-13,UPI,Ahmedabad,Cancelled,0.0
O06260,C01082,2025-06-10,Net Banking,Jaipur,Delivered,10.0
O06261,C02023,2025-01-30,UPI,Ahmedabad,Delivered,5.0
O06262,C04209,2025-09-19,Card,Indore,Delivered,10.0
O06263,C03676,2025-01-10,COD,Pune,Delivered,5.0
O06264,C02884,2025-07-22,UPI,Delhi,Cancelled,10.0
O06265,C01780,2025-12-25,UPI,Kolkata,Cancelled,20.0
O06266,C01820,2025-10-03,UPI,Jaipur,Delivered,0.0
O06267,C04697,2025-12-11,UPI,Lucknow,Delivered,5.0
O06268,C04538,2025-05-04,Net Banking,Kolkata,Delivered,15.0
O06269,C03762,2025-04-28,COD,Ahmedabad,Delivered,15.0
O06270,C00228,2025-09-25,COD,Hyderabad,Delivered,10.0
O06271,C00874,2025-10-05,COD,Chennai,Delivered,0.0
O06272,C03651,2025-03-17,UPI,Pune,Cancelled,5.0
O06273,C04767,2025-01-14,COD,Bangalore,Delivered,20.0
O06274,C03429,2025-04-16,COD,Kochi,Delivered,15.0
O06275,C01292,2025-06-25,Net Banking,Delhi,Delivered,25.0
O06276,C04791,2025-07-01,UPI,Chennai,Delivered,10.0
O06277,C02917,2025-02-05,Card,Kolkata,Returned,10.0
O06278,C01028,2025-02-24,UPI,Delhi,Delivered,5.0
O06279,C03550,2025-09-27,UPI,Delhi,Delivered,10.0
O06280,C00121,2025-01-02,Card,Jaipur,Delivered,20.0
O06281,C00742,2025-09-13,UPI,Chennai,Delivered,5.0
O06282,C03882,2025-01-02,Card,Delhi,Cancelled,0.0
O06283,C01510,2025-03-02,Card,Lucknow,Cancelled,15.0
O06284,C01243,2025-12-29,UPI,Chennai,Delivered,15.0
O06285,C04790,2025-04-17,UPI,Indore,Delivered,20.0
O06286,C04353,2025-05-14,Net Banking,Jaipur,Delivered,15.0
O06287,C02091,2025-01-23,COD,Delhi,Delivered,10.0
O06288,C02918,2025-03-14,Card,Chennai,Delivered,0.0
O06289,C03782,2025-12-17,COD,Mumbai,Delivered,15.0
O06290,C01713,2025-01-28,UPI,Ahmedabad,Cancelled,20.0
O06291,C02636,2025-01-25,UPI,Hyderabad,Delivered,0.0
O06292,C03765,2025-12-21,UPI,Indore,Delivered,10.0
O06293,C00594,2025-03-06,Card,Ahmedabad,Delivered,5.0
O06294,C01034,2025-07-13,Card,Bangalore,Delivered,10.0
O06295,C02840,2025-07-26,UPI,Mumbai,Delivered,0.0
O06296,C00212,2025-10-26,UPI,Pune,Delivered,5.0
O06297,C01406,2025-02-09,COD,Pune,Delivered,10.0
O06298,C03812,2025-01-23,Card,Indore,Delivered,0.0
O06299,C03077,2025-06-26,Net Banking,Lucknow,Delivered,10.0
O06300,C00922,2025-09-21,UPI,Jaipur,Delivered,0.0
O06301,C02040,2025-05-08,Card,Indore,Delivered,5.0
O06302,C02200,2025-09-20,COD,Indore,Delivered,25.0
O06303,C04063,2025-10-04,COD,Hyderabad,Delivered,10.0
O06304,C03239,2025-02-04,UPI,Indore,Delivered,5.0
O06305,C01494,2025-04-11,UPI,Pune,Delivered,10.0
O06306,C04174,2025-08-13,UPI,Kolkata,Delivered,5.0
O06307,C04508,2025-08-17,Card,Mumbai,Delivered,10.0
O06308,C01578,2025-04-09,Card,Jaipur,Delivered,0.0
O06309,C01598,2025-03-23,Card,Lucknow,Delivered,5.0
O06310,C02429,2025-11-13,UPI,Bangalore,Delivered,30.0
O06311,C02996,2025-11-26,UPI,Hyderabad,Delivered,0.0
O06312,C00313,2025-07-15,UPI,Kochi,Delivered,0.0
O06313,C02443,2025-12-31,COD,Jaipur,Delivered,10.0
O06314,C03982,2025-03-09,COD,Kochi,Delivered,5.0
O06315,C04076,2025-09-30,Card,Kochi,Delivered,10.0
O06316,C00004,2025-10-26,Card,Mumbai,Cancelled,25.0
O06317,C04205,2025-12-25,UPI,Mumbai,Delivered,0.0
O06318,C00886,2025-12-10,Card,Indore,Cancelled,10.0
O06319,C04189,2025-12-25,UPI,Jaipur,Delivered,15.0
O06320,C00192,2025-05-21,Card,Kochi,Delivered,0.0
O06321,C02381,2025-07-04,Card,Kochi,Delivered,15.0
O06322,C01236,2025-06-03,UPI,Jaipur,Delivered,10.0
O06323,C03279,2025-07-08,UPI,Kolkata,Delivered,10.0
O06324,C04723,2025-03-03,UPI,Ahmedabad,Cancelled,10.0
O06325,C03034,2025-01-19,UPI,Ahmedabad,Delivered,10.0
O06326,C04669,2025-03-22,Net Banking,Lucknow,Delivered,10.0
O06327,C02404,2025-01-30,Card,Mumbai,Cancelled,0.0
O06328,C04292,2025-05-07,Card,Kolkata,Delivered,10.0
O06329,C00262,2025-08-06,Card,Hyderabad,Delivered,15.0
O06330,C02370,2025-01-13,Card,Kolkata,Delivered,20.0
O06331,C02468,2025-06-26,UPI,Pune,Delivered,10.0
O06332,C01935,2025-12-04,UPI,Kochi,Delivered,20.0
O06333,C04428,2025-05-01,Card,Indore,Delivered,10.0
O06334,C01260,2025-06-28,COD,Chennai,Returned,5.0
O06335,C04777,2025-04-21,Net Banking,Kolkata,Delivered,15.0
O06336,C02055,2025-01-09,UPI,Hyderabad,Delivered,15.0
O06337,C00534,2025-08-10,UPI,Hyderabad,Delivered,0.0
O06338,C02120,2025-10-12,COD,Chennai,Delivered,10.0
O06339,C01524,2025-12-15,Card,Hyderabad,Delivered,25.0
O06340,C02666,2025-04-20,Net Banking,Chennai,Delivered,30.0
O06341,C02187,2025-05-16,Card,Pune,Cancelled,10.0
O06342,C03458,2025-04-18,Card,Chennai,Delivered,15.0
O06343,C02590,2025-12-03,UPI,Kolkata,Returned,0.0
O06344,C04420,2025-07-23,UPI,Lucknow,Delivered,5.0
O06345,C01941,2025-01-15,UPI,Jaipur,Delivered,15.0
O06346,C03737,2025-06-11,UPI,Chennai,Delivered,15.0
O06347,C00073,2025-07-14,Card,Hyderabad,Delivered,15.0
O06348,C02888,2025-09-18,COD,Mumbai,Returned,15.0
O06349,C00988,2025-12-20,UPI,Bangalore,Delivered,10.0
O06350,C01346,2025-01-09,UPI,Delhi,Delivered,25.0
O06351,C03413,2025-08-04,Net Banking,Pune,Delivered,5.0
O06352,C01787,2025-09-18,UPI,Bangalore,Delivered,20.0
O06353,C01032,2025-04-23,Card,Bangalore,Returned,0.0
O06354,C02007,2025-04-27,COD,Ahmedabad,Delivered,20.0
O06355,C01231,2025-12-06,UPI,Delhi,Delivered,5.0
O06356,C00411,2025-02-16,COD,Mumbai,Delivered,15.0
O06357,C02306,2025-11-14,Card,Ahmedabad,Delivered,0.0
O06358,C01820,2025-10-28,UPI,Indore,Delivered,0.0
O06359,C03093,2025-11-18,COD,Kochi,Delivered,0.0
O06360,C02592,2025-10-06,Card,Mumbai,Returned,10.0
O06361,C02503,2025-04-08,Card,Kochi,Delivered,10.0
O06362,C00662,2025-04-03,Card,Pune,Delivered,5.0
O06363,C01230,2025-10-26,UPI,Pune,Delivered,10.0
O06364,C01357,2025-09-09,UPI,Kochi,Cancelled,5.0
O06365,C03093,2025-06-12,UPI,Hyderabad,Delivered,20.0
O06366,C01674,2025-06-07,UPI,Bangalore,Delivered,10.0
O06367,C01089,2025-03-08,UPI,Bangalore,Delivered,5.0
O06368,C03649,2025-05-18,UPI,Lucknow,Cancelled,10.0
O06369,C03551,2025-11-08,UPI,Lucknow,Delivered,20.0
O06370,C01961,2025-10-17,UPI,Delhi,Delivered,10.0
O06371,C03446,2025-03-06,Card,Indore,Delivered,10.0
O06372,C00500,2025-09-19,UPI,Indore,Delivered,5.0
O06373,C00326,2025-07-17,Card,Indore,Delivered,5.0
O06374,C04649,2025-06-20,Card,Lucknow,Cancelled,10.0
O06375,C00888,2025-01-16,COD,Kolkata,Cancelled,15.0
O06376,C00996,2025-07-10,Card,Jaipur,Delivered,5.0
O06377,C03674,2025-01-25,COD,Indore,Delivered,5.0
O06378,C03041,2025-09-07,Card,Pune,Cancelled,15.0
O06379,C00929,2025-01-27,UPI,Bangalore,Delivered,15.0
O06380,C02969,2025-06-19,UPI,Kolkata,Delivered,0.0
O06381,C04404,2025-04-27,Card,Hyderabad,Delivered,10.0
O06382,C01923,2025-02-24,Card,Hyderabad,Delivered,20.0
O06383,C04566,2025-12-29,Card,Pune,Cancelled,0.0
O06384,C03256,2025-01-26,Card,Jaipur,Delivered,20.0
O06385,C01655,2025-09-29,UPI,Hyderabad,Delivered,0.0
O06386,C00625,2025-12-31,COD,Bangalore,Delivered,30.0
O06387,C04345,2025-04-18,Card,Delhi,Delivered,10.0
O06388,C02372,2025-03-31,Card,Bangalore,Cancelled,15.0
O06389,C04700,2025-12-23,Net Banking,Hyderabad,Delivered,0.0
O06390,C00059,2025-05-02,COD,Pune,Delivered,0.0
O06391,C02317,2025-12-11,Card,Indore,Delivered,25.0
O06392,C01278,2025-08-31,COD,Indore,Delivered,30.0
O06393,C00687,2025-09-26,Card,Delhi,Delivered,5.0
O06394,C04611,2025-09-09,Card,Kochi,Delivered,5.0
O06395,C00533,2025-03-16,COD,Jaipur,Delivered,0.0
O06396,C03176,2025-04-22,UPI,Bangalore,Delivered,25.0
O06397,C03905,2025-05-31,Card,Bangalore,Returned,20.0
O06398,C04498,2025-09-27,UPI,Pune,Delivered,0.0
O06399,C03853,2025-04-08,Card,Indore,Cancelled,5.0
O06400,C03405,2025-12-26,UPI,Chennai,Delivered,25.0
O06401,C02769,2025-09-12,Card,Chennai,Delivered,0.0
O06402,C02925,2025-06-17,UPI,Chennai,Returned,20.0
O06403,C02656,2025-09-07,UPI,Lucknow,Delivered,5.0
O06404,C02141,2025-11-16,Net Banking,Lucknow,Delivered,0.0
O06405,C00574,2025-09-03,UPI,Indore,Delivered,0.0
O06406,C01566,2025-08-01,UPI,Chennai,Delivered,15.0
O06407,C01806,2025-10-03,UPI,Mumbai,Delivered,0.0
O06408,C00437,2025-11-30,Card,Bangalore,Delivered,0.0
O06409,C03082,2025-10-07,COD,Chennai,Delivered,15.0
O06410,C02504,2025-02-15,COD,Kochi,Delivered,15.0
O06411,C02463,2025-01-18,UPI,Jaipur,Delivered,20.0
O06412,C03590,2025-09-03,Card,Ahmedabad,Delivered,10.0
O06413,C01399,2025-12-16,Card,Jaipur,Delivered,0.0
O06414,C01555,2025-08-08,Card,Delhi,Delivered,0.0
O06415,C02752,2025-06-25,Card,Mumbai,Delivered,15.0
O06416,C02930,2025-08-22,COD,Chennai,Delivered,20.0
O06417,C04858,2025-05-29,UPI,Pune,Delivered,15.0
O06418,C03828,2025-04-08,UPI,Kolkata,Delivered,5.0
O06419,C03922,2025-01-05,COD,Mumbai,Delivered,15.0
O06420,C03267,2025-06-08,Card,Jaipur,Delivered,0.0
O06421,C02694,2025-03-28,Card,Hyderabad,Delivered,15.0
O06422,C02945,2025-08-19,Card,Delhi,Delivered,5.0
O06423,C03498,2025-04-30,UPI,Indore,Delivered,25.0
O06424,C04072,2025-06-21,Card,Lucknow,Delivered,5.0
O06425,C04957,2025-03-05,UPI,Bangalore,Delivered,5.0
O06426,C01975,2025-04-04,Card,Bangalore,Delivered,5.0
O06427,C00867,2025-06-19,UPI,Ahmedabad,Delivered,10.0
O06428,C01054,2025-08-23,COD,Lucknow,Delivered,0.0
O06429,C02535,2025-05-01,COD,Kolkata,Delivered,0.0
O06430,C00028,2025-04-10,Card,Jaipur,Delivered,15.0
O06431,C03218,2025-05-15,UPI,Chennai,Delivered,25.0
O06432,C02336,2025-11-11,UPI,Chennai,Cancelled,15.0
O06433,C04677,2025-03-10,UPI,Ahmedabad,Delivered,5.0
O06434,C02998,2025-07-17,UPI,Pune,Delivered,5.0
O06435,C02158,2025-11-01,UPI,Ahmedabad,Returned,5.0
O06436,C02692,2025-07-25,COD,Kolkata,Cancelled,15.0
O06437,C03343,2025-01-11,Net Banking,Indore,Delivered,5.0
O06438,C01556,2025-12-23,UPI,Kochi,Delivered,10.0
O06439,C00276,2025-05-10,UPI,Mumbai,Delivered,20.0
O06440,C02737,2025-08-11,COD,Hyderabad,Delivered,10.0
O06441,C03683,2025-04-20,Card,Pune,Delivered,10.0
O06442,C01348,2025-01-27,Card,Hyderabad,Delivered,25.0
O06443,C03090,2025-11-16,Net Banking,Delhi,Delivered,5.0
O06444,C02173,2025-07-13,Card,Delhi,Delivered,15.0
O06445,C03392,2025-12-12,Card,Chennai,Delivered,15.0
O06446,C00153,2025-01-16,Card,Pune,Delivered,0.0
O06447,C01605,2025-03-14,UPI,Mumbai,Delivered,30.0
O06448,C02068,2025-04-26,Card,Indore,Delivered,15.0
O06449,C01827,2025-07-20,UPI,Lucknow,Delivered,0.0
O06450,C00247,2025-05-13,Card,Kolkata,Delivered,15.0
O06451,C01371,2025-06-13,UPI,Indore,Returned,0.0
O06452,C03548,2025-01-07,UPI,Ahmedabad,Delivered,5.0
O06453,C01692,2025-03-02,UPI,Delhi,Delivered,5.0
O06454,C02151,2025-12-18,UPI,Pune,Delivered,5.0
O06455,C02645,2025-04-30,UPI,Kochi,Delivered,15.0
O06456,C03391,2025-01-31,COD,Delhi,Delivered,15.0
O06457,C02399,2025-02-17,Card,Ahmedabad,Delivered,10.0
O06458,C02282,2025-04-01,COD,Pune,Delivered,10.0
O06459,C01671,2025-01-06,COD,Bangalore,Delivered,5.0
O06460,C00037,2025-10-12,UPI,Kolkata,Delivered,0.0
O06461,C03417,2025-03-25,Card,Pune,Delivered,5.0
O06462,C01628,2025-05-19,COD,Indore,Delivered,0.0
O06463,C02340,2025-10-02,Card,Indore,Delivered,20.0
O06464,C01372,2025-11-26,COD,Chennai,Cancelled,10.0
O06465,C00677,2025-05-13,Card,Delhi,Returned,25.0
O06466,C00253,2025-04-13,Card,Mumbai,Delivered,5.0
O06467,C02865,2025-11-22,COD,Jaipur,Delivered,15.0
O06468,C01617,2025-04-05,UPI,Kochi,Delivered,5.0
O06469,C02017,2025-01-18,Card,Hyderabad,Delivered,10.0
O06470,C02232,2025-01-21,UPI,Kochi,Delivered,10.0
O06471,C00761,2025-01-06,UPI,Bangalore,Delivered,15.0
O06472,C03287,2025-01-24,UPI,Chennai,Delivered,15.0
O06473,C00393,2025-08-13,Card,Indore,Delivered,10.0
O06474,C03092,2025-03-01,COD,Pune,Delivered,10.0
O06475,C03543,2025-10-11,UPI,Ahmedabad,Delivered,0.0
O06476,C00431,2025-08-08,COD,Chennai,Delivered,5.0
O06477,C03731,2025-11-26,UPI,Indore,Delivered,5.0
O06478,C00997,2025-10-06,UPI,Indore,Cancelled,10.0
O06479,C01092,2025-12-01,COD,Kochi,Delivered,5.0
O06480,C01101,2025-02-15,UPI,Indore,Delivered,5.0
O06481,C00102,2025-10-20,UPI,Kochi,Delivered,20.0
O06482,C02700,2025-05-22,UPI,Bangalore,Delivered,20.0
O06483,C00893,2025-10-31,UPI,Indore,Delivered,5.0
O06484,C02261,2025-03-19,UPI,Mumbai,Delivered,0.0
O06485,C01789,2025-07-18,UPI,Kolkata,Delivered,10.0
O06486,C02181,2025-04-25,Card,Kochi,Delivered,10.0
O06487,C03097,2025-02-05,UPI,Bangalore,Delivered,20.0
O06488,C04568,2025-03-01,Card,Kolkata,Delivered,10.0
O06489,C03685,2025-09-02,COD,Hyderabad,Cancelled,25.0
O06490,C01781,2025-03-20,UPI,Hyderabad,Delivered,10.0
O06491,C03615,2025-07-10,Card,Mumbai,Delivered,15.0
O06492,C04014,2025-04-07,UPI,Bangalore,Delivered,10.0
O06493,C01280,2025-10-31,UPI,Indore,Delivered,5.0
O06494,C04009,2025-05-30,COD,Ahmedabad,Delivered,0.0
O06495,C03287,2025-02-12,Card,Jaipur,Delivered,15.0
O06496,C02682,2025-10-24,UPI,Jaipur,Delivered,20.0
O06497,C04518,2025-11-15,UPI,Pune,Delivered,15.0
O06498,C02629,2025-08-06,UPI,Indore,Delivered,5.0
O06499,C00539,2025-07-26,COD,Kolkata,Delivered,15.0
O06500,C01781,2025-05-26,COD,Mumbai,Returned,10.0
O06501,C03527,2025-11-24,UPI,Pune,Delivered,15.0
O06502,C02349,2025-09-16,UPI,Hyderabad,Delivered,0.0
O06503,C01961,2025-02-23,UPI,Pune,Delivered,10.0
O06504,C03092,2025-04-29,COD,Bangalore,Delivered,10.0
O06505,C03563,2025-08-31,Card,Kolkata,Delivered,15.0
O06506,C04902,2025-05-22,UPI,Bangalore,Delivered,15.0
O06507,C02305,2025-10-17,UPI,Pune,Delivered,10.0
O06508,C02501,2025-05-07,UPI,Hyderabad,Delivered,0.0
O06509,C02486,2025-08-13,UPI,Kochi,Cancelled,25.0
O06510,C02446,2025-08-17,COD,Ahmedabad,Delivered,15.0
O06511,C00649,2025-08-29,UPI,Mumbai,Delivered,10.0
O06512,C02270,2025-09-14,COD,Ahmedabad,Delivered,5.0
O06513,C03816,2025-09-02,Card,Ahmedabad,Delivered,30.0
O06514,C01552,2025-06-25,UPI,Mumbai,Delivered,0.0
O06515,C04722,2025-12-21,Card,Lucknow,Delivered,25.0
O06516,C04872,2025-01-10,UPI,Lucknow,Delivered,10.0
O06517,C01303,2025-03-24,UPI,Pune,Delivered,0.0
O06518,C02633,2025-05-19,Net Banking,Delhi,Delivered,5.0
O06519,C02533,2025-04-29,Card,Chennai,Delivered,15.0
O06520,C01269,2025-05-07,UPI,Ahmedabad,Delivered,10.0
O06521,C01774,2025-04-09,UPI,Bangalore,Delivered,10.0
O06522,C03090,2025-03-07,UPI,Bangalore,Delivered,20.0
O06523,C03628,2025-09-16,UPI,Kochi,Delivered,10.0
O06524,C01167,2025-05-23,UPI,Ahmedabad,Delivered,15.0
O06525,C02549,2025-02-28,UPI,Hyderabad,Delivered,0.0
O06526,C01551,2025-09-01,Card,Delhi,Delivered,5.0
O06527,C02141,2025-12-27,COD,Lucknow,Delivered,10.0
O06528,C03521,2025-07-11,UPI,Ahmedabad,Delivered,0.0
O06529,C03655,2025-12-14,Card,Ahmedabad,Delivered,5.0
O06530,C00621,2025-05-10,UPI,Jaipur,Delivered,20.0
O06531,C02524,2025-06-07,UPI,Kochi,Delivered,0.0
O06532,C04768,2025-06-15,Card,Kochi,Delivered,0.0
O06533,C04897,2025-09-18,COD,Hyderabad,Delivered,15.0
O06534,C00171,2025-05-13,UPI,Indore,Cancelled,5.0
O06535,C02420,2025-01-12,Card,Pune,Delivered,15.0
O06536,C02780,2025-05-12,Net Banking,Lucknow,Delivered,25.0
O06537,C01417,2025-06-02,COD,Hyderabad,Cancelled,5.0
O06538,C00939,2025-10-09,UPI,Delhi,Delivered,0.0
O06539,C04931,2025-02-24,UPI,Jaipur,Cancelled,10.0
O06540,C02032,2025-09-13,Net Banking,Bangalore,Delivered,25.0
O06541,C03178,2025-05-06,UPI,Chennai,Delivered,10.0
O06542,C02772,2025-02-15,Card,Hyderabad,Delivered,5.0
O06543,C03797,2025-06-23,UPI,Hyderabad,Cancelled,10.0
O06544,C02885,2025-10-26,Card,Bangalore,Delivered,0.0
O06545,C01732,2025-01-21,UPI,Ahmedabad,Delivered,15.0
O06546,C01273,2025-09-12,Card,Bangalore,Delivered,15.0
O06547,C01753,2025-06-14,UPI,Delhi,Delivered,15.0
O06548,C01957,2025-09-25,Card,Ahmedabad,Delivered,5.0
O06549,C03488,2025-04-11,UPI,Ahmedabad,Delivered,15.0
O06550,C01692,2025-05-29,UPI,Lucknow,Delivered,20.0
O06551,C04166,2025-05-21,Card,Lucknow,Delivered,25.0
O06552,C01258,2025-02-02,Net Banking,Bangalore,Cancelled,10.0
O06553,C00432,2025-08-24,COD,Lucknow,Delivered,5.0
O06554,C04266,2025-07-17,UPI,Bangalore,Delivered,5.0
O06555,C02084,2025-08-23,Card,Ahmedabad,Delivered,10.0
O06556,C03906,2025-11-28,Card,Mumbai,Delivered,10.0
O06557,C04355,2025-04-30,Card,Chennai,Delivered,15.0
O06558,C02299,2025-06-07,COD,Ahmedabad,Delivered,0.0
O06559,C02105,2025-02-06,Net Banking,Chennai,Delivered,10.0
O06560,C01185,2025-12-04,UPI,Indore,Delivered,5.0
O06561,C00437,2025-05-24,COD,Pune,Delivered,20.0
O06562,C04326,2025-02-14,UPI,Hyderabad,Delivered,5.0
O06563,C04927,2025-07-18,COD,Chennai,Delivered,10.0
O06564,C04937,2025-08-26,COD,Lucknow,Delivered,5.0
O06565,C04716,2025-05-09,Card,Delhi,Delivered,5.0
O06566,C02400,2025-06-30,COD,Hyderabad,Delivered,10.0
O06567,C00622,2025-01-28,Card,Jaipur,Delivered,10.0
O06568,C03714,2025-10-27,Card,Pune,Delivered,5.0
O06569,C00635,2025-03-08,Net Banking,Kochi,Delivered,10.0
O06570,C03013,2025-08-30,UPI,Bangalore,Delivered,0.0
O06571,C01994,2025-12-29,Net Banking,Chennai,Delivered,20.0
O06572,C02676,2025-09-01,UPI,Pune,Delivered,25.0
O06573,C02341,2025-06-16,Card,Pune,Returned,5.0
O06574,C01410,2025-09-23,UPI,Lucknow,Delivered,0.0
O06575,C03817,2025-02-20,UPI,Pune,Returned,25.0
O06576,C00829,2025-04-19,Card,Hyderabad,Delivered,5.0
O06577,C02282,2025-12-01,UPI,Lucknow,Delivered,5.0
O06578,C00537,2025-05-14,Net Banking,Mumbai,Cancelled,20.0
O06579,C01403,2025-06-16,UPI,Indore,Delivered,20.0
O06580,C00805,2025-03-21,UPI,Mumbai,Delivered,0.0
O06581,C03282,2025-12-04,COD,Kochi,Delivered,5.0
O06582,C00852,2025-04-09,COD,Hyderabad,Delivered,15.0
O06583,C02226,2025-06-02,Card,Lucknow,Delivered,5.0
O06584,C00556,2025-10-16,UPI,Bangalore,Delivered,15.0
O06585,C03144,2025-03-24,COD,Hyderabad,Delivered,0.0
O06586,C04324,2025-04-12,UPI,Chennai,Delivered,20.0
O06587,C01865,2025-11-27,Net Banking,Bangalore,Cancelled,10.0
O06588,C04350,2025-08-19,Card,Chennai,Delivered,10.0
O06589,C02095,2025-09-09,COD,Kolkata,Cancelled,15.0
O06590,C03479,2025-12-24,COD,Jaipur,Delivered,10.0
O06591,C02931,2025-11-17,Card,Lucknow,Cancelled,0.0
O06592,C02628,2025-01-25,Card,Bangalore,Delivered,10.0
O06593,C00254,2025-02-26,Card,Kochi,Delivered,10.0
O06594,C03521,2025-10-29,UPI,Delhi,Cancelled,10.0
O06595,C00059,2025-04-10,UPI,Mumbai,Delivered,5.0
O06596,C03703,2025-04-29,UPI,Lucknow,Delivered,0.0
O06597,C01722,2025-05-31,Card,Bangalore,Delivered,15.0
O06598,C02608,2025-03-21,Card,Mumbai,Delivered,10.0
O06599,C00265,2025-11-27,Card,Lucknow,Delivered,0.0
O06600,C01708,2025-05-30,COD,Pune,Delivered,20.0
O06601,C03215,2025-12-25,Card,Chennai,Delivered,0.0
O06602,C02294,2025-05-06,UPI,Mumbai,Delivered,15.0
O06603,C03288,2025-10-16,UPI,Kolkata,Delivered,0.0
O06604,C02485,2025-02-10,UPI,Lucknow,Delivered,25.0
O06605,C02736,2025-07-09,UPI,Hyderabad,Delivered,20.0
O06606,C02524,2025-03-04,UPI,Ahmedabad,Delivered,5.0
O06607,C03456,2025-07-24,Card,Hyderabad,Delivered,0.0
O06608,C00938,2025-12-07,UPI,Hyderabad,Cancelled,0.0
O06609,C00878,2025-07-23,UPI,Hyderabad,Delivered,15.0
O06610,C02705,2025-06-28,Net Banking,Chennai,Delivered,0.0
O06611,C00547,2025-12-12,Net Banking,Chennai,Delivered,15.0
O06612,C02463,2025-11-17,Card,Hyderabad,Delivered,15.0
O06613,C03204,2025-04-15,UPI,Hyderabad,Delivered,5.0
O06614,C04494,2025-11-09,COD,Bangalore,Cancelled,15.0
O06615,C03579,2025-03-27,Card,Pune,Delivered,20.0
O06616,C03632,2025-11-24,UPI,Hyderabad,Cancelled,15.0
O06617,C02216,2025-09-08,Card,Hyderabad,Delivered,5.0
O06618,C03847,2025-12-04,UPI,Bangalore,Delivered,10.0
O06619,C00230,2025-01-04,Net Banking,Pune,Delivered,0.0
O06620,C04799,2025-11-17,COD,Hyderabad,Delivered,10.0
O06621,C01428,2025-07-03,UPI,Kochi,Delivered,10.0
O06622,C01700,2025-06-30,Card,Mumbai,Delivered,20.0
O06623,C03970,2025-10-27,UPI,Indore,Delivered,0.0
O06624,C03066,2025-01-16,COD,Lucknow,Delivered,10.0
O06625,C02146,2025-04-04,UPI,Indore,Delivered,15.0
O06626,C00007,2025-10-06,UPI,Ahmedabad,Delivered,10.0
O06627,C04273,2025-06-05,UPI,Ahmedabad,Delivered,5.0
O06628,C01230,2025-12-23,UPI,Pune,Delivered,10.0
O06629,C04395,2025-01-16,Net Banking,Indore,Delivered,30.0
O06630,C01824,2025-02-10,Net Banking,Pune,Delivered,0.0
O06631,C03985,2025-05-17,UPI,Indore,Delivered,5.0
O06632,C02277,2025-09-15,UPI,Lucknow,Delivered,10.0
O06633,C02944,2025-02-12,Card,Pune,Delivered,10.0
O06634,C00631,2025-03-07,COD,Kolkata,Delivered,10.0
O06635,C00270,2025-12-18,UPI,Bangalore,Delivered,0.0
O06636,C04177,2025-07-27,Card,Jaipur,Delivered,0.0
O06637,C03772,2025-09-02,UPI,Bangalore,Delivered,25.0
O06638,C04916,2025-08-31,UPI,Indore,Delivered,0.0
O06639,C00501,2025-03-18,COD,Indore,Delivered,10.0
O06640,C02751,2025-08-07,Card,Chennai,Delivered,10.0
O06641,C01313,2025-08-11,Card,Kochi,Delivered,5.0
O06642,C02154,2025-12-19,COD,Jaipur,Delivered,5.0
O06643,C04737,2025-01-21,COD,Mumbai,Cancelled,5.0
O06644,C00609,2025-05-27,UPI,Chennai,Delivered,5.0
O06645,C03044,2025-11-09,Card,Lucknow,Delivered,5.0
O06646,C01664,2025-03-18,COD,Lucknow,Delivered,0.0
O06647,C03295,2025-11-12,Card,Lucknow,Cancelled,20.0
O06648,C01998,2025-12-21,Card,Bangalore,Delivered,15.0
O06649,C02430,2025-02-04,UPI,Mumbai,Delivered,0.0
O06650,C04200,2025-05-06,UPI,Bangalore,Cancelled,15.0
O06651,C02712,2025-11-19,UPI,Delhi,Delivered,20.0
O06652,C03186,2025-08-20,Card,Kolkata,Delivered,25.0
O06653,C01532,2025-03-28,UPI,Bangalore,Delivered,10.0
O06654,C04217,2025-10-31,COD,Kochi,Delivered,20.0
O06655,C03707,2025-07-07,Card,Bangalore,Delivered,15.0
O06656,C03075,2025-02-14,Card,Mumbai,Delivered,0.0
O06657,C04503,2025-11-27,Card,Kolkata,Returned,15.0
O06658,C00676,2025-11-20,Card,Mumbai,Delivered,10.0
O06659,C01655,2025-12-14,COD,Mumbai,Delivered,15.0
O06660,C04528,2025-03-13,COD,Ahmedabad,Delivered,20.0
O06661,C04157,2025-08-04,UPI,Lucknow,Cancelled,0.0
O06662,C03545,2025-04-08,UPI,Ahmedabad,Delivered,0.0
O06663,C03819,2025-09-28,Net Banking,Pune,Delivered,10.0
O06664,C03444,2025-04-01,Card,Lucknow,Delivered,10.0
O06665,C01048,2025-05-22,Card,Kolkata,Delivered,10.0
O06666,C02454,2025-04-27,COD,Pune,Delivered,5.0
O06667,C01332,2025-01-02,Card,Hyderabad,Delivered,15.0
O06668,C04083,2025-02-12,Card,Pune,Delivered,0.0
O06669,C02661,2025-03-12,Net Banking,Bangalore,Delivered,10.0
O06670,C02263,2025-05-24,COD,Chennai,Delivered,10.0
O06671,C04358,2025-12-08,COD,Chennai,Delivered,10.0
O06672,C00764,2025-09-03,Card,Pune,Delivered,0.0
O06673,C02368,2025-10-11,COD,Kolkata,Delivered,15.0
O06674,C03409,2025-11-23,COD,Bangalore,Delivered,0.0
O06675,C01685,2025-08-02,COD,Delhi,Delivered,10.0
O06676,C04465,2025-04-17,UPI,Kolkata,Delivered,5.0
O06677,C00870,2025-09-20,Card,Chennai,Delivered,5.0
O06678,C02734,2025-10-21,UPI,Indore,Delivered,15.0
O06679,C00914,2025-06-25,Card,Ahmedabad,Delivered,30.0
O06680,C03132,2025-04-17,Card,Ahmedabad,Delivered,10.0
O06681,C01631,2025-03-27,UPI,Indore,Cancelled,15.0
O06682,C00543,2025-08-15,Card,Mumbai,Delivered,5.0
O06683,C02204,2025-03-23,Card,Kochi,Delivered,10.0
O06684,C02936,2025-11-25,COD,Kolkata,Cancelled,0.0
O06685,C00752,2025-08-29,Card,Mumbai,Delivered,20.0
O06686,C02112,2025-01-02,Card,Chennai,Delivered,10.0
O06687,C00421,2025-09-08,Card,Kolkata,Cancelled,5.0
O06688,C02371,2025-02-11,Card,Mumbai,Delivered,10.0
O06689,C01487,2025-03-22,Net Banking,Delhi,Delivered,20.0
O06690,C00547,2025-09-19,UPI,Delhi,Delivered,15.0
O06691,C04962,2025-07-16,Card,Pune,Delivered,0.0
O06692,C02558,2025-09-05,UPI,Kolkata,Returned,15.0
O06693,C01572,2025-11-26,COD,Bangalore,Cancelled,5.0
O06694,C00454,2025-10-23,COD,Chennai,Delivered,5.0
O06695,C02692,2025-02-05,COD,Hyderabad,Delivered,
O06696,C01758,2025-04-13,UPI,Hyderabad,Returned,10.0
O06697,C04775,2025-10-30,Net Banking,Indore,Delivered,0.0
O06698,C04370,2025-04-08,Net Banking,Kochi,Delivered,5.0
O06699,C00060,2025-05-25,UPI,Lucknow,Delivered,20.0
O06700,C04438,2025-10-09,Card,Mumbai,Delivered,10.0
O06701,C01418,2025-05-07,COD,Chennai,Delivered,20.0
O06702,C02161,2025-10-31,Card,Kolkata,Delivered,5.0
O06703,C01339,2025-10-10,Card,Lucknow,Delivered,15.0
O06704,C00467,2025-10-29,Card,Chennai,Delivered,15.0
O06705,C02311,2025-03-08,Card,Pune,Delivered,5.0
O06706,C02472,2025-05-27,Card,Delhi,Delivered,0.0
O06707,C00720,2025-11-24,Card,Ahmedabad,Delivered,10.0
O06708,C01236,2025-03-22,Card,Lucknow,Delivered,10.0
O06709,C00563,2025-09-10,COD,Indore,Delivered,0.0
O06710,C00983,2025-08-30,COD,Indore,Delivered,10.0
O06711,C02967,2025-03-06,COD,Jaipur,Delivered,10.0
O06712,C02336,2025-03-12,Card,Bangalore,Delivered,5.0
O06713,C04521,2025-02-05,COD,Bangalore,Delivered,0.0
O06714,C04650,2025-03-08,UPI,Jaipur,Delivered,15.0
O06715,C04855,2025-03-24,Card,Kochi,Delivered,25.0
O06716,C01731,2025-06-19,Card,Bangalore,Delivered,10.0
O06717,C04340,2025-03-08,UPI,Mumbai,Delivered,0.0
O06718,C03048,2025-04-08,Card,Delhi,Delivered,10.0
O06719,C01358,2025-11-21,COD,Pune,Delivered,5.0
O06720,C02376,2025-10-20,COD,Kochi,Delivered,10.0
O06721,C02763,2025-09-07,UPI,Delhi,Delivered,0.0
O06722,C01786,2025-10-29,Card,Jaipur,Delivered,20.0
O06723,C01963,2025-07-27,Card,Mumbai,Delivered,0.0
O06724,C01189,2025-11-08,Card,Delhi,Delivered,10.0
O06725,C02679,2025-03-04,Net Banking,Jaipur,Delivered,15.0
O06726,C03008,2025-03-19,Card,Hyderabad,Cancelled,15.0
O06727,C03124,2025-01-30,COD,Lucknow,Delivered,5.0
O06728,C03144,2025-12-18,Card,Indore,Delivered,10.0
O06729,C02801,2025-09-08,UPI,Lucknow,Cancelled,10.0
O06730,C00324,2025-11-15,Card,Jaipur,Delivered,0.0
O06731,C03684,2025-04-25,Card,Chennai,Delivered,5.0
O06732,C02203,2025-12-31,COD,Kolkata,Delivered,0.0
O06733,C01795,2025-11-28,UPI,Mumbai,Delivered,0.0
O06734,C02249,2025-08-07,UPI,Indore,Delivered,0.0
O06735,C02343,2025-06-03,COD,Bangalore,Delivered,10.0
O06736,C03394,2025-08-09,UPI,Lucknow,Delivered,15.0
O06737,C03401,2025-01-23,COD,Chennai,Delivered,30.0
O06738,C01976,2025-08-02,Card,Bangalore,Returned,10.0
O06739,C03046,2025-05-28,UPI,Hyderabad,Delivered,5.0
O06740,C01308,2025-12-24,Card,Lucknow,Delivered,5.0
O06741,C01456,2025-10-29,Card,Hyderabad,Delivered,15.0
O06742,C00963,2025-07-27,UPI,Pune,Delivered,0.0
O06743,C01718,2025-06-08,UPI,Jaipur,Delivered,5.0
O06744,C02430,2025-11-03,UPI,Hyderabad,Delivered,15.0
O06745,C02540,2025-06-16,UPI,Delhi,Delivered,10.0
O06746,C03619,2025-03-04,Card,Ahmedabad,Returned,10.0
O06747,C02379,2025-11-21,COD,Chennai,Returned,25.0
O06748,C00875,2025-10-03,UPI,Ahmedabad,Delivered,10.0
O06749,C03671,2025-01-23,Card,Ahmedabad,Cancelled,10.0
O06750,C02206,2025-08-12,COD,Delhi,Delivered,30.0
O06751,C04528,2025-07-20,Card,Pune,Delivered,15.0
O06752,C01140,2025-10-10,COD,Kolkata,Delivered,10.0
O06753,C03592,2025-12-13,UPI,Jaipur,Delivered,5.0
O06754,C04715,2025-12-02,UPI,Pune,Delivered,25.0
O06755,C04715,2025-08-03,UPI,Kochi,Delivered,5.0
O06756,C02674,2025-09-22,Card,Mumbai,Cancelled,0.0
O06757,C04531,2025-08-17,Card,Bangalore,Delivered,25.0
O06758,C01546,2025-08-15,Net Banking,Hyderabad,Delivered,5.0
O06759,C02844,2025-11-23,Card,Hyderabad,Delivered,10.0
O06760,C04668,2025-12-01,Card,Kochi,Delivered,10.0
O06761,C00266,2025-10-04,COD,Chennai,Delivered,5.0
O06762,C00102,2025-08-18,UPI,Mumbai,Cancelled,10.0
O06763,C02757,2025-12-22,COD,Jaipur,Delivered,0.0
O06764,C03974,2025-08-03,UPI,Hyderabad,Delivered,20.0
O06765,C01535,2025-06-06,UPI,Kolkata,Delivered,10.0
O06766,C02270,2025-01-13,UPI,Pune,Delivered,20.0
O06767,C02963,2025-07-16,Net Banking,Jaipur,Delivered,5.0
O06768,C02484,2025-04-21,Card,Ahmedabad,Delivered,10.0
O06769,C01214,2025-04-13,UPI,Bangalore,Cancelled,5.0
O06770,C04736,2025-04-13,UPI,Delhi,Delivered,5.0
O06771,C02993,2025-06-19,UPI,Kochi,Delivered,5.0
O06772,C04430,2025-04-19,UPI,Mumbai,Delivered,10.0
O06773,C00907,2025-05-06,UPI,Delhi,Delivered,10.0
O06774,C01582,2025-08-23,COD,Chennai,Cancelled,5.0
O06775,C01605,2025-05-28,COD,Hyderabad,Delivered,0.0
O06776,C00570,2025-06-20,Net Banking,Delhi,Delivered,15.0
O06777,C01546,2025-01-01,UPI,Mumbai,Cancelled,10.0
O06778,C00909,2025-02-09,COD,Chennai,Delivered,5.0
O06779,C04463,2025-08-25,UPI,Kolkata,Delivered,0.0
O06780,C04084,2025-01-07,UPI,Chennai,Delivered,0.0
O06781,C03341,2025-06-12,UPI,Kochi,Delivered,10.0
O06782,C02426,2025-10-17,Net Banking,Kolkata,Delivered,10.0
O06783,C03219,2025-11-21,Net Banking,Kolkata,Cancelled,5.0
O06784,C02166,2025-06-06,COD,Ahmedabad,Delivered,10.0
O06785,C01014,2025-04-24,UPI,Hyderabad,Delivered,15.0
O06786,C03207,2025-04-22,COD,Mumbai,Cancelled,15.0
O06787,C01873,2025-09-14,Card,Delhi,Delivered,20.0
O06788,C04910,2025-03-14,UPI,Ahmedabad,Delivered,10.0
O06789,C00206,2025-07-12,UPI,Bangalore,Delivered,0.0
O06790,C00816,2025-09-30,Card,Hyderabad,Delivered,0.0
O06791,C00066,2025-08-12,COD,Delhi,Delivered,5.0
O06792,C04046,2025-12-27,COD,Jaipur,Delivered,5.0
O06793,C02052,2025-04-04,Card,Kochi,Cancelled,15.0
O06794,C00003,2025-07-26,Card,Lucknow,Delivered,10.0
O06795,C00325,2025-06-19,Card,Bangalore,Delivered,10.0
O06796,C00605,2025-06-05,COD,Mumbai,Returned,10.0
O06797,C04892,2025-09-01,UPI,Hyderabad,Delivered,20.0
O06798,C02583,2025-01-03,COD,Indore,Delivered,10.0
O06799,C02647,2025-08-08,UPI,Kolkata,Delivered,5.0
O06800,C03123,2025-01-05,UPI,Indore,Delivered,10.0
O06801,C03115,2025-07-13,UPI,Kochi,Delivered,0.0
O06802,C03276,2025-02-23,Card,Bangalore,Delivered,0.0
O06803,C00347,2025-10-27,UPI,Kochi,Delivered,10.0
O06804,C04155,2025-07-28,COD,Kolkata,Delivered,25.0
O06805,C02728,2025-03-17,Card,Mumbai,Delivered,20.0
O06806,C02559,2025-08-06,Net Banking,Jaipur,Delivered,15.0
O06807,C03390,2025-04-28,UPI,Pune,Delivered,15.0
O06808,C03444,2025-10-07,Card,Hyderabad,Returned,20.0
O06809,C02255,2025-03-21,Net Banking,Indore,Returned,20.0
O06810,C00111,2025-07-06,UPI,Jaipur,Returned,15.0
O06811,C00023,2025-01-08,UPI,Ahmedabad,Cancelled,5.0
O06812,C03817,2025-04-01,Card,Mumbai,Delivered,0.0
O06813,C01964,2025-12-12,UPI,Delhi,Delivered,0.0
O06814,C04883,2025-12-17,UPI,Pune,Returned,
O06815,C01708,2025-07-29,Net Banking,Kochi,Delivered,5.0
O06816,C03083,2025-09-15,COD,Kolkata,Delivered,0.0
O06817,C03816,2025-02-10,Card,Lucknow,Delivered,5.0
O06818,C00747,2025-08-03,UPI,Hyderabad,Delivered,10.0
O06819,C00515,2025-07-03,UPI,Jaipur,Delivered,15.0
O06820,C03040,2025-10-31,UPI,Pune,Delivered,5.0
O06821,C02857,2025-08-29,Card,Delhi,Delivered,15.0
O06822,C02342,2025-04-16,Card,Hyderabad,Delivered,0.0
O06823,C00325,2025-01-22,UPI,Pune,Delivered,25.0
O06824,C03363,2025-12-19,Net Banking,Bangalore,Delivered,25.0
O06825,C03491,2025-09-02,Card,Pune,Delivered,10.0
O06826,C02508,2025-10-01,UPI,Chennai,Cancelled,15.0
O06827,C03179,2025-03-20,Card,Pune,Delivered,15.0
O06828,C03325,2025-11-19,UPI,Pune,Cancelled,25.0
O06829,C01563,2025-10-31,COD,Hyderabad,Delivered,10.0
O06830,C01545,2025-01-23,Card,Delhi,Delivered,15.0
O06831,C03230,2025-04-21,Net Banking,Jaipur,Delivered,5.0
O06832,C00526,2025-05-10,UPI,Chennai,Delivered,0.0
O06833,C04634,2025-12-28,UPI,Jaipur,Delivered,15.0
O06834,C01750,2025-09-17,UPI,Delhi,Delivered,25.0
O06835,C04723,2025-06-03,UPI,Pune,Delivered,10.0
O06836,C00841,2025-01-19,COD,Chennai,Cancelled,10.0
O06837,C02266,2025-02-18,Card,Pune,Delivered,10.0
O06838,C04689,2025-03-15,Net Banking,Ahmedabad,Delivered,20.0
O06839,C00713,2025-08-02,UPI,Lucknow,Delivered,15.0
O06840,C00067,2025-02-22,COD,Ahmedabad,Delivered,15.0
O06841,C00761,2025-07-09,UPI,Chennai,Delivered,0.0
O06842,C00465,2025-05-09,COD,Lucknow,Delivered,15.0
O06843,C04192,2025-05-24,UPI,Indore,Delivered,15.0
O06844,C04504,2025-09-05,COD,Chennai,Delivered,0.0
O06845,C03190,2025-06-29,UPI,Ahmedabad,Delivered,10.0
O06846,C04900,2025-01-07,UPI,Hyderabad,Delivered,0.0
O06847,C01468,2025-12-10,Card,Hyderabad,Delivered,5.0
O06848,C04853,2025-10-18,COD,Mumbai,Delivered,10.0
O06849,C02761,2025-07-25,COD,Pune,Delivered,5.0
O06850,C04457,2025-03-09,UPI,Kochi,Delivered,0.0
O06851,C01394,2025-12-27,UPI,Pune,Delivered,10.0
O06852,C03694,2025-05-23,UPI,Hyderabad,Delivered,20.0
O06853,C04308,2025-04-18,COD,Lucknow,Delivered,0.0
O06854,C01700,2025-07-04,UPI,Mumbai,Delivered,20.0
O06855,C01121,2025-08-28,COD,Lucknow,Delivered,15.0
O06856,C01572,2025-05-31,Card,Chennai,Delivered,15.0
O06857,C04874,2025-07-30,Card,Hyderabad,Delivered,0.0
O06858,C00729,2025-03-19,COD,Indore,Delivered,25.0
O06859,C03505,2025-08-16,Card,Kolkata,Delivered,10.0
O06860,C00616,2025-09-04,UPI,Kochi,Delivered,10.0
O06861,C00371,2025-04-12,UPI,Hyderabad,Delivered,10.0
O06862,C03465,2025-08-02,UPI,Chennai,Delivered,10.0
O06863,C04728,2025-05-19,Card,Lucknow,Delivered,20.0
O06864,C04857,2025-07-05,UPI,Kochi,Cancelled,0.0
O06865,C04943,2025-06-17,Card,Indore,Delivered,10.0
O06866,C00948,2025-02-27,UPI,Jaipur,Delivered,10.0
O06867,C01120,2025-04-29,COD,Lucknow,Delivered,0.0
O06868,C01456,2025-03-29,Card,Hyderabad,Delivered,10.0
O06869,C02549,2025-05-02,COD,Bangalore,Delivered,10.0
O06870,C02423,2025-09-01,UPI,Kochi,Delivered,5.0
O06871,C03612,2025-03-08,COD,Kochi,Delivered,5.0
O06872,C02547,2025-10-21,COD,Bangalore,Delivered,0.0
O06873,C01341,2025-05-10,UPI,Mumbai,Delivered,15.0
O06874,C03846,2025-12-09,Net Banking,Mumbai,Delivered,0.0
O06875,C01519,2025-02-09,UPI,Lucknow,Delivered,15.0
O06876,C01960,2025-07-31,UPI,Kolkata,Delivered,20.0
O06877,C00711,2025-02-25,Card,Kochi,Delivered,5.0
O06878,C04571,2025-07-19,UPI,Indore,Delivered,5.0
O06879,C00574,2025-10-18,COD,Mumbai,Delivered,0.0
O06880,C02844,2025-11-01,UPI,Ahmedabad,Delivered,10.0
O06881,C00508,2025-04-17,Card,Ahmedabad,Delivered,25.0
O06882,C02223,2025-07-14,Card,Lucknow,Delivered,5.0
O06883,C04788,2025-12-18,COD,Mumbai,Delivered,0.0
O06884,C01295,2025-05-02,UPI,Jaipur,Delivered,10.0
O06885,C01698,2025-04-05,Card,Jaipur,Delivered,20.0
O06886,C00788,2025-10-14,UPI,Jaipur,Delivered,20.0
O06887,C03790,2025-05-05,Card,Jaipur,Delivered,5.0
O06888,C04668,2025-11-28,COD,Indore,Delivered,15.0
O06889,C02234,2025-05-06,UPI,Pune,Delivered,10.0
O06890,C00587,2025-12-10,UPI,Jaipur,Delivered,15.0
O06891,C03166,2025-02-05,Card,Ahmedabad,Delivered,15.0
O06892,C03651,2025-08-05,UPI,Kochi,Delivered,0.0
O06893,C04610,2025-01-03,UPI,Ahmedabad,Delivered,5.0
O06894,C03250,2025-01-30,UPI,Pune,Delivered,15.0
O06895,C02702,2025-09-12,Card,Mumbai,Delivered,15.0
O06896,C04037,2025-02-14,UPI,Mumbai,Delivered,0.0
O06897,C00556,2025-06-26,Card,Ahmedabad,Delivered,10.0
O06898,C01710,2025-08-10,Card,Mumbai,Cancelled,20.0
O06899,C03976,2025-04-23,COD,Mumbai,Delivered,15.0
O06900,C04391,2025-05-02,Net Banking,Pune,Delivered,10.0
O06901,C03308,2025-10-02,Card,Pune,Delivered,5.0
O06902,C01511,2025-08-20,UPI,Bangalore,Delivered,5.0
O06903,C02587,2025-11-08,UPI,Lucknow,Delivered,15.0
O06904,C03547,2025-09-06,Card,Pune,Delivered,15.0
O06905,C04077,2025-11-25,Net Banking,Indore,Delivered,10.0
O06906,C03507,2025-04-13,COD,Chennai,Delivered,5.0
O06907,C04344,2025-06-25,UPI,Chennai,Delivered,10.0
O06908,C03634,2025-08-24,COD,Indore,Cancelled,0.0
O06909,C02407,2025-10-09,COD,Mumbai,Delivered,15.0
O06910,C01462,2025-09-02,UPI,Hyderabad,Delivered,20.0
O06911,C02172,2025-05-13,Card,Kolkata,Delivered,0.0
O06912,C00403,2025-12-10,UPI,Pune,Delivered,5.0
O06913,C00284,2025-06-08,Card,Mumbai,Delivered,20.0
O06914,C00241,2025-10-07,UPI,Ahmedabad,Delivered,10.0
O06915,C04263,2025-12-07,UPI,Chennai,Delivered,10.0
O06916,C04657,2025-01-22,COD,Ahmedabad,Delivered,0.0
O06917,C02196,2025-04-12,COD,Pune,Cancelled,15.0
O06918,C00701,2025-05-30,UPI,Delhi,Delivered,15.0
O06919,C02671,2025-02-26,UPI,Jaipur,Delivered,10.0
O06920,C01920,2025-06-07,Card,Jaipur,Delivered,0.0
O06921,C04361,2025-10-30,COD,Mumbai,Delivered,10.0
O06922,C02549,2025-07-14,UPI,Delhi,Delivered,0.0
O06923,C02327,2025-06-16,COD,Lucknow,Delivered,20.0
O06924,C02797,2025-12-11,Net Banking,Kochi,Delivered,20.0
O06925,C02207,2025-07-13,Card,Kochi,Delivered,10.0
O06926,C04595,2025-12-13,UPI,Lucknow,Delivered,20.0
O06927,C01611,2025-09-17,UPI,Bangalore,Cancelled,10.0
O06928,C00488,2025-07-19,UPI,Bangalore,Delivered,5.0
O06929,C00465,2025-01-05,UPI,Delhi,Cancelled,10.0
O06930,C04324,2025-10-27,COD,Indore,Delivered,10.0
O06931,C00666,2025-04-01,UPI,Delhi,Delivered,15.0
O06932,C01490,2025-01-24,UPI,Chennai,Delivered,10.0
O06933,C00799,2025-08-24,Card,Hyderabad,Delivered,20.0
O06934,C02801,2025-08-23,COD,Kolkata,Cancelled,25.0
O06935,C03299,2025-08-14,UPI,Kochi,Delivered,10.0
O06936,C03241,2025-01-28,COD,Lucknow,Delivered,15.0
O06937,C03356,2025-06-01,Card,Pune,Delivered,10.0
O06938,C03930,2025-09-03,Card,Delhi,Delivered,20.0
O06939,C04358,2025-01-05,COD,Kolkata,Delivered,0.0
O06940,C03874,2025-01-13,UPI,Lucknow,Delivered,15.0
O06941,C00860,2025-02-24,Card,Chennai,Delivered,10.0
O06942,C00364,2025-10-13,COD,Ahmedabad,Returned,0.0
O06943,C03933,2025-04-12,COD,Jaipur,Delivered,15.0
O06944,C02146,2025-12-05,UPI,Delhi,Delivered,5.0
O06945,C02832,2025-08-02,UPI,Bangalore,Cancelled,10.0
O06946,C04679,2025-04-23,UPI,Mumbai,Delivered,15.0
O06947,C03573,2025-12-04,COD,Mumbai,Delivered,5.0
O06948,C00916,2025-03-31,COD,Delhi,Delivered,5.0
O06949,C01775,2025-09-28,Card,Mumbai,Cancelled,5.0
O06950,C03366,2025-09-04,UPI,Lucknow,Delivered,15.0
O06951,C00151,2025-01-30,UPI,Bangalore,Cancelled,30.0
O06952,C04964,2025-01-28,Card,Indore,Delivered,5.0
O06953,C03221,2025-03-09,Net Banking,Lucknow,Delivered,10.0
O06954,C03022,2025-12-23,COD,Hyderabad,Delivered,5.0
O06955,C04238,2025-05-23,COD,Pune,Delivered,20.0
O06956,C03818,2025-02-03,Card,Indore,Delivered,25.0
O06957,C01071,2025-12-21,Net Banking,Bangalore,Cancelled,5.0
O06958,C03444,2025-08-15,COD,Jaipur,Delivered,15.0
O06959,C04190,2025-07-22,UPI,Pune,Delivered,20.0
O06960,C00761,2025-03-02,COD,Indore,Delivered,10.0
O06961,C04452,2025-07-10,Card,Lucknow,Delivered,5.0
O06962,C04628,2025-01-02,Card,Kolkata,Delivered,20.0
O06963,C02740,2025-04-28,Net Banking,Delhi,Delivered,5.0
O06964,C02018,2025-11-04,UPI,Hyderabad,Cancelled,5.0
O06965,C00917,2025-02-21,COD,Delhi,Delivered,20.0
O06966,C03944,2025-01-15,Card,Kolkata,Delivered,10.0
O06967,C03461,2025-10-11,Net Banking,Jaipur,Delivered,5.0
O06968,C01493,2025-04-06,UPI,Chennai,Returned,10.0
O06969,C03622,2025-04-08,Card,Kochi,Delivered,20.0
O06970,C00727,2025-02-24,UPI,Chennai,Delivered,0.0
O06971,C04862,2025-10-05,UPI,Jaipur,Delivered,5.0
O06972,C01610,2025-09-02,UPI,Mumbai,Delivered,10.0
O06973,C04749,2025-11-24,Card,Pune,Delivered,0.0
O06974,C04842,2025-02-07,Net Banking,Pune,Returned,20.0
O06975,C00940,2025-04-30,UPI,Hyderabad,Delivered,10.0
O06976,C00088,2025-09-15,UPI,Kolkata,Delivered,10.0
O06977,C00563,2025-05-20,UPI,Pune,Delivered,0.0
O06978,C01269,2025-07-02,Card,Delhi,Delivered,10.0
O06979,C01491,2025-08-01,UPI,Jaipur,Delivered,5.0
O06980,C04538,2025-05-06,Net Banking,Bangalore,Delivered,15.0
O06981,C03080,2025-05-20,Card,Hyderabad,Delivered,5.0
O06982,C01573,2025-04-19,COD,Bangalore,Delivered,10.0
O06983,C04655,2025-01-09,COD,Hyderabad,Delivered,10.0
O06984,C03172,2025-02-01,Card,Chennai,Cancelled,15.0
O06985,C02801,2025-08-23,COD,Lucknow,Delivered,15.0
O06986,C03414,2025-03-14,COD,Chennai,Delivered,0.0
O06987,C01258,2025-05-16,UPI,Lucknow,Delivered,5.0
O06988,C04889,2025-09-11,COD,Kochi,Delivered,0.0
O06989,C04786,2025-04-26,Card,Indore,Delivered,20.0
O06990,C04573,2025-06-05,UPI,Hyderabad,Delivered,5.0
O06991,C04781,2025-03-23,Card,Ahmedabad,Delivered,0.0
O06992,C02420,2025-04-17,UPI,Jaipur,Delivered,5.0
O06993,C01144,2025-08-17,Card,Delhi,Delivered,0.0
O06994,C04638,2025-10-19,COD,Chennai,Returned,20.0
O06995,C04275,2025-04-27,UPI,Hyderabad,Delivered,5.0
O06996,C03166,2025-10-15,UPI,Bangalore,Delivered,5.0
O06997,C02615,2025-08-01,Net Banking,Bangalore,Delivered,25.0
O06998,C00748,2025-06-16,Card,Bangalore,Delivered,5.0
O06999,C03490,2025-02-18,UPI,Mumbai,Cancelled,5.0
O07000,C02634,2025-08-09,Net Banking,Kolkata,Delivered,10.0
O07001,C03489,2025-10-06,COD,Hyderabad,Delivered,25.0
O07002,C01848,2025-10-16,UPI,Delhi,Delivered,20.0
O07003,C04026,2025-06-28,UPI,Jaipur,Delivered,10.0
O07004,C01146,2025-06-20,COD,Delhi,Delivered,15.0
O07005,C02105,2025-01-04,UPI,Kolkata,Delivered,10.0
O07006,C03857,2025-12-02,Card,Kolkata,Delivered,10.0
O07007,C02769,2025-07-14,UPI,Lucknow,Delivered,10.0
O07008,C04060,2025-09-15,COD,Chennai,Delivered,10.0
O07009,C01809,2025-02-14,UPI,Chennai,Delivered,15.0
O07010,C00410,2025-12-10,Card,Mumbai,Delivered,20.0
O07011,C00646,2025-07-27,UPI,Hyderabad,Delivered,10.0
O07012,C03921,2025-04-25,UPI,Jaipur,Delivered,20.0
O07013,C01552,2025-05-10,UPI,Chennai,Delivered,10.0
O07014,C01114,2025-06-09,UPI,Bangalore,Delivered,15.0
O07015,C03588,2025-01-01,COD,Jaipur,Delivered,15.0
O07016,C00062,2025-10-01,COD,Pune,Cancelled,15.0
O07017,C01236,2025-06-09,COD,Pune,Delivered,0.0
O07018,C04344,2025-09-22,Card,Lucknow,Delivered,20.0
O07019,C01728,2025-11-07,UPI,Hyderabad,Delivered,20.0
O07020,C04593,2025-11-19,UPI,Bangalore,Delivered,20.0
O07021,C04555,2025-09-05,UPI,Lucknow,Returned,15.0
O07022,C02967,2025-01-24,COD,Pune,Delivered,15.0
O07023,C03361,2025-09-24,UPI,Kolkata,Delivered,5.0
O07024,C01413,2025-06-05,Net Banking,Chennai,Delivered,0.0
O07025,C03585,2025-09-29,COD,Pune,Delivered,5.0
O07026,C01734,2025-04-03,Net Banking,Delhi,Delivered,10.0
O07027,C03631,2025-12-27,Card,Mumbai,Delivered,5.0
O07028,C03870,2025-01-12,Card,Lucknow,Delivered,20.0
O07029,C02492,2025-08-26,UPI,Bangalore,Delivered,25.0
O07030,C02040,2025-05-01,Card,Ahmedabad,Delivered,15.0
O07031,C04888,2025-03-31,Net Banking,Ahmedabad,Delivered,10.0
O07032,C01308,2025-03-16,UPI,Pune,Delivered,0.0
O07033,C04013,2025-11-18,UPI,Kochi,Delivered,20.0
O07034,C01725,2025-01-31,UPI,Jaipur,Delivered,
O07035,C04691,2025-07-14,Net Banking,Kochi,Delivered,0.0
O07036,C02456,2025-03-30,UPI,Lucknow,Delivered,0.0
O07037,C00942,2025-04-08,COD,Bangalore,Cancelled,20.0
O07038,C02037,2025-05-09,UPI,Delhi,Delivered,20.0
O07039,C01814,2025-10-22,COD,Chennai,Delivered,25.0
O07040,C03062,2025-04-05,Card,Mumbai,Delivered,5.0
O07041,C02395,2025-06-13,UPI,Pune,Delivered,15.0
O07042,C04368,2025-08-18,Card,Indore,Cancelled,20.0
O07043,C01285,2025-05-20,COD,Hyderabad,Delivered,5.0
O07044,C00396,2025-11-13,Card,Indore,Delivered,10.0
O07045,C03764,2025-11-24,Card,Lucknow,Delivered,10.0
O07046,C04250,2025-04-19,UPI,Kochi,Returned,0.0
O07047,C01091,2025-01-14,Net Banking,Mumbai,Delivered,20.0
O07048,C02889,2025-06-10,UPI,Ahmedabad,Delivered,25.0
O07049,C01723,2025-05-12,UPI,Delhi,Returned,10.0
O07050,C04444,2025-04-23,UPI,Kolkata,Delivered,10.0
O07051,C04007,2025-10-13,UPI,Chennai,Returned,10.0
O07052,C01087,2025-12-06,Card,Hyderabad,Delivered,5.0
O07053,C01305,2025-04-04,Card,Indore,Delivered,0.0
O07054,C03113,2025-12-13,Card,Jaipur,Delivered,10.0
O07055,C01015,2025-03-30,UPI,Indore,Delivered,5.0
O07056,C04373,2025-11-06,UPI,Jaipur,Delivered,15.0
O07057,C00221,2025-05-14,COD,Jaipur,Delivered,10.0
O07058,C03806,2025-09-18,COD,Ahmedabad,Cancelled,10.0
O07059,C01127,2025-07-25,UPI,Chennai,Delivered,10.0
O07060,C03257,2025-11-03,Card,Chennai,Delivered,20.0
O07061,C01931,2025-02-03,UPI,Kolkata,Delivered,0.0
O07062,C02123,2025-06-18,COD,Pune,Delivered,15.0
O07063,C00473,2025-12-11,Net Banking,Lucknow,Delivered,25.0
O07064,C00416,2025-05-26,UPI,Kolkata,Delivered,15.0
O07065,C01869,2025-01-20,COD,Chennai,Delivered,0.0
O07066,C04113,2025-04-17,UPI,Jaipur,Cancelled,20.0
O07067,C01534,2025-05-16,UPI,Pune,Delivered,15.0
O07068,C01463,2025-01-26,Card,Jaipur,Delivered,20.0
O07069,C01866,2025-09-03,Card,Ahmedabad,Delivered,10.0
O07070,C04010,2025-12-07,COD,Lucknow,Delivered,20.0
O07071,C03131,2025-06-04,COD,Indore,Delivered,0.0
O07072,C01737,2025-02-11,Net Banking,Delhi,Delivered,10.0
O07073,C03187,2025-06-27,Card,Delhi,Delivered,10.0
O07074,C00472,2025-03-22,Card,Indore,Delivered,20.0
O07075,C03178,2025-06-26,Card,Mumbai,Delivered,20.0
O07076,C02927,2025-07-12,UPI,Indore,Delivered,15.0
O07077,C02866,2025-07-10,Card,Delhi,Delivered,0.0
O07078,C03198,2025-10-10,COD,Kochi,Returned,15.0
O07079,C02462,2025-09-03,UPI,Delhi,Delivered,10.0
O07080,C03582,2025-04-10,Net Banking,Delhi,Delivered,15.0
O07081,C00501,2025-02-04,Card,Lucknow,Delivered,25.0
O07082,C00121,2025-10-21,COD,Hyderabad,Delivered,10.0
O07083,C01776,2025-10-21,Net Banking,Jaipur,Delivered,15.0
O07084,C00607,2025-02-11,Card,Indore,Returned,25.0
O07085,C04446,2025-06-19,UPI,Pune,Delivered,5.0
O07086,C00820,2025-02-26,COD,Pune,Delivered,20.0
O07087,C03265,2025-12-22,COD,Pune,Delivered,0.0
O07088,C00784,2025-02-23,UPI,Bangalore,Delivered,0.0
O07089,C01847,2025-07-07,UPI,Kolkata,Cancelled,20.0
O07090,C04593,2025-10-23,UPI,Jaipur,Delivered,25.0
O07091,C00392,2025-03-27,UPI,Kolkata,Delivered,0.0
O07092,C03746,2025-03-05,Net Banking,Pune,Delivered,20.0
O07093,C01133,2025-03-22,UPI,Mumbai,Delivered,15.0
O07094,C02977,2025-09-25,COD,Hyderabad,Delivered,15.0
O07095,C02518,2025-07-04,COD,Chennai,Delivered,10.0
O07096,C04446,2025-12-11,COD,Kochi,Delivered,10.0
O07097,C04871,2025-01-26,UPI,Mumbai,Delivered,5.0
O07098,C02197,2025-08-26,Card,Indore,Delivered,5.0
O07099,C03461,2025-10-23,Net Banking,Lucknow,Delivered,25.0
O07100,C04440,2025-10-26,UPI,Delhi,Delivered,15.0
O07101,C00677,2025-08-13,UPI,Delhi,Delivered,5.0
O07102,C00595,2025-11-24,COD,Delhi,Delivered,15.0
O07103,C03885,2025-03-31,Card,Chennai,Delivered,15.0
O07104,C03152,2025-01-17,Card,Kochi,Delivered,20.0
O07105,C03325,2025-03-29,Net Banking,Jaipur,Delivered,0.0
O07106,C02935,2025-01-24,COD,Pune,Delivered,15.0
O07107,C04334,2025-11-28,UPI,Hyderabad,Cancelled,5.0
O07108,C02986,2025-08-11,Card,Kolkata,Delivered,5.0
O07109,C02364,2025-02-27,UPI,Chennai,Delivered,15.0
O07110,C00840,2025-07-08,UPI,Hyderabad,Delivered,20.0
O07111,C02511,2025-08-10,Card,Indore,Delivered,10.0
O07112,C03770,2025-12-19,UPI,Ahmedabad,Delivered,10.0
O07113,C04688,2025-02-20,COD,Jaipur,Delivered,15.0
O07114,C02888,2025-03-29,UPI,Mumbai,Cancelled,0.0
O07115,C03044,2025-08-10,Card,Ahmedabad,Delivered,15.0
O07116,C01632,2025-12-14,COD,Ahmedabad,Delivered,0.0
O07117,C01406,2025-06-16,COD,Pune,Delivered,5.0
O07118,C04246,2025-07-13,Card,Kolkata,Delivered,15.0
O07119,C02490,2025-04-11,Card,Indore,Delivered,5.0
O07120,C04491,2025-07-21,COD,Jaipur,Delivered,5.0
O07121,C03437,2025-01-13,UPI,Pune,Delivered,10.0
O07122,C00006,2025-05-27,COD,Chennai,Delivered,20.0
O07123,C02582,2025-09-19,Net Banking,Kolkata,Delivered,10.0
O07124,C00220,2025-05-26,UPI,Hyderabad,Cancelled,10.0
O07125,C02919,2025-01-09,Net Banking,Hyderabad,Delivered,0.0
O07126,C00012,2025-03-22,COD,Jaipur,Delivered,10.0
O07127,C02843,2025-03-09,Card,Pune,Delivered,0.0
O07128,C00458,2025-11-06,UPI,Bangalore,Delivered,20.0
O07129,C02273,2025-05-06,COD,Kolkata,Delivered,5.0
O07130,C00167,2025-02-19,UPI,Kolkata,Delivered,20.0
O07131,C01974,2025-03-11,Card,Chennai,Delivered,5.0
O07132,C01945,2025-05-19,COD,Chennai,Delivered,20.0
O07133,C02196,2025-06-19,COD,Kochi,Delivered,5.0
O07134,C04132,2025-03-31,UPI,Kolkata,Returned,0.0
O07135,C03829,2025-05-19,UPI,Delhi,Cancelled,10.0
O07136,C04738,2025-03-13,COD,Hyderabad,Delivered,5.0
O07137,C00240,2025-09-02,Card,Lucknow,Delivered,5.0
O07138,C00917,2025-03-08,UPI,Mumbai,Delivered,5.0
O07139,C02953,2025-05-10,UPI,Indore,Delivered,5.0
O07140,C03439,2025-07-29,Card,Jaipur,Delivered,10.0
O07141,C00856,2025-07-13,Card,Hyderabad,Delivered,0.0
O07142,C02665,2025-01-26,COD,Lucknow,Delivered,5.0
O07143,C03239,2025-11-28,UPI,Chennai,Delivered,10.0
O07144,C00554,2025-10-20,COD,Delhi,Delivered,15.0
O07145,C02814,2025-08-06,COD,Kolkata,Delivered,5.0
O07146,C01886,2025-02-05,Card,Hyderabad,Delivered,5.0
O07147,C02946,2025-01-16,UPI,Delhi,Delivered,10.0
O07148,C01229,2025-03-19,Net Banking,Kochi,Delivered,30.0
O07149,C00195,2025-11-18,UPI,Pune,Cancelled,10.0
O07150,C03688,2025-01-21,Card,Chennai,Delivered,15.0
O07151,C01426,2025-05-15,Card,Kochi,Delivered,20.0
O07152,C03820,2025-09-02,COD,Bangalore,Delivered,10.0
O07153,C02694,2025-07-03,Card,Jaipur,Returned,10.0
O07154,C03754,2025-06-21,Card,Jaipur,Delivered,15.0
O07155,C01972,2025-02-23,COD,Bangalore,Delivered,5.0
O07156,C00500,2025-04-03,Net Banking,Kolkata,Returned,25.0
O07157,C04115,2025-11-10,Card,Indore,Delivered,10.0
O07158,C03774,2025-10-20,Card,Kolkata,Delivered,25.0
O07159,C03648,2025-06-25,COD,Kochi,Delivered,15.0
O07160,C02867,2025-07-09,COD,Ahmedabad,Delivered,5.0
O07161,C00687,2025-09-03,UPI,Mumbai,Delivered,5.0
O07162,C02068,2025-10-22,Card,Pune,Delivered,5.0
O07163,C03922,2025-07-11,UPI,Ahmedabad,Delivered,5.0
O07164,C00448,2025-04-14,Card,Delhi,Delivered,0.0
O07165,C01767,2025-03-09,COD,Kochi,Delivered,20.0
O07166,C01125,2025-11-20,UPI,Delhi,Delivered,5.0
O07167,C00294,2025-06-04,UPI,Jaipur,Returned,20.0
O07168,C04161,2025-08-14,Card,Ahmedabad,Delivered,10.0
O07169,C02547,2025-08-21,COD,Bangalore,Delivered,10.0
O07170,C00076,2025-04-14,COD,Mumbai,Delivered,10.0
O07171,C03776,2025-11-12,UPI,Kolkata,Delivered,25.0
O07172,C02683,2025-08-28,UPI,Lucknow,Delivered,10.0
O07173,C03197,2025-07-31,Card,Hyderabad,Delivered,5.0
O07174,C02075,2025-05-06,Card,Delhi,Delivered,10.0
O07175,C01300,2025-05-03,Card,Kolkata,Delivered,5.0
O07176,C02728,2025-02-05,Card,Kolkata,Cancelled,10.0
O07177,C04179,2025-08-26,Card,Kochi,Delivered,10.0
O07178,C03535,2025-08-30,Card,Pune,Delivered,15.0
O07179,C02054,2025-05-13,COD,Pune,Delivered,30.0
O07180,C01700,2025-08-15,COD,Pune,Delivered,25.0
O07181,C04464,2025-03-31,UPI,Kolkata,Delivered,0.0
O07182,C02519,2025-09-12,Card,Indore,Delivered,10.0
O07183,C01738,2025-03-24,Card,Chennai,Delivered,10.0
O07184,C01931,2025-05-19,UPI,Kolkata,Delivered,5.0
O07185,C00370,2025-11-05,Card,Jaipur,Returned,15.0
O07186,C03740,2025-01-20,Card,Kolkata,Delivered,25.0
O07187,C04374,2025-11-25,COD,Bangalore,Delivered,0.0
O07188,C00340,2025-03-25,UPI,Ahmedabad,Delivered,5.0
O07189,C02863,2025-01-27,UPI,Hyderabad,Delivered,20.0
O07190,C00614,2025-02-27,UPI,Mumbai,Delivered,5.0
O07191,C01104,2025-11-26,COD,Bangalore,Delivered,10.0
O07192,C03778,2025-08-05,COD,Kochi,Returned,15.0
O07193,C00793,2025-11-29,Card,Pune,Delivered,0.0
O07194,C00067,2025-05-05,Card,Ahmedabad,Delivered,10.0
O07195,C04311,2025-10-15,UPI,Kochi,Delivered,0.0
O07196,C04512,2025-07-19,Card,Jaipur,Delivered,5.0
O07197,C04648,2025-10-10,Card,Lucknow,Delivered,5.0
O07198,C03796,2025-08-02,UPI,Kolkata,Delivered,15.0
O07199,C00571,2025-06-05,COD,Pune,Delivered,0.0
O07200,C00540,2025-01-18,UPI,Chennai,Delivered,15.0
O07201,C00117,2025-12-09,COD,Mumbai,Returned,10.0
O07202,C02199,2025-04-15,Card,Delhi,Delivered,15.0
O07203,C03032,2025-06-08,Net Banking,Ahmedabad,Delivered,20.0
O07204,C03457,2025-02-10,UPI,Kochi,Delivered,10.0
O07205,C03052,2025-10-17,UPI,Lucknow,Delivered,15.0
O07206,C02482,2025-01-07,Net Banking,Chennai,Delivered,15.0
O07207,C02368,2025-01-05,UPI,Delhi,Delivered,15.0
O07208,C01635,2025-01-21,Card,Ahmedabad,Delivered,5.0
O07209,C00242,2025-05-14,UPI,Pune,Delivered,25.0
O07210,C00465,2025-04-30,Card,Pune,Returned,0.0
O07211,C02251,2025-08-30,Card,Pune,Delivered,5.0
O07212,C04645,2025-04-16,Card,Chennai,Cancelled,20.0
O07213,C04954,2025-12-09,UPI,Kolkata,Delivered,5.0
O07214,C01879,2025-05-11,COD,Hyderabad,Delivered,10.0
O07215,C04882,2025-02-07,Card,Hyderabad,Delivered,0.0
O07216,C04637,2025-03-28,Card,Hyderabad,Delivered,20.0
O07217,C02535,2025-12-02,Card,Lucknow,Delivered,25.0
O07218,C01906,2025-04-23,Net Banking,Ahmedabad,Delivered,30.0
O07219,C03810,2025-09-08,COD,Hyderabad,Delivered,0.0
O07220,C00572,2025-12-11,UPI,Kochi,Delivered,5.0
O07221,C02709,2025-12-28,COD,Kolkata,Delivered,10.0
O07222,C03642,2025-03-12,Card,Kochi,Delivered,5.0
O07223,C03505,2025-09-21,COD,Kochi,Delivered,10.0
O07224,C03620,2025-03-10,UPI,Indore,Delivered,20.0
O07225,C00657,2025-09-12,UPI,Kolkata,Delivered,0.0
O07226,C03152,2025-10-02,Card,Chennai,Delivered,0.0
O07227,C00949,2025-03-27,COD,Pune,Delivered,30.0
O07228,C04111,2025-08-06,UPI,Lucknow,Returned,10.0
O07229,C03023,2025-02-19,UPI,Bangalore,Delivered,0.0
O07230,C00307,2025-05-14,COD,Bangalore,Delivered,10.0
O07231,C00705,2025-08-18,UPI,Chennai,Delivered,15.0
O07232,C04493,2025-03-02,UPI,Chennai,Returned,15.0
O07233,C00678,2025-09-09,COD,Lucknow,Returned,10.0
O07234,C02913,2025-08-18,COD,Indore,Delivered,15.0
O07235,C03994,2025-12-17,COD,Bangalore,Returned,10.0
O07236,C00211,2025-02-27,Card,Pune,Delivered,10.0
O07237,C04495,2025-07-04,UPI,Pune,Delivered,25.0
O07238,C01397,2025-07-22,COD,Kolkata,Delivered,30.0
O07239,C03461,2025-02-01,UPI,Mumbai,Delivered,10.0
O07240,C04354,2025-05-25,UPI,Mumbai,Delivered,10.0
O07241,C02163,2025-06-18,UPI,Kolkata,Delivered,5.0
O07242,C04430,2025-01-22,Card,Mumbai,Delivered,5.0
O07243,C04445,2025-12-02,Card,Bangalore,Delivered,25.0
O07244,C02281,2025-10-25,COD,Bangalore,Delivered,15.0
O07245,C04545,2025-03-20,UPI,Ahmedabad,Delivered,10.0
O07246,C03149,2025-05-16,COD,Mumbai,Delivered,15.0
O07247,C04081,2025-10-29,Card,Jaipur,Delivered,0.0
O07248,C00828,2025-06-25,UPI,Mumbai,Delivered,25.0
O07249,C02656,2025-03-18,Card,Lucknow,Delivered,10.0
O07250,C02146,2025-01-30,COD,Lucknow,Delivered,5.0
O07251,C03702,2025-10-11,Card,Kolkata,Returned,0.0
O07252,C04558,2025-11-25,UPI,Pune,Delivered,15.0
O07253,C00500,2025-06-02,COD,Pune,Delivered,25.0
O07254,C02679,2025-08-01,UPI,Kochi,Cancelled,10.0
O07255,C01062,2025-06-28,Net Banking,Lucknow,Cancelled,5.0
O07256,C03497,2025-10-22,COD,Ahmedabad,Delivered,10.0
O07257,C04223,2025-03-24,Card,Delhi,Delivered,10.0
O07258,C01127,2025-07-19,UPI,Bangalore,Cancelled,15.0
O07259,C01990,2025-11-19,Card,Indore,Returned,5.0
O07260,C02525,2025-05-09,Card,Kolkata,Delivered,25.0
O07261,C03301,2025-10-21,UPI,Delhi,Delivered,10.0
O07262,C02771,2025-07-10,UPI,Lucknow,Delivered,10.0
O07263,C04181,2025-02-21,UPI,Kolkata,Delivered,20.0
O07264,C01383,2025-03-24,UPI,Hyderabad,Delivered,10.0
O07265,C04882,2025-12-07,UPI,Bangalore,Delivered,15.0
O07266,C04168,2025-07-07,UPI,Bangalore,Delivered,10.0
O07267,C03167,2025-01-13,COD,Indore,Delivered,5.0
O07268,C02636,2025-08-07,Card,Indore,Delivered,25.0
O07269,C01030,2025-01-17,Net Banking,Indore,Delivered,10.0
O07270,C01619,2025-08-30,UPI,Mumbai,Delivered,0.0
O07271,C04248,2025-12-06,COD,Kochi,Delivered,30.0
O07272,C03629,2025-06-07,Card,Kochi,Delivered,15.0
O07273,C01236,2025-06-15,Card,Indore,Delivered,10.0
O07274,C02631,2025-05-19,Card,Delhi,Delivered,20.0
O07275,C03984,2025-10-21,COD,Indore,Delivered,10.0
O07276,C01406,2025-01-28,UPI,Chennai,Delivered,5.0
O07277,C04238,2025-12-25,UPI,Jaipur,Returned,0.0
O07278,C01548,2025-06-10,UPI,Hyderabad,Delivered,15.0
O07279,C01885,2025-07-01,UPI,Chennai,Returned,5.0
O07280,C02185,2025-10-07,Card,Ahmedabad,Delivered,10.0
O07281,C00219,2025-06-04,Card,Bangalore,Returned,10.0
O07282,C04351,2025-10-29,Card,Pune,Returned,15.0
O07283,C00812,2025-08-02,UPI,Ahmedabad,Delivered,15.0
O07284,C00270,2025-12-06,Card,Jaipur,Delivered,10.0
O07285,C04979,2025-12-19,UPI,Lucknow,Delivered,10.0
O07286,C04700,2025-03-10,UPI,Jaipur,Delivered,5.0
O07287,C03206,2025-11-21,Card,Indore,Delivered,5.0
O07288,C01187,2025-10-22,Card,Ahmedabad,Delivered,15.0
O07289,C01734,2025-07-28,Card,Kochi,Delivered,10.0
O07290,C04797,2025-06-06,UPI,Delhi,Delivered,0.0
O07291,C02968,2025-03-16,Net Banking,Hyderabad,Delivered,10.0
O07292,C00073,2025-12-08,COD,Chennai,Delivered,25.0
O07293,C04994,2025-10-14,Card,Delhi,Delivered,0.0
O07294,C04639,2025-08-19,Net Banking,Mumbai,Delivered,0.0
O07295,C04062,2025-03-06,UPI,Mumbai,Delivered,15.0
O07296,C00631,2025-09-28,Card,Kochi,Cancelled,25.0
O07297,C02843,2025-03-24,Net Banking,Kochi,Delivered,0.0
O07298,C00878,2025-03-15,Card,Kochi,Delivered,5.0
O07299,C00757,2025-09-22,Card,Kolkata,Delivered,0.0
O07300,C02666,2025-09-26,UPI,Jaipur,Delivered,5.0
O07301,C04294,2025-10-28,UPI,Mumbai,Returned,10.0
O07302,C01451,2025-03-31,UPI,Chennai,Delivered,10.0
O07303,C02541,2025-12-26,Card,Ahmedabad,Delivered,5.0
O07304,C00082,2025-10-27,UPI,Kochi,Delivered,5.0
O07305,C01332,2025-01-02,UPI,Lucknow,Delivered,10.0
O07306,C01723,2025-06-25,Card,Mumbai,Delivered,10.0
O07307,C00357,2025-05-05,Card,Pune,Delivered,15.0
O07308,C01320,2025-09-25,COD,Indore,Cancelled,15.0
O07309,C00580,2025-08-03,COD,Hyderabad,Delivered,15.0
O07310,C04396,2025-03-08,Card,Bangalore,Delivered,25.0
O07311,C00646,2025-06-27,UPI,Pune,Delivered,0.0
O07312,C02234,2025-09-24,Card,Kochi,Cancelled,25.0
O07313,C02632,2025-01-05,UPI,Jaipur,Delivered,0.0
O07314,C03300,2025-10-28,Card,Bangalore,Delivered,20.0
O07315,C00308,2025-07-21,Card,Mumbai,Cancelled,15.0
O07316,C00234,2025-04-27,Card,Pune,Delivered,15.0
O07317,C01035,2025-12-02,UPI,Bangalore,Cancelled,15.0
O07318,C02223,2025-12-16,UPI,Mumbai,Delivered,15.0
O07319,C02821,2025-08-20,Card,Delhi,Delivered,10.0
O07320,C04739,2025-03-25,UPI,Mumbai,Delivered,0.0
O07321,C01736,2025-03-30,Net Banking,Mumbai,Delivered,10.0
O07322,C04278,2025-08-15,Net Banking,Mumbai,Delivered,5.0
O07323,C00942,2025-04-21,Card,Pune,Delivered,5.0
O07324,C00350,2025-11-19,COD,Kochi,Cancelled,10.0
O07325,C02687,2025-01-12,COD,Kolkata,Delivered,20.0
O07326,C01406,2025-01-27,UPI,Kolkata,Delivered,10.0
O07327,C03628,2025-04-15,Card,Ahmedabad,Cancelled,25.0
O07328,C01546,2025-03-27,UPI,Chennai,Delivered,10.0
O07329,C04321,2025-06-05,Card,Bangalore,Delivered,0.0
O07330,C01752,2025-07-18,UPI,Mumbai,Cancelled,5.0
O07331,C01747,2025-05-17,COD,Kochi,Delivered,0.0
O07332,C04382,2025-01-31,Card,Indore,Delivered,15.0
O07333,C01355,2025-06-13,UPI,Delhi,Delivered,0.0
O07334,C03633,2025-04-23,COD,Kolkata,Delivered,10.0
O07335,C04289,2025-12-27,COD,Jaipur,Delivered,25.0
O07336,C01169,2025-09-28,COD,Kochi,Delivered,10.0
O07337,C04767,2025-12-19,COD,Kochi,Delivered,10.0
O07338,C04045,2025-10-14,Card,Chennai,Delivered,5.0
O07339,C02586,2025-09-15,UPI,Lucknow,Delivered,15.0
O07340,C04708,2025-07-20,UPI,Lucknow,Delivered,5.0
O07341,C00901,2025-10-26,UPI,Hyderabad,Delivered,30.0
O07342,C03342,2025-01-01,UPI,Lucknow,Delivered,0.0
O07343,C04147,2025-07-30,UPI,Lucknow,Delivered,0.0
O07344,C00128,2025-09-22,Card,Delhi,Delivered,10.0
O07345,C01676,2025-07-07,UPI,Mumbai,Delivered,0.0
O07346,C01778,2025-12-23,UPI,Mumbai,Delivered,5.0
O07347,C00234,2025-08-29,Card,Hyderabad,Delivered,10.0
O07348,C02496,2025-07-12,UPI,Hyderabad,Delivered,5.0
O07349,C00584,2025-04-20,UPI,Indore,Cancelled,25.0
O07350,C01467,2025-04-21,Card,Pune,Delivered,5.0
O07351,C00503,2025-03-06,UPI,Jaipur,Delivered,0.0
O07352,C04381,2025-03-06,Net Banking,Delhi,Delivered,0.0
O07353,C01156,2025-11-13,Card,Pune,Delivered,5.0
O07354,C01500,2025-08-23,Card,Pune,Delivered,20.0
O07355,C00936,2025-04-05,UPI,Ahmedabad,Delivered,5.0
O07356,C02592,2025-07-16,UPI,Chennai,Delivered,10.0
O07357,C00356,2025-10-18,Card,Delhi,Delivered,30.0
O07358,C01995,2025-07-15,Net Banking,Lucknow,Cancelled,5.0
O07359,C01446,2025-02-07,Card,Lucknow,Returned,10.0
O07360,C02660,2025-02-08,Card,Mumbai,Delivered,10.0
O07361,C03281,2025-05-29,UPI,Kolkata,Delivered,10.0
O07362,C03975,2025-06-13,Card,Indore,Delivered,25.0
O07363,C02505,2025-08-08,UPI,Ahmedabad,Cancelled,15.0
O07364,C02147,2025-10-03,UPI,Chennai,Returned,0.0
O07365,C01211,2025-02-12,Card,Bangalore,Delivered,0.0
O07366,C00630,2025-08-26,UPI,Indore,Returned,0.0
O07367,C02718,2025-06-12,COD,Indore,Delivered,5.0
O07368,C04883,2025-11-16,Net Banking,Delhi,Delivered,10.0
O07369,C01495,2025-04-17,UPI,Chennai,Delivered,15.0
O07370,C01108,2025-10-15,UPI,Hyderabad,Delivered,10.0
O07371,C03078,2025-10-19,UPI,Mumbai,Returned,30.0
O07372,C04987,2025-04-15,UPI,Ahmedabad,Delivered,15.0
O07373,C03435,2025-03-10,Card,Indore,Delivered,20.0
O07374,C03055,2025-04-19,UPI,Pune,Delivered,5.0
O07375,C02816,2025-06-29,Card,Pune,Delivered,10.0
O07376,C03782,2025-05-12,Card,Lucknow,Delivered,0.0
O07377,C02036,2025-01-07,UPI,Pune,Delivered,15.0
O07378,C00170,2025-12-06,Card,Chennai,Cancelled,15.0
O07379,C03832,2025-05-29,COD,Mumbai,Delivered,
O07380,C02297,2025-07-04,UPI,Ahmedabad,Delivered,0.0
O07381,C04758,2025-06-05,Card,Delhi,Delivered,5.0
O07382,C02788,2025-10-17,Card,Delhi,Delivered,15.0
O07383,C03316,2025-09-02,Card,Mumbai,Delivered,10.0
O07384,C00632,2025-09-29,UPI,Mumbai,Delivered,10.0
O07385,C00805,2025-02-07,COD,Mumbai,Returned,10.0
O07386,C03035,2025-04-25,Card,Hyderabad,Delivered,10.0
O07387,C03088,2025-12-03,Card,Ahmedabad,Delivered,20.0
O07388,C04481,2025-04-29,Card,Delhi,Delivered,10.0
O07389,C03413,2025-05-12,Net Banking,Hyderabad,Delivered,10.0
O07390,C04989,2025-02-25,COD,Delhi,Delivered,25.0
O07391,C03870,2025-04-30,Net Banking,Jaipur,Delivered,10.0
O07392,C00792,2025-02-19,UPI,Bangalore,Delivered,5.0
O07393,C04142,2025-12-31,UPI,Pune,Delivered,10.0
O07394,C02552,2025-12-28,Card,Ahmedabad,Delivered,15.0
O07395,C03842,2025-03-23,UPI,Jaipur,Returned,0.0
O07396,C03215,2025-02-18,Card,Chennai,Delivered,0.0
O07397,C03357,2025-02-17,UPI,Hyderabad,Delivered,0.0
O07398,C04926,2025-05-14,Card,Chennai,Delivered,15.0
O07399,C02573,2025-08-26,Card,Kochi,Delivered,5.0
O07400,C03905,2025-12-01,Card,Chennai,Delivered,20.0
O07401,C02095,2025-06-22,UPI,Lucknow,Cancelled,10.0
O07402,C04624,2025-05-25,COD,Lucknow,Delivered,25.0
O07403,C00616,2025-07-06,COD,Pune,Returned,5.0
O07404,C03994,2025-04-30,Card,Indore,Delivered,25.0
O07405,C04297,2025-07-03,Card,Kolkata,Delivered,25.0
O07406,C02302,2025-12-23,Card,Hyderabad,Delivered,0.0
O07407,C02231,2025-12-29,UPI,Kolkata,Delivered,0.0
O07408,C01573,2025-03-20,UPI,Mumbai,Delivered,10.0
O07409,C03029,2025-06-12,COD,Mumbai,Delivered,10.0
O07410,C02538,2025-01-08,UPI,Indore,Delivered,10.0
O07411,C00505,2025-04-09,Card,Kolkata,Delivered,0.0
O07412,C01946,2025-11-13,UPI,Lucknow,Delivered,15.0
O07413,C01862,2025-12-22,COD,Chennai,Delivered,5.0
O07414,C03723,2025-01-27,UPI,Bangalore,Delivered,0.0
O07415,C03684,2025-10-03,Card,Delhi,Delivered,15.0
O07416,C00404,2025-11-09,COD,Chennai,Delivered,0.0
O07417,C04332,2025-10-06,Card,Ahmedabad,Delivered,15.0
O07418,C01620,2025-12-22,Card,Kolkata,Delivered,0.0
O07419,C02907,2025-07-23,Card,Hyderabad,Delivered,15.0
O07420,C03014,2025-06-09,Card,Indore,Delivered,15.0
O07421,C03617,2025-06-27,UPI,Kolkata,Delivered,10.0
O07422,C04729,2025-07-11,UPI,Chennai,Delivered,5.0
O07423,C01570,2025-02-09,COD,Indore,Delivered,5.0
O07424,C03717,2025-12-26,Net Banking,Pune,Delivered,15.0
O07425,C00140,2025-08-24,Card,Ahmedabad,Delivered,0.0
O07426,C04684,2025-02-02,COD,Indore,Cancelled,25.0
O07427,C01844,2025-01-29,Card,Kochi,Delivered,15.0
O07428,C03379,2025-02-02,Net Banking,Kochi,Delivered,15.0
O07429,C02965,2025-04-10,COD,Ahmedabad,Delivered,30.0
O07430,C04666,2025-05-25,Card,Lucknow,Returned,15.0
O07431,C03170,2025-11-26,UPI,Indore,Delivered,0.0
O07432,C02173,2025-03-06,UPI,Pune,Delivered,5.0
O07433,C03421,2025-05-02,UPI,Kolkata,Delivered,10.0
O07434,C03044,2025-02-12,COD,Kolkata,Delivered,10.0
O07435,C01250,2025-07-28,Card,Mumbai,Delivered,0.0
O07436,C02698,2025-08-18,Card,Jaipur,Delivered,5.0
O07437,C02754,2025-05-07,Net Banking,Hyderabad,Delivered,15.0
O07438,C04435,2025-12-22,COD,Lucknow,Cancelled,15.0
O07439,C04935,2025-07-05,COD,Delhi,Delivered,20.0
O07440,C03885,2025-08-25,UPI,Delhi,Delivered,25.0
O07441,C00095,2025-04-01,UPI,Lucknow,Delivered,20.0
O07442,C04292,2025-02-12,UPI,Lucknow,Delivered,10.0
O07443,C04288,2025-02-15,COD,Indore,Cancelled,10.0
O07444,C04618,2025-01-25,Card,Bangalore,Returned,5.0
O07445,C04849,2025-12-20,UPI,Mumbai,Delivered,20.0
O07446,C01676,2025-07-14,COD,Chennai,Cancelled,20.0
O07447,C00013,2025-12-15,UPI,Jaipur,Delivered,15.0
O07448,C02302,2025-04-09,Card,Delhi,Returned,15.0
O07449,C04084,2025-09-13,COD,Pune,Cancelled,20.0
O07450,C00373,2025-12-27,Card,Hyderabad,Delivered,20.0
O07451,C04490,2025-11-26,Net Banking,Lucknow,Delivered,20.0
O07452,C00418,2025-10-21,Card,Delhi,Delivered,15.0
O07453,C00817,2025-09-03,UPI,Lucknow,Delivered,15.0
O07454,C04870,2025-06-15,UPI,Kolkata,Delivered,10.0
O07455,C01804,2025-09-14,Card,Lucknow,Delivered,10.0
O07456,C03613,2025-11-06,COD,Lucknow,Delivered,10.0
O07457,C03405,2025-12-18,Net Banking,Chennai,Delivered,20.0
O07458,C02940,2025-10-05,Net Banking,Mumbai,Delivered,5.0
O07459,C01333,2025-07-08,Card,Ahmedabad,Cancelled,5.0
O07460,C03247,2025-07-05,Card,Indore,Delivered,10.0
O07461,C00756,2025-07-01,Card,Indore,Returned,30.0
O07462,C03526,2025-10-02,Card,Pune,Cancelled,10.0
O07463,C01797,2025-08-15,UPI,Jaipur,Delivered,0.0
O07464,C03970,2025-02-03,UPI,Ahmedabad,Delivered,15.0
O07465,C03060,2025-07-26,Card,Indore,Delivered,10.0
O07466,C02178,2025-02-13,UPI,Pune,Delivered,20.0
O07467,C03557,2025-09-02,COD,Jaipur,Delivered,20.0
O07468,C02051,2025-09-11,COD,Kochi,Delivered,5.0
O07469,C01990,2025-04-19,Card,Chennai,Delivered,0.0
O07470,C00555,2025-11-19,UPI,Delhi,Delivered,15.0
O07471,C00266,2025-04-24,Card,Hyderabad,Delivered,15.0
O07472,C00923,2025-10-05,Card,Jaipur,Delivered,0.0
O07473,C02072,2025-08-25,Card,Hyderabad,Delivered,30.0
O07474,C00534,2025-01-29,Card,Indore,Delivered,25.0
O07475,C03984,2025-08-10,COD,Delhi,Delivered,15.0
O07476,C01694,2025-11-14,COD,Mumbai,Delivered,0.0
O07477,C04976,2025-09-28,Card,Chennai,Delivered,5.0
O07478,C02052,2025-08-30,UPI,Ahmedabad,Delivered,5.0
O07479,C03691,2025-04-07,Card,Ahmedabad,Delivered,0.0
O07480,C04904,2025-12-09,Net Banking,Bangalore,Delivered,20.0
O07481,C02832,2025-09-20,COD,Indore,Delivered,0.0
O07482,C04328,2025-12-06,UPI,Delhi,Delivered,5.0
O07483,C02921,2025-01-07,COD,Lucknow,Delivered,5.0
O07484,C04846,2025-09-30,UPI,Lucknow,Delivered,5.0
O07485,C04168,2025-10-15,Card,Chennai,Returned,5.0
O07486,C04624,2025-12-01,COD,Bangalore,Delivered,25.0
O07487,C00886,2025-07-24,Card,Hyderabad,Delivered,25.0
O07488,C01459,2025-07-03,Card,Kolkata,Delivered,10.0
O07489,C03796,2025-11-14,UPI,Jaipur,Delivered,0.0
O07490,C03156,2025-02-27,UPI,Mumbai,Cancelled,15.0
O07491,C03411,2025-04-21,COD,Kochi,Delivered,25.0
O07492,C04025,2025-07-05,COD,Chennai,Delivered,30.0
O07493,C00563,2025-05-11,COD,Chennai,Delivered,10.0
O07494,C04027,2025-03-30,UPI,Hyderabad,Delivered,5.0
O07495,C02972,2025-12-02,COD,Chennai,Delivered,20.0
O07496,C00345,2025-04-28,UPI,Kochi,Delivered,10.0
O07497,C02717,2025-09-14,UPI,Kochi,Delivered,10.0
O07498,C02679,2025-04-20,Card,Jaipur,Delivered,0.0
O07499,C01673,2025-03-08,Card,Bangalore,Delivered,5.0
O07500,C03128,2025-05-28,UPI,Ahmedabad,Delivered,10.0
O07501,C04894,2025-08-08,UPI,Hyderabad,Delivered,5.0
O07502,C03954,2025-08-02,Card,Lucknow,Cancelled,10.0
O07503,C01120,2025-03-03,UPI,Jaipur,Delivered,15.0
O07504,C01913,2025-02-25,UPI,Kochi,Delivered,30.0
O07505,C03003,2025-11-08,Card,Pune,Cancelled,0.0
O07506,C02263,2025-11-30,UPI,Indore,Delivered,15.0
O07507,C00743,2025-12-01,Card,Delhi,Delivered,0.0
O07508,C04154,2025-04-06,Net Banking,Ahmedabad,Delivered,25.0
O07509,C02453,2025-05-26,UPI,Kochi,Delivered,15.0
O07510,C02769,2025-02-17,Net Banking,Delhi,Delivered,5.0
O07511,C00783,2025-10-21,UPI,Indore,Delivered,10.0
O07512,C00097,2025-10-05,UPI,Delhi,Delivered,15.0
O07513,C00587,2025-07-22,Card,Kolkata,Delivered,10.0
O07514,C04637,2025-07-18,COD,Indore,Delivered,30.0
O07515,C04912,2025-11-25,Card,Delhi,Delivered,30.0
O07516,C02239,2025-05-04,UPI,Hyderabad,Delivered,0.0
O07517,C00917,2025-07-19,COD,Lucknow,Delivered,15.0
O07518,C03350,2025-03-16,Net Banking,Pune,Cancelled,15.0
O07519,C02587,2025-06-06,Net Banking,Delhi,Delivered,15.0
O07520,C04181,2025-05-14,Card,Delhi,Cancelled,20.0
O07521,C02489,2025-11-08,COD,Pune,Delivered,10.0
O07522,C03794,2025-04-30,COD,Kochi,Delivered,5.0
O07523,C02838,2025-01-12,COD,Jaipur,Delivered,15.0
O07524,C02387,2025-08-23,Net Banking,Delhi,Delivered,5.0
O07525,C01842,2025-10-22,COD,Indore,Delivered,5.0
O07526,C01203,2025-04-18,Card,Hyderabad,Delivered,10.0
O07527,C04770,2025-02-02,UPI,Chennai,Returned,5.0
O07528,C00730,2025-04-30,Card,Ahmedabad,Delivered,15.0
O07529,C00317,2025-09-13,COD,Jaipur,Returned,20.0
O07530,C00076,2025-03-24,UPI,Ahmedabad,Cancelled,30.0
O07531,C03047,2025-06-30,UPI,Bangalore,Delivered,0.0
O07532,C00204,2025-08-16,UPI,Pune,Cancelled,10.0
O07533,C04289,2025-10-02,Net Banking,Ahmedabad,Delivered,15.0
O07534,C03776,2025-07-05,COD,Chennai,Delivered,10.0
O07535,C02945,2025-12-07,UPI,Kolkata,Delivered,0.0
O07536,C04356,2025-07-30,UPI,Pune,Delivered,5.0
O07537,C03052,2025-09-06,Card,Indore,Delivered,15.0
O07538,C02664,2025-02-12,Card,Hyderabad,Cancelled,10.0
O07539,C00432,2025-03-14,UPI,Indore,Delivered,15.0
O07540,C02764,2025-12-08,Net Banking,Mumbai,Delivered,10.0
O07541,C04792,2025-01-19,Card,Indore,Delivered,25.0
O07542,C03163,2025-06-14,Card,Jaipur,Delivered,20.0
O07543,C00198,2025-09-24,COD,Lucknow,Delivered,5.0
O07544,C00039,2025-05-08,UPI,Delhi,Delivered,10.0
O07545,C02519,2025-12-21,Card,Bangalore,Delivered,10.0
O07546,C02127,2025-10-28,Card,Indore,Delivered,5.0
O07547,C00729,2025-11-14,Net Banking,Delhi,Delivered,10.0
O07548,C03900,2025-12-17,UPI,Bangalore,Delivered,5.0
O07549,C03166,2025-05-22,COD,Indore,Delivered,0.0
O07550,C04780,2025-02-03,Card,Kochi,Returned,0.0
O07551,C04228,2025-04-08,COD,Pune,Delivered,5.0
O07552,C02125,2025-07-29,COD,Lucknow,Delivered,10.0
O07553,C04135,2025-11-12,UPI,Hyderabad,Delivered,0.0
O07554,C03772,2025-11-16,UPI,Indore,Delivered,15.0
O07555,C03258,2025-07-17,UPI,Ahmedabad,Delivered,20.0
O07556,C03207,2025-09-13,Card,Kolkata,Delivered,10.0
O07557,C02599,2025-02-11,COD,Hyderabad,Delivered,20.0
O07558,C04436,2025-04-14,UPI,Delhi,Delivered,0.0
O07559,C03314,2025-11-18,Card,Kolkata,Delivered,0.0
O07560,C01245,2025-07-08,COD,Hyderabad,Delivered,15.0
O07561,C04088,2025-11-18,Net Banking,Chennai,Delivered,25.0
O07562,C00658,2025-12-09,Card,Mumbai,Delivered,5.0
O07563,C02966,2025-03-03,COD,Jaipur,Delivered,15.0
O07564,C01700,2025-05-23,UPI,Mumbai,Delivered,15.0
O07565,C04457,2025-08-10,UPI,Ahmedabad,Delivered,15.0
O07566,C03044,2025-01-20,UPI,Chennai,Delivered,10.0
O07567,C04425,2025-10-07,Card,Pune,Delivered,5.0
O07568,C01800,2025-09-22,Card,Hyderabad,Returned,0.0
O07569,C04536,2025-09-05,UPI,Lucknow,Cancelled,0.0
O07570,C03627,2025-04-26,UPI,Mumbai,Delivered,5.0
O07571,C03978,2025-09-12,UPI,Kolkata,Delivered,0.0
O07572,C01977,2025-10-24,UPI,Indore,Delivered,0.0
O07573,C04929,2025-01-13,Net Banking,Jaipur,Delivered,0.0
O07574,C03670,2025-02-15,Net Banking,Pune,Delivered,0.0
O07575,C04193,2025-11-30,UPI,Bangalore,Delivered,10.0
O07576,C00938,2025-08-30,UPI,Kolkata,Returned,0.0
O07577,C01290,2025-03-12,COD,Kochi,Delivered,30.0
O07578,C04671,2025-02-28,UPI,Delhi,Delivered,10.0
O07579,C02151,2025-07-23,Net Banking,Bangalore,Delivered,20.0
O07580,C04925,2025-02-20,UPI,Chennai,Delivered,10.0
O07581,C00513,2025-01-16,Card,Jaipur,Delivered,0.0
O07582,C04762,2025-02-20,COD,Kolkata,Delivered,20.0
O07583,C01517,2025-08-12,UPI,Mumbai,Returned,5.0
O07584,C02083,2025-05-08,UPI,Pune,Delivered,0.0
O07585,C01405,2025-06-19,COD,Indore,Delivered,5.0
O07586,C04493,2025-09-24,Net Banking,Ahmedabad,Delivered,10.0
O07587,C01932,2025-03-09,Card,Lucknow,Delivered,10.0
O07588,C01886,2025-05-01,COD,Mumbai,Delivered,0.0
O07589,C02354,2025-06-29,Net Banking,Lucknow,Delivered,10.0
O07590,C03808,2025-08-14,UPI,Lucknow,Delivered,25.0
O07591,C02747,2025-11-24,UPI,Kochi,Delivered,15.0
O07592,C00581,2025-07-10,UPI,Lucknow,Delivered,0.0
O07593,C02213,2025-10-28,UPI,Jaipur,Delivered,5.0
O07594,C03330,2025-09-08,COD,Kochi,Delivered,15.0
O07595,C00102,2025-01-06,UPI,Ahmedabad,Delivered,0.0
O07596,C04551,2025-09-19,UPI,Kolkata,Delivered,10.0
O07597,C04289,2025-04-01,UPI,Indore,Delivered,10.0
O07598,C03843,2025-07-13,UPI,Kolkata,Delivered,0.0
O07599,C02964,2025-11-25,UPI,Chennai,Delivered,10.0
O07600,C04994,2025-03-05,UPI,Bangalore,Delivered,20.0
O07601,C04906,2025-10-21,COD,Pune,Delivered,15.0
O07602,C00299,2025-08-14,COD,Indore,Delivered,20.0
O07603,C04117,2025-11-30,COD,Kolkata,Delivered,10.0
O07604,C00045,2025-03-04,COD,Bangalore,Delivered,15.0
O07605,C02544,2025-03-12,Net Banking,Kolkata,Delivered,20.0
O07606,C03860,2025-01-20,UPI,Kolkata,Delivered,10.0
O07607,C04779,2025-11-29,COD,Bangalore,Delivered,0.0
O07608,C04395,2025-09-02,Card,Jaipur,Delivered,0.0
O07609,C03553,2025-03-05,UPI,Ahmedabad,Delivered,25.0
O07610,C03156,2025-10-20,Card,Jaipur,Delivered,10.0
O07611,C03132,2025-12-30,UPI,Pune,Delivered,15.0
O07612,C00288,2025-08-13,UPI,Indore,Delivered,10.0
O07613,C03706,2025-09-23,UPI,Chennai,Delivered,10.0
O07614,C00517,2025-06-11,Card,Pune,Delivered,10.0
O07615,C02202,2025-02-14,COD,Mumbai,Returned,10.0
O07616,C04438,2025-11-15,UPI,Kochi,Cancelled,20.0
O07617,C04182,2025-09-26,COD,Pune,Delivered,0.0
O07618,C03659,2025-01-25,UPI,Kolkata,Delivered,15.0
O07619,C04287,2025-10-27,UPI,Indore,Delivered,15.0
O07620,C03324,2025-08-13,UPI,Chennai,Delivered,0.0
O07621,C04077,2025-03-15,COD,Lucknow,Delivered,5.0
O07622,C03937,2025-04-26,Net Banking,Pune,Delivered,15.0
O07623,C01170,2025-06-01,UPI,Mumbai,Delivered,5.0
O07624,C00991,2025-03-10,Net Banking,Chennai,Delivered,10.0
O07625,C04972,2025-07-21,COD,Indore,Delivered,0.0
O07626,C03706,2025-10-30,UPI,Mumbai,Delivered,5.0
O07627,C01852,2025-04-01,Card,Kochi,Delivered,20.0
O07628,C02710,2025-02-19,COD,Hyderabad,Cancelled,5.0
O07629,C04008,2025-10-16,Card,Kochi,Delivered,15.0
O07630,C02622,2025-04-02,Card,Ahmedabad,Delivered,10.0
O07631,C02179,2025-12-26,Card,Pune,Delivered,5.0
O07632,C00839,2025-08-23,UPI,Indore,Delivered,10.0
O07633,C01556,2025-11-12,UPI,Chennai,Delivered,10.0
O07634,C01223,2025-01-29,Card,Delhi,Delivered,30.0
O07635,C04935,2025-06-21,COD,Kolkata,Delivered,5.0
O07636,C02044,2025-06-22,COD,Mumbai,Delivered,15.0
O07637,C01434,2025-08-24,Card,Hyderabad,Delivered,15.0
O07638,C01169,2025-02-11,UPI,Ahmedabad,Delivered,10.0
O07639,C00948,2025-05-29,UPI,Ahmedabad,Delivered,10.0
O07640,C00161,2025-10-15,COD,Jaipur,Delivered,15.0
O07641,C04560,2025-08-01,Card,Chennai,Delivered,15.0
O07642,C03132,2025-06-24,Card,Indore,Cancelled,25.0
O07643,C02628,2025-04-09,UPI,Kochi,Delivered,25.0
O07644,C02536,2025-04-30,UPI,Lucknow,Delivered,5.0
O07645,C02273,2025-10-30,UPI,Hyderabad,Returned,15.0
O07646,C03464,2025-01-17,COD,Mumbai,Delivered,20.0
O07647,C04805,2025-01-29,Card,Kochi,Delivered,25.0
O07648,C00161,2025-02-17,Card,Kolkata,Delivered,0.0
O07649,C01785,2025-10-16,COD,Delhi,Delivered,25.0
O07650,C01945,2025-05-08,UPI,Jaipur,Delivered,5.0
O07651,C03183,2025-03-09,UPI,Hyderabad,Delivered,10.0
O07652,C03975,2025-02-08,UPI,Hyderabad,Delivered,15.0
O07653,C03625,2025-05-13,Card,Kolkata,Cancelled,20.0
O07654,C03745,2025-04-29,COD,Hyderabad,Delivered,15.0
O07655,C00767,2025-11-20,COD,Lucknow,Delivered,25.0
O07656,C02028,2025-02-21,Card,Bangalore,Delivered,15.0
O07657,C04007,2025-05-16,Card,Jaipur,Delivered,5.0
O07658,C00185,2025-09-04,COD,Delhi,Delivered,0.0
O07659,C01897,2025-06-18,Card,Chennai,Delivered,0.0
O07660,C03296,2025-03-11,UPI,Pune,Delivered,0.0
O07661,C02405,2025-02-05,Card,Mumbai,Delivered,25.0
O07662,C02540,2025-10-15,COD,Kolkata,Delivered,10.0
O07663,C00733,2025-01-05,Card,Hyderabad,Delivered,25.0
O07664,C01622,2025-12-26,UPI,Bangalore,Delivered,15.0
O07665,C00578,2025-05-28,UPI,Hyderabad,Delivered,25.0
O07666,C02162,2025-08-25,Card,Chennai,Delivered,20.0
O07667,C00378,2025-03-09,UPI,Mumbai,Delivered,10.0
O07668,C03849,2025-08-19,Card,Hyderabad,Delivered,5.0
O07669,C01309,2025-05-30,UPI,Chennai,Delivered,5.0
O07670,C04193,2025-08-09,Card,Bangalore,Delivered,5.0
O07671,C00842,2025-09-18,UPI,Indore,Delivered,0.0
O07672,C02172,2025-09-23,Net Banking,Lucknow,Delivered,15.0
O07673,C00156,2025-04-24,UPI,Hyderabad,Cancelled,10.0
O07674,C04149,2025-06-14,Card,Pune,Delivered,0.0
O07675,C01703,2025-02-25,UPI,Jaipur,Delivered,20.0
O07676,C02636,2025-12-08,UPI,Lucknow,Delivered,20.0
O07677,C03386,2025-12-22,Card,Mumbai,Delivered,0.0
O07678,C04822,2025-09-07,UPI,Hyderabad,Delivered,5.0
O07679,C01414,2025-08-31,Card,Hyderabad,Delivered,5.0
O07680,C00045,2025-01-02,UPI,Bangalore,Delivered,10.0
O07681,C01687,2025-05-23,Card,Ahmedabad,Delivered,25.0
O07682,C02170,2025-06-18,COD,Chennai,Delivered,15.0
O07683,C03242,2025-03-04,Net Banking,Mumbai,Delivered,15.0
O07684,C02726,2025-06-03,Card,Chennai,Returned,5.0
O07685,C01424,2025-12-16,COD,Kolkata,Delivered,10.0
O07686,C04015,2025-09-12,COD,Pune,Delivered,5.0
O07687,C04596,2025-03-07,UPI,Kochi,Delivered,15.0
O07688,C00074,2025-10-12,COD,Ahmedabad,Delivered,5.0
O07689,C03019,2025-07-07,Card,Bangalore,Delivered,0.0
O07690,C01561,2025-07-12,UPI,Bangalore,Delivered,10.0
O07691,C00892,2025-10-23,Net Banking,Ahmedabad,Delivered,5.0
O07692,C03133,2025-01-11,UPI,Lucknow,Delivered,10.0
O07693,C01890,2025-06-29,Card,Indore,Returned,15.0
O07694,C01247,2025-12-09,Card,Kolkata,Delivered,15.0
O07695,C03803,2025-03-31,Card,Ahmedabad,Delivered,30.0
O07696,C00473,2025-08-11,Card,Pune,Delivered,10.0
O07697,C02218,2025-12-01,UPI,Jaipur,Delivered,10.0
O07698,C00701,2025-08-14,UPI,Pune,Delivered,5.0
O07699,C02080,2025-04-13,UPI,Kolkata,Delivered,15.0
O07700,C00053,2025-12-03,UPI,Indore,Delivered,10.0
O07701,C02988,2025-12-21,COD,Chennai,Cancelled,5.0
O07702,C00139,2025-12-22,COD,Pune,Delivered,10.0
O07703,C01398,2025-08-20,Card,Mumbai,Delivered,5.0
O07704,C02138,2025-09-24,UPI,Delhi,Delivered,25.0
O07705,C00828,2025-10-11,Card,Delhi,Delivered,5.0
O07706,C02084,2025-07-09,UPI,Jaipur,Delivered,10.0
O07707,C02977,2025-02-17,COD,Mumbai,Delivered,5.0
O07708,C01249,2025-10-11,UPI,Kolkata,Delivered,0.0
O07709,C04650,2025-10-29,Card,Ahmedabad,Delivered,5.0
O07710,C04836,2025-02-24,Card,Bangalore,Delivered,10.0
O07711,C04365,2025-12-05,Net Banking,Jaipur,Delivered,10.0
O07712,C00186,2025-04-29,UPI,Hyderabad,Delivered,10.0
O07713,C03443,2025-01-02,UPI,Indore,Delivered,15.0
O07714,C04965,2025-08-12,Net Banking,Kolkata,Delivered,0.0
O07715,C03194,2025-08-24,Card,Chennai,Delivered,5.0
O07716,C04929,2025-07-22,COD,Pune,Delivered,5.0
O07717,C01413,2025-05-24,COD,Lucknow,Delivered,15.0
O07718,C03189,2025-01-11,UPI,Indore,Delivered,5.0
O07719,C02917,2025-09-16,UPI,Ahmedabad,Delivered,5.0
O07720,C01016,2025-10-25,UPI,Chennai,Delivered,0.0
O07721,C04538,2025-06-06,COD,Pune,Delivered,10.0
O07722,C04135,2025-07-16,COD,Delhi,Delivered,15.0
O07723,C04262,2025-04-02,Card,Mumbai,Delivered,15.0
O07724,C01936,2025-11-29,Card,Mumbai,Delivered,15.0
O07725,C01469,2025-06-02,UPI,Kochi,Delivered,0.0
O07726,C04539,2025-05-14,Card,Indore,Delivered,10.0
O07727,C04427,2025-04-26,COD,Delhi,Delivered,0.0
O07728,C01359,2025-03-08,COD,Hyderabad,Delivered,25.0
O07729,C01770,2025-05-30,UPI,Lucknow,Delivered,0.0
O07730,C02762,2025-09-13,UPI,Kochi,Delivered,20.0
O07731,C02883,2025-02-10,COD,Bangalore,Delivered,0.0
O07732,C01190,2025-06-30,Card,Delhi,Delivered,10.0
O07733,C01193,2025-07-07,Card,Delhi,Delivered,20.0
O07734,C02817,2025-02-08,Card,Mumbai,Cancelled,10.0
O07735,C03622,2025-11-07,UPI,Bangalore,Delivered,10.0
O07736,C04857,2025-11-23,UPI,Bangalore,Delivered,0.0
O07737,C01043,2025-08-05,UPI,Bangalore,Delivered,15.0
O07738,C00226,2025-05-10,UPI,Ahmedabad,Delivered,10.0
O07739,C01979,2025-09-21,UPI,Hyderabad,Delivered,10.0
O07740,C03978,2025-04-24,UPI,Jaipur,Delivered,5.0
O07741,C03832,2025-03-04,UPI,Indore,Delivered,5.0
O07742,C02645,2025-04-07,UPI,Lucknow,Delivered,25.0
O07743,C01884,2025-11-26,UPI,Delhi,Delivered,25.0
O07744,C00541,2025-01-18,Card,Pune,Delivered,25.0
O07745,C00646,2025-07-24,Net Banking,Hyderabad,Delivered,10.0
O07746,C04802,2025-08-01,UPI,Jaipur,Delivered,30.0
O07747,C04727,2025-04-07,UPI,Jaipur,Delivered,5.0
O07748,C04287,2025-10-06,UPI,Lucknow,Delivered,10.0
O07749,C01689,2025-08-24,COD,Jaipur,Delivered,0.0
O07750,C00855,2025-06-17,UPI,Pune,Delivered,10.0
O07751,C00405,2025-03-01,UPI,Jaipur,Delivered,5.0
O07752,C03344,2025-03-26,COD,Pune,Delivered,0.0
O07753,C02478,2025-09-18,UPI,Jaipur,Delivered,0.0
O07754,C00520,2025-12-21,Net Banking,Mumbai,Delivered,5.0
O07755,C02941,2025-06-15,COD,Mumbai,Delivered,20.0
O07756,C01408,2025-08-16,Card,Pune,Returned,10.0
O07757,C00821,2025-03-01,Card,Kochi,Delivered,10.0
O07758,C03675,2025-06-13,UPI,Hyderabad,Cancelled,15.0
O07759,C04531,2025-08-18,COD,Hyderabad,Delivered,10.0
O07760,C03836,2025-03-23,UPI,Chennai,Delivered,10.0
O07761,C04068,2025-06-06,Card,Bangalore,Delivered,10.0
O07762,C03288,2025-07-10,UPI,Pune,Delivered,0.0
O07763,C02182,2025-12-28,UPI,Mumbai,Delivered,10.0
O07764,C04715,2025-09-01,Card,Ahmedabad,Delivered,15.0
O07765,C03233,2025-08-30,Card,Kochi,Delivered,0.0
O07766,C00425,2025-08-10,UPI,Pune,Delivered,0.0
O07767,C01552,2025-06-17,Card,Indore,Delivered,10.0
O07768,C00358,2025-05-01,COD,Mumbai,Delivered,20.0
O07769,C03447,2025-01-02,Card,Mumbai,Delivered,10.0
O07770,C01595,2025-04-28,Card,Kochi,Delivered,10.0
O07771,C01011,2025-05-16,Card,Ahmedabad,Delivered,25.0
O07772,C00197,2025-11-26,COD,Indore,Delivered,0.0
O07773,C01034,2025-05-07,Card,Indore,Delivered,0.0
O07774,C00862,2025-08-29,Net Banking,Chennai,Delivered,15.0
O07775,C00349,2025-04-18,UPI,Ahmedabad,Delivered,0.0
O07776,C03778,2025-10-26,UPI,Bangalore,Delivered,0.0
O07777,C01659,2025-04-22,Card,Jaipur,Delivered,20.0
O07778,C00575,2025-06-12,UPI,Ahmedabad,Delivered,5.0
O07779,C01820,2025-10-02,COD,Hyderabad,Delivered,10.0
O07780,C00931,2025-01-19,UPI,Ahmedabad,Delivered,5.0
O07781,C04009,2025-08-21,Card,Bangalore,Cancelled,0.0
O07782,C04683,2025-01-20,Card,Lucknow,Delivered,5.0
O07783,C00484,2025-08-29,UPI,Ahmedabad,Returned,10.0
O07784,C03913,2025-09-17,Card,Bangalore,Delivered,10.0
O07785,C00358,2025-02-18,COD,Indore,Delivered,0.0
O07786,C04481,2025-06-03,Net Banking,Kolkata,Delivered,0.0
O07787,C00254,2025-01-03,Card,Kochi,Cancelled,10.0
O07788,C03995,2025-11-04,Card,Indore,Delivered,0.0
O07789,C00835,2025-10-19,COD,Delhi,Delivered,0.0
O07790,C01191,2025-06-18,UPI,Lucknow,Returned,30.0
O07791,C01704,2025-07-17,UPI,Delhi,Delivered,0.0
O07792,C04892,2025-06-28,UPI,Kochi,Delivered,10.0
O07793,C04565,2025-04-13,Net Banking,Jaipur,Delivered,0.0
O07794,C00493,2025-08-07,UPI,Ahmedabad,Delivered,20.0
O07795,C03410,2025-01-16,COD,Kochi,Delivered,10.0
O07796,C04147,2025-02-16,Card,Indore,Delivered,10.0
O07797,C03128,2025-12-02,UPI,Ahmedabad,Delivered,10.0
O07798,C02121,2025-02-15,COD,Lucknow,Delivered,15.0
O07799,C03866,2025-04-10,Card,Pune,Delivered,20.0
O07800,C00052,2025-07-02,Card,Ahmedabad,Cancelled,0.0
O07801,C00262,2025-12-20,UPI,Ahmedabad,Delivered,0.0
O07802,C03003,2025-08-04,UPI,Kochi,Delivered,5.0
O07803,C01909,2025-05-14,COD,Hyderabad,Delivered,15.0
O07804,C03647,2025-12-06,UPI,Ahmedabad,Returned,5.0
O07805,C02378,2025-11-13,Card,Mumbai,Delivered,10.0
O07806,C03395,2025-01-09,UPI,Pune,Delivered,10.0
O07807,C04337,2025-08-01,COD,Delhi,Delivered,5.0
O07808,C01626,2025-05-19,COD,Ahmedabad,Delivered,10.0
O07809,C01229,2025-08-10,COD,Chennai,Delivered,15.0
O07810,C04387,2025-11-17,UPI,Lucknow,Delivered,5.0
O07811,C01390,2025-04-01,Card,Chennai,Returned,5.0
O07812,C01488,2025-11-11,UPI,Delhi,Returned,10.0
O07813,C00917,2025-04-22,UPI,Bangalore,Delivered,20.0
O07814,C02142,2025-04-23,UPI,Mumbai,Returned,5.0
O07815,C00711,2025-07-17,COD,Indore,Returned,10.0
O07816,C01887,2025-09-20,Net Banking,Mumbai,Delivered,20.0
O07817,C02217,2025-11-13,Card,Pune,Delivered,0.0
O07818,C01321,2025-11-09,Card,Mumbai,Delivered,15.0
O07819,C02564,2025-12-08,Card,Pune,Delivered,5.0
O07820,C04446,2025-06-11,UPI,Bangalore,Delivered,0.0
O07821,C04832,2025-03-25,COD,Mumbai,Delivered,5.0
O07822,C02627,2025-02-14,Card,Pune,Cancelled,10.0
O07823,C00401,2025-02-14,Card,Pune,Delivered,10.0
O07824,C00751,2025-09-28,COD,Mumbai,Delivered,5.0
O07825,C04917,2025-07-29,Net Banking,Indore,Delivered,0.0
O07826,C01888,2025-06-23,UPI,Kochi,Delivered,10.0
O07827,C03686,2025-09-04,Card,Pune,Delivered,0.0
O07828,C01419,2025-06-23,Net Banking,Jaipur,Delivered,10.0
O07829,C02604,2025-02-05,Card,Ahmedabad,Delivered,15.0
O07830,C03772,2025-10-29,COD,Hyderabad,Delivered,25.0
O07831,C02019,2025-10-25,UPI,Kolkata,Delivered,0.0
O07832,C02037,2025-06-07,UPI,Lucknow,Delivered,10.0
O07833,C01646,2025-05-19,UPI,Delhi,Delivered,5.0
O07834,C03488,2025-02-02,UPI,Ahmedabad,Delivered,5.0
O07835,C00814,2025-09-08,COD,Delhi,Delivered,10.0
O07836,C04734,2025-11-22,Card,Indore,Delivered,0.0
O07837,C03170,2025-06-20,Net Banking,Lucknow,Returned,0.0
O07838,C01024,2025-04-20,UPI,Chennai,Delivered,0.0
O07839,C01510,2025-06-16,UPI,Lucknow,Cancelled,5.0
O07840,C02039,2025-05-05,UPI,Delhi,Delivered,0.0
O07841,C01394,2025-08-02,UPI,Jaipur,Delivered,20.0
O07842,C02347,2025-10-22,Card,Lucknow,Cancelled,10.0
O07843,C00856,2025-06-30,UPI,Pune,Returned,0.0
O07844,C01167,2025-03-24,UPI,Delhi,Delivered,5.0
O07845,C02755,2025-12-28,COD,Kochi,Delivered,15.0
O07846,C01666,2025-11-15,UPI,Pune,Returned,0.0
O07847,C04039,2025-01-25,UPI,Kolkata,Delivered,5.0
O07848,C01973,2025-09-03,Card,Bangalore,Delivered,0.0
O07849,C03688,2025-02-10,Card,Kolkata,Delivered,5.0
O07850,C01117,2025-02-28,COD,Lucknow,Delivered,25.0
O07851,C03369,2025-06-26,Card,Kochi,Delivered,10.0
O07852,C04543,2025-01-30,Net Banking,Lucknow,Cancelled,10.0
O07853,C00734,2025-02-14,UPI,Lucknow,Delivered,10.0
O07854,C03784,2025-11-05,UPI,Ahmedabad,Delivered,5.0
O07855,C02922,2025-06-03,COD,Hyderabad,Delivered,10.0
O07856,C03330,2025-02-09,COD,Bangalore,Delivered,10.0
O07857,C04618,2025-05-20,Card,Bangalore,Delivered,10.0
O07858,C01707,2025-09-14,Card,Kolkata,Delivered,0.0
O07859,C03499,2025-03-11,UPI,Lucknow,Delivered,15.0
O07860,C01125,2025-05-16,UPI,Hyderabad,Delivered,15.0
O07861,C04718,2025-08-24,UPI,Kolkata,Delivered,0.0
O07862,C04855,2025-04-22,UPI,Lucknow,Delivered,5.0
O07863,C01859,2025-02-02,COD,Jaipur,Delivered,10.0
O07864,C02292,2025-07-15,UPI,Mumbai,Delivered,5.0
O07865,C02514,2025-06-27,UPI,Hyderabad,Delivered,10.0
O07866,C04961,2025-12-26,Net Banking,Pune,Delivered,15.0
O07867,C03516,2025-05-14,Card,Kolkata,Delivered,10.0
O07868,C02001,2025-07-10,UPI,Indore,Delivered,10.0
O07869,C01798,2025-12-01,Card,Chennai,Delivered,5.0
O07870,C02317,2025-01-06,COD,Chennai,Delivered,10.0
O07871,C02581,2025-10-20,UPI,Mumbai,Delivered,20.0
O07872,C02015,2025-06-28,COD,Chennai,Delivered,5.0
O07873,C02168,2025-10-10,UPI,Kochi,Delivered,15.0
O07874,C03029,2025-04-16,Card,Lucknow,Delivered,10.0
O07875,C01948,2025-09-03,UPI,Chennai,Delivered,0.0
O07876,C01144,2025-11-21,Card,Chennai,Delivered,20.0
O07877,C04806,2025-08-19,Card,Kolkata,Delivered,15.0
O07878,C04232,2025-08-03,COD,Kochi,Delivered,20.0
O07879,C03149,2025-09-30,Card,Kolkata,Delivered,15.0
O07880,C00936,2025-04-15,COD,Pune,Delivered,0.0
O07881,C03158,2025-01-23,UPI,Hyderabad,Delivered,10.0
O07882,C00001,2025-10-22,Card,Lucknow,Returned,10.0
O07883,C00077,2025-06-10,UPI,Ahmedabad,Delivered,5.0
O07884,C02629,2025-07-13,Card,Bangalore,Delivered,10.0
O07885,C02196,2025-09-23,Card,Kochi,Returned,10.0
O07886,C00574,2025-03-24,UPI,Mumbai,Delivered,0.0
O07887,C01549,2025-06-17,UPI,Lucknow,Returned,20.0
O07888,C00186,2025-11-25,COD,Lucknow,Delivered,10.0
O07889,C04618,2025-05-23,UPI,Mumbai,Delivered,10.0
O07890,C03843,2025-02-12,UPI,Mumbai,Delivered,0.0
O07891,C03493,2025-12-10,Card,Delhi,Delivered,15.0
O07892,C02244,2025-01-12,UPI,Hyderabad,Delivered,10.0
O07893,C00034,2025-01-22,UPI,Delhi,Delivered,0.0
O07894,C01621,2025-01-18,Card,Pune,Delivered,15.0
O07895,C01897,2025-03-03,UPI,Delhi,Returned,10.0
O07896,C02456,2025-07-08,COD,Hyderabad,Delivered,5.0
O07897,C01801,2025-03-20,Net Banking,Mumbai,Delivered,25.0
O07898,C04633,2025-06-16,Card,Mumbai,Delivered,20.0
O07899,C02084,2025-05-30,UPI,Delhi,Delivered,0.0
O07900,C01406,2025-08-11,Card,Indore,Delivered,15.0
O07901,C03689,2025-04-15,UPI,Ahmedabad,Delivered,0.0
O07902,C02653,2025-09-11,UPI,Jaipur,Delivered,0.0
O07903,C04539,2025-01-07,UPI,Mumbai,Delivered,5.0
O07904,C01187,2025-06-12,Card,Pune,Cancelled,0.0
O07905,C04134,2025-10-17,UPI,Bangalore,Delivered,10.0
O07906,C02140,2025-07-14,Card,Kolkata,Delivered,15.0
O07907,C02679,2025-11-15,UPI,Hyderabad,Delivered,0.0
O07908,C03795,2025-05-10,Card,Pune,Delivered,5.0
O07909,C02720,2025-04-19,UPI,Delhi,Delivered,0.0
O07910,C04603,2025-08-07,Net Banking,Indore,Delivered,10.0
O07911,C02227,2025-11-15,Card,Delhi,Delivered,10.0
O07912,C02332,2025-05-10,UPI,Chennai,Cancelled,0.0
O07913,C04024,2025-09-01,UPI,Delhi,Delivered,5.0
O07914,C04451,2025-11-03,UPI,Jaipur,Delivered,0.0
O07915,C03369,2025-10-24,Card,Mumbai,Delivered,10.0
O07916,C03958,2025-03-26,UPI,Kochi,Delivered,10.0
O07917,C00488,2025-09-12,Card,Indore,Delivered,10.0
O07918,C00279,2025-11-23,UPI,Pune,Delivered,15.0
O07919,C02592,2025-08-25,COD,Pune,Delivered,10.0
O07920,C00650,2025-01-01,Card,Delhi,Delivered,10.0
O07921,C02979,2025-09-22,COD,Ahmedabad,Delivered,10.0
O07922,C00355,2025-07-13,Net Banking,Indore,Delivered,5.0
O07923,C02243,2025-12-30,Net Banking,Lucknow,Delivered,25.0
O07924,C04900,2025-12-23,UPI,Indore,Delivered,5.0
O07925,C02481,2025-05-02,COD,Delhi,Delivered,20.0
O07926,C00558,2025-12-30,Card,Chennai,Delivered,15.0
O07927,C03487,2025-01-04,Card,Bangalore,Delivered,20.0
O07928,C00162,2025-05-29,COD,Kochi,Delivered,5.0
O07929,C00699,2025-03-02,UPI,Kolkata,Delivered,5.0
O07930,C01974,2025-10-09,Card,Mumbai,Delivered,20.0
O07931,C03545,2025-04-27,Card,Indore,Delivered,25.0
O07932,C03778,2025-06-21,UPI,Chennai,Delivered,15.0
O07933,C02206,2025-11-30,COD,Kolkata,Cancelled,10.0
O07934,C00492,2025-08-26,UPI,Kolkata,Delivered,15.0
O07935,C01993,2025-05-18,Card,Kolkata,Delivered,0.0
O07936,C01033,2025-08-06,Net Banking,Chennai,Delivered,20.0
O07937,C03284,2025-03-23,Card,Jaipur,Delivered,5.0
O07938,C03511,2025-08-07,COD,Jaipur,Delivered,0.0
O07939,C04920,2025-12-03,UPI,Kolkata,Delivered,15.0
O07940,C04775,2025-07-21,Card,Lucknow,Delivered,15.0
O07941,C00786,2025-03-16,Card,Jaipur,Delivered,10.0
O07942,C01834,2025-02-16,Card,Ahmedabad,Delivered,5.0
O07943,C00992,2025-12-10,UPI,Chennai,Delivered,0.0
O07944,C04207,2025-12-05,Card,Ahmedabad,Delivered,15.0
O07945,C01784,2025-08-24,UPI,Pune,Delivered,0.0
O07946,C01185,2025-05-31,UPI,Mumbai,Delivered,15.0
O07947,C02462,2025-05-03,Card,Kochi,Delivered,25.0
O07948,C01669,2025-09-03,Card,Ahmedabad,Delivered,30.0
O07949,C02314,2025-09-11,Net Banking,Jaipur,Delivered,5.0
O07950,C00572,2025-02-23,Card,Mumbai,Cancelled,0.0
O07951,C04301,2025-07-06,Card,Lucknow,Delivered,0.0
O07952,C03739,2025-10-08,UPI,Indore,Delivered,10.0
O07953,C00584,2025-03-08,UPI,Mumbai,Delivered,15.0
O07954,C02221,2025-05-21,Card,Kochi,Delivered,0.0
O07955,C00308,2025-01-21,UPI,Jaipur,Delivered,0.0
O07956,C04546,2025-01-22,Card,Bangalore,Delivered,10.0
O07957,C00062,2025-06-24,UPI,Delhi,Cancelled,0.0
O07958,C04571,2025-07-10,UPI,Delhi,Delivered,20.0
O07959,C03789,2025-10-12,COD,Hyderabad,Delivered,10.0
O07960,C02134,2025-11-01,COD,Lucknow,Delivered,5.0
O07961,C01960,2025-12-29,UPI,Pune,Delivered,0.0
O07962,C02033,2025-10-08,UPI,Delhi,Delivered,0.0
O07963,C03763,2025-11-28,Net Banking,Ahmedabad,Delivered,20.0
O07964,C02787,2025-11-01,COD,Mumbai,Delivered,15.0
O07965,C01543,2025-09-18,COD,Lucknow,Delivered,0.0
O07966,C01676,2025-06-06,UPI,Delhi,Delivered,25.0
O07967,C04622,2025-09-18,Card,Kochi,Delivered,5.0
O07968,C00034,2025-02-08,UPI,Mumbai,Delivered,10.0
O07969,C03962,2025-12-03,UPI,Mumbai,Cancelled,15.0
O07970,C02800,2025-01-30,UPI,Indore,Delivered,25.0
O07971,C01856,2025-09-15,UPI,Lucknow,Delivered,20.0
O07972,C03681,2025-09-28,Net Banking,Hyderabad,Returned,10.0
O07973,C02686,2025-02-20,Card,Delhi,Delivered,0.0
O07974,C01058,2025-10-06,Card,Delhi,Delivered,20.0
O07975,C04502,2025-08-22,COD,Jaipur,Returned,15.0
O07976,C02962,2025-01-26,UPI,Bangalore,Delivered,10.0
O07977,C04389,2025-01-11,UPI,Jaipur,Delivered,30.0
O07978,C02628,2025-01-24,UPI,Indore,Returned,10.0
O07979,C03821,2025-08-04,COD,Lucknow,Delivered,5.0
O07980,C03158,2025-11-23,Card,Mumbai,Delivered,5.0
O07981,C03644,2025-05-18,Card,Mumbai,Delivered,10.0
O07982,C03763,2025-08-13,COD,Chennai,Delivered,10.0
O07983,C02132,2025-12-19,UPI,Hyderabad,Cancelled,20.0
O07984,C00607,2025-04-20,UPI,Ahmedabad,Delivered,20.0
O07985,C02356,2025-11-24,Card,Bangalore,Delivered,5.0
O07986,C02300,2025-07-25,COD,Indore,Delivered,25.0
O07987,C03917,2025-03-12,UPI,Chennai,Delivered,25.0
O07988,C04276,2025-07-29,UPI,Indore,Cancelled,10.0
O07989,C01334,2025-07-04,Card,Kochi,Delivered,20.0
O07990,C04009,2025-03-31,UPI,Ahmedabad,Delivered,0.0
O07991,C02474,2025-09-04,COD,Lucknow,Delivered,10.0
O07992,C03558,2025-08-21,Card,Mumbai,Delivered,15.0
O07993,C03734,2025-02-02,Card,Kochi,Cancelled,
O07994,C02087,2025-05-27,COD,Jaipur,Delivered,0.0
O07995,C03351,2025-06-19,COD,Kochi,Delivered,0.0
O07996,C04912,2025-08-02,UPI,Kolkata,Delivered,20.0
O07997,C00376,2025-11-10,Card,Lucknow,Delivered,10.0
O07998,C01953,2025-08-16,UPI,Pune,Delivered,0.0
O07999,C03711,2025-05-26,COD,Bangalore,Delivered,20.0
O08000,C02089,2025-05-26,Card,Mumbai,Delivered,25.0
O08001,C01694,2025-01-22,Card,Bangalore,Delivered,5.0
O08002,C03556,2025-03-30,COD,Ahmedabad,Delivered,10.0
O08003,C04281,2025-06-29,Card,Bangalore,Delivered,5.0
O08004,C00072,2025-10-27,COD,Jaipur,Delivered,15.0
O08005,C01775,2025-09-22,UPI,Indore,Returned,25.0
O08006,C00574,2025-02-19,UPI,Pune,Delivered,0.0
O08007,C04665,2025-08-18,COD,Chennai,Delivered,10.0
O08008,C04067,2025-03-02,UPI,Bangalore,Delivered,15.0
O08009,C03708,2025-01-19,Card,Kolkata,Delivered,15.0
O08010,C00153,2025-11-04,COD,Delhi,Delivered,5.0
O08011,C00729,2025-11-07,Card,Pune,Delivered,5.0
O08012,C02280,2025-01-25,COD,Indore,Cancelled,10.0
O08013,C01553,2025-07-26,Card,Bangalore,Delivered,15.0
O08014,C03664,2025-11-21,COD,Kochi,Delivered,10.0
O08015,C03568,2025-03-16,Card,Kolkata,Delivered,5.0
O08016,C04272,2025-05-21,Card,Lucknow,Delivered,10.0
O08017,C04345,2025-11-24,Card,Chennai,Cancelled,25.0
O08018,C03107,2025-10-08,COD,Delhi,Delivered,0.0
O08019,C04897,2025-04-01,UPI,Chennai,Delivered,5.0
O08020,C01000,2025-03-16,Card,Kolkata,Returned,5.0
O08021,C01135,2025-03-05,UPI,Chennai,Delivered,10.0
O08022,C04743,2025-03-23,UPI,Jaipur,Delivered,10.0
O08023,C03146,2025-09-07,Net Banking,Indore,Cancelled,5.0
O08024,C02716,2025-05-18,UPI,Ahmedabad,Delivered,10.0
O08025,C00354,2025-04-07,Card,Ahmedabad,Delivered,20.0
O08026,C01303,2025-04-10,Card,Mumbai,Delivered,10.0
O08027,C04083,2025-09-30,COD,Delhi,Delivered,15.0
O08028,C03732,2025-08-29,COD,Lucknow,Delivered,25.0
O08029,C04622,2025-01-05,UPI,Kolkata,Delivered,10.0
O08030,C00510,2025-08-03,Card,Kochi,Cancelled,30.0
O08031,C01538,2025-03-08,UPI,Indore,Delivered,5.0
O08032,C00178,2025-12-23,Card,Bangalore,Delivered,5.0
O08033,C02377,2025-06-04,Card,Jaipur,Delivered,15.0
O08034,C00801,2025-01-29,UPI,Mumbai,Delivered,10.0
O08035,C03244,2025-11-01,COD,Indore,Delivered,5.0
O08036,C03667,2025-01-09,UPI,Mumbai,Delivered,5.0
O08037,C00938,2025-07-19,UPI,Ahmedabad,Delivered,20.0
O08038,C03028,2025-11-30,UPI,Kochi,Delivered,10.0
O08039,C02021,2025-08-18,UPI,Jaipur,Delivered,10.0
O08040,C02783,2025-11-12,Card,Bangalore,Delivered,10.0
O08041,C03541,2025-11-04,UPI,Mumbai,Delivered,5.0
O08042,C01975,2025-11-27,Net Banking,Kochi,Delivered,5.0
O08043,C01519,2025-09-24,Net Banking,Chennai,Delivered,0.0
O08044,C02670,2025-12-26,Card,Jaipur,Cancelled,5.0
O08045,C01259,2025-06-12,Card,Kochi,Delivered,20.0
O08046,C03111,2025-03-16,Net Banking,Chennai,Cancelled,10.0
O08047,C01243,2025-10-19,COD,Pune,Delivered,0.0
O08048,C02754,2025-07-02,UPI,Hyderabad,Delivered,15.0
O08049,C02676,2025-04-19,COD,Hyderabad,Delivered,15.0
O08050,C03673,2025-12-05,UPI,Mumbai,Delivered,15.0
O08051,C00420,2025-07-19,Card,Kochi,Delivered,10.0
O08052,C00653,2025-06-30,Card,Ahmedabad,Delivered,0.0
O08053,C02872,2025-01-28,Card,Hyderabad,Delivered,5.0
O08054,C03246,2025-02-22,UPI,Kolkata,Delivered,5.0
O08055,C04910,2025-09-05,UPI,Pune,Delivered,0.0
O08056,C00868,2025-11-06,COD,Jaipur,Delivered,0.0
O08057,C04209,2025-11-17,COD,Pune,Delivered,10.0
O08058,C02988,2025-11-05,Card,Hyderabad,Cancelled,20.0
O08059,C00174,2025-02-09,Card,Mumbai,Delivered,25.0
O08060,C04733,2025-08-10,Card,Delhi,Delivered,15.0
O08061,C01560,2025-10-24,Card,Pune,Delivered,5.0
O08062,C04128,2025-06-15,UPI,Lucknow,Delivered,25.0
O08063,C04593,2025-11-27,Card,Bangalore,Delivered,25.0
O08064,C02243,2025-01-29,Net Banking,Bangalore,Returned,10.0
O08065,C04624,2025-07-08,COD,Delhi,Delivered,10.0
O08066,C02489,2025-07-21,Card,Lucknow,Delivered,5.0
O08067,C01513,2025-10-23,UPI,Chennai,Delivered,20.0
O08068,C02772,2025-05-10,COD,Indore,Delivered,5.0
O08069,C01644,2025-02-17,Card,Delhi,Delivered,0.0
O08070,C00024,2025-09-14,Card,Jaipur,Delivered,10.0
O08071,C02338,2025-11-11,UPI,Pune,Delivered,0.0
O08072,C02944,2025-03-29,COD,Mumbai,Delivered,10.0
O08073,C04400,2025-09-15,UPI,Kochi,Delivered,10.0
O08074,C04727,2025-02-28,Card,Kochi,Delivered,15.0
O08075,C01717,2025-02-18,Card,Delhi,Delivered,15.0
O08076,C04134,2025-08-04,Card,Indore,Delivered,15.0
O08077,C00745,2025-03-17,Card,Delhi,Delivered,10.0
O08078,C04178,2025-02-03,Card,Jaipur,Delivered,0.0
O08079,C00050,2025-09-05,UPI,Pune,Delivered,20.0
O08080,C03050,2025-11-14,Card,Lucknow,Delivered,15.0
O08081,C02743,2025-10-17,UPI,Lucknow,Delivered,15.0
O08082,C03890,2025-01-23,UPI,Delhi,Delivered,25.0
O08083,C01623,2025-01-19,Card,Lucknow,Delivered,25.0
O08084,C03398,2025-11-12,Card,Bangalore,Delivered,25.0
O08085,C01788,2025-04-06,COD,Lucknow,Delivered,5.0
O08086,C03356,2025-09-08,Card,Kolkata,Returned,20.0
O08087,C01014,2025-08-29,UPI,Chennai,Delivered,25.0
O08088,C00154,2025-12-12,UPI,Jaipur,Delivered,15.0
O08089,C02902,2025-11-01,UPI,Kolkata,Delivered,15.0
O08090,C02315,2025-02-14,UPI,Kochi,Returned,20.0
O08091,C03457,2025-03-17,Card,Mumbai,Delivered,5.0
O08092,C02303,2025-04-17,UPI,Bangalore,Delivered,5.0
O08093,C04267,2025-03-01,Card,Chennai,Delivered,10.0
O08094,C04014,2025-05-12,COD,Delhi,Delivered,25.0
O08095,C00617,2025-06-06,COD,Jaipur,Delivered,
O08096,C03050,2025-02-24,COD,Delhi,Delivered,10.0
O08097,C04644,2025-07-05,COD,Delhi,Delivered,15.0
O08098,C01926,2025-06-24,UPI,Mumbai,Delivered,15.0
O08099,C02458,2025-01-31,COD,Delhi,Delivered,15.0
O08100,C01612,2025-06-04,UPI,Jaipur,Delivered,5.0
O08101,C04242,2025-09-02,UPI,Pune,Delivered,5.0
O08102,C03110,2025-01-30,UPI,Mumbai,Delivered,20.0
O08103,C02538,2025-02-18,UPI,Delhi,Delivered,20.0
O08104,C04358,2025-06-19,Card,Ahmedabad,Delivered,5.0
O08105,C01628,2025-03-16,UPI,Kochi,Delivered,10.0
O08106,C04441,2025-07-25,Net Banking,Ahmedabad,Delivered,10.0
O08107,C01999,2025-11-20,COD,Kochi,Delivered,10.0
O08108,C02927,2025-12-22,Net Banking,Bangalore,Delivered,20.0
O08109,C01132,2025-12-25,COD,Bangalore,Delivered,10.0
O08110,C01993,2025-06-10,Net Banking,Ahmedabad,Delivered,10.0
O08111,C00514,2025-05-29,UPI,Indore,Delivered,5.0
O08112,C00713,2025-03-29,Card,Ahmedabad,Delivered,0.0
O08113,C03162,2025-06-17,UPI,Lucknow,Delivered,20.0
O08114,C00215,2025-07-08,Card,Mumbai,Delivered,15.0
O08115,C00604,2025-04-24,COD,Indore,Delivered,0.0
O08116,C03770,2025-01-13,Card,Ahmedabad,Delivered,5.0
O08117,C04868,2025-06-15,UPI,Bangalore,Delivered,10.0
O08118,C00670,2025-06-06,Card,Chennai,Delivered,5.0
O08119,C01081,2025-06-30,UPI,Kochi,Delivered,0.0
O08120,C04655,2025-11-16,COD,Chennai,Delivered,10.0
O08121,C01426,2025-10-19,Card,Ahmedabad,Delivered,5.0
O08122,C02270,2025-04-14,COD,Ahmedabad,Delivered,20.0
O08123,C00475,2025-04-21,Net Banking,Kochi,Delivered,25.0
O08124,C01132,2025-09-18,UPI,Indore,Cancelled,10.0
O08125,C00863,2025-05-28,Net Banking,Kolkata,Delivered,15.0
O08126,C00812,2025-05-19,Net Banking,Mumbai,Delivered,30.0
O08127,C04273,2025-11-24,Card,Hyderabad,Delivered,5.0
O08128,C00487,2025-06-18,COD,Lucknow,Delivered,20.0
O08129,C00692,2025-06-07,UPI,Kolkata,Delivered,10.0
O08130,C03109,2025-02-25,Net Banking,Mumbai,Delivered,5.0
O08131,C02623,2025-03-14,Card,Jaipur,Delivered,5.0
O08132,C00268,2025-09-05,COD,Jaipur,Delivered,15.0
O08133,C00785,2025-06-29,UPI,Pune,Returned,25.0
O08134,C03874,2025-04-01,COD,Mumbai,Delivered,0.0
O08135,C02972,2025-07-13,Card,Delhi,Delivered,10.0
O08136,C02402,2025-07-14,UPI,Jaipur,Delivered,5.0
O08137,C04910,2025-10-12,Net Banking,Ahmedabad,Delivered,5.0
O08138,C03342,2025-09-05,Card,Lucknow,Delivered,5.0
O08139,C03072,2025-08-17,COD,Kochi,Delivered,20.0
O08140,C02317,2025-10-10,Card,Mumbai,Delivered,5.0
O08141,C01202,2025-11-20,COD,Chennai,Delivered,10.0
O08142,C00277,2025-06-12,COD,Mumbai,Delivered,5.0
O08143,C00307,2025-04-01,UPI,Lucknow,Cancelled,10.0
O08144,C00631,2025-07-30,COD,Indore,Delivered,10.0
O08145,C02586,2025-09-23,UPI,Bangalore,Delivered,5.0
O08146,C01138,2025-05-07,COD,Jaipur,Returned,5.0
O08147,C02182,2025-10-09,UPI,Pune,Delivered,5.0
O08148,C01714,2025-03-12,Card,Kolkata,Delivered,0.0
O08149,C01049,2025-04-01,COD,Delhi,Delivered,0.0
O08150,C01584,2025-04-04,Card,Delhi,Delivered,30.0
O08151,C03352,2025-03-17,Card,Pune,Delivered,25.0
O08152,C04909,2025-04-14,COD,Kochi,Delivered,10.0
O08153,C01835,2025-07-16,UPI,Indore,Delivered,5.0
O08154,C00952,2025-07-03,Card,Jaipur,Delivered,5.0
O08155,C02033,2025-03-18,UPI,Indore,Delivered,10.0
O08156,C01225,2025-10-24,Card,Pune,Delivered,5.0
O08157,C00033,2025-11-18,UPI,Mumbai,Delivered,15.0
O08158,C00097,2025-02-03,Card,Hyderabad,Delivered,10.0
O08159,C04359,2025-05-02,UPI,Ahmedabad,Delivered,25.0
O08160,C03142,2025-11-02,COD,Pune,Delivered,5.0
O08161,C02778,2025-12-12,UPI,Indore,Cancelled,0.0
O08162,C03279,2025-07-22,UPI,Mumbai,Delivered,10.0
O08163,C00172,2025-10-25,Card,Pune,Delivered,30.0
O08164,C04854,2025-05-09,UPI,Indore,Delivered,20.0
O08165,C00901,2025-10-17,UPI,Jaipur,Delivered,0.0
O08166,C04367,2025-08-01,COD,Lucknow,Delivered,10.0
O08167,C00742,2025-05-18,Card,Indore,Delivered,10.0
O08168,C02615,2025-09-18,UPI,Delhi,Delivered,15.0
O08169,C01923,2025-12-12,UPI,Lucknow,Delivered,5.0
O08170,C02698,2025-06-21,Card,Delhi,Cancelled,5.0
O08171,C00391,2025-05-27,COD,Chennai,Cancelled,5.0
O08172,C00959,2025-05-29,UPI,Jaipur,Delivered,5.0
O08173,C04671,2025-01-29,UPI,Lucknow,Delivered,0.0
O08174,C00344,2025-04-12,UPI,Bangalore,Delivered,10.0
O08175,C03482,2025-10-23,Net Banking,Pune,Delivered,10.0
O08176,C01570,2025-09-11,Card,Pune,Delivered,20.0
O08177,C00456,2025-10-01,UPI,Kolkata,Cancelled,15.0
O08178,C00444,2025-02-18,Card,Hyderabad,Delivered,10.0
O08179,C04293,2025-07-08,COD,Bangalore,Delivered,5.0
O08180,C02916,2025-03-06,UPI,Kochi,Delivered,15.0
O08181,C02411,2025-06-13,Card,Lucknow,Delivered,20.0
O08182,C03482,2025-08-12,COD,Kolkata,Delivered,10.0
O08183,C01418,2025-11-22,UPI,Lucknow,Delivered,10.0
O08184,C00671,2025-01-07,Net Banking,Delhi,Delivered,15.0
O08185,C02285,2025-03-02,Card,Indore,Delivered,10.0
O08186,C04557,2025-07-11,Card,Indore,Delivered,15.0
O08187,C00100,2025-12-26,Net Banking,Chennai,Cancelled,5.0
O08188,C02788,2025-03-29,UPI,Ahmedabad,Delivered,10.0
O08189,C00408,2025-06-07,COD,Chennai,Delivered,0.0
O08190,C00978,2025-09-30,COD,Bangalore,Cancelled,5.0
O08191,C02799,2025-11-28,Card,Mumbai,Delivered,25.0
O08192,C00143,2025-10-09,UPI,Mumbai,Delivered,10.0
O08193,C03077,2025-05-25,Card,Jaipur,Delivered,
O08194,C00720,2025-06-12,UPI,Kochi,Delivered,10.0
O08195,C01460,2025-06-23,Card,Pune,Delivered,0.0
O08196,C00418,2025-04-18,COD,Kolkata,Delivered,10.0
O08197,C01105,2025-10-28,Card,Jaipur,Delivered,0.0
O08198,C00545,2025-11-27,Card,Jaipur,Delivered,20.0
O08199,C03289,2025-05-24,UPI,Pune,Delivered,10.0
O08200,C00773,2025-02-27,UPI,Lucknow,Delivered,5.0
O08201,C01694,2025-10-25,COD,Jaipur,Delivered,10.0
O08202,C01069,2025-12-16,UPI,Jaipur,Cancelled,
O08203,C03704,2025-07-07,UPI,Pune,Delivered,10.0
O08204,C04224,2025-01-20,Net Banking,Chennai,Delivered,15.0
O08205,C01574,2025-07-31,Card,Jaipur,Delivered,10.0
O08206,C04973,2025-01-24,Card,Delhi,Delivered,20.0
O08207,C03794,2025-04-01,UPI,Kolkata,Cancelled,5.0
O08208,C02654,2025-08-04,UPI,Hyderabad,Delivered,5.0
O08209,C00541,2025-02-21,Card,Pune,Delivered,15.0
O08210,C02212,2025-05-18,Card,Kochi,Delivered,15.0
O08211,C02697,2025-06-02,Net Banking,Ahmedabad,Delivered,25.0
O08212,C01559,2025-08-08,Card,Kolkata,Delivered,10.0
O08213,C00131,2025-12-28,UPI,Jaipur,Delivered,10.0
O08214,C02744,2025-06-22,UPI,Delhi,Delivered,10.0
O08215,C04600,2025-01-01,UPI,Delhi,Delivered,5.0
O08216,C03821,2025-01-25,UPI,Indore,Delivered,5.0
O08217,C02232,2025-07-23,Card,Chennai,Delivered,5.0
O08218,C00826,2025-12-25,UPI,Mumbai,Delivered,10.0
O08219,C02719,2025-07-20,UPI,Bangalore,Delivered,20.0
O08220,C01023,2025-07-10,Net Banking,Jaipur,Delivered,10.0
O08221,C02602,2025-12-27,Card,Ahmedabad,Delivered,10.0
O08222,C04227,2025-10-31,UPI,Indore,Delivered,0.0
O08223,C00697,2025-08-20,UPI,Delhi,Returned,5.0
O08224,C01038,2025-08-08,COD,Lucknow,Delivered,20.0
O08225,C00814,2025-03-07,COD,Chennai,Cancelled,5.0
O08226,C03838,2025-01-24,Card,Ahmedabad,Delivered,20.0
O08227,C00659,2025-03-23,Card,Mumbai,Delivered,5.0
O08228,C02428,2025-04-01,COD,Pune,Delivered,10.0
O08229,C01084,2025-06-21,Net Banking,Jaipur,Delivered,25.0
O08230,C02975,2025-02-04,UPI,Kolkata,Returned,10.0
O08231,C01184,2025-02-03,COD,Mumbai,Delivered,5.0
O08232,C02625,2025-09-19,COD,Jaipur,Delivered,5.0
O08233,C02733,2025-06-26,UPI,Kochi,Delivered,0.0
O08234,C01998,2025-05-24,UPI,Bangalore,Delivered,0.0
O08235,C02012,2025-08-03,Card,Hyderabad,Delivered,15.0
O08236,C01249,2025-05-21,UPI,Ahmedabad,Delivered,15.0
O08237,C03737,2025-09-25,UPI,Mumbai,Delivered,20.0
O08238,C02414,2025-05-19,Net Banking,Kochi,Delivered,0.0
O08239,C04344,2025-02-16,Card,Indore,Delivered,25.0
O08240,C00012,2025-03-01,Card,Pune,Returned,10.0
O08241,C02011,2025-02-18,UPI,Pune,Cancelled,0.0
O08242,C03608,2025-02-21,Card,Delhi,Delivered,
O08243,C00737,2025-03-02,COD,Kochi,Delivered,10.0
O08244,C00510,2025-08-02,UPI,Kolkata,Delivered,5.0
O08245,C01269,2025-04-05,UPI,Ahmedabad,Delivered,5.0
O08246,C04267,2025-04-30,UPI,Hyderabad,Delivered,0.0
O08247,C04817,2025-08-07,UPI,Lucknow,Delivered,10.0
O08248,C03043,2025-02-09,COD,Mumbai,Returned,0.0
O08249,C04911,2025-12-12,UPI,Hyderabad,Delivered,0.0
O08250,C01059,2025-11-23,UPI,Pune,Delivered,0.0
O08251,C04301,2025-11-13,Card,Ahmedabad,Delivered,0.0
O08252,C00890,2025-08-20,Card,Ahmedabad,Delivered,0.0
O08253,C02953,2025-07-30,UPI,Ahmedabad,Returned,10.0
O08254,C03338,2025-02-07,Card,Ahmedabad,Delivered,5.0
O08255,C03682,2025-11-13,UPI,Hyderabad,Cancelled,0.0
O08256,C02745,2025-07-30,UPI,Bangalore,Delivered,0.0
O08257,C04846,2025-03-24,UPI,Kolkata,Delivered,0.0
O08258,C01509,2025-12-22,UPI,Mumbai,Delivered,15.0
O08259,C03338,2025-04-28,UPI,Kochi,Delivered,10.0
O08260,C03034,2025-10-30,Card,Pune,Delivered,10.0
O08261,C01768,2025-01-27,UPI,Bangalore,Delivered,20.0
O08262,C01133,2025-07-28,UPI,Chennai,Delivered,0.0
O08263,C01202,2025-05-05,Card,Kochi,Cancelled,0.0
O08264,C00249,2025-10-03,Card,Ahmedabad,Cancelled,10.0
O08265,C01896,2025-10-25,UPI,Kolkata,Delivered,5.0
O08266,C00230,2025-10-24,UPI,Pune,Delivered,10.0
O08267,C02676,2025-03-13,COD,Chennai,Delivered,20.0
O08268,C01285,2025-02-27,UPI,Bangalore,Delivered,10.0
O08269,C02876,2025-10-23,Card,Lucknow,Cancelled,0.0
O08270,C00321,2025-04-29,UPI,Lucknow,Delivered,15.0
O08271,C00028,2025-03-03,COD,Mumbai,Delivered,5.0
O08272,C02899,2025-03-28,COD,Chennai,Delivered,15.0
O08273,C00510,2025-11-22,Card,Pune,Delivered,0.0
O08274,C00641,2025-04-09,UPI,Pune,Delivered,5.0
O08275,C04637,2025-05-04,Card,Jaipur,Delivered,0.0
O08276,C03251,2025-01-07,Card,Delhi,Delivered,5.0
O08277,C03748,2025-05-14,UPI,Kolkata,Delivered,10.0
O08278,C02720,2025-10-10,COD,Delhi,Delivered,5.0
O08279,C03904,2025-01-02,Net Banking,Indore,Delivered,0.0
O08280,C01312,2025-11-13,UPI,Ahmedabad,Delivered,0.0
O08281,C03337,2025-06-09,COD,Indore,Delivered,10.0
O08282,C01491,2025-06-06,Card,Jaipur,Delivered,0.0
O08283,C01419,2025-08-14,Card,Ahmedabad,Delivered,15.0
O08284,C01459,2025-11-17,UPI,Mumbai,Delivered,5.0
O08285,C03460,2025-05-23,UPI,Kochi,Delivered,5.0
O08286,C04905,2025-09-23,COD,Bangalore,Delivered,10.0
O08287,C02568,2025-09-23,COD,Chennai,Delivered,10.0
O08288,C01338,2025-02-06,Card,Mumbai,Delivered,30.0
O08289,C03693,2025-10-15,COD,Delhi,Delivered,0.0
O08290,C04610,2025-10-19,Card,Jaipur,Delivered,20.0
O08291,C03082,2025-11-16,UPI,Delhi,Delivered,10.0
O08292,C00347,2025-03-14,UPI,Bangalore,Delivered,20.0
O08293,C00117,2025-01-16,COD,Jaipur,Delivered,15.0
O08294,C02459,2025-12-27,COD,Mumbai,Delivered,15.0
O08295,C01421,2025-03-24,Net Banking,Kochi,Delivered,15.0
O08296,C01855,2025-06-23,UPI,Hyderabad,Delivered,0.0
O08297,C03083,2025-03-17,Card,Lucknow,Delivered,20.0
O08298,C01632,2025-10-18,Card,Indore,Delivered,15.0
O08299,C02000,2025-02-20,Card,Lucknow,Delivered,25.0
O08300,C02146,2025-12-29,Card,Pune,Delivered,0.0
O08301,C04378,2025-07-05,UPI,Jaipur,Delivered,25.0
O08302,C00807,2025-01-05,UPI,Indore,Delivered,20.0
O08303,C01692,2025-09-19,UPI,Indore,Delivered,5.0
O08304,C02705,2025-06-28,UPI,Ahmedabad,Delivered,0.0
O08305,C03436,2025-05-22,UPI,Hyderabad,Delivered,10.0
O08306,C00211,2025-09-25,COD,Kolkata,Delivered,15.0
O08307,C01691,2025-04-24,UPI,Kolkata,Delivered,15.0
O08308,C01778,2025-06-29,Card,Kolkata,Delivered,20.0
O08309,C03148,2025-03-09,Net Banking,Lucknow,Delivered,10.0
O08310,C02500,2025-04-17,Card,Kochi,Returned,5.0
O08311,C00687,2025-02-28,UPI,Mumbai,Delivered,20.0
O08312,C02671,2025-10-01,UPI,Pune,Delivered,10.0
O08313,C00930,2025-01-31,Card,Bangalore,Delivered,10.0
O08314,C04114,2025-02-04,UPI,Chennai,Delivered,10.0
O08315,C01315,2025-09-17,Net Banking,Lucknow,Delivered,20.0
O08316,C02834,2025-01-09,Card,Kolkata,Delivered,25.0
O08317,C01774,2025-04-19,Card,Mumbai,Delivered,0.0
O08318,C02246,2025-05-23,Card,Jaipur,Delivered,0.0
O08319,C01186,2025-02-11,Net Banking,Indore,Cancelled,5.0
O08320,C02465,2025-07-06,Card,Bangalore,Delivered,20.0
O08321,C00384,2025-03-26,Card,Kolkata,Delivered,10.0
O08322,C04991,2025-12-18,COD,Hyderabad,Delivered,0.0
O08323,C03924,2025-07-20,COD,Kolkata,Returned,10.0
O08324,C01522,2025-10-15,UPI,Kochi,Delivered,10.0
O08325,C00980,2025-12-02,UPI,Kochi,Delivered,0.0
O08326,C04178,2025-10-28,UPI,Kolkata,Delivered,0.0
O08327,C03611,2025-09-18,UPI,Mumbai,Delivered,0.0
O08328,C03271,2025-06-08,COD,Lucknow,Delivered,10.0
O08329,C01954,2025-06-02,UPI,Indore,Cancelled,10.0
O08330,C01485,2025-07-03,UPI,Kochi,Delivered,10.0
O08331,C00884,2025-09-14,UPI,Jaipur,Delivered,10.0
O08332,C02528,2025-11-13,Net Banking,Jaipur,Delivered,10.0
O08333,C04824,2025-03-08,COD,Bangalore,Delivered,15.0
O08334,C00124,2025-08-01,Card,Bangalore,Delivered,25.0
O08335,C00526,2025-08-08,COD,Ahmedabad,Delivered,10.0
O08336,C02087,2025-11-19,COD,Jaipur,Cancelled,5.0
O08337,C02156,2025-12-18,Card,Lucknow,Delivered,25.0
O08338,C01377,2025-08-12,UPI,Delhi,Returned,0.0
O08339,C04407,2025-04-04,COD,Delhi,Delivered,5.0
O08340,C03462,2025-02-28,Card,Mumbai,Delivered,20.0
O08341,C04136,2025-06-27,COD,Jaipur,Delivered,25.0
O08342,C04877,2025-10-17,Card,Mumbai,Delivered,10.0
O08343,C00581,2025-04-22,Net Banking,Pune,Delivered,0.0
O08344,C01994,2025-11-20,Card,Mumbai,Returned,10.0
O08345,C04526,2025-07-01,Card,Kochi,Delivered,25.0
O08346,C03936,2025-08-12,COD,Kochi,Delivered,20.0
O08347,C00457,2025-06-09,UPI,Hyderabad,Returned,20.0
O08348,C02801,2025-12-29,UPI,Delhi,Delivered,5.0
O08349,C01452,2025-12-03,Card,Bangalore,Delivered,20.0
O08350,C00204,2025-09-21,Card,Hyderabad,Delivered,15.0
O08351,C02827,2025-06-12,UPI,Mumbai,Delivered,20.0
O08352,C04214,2025-10-07,Card,Pune,Delivered,10.0
O08353,C01853,2025-01-03,COD,Indore,Returned,5.0
O08354,C03466,2025-03-22,Card,Jaipur,Cancelled,10.0
O08355,C04046,2025-10-19,Card,Bangalore,Delivered,5.0
O08356,C04993,2025-06-28,UPI,Kolkata,Returned,0.0
O08357,C02444,2025-12-26,COD,Chennai,Delivered,15.0
O08358,C02053,2025-12-03,COD,Jaipur,Delivered,20.0
O08359,C04604,2025-11-11,Card,Delhi,Delivered,15.0
O08360,C02193,2025-04-04,Card,Hyderabad,Delivered,5.0
O08361,C02710,2025-08-05,UPI,Chennai,Delivered,0.0
O08362,C01183,2025-01-22,UPI,Chennai,Delivered,0.0
O08363,C02829,2025-05-06,UPI,Mumbai,Delivered,10.0
O08364,C00959,2025-09-25,UPI,Kochi,Delivered,5.0
O08365,C04075,2025-05-23,Card,Chennai,Cancelled,20.0
O08366,C02059,2025-09-25,Card,Delhi,Delivered,10.0
O08367,C00069,2025-12-08,UPI,Mumbai,Delivered,10.0
O08368,C01638,2025-04-13,Card,Lucknow,Delivered,20.0
O08369,C00202,2025-02-25,UPI,Hyderabad,Delivered,0.0
O08370,C00266,2025-08-15,COD,Bangalore,Delivered,20.0
O08371,C03126,2025-04-16,UPI,Hyderabad,Delivered,15.0
O08372,C00239,2025-05-24,Card,Ahmedabad,Cancelled,15.0
O08373,C00291,2025-02-02,Card,Delhi,Delivered,0.0
O08374,C03395,2025-04-27,UPI,Kochi,Delivered,0.0
O08375,C01809,2025-06-20,Card,Pune,Returned,0.0
O08376,C02090,2025-11-01,COD,Indore,Delivered,5.0
O08377,C00955,2025-11-30,Card,Delhi,Delivered,10.0
O08378,C04729,2025-01-18,UPI,Hyderabad,Delivered,0.0
O08379,C01931,2025-08-24,UPI,Pune,Delivered,5.0
O08380,C04081,2025-06-17,Card,Lucknow,Delivered,5.0
O08381,C00284,2025-12-29,COD,Delhi,Delivered,15.0
O08382,C00807,2025-12-12,Card,Lucknow,Delivered,5.0
O08383,C01907,2025-12-01,UPI,Chennai,Delivered,5.0
O08384,C02677,2025-12-22,Card,Delhi,Delivered,0.0
O08385,C03572,2025-06-04,UPI,Kolkata,Delivered,0.0
O08386,C04672,2025-08-28,COD,Chennai,Delivered,10.0
O08387,C03760,2025-04-28,Net Banking,Indore,Delivered,10.0
O08388,C04070,2025-03-22,Card,Pune,Delivered,15.0
O08389,C01619,2025-11-06,COD,Kolkata,Delivered,10.0
O08390,C04907,2025-12-10,UPI,Kolkata,Delivered,5.0
O08391,C00809,2025-06-17,UPI,Mumbai,Delivered,5.0
O08392,C03787,2025-06-22,UPI,Chennai,Delivered,15.0
O08393,C00942,2025-12-21,COD,Delhi,Delivered,10.0
O08394,C00040,2025-11-20,Card,Kolkata,Delivered,0.0
O08395,C01339,2025-08-06,UPI,Lucknow,Returned,0.0
O08396,C04653,2025-08-16,UPI,Indore,Delivered,5.0
O08397,C01322,2025-07-10,COD,Ahmedabad,Delivered,15.0
O08398,C01655,2025-08-14,UPI,Kolkata,Delivered,
O08399,C03069,2025-06-17,UPI,Hyderabad,Delivered,0.0
O08400,C04739,2025-10-24,UPI,Delhi,Delivered,10.0
O08401,C00395,2025-07-08,UPI,Bangalore,Delivered,0.0
O08402,C00792,2025-07-12,UPI,Kolkata,Returned,10.0
O08403,C03634,2025-01-01,Card,Hyderabad,Delivered,0.0
O08404,C01945,2025-01-09,Card,Jaipur,Delivered,15.0
O08405,C00744,2025-03-16,Card,Chennai,Delivered,10.0
O08406,C04373,2025-12-02,COD,Indore,Delivered,5.0
O08407,C00194,2025-12-15,COD,Pune,Delivered,30.0
O08408,C04275,2025-05-23,UPI,Indore,Delivered,10.0
O08409,C03898,2025-11-11,UPI,Lucknow,Delivered,5.0
O08410,C00218,2025-07-13,UPI,Lucknow,Delivered,5.0
O08411,C03583,2025-01-10,Card,Bangalore,Delivered,20.0
O08412,C04653,2025-05-19,UPI,Ahmedabad,Delivered,5.0
O08413,C03491,2025-01-30,Card,Kolkata,Delivered,5.0
O08414,C02816,2025-10-06,Card,Ahmedabad,Cancelled,10.0
O08415,C03904,2025-10-05,COD,Jaipur,Delivered,5.0
O08416,C03924,2025-02-11,UPI,Delhi,Delivered,5.0
O08417,C01786,2025-08-16,Card,Kolkata,Delivered,10.0
O08418,C04173,2025-10-12,COD,Hyderabad,Delivered,20.0
O08419,C04695,2025-07-20,UPI,Delhi,Returned,20.0
O08420,C03834,2025-11-17,UPI,Jaipur,Delivered,15.0
O08421,C01183,2025-07-29,UPI,Delhi,Delivered,10.0
O08422,C00524,2025-06-27,Card,Pune,Delivered,0.0
O08423,C03297,2025-03-27,COD,Pune,Delivered,10.0
O08424,C04480,2025-02-17,UPI,Lucknow,Delivered,25.0
O08425,C00369,2025-10-20,Card,Chennai,Delivered,20.0
O08426,C04384,2025-07-25,COD,Hyderabad,Delivered,0.0
O08427,C00399,2025-12-08,Card,Bangalore,Returned,25.0
O08428,C02152,2025-12-13,UPI,Indore,Delivered,5.0
O08429,C03881,2025-11-22,Net Banking,Delhi,Delivered,0.0
O08430,C00127,2025-11-07,UPI,Delhi,Delivered,5.0
O08431,C02088,2025-11-02,UPI,Mumbai,Delivered,0.0
O08432,C03144,2025-11-06,COD,Bangalore,Cancelled,5.0
O08433,C01771,2025-07-10,UPI,Jaipur,Delivered,5.0
O08434,C04054,2025-12-27,COD,Kolkata,Delivered,10.0
O08435,C00247,2025-01-16,UPI,Ahmedabad,Delivered,10.0
O08436,C03319,2025-05-08,COD,Pune,Delivered,10.0
O08437,C02082,2025-10-30,Card,Indore,Delivered,5.0
O08438,C02058,2025-07-04,Card,Hyderabad,Delivered,25.0
O08439,C02990,2025-05-10,Card,Bangalore,Delivered,5.0
O08440,C03598,2025-06-14,UPI,Delhi,Delivered,10.0
O08441,C00340,2025-04-03,UPI,Chennai,Delivered,10.0
O08442,C02729,2025-10-06,Card,Bangalore,Delivered,0.0
O08443,C01592,2025-08-01,COD,Bangalore,Delivered,10.0
O08444,C03162,2025-05-21,COD,Indore,Delivered,5.0
O08445,C01309,2025-04-25,COD,Kochi,Delivered,0.0
O08446,C04630,2025-11-17,COD,Jaipur,Delivered,15.0
O08447,C03339,2025-10-31,COD,Bangalore,Cancelled,15.0
O08448,C04905,2025-01-07,COD,Kolkata,Delivered,5.0
O08449,C02699,2025-02-25,UPI,Ahmedabad,Delivered,5.0
O08450,C03124,2025-07-11,COD,Jaipur,Cancelled,20.0
O08451,C02298,2025-01-22,COD,Hyderabad,Delivered,5.0
O08452,C02054,2025-11-15,UPI,Indore,Delivered,20.0
O08453,C04945,2025-03-21,COD,Ahmedabad,Delivered,0.0
O08454,C01510,2025-10-11,UPI,Hyderabad,Delivered,20.0
O08455,C03808,2025-04-13,Card,Ahmedabad,Delivered,10.0
O08456,C00013,2025-08-05,UPI,Pune,Delivered,15.0
O08457,C04035,2025-05-22,Card,Jaipur,Delivered,0.0
O08458,C01581,2025-03-26,Card,Lucknow,Delivered,10.0
O08459,C03434,2025-03-18,Card,Jaipur,Delivered,10.0
O08460,C04634,2025-09-15,COD,Mumbai,Delivered,10.0
O08461,C02052,2025-11-03,COD,Chennai,Delivered,10.0
O08462,C03877,2025-08-16,COD,Indore,Delivered,5.0
O08463,C04818,2025-03-19,UPI,Mumbai,Delivered,10.0
O08464,C01824,2025-06-11,Card,Hyderabad,Delivered,5.0
O08465,C03431,2025-03-23,COD,Kolkata,Delivered,15.0
O08466,C02741,2025-08-04,Card,Ahmedabad,Delivered,20.0
O08467,C01789,2025-02-20,Card,Kochi,Delivered,0.0
O08468,C01953,2025-06-13,UPI,Kolkata,Delivered,5.0
O08469,C02705,2025-09-08,UPI,Hyderabad,Cancelled,5.0
O08470,C00952,2025-08-01,Net Banking,Indore,Delivered,25.0
O08471,C04724,2025-07-30,COD,Bangalore,Delivered,10.0
O08472,C03421,2025-06-12,UPI,Kolkata,Cancelled,0.0
O08473,C03028,2025-11-15,Card,Kolkata,Delivered,5.0
O08474,C03102,2025-12-26,Card,Hyderabad,Delivered,10.0
O08475,C03961,2025-03-26,Card,Ahmedabad,Delivered,10.0
O08476,C03589,2025-01-03,Card,Kolkata,Delivered,5.0
O08477,C03846,2025-01-05,Card,Kolkata,Cancelled,10.0
O08478,C01148,2025-08-23,Net Banking,Delhi,Delivered,15.0
O08479,C03518,2025-10-02,COD,Lucknow,Delivered,15.0
O08480,C03059,2025-10-17,COD,Lucknow,Delivered,0.0
O08481,C01418,2025-01-20,Card,Ahmedabad,Delivered,20.0
O08482,C03910,2025-11-25,UPI,Hyderabad,Returned,5.0
O08483,C04746,2025-07-14,Card,Kolkata,Delivered,10.0
O08484,C03690,2025-05-29,Card,Chennai,Delivered,15.0
O08485,C02773,2025-04-26,COD,Mumbai,Delivered,10.0
O08486,C04908,2025-01-04,Net Banking,Jaipur,Delivered,10.0
O08487,C02829,2025-01-22,Card,Ahmedabad,Delivered,10.0
O08488,C02170,2025-11-23,UPI,Mumbai,Delivered,5.0
O08489,C02250,2025-07-09,UPI,Ahmedabad,Delivered,10.0
O08490,C03859,2025-01-12,Card,Hyderabad,Delivered,5.0
O08491,C01626,2025-07-08,UPI,Bangalore,Delivered,10.0
O08492,C02750,2025-11-13,COD,Kochi,Delivered,5.0
O08493,C02606,2025-01-27,Card,Kolkata,Delivered,0.0
O08494,C01848,2025-12-06,Net Banking,Chennai,Delivered,15.0
O08495,C00579,2025-05-22,UPI,Mumbai,Delivered,0.0
O08496,C01137,2025-01-07,UPI,Kochi,Delivered,20.0
O08497,C03411,2025-01-10,Card,Indore,Delivered,5.0
O08498,C03134,2025-06-28,COD,Chennai,Delivered,5.0
O08499,C02275,2025-01-03,UPI,Bangalore,Delivered,10.0
O08500,C02222,2025-04-13,COD,Mumbai,Delivered,0.0
O08501,C01158,2025-10-27,Card,Bangalore,Delivered,20.0
O08502,C03859,2025-02-23,COD,Lucknow,Delivered,0.0
O08503,C01650,2025-06-11,UPI,Mumbai,Delivered,10.0
O08504,C04665,2025-08-18,Card,Lucknow,Delivered,0.0
O08505,C04373,2025-12-11,UPI,Lucknow,Delivered,0.0
O08506,C01587,2025-07-30,UPI,Mumbai,Returned,15.0
O08507,C01959,2025-10-08,Card,Pune,Delivered,10.0
O08508,C02324,2025-03-11,UPI,Pune,Delivered,0.0
O08509,C00234,2025-10-28,COD,Pune,Delivered,20.0
O08510,C01266,2025-03-09,COD,Mumbai,Delivered,5.0
O08511,C00032,2025-10-09,UPI,Delhi,Delivered,10.0
O08512,C03439,2025-10-09,Net Banking,Mumbai,Delivered,10.0
O08513,C01372,2025-06-03,Net Banking,Chennai,Delivered,5.0
O08514,C00760,2025-08-12,COD,Delhi,Returned,10.0
O08515,C03204,2025-12-14,Card,Kochi,Delivered,5.0
O08516,C01795,2025-07-08,Card,Hyderabad,Cancelled,20.0
O08517,C04889,2025-02-10,UPI,Hyderabad,Delivered,20.0
O08518,C00762,2025-06-22,UPI,Lucknow,Delivered,10.0
O08519,C04361,2025-08-26,Card,Chennai,Delivered,10.0
O08520,C04081,2025-09-27,Card,Mumbai,Delivered,30.0
O08521,C00282,2025-06-14,Card,Ahmedabad,Delivered,15.0
O08522,C04072,2025-05-10,Card,Hyderabad,Delivered,0.0
O08523,C03904,2025-01-05,UPI,Mumbai,Delivered,0.0
O08524,C04626,2025-12-24,Card,Indore,Delivered,10.0
O08525,C04056,2025-05-10,UPI,Bangalore,Delivered,5.0
O08526,C00816,2025-06-25,Card,Hyderabad,Delivered,15.0
O08527,C04560,2025-01-22,UPI,Mumbai,Cancelled,10.0
O08528,C01471,2025-02-10,UPI,Kolkata,Delivered,30.0
O08529,C03288,2025-06-02,COD,Indore,Delivered,0.0
O08530,C04260,2025-02-15,UPI,Kolkata,Delivered,10.0
O08531,C02586,2025-12-16,Card,Jaipur,Delivered,10.0
O08532,C00511,2025-01-09,COD,Indore,Delivered,10.0
O08533,C00555,2025-04-11,UPI,Lucknow,Delivered,20.0
O08534,C03706,2025-02-16,Card,Kochi,Delivered,10.0
O08535,C01307,2025-11-26,UPI,Kochi,Cancelled,15.0
O08536,C03143,2025-07-26,UPI,Pune,Delivered,10.0
O08537,C00259,2025-08-29,Card,Jaipur,Delivered,10.0
O08538,C01225,2025-01-03,Card,Hyderabad,Delivered,15.0
O08539,C01666,2025-09-21,UPI,Bangalore,Delivered,5.0
O08540,C01404,2025-02-05,Card,Lucknow,Returned,0.0
O08541,C01866,2025-10-26,UPI,Kochi,Delivered,25.0
O08542,C00766,2025-08-31,COD,Indore,Delivered,5.0
O08543,C00065,2025-08-26,Card,Ahmedabad,Delivered,5.0
O08544,C03450,2025-11-15,UPI,Kolkata,Delivered,5.0
O08545,C02706,2025-08-07,COD,Kochi,Returned,10.0
O08546,C04975,2025-07-20,UPI,Ahmedabad,Delivered,30.0
O08547,C00196,2025-01-27,UPI,Delhi,Delivered,20.0
O08548,C01384,2025-03-30,UPI,Lucknow,Returned,10.0
O08549,C02436,2025-09-26,Card,Hyderabad,Delivered,20.0
O08550,C04161,2025-11-03,UPI,Kolkata,Delivered,10.0
O08551,C01451,2025-11-20,UPI,Kochi,Delivered,0.0
O08552,C00223,2025-05-04,Card,Kolkata,Delivered,5.0
O08553,C00442,2025-10-08,Net Banking,Mumbai,Delivered,5.0
O08554,C01438,2025-09-12,Card,Lucknow,Delivered,20.0
O08555,C03188,2025-12-25,Card,Kolkata,Delivered,25.0
O08556,C04999,2025-01-02,Net Banking,Bangalore,Delivered,5.0
O08557,C02368,2025-11-25,UPI,Bangalore,Delivered,10.0
O08558,C04866,2025-05-03,UPI,Chennai,Delivered,30.0
O08559,C00883,2025-08-24,COD,Bangalore,Delivered,20.0
O08560,C00451,2025-03-18,Card,Delhi,Delivered,10.0
O08561,C00743,2025-03-19,UPI,Delhi,Delivered,10.0
O08562,C01545,2025-11-28,Card,Kochi,Delivered,20.0
O08563,C03351,2025-06-12,COD,Kolkata,Delivered,0.0
O08564,C02830,2025-05-30,UPI,Bangalore,Delivered,25.0
O08565,C02614,2025-02-17,UPI,Indore,Delivered,0.0
O08566,C01916,2025-04-24,UPI,Pune,Delivered,20.0
O08567,C01249,2025-03-05,Card,Kolkata,Delivered,0.0
O08568,C00528,2025-05-30,Card,Pune,Delivered,25.0
O08569,C04820,2025-03-14,UPI,Chennai,Delivered,0.0
O08570,C00241,2025-02-16,Card,Bangalore,Delivered,25.0
O08571,C02143,2025-10-23,Card,Lucknow,Delivered,0.0
O08572,C00365,2025-12-28,UPI,Kolkata,Delivered,0.0
O08573,C01209,2025-06-30,Card,Chennai,Delivered,25.0
O08574,C04121,2025-09-16,Card,Lucknow,Delivered,15.0
O08575,C02366,2025-04-05,Card,Indore,Delivered,20.0
O08576,C02962,2025-04-11,COD,Indore,Cancelled,10.0
O08577,C04658,2025-03-24,UPI,Kolkata,Delivered,0.0
O08578,C04777,2025-03-23,UPI,Pune,Delivered,0.0
O08579,C02148,2025-05-01,Card,Bangalore,Delivered,25.0
O08580,C02418,2025-01-03,Card,Jaipur,Delivered,5.0
O08581,C01617,2025-01-13,Net Banking,Hyderabad,Delivered,15.0
O08582,C01036,2025-06-13,UPI,Indore,Delivered,15.0
O08583,C00720,2025-04-15,UPI,Ahmedabad,Delivered,10.0
O08584,C04683,2025-12-11,Card,Ahmedabad,Delivered,20.0
O08585,C00974,2025-12-14,COD,Jaipur,Delivered,15.0
O08586,C01847,2025-06-15,Card,Chennai,Delivered,15.0
O08587,C01372,2025-03-16,COD,Ahmedabad,Delivered,20.0
O08588,C01467,2025-03-01,UPI,Ahmedabad,Delivered,5.0
O08589,C00691,2025-08-21,Card,Hyderabad,Returned,5.0
O08590,C00088,2025-03-14,UPI,Kochi,Delivered,15.0
O08591,C02513,2025-10-05,Net Banking,Lucknow,Delivered,20.0
O08592,C03849,2025-05-29,UPI,Ahmedabad,Delivered,10.0
O08593,C00494,2025-05-03,Card,Chennai,Delivered,30.0
O08594,C01246,2025-10-16,UPI,Lucknow,Delivered,20.0
O08595,C01142,2025-01-04,Net Banking,Kochi,Delivered,15.0
O08596,C04232,2025-08-25,Card,Ahmedabad,Delivered,5.0
O08597,C00978,2025-07-27,Net Banking,Kochi,Delivered,5.0
O08598,C02235,2025-06-21,UPI,Delhi,Delivered,5.0
O08599,C00542,2025-07-26,UPI,Kolkata,Returned,0.0
O08600,C01403,2025-05-30,UPI,Lucknow,Delivered,15.0
O08601,C00811,2025-08-12,Card,Delhi,Delivered,10.0
O08602,C04508,2025-02-28,UPI,Chennai,Delivered,10.0
O08603,C03493,2025-10-20,Card,Chennai,Delivered,15.0
O08604,C04313,2025-05-31,UPI,Chennai,Delivered,0.0
O08605,C04926,2025-06-10,Card,Indore,Delivered,0.0
O08606,C01134,2025-04-23,UPI,Indore,Delivered,5.0
O08607,C04381,2025-08-20,Card,Mumbai,Delivered,15.0
O08608,C04866,2025-07-05,Card,Jaipur,Delivered,10.0
O08609,C00569,2025-08-27,UPI,Indore,Delivered,25.0
O08610,C03001,2025-09-04,Net Banking,Pune,Delivered,5.0
O08611,C01322,2025-05-20,COD,Indore,Delivered,0.0
O08612,C02745,2025-04-22,Card,Ahmedabad,Returned,0.0
O08613,C04626,2025-07-14,Card,Mumbai,Delivered,5.0
O08614,C03579,2025-05-05,UPI,Kochi,Delivered,5.0
O08615,C01768,2025-12-22,Card,Kochi,Returned,5.0
O08616,C02075,2025-08-27,Card,Pune,Delivered,10.0
O08617,C02044,2025-01-01,UPI,Delhi,Delivered,5.0
O08618,C01142,2025-05-01,COD,Chennai,Delivered,10.0
O08619,C01078,2025-03-30,UPI,Pune,Delivered,10.0
O08620,C04600,2025-01-20,UPI,Indore,Delivered,5.0
O08621,C00152,2025-09-30,Card,Jaipur,Delivered,10.0
O08622,C04833,2025-06-26,Card,Kochi,Delivered,5.0
O08623,C00479,2025-04-24,UPI,Bangalore,Delivered,25.0
O08624,C03234,2025-10-09,Card,Hyderabad,Delivered,0.0
O08625,C01686,2025-01-27,UPI,Hyderabad,Delivered,15.0
O08626,C03492,2025-07-07,COD,Mumbai,Delivered,5.0
O08627,C01372,2025-03-28,Card,Kochi,Delivered,5.0
O08628,C03901,2025-03-21,COD,Jaipur,Delivered,20.0
O08629,C04946,2025-06-29,UPI,Chennai,Delivered,10.0
O08630,C02602,2025-02-24,COD,Jaipur,Returned,10.0
O08631,C03424,2025-09-04,Card,Lucknow,Delivered,10.0
O08632,C01697,2025-11-13,COD,Kolkata,Delivered,10.0
O08633,C03658,2025-08-21,COD,Indore,Delivered,15.0
O08634,C03977,2025-09-27,Card,Chennai,Cancelled,15.0
O08635,C01399,2025-04-19,UPI,Chennai,Delivered,15.0
O08636,C03981,2025-08-26,COD,Chennai,Delivered,10.0
O08637,C01402,2025-11-03,UPI,Jaipur,Delivered,15.0
O08638,C01709,2025-06-04,UPI,Bangalore,Delivered,15.0
O08639,C01413,2025-06-17,COD,Ahmedabad,Delivered,15.0
O08640,C03231,2025-03-09,UPI,Pune,Delivered,5.0
O08641,C02503,2025-09-22,UPI,Bangalore,Delivered,15.0
O08642,C04723,2025-08-23,Card,Mumbai,Returned,10.0
O08643,C01265,2025-02-08,COD,Bangalore,Delivered,0.0
O08644,C02260,2025-05-23,COD,Kolkata,Delivered,10.0
O08645,C00363,2025-12-11,Card,Indore,Cancelled,20.0
O08646,C02646,2025-01-18,UPI,Kochi,Delivered,10.0
O08647,C01533,2025-02-21,Card,Jaipur,Delivered,0.0
O08648,C04753,2025-08-10,Card,Bangalore,Delivered,10.0
O08649,C01384,2025-10-20,UPI,Delhi,Delivered,5.0
O08650,C00667,2025-03-21,COD,Lucknow,Cancelled,10.0
O08651,C02813,2025-06-30,UPI,Pune,Delivered,15.0
O08652,C02476,2025-05-20,UPI,Kolkata,Delivered,10.0
O08653,C03101,2025-07-28,UPI,Hyderabad,Delivered,5.0
O08654,C03402,2025-12-01,COD,Pune,Delivered,20.0
O08655,C03106,2025-10-08,UPI,Indore,Delivered,0.0
O08656,C02552,2025-05-02,Card,Hyderabad,Returned,0.0
O08657,C03900,2025-07-30,COD,Ahmedabad,Delivered,20.0
O08658,C02152,2025-12-10,UPI,Mumbai,Delivered,0.0
O08659,C00388,2025-05-15,UPI,Bangalore,Delivered,10.0
O08660,C03162,2025-06-26,UPI,Pune,Returned,10.0
O08661,C02381,2025-02-08,Card,Delhi,Delivered,5.0
O08662,C00377,2025-03-16,Card,Kolkata,Delivered,5.0
O08663,C04336,2025-12-19,Card,Pune,Delivered,15.0
O08664,C04278,2025-02-18,UPI,Mumbai,Delivered,5.0
O08665,C01281,2025-08-05,Card,Pune,Delivered,0.0
O08666,C00744,2025-09-03,Net Banking,Kolkata,Delivered,10.0
O08667,C04937,2025-08-19,COD,Jaipur,Returned,15.0
O08668,C03487,2025-09-12,Card,Bangalore,Delivered,5.0
O08669,C01069,2025-07-22,Net Banking,Delhi,Delivered,0.0
O08670,C01009,2025-05-24,Net Banking,Ahmedabad,Delivered,5.0
O08671,C04694,2025-12-18,Card,Pune,Delivered,10.0
O08672,C04297,2025-10-23,UPI,Mumbai,Delivered,0.0
O08673,C00343,2025-01-07,COD,Chennai,Delivered,5.0
O08674,C03284,2025-04-11,COD,Pune,Delivered,25.0
O08675,C00631,2025-10-23,UPI,Chennai,Delivered,5.0
O08676,C00298,2025-11-22,Net Banking,Kochi,Returned,0.0
O08677,C00698,2025-08-16,UPI,Lucknow,Delivered,10.0
O08678,C01506,2025-04-13,UPI,Bangalore,Returned,0.0
O08679,C02761,2025-04-02,UPI,Chennai,Cancelled,0.0
O08680,C02826,2025-10-05,UPI,Kochi,Delivered,0.0
O08681,C00379,2025-12-23,Card,Delhi,Delivered,5.0
O08682,C02796,2025-07-06,Card,Bangalore,Delivered,0.0
O08683,C00706,2025-05-26,Card,Kochi,Delivered,5.0
O08684,C02415,2025-09-24,Card,Lucknow,Delivered,10.0
O08685,C00771,2025-04-29,COD,Kolkata,Delivered,5.0
O08686,C04002,2025-09-21,UPI,Pune,Delivered,10.0
O08687,C01095,2025-10-03,Net Banking,Pune,Delivered,10.0
O08688,C03465,2025-07-22,Card,Mumbai,Cancelled,20.0
O08689,C03595,2025-02-28,Card,Mumbai,Delivered,15.0
O08690,C04445,2025-12-13,Card,Bangalore,Delivered,20.0
O08691,C01232,2025-06-02,Net Banking,Mumbai,Delivered,10.0
O08692,C01447,2025-07-05,UPI,Jaipur,Delivered,15.0
O08693,C04189,2025-04-25,UPI,Lucknow,Delivered,10.0
O08694,C02403,2025-10-02,COD,Indore,Delivered,15.0
O08695,C01827,2025-12-28,COD,Jaipur,Delivered,15.0
O08696,C03848,2025-08-24,UPI,Pune,Delivered,5.0
O08697,C01093,2025-03-07,Card,Lucknow,Delivered,0.0
O08698,C04678,2025-09-20,Card,Delhi,Cancelled,15.0
O08699,C01721,2025-02-20,Card,Ahmedabad,Delivered,0.0
O08700,C00883,2025-12-17,Card,Kolkata,Delivered,10.0
O08701,C00124,2025-11-27,Net Banking,Chennai,Delivered,30.0
O08702,C03491,2025-08-20,Net Banking,Kochi,Delivered,5.0
O08703,C03595,2025-12-26,Net Banking,Chennai,Delivered,15.0
O08704,C00603,2025-01-13,Card,Mumbai,Delivered,25.0
O08705,C03832,2025-11-11,UPI,Jaipur,Delivered,10.0
O08706,C00305,2025-10-21,Card,Hyderabad,Delivered,10.0
O08707,C03229,2025-01-20,Card,Hyderabad,Delivered,5.0
O08708,C03160,2025-08-01,UPI,Bangalore,Delivered,10.0
O08709,C01252,2025-09-27,Card,Mumbai,Delivered,10.0
O08710,C00937,2025-02-09,Card,Kolkata,Delivered,20.0
O08711,C03718,2025-05-15,COD,Indore,Delivered,25.0
O08712,C02314,2025-09-19,UPI,Ahmedabad,Returned,10.0
O08713,C02132,2025-06-30,Card,Ahmedabad,Cancelled,15.0
O08714,C03284,2025-08-15,Card,Jaipur,Delivered,15.0
O08715,C03290,2025-09-22,UPI,Bangalore,Delivered,5.0
O08716,C04845,2025-04-16,UPI,Indore,Delivered,10.0
O08717,C02199,2025-11-17,UPI,Lucknow,Delivered,15.0
O08718,C00686,2025-04-06,UPI,Indore,Cancelled,0.0
O08719,C04236,2025-10-22,UPI,Ahmedabad,Delivered,20.0
O08720,C00055,2025-05-03,Net Banking,Kolkata,Delivered,10.0
O08721,C03213,2025-10-04,UPI,Lucknow,Delivered,10.0
O08722,C04170,2025-02-06,COD,Chennai,Delivered,20.0
O08723,C03207,2025-09-25,COD,Kochi,Cancelled,0.0
O08724,C02956,2025-07-17,Card,Chennai,Delivered,0.0
O08725,C01945,2025-09-12,UPI,Lucknow,Delivered,5.0
O08726,C00642,2025-01-15,Card,Pune,Delivered,0.0
O08727,C04840,2025-03-26,UPI,Delhi,Returned,30.0
O08728,C00062,2025-04-02,UPI,Chennai,Delivered,10.0
O08729,C01224,2025-04-10,Card,Pune,Delivered,10.0
O08730,C02538,2025-06-23,UPI,Hyderabad,Delivered,15.0
O08731,C00493,2025-08-03,COD,Mumbai,Delivered,5.0
O08732,C01140,2025-12-31,Card,Ahmedabad,Delivered,10.0
O08733,C01256,2025-03-27,COD,Jaipur,Delivered,0.0
O08734,C02496,2025-03-23,UPI,Jaipur,Returned,0.0
O08735,C03286,2025-11-18,UPI,Jaipur,Delivered,10.0
O08736,C02256,2025-04-27,Card,Mumbai,Delivered,20.0
O08737,C01002,2025-06-16,COD,Kochi,Delivered,10.0
O08738,C01126,2025-08-30,COD,Delhi,Delivered,10.0
O08739,C03882,2025-10-05,Card,Kolkata,Delivered,20.0
O08740,C04106,2025-12-08,Card,Mumbai,Delivered,5.0
O08741,C03545,2025-05-14,Card,Hyderabad,Delivered,10.0
O08742,C01147,2025-06-29,UPI,Indore,Delivered,0.0
O08743,C00787,2025-06-14,Card,Pune,Delivered,20.0
O08744,C02052,2025-07-31,Card,Jaipur,Delivered,0.0
O08745,C00259,2025-01-06,UPI,Bangalore,Delivered,10.0
O08746,C03850,2025-03-14,COD,Indore,Delivered,5.0
O08747,C04617,2025-12-23,COD,Pune,Delivered,5.0
O08748,C00716,2025-03-18,UPI,Chennai,Delivered,5.0
O08749,C01644,2025-10-10,Net Banking,Delhi,Delivered,5.0
O08750,C00124,2025-08-03,UPI,Lucknow,Delivered,20.0
O08751,C01774,2025-06-14,UPI,Chennai,Delivered,15.0
O08752,C00922,2025-06-23,Net Banking,Hyderabad,Delivered,20.0
O08753,C02178,2025-04-08,Card,Kolkata,Delivered,5.0
O08754,C01504,2025-01-25,COD,Indore,Delivered,20.0
O08755,C01853,2025-05-31,UPI,Kochi,Delivered,10.0
O08756,C02125,2025-08-08,COD,Jaipur,Delivered,30.0
O08757,C03255,2025-06-03,COD,Bangalore,Delivered,10.0
O08758,C02414,2025-03-17,Card,Indore,Delivered,
O08759,C04388,2025-08-19,Card,Kochi,Delivered,25.0
O08760,C00157,2025-01-03,Net Banking,Hyderabad,Delivered,5.0
O08761,C01124,2025-03-14,Card,Kochi,Delivered,15.0
O08762,C00918,2025-04-21,Card,Lucknow,Delivered,10.0
O08763,C01703,2025-12-01,COD,Lucknow,Delivered,15.0
O08764,C01666,2025-03-13,UPI,Indore,Delivered,5.0
O08765,C04234,2025-09-12,Net Banking,Lucknow,Delivered,10.0
O08766,C02112,2025-08-06,UPI,Mumbai,Delivered,5.0
O08767,C03715,2025-07-27,Card,Pune,Delivered,20.0
O08768,C02555,2025-09-06,Card,Jaipur,Delivered,25.0
O08769,C03025,2025-10-17,Card,Indore,Delivered,15.0
O08770,C04036,2025-12-06,UPI,Hyderabad,Delivered,20.0
O08771,C02837,2025-03-06,Card,Lucknow,Delivered,5.0
O08772,C02398,2025-10-12,COD,Lucknow,Delivered,0.0
O08773,C02195,2025-01-04,Card,Kochi,Delivered,15.0
O08774,C01556,2025-07-15,UPI,Lucknow,Delivered,10.0
O08775,C03626,2025-04-29,Card,Jaipur,Delivered,5.0
O08776,C02910,2025-07-09,Card,Indore,Delivered,20.0
O08777,C04503,2025-06-15,Card,Lucknow,Delivered,5.0
O08778,C00344,2025-08-20,UPI,Ahmedabad,Delivered,15.0
O08779,C04748,2025-05-10,UPI,Chennai,Delivered,0.0
O08780,C01545,2025-04-02,Card,Ahmedabad,Delivered,5.0
O08781,C03997,2025-11-28,Card,Chennai,Delivered,10.0
O08782,C02819,2025-05-05,Card,Ahmedabad,Delivered,5.0
O08783,C00039,2025-10-27,UPI,Pune,Delivered,25.0
O08784,C04383,2025-07-26,UPI,Indore,Cancelled,10.0
O08785,C04987,2025-04-24,COD,Chennai,Delivered,15.0
O08786,C04758,2025-12-27,Card,Ahmedabad,Delivered,10.0
O08787,C03424,2025-12-17,UPI,Hyderabad,Delivered,10.0
O08788,C01029,2025-04-11,UPI,Pune,Delivered,20.0
O08789,C00236,2025-02-01,UPI,Lucknow,Delivered,0.0
O08790,C00969,2025-05-11,Card,Chennai,Delivered,10.0
O08791,C01231,2025-01-17,Card,Ahmedabad,Delivered,20.0
O08792,C00239,2025-09-05,UPI,Lucknow,Delivered,0.0
O08793,C01855,2025-03-05,Card,Ahmedabad,Delivered,5.0
O08794,C04925,2025-03-19,UPI,Bangalore,Delivered,25.0
O08795,C00052,2025-07-19,UPI,Ahmedabad,Delivered,25.0
O08796,C02156,2025-02-10,COD,Kochi,Delivered,5.0
O08797,C01381,2025-09-15,Card,Ahmedabad,Delivered,15.0
O08798,C01057,2025-06-30,COD,Pune,Cancelled,10.0
O08799,C00022,2025-10-17,UPI,Hyderabad,Delivered,10.0
O08800,C00307,2025-05-05,UPI,Lucknow,Delivered,15.0
O08801,C04107,2025-12-10,Card,Kochi,Delivered,15.0
O08802,C02610,2025-04-22,Card,Delhi,Delivered,0.0
O08803,C04294,2025-08-23,Card,Pune,Cancelled,20.0
O08804,C03601,2025-07-21,Card,Lucknow,Delivered,5.0
O08805,C01966,2025-02-09,UPI,Kolkata,Delivered,10.0
O08806,C04647,2025-07-18,Card,Ahmedabad,Delivered,15.0
O08807,C03579,2025-11-07,COD,Lucknow,Delivered,20.0
O08808,C02544,2025-05-06,Card,Chennai,Delivered,25.0
O08809,C00505,2025-03-15,UPI,Delhi,Delivered,25.0
O08810,C00137,2025-06-28,Card,Hyderabad,Delivered,15.0
O08811,C01303,2025-01-05,COD,Hyderabad,Delivered,10.0
O08812,C04015,2025-11-08,UPI,Hyderabad,Cancelled,0.0
O08813,C03615,2025-04-28,Card,Ahmedabad,Delivered,0.0
O08814,C04948,2025-08-20,Net Banking,Bangalore,Cancelled,5.0
O08815,C04807,2025-05-29,UPI,Kochi,Delivered,15.0
O08816,C00507,2025-11-10,UPI,Bangalore,Cancelled,10.0
O08817,C04782,2025-07-20,Card,Kochi,Delivered,5.0
O08818,C01534,2025-12-15,UPI,Pune,Delivered,0.0
O08819,C03642,2025-01-31,UPI,Lucknow,Returned,10.0
O08820,C04004,2025-08-25,UPI,Delhi,Cancelled,20.0
O08821,C00708,2025-06-04,UPI,Ahmedabad,Delivered,0.0
O08822,C01624,2025-07-17,COD,Delhi,Delivered,10.0
O08823,C04238,2025-04-17,COD,Hyderabad,Delivered,0.0
O08824,C02329,2025-06-08,UPI,Bangalore,Delivered,5.0
O08825,C03015,2025-06-18,COD,Mumbai,Delivered,25.0
O08826,C01708,2025-10-28,Card,Pune,Delivered,0.0
O08827,C00302,2025-09-15,Card,Indore,Delivered,0.0
O08828,C02445,2025-03-03,UPI,Hyderabad,Delivered,0.0
O08829,C00318,2025-05-29,COD,Bangalore,Delivered,15.0
O08830,C02956,2025-06-11,UPI,Kochi,Delivered,0.0
O08831,C02928,2025-03-27,UPI,Pune,Delivered,5.0
O08832,C00858,2025-01-13,UPI,Kolkata,Delivered,25.0
O08833,C02721,2025-10-02,UPI,Bangalore,Delivered,0.0
O08834,C03023,2025-05-04,COD,Jaipur,Delivered,25.0
O08835,C00677,2025-12-24,UPI,Delhi,Cancelled,0.0
O08836,C00379,2025-04-14,Card,Jaipur,Delivered,0.0
O08837,C00217,2025-02-18,UPI,Pune,Delivered,10.0
O08838,C03701,2025-01-03,Card,Ahmedabad,Delivered,5.0
O08839,C02897,2025-09-07,UPI,Pune,Delivered,0.0
O08840,C04964,2025-09-10,Card,Kochi,Delivered,15.0
O08841,C04530,2025-07-30,UPI,Lucknow,Delivered,5.0
O08842,C04852,2025-03-12,UPI,Jaipur,Returned,20.0
O08843,C02990,2025-09-28,UPI,Delhi,Delivered,5.0
O08844,C03831,2025-02-07,Card,Ahmedabad,Delivered,15.0
O08845,C03657,2025-06-02,UPI,Indore,Delivered,5.0
O08846,C01507,2025-11-13,Card,Mumbai,Delivered,0.0
O08847,C01291,2025-08-03,UPI,Kolkata,Delivered,25.0
O08848,C01940,2025-01-10,Net Banking,Kochi,Delivered,10.0
O08849,C04695,2025-04-10,Card,Kolkata,Delivered,20.0
O08850,C00236,2025-12-23,UPI,Hyderabad,Delivered,5.0
O08851,C01784,2025-10-25,UPI,Delhi,Delivered,5.0
O08852,C04196,2025-08-22,UPI,Indore,Delivered,10.0
O08853,C02787,2025-07-18,COD,Bangalore,Delivered,10.0
O08854,C01378,2025-06-23,UPI,Kochi,Delivered,5.0
O08855,C02756,2025-08-05,COD,Ahmedabad,Delivered,5.0
O08856,C02084,2025-02-09,Card,Jaipur,Delivered,5.0
O08857,C04410,2025-07-05,COD,Pune,Delivered,10.0
O08858,C04096,2025-10-07,COD,Jaipur,Cancelled,5.0
O08859,C04647,2025-03-10,Net Banking,Hyderabad,Cancelled,5.0
O08860,C04613,2025-09-06,UPI,Delhi,Delivered,0.0
O08861,C02701,2025-03-26,COD,Lucknow,Delivered,5.0
O08862,C04105,2025-06-17,UPI,Jaipur,Delivered,10.0
O08863,C03550,2025-01-29,UPI,Bangalore,Delivered,15.0
O08864,C04153,2025-02-06,Card,Bangalore,Delivered,5.0
O08865,C02331,2025-01-20,Card,Mumbai,Delivered,5.0
O08866,C04557,2025-05-26,Card,Lucknow,Delivered,10.0
O08867,C03762,2025-09-17,Net Banking,Kolkata,Delivered,0.0
O08868,C02012,2025-05-19,COD,Delhi,Delivered,5.0
O08869,C02642,2025-09-12,UPI,Bangalore,Delivered,0.0
O08870,C02113,2025-03-27,Card,Pune,Delivered,5.0
O08871,C03501,2025-02-21,UPI,Indore,Delivered,5.0
O08872,C04951,2025-10-26,Card,Kolkata,Delivered,0.0
O08873,C04232,2025-05-22,Card,Indore,Delivered,15.0
O08874,C04858,2025-05-02,Card,Lucknow,Delivered,5.0
O08875,C01010,2025-05-31,COD,Bangalore,Delivered,5.0
O08876,C01630,2025-11-29,UPI,Hyderabad,Delivered,5.0
O08877,C03120,2025-05-28,COD,Hyderabad,Delivered,5.0
O08878,C00850,2025-03-24,Card,Bangalore,Returned,15.0
O08879,C02868,2025-05-29,UPI,Pune,Cancelled,5.0
O08880,C02040,2025-06-19,UPI,Ahmedabad,Delivered,10.0
O08881,C03236,2025-11-21,Card,Chennai,Delivered,10.0
O08882,C00479,2025-09-27,UPI,Kochi,Delivered,5.0
O08883,C01311,2025-08-16,UPI,Lucknow,Delivered,15.0
O08884,C04632,2025-11-22,Card,Pune,Delivered,10.0
O08885,C02144,2025-01-05,UPI,Ahmedabad,Delivered,15.0
O08886,C00414,2025-06-01,COD,Pune,Delivered,0.0
O08887,C01657,2025-08-09,COD,Delhi,Delivered,15.0
O08888,C02632,2025-06-06,Card,Kochi,Delivered,5.0
O08889,C03937,2025-09-15,UPI,Indore,Delivered,0.0
O08890,C01395,2025-01-06,Card,Kochi,Delivered,15.0
O08891,C02624,2025-10-17,Card,Mumbai,Cancelled,
O08892,C02291,2025-07-23,COD,Jaipur,Delivered,10.0
O08893,C00639,2025-10-05,UPI,Chennai,Delivered,15.0
O08894,C03445,2025-05-14,Card,Indore,Delivered,0.0
O08895,C00353,2025-11-19,Card,Jaipur,Delivered,0.0
O08896,C04522,2025-03-18,UPI,Kolkata,Delivered,15.0
O08897,C03149,2025-12-12,UPI,Lucknow,Delivered,10.0
O08898,C04606,2025-04-26,Card,Bangalore,Delivered,5.0
O08899,C03589,2025-07-20,UPI,Ahmedabad,Delivered,10.0
O08900,C00140,2025-03-28,Net Banking,Chennai,Delivered,10.0
O08901,C00252,2025-03-09,COD,Kolkata,Delivered,10.0
O08902,C00669,2025-04-11,Card,Jaipur,Delivered,0.0
O08903,C03843,2025-06-11,Card,Jaipur,Delivered,10.0
O08904,C00317,2025-11-09,UPI,Mumbai,Delivered,0.0
O08905,C04019,2025-03-12,COD,Bangalore,Delivered,15.0
O08906,C02927,2025-06-22,Card,Ahmedabad,Delivered,5.0
O08907,C02010,2025-06-18,Card,Jaipur,Delivered,0.0
O08908,C02946,2025-04-13,COD,Lucknow,Delivered,10.0
O08909,C01053,2025-08-16,UPI,Kolkata,Delivered,5.0
O08910,C04637,2025-05-13,Card,Lucknow,Cancelled,5.0
O08911,C03564,2025-03-01,Card,Bangalore,Delivered,10.0
O08912,C01124,2025-05-25,UPI,Pune,Delivered,5.0
O08913,C01344,2025-07-30,UPI,Chennai,Delivered,5.0
O08914,C00570,2025-04-19,Card,Chennai,Delivered,15.0
O08915,C04819,2025-07-12,Card,Chennai,Delivered,0.0
O08916,C03722,2025-12-23,UPI,Kochi,Delivered,5.0
O08917,C03917,2025-07-02,COD,Jaipur,Delivered,5.0
O08918,C01001,2025-01-09,UPI,Pune,Delivered,5.0
O08919,C02924,2025-05-12,Card,Mumbai,Delivered,10.0
O08920,C02237,2025-03-15,UPI,Kochi,Delivered,25.0
O08921,C04546,2025-04-06,UPI,Jaipur,Delivered,15.0
O08922,C03926,2025-05-09,Card,Kolkata,Returned,5.0
O08923,C03253,2025-12-09,Card,Chennai,Returned,10.0
O08924,C03393,2025-08-10,COD,Mumbai,Delivered,0.0
O08925,C02331,2025-05-08,Card,Delhi,Delivered,20.0
O08926,C03393,2025-12-13,UPI,Chennai,Delivered,10.0
O08927,C02618,2025-12-01,Card,Bangalore,Delivered,25.0
O08928,C04121,2025-01-07,UPI,Bangalore,Delivered,15.0
O08929,C04356,2025-08-13,UPI,Bangalore,Delivered,20.0
O08930,C02014,2025-04-26,COD,Pune,Delivered,0.0
O08931,C01928,2025-04-13,Card,Kochi,Delivered,20.0
O08932,C02545,2025-08-14,UPI,Indore,Delivered,5.0
O08933,C04548,2025-02-22,Card,Kolkata,Delivered,25.0
O08934,C04796,2025-01-03,COD,Kolkata,Delivered,5.0
O08935,C03720,2025-11-14,COD,Lucknow,Delivered,15.0
O08936,C03674,2025-02-01,Card,Delhi,Delivered,10.0
O08937,C01552,2025-09-15,Card,Lucknow,Delivered,10.0
O08938,C01683,2025-03-21,COD,Mumbai,Delivered,10.0
O08939,C00385,2025-05-04,Card,Kolkata,Delivered,5.0
O08940,C04709,2025-12-03,Card,Lucknow,Cancelled,5.0
O08941,C03037,2025-11-05,Card,Mumbai,Delivered,10.0
O08942,C02267,2025-09-17,UPI,Lucknow,Delivered,30.0
O08943,C04653,2025-11-08,UPI,Lucknow,Delivered,15.0
O08944,C04446,2025-12-02,Net Banking,Pune,Delivered,15.0
O08945,C00390,2025-07-29,Net Banking,Kochi,Delivered,15.0
O08946,C02919,2025-02-14,COD,Hyderabad,Delivered,10.0
O08947,C02114,2025-11-05,UPI,Hyderabad,Delivered,15.0
O08948,C01143,2025-11-25,UPI,Mumbai,Returned,5.0
O08949,C00746,2025-09-29,UPI,Lucknow,Delivered,5.0
O08950,C01731,2025-08-15,COD,Chennai,Delivered,5.0
O08951,C04123,2025-12-15,UPI,Kochi,Delivered,10.0
O08952,C04386,2025-04-23,COD,Ahmedabad,Delivered,0.0
O08953,C04124,2025-01-30,Card,Indore,Cancelled,20.0
O08954,C03231,2025-10-03,Card,Mumbai,Delivered,5.0
O08955,C03217,2025-12-28,Net Banking,Ahmedabad,Delivered,10.0
O08956,C02515,2025-08-02,COD,Jaipur,Delivered,0.0
O08957,C01770,2025-03-28,Card,Delhi,Delivered,10.0
O08958,C00108,2025-10-19,UPI,Indore,Returned,0.0
O08959,C04987,2025-01-22,Net Banking,Kolkata,Delivered,0.0
O08960,C02487,2025-01-21,UPI,Ahmedabad,Delivered,15.0
O08961,C04299,2025-06-25,UPI,Mumbai,Delivered,10.0
O08962,C00777,2025-09-18,COD,Mumbai,Returned,15.0
O08963,C01934,2025-06-17,UPI,Bangalore,Delivered,5.0
O08964,C00438,2025-08-09,Card,Indore,Delivered,10.0
O08965,C01035,2025-03-23,Card,Mumbai,Delivered,0.0
O08966,C00837,2025-03-20,Card,Indore,Delivered,5.0
O08967,C04703,2025-10-28,Net Banking,Indore,Delivered,10.0
O08968,C00642,2025-06-08,COD,Jaipur,Delivered,10.0
O08969,C03175,2025-05-23,UPI,Indore,Delivered,5.0
O08970,C01809,2025-11-10,UPI,Chennai,Delivered,20.0
O08971,C03876,2025-02-14,Net Banking,Kolkata,Delivered,5.0
O08972,C00643,2025-08-24,Card,Mumbai,Delivered,10.0
O08973,C00703,2025-06-19,UPI,Mumbai,Delivered,5.0
O08974,C02849,2025-08-13,Card,Hyderabad,Delivered,30.0
O08975,C02918,2025-10-21,UPI,Pune,Delivered,5.0
O08976,C03613,2025-11-03,UPI,Kolkata,Delivered,5.0
O08977,C01723,2025-10-07,Card,Lucknow,Delivered,20.0
O08978,C00849,2025-04-01,Card,Indore,Delivered,0.0
O08979,C02555,2025-05-27,UPI,Pune,Delivered,20.0
O08980,C01463,2025-10-08,Card,Bangalore,Cancelled,10.0
O08981,C03830,2025-03-11,COD,Ahmedabad,Delivered,5.0
O08982,C03783,2025-02-18,Card,Indore,Delivered,5.0
O08983,C00511,2025-01-17,Card,Delhi,Delivered,15.0
O08984,C02157,2025-05-29,Card,Pune,Returned,0.0
O08985,C02920,2025-02-12,Card,Pune,Delivered,15.0
O08986,C00733,2025-07-31,COD,Delhi,Delivered,5.0
O08987,C02951,2025-07-23,UPI,Chennai,Delivered,15.0
O08988,C03961,2025-07-24,UPI,Mumbai,Delivered,0.0
O08989,C01238,2025-12-04,Card,Jaipur,Delivered,5.0
O08990,C01481,2025-03-04,UPI,Chennai,Delivered,10.0
O08991,C02466,2025-01-24,Card,Kolkata,Cancelled,20.0
O08992,C02011,2025-02-02,UPI,Kochi,Delivered,5.0
O08993,C04758,2025-07-28,UPI,Delhi,Delivered,20.0
O08994,C02736,2025-09-30,Card,Bangalore,Delivered,0.0
O08995,C04200,2025-06-25,COD,Pune,Delivered,0.0
O08996,C02760,2025-02-13,Card,Delhi,Returned,0.0
O08997,C00578,2025-06-02,UPI,Lucknow,Delivered,10.0
O08998,C03497,2025-12-29,COD,Kochi,Delivered,5.0
O08999,C00819,2025-12-21,Card,Bangalore,Delivered,20.0
O09000,C04175,2025-07-07,UPI,Kochi,Delivered,10.0
O09001,C01890,2025-10-12,Card,Kochi,Delivered,20.0
O09002,C00559,2025-01-12,UPI,Ahmedabad,Delivered,5.0
O09003,C02934,2025-12-22,UPI,Ahmedabad,Delivered,25.0
O09004,C01620,2025-05-17,COD,Delhi,Delivered,10.0
O09005,C00070,2025-03-27,Card,Kochi,Delivered,10.0
O09006,C01190,2025-02-22,Card,Delhi,Delivered,10.0
O09007,C02903,2025-03-02,UPI,Mumbai,Delivered,20.0
O09008,C04341,2025-04-23,UPI,Ahmedabad,Delivered,5.0
O09009,C03117,2025-10-31,Net Banking,Jaipur,Delivered,5.0
O09010,C00684,2025-04-18,UPI,Kolkata,Delivered,5.0
O09011,C03911,2025-12-01,Card,Kolkata,Delivered,25.0
O09012,C03773,2025-10-30,Card,Indore,Delivered,5.0
O09013,C00071,2025-03-08,UPI,Chennai,Delivered,20.0
O09014,C01263,2025-11-16,Net Banking,Delhi,Delivered,0.0
O09015,C02156,2025-05-02,UPI,Chennai,Delivered,10.0
O09016,C04818,2025-09-11,Card,Kolkata,Delivered,10.0
O09017,C04398,2025-10-27,COD,Ahmedabad,Delivered,25.0
O09018,C01372,2025-01-05,COD,Chennai,Delivered,15.0
O09019,C01916,2025-12-16,COD,Pune,Delivered,0.0
O09020,C03806,2025-08-23,COD,Kolkata,Delivered,15.0
O09021,C04352,2025-12-01,Card,Mumbai,Delivered,10.0
O09022,C01548,2025-02-08,COD,Ahmedabad,Delivered,5.0
O09023,C03899,2025-07-19,COD,Kolkata,Delivered,10.0
O09024,C04456,2025-06-19,Card,Indore,Delivered,25.0
O09025,C03556,2025-12-24,Card,Jaipur,Returned,0.0
O09026,C01214,2025-12-14,Card,Hyderabad,Delivered,25.0
O09027,C02141,2025-01-21,UPI,Ahmedabad,Delivered,5.0
O09028,C00861,2025-06-24,UPI,Jaipur,Delivered,10.0
O09029,C00990,2025-03-15,UPI,Jaipur,Delivered,
O09030,C04580,2025-10-11,COD,Jaipur,Delivered,15.0
O09031,C02924,2025-05-29,Card,Pune,Delivered,10.0
O09032,C01433,2025-04-23,COD,Indore,Delivered,5.0
O09033,C00341,2025-10-11,COD,Delhi,Delivered,10.0
O09034,C02378,2025-03-27,UPI,Ahmedabad,Delivered,5.0
O09035,C01199,2025-04-12,UPI,Pune,Delivered,5.0
O09036,C01468,2025-01-19,Card,Jaipur,Delivered,10.0
O09037,C04297,2025-03-04,Net Banking,Chennai,Delivered,10.0
O09038,C04839,2025-04-26,COD,Kolkata,Delivered,0.0
O09039,C04194,2025-06-29,COD,Mumbai,Delivered,25.0
O09040,C01292,2025-02-07,COD,Pune,Delivered,0.0
O09041,C04935,2025-10-29,Card,Hyderabad,Delivered,5.0
O09042,C00352,2025-04-02,UPI,Hyderabad,Delivered,5.0
O09043,C01302,2025-06-22,UPI,Kochi,Delivered,0.0
O09044,C03640,2025-07-24,Card,Ahmedabad,Delivered,0.0
O09045,C03088,2025-01-09,UPI,Bangalore,Delivered,20.0
O09046,C00456,2025-01-09,COD,Bangalore,Delivered,5.0
O09047,C03251,2025-01-21,UPI,Kolkata,Delivered,5.0
O09048,C01158,2025-01-24,UPI,Ahmedabad,Cancelled,15.0
O09049,C00258,2025-04-05,COD,Chennai,Delivered,15.0
O09050,C02110,2025-07-11,Card,Jaipur,Delivered,15.0
O09051,C00482,2025-12-15,UPI,Delhi,Delivered,
O09052,C04731,2025-10-23,Net Banking,Indore,Delivered,15.0
O09053,C03114,2025-06-29,Card,Hyderabad,Delivered,25.0
O09054,C01397,2025-05-11,Card,Hyderabad,Delivered,0.0
O09055,C02627,2025-01-21,COD,Kolkata,Delivered,10.0
O09056,C00648,2025-01-08,UPI,Indore,Cancelled,20.0
O09057,C01612,2025-07-20,COD,Lucknow,Delivered,25.0
O09058,C03826,2025-01-14,Card,Mumbai,Delivered,0.0
O09059,C04589,2025-11-28,UPI,Hyderabad,Delivered,25.0
O09060,C04587,2025-02-05,Card,Kochi,Delivered,15.0
O09061,C02269,2025-06-13,COD,Delhi,Delivered,15.0
O09062,C03885,2025-02-14,COD,Ahmedabad,Delivered,0.0
O09063,C02755,2025-05-24,COD,Mumbai,Delivered,10.0
O09064,C04983,2025-01-11,UPI,Delhi,Delivered,5.0
O09065,C03587,2025-11-19,UPI,Jaipur,Delivered,10.0
O09066,C03385,2025-12-20,Card,Lucknow,Delivered,15.0
O09067,C04590,2025-12-12,Card,Mumbai,Delivered,5.0
O09068,C00759,2025-07-31,Net Banking,Lucknow,Delivered,0.0
O09069,C00633,2025-04-23,Card,Lucknow,Delivered,5.0
O09070,C03585,2025-12-12,UPI,Lucknow,Returned,10.0
O09071,C00330,2025-12-11,UPI,Kochi,Delivered,15.0
O09072,C03020,2025-01-11,UPI,Indore,Delivered,10.0
O09073,C00010,2025-12-02,UPI,Bangalore,Delivered,20.0
O09074,C04054,2025-12-06,Card,Delhi,Cancelled,15.0
O09075,C02175,2025-12-28,UPI,Kochi,Delivered,10.0
O09076,C00985,2025-06-15,COD,Hyderabad,Delivered,10.0
O09077,C00669,2025-09-15,Card,Ahmedabad,Delivered,15.0
O09078,C02279,2025-02-23,COD,Kochi,Delivered,20.0
O09079,C00442,2025-04-03,Card,Chennai,Cancelled,20.0
O09080,C02926,2025-09-20,Card,Mumbai,Delivered,10.0
O09081,C04021,2025-10-23,Card,Indore,Delivered,10.0
O09082,C00274,2025-02-14,Net Banking,Ahmedabad,Delivered,15.0
O09083,C04714,2025-08-05,COD,Mumbai,Delivered,10.0
O09084,C01027,2025-07-08,Card,Kolkata,Delivered,5.0
O09085,C02374,2025-04-17,Card,Jaipur,Delivered,20.0
O09086,C04349,2025-10-17,UPI,Pune,Delivered,10.0
O09087,C01558,2025-01-08,COD,Delhi,Delivered,30.0
O09088,C03127,2025-02-01,Net Banking,Bangalore,Delivered,10.0
O09089,C02934,2025-06-17,UPI,Lucknow,Delivered,5.0
O09090,C00448,2025-11-27,Card,Hyderabad,Delivered,5.0
O09091,C03369,2025-02-06,Card,Jaipur,Delivered,5.0
O09092,C03694,2025-08-19,COD,Kolkata,Delivered,5.0
O09093,C03807,2025-07-02,UPI,Lucknow,Delivered,25.0
O09094,C04565,2025-10-19,UPI,Pune,Returned,10.0
O09095,C03997,2025-09-03,UPI,Delhi,Delivered,20.0
O09096,C03318,2025-01-10,UPI,Bangalore,Delivered,5.0
O09097,C00070,2025-03-11,Card,Chennai,Delivered,0.0
O09098,C04577,2025-08-25,UPI,Bangalore,Delivered,10.0
O09099,C02578,2025-04-28,Card,Mumbai,Delivered,25.0
O09100,C04586,2025-08-05,COD,Pune,Delivered,0.0
O09101,C04599,2025-07-10,UPI,Bangalore,Returned,15.0
O09102,C03057,2025-12-17,UPI,Hyderabad,Delivered,0.0
O09103,C00117,2025-08-27,Net Banking,Pune,Delivered,0.0
O09104,C01814,2025-11-24,Card,Kolkata,Delivered,15.0
O09105,C00904,2025-11-13,UPI,Kolkata,Delivered,5.0
O09106,C04524,2025-07-25,UPI,Mumbai,Cancelled,0.0
O09107,C00494,2025-08-10,Net Banking,Chennai,Delivered,5.0
O09108,C03859,2025-05-26,UPI,Indore,Delivered,15.0
O09109,C02684,2025-07-08,COD,Pune,Delivered,10.0
O09110,C04176,2025-08-26,UPI,Kolkata,Delivered,10.0
O09111,C03731,2025-10-19,UPI,Ahmedabad,Delivered,10.0
O09112,C04691,2025-08-11,COD,Ahmedabad,Delivered,0.0
O09113,C01541,2025-09-03,UPI,Lucknow,Delivered,5.0
O09114,C00626,2025-09-04,UPI,Pune,Delivered,
O09115,C04380,2025-02-07,Card,Delhi,Cancelled,15.0
O09116,C04859,2025-07-26,Card,Kochi,Delivered,20.0
O09117,C00838,2025-07-06,UPI,Indore,Delivered,5.0
O09118,C02016,2025-12-26,Card,Jaipur,Delivered,0.0
O09119,C02016,2025-04-02,UPI,Ahmedabad,Delivered,5.0
O09120,C03080,2025-01-06,UPI,Kochi,Delivered,25.0
O09121,C00072,2025-05-13,UPI,Bangalore,Delivered,5.0
O09122,C03453,2025-04-02,Net Banking,Jaipur,Delivered,15.0
O09123,C04749,2025-01-01,UPI,Pune,Delivered,0.0
O09124,C03879,2025-09-27,Card,Kochi,Delivered,15.0
O09125,C00064,2025-03-24,UPI,Kochi,Delivered,5.0
O09126,C00030,2025-10-14,UPI,Kolkata,Cancelled,20.0
O09127,C03972,2025-06-28,UPI,Chennai,Delivered,0.0
O09128,C04653,2025-12-01,Card,Pune,Delivered,10.0
O09129,C02326,2025-05-27,UPI,Ahmedabad,Delivered,15.0
O09130,C04373,2025-04-12,Card,Kolkata,Delivered,15.0
O09131,C04766,2025-10-15,Net Banking,Pune,Delivered,20.0
O09132,C02880,2025-11-09,UPI,Hyderabad,Delivered,10.0
O09133,C02189,2025-01-31,Card,Jaipur,Delivered,0.0
O09134,C02782,2025-11-10,UPI,Kolkata,Delivered,15.0
O09135,C04122,2025-06-03,UPI,Kolkata,Delivered,10.0
O09136,C02146,2025-02-17,UPI,Delhi,Delivered,0.0
O09137,C00276,2025-02-10,Card,Ahmedabad,Delivered,0.0
O09138,C01267,2025-06-02,UPI,Ahmedabad,Delivered,20.0
O09139,C03974,2025-07-01,COD,Kolkata,Delivered,10.0
O09140,C04105,2025-08-20,UPI,Delhi,Cancelled,0.0
O09141,C02944,2025-05-01,Card,Hyderabad,Delivered,15.0
O09142,C02981,2025-07-04,Card,Jaipur,Delivered,10.0
O09143,C02320,2025-11-13,UPI,Ahmedabad,Delivered,0.0
O09144,C00032,2025-04-30,Card,Pune,Delivered,10.0
O09145,C00852,2025-12-18,UPI,Pune,Delivered,25.0
O09146,C00605,2025-08-14,UPI,Chennai,Returned,15.0
O09147,C03200,2025-04-22,COD,Mumbai,Delivered,5.0
O09148,C02065,2025-07-14,UPI,Jaipur,Cancelled,0.0
O09149,C03545,2025-10-24,COD,Delhi,Delivered,5.0
O09150,C02349,2025-01-26,UPI,Jaipur,Delivered,5.0
O09151,C01808,2025-07-13,UPI,Kochi,Delivered,5.0
O09152,C03860,2025-01-19,UPI,Mumbai,Delivered,20.0
O09153,C04138,2025-12-09,Card,Indore,Delivered,0.0
O09154,C02199,2025-01-25,UPI,Indore,Returned,0.0
O09155,C03873,2025-02-16,UPI,Bangalore,Delivered,0.0
O09156,C03563,2025-07-18,Card,Kochi,Delivered,10.0
O09157,C03199,2025-09-21,UPI,Pune,Delivered,0.0
O09158,C04505,2025-01-03,COD,Bangalore,Delivered,10.0
O09159,C01893,2025-08-27,Card,Ahmedabad,Delivered,5.0
O09160,C04440,2025-10-16,Card,Delhi,Delivered,5.0
O09161,C03170,2025-01-22,COD,Delhi,Delivered,0.0
O09162,C02948,2025-12-21,UPI,Indore,Delivered,15.0
O09163,C04124,2025-12-20,UPI,Jaipur,Delivered,5.0
O09164,C03101,2025-01-30,UPI,Lucknow,Delivered,0.0
O09165,C03922,2025-02-16,UPI,Indore,Delivered,5.0
O09166,C04730,2025-11-11,UPI,Bangalore,Delivered,30.0
O09167,C04308,2025-09-27,Card,Pune,Delivered,15.0
O09168,C04784,2025-11-25,Card,Mumbai,Delivered,20.0
O09169,C03689,2025-12-27,UPI,Lucknow,Delivered,20.0
O09170,C00072,2025-09-27,UPI,Delhi,Delivered,10.0
O09171,C02158,2025-06-01,UPI,Kochi,Delivered,10.0
O09172,C01137,2025-08-14,UPI,Indore,Delivered,20.0
O09173,C04328,2025-09-05,Card,Ahmedabad,Delivered,20.0
O09174,C04078,2025-11-01,Card,Delhi,Delivered,15.0
O09175,C00043,2025-06-20,UPI,Mumbai,Delivered,20.0
O09176,C04361,2025-08-25,COD,Pune,Delivered,15.0
O09177,C01832,2025-08-24,Card,Indore,Delivered,5.0
O09178,C00046,2025-09-16,Card,Indore,Cancelled,0.0
O09179,C03642,2025-10-06,UPI,Delhi,Delivered,15.0
O09180,C01676,2025-05-28,UPI,Ahmedabad,Delivered,20.0
O09181,C03353,2025-04-19,COD,Kolkata,Delivered,25.0
O09182,C01270,2025-05-23,Net Banking,Hyderabad,Cancelled,0.0
O09183,C03984,2025-10-26,Card,Lucknow,Delivered,10.0
O09184,C03964,2025-03-12,UPI,Indore,Delivered,10.0
O09185,C03024,2025-11-07,UPI,Ahmedabad,Delivered,5.0
O09186,C02791,2025-05-06,Card,Kolkata,Cancelled,10.0
O09187,C03171,2025-03-23,COD,Chennai,Delivered,10.0
O09188,C04823,2025-02-10,UPI,Delhi,Delivered,25.0
O09189,C01013,2025-09-16,COD,Kolkata,Delivered,5.0
O09190,C04590,2025-12-22,Card,Kochi,Delivered,0.0
O09191,C03508,2025-05-24,COD,Ahmedabad,Delivered,15.0
O09192,C04803,2025-06-20,Card,Pune,Delivered,5.0
O09193,C02072,2025-10-06,Card,Hyderabad,Cancelled,0.0
O09194,C02006,2025-05-23,UPI,Chennai,Delivered,15.0
O09195,C02318,2025-05-07,COD,Jaipur,Cancelled,5.0
O09196,C04834,2025-02-27,COD,Indore,Delivered,30.0
O09197,C02176,2025-06-17,COD,Kolkata,Delivered,5.0
O09198,C04639,2025-04-28,UPI,Delhi,Delivered,10.0
O09199,C01787,2025-06-15,Card,Lucknow,Delivered,0.0
O09200,C03130,2025-03-23,Net Banking,Hyderabad,Delivered,10.0
O09201,C02373,2025-12-24,Card,Mumbai,Delivered,5.0
O09202,C01461,2025-05-14,UPI,Jaipur,Delivered,15.0
O09203,C01465,2025-12-30,COD,Hyderabad,Delivered,0.0
O09204,C03042,2025-02-15,UPI,Delhi,Delivered,15.0
O09205,C01059,2025-09-19,UPI,Mumbai,Delivered,10.0
O09206,C00972,2025-05-03,Card,Jaipur,Delivered,5.0
O09207,C02391,2025-08-10,UPI,Kochi,Delivered,0.0
O09208,C03000,2025-04-02,UPI,Delhi,Delivered,0.0
O09209,C02505,2025-01-19,Card,Hyderabad,Delivered,15.0
O09210,C00899,2025-09-27,Card,Jaipur,Delivered,15.0
O09211,C01814,2025-03-06,COD,Delhi,Delivered,10.0
O09212,C01503,2025-08-07,Card,Indore,Delivered,0.0
O09213,C00343,2025-12-18,COD,Jaipur,Delivered,15.0
O09214,C03861,2025-06-06,Card,Mumbai,Delivered,15.0
O09215,C03352,2025-06-02,UPI,Kolkata,Delivered,0.0
O09216,C02861,2025-09-04,Card,Kochi,Delivered,5.0
O09217,C01249,2025-07-18,Card,Delhi,Returned,0.0
O09218,C01209,2025-08-19,Card,Pune,Delivered,20.0
O09219,C04391,2025-10-29,UPI,Lucknow,Delivered,10.0
O09220,C02140,2025-01-16,UPI,Kolkata,Delivered,5.0
O09221,C01611,2025-04-18,Card,Kolkata,Delivered,10.0
O09222,C01980,2025-10-01,UPI,Bangalore,Delivered,15.0
O09223,C02798,2025-12-30,COD,Kochi,Delivered,15.0
O09224,C00557,2025-07-03,Card,Delhi,Delivered,20.0
O09225,C03995,2025-07-03,COD,Chennai,Delivered,10.0
O09226,C04405,2025-03-10,UPI,Chennai,Delivered,0.0
O09227,C03687,2025-09-07,Card,Kolkata,Delivered,0.0
O09228,C01153,2025-08-06,Net Banking,Pune,Delivered,20.0
O09229,C03745,2025-03-29,UPI,Kochi,Delivered,0.0
O09230,C03622,2025-12-12,UPI,Kochi,Returned,10.0
O09231,C03360,2025-09-29,UPI,Kolkata,Delivered,5.0
O09232,C00973,2025-08-05,UPI,Pune,Delivered,25.0
O09233,C03908,2025-12-24,Card,Hyderabad,Delivered,5.0
O09234,C03729,2025-06-29,UPI,Hyderabad,Delivered,5.0
O09235,C03412,2025-05-05,Card,Chennai,Cancelled,15.0
O09236,C03067,2025-07-02,Card,Lucknow,Delivered,15.0
O09237,C01292,2025-11-28,UPI,Ahmedabad,Delivered,5.0
O09238,C04314,2025-11-25,Net Banking,Jaipur,Delivered,15.0
O09239,C02861,2025-07-19,UPI,Indore,Returned,25.0
O09240,C00164,2025-07-03,Card,Jaipur,Delivered,0.0
O09241,C03920,2025-10-24,UPI,Hyderabad,Delivered,5.0
O09242,C01715,2025-08-12,COD,Chennai,Delivered,10.0
O09243,C03463,2025-12-28,Net Banking,Bangalore,Delivered,5.0
O09244,C01441,2025-03-30,UPI,Delhi,Delivered,5.0
O09245,C02096,2025-08-13,UPI,Ahmedabad,Delivered,10.0
O09246,C00801,2025-04-28,COD,Lucknow,Delivered,15.0
O09247,C02766,2025-06-05,UPI,Bangalore,Cancelled,5.0
O09248,C02661,2025-06-08,Card,Bangalore,Cancelled,5.0
O09249,C01691,2025-07-02,COD,Indore,Delivered,10.0
O09250,C00234,2025-07-21,Card,Ahmedabad,Returned,20.0
O09251,C01877,2025-03-07,COD,Lucknow,Delivered,15.0
O09252,C00962,2025-02-15,UPI,Pune,Returned,5.0
O09253,C03371,2025-12-30,COD,Mumbai,Delivered,25.0
O09254,C01046,2025-09-17,UPI,Hyderabad,Delivered,15.0
O09255,C04482,2025-09-01,UPI,Jaipur,Delivered,0.0
O09256,C04460,2025-06-05,COD,Ahmedabad,Delivered,15.0
O09257,C01408,2025-09-06,Card,Hyderabad,Delivered,20.0
O09258,C00208,2025-04-05,COD,Mumbai,Delivered,10.0
O09259,C04371,2025-09-12,COD,Lucknow,Delivered,15.0
O09260,C01753,2025-12-28,Card,Delhi,Delivered,0.0
O09261,C00496,2025-12-02,UPI,Delhi,Delivered,0.0
O09262,C00902,2025-07-20,Card,Jaipur,Delivered,10.0
O09263,C03599,2025-11-03,UPI,Jaipur,Delivered,10.0
O09264,C02207,2025-05-14,UPI,Chennai,Delivered,10.0
O09265,C01750,2025-06-02,Card,Lucknow,Delivered,5.0
O09266,C00460,2025-09-12,COD,Chennai,Returned,10.0
O09267,C04490,2025-09-17,COD,Ahmedabad,Delivered,0.0
O09268,C00917,2025-08-28,UPI,Delhi,Delivered,0.0
O09269,C04260,2025-06-01,COD,Jaipur,Delivered,10.0
O09270,C04735,2025-04-01,Net Banking,Chennai,Cancelled,10.0
O09271,C03402,2025-08-28,UPI,Jaipur,Delivered,20.0
O09272,C04666,2025-07-02,UPI,Kochi,Delivered,5.0
O09273,C02195,2025-11-06,UPI,Jaipur,Delivered,15.0
O09274,C00960,2025-09-16,Card,Indore,Delivered,5.0
O09275,C04864,2025-10-13,UPI,Indore,Delivered,5.0
O09276,C02158,2025-03-17,Card,Lucknow,Delivered,15.0
O09277,C00394,2025-10-24,COD,Kolkata,Delivered,10.0
O09278,C03633,2025-12-28,Card,Mumbai,Delivered,5.0
O09279,C04539,2025-07-02,Net Banking,Pune,Delivered,10.0
O09280,C04059,2025-02-28,Card,Bangalore,Delivered,20.0
O09281,C04843,2025-02-09,UPI,Pune,Delivered,15.0
O09282,C02178,2025-02-14,Card,Bangalore,Cancelled,25.0
O09283,C01867,2025-01-15,Net Banking,Chennai,Delivered,20.0
O09284,C01800,2025-08-08,UPI,Bangalore,Delivered,15.0
O09285,C00505,2025-09-30,UPI,Ahmedabad,Delivered,5.0
O09286,C00720,2025-07-06,Card,Bangalore,Delivered,5.0
O09287,C01988,2025-12-30,UPI,Hyderabad,Delivered,10.0
O09288,C00875,2025-01-25,COD,Bangalore,Delivered,0.0
O09289,C02879,2025-10-26,Card,Mumbai,Delivered,15.0
O09290,C00634,2025-07-11,COD,Kolkata,Cancelled,30.0
O09291,C04378,2025-06-28,Card,Indore,Delivered,20.0
O09292,C02421,2025-03-02,UPI,Ahmedabad,Delivered,15.0
O09293,C01325,2025-05-11,UPI,Delhi,Cancelled,15.0
O09294,C01009,2025-09-06,UPI,Ahmedabad,Delivered,20.0
O09295,C02334,2025-06-13,COD,Pune,Delivered,5.0
O09296,C01140,2025-07-26,Card,Indore,Delivered,10.0
O09297,C03221,2025-08-26,COD,Hyderabad,Delivered,15.0
O09298,C00404,2025-07-11,UPI,Kochi,Delivered,10.0
O09299,C03754,2025-01-28,Card,Bangalore,Delivered,20.0
O09300,C03191,2025-04-17,UPI,Hyderabad,Delivered,5.0
O09301,C00696,2025-08-11,UPI,Hyderabad,Delivered,10.0
O09302,C00908,2025-03-25,UPI,Kochi,Delivered,5.0
O09303,C03848,2025-08-25,COD,Ahmedabad,Delivered,10.0
O09304,C03165,2025-05-29,Card,Lucknow,Delivered,5.0
O09305,C01927,2025-10-10,Card,Hyderabad,Delivered,10.0
O09306,C00121,2025-12-05,COD,Mumbai,Cancelled,0.0
O09307,C02866,2025-04-10,Card,Kochi,Delivered,15.0
O09308,C03732,2025-11-28,Card,Delhi,Delivered,10.0
O09309,C03916,2025-02-04,Net Banking,Mumbai,Delivered,15.0
O09310,C03592,2025-04-07,Card,Delhi,Cancelled,5.0
O09311,C03577,2025-12-22,COD,Bangalore,Delivered,20.0
O09312,C04487,2025-08-21,Card,Pune,Delivered,20.0
O09313,C02415,2025-01-13,UPI,Chennai,Delivered,10.0
O09314,C00841,2025-09-03,COD,Jaipur,Delivered,0.0
O09315,C02806,2025-09-19,Net Banking,Pune,Delivered,10.0
O09316,C03307,2025-08-11,Card,Bangalore,Delivered,10.0
O09317,C03434,2025-03-15,Card,Bangalore,Delivered,10.0
O09318,C01466,2025-09-23,Card,Mumbai,Delivered,20.0
O09319,C01857,2025-07-03,Net Banking,Pune,Delivered,20.0
O09320,C02236,2025-10-04,COD,Pune,Delivered,10.0
O09321,C00404,2025-02-25,UPI,Jaipur,Cancelled,10.0
O09322,C00413,2025-02-26,COD,Delhi,Delivered,0.0
O09323,C01538,2025-10-22,Card,Delhi,Delivered,5.0
O09324,C04250,2025-03-02,UPI,Ahmedabad,Delivered,5.0
O09325,C00217,2025-06-22,Card,Hyderabad,Returned,5.0
O09326,C01025,2025-04-20,UPI,Delhi,Delivered,15.0
O09327,C02814,2025-05-26,COD,Ahmedabad,Delivered,10.0
O09328,C04895,2025-01-14,UPI,Delhi,Delivered,10.0
O09329,C00806,2025-07-02,COD,Hyderabad,Delivered,5.0
O09330,C03350,2025-11-11,Net Banking,Bangalore,Delivered,0.0
O09331,C02817,2025-12-31,UPI,Kolkata,Delivered,10.0
O09332,C02810,2025-05-27,Card,Hyderabad,Delivered,0.0
O09333,C01272,2025-08-20,Card,Chennai,Delivered,0.0
O09334,C00434,2025-10-24,Net Banking,Kolkata,Delivered,15.0
O09335,C00429,2025-05-20,COD,Kochi,Delivered,10.0
O09336,C01188,2025-05-28,Card,Bangalore,Delivered,25.0
O09337,C04258,2025-02-05,Net Banking,Kolkata,Delivered,0.0
O09338,C02555,2025-10-04,UPI,Bangalore,Delivered,25.0
O09339,C02313,2025-02-25,UPI,Lucknow,Delivered,15.0
O09340,C01996,2025-02-10,COD,Kochi,Delivered,10.0
O09341,C02158,2025-06-18,UPI,Kolkata,Delivered,20.0
O09342,C04996,2025-06-20,Net Banking,Delhi,Cancelled,10.0
O09343,C01743,2025-04-16,COD,Pune,Delivered,0.0
O09344,C01343,2025-08-15,Card,Lucknow,Delivered,20.0
O09345,C01156,2025-03-27,UPI,Hyderabad,Delivered,20.0
O09346,C03205,2025-10-21,UPI,Hyderabad,Delivered,10.0
O09347,C00394,2025-05-26,UPI,Kochi,Delivered,0.0
O09348,C03643,2025-09-21,Card,Lucknow,Delivered,20.0
O09349,C04818,2025-09-04,COD,Delhi,Delivered,10.0
O09350,C02041,2025-05-28,Card,Hyderabad,Cancelled,5.0
O09351,C02079,2025-12-28,Card,Indore,Delivered,30.0
O09352,C02865,2025-08-10,UPI,Delhi,Delivered,0.0
O09353,C03462,2025-05-26,UPI,Pune,Returned,0.0
O09354,C04257,2025-04-18,Net Banking,Mumbai,Delivered,10.0
O09355,C01330,2025-08-03,UPI,Jaipur,Delivered,5.0
O09356,C01647,2025-09-02,UPI,Kochi,Delivered,10.0
O09357,C02656,2025-05-10,COD,Mumbai,Delivered,5.0
O09358,C02386,2025-03-05,Card,Bangalore,Delivered,
O09359,C02838,2025-10-27,UPI,Kolkata,Cancelled,5.0
O09360,C04433,2025-12-23,Net Banking,Ahmedabad,Delivered,20.0
O09361,C03306,2025-12-28,Card,Pune,Delivered,15.0
O09362,C03321,2025-08-12,UPI,Hyderabad,Delivered,5.0
O09363,C03877,2025-03-06,COD,Kochi,Cancelled,15.0
O09364,C03527,2025-03-06,UPI,Indore,Delivered,5.0
O09365,C04159,2025-07-01,Card,Pune,Delivered,10.0
O09366,C04915,2025-04-18,COD,Kolkata,Delivered,0.0
O09367,C02305,2025-12-17,Net Banking,Ahmedabad,Delivered,10.0
O09368,C01272,2025-11-19,UPI,Indore,Delivered,15.0
O09369,C01288,2025-04-21,UPI,Kolkata,Delivered,10.0
O09370,C04945,2025-03-17,Card,Kochi,Delivered,10.0
O09371,C00361,2025-09-07,Net Banking,Ahmedabad,Delivered,20.0
O09372,C01975,2025-08-29,Card,Lucknow,Delivered,10.0
O09373,C02928,2025-08-14,Card,Chennai,Delivered,30.0
O09374,C03465,2025-11-01,UPI,Jaipur,Cancelled,10.0
O09375,C02227,2025-06-13,Card,Pune,Delivered,10.0
O09376,C01851,2025-09-20,COD,Kochi,Delivered,0.0
O09377,C02547,2025-01-15,UPI,Kochi,Returned,15.0
O09378,C02725,2025-12-07,UPI,Hyderabad,Delivered,5.0
O09379,C03675,2025-06-02,Card,Mumbai,Delivered,0.0
O09380,C03906,2025-02-07,UPI,Hyderabad,Delivered,0.0
O09381,C03776,2025-02-06,Card,Indore,Delivered,10.0
O09382,C04388,2025-05-02,UPI,Bangalore,Returned,10.0
O09383,C04684,2025-09-29,UPI,Mumbai,Cancelled,15.0
O09384,C00818,2025-09-14,COD,Chennai,Cancelled,10.0
O09385,C02147,2025-06-24,Card,Pune,Delivered,20.0
O09386,C00181,2025-10-20,Net Banking,Bangalore,Delivered,0.0
O09387,C04470,2025-10-28,Card,Mumbai,Delivered,0.0
O09388,C04720,2025-05-22,UPI,Kolkata,Delivered,5.0
O09389,C04959,2025-06-11,UPI,Jaipur,Delivered,0.0
O09390,C00442,2025-12-05,Card,Ahmedabad,Delivered,15.0
O09391,C02293,2025-01-23,UPI,Kochi,Delivered,5.0
O09392,C01663,2025-12-16,Net Banking,Jaipur,Delivered,10.0
O09393,C00871,2025-12-03,UPI,Kolkata,Delivered,15.0
O09394,C02875,2025-03-07,UPI,Lucknow,Delivered,10.0
O09395,C02500,2025-02-27,UPI,Pune,Delivered,10.0
O09396,C03213,2025-01-29,Card,Lucknow,Delivered,10.0
O09397,C01657,2025-03-24,COD,Delhi,Cancelled,15.0
O09398,C01897,2025-05-09,UPI,Indore,Delivered,10.0
O09399,C01090,2025-05-13,Card,Ahmedabad,Cancelled,10.0
O09400,C00483,2025-04-25,UPI,Indore,Delivered,10.0
O09401,C00309,2025-02-03,Card,Pune,Delivered,25.0
O09402,C00593,2025-05-05,UPI,Ahmedabad,Cancelled,15.0
O09403,C03844,2025-03-19,Card,Jaipur,Delivered,10.0
O09404,C01019,2025-10-02,Card,Hyderabad,Delivered,10.0
O09405,C04494,2025-12-10,UPI,Kolkata,Delivered,5.0
O09406,C04565,2025-06-17,Card,Indore,Cancelled,10.0
O09407,C04713,2025-03-22,Card,Delhi,Delivered,15.0
O09408,C04193,2025-04-05,Card,Delhi,Delivered,20.0
O09409,C03262,2025-07-28,Card,Lucknow,Delivered,0.0
O09410,C04291,2025-03-13,COD,Lucknow,Cancelled,0.0
O09411,C01358,2025-05-25,Card,Lucknow,Delivered,10.0
O09412,C00083,2025-02-07,Net Banking,Hyderabad,Delivered,15.0
O09413,C00251,2025-06-20,Net Banking,Ahmedabad,Delivered,15.0
O09414,C01094,2025-02-09,COD,Ahmedabad,Delivered,5.0
O09415,C02388,2025-06-22,COD,Lucknow,Delivered,15.0
O09416,C01409,2025-07-18,Net Banking,Ahmedabad,Delivered,10.0
O09417,C01482,2025-12-10,UPI,Jaipur,Returned,5.0
O09418,C03212,2025-08-10,Net Banking,Bangalore,Delivered,20.0
O09419,C01099,2025-03-31,UPI,Pune,Delivered,10.0
O09420,C04196,2025-10-13,UPI,Kochi,Delivered,20.0
O09421,C03729,2025-06-12,Net Banking,Jaipur,Delivered,10.0
O09422,C03893,2025-05-13,UPI,Lucknow,Delivered,10.0
O09423,C00733,2025-11-18,Card,Mumbai,Delivered,15.0
O09424,C00323,2025-12-17,Net Banking,Kolkata,Delivered,5.0
O09425,C02058,2025-10-10,UPI,Hyderabad,Delivered,20.0
O09426,C03061,2025-06-01,UPI,Kolkata,Delivered,5.0
O09427,C03701,2025-11-08,Card,Jaipur,Delivered,5.0
O09428,C03385,2025-02-14,COD,Kochi,Delivered,15.0
O09429,C01262,2025-11-20,COD,Indore,Cancelled,5.0
O09430,C00806,2025-09-18,COD,Indore,Delivered,25.0
O09431,C01534,2025-08-07,UPI,Indore,Delivered,15.0
O09432,C02042,2025-04-18,UPI,Bangalore,Delivered,5.0
O09433,C04226,2025-02-16,Card,Jaipur,Delivered,30.0
O09434,C03825,2025-05-13,Card,Kochi,Delivered,5.0
O09435,C03457,2025-09-18,UPI,Bangalore,Delivered,10.0
O09436,C03665,2025-06-25,UPI,Bangalore,Delivered,0.0
O09437,C03097,2025-05-01,UPI,Chennai,Delivered,0.0
O09438,C04660,2025-11-25,COD,Bangalore,Delivered,5.0
O09439,C01354,2025-10-30,COD,Kochi,Delivered,0.0
O09440,C00149,2025-07-09,UPI,Jaipur,Cancelled,5.0
O09441,C01784,2025-09-17,UPI,Hyderabad,Delivered,10.0
O09442,C02276,2025-06-26,UPI,Jaipur,Delivered,15.0
O09443,C00615,2025-12-13,Net Banking,Chennai,Delivered,5.0
O09444,C01825,2025-03-06,Net Banking,Hyderabad,Delivered,10.0
O09445,C00240,2025-12-18,Card,Mumbai,Delivered,5.0
O09446,C00913,2025-12-02,UPI,Indore,Returned,5.0
O09447,C03014,2025-12-09,UPI,Jaipur,Delivered,5.0
O09448,C03754,2025-08-08,Card,Delhi,Delivered,10.0
O09449,C00159,2025-11-13,Net Banking,Chennai,Delivered,5.0
O09450,C04659,2025-05-28,UPI,Ahmedabad,Delivered,10.0
O09451,C04572,2025-04-10,COD,Chennai,Delivered,5.0
O09452,C00548,2025-04-29,UPI,Kochi,Delivered,0.0
O09453,C02901,2025-04-19,Card,Kolkata,Delivered,5.0
O09454,C02266,2025-03-23,COD,Kolkata,Delivered,25.0
O09455,C00755,2025-01-13,Card,Indore,Delivered,10.0
O09456,C00735,2025-10-26,COD,Chennai,Delivered,30.0
O09457,C03792,2025-04-02,COD,Delhi,Cancelled,5.0
O09458,C02829,2025-08-26,UPI,Kochi,Delivered,5.0
O09459,C04318,2025-07-03,UPI,Lucknow,Delivered,10.0
O09460,C02336,2025-06-27,COD,Kolkata,Cancelled,5.0
O09461,C01925,2025-07-29,UPI,Chennai,Cancelled,5.0
O09462,C00524,2025-10-03,Card,Kolkata,Delivered,20.0
O09463,C01511,2025-10-31,Net Banking,Delhi,Delivered,0.0
O09464,C02747,2025-12-22,COD,Indore,Delivered,15.0
O09465,C04777,2025-10-02,COD,Bangalore,Delivered,20.0
O09466,C00618,2025-11-21,UPI,Mumbai,Delivered,0.0
O09467,C00861,2025-09-30,COD,Lucknow,Delivered,10.0
O09468,C04489,2025-02-05,COD,Jaipur,Delivered,15.0
O09469,C01308,2025-12-04,Card,Indore,Delivered,10.0
O09470,C02901,2025-03-11,UPI,Kochi,Delivered,5.0
O09471,C02822,2025-04-26,Card,Mumbai,Delivered,10.0
O09472,C03866,2025-01-01,COD,Mumbai,Delivered,5.0
O09473,C03315,2025-03-22,COD,Chennai,Delivered,10.0
O09474,C00035,2025-02-04,UPI,Kochi,Cancelled,0.0
O09475,C02101,2025-10-10,UPI,Jaipur,Delivered,5.0
O09476,C01380,2025-07-14,COD,Delhi,Delivered,0.0
O09477,C04246,2025-07-03,Card,Jaipur,Cancelled,5.0
O09478,C00437,2025-02-15,Card,Kolkata,Delivered,0.0
O09479,C04546,2025-05-28,Card,Indore,Delivered,10.0
O09480,C02573,2025-09-21,Card,Delhi,Delivered,25.0
O09481,C04363,2025-04-03,UPI,Chennai,Delivered,5.0
O09482,C03980,2025-11-24,UPI,Indore,Returned,0.0
O09483,C00309,2025-04-24,Card,Indore,Delivered,10.0
O09484,C04361,2025-12-13,UPI,Pune,Delivered,5.0
O09485,C00492,2025-10-09,COD,Indore,Delivered,10.0
O09486,C00522,2025-04-13,COD,Pune,Delivered,10.0
O09487,C01915,2025-07-21,Card,Indore,Delivered,0.0
O09488,C02926,2025-03-03,COD,Mumbai,Delivered,25.0
O09489,C01369,2025-04-04,UPI,Lucknow,Delivered,5.0
O09490,C03291,2025-11-13,UPI,Indore,Delivered,20.0
O09491,C02142,2025-08-16,UPI,Pune,Delivered,5.0
O09492,C03230,2025-03-09,COD,Pune,Delivered,0.0
O09493,C04130,2025-10-12,Card,Mumbai,Delivered,0.0
O09494,C02849,2025-10-29,UPI,Kochi,Delivered,10.0
O09495,C03578,2025-06-14,UPI,Jaipur,Delivered,5.0
O09496,C02572,2025-04-11,COD,Ahmedabad,Delivered,20.0
O09497,C00233,2025-08-31,Card,Indore,Returned,5.0
O09498,C01623,2025-03-31,Card,Mumbai,Delivered,15.0
O09499,C02653,2025-03-29,Net Banking,Hyderabad,Cancelled,5.0
O09500,C01217,2025-05-07,COD,Ahmedabad,Delivered,20.0
O09501,C03540,2025-04-17,UPI,Jaipur,Delivered,10.0
O09502,C00522,2025-11-18,Card,Bangalore,Delivered,20.0
O09503,C04733,2025-10-29,Card,Indore,Delivered,10.0
O09504,C02835,2025-09-01,COD,Pune,Delivered,0.0
O09505,C03067,2025-07-04,UPI,Kochi,Delivered,10.0
O09506,C03200,2025-09-21,Card,Chennai,Delivered,5.0
O09507,C00341,2025-04-11,Card,Jaipur,Delivered,5.0
O09508,C02745,2025-09-10,Net Banking,Indore,Delivered,20.0
O09509,C03947,2025-05-22,COD,Jaipur,Delivered,10.0
O09510,C03939,2025-09-10,Card,Delhi,Delivered,15.0
O09511,C00059,2025-03-14,Card,Kochi,Delivered,15.0
O09512,C03254,2025-08-02,COD,Pune,Delivered,0.0
O09513,C04682,2025-10-26,COD,Indore,Delivered,20.0
O09514,C00243,2025-06-21,COD,Indore,Cancelled,15.0
O09515,C00228,2025-10-31,COD,Delhi,Delivered,5.0
O09516,C04614,2025-08-18,COD,Kolkata,Delivered,5.0
O09517,C02603,2025-08-25,UPI,Ahmedabad,Delivered,0.0
O09518,C00127,2025-08-18,UPI,Bangalore,Delivered,0.0
O09519,C04431,2025-01-07,Card,Kolkata,Cancelled,5.0
O09520,C04854,2025-07-14,Card,Kolkata,Delivered,0.0
O09521,C01432,2025-09-13,UPI,Delhi,Delivered,5.0
O09522,C02169,2025-06-20,UPI,Mumbai,Delivered,25.0
O09523,C03960,2025-02-09,Card,Ahmedabad,Delivered,10.0
O09524,C02749,2025-10-15,Net Banking,Hyderabad,Delivered,10.0
O09525,C01309,2025-08-16,Card,Mumbai,Delivered,5.0
O09526,C02126,2025-08-22,UPI,Ahmedabad,Delivered,5.0
O09527,C01594,2025-12-27,UPI,Ahmedabad,Returned,5.0
O09528,C04080,2025-07-02,UPI,Pune,Delivered,5.0
O09529,C01494,2025-07-30,Net Banking,Ahmedabad,Delivered,20.0
O09530,C02031,2025-12-16,Net Banking,Jaipur,Delivered,0.0
O09531,C03253,2025-08-17,Card,Delhi,Delivered,15.0
O09532,C04361,2025-12-11,Card,Mumbai,Delivered,10.0
O09533,C04778,2025-09-12,COD,Lucknow,Delivered,15.0
O09534,C00247,2025-03-18,UPI,Pune,Delivered,20.0
O09535,C04520,2025-09-22,UPI,Mumbai,Delivered,5.0
O09536,C01083,2025-08-20,Card,Delhi,Delivered,10.0
O09537,C04929,2025-05-17,COD,Hyderabad,Cancelled,10.0
O09538,C01482,2025-03-05,COD,Jaipur,Cancelled,5.0
O09539,C00011,2025-09-02,UPI,Jaipur,Delivered,15.0
O09540,C02007,2025-04-01,COD,Kochi,Delivered,0.0
O09541,C03442,2025-08-21,Card,Mumbai,Delivered,5.0
O09542,C03530,2025-12-17,COD,Bangalore,Cancelled,20.0
O09543,C02293,2025-12-15,UPI,Hyderabad,Delivered,20.0
O09544,C00945,2025-04-04,UPI,Pune,Returned,15.0
O09545,C00435,2025-07-22,UPI,Ahmedabad,Delivered,5.0
O09546,C03492,2025-06-23,Net Banking,Kolkata,Delivered,20.0
O09547,C02290,2025-05-04,UPI,Pune,Delivered,0.0
O09548,C03344,2025-03-11,Card,Jaipur,Delivered,5.0
O09549,C02567,2025-04-13,Card,Bangalore,Returned,0.0
O09550,C01760,2025-08-21,Card,Delhi,Delivered,0.0
O09551,C03876,2025-03-05,Card,Chennai,Returned,10.0
O09552,C02229,2025-04-05,UPI,Indore,Delivered,0.0
O09553,C00268,2025-06-12,UPI,Pune,Delivered,15.0
O09554,C02199,2025-09-25,UPI,Chennai,Delivered,5.0
O09555,C03688,2025-10-31,UPI,Bangalore,Delivered,0.0
O09556,C04478,2025-11-15,UPI,Bangalore,Delivered,5.0
O09557,C00515,2025-06-22,Card,Bangalore,Delivered,5.0
O09558,C01744,2025-01-06,UPI,Ahmedabad,Returned,5.0
O09559,C00930,2025-10-28,UPI,Pune,Delivered,10.0
O09560,C03932,2025-12-12,Card,Delhi,Cancelled,10.0
O09561,C01449,2025-04-11,UPI,Kolkata,Delivered,5.0
O09562,C03888,2025-12-26,COD,Ahmedabad,Returned,20.0
O09563,C00199,2025-05-11,Card,Indore,Delivered,5.0
O09564,C02056,2025-01-20,Net Banking,Pune,Delivered,5.0
O09565,C01781,2025-07-30,UPI,Pune,Delivered,10.0
O09566,C04901,2025-10-22,UPI,Hyderabad,Delivered,5.0
O09567,C04423,2025-10-19,Card,Jaipur,Delivered,0.0
O09568,C01714,2025-12-14,UPI,Hyderabad,Delivered,0.0
O09569,C03093,2025-09-22,Card,Bangalore,Delivered,25.0
O09570,C03505,2025-09-10,Card,Chennai,Delivered,15.0
O09571,C02568,2025-02-13,Card,Ahmedabad,Delivered,20.0
O09572,C00930,2025-03-16,COD,Lucknow,Delivered,0.0
O09573,C04626,2025-02-22,UPI,Lucknow,Delivered,0.0
O09574,C01420,2025-10-13,Card,Hyderabad,Delivered,10.0
O09575,C02006,2025-03-07,Card,Chennai,Delivered,0.0
O09576,C01331,2025-02-07,Card,Jaipur,Delivered,5.0
O09577,C02558,2025-09-11,UPI,Pune,Delivered,25.0
O09578,C00424,2025-10-21,Card,Pune,Delivered,5.0
O09579,C00150,2025-07-18,Card,Bangalore,Delivered,25.0
O09580,C03464,2025-08-24,Net Banking,Mumbai,Delivered,0.0
O09581,C01514,2025-02-24,COD,Indore,Delivered,5.0
O09582,C02716,2025-11-28,UPI,Kochi,Delivered,0.0
O09583,C02994,2025-04-26,Card,Chennai,Delivered,10.0
O09584,C00139,2025-03-26,COD,Delhi,Delivered,5.0
O09585,C03726,2025-10-06,Card,Ahmedabad,Delivered,10.0
O09586,C01871,2025-05-22,UPI,Kolkata,Cancelled,15.0
O09587,C02062,2025-04-06,UPI,Pune,Delivered,10.0
O09588,C01996,2025-02-18,UPI,Chennai,Delivered,15.0
O09589,C02819,2025-10-28,UPI,Hyderabad,Delivered,10.0
O09590,C01914,2025-07-24,COD,Pune,Cancelled,15.0
O09591,C04281,2025-12-18,Card,Ahmedabad,Delivered,10.0
O09592,C00743,2025-07-14,UPI,Delhi,Delivered,20.0
O09593,C04182,2025-11-01,Card,Delhi,Delivered,15.0
O09594,C04234,2025-09-07,UPI,Mumbai,Delivered,5.0
O09595,C03538,2025-09-15,UPI,Hyderabad,Delivered,10.0
O09596,C00077,2025-12-25,COD,Lucknow,Delivered,20.0
O09597,C01992,2025-02-28,COD,Mumbai,Delivered,20.0
O09598,C03706,2025-08-09,Card,Bangalore,Delivered,10.0
O09599,C03023,2025-03-01,COD,Bangalore,Delivered,5.0
O09600,C04872,2025-01-22,UPI,Jaipur,Returned,5.0
O09601,C01017,2025-12-11,UPI,Bangalore,Delivered,5.0
O09602,C00097,2025-12-28,Card,Pune,Delivered,0.0
O09603,C00995,2025-02-22,UPI,Chennai,Delivered,30.0
O09604,C01555,2025-10-02,COD,Hyderabad,Delivered,15.0
O09605,C01033,2025-02-18,UPI,Kochi,Delivered,5.0
O09606,C00083,2025-01-17,Card,Jaipur,Delivered,5.0
O09607,C01536,2025-05-07,Card,Delhi,Delivered,5.0
O09608,C04526,2025-06-04,COD,Hyderabad,Delivered,20.0
O09609,C00513,2025-10-02,COD,Pune,Delivered,10.0
O09610,C01923,2025-08-23,UPI,Mumbai,Delivered,5.0
O09611,C01698,2025-10-13,UPI,Hyderabad,Returned,15.0
O09612,C03486,2025-03-19,COD,Hyderabad,Delivered,15.0
O09613,C02561,2025-06-23,Card,Chennai,Delivered,10.0
O09614,C01915,2025-04-16,Card,Pune,Returned,15.0
O09615,C04754,2025-11-16,UPI,Jaipur,Delivered,15.0
O09616,C03977,2025-02-01,Card,Pune,Delivered,0.0
O09617,C00647,2025-10-19,UPI,Mumbai,Delivered,20.0
O09618,C00798,2025-01-10,COD,Kolkata,Delivered,5.0
O09619,C00077,2025-11-11,UPI,Bangalore,Delivered,30.0
O09620,C02684,2025-04-12,UPI,Mumbai,Delivered,20.0
O09621,C00742,2025-04-28,UPI,Jaipur,Delivered,0.0
O09622,C01226,2025-06-06,Card,Indore,Delivered,10.0
O09623,C04203,2025-09-24,Net Banking,Pune,Delivered,25.0
O09624,C00965,2025-09-02,UPI,Lucknow,Delivered,10.0
O09625,C04782,2025-03-20,UPI,Ahmedabad,Delivered,10.0
O09626,C00312,2025-06-09,Card,Ahmedabad,Delivered,25.0
O09627,C02647,2025-04-01,COD,Lucknow,Cancelled,10.0
O09628,C02732,2025-12-24,Net Banking,Indore,Delivered,5.0
O09629,C00633,2025-05-09,UPI,Mumbai,Delivered,10.0
O09630,C04764,2025-01-14,COD,Chennai,Delivered,5.0
O09631,C04695,2025-10-13,UPI,Bangalore,Delivered,0.0
O09632,C03682,2025-06-08,UPI,Jaipur,Delivered,5.0
O09633,C00415,2025-05-09,UPI,Chennai,Delivered,0.0
O09634,C03207,2025-06-23,Net Banking,Bangalore,Delivered,0.0
O09635,C01543,2025-06-23,COD,Lucknow,Delivered,5.0
O09636,C00772,2025-12-27,UPI,Pune,Delivered,15.0
O09637,C04480,2025-02-12,Net Banking,Jaipur,Delivered,5.0
O09638,C02588,2025-10-21,UPI,Bangalore,Delivered,15.0
O09639,C00487,2025-12-11,UPI,Indore,Delivered,30.0
O09640,C01780,2025-10-27,Card,Indore,Delivered,10.0
O09641,C00030,2025-04-19,Net Banking,Bangalore,Cancelled,10.0
O09642,C00130,2025-08-30,Card,Bangalore,Delivered,10.0
O09643,C04215,2025-02-24,COD,Pune,Delivered,5.0
O09644,C02375,2025-02-24,COD,Kochi,Delivered,5.0
O09645,C03984,2025-11-30,UPI,Delhi,Delivered,25.0
O09646,C03142,2025-08-04,UPI,Jaipur,Delivered,10.0
O09647,C00208,2025-04-17,UPI,Jaipur,Delivered,25.0
O09648,C04187,2025-11-09,COD,Pune,Delivered,5.0
O09649,C04216,2025-07-03,Card,Delhi,Delivered,0.0
O09650,C00982,2025-05-10,UPI,Kochi,Delivered,10.0
O09651,C04303,2025-05-04,Card,Ahmedabad,Delivered,20.0
O09652,C04502,2025-02-18,Card,Hyderabad,Delivered,15.0
O09653,C02172,2025-11-16,Card,Kolkata,Delivered,15.0
O09654,C00112,2025-09-10,COD,Ahmedabad,Delivered,10.0
O09655,C04710,2025-12-09,UPI,Indore,Delivered,15.0
O09656,C01410,2025-03-10,Card,Delhi,Delivered,5.0
O09657,C00706,2025-11-14,UPI,Bangalore,Delivered,5.0
O09658,C02780,2025-02-21,COD,Kolkata,Cancelled,15.0
O09659,C04200,2025-02-02,Card,Jaipur,Delivered,15.0
O09660,C02601,2025-01-20,COD,Pune,Delivered,0.0
O09661,C02616,2025-08-17,UPI,Bangalore,Delivered,0.0
O09662,C04858,2025-07-06,Card,Indore,Delivered,15.0
O09663,C02975,2025-07-07,COD,Bangalore,Delivered,0.0
O09664,C00848,2025-07-10,Card,Bangalore,Delivered,0.0
O09665,C02944,2025-04-22,COD,Hyderabad,Delivered,5.0
O09666,C03221,2025-07-03,UPI,Kochi,Delivered,10.0
O09667,C00169,2025-10-20,UPI,Kochi,Delivered,5.0
O09668,C00985,2025-12-28,Card,Jaipur,Delivered,5.0
O09669,C01108,2025-12-27,Card,Lucknow,Delivered,0.0
O09670,C02568,2025-11-03,UPI,Delhi,Delivered,15.0
O09671,C00107,2025-10-12,UPI,Lucknow,Delivered,0.0
O09672,C04981,2025-08-15,Card,Delhi,Delivered,10.0
O09673,C02706,2025-05-17,Card,Indore,Delivered,5.0
O09674,C02079,2025-03-27,UPI,Lucknow,Delivered,5.0
O09675,C03619,2025-10-23,Net Banking,Indore,Delivered,5.0
O09676,C04343,2025-06-20,Card,Pune,Delivered,5.0
O09677,C02974,2025-12-22,Card,Lucknow,Delivered,10.0
O09678,C01554,2025-10-06,Net Banking,Hyderabad,Delivered,15.0
O09679,C02003,2025-12-25,UPI,Jaipur,Delivered,0.0
O09680,C00498,2025-09-09,Card,Delhi,Delivered,5.0
O09681,C04950,2025-01-08,COD,Pune,Delivered,0.0
O09682,C04400,2025-03-15,UPI,Pune,Delivered,25.0
O09683,C01422,2025-11-16,COD,Jaipur,Delivered,10.0
O09684,C03475,2025-05-31,COD,Hyderabad,Delivered,20.0
O09685,C04412,2025-04-03,UPI,Jaipur,Delivered,5.0
O09686,C04374,2025-12-31,UPI,Hyderabad,Returned,20.0
O09687,C00542,2025-04-06,UPI,Mumbai,Delivered,10.0
O09688,C00789,2025-05-22,Card,Hyderabad,Cancelled,10.0
O09689,C00356,2025-03-21,UPI,Chennai,Delivered,10.0
O09690,C03975,2025-12-25,UPI,Hyderabad,Delivered,0.0
O09691,C01227,2025-08-28,COD,Jaipur,Delivered,5.0
O09692,C00250,2025-09-30,Card,Hyderabad,Delivered,10.0
O09693,C04199,2025-01-20,UPI,Chennai,Delivered,10.0
O09694,C03396,2025-01-12,Net Banking,Chennai,Delivered,5.0
O09695,C03970,2025-05-04,COD,Delhi,Delivered,30.0
O09696,C00532,2025-05-02,UPI,Chennai,Delivered,20.0
O09697,C00559,2025-11-24,COD,Chennai,Cancelled,10.0
O09698,C01620,2025-08-17,Card,Kochi,Delivered,25.0
O09699,C01292,2025-03-26,Card,Delhi,Delivered,10.0
O09700,C03125,2025-10-01,UPI,Pune,Delivered,25.0
O09701,C04881,2025-01-29,UPI,Ahmedabad,Delivered,15.0
O09702,C04114,2025-05-15,UPI,Indore,Delivered,5.0
O09703,C01128,2025-02-09,UPI,Pune,Delivered,10.0
O09704,C04248,2025-04-11,Card,Mumbai,Delivered,5.0
O09705,C03912,2025-05-14,Card,Lucknow,Delivered,15.0
O09706,C04969,2025-11-07,UPI,Pune,Delivered,15.0
O09707,C01108,2025-11-25,COD,Bangalore,Delivered,15.0
O09708,C04645,2025-06-30,Card,Delhi,Delivered,10.0
O09709,C01688,2025-07-19,Card,Indore,Delivered,10.0
O09710,C04472,2025-07-28,Net Banking,Kochi,Delivered,30.0
O09711,C04304,2025-03-29,Net Banking,Kolkata,Delivered,0.0
O09712,C04556,2025-05-05,UPI,Hyderabad,Delivered,0.0
O09713,C03476,2025-01-22,Card,Jaipur,Delivered,10.0
O09714,C02578,2025-02-19,COD,Jaipur,Delivered,15.0
O09715,C02533,2025-08-27,UPI,Hyderabad,Delivered,25.0
O09716,C04218,2025-08-02,UPI,Jaipur,Delivered,10.0
O09717,C02030,2025-10-10,UPI,Hyderabad,Delivered,5.0
O09718,C01144,2025-02-17,UPI,Pune,Delivered,20.0
O09719,C04347,2025-03-07,Net Banking,Hyderabad,Cancelled,10.0
O09720,C04992,2025-05-10,COD,Delhi,Delivered,0.0
O09721,C03744,2025-10-29,UPI,Lucknow,Delivered,10.0
O09722,C03591,2025-11-23,COD,Bangalore,Delivered,10.0
O09723,C03799,2025-09-24,UPI,Kolkata,Returned,5.0
O09724,C01748,2025-08-27,UPI,Bangalore,Delivered,0.0
O09725,C04820,2025-01-26,UPI,Kochi,Returned,0.0
O09726,C00218,2025-07-10,UPI,Lucknow,Delivered,20.0
O09727,C02811,2025-02-18,UPI,Bangalore,Delivered,10.0
O09728,C03416,2025-11-15,COD,Chennai,Delivered,15.0
O09729,C01717,2025-01-21,UPI,Ahmedabad,Cancelled,25.0
O09730,C04700,2025-03-20,COD,Bangalore,Delivered,15.0
O09731,C00290,2025-03-21,UPI,Chennai,Delivered,0.0
O09732,C04698,2025-01-09,Card,Lucknow,Delivered,10.0
O09733,C03269,2025-05-29,COD,Ahmedabad,Delivered,10.0
O09734,C02744,2025-02-24,UPI,Delhi,Delivered,15.0
O09735,C00610,2025-10-24,Card,Hyderabad,Delivered,25.0
O09736,C02354,2025-01-06,Card,Pune,Delivered,5.0
O09737,C00536,2025-09-14,UPI,Kochi,Delivered,20.0
O09738,C03292,2025-12-17,UPI,Ahmedabad,Delivered,0.0
O09739,C03758,2025-07-11,Card,Delhi,Delivered,20.0
O09740,C00757,2025-08-17,UPI,Lucknow,Returned,15.0
O09741,C03850,2025-09-04,UPI,Bangalore,Delivered,0.0
O09742,C00354,2025-10-09,Card,Indore,Delivered,10.0
O09743,C04831,2025-09-14,Net Banking,Kochi,Delivered,25.0
O09744,C03892,2025-09-14,UPI,Ahmedabad,Delivered,10.0
O09745,C04331,2025-04-03,COD,Kolkata,Delivered,0.0
O09746,C00306,2025-08-02,Net Banking,Mumbai,Delivered,30.0
O09747,C02996,2025-10-21,UPI,Bangalore,Delivered,10.0
O09748,C03709,2025-02-10,Card,Hyderabad,Delivered,10.0
O09749,C02215,2025-06-05,UPI,Bangalore,Delivered,25.0
O09750,C04149,2025-05-13,COD,Hyderabad,Delivered,10.0
O09751,C01210,2025-11-15,UPI,Indore,Delivered,15.0
O09752,C00276,2025-03-27,UPI,Ahmedabad,Cancelled,15.0
O09753,C00147,2025-03-25,Card,Delhi,Delivered,15.0
O09754,C03549,2025-12-31,COD,Hyderabad,Delivered,15.0
O09755,C04726,2025-09-05,UPI,Hyderabad,Delivered,0.0
O09756,C01954,2025-12-26,Card,Chennai,Delivered,25.0
O09757,C00852,2025-02-04,Net Banking,Delhi,Delivered,10.0
O09758,C04524,2025-09-06,COD,Indore,Delivered,10.0
O09759,C00488,2025-11-27,Card,Lucknow,Delivered,20.0
O09760,C01554,2025-05-05,Net Banking,Lucknow,Delivered,5.0
O09761,C01762,2025-02-21,COD,Hyderabad,Delivered,15.0
O09762,C03184,2025-10-16,COD,Lucknow,Delivered,5.0
O09763,C00584,2025-09-27,COD,Bangalore,Delivered,15.0
O09764,C04712,2025-08-09,COD,Kolkata,Delivered,10.0
O09765,C04311,2025-11-05,Card,Lucknow,Delivered,5.0
O09766,C04606,2025-03-02,Card,Ahmedabad,Delivered,20.0
O09767,C00511,2025-09-26,UPI,Hyderabad,Delivered,15.0
O09768,C04122,2025-01-15,UPI,Kolkata,Delivered,0.0
O09769,C03814,2025-11-07,COD,Hyderabad,Delivered,0.0
O09770,C02241,2025-06-30,Card,Bangalore,Delivered,5.0
O09771,C02151,2025-07-19,COD,Delhi,Cancelled,15.0
O09772,C03203,2025-10-30,Net Banking,Pune,Delivered,5.0
O09773,C00343,2025-12-19,Card,Bangalore,Delivered,30.0
O09774,C01424,2025-03-16,UPI,Indore,Delivered,20.0
O09775,C03868,2025-09-01,Card,Mumbai,Delivered,20.0
O09776,C04396,2025-09-28,UPI,Lucknow,Delivered,0.0
O09777,C00146,2025-01-21,Card,Delhi,Delivered,25.0
O09778,C02818,2025-02-05,Card,Kolkata,Delivered,10.0
O09779,C04558,2025-07-17,Card,Indore,Delivered,10.0
O09780,C00916,2025-06-02,UPI,Hyderabad,Delivered,0.0
O09781,C04920,2025-02-13,UPI,Jaipur,Delivered,10.0
O09782,C01912,2025-05-09,UPI,Bangalore,Cancelled,10.0
O09783,C03702,2025-02-11,Card,Kolkata,Delivered,10.0
O09784,C01340,2025-02-02,Card,Kolkata,Delivered,5.0
O09785,C02247,2025-12-25,Card,Hyderabad,Delivered,10.0
O09786,C03918,2025-10-23,UPI,Bangalore,Delivered,0.0
O09787,C02952,2025-12-19,COD,Jaipur,Delivered,0.0
O09788,C00498,2025-04-25,Net Banking,Bangalore,Returned,5.0
O09789,C02949,2025-12-24,UPI,Kochi,Delivered,15.0
O09790,C00791,2025-07-22,Card,Bangalore,Delivered,10.0
O09791,C04201,2025-03-05,UPI,Delhi,Delivered,20.0
O09792,C00010,2025-10-11,COD,Bangalore,Delivered,5.0
O09793,C03099,2025-08-11,Card,Kolkata,Delivered,5.0
O09794,C02817,2025-12-02,Card,Pune,Delivered,15.0
O09795,C00327,2025-07-29,UPI,Jaipur,Delivered,10.0
O09796,C03567,2025-03-27,COD,Indore,Returned,5.0
O09797,C00883,2025-08-15,UPI,Kolkata,Delivered,10.0
O09798,C01672,2025-12-28,Net Banking,Hyderabad,Delivered,0.0
O09799,C00738,2025-10-31,UPI,Mumbai,Cancelled,5.0
O09800,C02175,2025-07-04,UPI,Pune,Delivered,10.0
O09801,C00924,2025-09-22,Card,Indore,Delivered,10.0
O09802,C04267,2025-06-22,COD,Indore,Delivered,10.0
O09803,C04483,2025-08-04,Card,Ahmedabad,Returned,5.0
O09804,C02825,2025-03-24,UPI,Delhi,Cancelled,10.0
O09805,C01154,2025-03-19,COD,Bangalore,Delivered,25.0
O09806,C02071,2025-11-18,Card,Mumbai,Delivered,20.0
O09807,C04601,2025-12-12,UPI,Mumbai,Delivered,10.0
O09808,C00921,2025-03-13,Card,Hyderabad,Delivered,20.0
O09809,C03483,2025-09-28,Card,Pune,Delivered,15.0
O09810,C01444,2025-12-31,Card,Chennai,Delivered,10.0
O09811,C04508,2025-10-23,COD,Indore,Delivered,15.0
O09812,C02802,2025-05-21,COD,Indore,Delivered,5.0
O09813,C01776,2025-07-27,COD,Lucknow,Delivered,20.0
O09814,C00029,2025-12-08,Card,Kochi,Delivered,5.0
O09815,C02293,2025-02-02,UPI,Bangalore,Delivered,15.0
O09816,C03704,2025-04-19,COD,Chennai,Cancelled,5.0
O09817,C00826,2025-06-11,Net Banking,Ahmedabad,Delivered,20.0
O09818,C03742,2025-01-16,UPI,Kochi,Delivered,5.0
O09819,C00139,2025-01-14,Card,Indore,Delivered,15.0
O09820,C04453,2025-08-19,COD,Mumbai,Delivered,10.0
O09821,C02260,2025-09-03,Card,Ahmedabad,Delivered,0.0
O09822,C01163,2025-02-15,Net Banking,Hyderabad,Delivered,5.0
O09823,C03440,2025-11-02,Card,Bangalore,Delivered,5.0
O09824,C02534,2025-04-23,Card,Kochi,Delivered,10.0
O09825,C01360,2025-02-12,UPI,Jaipur,Delivered,5.0
O09826,C02226,2025-02-17,COD,Lucknow,Delivered,0.0
O09827,C02561,2025-07-11,UPI,Ahmedabad,Returned,25.0
O09828,C03673,2025-07-21,Net Banking,Chennai,Delivered,20.0
O09829,C02161,2025-05-22,UPI,Kolkata,Delivered,0.0
O09830,C00283,2025-07-08,UPI,Indore,Delivered,5.0
O09831,C01140,2025-08-07,Card,Indore,Delivered,10.0
O09832,C01798,2025-09-09,Card,Bangalore,Delivered,5.0
O09833,C04137,2025-10-04,Card,Mumbai,Delivered,5.0
O09834,C02980,2025-11-07,UPI,Chennai,Delivered,10.0
O09835,C01191,2025-04-26,Card,Chennai,Delivered,5.0
O09836,C01245,2025-12-30,Net Banking,Ahmedabad,Delivered,10.0
O09837,C04409,2025-01-02,Net Banking,Chennai,Delivered,0.0
O09838,C01931,2025-01-13,UPI,Chennai,Delivered,5.0
O09839,C02519,2025-10-04,Card,Delhi,Delivered,0.0
O09840,C00048,2025-09-09,COD,Pune,Delivered,5.0
O09841,C00134,2025-08-16,Card,Hyderabad,Delivered,15.0
O09842,C03047,2025-05-26,UPI,Chennai,Delivered,15.0
O09843,C02365,2025-08-05,Card,Lucknow,Returned,0.0
O09844,C03510,2025-08-25,COD,Mumbai,Delivered,15.0
O09845,C03507,2025-10-21,UPI,Kolkata,Delivered,0.0
O09846,C02134,2025-09-13,UPI,Delhi,Delivered,5.0
O09847,C04095,2025-10-08,UPI,Indore,Delivered,10.0
O09848,C02538,2025-06-15,COD,Indore,Delivered,25.0
O09849,C02472,2025-05-23,COD,Pune,Delivered,25.0
O09850,C02435,2025-08-26,UPI,Jaipur,Delivered,10.0
O09851,C04336,2025-04-07,COD,Delhi,Delivered,15.0
O09852,C03523,2025-07-11,UPI,Pune,Delivered,10.0
O09853,C02306,2025-10-15,Card,Jaipur,Delivered,15.0
O09854,C04140,2025-02-12,Card,Chennai,Delivered,15.0
O09855,C01811,2025-09-26,Card,Ahmedabad,Delivered,15.0
O09856,C00664,2025-07-28,COD,Ahmedabad,Delivered,10.0
O09857,C03055,2025-11-30,Card,Indore,Delivered,20.0
O09858,C04850,2025-01-25,UPI,Pune,Delivered,10.0
O09859,C04201,2025-11-01,UPI,Bangalore,Cancelled,15.0
O09860,C03493,2025-03-29,Net Banking,Chennai,Delivered,20.0
O09861,C00954,2025-04-30,UPI,Kochi,Delivered,15.0
O09862,C01674,2025-08-13,COD,Jaipur,Delivered,10.0
O09863,C01343,2025-05-16,Card,Jaipur,Delivered,10.0
O09864,C03492,2025-09-08,UPI,Indore,Returned,15.0
O09865,C02743,2025-07-30,COD,Hyderabad,Delivered,0.0
O09866,C02105,2025-01-11,COD,Ahmedabad,Delivered,10.0
O09867,C00240,2025-01-10,UPI,Kolkata,Delivered,5.0
O09868,C02625,2025-11-11,UPI,Jaipur,Cancelled,0.0
O09869,C03050,2025-03-06,COD,Mumbai,Delivered,20.0
O09870,C02110,2025-03-21,Card,Mumbai,Delivered,10.0
O09871,C04248,2025-04-02,Card,Pune,Delivered,10.0
O09872,C04226,2025-05-13,Card,Kolkata,Delivered,10.0
O09873,C01464,2025-04-22,Card,Lucknow,Delivered,10.0
O09874,C00400,2025-07-14,UPI,Kolkata,Delivered,5.0
O09875,C02722,2025-03-28,Card,Mumbai,Delivered,10.0
O09876,C01938,2025-06-11,UPI,Jaipur,Delivered,5.0
O09877,C04637,2025-12-14,Card,Mumbai,Delivered,15.0
O09878,C00182,2025-01-01,Card,Jaipur,Cancelled,15.0
O09879,C01075,2025-04-29,COD,Indore,Delivered,0.0
O09880,C02574,2025-09-11,Net Banking,Chennai,Delivered,15.0
O09881,C02398,2025-07-10,COD,Chennai,Delivered,5.0
O09882,C01082,2025-10-17,Card,Pune,Delivered,5.0
O09883,C00419,2025-12-17,UPI,Indore,Delivered,5.0
O09884,C01161,2025-10-15,UPI,Chennai,Delivered,10.0
O09885,C00640,2025-04-26,Card,Hyderabad,Delivered,0.0
O09886,C02085,2025-07-18,Card,Delhi,Delivered,15.0
O09887,C04590,2025-08-23,UPI,Delhi,Delivered,10.0
O09888,C00359,2025-08-18,Net Banking,Delhi,Cancelled,0.0
O09889,C01804,2025-08-14,UPI,Bangalore,Delivered,10.0
O09890,C00539,2025-07-15,Card,Delhi,Delivered,10.0
O09891,C04440,2025-10-05,Card,Kolkata,Delivered,5.0
O09892,C02219,2025-06-06,Card,Hyderabad,Delivered,20.0
O09893,C01714,2025-12-20,Card,Lucknow,Cancelled,15.0
O09894,C00866,2025-10-28,UPI,Kolkata,Returned,15.0
O09895,C02068,2025-06-22,Net Banking,Delhi,Delivered,0.0
O09896,C02351,2025-11-19,Net Banking,Ahmedabad,Delivered,10.0
O09897,C00776,2025-01-21,Card,Chennai,Delivered,20.0
O09898,C03269,2025-07-07,UPI,Delhi,Delivered,15.0
O09899,C04672,2025-10-12,UPI,Kolkata,Delivered,5.0
O09900,C03628,2025-10-16,UPI,Kolkata,Delivered,20.0
O09901,C01036,2025-06-16,Card,Indore,Cancelled,5.0
O09902,C00361,2025-07-09,Card,Delhi,Delivered,20.0
O09903,C02820,2025-03-31,Card,Jaipur,Delivered,10.0
O09904,C00296,2025-10-28,Card,Kolkata,Delivered,15.0
O09905,C01427,2025-03-14,COD,Ahmedabad,Delivered,10.0
O09906,C03510,2025-03-23,UPI,Jaipur,Delivered,5.0
O09907,C02817,2025-01-11,Card,Pune,Delivered,15.0
O09908,C02866,2025-09-06,Card,Delhi,Delivered,0.0
O09909,C00693,2025-06-09,Net Banking,Bangalore,Cancelled,20.0
O09910,C04596,2025-04-17,COD,Jaipur,Delivered,25.0
O09911,C01068,2025-04-01,Card,Kolkata,Delivered,5.0
O09912,C01133,2025-08-29,COD,Delhi,Delivered,20.0
O09913,C01122,2025-07-23,Net Banking,Indore,Delivered,0.0
O09914,C01242,2025-11-12,COD,Pune,Delivered,10.0
O09915,C00947,2025-12-24,UPI,Kochi,Delivered,5.0
O09916,C03148,2025-05-29,Card,Jaipur,Delivered,5.0
O09917,C01616,2025-09-19,COD,Pune,Delivered,15.0
O09918,C04660,2025-06-15,Card,Lucknow,Cancelled,15.0
O09919,C00063,2025-04-26,Card,Jaipur,Delivered,20.0
O09920,C00394,2025-01-08,UPI,Pune,Delivered,0.0
O09921,C01527,2025-08-17,Card,Lucknow,Delivered,20.0
O09922,C01502,2025-03-11,Card,Ahmedabad,Returned,0.0
O09923,C00520,2025-07-10,UPI,Ahmedabad,Cancelled,10.0
O09924,C00389,2025-06-11,COD,Indore,Delivered,0.0
O09925,C00588,2025-06-26,UPI,Ahmedabad,Delivered,20.0
O09926,C03498,2025-02-09,Card,Mumbai,Delivered,10.0
O09927,C03062,2025-12-08,COD,Mumbai,Delivered,10.0
O09928,C04732,2025-01-29,Card,Mumbai,Delivered,10.0
O09929,C02572,2025-01-09,Card,Pune,Delivered,10.0
O09930,C00280,2025-10-04,UPI,Ahmedabad,Delivered,10.0
O09931,C03117,2025-10-15,Card,Kochi,Delivered,10.0
O09932,C03473,2025-03-13,Net Banking,Bangalore,Delivered,15.0
O09933,C01985,2025-07-02,COD,Ahmedabad,Delivered,5.0
O09934,C02282,2025-01-10,Card,Lucknow,Delivered,15.0
O09935,C04282,2025-06-26,Card,Ahmedabad,Delivered,20.0
O09936,C00805,2025-03-28,UPI,Chennai,Delivered,20.0
O09937,C00075,2025-03-25,Card,Delhi,Delivered,25.0
O09938,C02986,2025-03-27,UPI,Bangalore,Delivered,25.0
O09939,C00710,2025-10-24,COD,Kolkata,Delivered,0.0
O09940,C03663,2025-07-26,UPI,Pune,Delivered,20.0
O09941,C04631,2025-10-14,UPI,Pune,Delivered,20.0
O09942,C01431,2025-04-19,UPI,Chennai,Delivered,5.0
O09943,C04992,2025-02-01,Card,Hyderabad,Delivered,15.0
O09944,C00647,2025-01-13,Card,Jaipur,Cancelled,25.0
O09945,C02039,2025-08-01,UPI,Pune,Delivered,0.0
O09946,C04134,2025-04-28,Card,Mumbai,Delivered,5.0
O09947,C03939,2025-04-16,Card,Mumbai,Delivered,25.0
O09948,C02216,2025-01-15,UPI,Mumbai,Delivered,10.0
O09949,C03357,2025-11-16,UPI,Lucknow,Delivered,0.0
O09950,C00103,2025-08-01,COD,Mumbai,Delivered,25.0
O09951,C00145,2025-07-07,UPI,Chennai,Cancelled,20.0
O09952,C00755,2025-08-22,Card,Kochi,Delivered,15.0
O09953,C04058,2025-09-21,Card,Chennai,Delivered,15.0
O09954,C04462,2025-08-11,Card,Ahmedabad,Delivered,10.0
O09955,C01831,2025-08-01,Card,Chennai,Delivered,20.0
O09956,C03710,2025-05-25,UPI,Lucknow,Delivered,5.0
O09957,C00083,2025-01-05,Net Banking,Ahmedabad,Delivered,5.0
O09958,C01312,2025-05-21,UPI,Hyderabad,Delivered,5.0
O09959,C03340,2025-01-21,UPI,Kochi,Delivered,10.0
O09960,C03695,2025-04-27,Card,Kolkata,Delivered,5.0
O09961,C03932,2025-04-25,Net Banking,Kochi,Cancelled,5.0
O09962,C03448,2025-02-13,UPI,Kolkata,Delivered,15.0
O09963,C03669,2025-07-23,Card,Delhi,Delivered,10.0
O09964,C01616,2025-11-05,Card,Jaipur,Delivered,15.0
O09965,C04247,2025-11-18,UPI,Lucknow,Delivered,10.0
O09966,C02804,2025-12-27,Card,Lucknow,Delivered,0.0
O09967,C04826,2025-05-06,Card,Indore,Delivered,15.0
O09968,C02063,2025-04-30,Card,Lucknow,Delivered,0.0
O09969,C04197,2025-08-02,UPI,Chennai,Delivered,25.0
O09970,C00780,2025-11-09,Net Banking,Ahmedabad,Delivered,20.0
O09971,C01059,2025-11-07,UPI,Lucknow,Delivered,25.0
O09972,C02399,2025-05-10,Card,Lucknow,Delivered,5.0
O09973,C03005,2025-04-04,COD,Kolkata,Cancelled,10.0
O09974,C02331,2025-03-06,UPI,Delhi,Delivered,5.0
O09975,C04733,2025-07-24,UPI,Lucknow,Delivered,10.0
O09976,C01760,2025-07-06,UPI,Hyderabad,Delivered,5.0
O09977,C04621,2025-07-31,COD,Hyderabad,Delivered,20.0
O09978,C04261,2025-07-10,Card,Hyderabad,Delivered,0.0
O09979,C00428,2025-09-18,COD,Mumbai,Delivered,5.0
O09980,C03877,2025-11-18,UPI,Hyderabad,Delivered,5.0
O09981,C02491,2025-03-31,Net Banking,Chennai,Delivered,15.0
O09982,C02117,2025-09-02,UPI,Chennai,Delivered,10.0
O09983,C02322,2025-05-30,COD,Delhi,Returned,0.0
O09984,C00560,2025-05-20,UPI,Chennai,Returned,10.0
O09985,C04945,2025-10-20,UPI,Kochi,Cancelled,20.0
O09986,C01386,2025-04-29,UPI,Bangalore,Delivered,10.0
O09987,C02618,2025-09-04,UPI,Bangalore,Delivered,10.0
O09988,C01955,2025-04-08,UPI,Pune,Delivered,10.0
O09989,C00590,2025-06-19,UPI,Kochi,Delivered,5.0
O09990,C00499,2025-11-06,UPI,Pune,Delivered,0.0
O09991,C02823,2025-03-08,Card,Jaipur,Delivered,5.0
O09992,C01530,2025-02-25,UPI,Jaipur,Delivered,25.0
O09993,C01639,2025-02-15,Card,Indore,Delivered,5.0
O09994,C01133,2025-01-05,Net Banking,Lucknow,Delivered,5.0
O09995,C04484,2025-02-25,UPI,Indore,Delivered,10.0
O09996,C00416,2025-05-31,UPI,Pune,Delivered,
O09997,C04997,2025-11-14,UPI,Indore,Delivered,5.0
O09998,C01592,2025-05-21,COD,Kochi,Delivered,5.0
O09999,C04408,2025-11-11,UPI,Jaipur,Delivered,20.0
O10000,C03884,2025-10-11,UPI,Kochi,Delivered,15.0
O10001,C01608,2025-01-06,COD,Indore,Delivered,15.0
O10002,C03725,2025-07-08,UPI,Jaipur,Delivered,10.0
O10003,C01716,2025-11-13,Card,Delhi,Delivered,10.0
O10004,C00203,2025-08-07,UPI,Kolkata,Delivered,10.0
O10005,C03855,2025-06-22,UPI,Bangalore,Delivered,5.0
O10006,C03960,2025-04-03,UPI,Mumbai,Delivered,15.0
O10007,C00110,2025-01-12,Card,Ahmedabad,Delivered,10.0
O10008,C04178,2025-06-12,COD,Jaipur,Delivered,15.0
O10009,C00769,2025-11-14,UPI,Jaipur,Delivered,15.0
O10010,C00139,2025-01-05,UPI,Indore,Delivered,0.0
O10011,C00221,2025-03-07,UPI,Jaipur,Delivered,15.0
O10012,C00861,2025-07-22,UPI,Lucknow,Delivered,5.0
O10013,C03928,2025-11-20,Card,Bangalore,Delivered,5.0
O10014,C02388,2025-12-08,COD,Lucknow,Delivered,15.0
O10015,C02526,2025-07-12,UPI,Ahmedabad,Delivered,25.0
O10016,C01446,2025-12-31,Card,Chennai,Delivered,15.0
O10017,C01610,2025-12-02,COD,Delhi,Delivered,5.0
O10018,C00199,2025-03-07,Card,Hyderabad,Delivered,15.0
O10019,C02864,2025-06-18,Card,Kolkata,Delivered,5.0
O10020,C01161,2025-06-04,Card,Bangalore,Delivered,10.0
O10021,C01370,2025-03-17,UPI,Delhi,Delivered,0.0
O10022,C03572,2025-09-18,UPI,Mumbai,Delivered,20.0
O10023,C02223,2025-05-13,UPI,Indore,Cancelled,10.0
O10024,C00489,2025-12-08,UPI,Bangalore,Delivered,20.0
O10025,C03541,2025-05-21,COD,Indore,Delivered,5.0
O10026,C02868,2025-12-02,Card,Kochi,Delivered,0.0
O10027,C02428,2025-12-12,COD,Jaipur,Cancelled,15.0
O10028,C01878,2025-05-17,UPI,Indore,Returned,20.0
O10029,C04538,2025-06-25,COD,Indore,Delivered,0.0
O10030,C00865,2025-10-15,UPI,Lucknow,Delivered,10.0
O10031,C02181,2025-12-05,UPI,Delhi,Delivered,0.0
O10032,C03029,2025-02-05,Card,Indore,Delivered,0.0
O10033,C03099,2025-05-23,Net Banking,Lucknow,Delivered,10.0
O10034,C03329,2025-05-17,Card,Bangalore,Delivered,25.0
O10035,C03635,2025-01-16,Card,Delhi,Returned,10.0
O10036,C00656,2025-09-07,Card,Bangalore,Delivered,10.0
O10037,C01380,2025-01-06,Card,Bangalore,Delivered,5.0
O10038,C00236,2025-03-13,UPI,Jaipur,Cancelled,5.0
O10039,C00989,2025-06-10,Card,Bangalore,Delivered,5.0
O10040,C01383,2025-08-12,Card,Indore,Delivered,5.0
O10041,C00815,2025-12-22,COD,Chennai,Cancelled,0.0
O10042,C02967,2025-11-11,UPI,Chennai,Delivered,15.0
O10043,C01690,2025-02-05,Card,Bangalore,Delivered,5.0
O10044,C03801,2025-02-03,Card,Jaipur,Delivered,0.0
O10045,C02487,2025-01-13,UPI,Chennai,Delivered,10.0
O10046,C01666,2025-07-21,Card,Mumbai,Delivered,25.0
O10047,C02636,2025-02-26,Card,Lucknow,Delivered,15.0
O10048,C03987,2025-01-07,Card,Pune,Delivered,5.0
O10049,C01824,2025-11-11,UPI,Jaipur,Delivered,10.0
O10050,C04089,2025-04-21,COD,Lucknow,Delivered,20.0
O10051,C00611,2025-04-26,Net Banking,Lucknow,Delivered,0.0
O10052,C01336,2025-11-03,UPI,Indore,Delivered,5.0
O10053,C03869,2025-09-16,COD,Kolkata,Delivered,5.0
O10054,C04326,2025-06-04,Card,Chennai,Delivered,10.0
O10055,C03693,2025-07-25,Card,Indore,Delivered,10.0
O10056,C04436,2025-11-06,COD,Jaipur,Delivered,10.0
O10057,C03567,2025-04-04,COD,Indore,Delivered,0.0
O10058,C02212,2025-07-11,UPI,Mumbai,Delivered,10.0
O10059,C02164,2025-10-17,UPI,Chennai,Delivered,5.0
O10060,C00071,2025-10-06,COD,Lucknow,Delivered,25.0
O10061,C01750,2025-02-17,Card,Hyderabad,Delivered,15.0
O10062,C04946,2025-02-24,UPI,Delhi,Delivered,20.0
O10063,C00342,2025-01-17,Net Banking,Kochi,Delivered,15.0
O10064,C04684,2025-12-01,UPI,Jaipur,Delivered,0.0
O10065,C02827,2025-03-03,Card,Lucknow,Delivered,10.0
O10066,C03832,2025-05-05,Card,Kochi,Delivered,15.0
O10067,C02380,2025-08-25,Card,Ahmedabad,Delivered,10.0
O10068,C03870,2025-03-02,UPI,Kolkata,Delivered,15.0
O10069,C04203,2025-02-13,UPI,Chennai,Delivered,25.0
O10070,C03274,2025-11-23,UPI,Ahmedabad,Delivered,5.0
O10071,C02440,2025-05-08,COD,Kochi,Delivered,30.0
O10072,C04326,2025-09-16,Card,Kochi,Returned,0.0
O10073,C02068,2025-07-20,COD,Indore,Delivered,25.0
O10074,C03540,2025-11-19,Card,Bangalore,Delivered,5.0
O10075,C04748,2025-04-22,UPI,Ahmedabad,Delivered,15.0
O10076,C00472,2025-12-21,Net Banking,Hyderabad,Delivered,15.0
O10077,C03766,2025-05-23,UPI,Pune,Delivered,15.0
O10078,C04170,2025-07-26,UPI,Kolkata,Delivered,10.0
O10079,C00654,2025-12-25,Card,Indore,Delivered,0.0
O10080,C00462,2025-05-20,UPI,Lucknow,Delivered,15.0
O10081,C01174,2025-08-15,UPI,Hyderabad,Returned,10.0
O10082,C01668,2025-11-15,COD,Kochi,Delivered,5.0
O10083,C03746,2025-05-16,UPI,Kochi,Delivered,5.0
O10084,C03322,2025-10-17,Card,Kolkata,Delivered,5.0
O10085,C00640,2025-07-19,COD,Indore,Delivered,20.0
O10086,C04370,2025-10-05,Net Banking,Kochi,Delivered,15.0
O10087,C00482,2025-11-02,UPI,Kochi,Delivered,20.0
O10088,C00082,2025-05-20,UPI,Mumbai,Delivered,0.0
O10089,C03304,2025-05-30,COD,Bangalore,Delivered,15.0
O10090,C04127,2025-04-01,UPI,Kolkata,Delivered,5.0
O10091,C02794,2025-07-05,Card,Indore,Delivered,15.0
O10092,C01108,2025-03-23,Card,Pune,Delivered,20.0
O10093,C03786,2025-01-19,Card,Ahmedabad,Delivered,15.0
O10094,C00251,2025-05-13,Card,Delhi,Delivered,20.0
O10095,C02435,2025-09-29,COD,Delhi,Returned,5.0
O10096,C01621,2025-06-18,UPI,Chennai,Delivered,10.0
O10097,C01719,2025-01-19,Card,Kochi,Delivered,10.0
O10098,C00266,2025-09-10,UPI,Kochi,Delivered,20.0
O10099,C00022,2025-12-30,UPI,Pune,Returned,10.0
O10100,C02124,2025-07-12,UPI,Kolkata,Cancelled,15.0
O10101,C01511,2025-10-05,Card,Pune,Delivered,10.0
O10102,C03853,2025-05-25,Net Banking,Mumbai,Delivered,20.0
O10103,C04776,2025-02-04,COD,Lucknow,Delivered,10.0
O10104,C02939,2025-06-16,UPI,Bangalore,Delivered,0.0
O10105,C03423,2025-09-01,Card,Hyderabad,Delivered,25.0
O10106,C00240,2025-03-14,UPI,Kolkata,Delivered,10.0
O10107,C00051,2025-11-07,COD,Pune,Delivered,15.0
O10108,C03008,2025-05-13,COD,Bangalore,Delivered,15.0
O10109,C00476,2025-03-14,UPI,Bangalore,Delivered,10.0
O10110,C02005,2025-04-25,UPI,Chennai,Delivered,25.0
O10111,C04990,2025-09-24,UPI,Bangalore,Delivered,15.0
O10112,C00157,2025-11-30,UPI,Mumbai,Delivered,5.0
O10113,C04762,2025-04-20,Card,Delhi,Delivered,30.0
O10114,C02784,2025-06-17,UPI,Bangalore,Delivered,30.0
O10115,C02020,2025-08-04,UPI,Ahmedabad,Returned,5.0
O10116,C01687,2025-12-06,Card,Mumbai,Delivered,30.0
O10117,C04171,2025-04-07,COD,Mumbai,Delivered,10.0
O10118,C03859,2025-03-21,Card,Ahmedabad,Delivered,5.0
O10119,C02415,2025-08-05,UPI,Pune,Delivered,25.0
O10120,C02804,2025-07-05,UPI,Delhi,Delivered,0.0
O10121,C03250,2025-03-05,UPI,Chennai,Delivered,10.0
O10122,C02156,2025-03-08,UPI,Delhi,Returned,20.0
O10123,C01827,2025-04-06,Net Banking,Lucknow,Delivered,20.0
O10124,C03758,2025-02-03,UPI,Lucknow,Delivered,0.0
O10125,C00093,2025-12-11,UPI,Chennai,Delivered,10.0
O10126,C04277,2025-08-22,UPI,Jaipur,Delivered,0.0
O10127,C00671,2025-06-12,COD,Delhi,Delivered,5.0
O10128,C02144,2025-06-06,Card,Lucknow,Delivered,25.0
O10129,C00232,2025-10-08,COD,Delhi,Delivered,20.0
O10130,C03990,2025-01-28,Card,Bangalore,Delivered,15.0
O10131,C01603,2025-03-10,Net Banking,Chennai,Delivered,20.0
O10132,C02952,2025-11-28,UPI,Delhi,Delivered,5.0
O10133,C01773,2025-12-04,UPI,Delhi,Delivered,20.0
O10134,C02067,2025-08-18,Card,Indore,Delivered,15.0
O10135,C01311,2025-12-16,Card,Kolkata,Delivered,15.0
O10136,C00159,2025-05-17,Card,Mumbai,Delivered,0.0
O10137,C03779,2025-04-22,Card,Mumbai,Delivered,5.0
O10138,C01587,2025-10-26,Card,Ahmedabad,Delivered,0.0
O10139,C00378,2025-01-25,Net Banking,Delhi,Delivered,0.0
O10140,C03296,2025-04-04,Net Banking,Kolkata,Delivered,5.0
O10141,C00714,2025-03-07,UPI,Mumbai,Delivered,10.0
O10142,C04188,2025-01-17,Card,Chennai,Delivered,15.0
O10143,C02224,2025-04-19,Card,Indore,Returned,0.0
O10144,C04072,2025-10-05,UPI,Jaipur,Delivered,0.0
O10145,C02783,2025-01-10,UPI,Jaipur,Delivered,20.0
O10146,C00738,2025-12-12,Card,Ahmedabad,Delivered,0.0
O10147,C02501,2025-05-21,Net Banking,Jaipur,Delivered,10.0
O10148,C03147,2025-10-25,UPI,Jaipur,Delivered,0.0
O10149,C01864,2025-01-28,COD,Indore,Delivered,10.0
O10150,C00492,2025-04-10,UPI,Jaipur,Delivered,0.0
O10151,C03005,2025-07-06,Card,Kochi,Delivered,15.0
O10152,C03614,2025-09-24,UPI,Mumbai,Returned,0.0
O10153,C01530,2025-07-27,UPI,Delhi,Delivered,10.0
O10154,C00946,2025-12-03,COD,Kolkata,Delivered,10.0
O10155,C03641,2025-11-07,Net Banking,Bangalore,Delivered,25.0
O10156,C00702,2025-09-18,UPI,Hyderabad,Delivered,10.0
O10157,C03957,2025-03-10,Card,Indore,Delivered,0.0
O10158,C02485,2025-02-07,Card,Mumbai,Delivered,10.0
O10159,C02756,2025-03-07,UPI,Kolkata,Delivered,15.0
O10160,C03269,2025-08-23,UPI,Chennai,Delivered,5.0
O10161,C03103,2025-03-05,COD,Kolkata,Delivered,10.0
O10162,C01868,2025-08-23,UPI,Hyderabad,Delivered,0.0
O10163,C04126,2025-06-02,UPI,Kochi,Delivered,10.0
O10164,C03806,2025-06-29,Net Banking,Kochi,Delivered,0.0
O10165,C03034,2025-06-15,UPI,Hyderabad,Delivered,5.0
O10166,C04780,2025-11-29,UPI,Jaipur,Delivered,10.0
O10167,C00390,2025-10-02,COD,Jaipur,Delivered,15.0
O10168,C01244,2025-04-09,Card,Bangalore,Delivered,5.0
O10169,C03348,2025-01-25,Card,Kochi,Delivered,30.0
O10170,C00012,2025-10-31,UPI,Ahmedabad,Delivered,5.0
O10171,C01517,2025-03-14,Net Banking,Chennai,Delivered,0.0
O10172,C01621,2025-02-04,UPI,Bangalore,Delivered,20.0
O10173,C01758,2025-05-23,UPI,Indore,Delivered,10.0
O10174,C00049,2025-08-02,UPI,Chennai,Delivered,15.0
O10175,C01716,2025-07-24,Card,Hyderabad,Delivered,15.0
O10176,C00261,2025-11-01,COD,Pune,Delivered,
O10177,C00320,2025-08-05,UPI,Delhi,Delivered,5.0
O10178,C04282,2025-12-11,UPI,Jaipur,Delivered,
O10179,C02277,2025-08-20,Card,Delhi,Delivered,15.0
O10180,C01928,2025-03-27,Net Banking,Bangalore,Delivered,0.0
O10181,C02833,2025-06-18,UPI,Delhi,Delivered,5.0
O10182,C04117,2025-05-05,Card,Pune,Delivered,5.0
O10183,C00016,2025-11-25,Card,Kochi,Delivered,5.0
O10184,C02528,2025-08-24,COD,Bangalore,Delivered,15.0
O10185,C03867,2025-05-25,COD,Kolkata,Delivered,10.0
O10186,C04102,2025-04-15,UPI,Pune,Cancelled,15.0
O10187,C02346,2025-12-10,Card,Lucknow,Returned,10.0
O10188,C00941,2025-09-21,UPI,Indore,Delivered,25.0
O10189,C00259,2025-05-14,Card,Delhi,Delivered,10.0
O10190,C01064,2025-01-09,UPI,Pune,Delivered,10.0
O10191,C00276,2025-01-15,UPI,Kolkata,Delivered,5.0
O10192,C02792,2025-03-05,UPI,Pune,Delivered,0.0
O10193,C02567,2025-06-27,Net Banking,Jaipur,Delivered,15.0
O10194,C04923,2025-05-04,Card,Kochi,Delivered,20.0
O10195,C01931,2025-01-11,UPI,Chennai,Delivered,20.0
O10196,C03583,2025-04-05,UPI,Delhi,Cancelled,15.0
O10197,C01332,2025-04-30,UPI,Bangalore,Delivered,5.0
O10198,C01557,2025-10-28,UPI,Delhi,Delivered,10.0
O10199,C00480,2025-09-03,Card,Kolkata,Delivered,15.0
O10200,C04510,2025-03-18,COD,Indore,Delivered,10.0
O10201,C03047,2025-04-04,COD,Mumbai,Cancelled,25.0
O10202,C03595,2025-11-11,COD,Kolkata,Delivered,15.0
O10203,C01489,2025-06-02,UPI,Chennai,Returned,10.0
O10204,C02825,2025-08-28,COD,Ahmedabad,Delivered,30.0
O10205,C02093,2025-05-20,COD,Lucknow,Delivered,10.0
O10206,C00830,2025-03-26,Card,Lucknow,Delivered,25.0
O10207,C04371,2025-08-04,Net Banking,Indore,Delivered,0.0
O10208,C01935,2025-10-09,Net Banking,Indore,Delivered,10.0
O10209,C02701,2025-10-20,COD,Chennai,Returned,5.0
O10210,C00144,2025-08-29,UPI,Mumbai,Delivered,5.0
O10211,C04931,2025-01-23,UPI,Bangalore,Returned,0.0
O10212,C02805,2025-11-17,COD,Jaipur,Delivered,5.0
O10213,C01887,2025-02-14,UPI,Kolkata,Returned,10.0
O10214,C02595,2025-03-15,COD,Jaipur,Cancelled,15.0
O10215,C00784,2025-04-12,Card,Jaipur,Delivered,20.0
O10216,C04274,2025-10-11,COD,Bangalore,Delivered,5.0
O10217,C02830,2025-03-13,UPI,Indore,Returned,15.0
O10218,C02199,2025-02-10,Card,Pune,Delivered,0.0
O10219,C00611,2025-10-06,COD,Lucknow,Delivered,20.0
O10220,C03519,2025-07-31,Card,Indore,Returned,10.0
O10221,C00541,2025-06-09,Card,Indore,Delivered,20.0
O10222,C02198,2025-03-28,COD,Hyderabad,Delivered,5.0
O10223,C02310,2025-01-07,UPI,Mumbai,Delivered,5.0
O10224,C00413,2025-07-02,UPI,Kochi,Delivered,0.0
O10225,C01784,2025-11-24,COD,Kolkata,Delivered,0.0
O10226,C04588,2025-10-26,UPI,Chennai,Delivered,20.0
O10227,C01728,2025-01-14,UPI,Chennai,Delivered,5.0
O10228,C01428,2025-04-10,COD,Pune,Delivered,5.0
O10229,C03511,2025-09-01,Card,Kochi,Delivered,10.0
O10230,C01638,2025-06-18,COD,Mumbai,Delivered,15.0
O10231,C04577,2025-08-20,UPI,Delhi,Cancelled,0.0
O10232,C00180,2025-04-21,Card,Mumbai,Delivered,10.0
O10233,C03397,2025-12-13,UPI,Pune,Delivered,10.0
O10234,C04678,2025-12-06,UPI,Pune,Delivered,20.0
O10235,C01643,2025-04-12,Net Banking,Jaipur,Delivered,0.0
O10236,C01295,2025-08-05,UPI,Kolkata,Delivered,10.0
O10237,C01583,2025-08-28,UPI,Kolkata,Delivered,10.0
O10238,C03537,2025-08-28,COD,Hyderabad,Delivered,20.0
O10239,C00364,2025-08-09,COD,Indore,Delivered,5.0
O10240,C02117,2025-09-27,Net Banking,Delhi,Returned,0.0
O10241,C02356,2025-01-28,UPI,Delhi,Delivered,10.0
O10242,C04519,2025-10-13,UPI,Jaipur,Delivered,15.0
O10243,C02562,2025-12-01,Card,Pune,Cancelled,10.0
O10244,C03117,2025-02-23,Card,Indore,Cancelled,10.0
O10245,C02543,2025-08-01,UPI,Jaipur,Delivered,5.0
O10246,C04021,2025-04-30,UPI,Mumbai,Delivered,10.0
O10247,C00884,2025-03-16,Card,Kolkata,Delivered,0.0
O10248,C01173,2025-03-11,Card,Ahmedabad,Delivered,10.0
O10249,C01785,2025-11-19,UPI,Jaipur,Delivered,10.0
O10250,C04675,2025-08-21,Net Banking,Delhi,Delivered,25.0
O10251,C03969,2025-09-28,UPI,Ahmedabad,Delivered,5.0
O10252,C02163,2025-05-12,COD,Ahmedabad,Delivered,0.0
O10253,C02676,2025-04-08,Net Banking,Delhi,Delivered,15.0
O10254,C04333,2025-04-12,Card,Lucknow,Cancelled,0.0
O10255,C02095,2025-06-16,Card,Ahmedabad,Delivered,10.0
O10256,C02322,2025-04-15,UPI,Hyderabad,Delivered,5.0
O10257,C00113,2025-03-27,COD,Jaipur,Delivered,10.0
O10258,C00792,2025-02-06,UPI,Bangalore,Delivered,10.0
O10259,C01316,2025-06-09,Card,Jaipur,Delivered,15.0
O10260,C02364,2025-05-03,Card,Ahmedabad,Cancelled,5.0
O10261,C03234,2025-05-12,UPI,Indore,Delivered,0.0
O10262,C00051,2025-09-23,Net Banking,Kochi,Delivered,10.0
O10263,C03496,2025-10-10,COD,Ahmedabad,Delivered,20.0
O10264,C00144,2025-12-06,UPI,Ahmedabad,Delivered,10.0
O10265,C03688,2025-09-18,Card,Kochi,Cancelled,5.0
O10266,C02576,2025-12-21,UPI,Pune,Delivered,10.0
O10267,C04486,2025-07-08,COD,Delhi,Delivered,10.0
O10268,C02021,2025-01-31,UPI,Hyderabad,Delivered,0.0
O10269,C03731,2025-10-02,Net Banking,Kochi,Delivered,10.0
O10270,C00749,2025-11-06,UPI,Ahmedabad,Delivered,0.0
O10271,C00875,2025-05-12,UPI,Ahmedabad,Delivered,0.0
O10272,C02945,2025-06-25,Card,Kolkata,Delivered,5.0
O10273,C04804,2025-10-31,UPI,Ahmedabad,Delivered,15.0
O10274,C01209,2025-02-18,COD,Ahmedabad,Delivered,20.0
O10275,C03734,2025-06-21,UPI,Lucknow,Delivered,5.0
O10276,C00214,2025-11-08,Net Banking,Bangalore,Delivered,10.0
O10277,C04109,2025-11-26,COD,Lucknow,Delivered,0.0
O10278,C01819,2025-01-06,COD,Chennai,Delivered,30.0
O10279,C03495,2025-03-17,Card,Pune,Delivered,15.0
O10280,C00486,2025-07-23,Card,Ahmedabad,Delivered,5.0
O10281,C03016,2025-07-29,Card,Jaipur,Delivered,20.0
O10282,C03724,2025-02-05,Net Banking,Lucknow,Delivered,5.0
O10283,C03480,2025-10-08,UPI,Lucknow,Cancelled,5.0
O10284,C04215,2025-06-26,UPI,Indore,Delivered,5.0
O10285,C04028,2025-02-24,Net Banking,Hyderabad,Delivered,10.0
O10286,C04938,2025-06-18,UPI,Kochi,Delivered,0.0
O10287,C03119,2025-11-09,UPI,Chennai,Returned,15.0
O10288,C00664,2025-11-23,Card,Ahmedabad,Delivered,25.0
O10289,C01024,2025-02-17,COD,Hyderabad,Delivered,15.0
O10290,C04883,2025-04-14,UPI,Mumbai,Delivered,15.0
O10291,C04443,2025-01-03,Net Banking,Jaipur,Delivered,15.0
O10292,C00237,2025-03-26,UPI,Indore,Delivered,5.0
O10293,C03285,2025-06-22,COD,Jaipur,Delivered,5.0
O10294,C03344,2025-10-03,UPI,Bangalore,Delivered,5.0
O10295,C02126,2025-11-25,UPI,Jaipur,Delivered,0.0
O10296,C03218,2025-08-21,COD,Chennai,Delivered,20.0
O10297,C01956,2025-06-13,Card,Jaipur,Delivered,10.0
O10298,C00229,2025-03-01,UPI,Lucknow,Delivered,15.0
O10299,C04939,2025-03-19,Card,Chennai,Delivered,5.0
O10300,C03413,2025-01-18,Card,Kochi,Delivered,0.0
O10301,C02887,2025-04-07,UPI,Hyderabad,Delivered,20.0
O10302,C04260,2025-03-07,UPI,Jaipur,Delivered,15.0
O10303,C04478,2025-01-31,Card,Pune,Delivered,10.0
O10304,C04678,2025-08-26,UPI,Indore,Delivered,0.0
O10305,C02820,2025-09-22,Card,Kolkata,Delivered,5.0
O10306,C02990,2025-05-28,COD,Hyderabad,Delivered,0.0
O10307,C01087,2025-05-28,COD,Ahmedabad,Delivered,20.0
O10308,C01994,2025-02-16,Card,Chennai,Delivered,5.0
O10309,C04342,2025-09-01,Card,Kolkata,Delivered,10.0
O10310,C03046,2025-09-14,UPI,Pune,Delivered,25.0
O10311,C03306,2025-03-24,COD,Indore,Delivered,10.0
O10312,C01993,2025-12-22,Card,Delhi,Delivered,10.0
O10313,C03600,2025-05-22,UPI,Kolkata,Delivered,20.0
O10314,C03588,2025-05-09,UPI,Pune,Delivered,15.0
O10315,C01306,2025-01-10,Card,Lucknow,Delivered,10.0
O10316,C04460,2025-06-26,Card,Chennai,Delivered,0.0
O10317,C00920,2025-07-29,UPI,Bangalore,Delivered,10.0
O10318,C00042,2025-02-11,Card,Hyderabad,Returned,5.0
O10319,C01283,2025-05-04,Card,Jaipur,Delivered,10.0
O10320,C03566,2025-07-06,UPI,Kochi,Delivered,0.0
O10321,C02121,2025-01-25,Card,Delhi,Delivered,5.0
O10322,C03146,2025-06-13,UPI,Kolkata,Delivered,0.0
O10323,C02683,2025-12-17,UPI,Lucknow,Delivered,0.0
O10324,C04497,2025-02-04,UPI,Kochi,Delivered,15.0
O10325,C03151,2025-09-10,COD,Mumbai,Delivered,25.0
O10326,C03725,2025-09-04,UPI,Delhi,Delivered,10.0
O10327,C01834,2025-01-10,COD,Indore,Delivered,0.0
O10328,C02518,2025-09-21,Card,Chennai,Delivered,5.0
O10329,C03837,2025-04-15,Card,Hyderabad,Delivered,5.0
O10330,C03863,2025-08-08,Net Banking,Mumbai,Delivered,0.0
O10331,C00129,2025-09-12,COD,Lucknow,Delivered,20.0
O10332,C04475,2025-05-14,Card,Mumbai,Delivered,10.0
O10333,C03187,2025-07-25,Card,Indore,Cancelled,0.0
O10334,C01346,2025-05-04,UPI,Hyderabad,Delivered,15.0
O10335,C02437,2025-08-04,Net Banking,Bangalore,Delivered,0.0
O10336,C02834,2025-03-05,COD,Mumbai,Delivered,5.0
O10337,C04560,2025-10-29,COD,Indore,Returned,10.0
O10338,C04643,2025-12-26,UPI,Indore,Delivered,10.0
O10339,C04505,2025-02-07,Card,Kolkata,Delivered,20.0
O10340,C04714,2025-09-05,UPI,Bangalore,Cancelled,10.0
O10341,C04857,2025-06-02,UPI,Chennai,Delivered,5.0
O10342,C03224,2025-08-10,COD,Delhi,Delivered,10.0
O10343,C03477,2025-12-08,Net Banking,Kochi,Delivered,15.0
O10344,C02539,2025-09-15,UPI,Bangalore,Delivered,10.0
O10345,C02855,2025-01-24,UPI,Kolkata,Delivered,5.0
O10346,C01436,2025-12-23,UPI,Bangalore,Delivered,5.0
O10347,C00256,2025-03-08,Net Banking,Mumbai,Delivered,15.0
O10348,C02418,2025-09-06,Card,Lucknow,Delivered,10.0
O10349,C01754,2025-08-23,Card,Kochi,Returned,0.0
O10350,C04747,2025-03-31,Card,Pune,Cancelled,10.0
O10351,C03412,2025-04-04,Card,Bangalore,Delivered,10.0
O10352,C00076,2025-12-15,UPI,Hyderabad,Delivered,15.0
O10353,C03612,2025-11-23,UPI,Kolkata,Delivered,0.0
O10354,C00505,2025-07-08,COD,Hyderabad,Delivered,0.0
O10355,C03393,2025-05-17,Card,Indore,Delivered,20.0
O10356,C01993,2025-06-22,UPI,Chennai,Delivered,5.0
O10357,C04758,2025-01-16,Card,Lucknow,Delivered,0.0
O10358,C03379,2025-12-30,UPI,Lucknow,Delivered,5.0
O10359,C02395,2025-08-20,Card,Hyderabad,Delivered,20.0
O10360,C01417,2025-06-23,UPI,Chennai,Delivered,0.0
O10361,C02230,2025-04-11,COD,Mumbai,Delivered,5.0
O10362,C00240,2025-07-05,UPI,Kochi,Returned,10.0
O10363,C01778,2025-01-30,Card,Kolkata,Delivered,0.0
O10364,C04261,2025-11-08,COD,Pune,Delivered,10.0
O10365,C04159,2025-12-16,Card,Kolkata,Delivered,15.0
O10366,C02403,2025-10-15,UPI,Chennai,Delivered,5.0
O10367,C04147,2025-03-19,UPI,Mumbai,Delivered,0.0
O10368,C02632,2025-01-23,Net Banking,Delhi,Delivered,10.0
O10369,C03907,2025-01-17,UPI,Chennai,Delivered,15.0
O10370,C03011,2025-05-02,COD,Kolkata,Delivered,15.0
O10371,C03390,2025-08-16,Net Banking,Delhi,Delivered,0.0
O10372,C04077,2025-06-24,UPI,Mumbai,Returned,10.0
O10373,C01215,2025-02-10,UPI,Indore,Delivered,5.0
O10374,C00670,2025-01-15,UPI,Jaipur,Delivered,10.0
O10375,C03562,2025-08-02,UPI,Mumbai,Delivered,10.0
O10376,C00616,2025-04-01,Card,Jaipur,Delivered,15.0
O10377,C04659,2025-02-21,Card,Kolkata,Delivered,0.0
O10378,C01131,2025-11-12,COD,Kochi,Cancelled,0.0
O10379,C01522,2025-02-26,COD,Jaipur,Delivered,10.0
O10380,C04452,2025-10-16,Card,Jaipur,Delivered,10.0
O10381,C02665,2025-05-29,COD,Kochi,Delivered,5.0
O10382,C04863,2025-01-20,UPI,Chennai,Delivered,0.0
O10383,C00304,2025-11-20,UPI,Pune,Delivered,20.0
O10384,C03980,2025-04-11,UPI,Kolkata,Delivered,5.0
O10385,C01895,2025-12-23,Card,Indore,Delivered,10.0
O10386,C01516,2025-07-07,COD,Lucknow,Delivered,0.0
O10387,C00584,2025-02-02,COD,Kochi,Delivered,15.0
O10388,C00367,2025-01-31,UPI,Kolkata,Delivered,30.0
O10389,C02047,2025-06-11,UPI,Bangalore,Delivered,25.0
O10390,C00459,2025-10-05,UPI,Kochi,Delivered,5.0
O10391,C00120,2025-12-28,UPI,Jaipur,Cancelled,25.0
O10392,C03285,2025-10-13,UPI,Kochi,Delivered,10.0
O10393,C03255,2025-01-05,UPI,Ahmedabad,Delivered,5.0
O10394,C03566,2025-06-18,UPI,Jaipur,Delivered,20.0
O10395,C03303,2025-06-22,UPI,Bangalore,Delivered,15.0
O10396,C04460,2025-08-03,UPI,Mumbai,Delivered,10.0
O10397,C01969,2025-11-13,Card,Lucknow,Delivered,10.0
O10398,C02532,2025-04-27,Card,Ahmedabad,Delivered,25.0
O10399,C00852,2025-09-12,Net Banking,Ahmedabad,Delivered,10.0
O10400,C01930,2025-09-26,Card,Bangalore,Delivered,20.0
O10401,C01944,2025-09-09,Card,Kochi,Delivered,15.0
O10402,C00764,2025-07-25,UPI,Chennai,Delivered,0.0
O10403,C03297,2025-07-28,UPI,Hyderabad,Cancelled,0.0
O10404,C02679,2025-06-12,Card,Chennai,Delivered,0.0
O10405,C03812,2025-10-01,UPI,Hyderabad,Delivered,0.0
O10406,C00902,2025-05-20,COD,Pune,Delivered,10.0
O10407,C01519,2025-06-18,Card,Lucknow,Delivered,0.0
O10408,C03257,2025-05-24,COD,Kochi,Delivered,0.0
O10409,C03987,2025-08-10,Card,Hyderabad,Delivered,5.0
O10410,C00742,2025-09-26,Card,Delhi,Delivered,10.0
O10411,C03554,2025-03-17,Card,Hyderabad,Delivered,5.0
O10412,C01694,2025-04-28,Card,Jaipur,Delivered,5.0
O10413,C02130,2025-04-08,Card,Hyderabad,Delivered,5.0
O10414,C04012,2025-02-02,UPI,Hyderabad,Delivered,5.0
O10415,C03253,2025-12-04,UPI,Chennai,Delivered,25.0
O10416,C01366,2025-03-08,Card,Lucknow,Delivered,25.0
O10417,C00196,2025-11-06,UPI,Bangalore,Delivered,0.0
O10418,C00151,2025-01-06,COD,Chennai,Delivered,0.0
O10419,C04524,2025-10-19,UPI,Lucknow,Delivered,0.0
O10420,C00331,2025-08-29,UPI,Bangalore,Delivered,5.0
O10421,C03111,2025-02-24,Card,Ahmedabad,Delivered,20.0
O10422,C03325,2025-03-12,COD,Indore,Delivered,15.0
O10423,C00890,2025-04-04,UPI,Bangalore,Cancelled,5.0
O10424,C00955,2025-05-23,UPI,Ahmedabad,Delivered,15.0
O10425,C03690,2025-01-22,Card,Kolkata,Cancelled,25.0
O10426,C04450,2025-02-18,Card,Delhi,Delivered,5.0
O10427,C02949,2025-05-16,COD,Kolkata,Delivered,25.0
O10428,C03242,2025-08-19,COD,Mumbai,Returned,15.0
O10429,C02396,2025-04-10,Card,Delhi,Delivered,0.0
O10430,C02045,2025-10-20,UPI,Kolkata,Delivered,15.0
O10431,C03600,2025-07-19,UPI,Jaipur,Delivered,0.0
O10432,C03991,2025-11-30,Net Banking,Kochi,Delivered,0.0
O10433,C04015,2025-05-01,UPI,Mumbai,Delivered,15.0
O10434,C02056,2025-08-15,UPI,Delhi,Delivered,20.0
O10435,C02671,2025-08-27,COD,Indore,Returned,10.0
O10436,C01576,2025-10-04,Card,Indore,Delivered,0.0
O10437,C01853,2025-04-11,Card,Kolkata,Delivered,10.0
O10438,C02214,2025-07-06,UPI,Delhi,Delivered,5.0
O10439,C01227,2025-06-08,UPI,Delhi,Cancelled,10.0
O10440,C01664,2025-01-06,Card,Jaipur,Delivered,5.0
O10441,C00364,2025-06-19,UPI,Chennai,Delivered,10.0
O10442,C01948,2025-06-29,Card,Lucknow,Cancelled,5.0
O10443,C04754,2025-07-31,COD,Jaipur,Delivered,0.0
O10444,C03633,2025-06-13,Net Banking,Hyderabad,Delivered,15.0
O10445,C03482,2025-05-08,COD,Kochi,Delivered,10.0
O10446,C01275,2025-10-23,COD,Ahmedabad,Delivered,5.0
O10447,C01446,2025-08-06,UPI,Bangalore,Returned,10.0
O10448,C04828,2025-05-21,Net Banking,Ahmedabad,Delivered,5.0
O10449,C02958,2025-05-12,Card,Bangalore,Delivered,5.0
O10450,C03457,2025-12-20,COD,Jaipur,Delivered,5.0
O10451,C02166,2025-09-08,UPI,Delhi,Delivered,5.0
O10452,C01010,2025-04-11,UPI,Jaipur,Delivered,10.0
O10453,C02820,2025-11-16,Card,Ahmedabad,Delivered,15.0
O10454,C01729,2025-04-08,COD,Pune,Delivered,25.0
O10455,C00696,2025-12-02,Card,Indore,Delivered,5.0
O10456,C04618,2025-10-06,COD,Bangalore,Returned,25.0
O10457,C02385,2025-07-05,UPI,Pune,Delivered,5.0
O10458,C01383,2025-12-09,UPI,Mumbai,Delivered,10.0
O10459,C02496,2025-05-23,COD,Mumbai,Delivered,0.0
O10460,C03606,2025-12-11,Card,Jaipur,Delivered,10.0
O10461,C01848,2025-12-15,Card,Jaipur,Delivered,10.0
O10462,C01729,2025-12-22,COD,Indore,Cancelled,15.0
O10463,C00653,2025-03-20,COD,Bangalore,Delivered,10.0
O10464,C00759,2025-12-23,UPI,Lucknow,Delivered,30.0
O10465,C01280,2025-12-21,COD,Pune,Delivered,15.0
O10466,C00442,2025-02-08,UPI,Chennai,Delivered,25.0
O10467,C04505,2025-10-30,Card,Hyderabad,Delivered,10.0
O10468,C04906,2025-02-06,UPI,Indore,Delivered,5.0
O10469,C03489,2025-12-14,UPI,Bangalore,Delivered,10.0
O10470,C03574,2025-10-13,Card,Hyderabad,Delivered,10.0
O10471,C04793,2025-11-20,UPI,Lucknow,Delivered,10.0
O10472,C04194,2025-01-07,UPI,Bangalore,Delivered,10.0
O10473,C03971,2025-12-19,Card,Indore,Cancelled,15.0
O10474,C04638,2025-10-30,Card,Kolkata,Delivered,15.0
O10475,C01527,2025-10-30,UPI,Mumbai,Delivered,10.0
O10476,C00191,2025-07-29,UPI,Mumbai,Delivered,10.0
O10477,C01874,2025-03-20,UPI,Bangalore,Delivered,5.0
O10478,C03016,2025-12-21,UPI,Pune,Delivered,10.0
O10479,C00258,2025-12-23,UPI,Lucknow,Delivered,0.0
O10480,C00155,2025-05-13,UPI,Mumbai,Delivered,10.0
O10481,C02992,2025-06-25,COD,Pune,Delivered,0.0
O10482,C04094,2025-03-28,UPI,Mumbai,Delivered,20.0
O10483,C03903,2025-09-06,UPI,Pune,Delivered,10.0
O10484,C02276,2025-08-05,Card,Kolkata,Delivered,0.0
O10485,C03583,2025-12-17,UPI,Jaipur,Cancelled,0.0
O10486,C04170,2025-04-02,UPI,Bangalore,Delivered,15.0
O10487,C02413,2025-07-26,COD,Delhi,Delivered,10.0
O10488,C00024,2025-08-20,Card,Chennai,Delivered,15.0
O10489,C01742,2025-11-04,UPI,Pune,Delivered,15.0
O10490,C03161,2025-07-18,Card,Pune,Delivered,0.0
O10491,C03606,2025-02-07,UPI,Hyderabad,Delivered,0.0
O10492,C03372,2025-03-18,UPI,Chennai,Delivered,5.0
O10493,C02092,2025-03-08,UPI,Indore,Delivered,0.0
O10494,C01061,2025-07-04,COD,Chennai,Delivered,0.0
O10495,C03352,2025-10-02,COD,Kolkata,Delivered,10.0
O10496,C00461,2025-03-31,COD,Jaipur,Delivered,10.0
O10497,C02118,2025-10-13,UPI,Ahmedabad,Delivered,20.0
O10498,C01607,2025-12-14,Card,Indore,Delivered,5.0
O10499,C00072,2025-07-26,UPI,Jaipur,Delivered,10.0
O10500,C04924,2025-01-18,COD,Pune,Delivered,20.0
O10501,C04273,2025-09-01,UPI,Lucknow,Delivered,0.0
O10502,C00707,2025-11-15,UPI,Lucknow,Delivered,20.0
O10503,C01929,2025-01-07,UPI,Chennai,Delivered,5.0
O10504,C04980,2025-07-07,UPI,Lucknow,Delivered,20.0
O10505,C02799,2025-03-29,COD,Kochi,Returned,15.0
O10506,C01178,2025-04-26,UPI,Mumbai,Cancelled,15.0
O10507,C00154,2025-03-04,Card,Kolkata,Delivered,0.0
O10508,C00030,2025-12-10,COD,Hyderabad,Delivered,25.0
O10509,C03312,2025-03-16,COD,Ahmedabad,Delivered,10.0
O10510,C03827,2025-10-22,Net Banking,Lucknow,Delivered,0.0
O10511,C04787,2025-06-20,UPI,Chennai,Delivered,15.0
O10512,C01875,2025-08-20,UPI,Jaipur,Delivered,20.0
O10513,C00237,2025-09-05,UPI,Kolkata,Delivered,25.0
O10514,C02186,2025-12-29,UPI,Hyderabad,Delivered,10.0
O10515,C04726,2025-08-13,COD,Kolkata,Delivered,10.0
O10516,C00618,2025-10-03,Card,Hyderabad,Delivered,10.0
O10517,C01572,2025-12-28,Card,Kochi,Delivered,5.0
O10518,C02438,2025-07-11,Card,Delhi,Delivered,5.0
O10519,C04456,2025-06-16,COD,Lucknow,Delivered,10.0
O10520,C00582,2025-04-09,UPI,Ahmedabad,Cancelled,20.0
O10521,C02255,2025-08-16,UPI,Kolkata,Delivered,20.0
O10522,C00601,2025-11-10,Net Banking,Pune,Delivered,0.0
O10523,C00979,2025-11-22,UPI,Kochi,Delivered,0.0
O10524,C00515,2025-03-03,COD,Ahmedabad,Cancelled,5.0
O10525,C00810,2025-05-09,Card,Jaipur,Delivered,10.0
O10526,C02486,2025-09-07,COD,Mumbai,Delivered,5.0
O10527,C01447,2025-05-19,UPI,Delhi,Delivered,10.0
O10528,C00469,2025-08-18,Net Banking,Jaipur,Delivered,15.0
O10529,C00630,2025-02-28,UPI,Pune,Returned,20.0
O10530,C03383,2025-06-14,UPI,Pune,Delivered,20.0
O10531,C00114,2025-07-23,UPI,Kolkata,Delivered,5.0
O10532,C01226,2025-04-08,UPI,Bangalore,Delivered,5.0
O10533,C04343,2025-12-04,Net Banking,Indore,Delivered,5.0
O10534,C01617,2025-09-03,Card,Ahmedabad,Delivered,15.0
O10535,C03318,2025-05-17,Card,Kochi,Delivered,15.0
O10536,C04641,2025-02-15,UPI,Jaipur,Delivered,0.0
O10537,C02671,2025-07-23,Card,Lucknow,Delivered,0.0
O10538,C04814,2025-07-12,UPI,Kolkata,Delivered,5.0
O10539,C04874,2025-11-23,UPI,Bangalore,Delivered,5.0
O10540,C03069,2025-12-25,Card,Jaipur,Delivered,10.0
O10541,C02538,2025-02-11,COD,Chennai,Returned,0.0
O10542,C03175,2025-06-11,Card,Hyderabad,Delivered,20.0
O10543,C02638,2025-08-12,Card,Mumbai,Delivered,10.0
O10544,C02223,2025-09-11,Card,Chennai,Delivered,10.0
O10545,C00052,2025-10-11,UPI,Bangalore,Delivered,10.0
O10546,C02345,2025-08-06,COD,Delhi,Delivered,10.0
O10547,C02223,2025-04-10,COD,Bangalore,Delivered,10.0
O10548,C04696,2025-03-02,Card,Bangalore,Delivered,0.0
O10549,C04267,2025-02-09,UPI,Jaipur,Delivered,5.0
O10550,C03109,2025-07-01,Card,Hyderabad,Delivered,15.0
O10551,C01659,2025-02-28,UPI,Ahmedabad,Delivered,5.0
O10552,C03558,2025-08-11,COD,Chennai,Delivered,5.0
O10553,C04551,2025-07-27,UPI,Indore,Cancelled,10.0
O10554,C04823,2025-06-19,UPI,Indore,Delivered,10.0
O10555,C00887,2025-05-19,Net Banking,Indore,Delivered,10.0
O10556,C03054,2025-07-22,Card,Jaipur,Delivered,25.0
O10557,C02803,2025-09-11,COD,Indore,Delivered,0.0
O10558,C02198,2025-06-15,Card,Kolkata,Delivered,10.0
O10559,C04011,2025-02-26,UPI,Kochi,Delivered,0.0
O10560,C00636,2025-05-03,UPI,Ahmedabad,Delivered,10.0
O10561,C03015,2025-05-17,COD,Hyderabad,Delivered,5.0
O10562,C03886,2025-09-07,COD,Indore,Delivered,15.0
O10563,C02083,2025-02-26,UPI,Lucknow,Delivered,5.0
O10564,C00175,2025-03-08,UPI,Kochi,Delivered,10.0
O10565,C01057,2025-08-19,COD,Lucknow,Delivered,10.0
O10566,C01749,2025-09-01,Net Banking,Chennai,Cancelled,10.0
O10567,C02763,2025-10-13,COD,Chennai,Delivered,5.0
O10568,C03469,2025-05-01,Card,Delhi,Delivered,0.0
O10569,C02302,2025-02-23,COD,Kolkata,Delivered,10.0
O10570,C00568,2025-10-15,UPI,Kochi,Cancelled,10.0
O10571,C04419,2025-10-05,UPI,Chennai,Delivered,0.0
O10572,C01784,2025-12-31,UPI,Jaipur,Delivered,10.0
O10573,C02144,2025-03-07,Net Banking,Kochi,Delivered,10.0
O10574,C04439,2025-09-27,COD,Delhi,Delivered,10.0
O10575,C02241,2025-01-13,UPI,Chennai,Delivered,0.0
O10576,C02559,2025-12-09,Card,Lucknow,Delivered,
O10577,C01475,2025-05-04,UPI,Jaipur,Delivered,15.0
O10578,C04103,2025-03-18,COD,Bangalore,Delivered,0.0
O10579,C00330,2025-12-05,UPI,Chennai,Delivered,10.0
O10580,C04179,2025-01-24,COD,Kolkata,Delivered,0.0
O10581,C02674,2025-02-04,UPI,Bangalore,Delivered,5.0
O10582,C04623,2025-11-20,COD,Bangalore,Delivered,5.0
O10583,C00890,2025-03-15,UPI,Pune,Delivered,15.0
O10584,C00762,2025-10-17,UPI,Indore,Delivered,5.0
O10585,C01024,2025-10-17,Card,Hyderabad,Cancelled,5.0
O10586,C01681,2025-01-19,Card,Bangalore,Delivered,20.0
O10587,C03257,2025-09-16,UPI,Kolkata,Delivered,15.0
O10588,C01062,2025-04-26,Card,Pune,Delivered,10.0
O10589,C00904,2025-10-19,Card,Lucknow,Delivered,5.0
O10590,C00134,2025-09-17,UPI,Hyderabad,Cancelled,15.0
O10591,C01126,2025-06-03,Card,Kochi,Delivered,10.0
O10592,C01965,2025-07-22,Card,Mumbai,Delivered,5.0
O10593,C02040,2025-05-11,UPI,Lucknow,Delivered,5.0
O10594,C04189,2025-05-08,Card,Jaipur,Delivered,10.0
O10595,C02850,2025-09-22,COD,Kochi,Delivered,25.0
O10596,C03212,2025-10-29,COD,Delhi,Delivered,10.0
O10597,C03367,2025-09-27,UPI,Mumbai,Delivered,15.0
O10598,C02912,2025-01-03,Card,Bangalore,Delivered,5.0
O10599,C04870,2025-09-15,COD,Indore,Returned,25.0
O10600,C02592,2025-12-08,UPI,Delhi,Delivered,10.0
O10601,C04284,2025-04-10,Card,Hyderabad,Delivered,0.0
O10602,C02184,2025-02-22,UPI,Kochi,Delivered,15.0
O10603,C04262,2025-06-15,UPI,Bangalore,Delivered,10.0
O10604,C03549,2025-05-29,Card,Mumbai,Delivered,0.0
O10605,C00245,2025-06-12,UPI,Jaipur,Delivered,0.0
O10606,C01180,2025-03-24,UPI,Bangalore,Delivered,30.0
O10607,C04926,2025-01-22,UPI,Bangalore,Delivered,10.0
O10608,C01779,2025-01-20,UPI,Jaipur,Delivered,10.0
O10609,C02536,2025-12-22,Card,Delhi,Delivered,5.0
O10610,C00437,2025-07-30,COD,Hyderabad,Delivered,0.0
O10611,C02271,2025-11-20,UPI,Indore,Delivered,10.0
O10612,C01825,2025-12-18,Card,Delhi,Delivered,5.0
O10613,C00794,2025-01-08,UPI,Mumbai,Delivered,30.0
O10614,C04269,2025-11-03,UPI,Lucknow,Cancelled,0.0
O10615,C01281,2025-06-03,Net Banking,Delhi,Delivered,5.0
O10616,C01739,2025-02-20,Card,Kochi,Delivered,10.0
O10617,C00450,2025-09-03,UPI,Kolkata,Delivered,15.0
O10618,C01955,2025-06-03,Card,Lucknow,Delivered,15.0
O10619,C00615,2025-09-03,UPI,Bangalore,Delivered,5.0
O10620,C04322,2025-10-30,COD,Delhi,Delivered,5.0
O10621,C00739,2025-02-12,UPI,Pune,Delivered,0.0
O10622,C01632,2025-06-12,COD,Mumbai,Delivered,5.0
O10623,C04172,2025-05-27,UPI,Pune,Delivered,0.0
O10624,C03666,2025-12-02,Card,Kolkata,Delivered,20.0
O10625,C00069,2025-06-05,COD,Pune,Delivered,15.0
O10626,C01875,2025-01-03,UPI,Lucknow,Delivered,0.0
O10627,C00870,2025-05-26,UPI,Delhi,Delivered,10.0
O10628,C01394,2025-09-26,Card,Pune,Delivered,25.0
O10629,C03471,2025-09-01,UPI,Kochi,Delivered,10.0
O10630,C03192,2025-10-23,COD,Pune,Delivered,10.0
O10631,C03120,2025-10-22,Card,Delhi,Delivered,5.0
O10632,C02116,2025-11-10,UPI,Hyderabad,Delivered,10.0
O10633,C03966,2025-02-26,Card,Jaipur,Delivered,10.0
O10634,C00377,2025-10-07,UPI,Lucknow,Delivered,0.0
O10635,C02324,2025-04-29,COD,Pune,Delivered,0.0
O10636,C02816,2025-01-22,UPI,Chennai,Returned,15.0
O10637,C01942,2025-02-20,COD,Lucknow,Delivered,30.0
O10638,C00205,2025-07-31,UPI,Bangalore,Cancelled,10.0
O10639,C00745,2025-08-04,Card,Ahmedabad,Delivered,20.0
O10640,C03137,2025-03-17,UPI,Kolkata,Delivered,20.0
O10641,C01550,2025-07-23,UPI,Lucknow,Delivered,5.0
O10642,C04421,2025-06-15,UPI,Mumbai,Delivered,5.0
O10643,C02426,2025-03-02,Card,Jaipur,Delivered,15.0
O10644,C02865,2025-11-01,Card,Delhi,Delivered,20.0
O10645,C03974,2025-10-06,UPI,Hyderabad,Delivered,20.0
O10646,C04777,2025-09-17,Net Banking,Delhi,Delivered,5.0
O10647,C00671,2025-03-17,UPI,Pune,Delivered,5.0
O10648,C03418,2025-07-28,COD,Mumbai,Delivered,15.0
O10649,C03066,2025-02-06,Card,Kolkata,Returned,5.0
O10650,C01728,2025-04-03,UPI,Lucknow,Delivered,20.0
O10651,C04027,2025-05-14,UPI,Kochi,Delivered,10.0
O10652,C02933,2025-08-27,Card,Jaipur,Returned,5.0
O10653,C03815,2025-05-16,UPI,Lucknow,Delivered,5.0
O10654,C01704,2025-08-11,COD,Ahmedabad,Delivered,15.0
O10655,C03087,2025-05-28,Net Banking,Ahmedabad,Delivered,0.0
O10656,C03265,2025-09-09,UPI,Ahmedabad,Delivered,25.0
O10657,C04542,2025-03-20,UPI,Pune,Returned,10.0
O10658,C00054,2025-09-01,UPI,Hyderabad,Delivered,20.0
O10659,C00692,2025-11-14,Card,Ahmedabad,Delivered,15.0
O10660,C04100,2025-04-30,UPI,Pune,Delivered,15.0
O10661,C00257,2025-11-05,Net Banking,Bangalore,Returned,15.0
O10662,C03433,2025-05-02,COD,Hyderabad,Delivered,10.0
O10663,C00834,2025-07-31,Net Banking,Ahmedabad,Returned,5.0
O10664,C02530,2025-10-11,UPI,Chennai,Delivered,10.0
O10665,C02897,2025-09-11,UPI,Hyderabad,Delivered,10.0
O10666,C01162,2025-01-18,Card,Mumbai,Returned,5.0
O10667,C03523,2025-09-20,Card,Indore,Delivered,10.0
O10668,C00473,2025-10-04,COD,Lucknow,Delivered,5.0
O10669,C02027,2025-02-10,COD,Mumbai,Delivered,15.0
O10670,C01638,2025-12-30,Card,Mumbai,Delivered,20.0
O10671,C03549,2025-01-31,UPI,Indore,Delivered,15.0
O10672,C02241,2025-10-25,UPI,Hyderabad,Delivered,5.0
O10673,C02355,2025-11-11,Card,Chennai,Cancelled,10.0
O10674,C04855,2025-04-28,Card,Hyderabad,Delivered,0.0
O10675,C00906,2025-12-26,Card,Hyderabad,Delivered,20.0
O10676,C01184,2025-08-22,UPI,Indore,Delivered,5.0
O10677,C02220,2025-02-12,COD,Kolkata,Delivered,10.0
O10678,C03645,2025-08-16,COD,Pune,Delivered,0.0
O10679,C01089,2025-05-14,UPI,Indore,Delivered,15.0
O10680,C01193,2025-11-29,UPI,Jaipur,Delivered,10.0
O10681,C02129,2025-06-06,Card,Pune,Delivered,5.0
O10682,C03452,2025-07-25,Card,Hyderabad,Delivered,10.0
O10683,C03842,2025-03-30,UPI,Lucknow,Cancelled,0.0
O10684,C00332,2025-04-09,Card,Indore,Delivered,15.0
O10685,C01212,2025-02-06,UPI,Delhi,Returned,5.0
O10686,C01049,2025-07-18,Card,Hyderabad,Delivered,10.0
O10687,C04089,2025-12-22,UPI,Ahmedabad,Delivered,20.0
O10688,C02276,2025-02-24,UPI,Ahmedabad,Delivered,0.0
O10689,C01635,2025-04-15,Card,Kolkata,Delivered,5.0
O10690,C03606,2025-08-31,UPI,Chennai,Delivered,0.0
O10691,C00503,2025-03-15,UPI,Kolkata,Delivered,20.0
O10692,C03570,2025-11-10,Card,Mumbai,Delivered,5.0
O10693,C01080,2025-04-14,Net Banking,Lucknow,Delivered,5.0
O10694,C01335,2025-08-09,Card,Chennai,Cancelled,15.0
O10695,C04648,2025-01-16,UPI,Bangalore,Delivered,10.0
O10696,C04019,2025-01-29,UPI,Mumbai,Delivered,15.0
O10697,C04217,2025-09-21,Card,Pune,Delivered,15.0
O10698,C02074,2025-12-22,UPI,Chennai,Cancelled,25.0
O10699,C04055,2025-07-02,UPI,Kochi,Delivered,0.0
O10700,C00023,2025-02-21,UPI,Ahmedabad,Delivered,0.0
O10701,C01850,2025-12-13,Card,Hyderabad,Delivered,20.0
O10702,C02164,2025-11-29,Card,Ahmedabad,Cancelled,25.0
O10703,C00480,2025-04-16,Card,Lucknow,Delivered,10.0
O10704,C02355,2025-01-25,Net Banking,Mumbai,Delivered,10.0
O10705,C02749,2025-04-02,UPI,Ahmedabad,Delivered,5.0
O10706,C02540,2025-11-25,Net Banking,Jaipur,Delivered,15.0
O10707,C04865,2025-01-26,Card,Ahmedabad,Delivered,15.0
O10708,C01144,2025-03-31,UPI,Pune,Delivered,5.0
O10709,C02334,2025-06-24,Net Banking,Ahmedabad,Delivered,5.0
O10710,C02646,2025-12-08,Card,Mumbai,Delivered,5.0
O10711,C00839,2025-01-30,UPI,Hyderabad,Delivered,0.0
O10712,C01850,2025-01-14,UPI,Pune,Delivered,0.0
O10713,C03387,2025-05-10,UPI,Jaipur,Delivered,0.0
O10714,C02853,2025-05-11,Net Banking,Lucknow,Delivered,0.0
O10715,C02210,2025-01-06,UPI,Delhi,Cancelled,10.0
O10716,C01393,2025-07-30,Net Banking,Hyderabad,Delivered,0.0
O10717,C03257,2025-05-29,UPI,Ahmedabad,Delivered,20.0
O10718,C01960,2025-10-03,UPI,Kolkata,Returned,15.0
O10719,C00276,2025-05-29,UPI,Chennai,Returned,15.0
O10720,C04625,2025-02-09,Card,Mumbai,Cancelled,10.0
O10721,C01460,2025-07-15,UPI,Lucknow,Cancelled,15.0
O10722,C03332,2025-05-04,Card,Kochi,Delivered,0.0
O10723,C00959,2025-03-12,UPI,Pune,Returned,0.0
O10724,C01842,2025-07-18,COD,Ahmedabad,Delivered,30.0
O10725,C04060,2025-02-02,COD,Hyderabad,Delivered,5.0
O10726,C04146,2025-11-03,UPI,Jaipur,Cancelled,0.0
O10727,C03378,2025-03-31,COD,Lucknow,Delivered,0.0
O10728,C02525,2025-03-31,COD,Delhi,Cancelled,20.0
O10729,C00488,2025-12-01,Card,Jaipur,Delivered,5.0
O10730,C02128,2025-10-03,UPI,Jaipur,Delivered,10.0
O10731,C01941,2025-10-02,Card,Jaipur,Delivered,15.0
O10732,C02454,2025-07-18,COD,Hyderabad,Delivered,25.0
O10733,C04015,2025-02-25,UPI,Jaipur,Delivered,0.0
O10734,C03798,2025-08-25,UPI,Pune,Returned,10.0
O10735,C04351,2025-01-01,UPI,Ahmedabad,Delivered,30.0
O10736,C00960,2025-06-16,UPI,Ahmedabad,Cancelled,0.0
O10737,C02564,2025-02-06,UPI,Indore,Delivered,0.0
O10738,C00464,2025-10-01,UPI,Ahmedabad,Cancelled,0.0
O10739,C01937,2025-03-20,UPI,Delhi,Delivered,10.0
O10740,C04132,2025-08-30,UPI,Hyderabad,Delivered,5.0
O10741,C00016,2025-05-14,UPI,Pune,Delivered,15.0
O10742,C04071,2025-09-09,Card,Kolkata,Delivered,10.0
O10743,C00919,2025-12-23,COD,Kolkata,Delivered,10.0
O10744,C01614,2025-01-22,UPI,Pune,Cancelled,10.0
O10745,C00823,2025-09-24,UPI,Mumbai,Cancelled,30.0
O10746,C02121,2025-08-06,UPI,Lucknow,Delivered,10.0
O10747,C03392,2025-03-13,COD,Lucknow,Delivered,0.0
O10748,C01967,2025-01-09,Card,Ahmedabad,Delivered,5.0
O10749,C01882,2025-05-15,UPI,Hyderabad,Delivered,15.0
O10750,C00740,2025-07-14,Card,Lucknow,Delivered,10.0
O10751,C04854,2025-10-29,UPI,Lucknow,Cancelled,15.0
O10752,C03067,2025-02-27,UPI,Jaipur,Delivered,25.0
O10753,C03844,2025-10-11,UPI,Chennai,Delivered,10.0
O10754,C00798,2025-10-14,UPI,Kochi,Delivered,0.0
O10755,C03211,2025-11-04,Card,Kochi,Delivered,30.0
O10756,C01587,2025-09-08,Card,Bangalore,Delivered,10.0
O10757,C03731,2025-04-01,COD,Pune,Delivered,0.0
O10758,C01778,2025-07-23,Card,Kolkata,Delivered,10.0
O10759,C02532,2025-01-08,Card,Kochi,Delivered,10.0
O10760,C02435,2025-04-18,Card,Kolkata,Delivered,10.0
O10761,C03918,2025-08-21,Card,Delhi,Delivered,25.0
O10762,C04554,2025-12-08,UPI,Chennai,Delivered,5.0
O10763,C02470,2025-10-01,Card,Hyderabad,Delivered,0.0
O10764,C02280,2025-04-30,Net Banking,Delhi,Delivered,20.0
O10765,C01368,2025-11-01,Card,Ahmedabad,Delivered,5.0
O10766,C02768,2025-01-11,Card,Mumbai,Delivered,15.0
O10767,C01398,2025-07-02,UPI,Pune,Delivered,5.0
O10768,C00155,2025-11-05,COD,Bangalore,Delivered,20.0
O10769,C03187,2025-06-28,Net Banking,Jaipur,Delivered,20.0
O10770,C01116,2025-07-25,COD,Jaipur,Delivered,0.0
O10771,C03666,2025-04-02,UPI,Chennai,Delivered,0.0
O10772,C03597,2025-08-15,COD,Mumbai,Delivered,25.0
O10773,C01115,2025-01-06,UPI,Hyderabad,Delivered,15.0
O10774,C00700,2025-12-22,Card,Indore,Delivered,0.0
O10775,C04201,2025-01-12,Card,Kochi,Delivered,5.0
O10776,C00596,2025-09-07,COD,Indore,Delivered,10.0
O10777,C01014,2025-07-17,COD,Chennai,Delivered,20.0
O10778,C00540,2025-05-07,COD,Lucknow,Cancelled,0.0
O10779,C00012,2025-02-06,COD,Kolkata,Delivered,15.0
O10780,C01944,2025-01-08,Card,Indore,Delivered,0.0
O10781,C04460,2025-06-14,COD,Mumbai,Delivered,10.0
O10782,C00662,2025-04-30,UPI,Chennai,Delivered,15.0
O10783,C04634,2025-08-20,Card,Ahmedabad,Delivered,0.0
O10784,C04410,2025-08-13,UPI,Mumbai,Delivered,5.0
O10785,C01423,2025-08-21,COD,Pune,Delivered,15.0
O10786,C01246,2025-10-14,Net Banking,Indore,Delivered,0.0
O10787,C00580,2025-08-14,UPI,Delhi,Delivered,15.0
O10788,C00262,2025-05-25,Card,Hyderabad,Delivered,10.0
O10789,C00496,2025-09-07,UPI,Kolkata,Delivered,10.0
O10790,C04226,2025-09-29,UPI,Hyderabad,Delivered,5.0
O10791,C04888,2025-10-13,Card,Lucknow,Delivered,10.0
O10792,C02137,2025-02-08,UPI,Mumbai,Delivered,10.0
O10793,C00630,2025-02-13,UPI,Kochi,Delivered,20.0
O10794,C00506,2025-02-06,Card,Chennai,Delivered,15.0
O10795,C00207,2025-09-13,UPI,Mumbai,Delivered,10.0
O10796,C03432,2025-07-30,Card,Ahmedabad,Returned,5.0
O10797,C03131,2025-04-02,UPI,Indore,Delivered,5.0
O10798,C01855,2025-01-19,COD,Jaipur,Delivered,15.0
O10799,C01661,2025-04-10,Card,Ahmedabad,Returned,15.0
O10800,C02582,2025-05-27,Card,Bangalore,Delivered,5.0
O10801,C04980,2025-03-10,UPI,Chennai,Delivered,25.0
O10802,C00285,2025-05-10,UPI,Indore,Delivered,20.0
O10803,C00719,2025-01-25,Net Banking,Kolkata,Delivered,15.0
O10804,C03989,2025-04-25,Card,Kolkata,Delivered,5.0
O10805,C00502,2025-03-31,UPI,Lucknow,Delivered,5.0
O10806,C00258,2025-10-13,COD,Pune,Delivered,25.0
O10807,C04906,2025-09-30,UPI,Indore,Delivered,10.0
O10808,C02598,2025-12-07,Card,Kochi,Delivered,15.0
O10809,C01923,2025-07-31,UPI,Kochi,Delivered,25.0
O10810,C01240,2025-04-21,UPI,Kolkata,Delivered,10.0
O10811,C03295,2025-12-14,UPI,Bangalore,Delivered,15.0
O10812,C03014,2025-03-17,UPI,Delhi,Delivered,0.0
O10813,C04618,2025-10-23,Card,Ahmedabad,Cancelled,15.0
O10814,C00888,2025-03-29,COD,Kochi,Delivered,5.0
O10815,C03455,2025-06-19,Net Banking,Pune,Delivered,15.0
O10816,C00745,2025-05-27,Card,Mumbai,Delivered,0.0
O10817,C03437,2025-08-28,UPI,Pune,Cancelled,10.0
O10818,C01705,2025-02-24,COD,Mumbai,Delivered,10.0
O10819,C00211,2025-04-02,Card,Hyderabad,Delivered,10.0
O10820,C04065,2025-09-10,UPI,Ahmedabad,Delivered,15.0
O10821,C01957,2025-06-06,UPI,Delhi,Delivered,15.0
O10822,C02527,2025-09-08,COD,Indore,Delivered,15.0
O10823,C01703,2025-09-21,Card,Delhi,Delivered,10.0
O10824,C04215,2025-01-08,Net Banking,Ahmedabad,Delivered,20.0
O10825,C00486,2025-11-21,COD,Indore,Delivered,10.0
O10826,C02157,2025-10-26,Card,Ahmedabad,Delivered,5.0
O10827,C02502,2025-04-08,COD,Kochi,Delivered,0.0
O10828,C03311,2025-02-19,Card,Hyderabad,Cancelled,10.0
O10829,C04608,2025-08-01,UPI,Bangalore,Delivered,5.0
O10830,C01067,2025-01-04,Card,Lucknow,Cancelled,5.0
O10831,C04228,2025-12-30,COD,Delhi,Delivered,0.0
O10832,C01816,2025-10-19,COD,Kochi,Delivered,10.0
O10833,C02799,2025-08-29,Card,Pune,Delivered,20.0
O10834,C03630,2025-01-19,UPI,Mumbai,Delivered,5.0
O10835,C04057,2025-09-27,UPI,Jaipur,Cancelled,15.0
O10836,C00198,2025-10-31,UPI,Jaipur,Delivered,0.0
O10837,C03372,2025-11-24,Net Banking,Mumbai,Delivered,15.0
O10838,C04316,2025-07-20,COD,Hyderabad,Delivered,0.0
O10839,C04964,2025-04-14,Card,Indore,Delivered,5.0
O10840,C01316,2025-11-27,COD,Mumbai,Delivered,5.0
O10841,C02573,2025-12-30,Card,Bangalore,Delivered,0.0
O10842,C04863,2025-03-23,Card,Kochi,Delivered,5.0
O10843,C01182,2025-11-15,Card,Jaipur,Delivered,15.0
O10844,C03342,2025-02-24,Card,Chennai,Delivered,0.0
O10845,C00257,2025-10-15,COD,Indore,Delivered,25.0
O10846,C02749,2025-08-24,UPI,Bangalore,Delivered,15.0
O10847,C02563,2025-06-13,COD,Pune,Delivered,5.0
O10848,C01668,2025-12-31,COD,Lucknow,Returned,10.0
O10849,C02649,2025-03-26,COD,Delhi,Delivered,15.0
O10850,C00637,2025-08-07,UPI,Hyderabad,Delivered,10.0
O10851,C02823,2025-12-28,UPI,Kolkata,Returned,10.0
O10852,C00008,2025-08-01,UPI,Indore,Delivered,20.0
O10853,C01580,2025-07-22,COD,Delhi,Delivered,20.0
O10854,C00135,2025-11-09,COD,Hyderabad,Cancelled,20.0
O10855,C03832,2025-10-27,UPI,Ahmedabad,Delivered,20.0
O10856,C04926,2025-08-30,UPI,Hyderabad,Delivered,15.0
O10857,C04121,2025-06-11,COD,Hyderabad,Delivered,10.0
O10858,C02513,2025-06-28,UPI,Chennai,Delivered,10.0
O10859,C04470,2025-04-02,Net Banking,Chennai,Delivered,15.0
O10860,C02244,2025-05-18,Card,Bangalore,Cancelled,25.0
O10861,C02170,2025-04-22,Net Banking,Kolkata,Returned,0.0
O10862,C04868,2025-06-18,Card,Lucknow,Delivered,20.0
O10863,C04655,2025-11-17,UPI,Ahmedabad,Delivered,20.0
O10864,C03958,2025-04-11,UPI,Hyderabad,Delivered,0.0
O10865,C01233,2025-10-23,COD,Pune,Delivered,15.0
O10866,C03373,2025-07-12,UPI,Indore,Returned,25.0
O10867,C00954,2025-12-24,Card,Lucknow,Delivered,20.0
O10868,C01539,2025-07-26,Card,Lucknow,Delivered,0.0
O10869,C00908,2025-10-13,Net Banking,Jaipur,Delivered,25.0
O10870,C01681,2025-08-04,UPI,Ahmedabad,Delivered,0.0
O10871,C01910,2025-08-16,Card,Kolkata,Delivered,0.0
O10872,C04090,2025-12-27,UPI,Pune,Cancelled,5.0
O10873,C00619,2025-02-12,Card,Indore,Delivered,10.0
O10874,C02789,2025-06-30,Card,Delhi,Delivered,15.0
O10875,C01910,2025-12-13,UPI,Chennai,Delivered,5.0
O10876,C02845,2025-10-13,COD,Delhi,Cancelled,5.0
O10877,C04302,2025-10-24,UPI,Indore,Delivered,0.0
O10878,C04679,2025-02-13,Card,Pune,Delivered,5.0
O10879,C00697,2025-02-06,Card,Delhi,Delivered,20.0
O10880,C03405,2025-09-06,Card,Ahmedabad,Cancelled,15.0
O10881,C04304,2025-03-24,UPI,Kochi,Delivered,15.0
O10882,C00405,2025-09-14,COD,Ahmedabad,Delivered,5.0
O10883,C02436,2025-08-05,UPI,Hyderabad,Delivered,0.0
O10884,C01511,2025-01-10,COD,Jaipur,Delivered,20.0
O10885,C04963,2025-08-26,UPI,Mumbai,Delivered,25.0
O10886,C02319,2025-01-26,Card,Hyderabad,Cancelled,0.0
O10887,C04089,2025-09-08,COD,Lucknow,Delivered,10.0
O10888,C02485,2025-08-03,UPI,Kolkata,Delivered,10.0
O10889,C00858,2025-05-25,UPI,Pune,Delivered,15.0
O10890,C03730,2025-11-16,UPI,Lucknow,Delivered,5.0
O10891,C02393,2025-08-10,COD,Bangalore,Delivered,10.0
O10892,C04069,2025-11-20,UPI,Kolkata,Delivered,0.0
O10893,C04283,2025-01-18,Net Banking,Lucknow,Delivered,20.0
O10894,C00020,2025-12-05,UPI,Kochi,Returned,5.0
O10895,C02421,2025-08-16,Card,Kolkata,Cancelled,5.0
O10896,C03027,2025-08-24,Card,Hyderabad,Delivered,5.0
O10897,C00067,2025-12-12,UPI,Kochi,Delivered,5.0
O10898,C03134,2025-10-03,Card,Lucknow,Delivered,15.0
O10899,C03558,2025-05-01,Card,Hyderabad,Cancelled,0.0
O10900,C00786,2025-03-03,COD,Hyderabad,Delivered,25.0
O10901,C02133,2025-11-27,Card,Kolkata,Delivered,25.0
O10902,C01430,2025-07-06,COD,Chennai,Delivered,20.0
O10903,C01419,2025-01-25,COD,Lucknow,Delivered,25.0
O10904,C03691,2025-12-05,UPI,Indore,Delivered,15.0
O10905,C01548,2025-04-06,Card,Ahmedabad,Delivered,10.0
O10906,C04272,2025-11-17,UPI,Delhi,Delivered,15.0
O10907,C00359,2025-07-12,UPI,Hyderabad,Delivered,0.0
O10908,C01563,2025-09-11,Card,Bangalore,Delivered,15.0
O10909,C04387,2025-03-08,Card,Kochi,Delivered,0.0
O10910,C02178,2025-11-10,Card,Lucknow,Delivered,20.0
O10911,C03811,2025-02-09,COD,Hyderabad,Delivered,20.0
O10912,C00479,2025-08-12,UPI,Jaipur,Delivered,0.0
O10913,C00648,2025-12-22,Card,Lucknow,Delivered,15.0
O10914,C00264,2025-08-10,Card,Ahmedabad,Delivered,15.0
O10915,C03743,2025-04-13,UPI,Chennai,Delivered,10.0
O10916,C02957,2025-11-14,COD,Pune,Delivered,0.0
O10917,C01562,2025-09-05,UPI,Chennai,Cancelled,0.0
O10918,C01437,2025-06-11,Card,Delhi,Delivered,15.0
O10919,C02006,2025-09-21,Net Banking,Jaipur,Delivered,10.0
O10920,C03141,2025-01-25,Card,Lucknow,Delivered,0.0
O10921,C00908,2025-06-03,UPI,Pune,Delivered,10.0
O10922,C00130,2025-08-07,UPI,Ahmedabad,Delivered,20.0
O10923,C00938,2025-09-11,UPI,Pune,Delivered,20.0
O10924,C03719,2025-08-03,COD,Pune,Delivered,15.0
O10925,C00815,2025-06-18,UPI,Ahmedabad,Delivered,15.0
O10926,C03963,2025-03-21,UPI,Ahmedabad,Delivered,15.0
O10927,C03382,2025-03-13,Card,Hyderabad,Delivered,0.0
O10928,C00015,2025-03-04,UPI,Kolkata,Delivered,5.0
O10929,C02038,2025-03-16,Card,Chennai,Delivered,10.0
O10930,C03489,2025-09-20,Card,Hyderabad,Delivered,10.0
O10931,C00707,2025-04-08,UPI,Lucknow,Delivered,5.0
O10932,C00703,2025-03-26,Card,Jaipur,Delivered,15.0
O10933,C04842,2025-11-21,UPI,Chennai,Delivered,15.0
O10934,C04132,2025-11-02,COD,Jaipur,Delivered,5.0
O10935,C04843,2025-09-30,UPI,Jaipur,Delivered,5.0
O10936,C02556,2025-05-29,UPI,Ahmedabad,Cancelled,5.0
O10937,C04742,2025-01-06,Card,Kochi,Delivered,5.0
O10938,C02987,2025-04-19,UPI,Hyderabad,Returned,5.0
O10939,C03940,2025-07-18,COD,Bangalore,Returned,10.0
O10940,C04952,2025-11-27,UPI,Chennai,Delivered,10.0
O10941,C03339,2025-12-04,UPI,Lucknow,Delivered,10.0
O10942,C00517,2025-02-07,UPI,Delhi,Delivered,10.0
O10943,C00798,2025-11-15,UPI,Jaipur,Delivered,5.0
O10944,C00485,2025-05-08,UPI,Kolkata,Delivered,10.0
O10945,C03675,2025-05-20,Card,Pune,Delivered,10.0
O10946,C02712,2025-09-05,COD,Hyderabad,Delivered,0.0
O10947,C00443,2025-09-16,UPI,Hyderabad,Delivered,10.0
O10948,C01654,2025-05-27,UPI,Chennai,Delivered,5.0
O10949,C01014,2025-12-09,COD,Bangalore,Delivered,0.0
O10950,C00963,2025-07-14,UPI,Delhi,Delivered,10.0
O10951,C00573,2025-08-03,UPI,Chennai,Delivered,0.0
O10952,C04454,2025-08-29,Card,Mumbai,Cancelled,10.0
O10953,C04717,2025-05-13,Card,Lucknow,Delivered,10.0
O10954,C01831,2025-01-29,UPI,Mumbai,Delivered,30.0
O10955,C03843,2025-04-08,Card,Kolkata,Delivered,10.0
O10956,C04902,2025-12-30,Card,Pune,Delivered,5.0
O10957,C00816,2025-07-01,Card,Bangalore,Delivered,10.0
O10958,C03672,2025-06-01,Card,Jaipur,Delivered,5.0
O10959,C02537,2025-04-13,Card,Indore,Delivered,10.0
O10960,C01211,2025-10-15,UPI,Bangalore,Delivered,20.0
O10961,C03135,2025-08-23,UPI,Ahmedabad,Delivered,0.0
O10962,C00555,2025-05-13,UPI,Hyderabad,Returned,10.0
O10963,C02793,2025-08-18,COD,Bangalore,Delivered,10.0
O10964,C04921,2025-02-04,Card,Pune,Cancelled,5.0
O10965,C04063,2025-12-24,COD,Mumbai,Delivered,15.0
O10966,C03766,2025-03-21,Net Banking,Bangalore,Delivered,15.0
O10967,C04303,2025-12-21,COD,Ahmedabad,Delivered,10.0
O10968,C01265,2025-08-30,Card,Mumbai,Delivered,10.0
O10969,C00894,2025-12-10,Card,Jaipur,Delivered,
O10970,C02173,2025-05-13,UPI,Hyderabad,Cancelled,10.0
O10971,C02305,2025-01-09,Net Banking,Bangalore,Delivered,10.0
O10972,C03164,2025-09-10,Card,Lucknow,Delivered,10.0
O10973,C04833,2025-02-02,UPI,Ahmedabad,Delivered,15.0
O10974,C03959,2025-12-13,UPI,Pune,Delivered,10.0
O10975,C04384,2025-07-06,COD,Indore,Cancelled,20.0
O10976,C01239,2025-01-11,UPI,Lucknow,Delivered,25.0
O10977,C01818,2025-03-10,UPI,Bangalore,Delivered,10.0
O10978,C00767,2025-05-18,Card,Ahmedabad,Delivered,20.0
O10979,C02560,2025-05-11,COD,Mumbai,Cancelled,15.0
O10980,C00573,2025-09-08,Card,Ahmedabad,Delivered,10.0
O10981,C04464,2025-05-03,COD,Jaipur,Delivered,10.0
O10982,C02333,2025-09-30,COD,Chennai,Delivered,10.0
O10983,C02111,2025-08-31,COD,Chennai,Cancelled,25.0
O10984,C04742,2025-06-11,Card,Pune,Delivered,10.0
O10985,C00751,2025-04-05,Card,Bangalore,Cancelled,10.0
O10986,C02812,2025-06-11,UPI,Chennai,Delivered,0.0
O10987,C04457,2025-11-19,UPI,Indore,Delivered,15.0
O10988,C03555,2025-10-11,Card,Bangalore,Delivered,10.0
O10989,C02419,2025-12-27,UPI,Lucknow,Delivered,25.0
O10990,C02989,2025-08-17,Card,Ahmedabad,Delivered,5.0
O10991,C00855,2025-04-26,UPI,Ahmedabad,Delivered,15.0
O10992,C02851,2025-08-09,UPI,Bangalore,Delivered,5.0
O10993,C03380,2025-06-18,COD,Mumbai,Returned,0.0
O10994,C00194,2025-11-11,Card,Pune,Delivered,0.0
O10995,C01578,2025-11-26,Card,Pune,Delivered,20.0
O10996,C01481,2025-05-25,Card,Indore,Delivered,10.0
O10997,C04429,2025-10-13,Card,Jaipur,Delivered,5.0
O10998,C00747,2025-07-01,UPI,Delhi,Delivered,10.0
O10999,C04962,2025-11-04,Card,Mumbai,Delivered,15.0
O11000,C03088,2025-10-02,Card,Kochi,Delivered,5.0
O11001,C04741,2025-02-06,UPI,Ahmedabad,Delivered,5.0
O11002,C00150,2025-12-29,UPI,Lucknow,Delivered,0.0
O11003,C03866,2025-02-05,Card,Pune,Delivered,10.0
O11004,C04898,2025-03-09,UPI,Delhi,Delivered,25.0
O11005,C04978,2025-12-26,COD,Lucknow,Delivered,10.0
O11006,C02329,2025-05-01,COD,Delhi,Delivered,25.0
O11007,C01676,2025-06-04,UPI,Pune,Delivered,20.0
O11008,C02587,2025-07-24,Card,Indore,Delivered,0.0
O11009,C02390,2025-02-13,Net Banking,Lucknow,Delivered,20.0
O11010,C00674,2025-10-16,COD,Chennai,Delivered,0.0
O11011,C03702,2025-03-31,UPI,Jaipur,Delivered,10.0
O11012,C01361,2025-07-31,UPI,Kochi,Delivered,10.0
O11013,C03067,2025-03-04,UPI,Pune,Delivered,15.0
O11014,C03147,2025-03-13,Card,Bangalore,Delivered,15.0
O11015,C03618,2025-12-02,UPI,Bangalore,Delivered,5.0
O11016,C03068,2025-10-17,Card,Hyderabad,Delivered,20.0
O11017,C02163,2025-01-27,COD,Chennai,Delivered,0.0
O11018,C01445,2025-12-28,COD,Chennai,Delivered,25.0
O11019,C04026,2025-02-22,UPI,Lucknow,Delivered,30.0
O11020,C02161,2025-08-30,UPI,Lucknow,Delivered,15.0
O11021,C03354,2025-10-20,COD,Indore,Returned,10.0
O11022,C04820,2025-04-10,UPI,Ahmedabad,Delivered,25.0
O11023,C01771,2025-03-20,COD,Lucknow,Delivered,5.0
O11024,C04545,2025-11-22,UPI,Ahmedabad,Delivered,10.0
O11025,C01703,2025-03-31,COD,Jaipur,Delivered,10.0
O11026,C00195,2025-01-25,Card,Lucknow,Delivered,0.0
O11027,C00575,2025-06-10,UPI,Lucknow,Delivered,0.0
O11028,C02630,2025-07-14,Card,Kolkata,Delivered,15.0
O11029,C04687,2025-07-20,COD,Chennai,Delivered,5.0
O11030,C04644,2025-06-15,UPI,Indore,Cancelled,10.0
O11031,C00389,2025-08-10,UPI,Pune,Delivered,5.0
O11032,C01753,2025-10-10,Card,Delhi,Delivered,10.0
O11033,C00661,2025-01-13,COD,Indore,Delivered,15.0
O11034,C02833,2025-12-09,UPI,Hyderabad,Delivered,10.0
O11035,C04630,2025-12-21,UPI,Delhi,Delivered,20.0
O11036,C00297,2025-09-03,UPI,Kolkata,Delivered,10.0
O11037,C00331,2025-03-29,UPI,Kochi,Delivered,5.0
O11038,C03850,2025-05-20,UPI,Ahmedabad,Delivered,20.0
O11039,C04951,2025-11-06,Card,Kochi,Delivered,10.0
O11040,C01285,2025-09-13,Card,Lucknow,Delivered,20.0
O11041,C01079,2025-10-03,Card,Kolkata,Delivered,5.0
O11042,C00875,2025-05-26,Card,Lucknow,Delivered,10.0
O11043,C03867,2025-01-07,UPI,Indore,Delivered,0.0
O11044,C04838,2025-09-03,COD,Indore,Delivered,0.0
O11045,C02686,2025-12-12,Card,Kolkata,Delivered,30.0
O11046,C02490,2025-07-23,COD,Pune,Delivered,0.0
O11047,C01586,2025-08-28,Card,Delhi,Delivered,10.0
O11048,C03808,2025-04-04,UPI,Indore,Delivered,0.0
O11049,C02941,2025-11-06,Card,Delhi,Cancelled,10.0
O11050,C04487,2025-01-08,UPI,Lucknow,Delivered,0.0
O11051,C04469,2025-06-19,Net Banking,Bangalore,Delivered,15.0
O11052,C01503,2025-04-29,Card,Pune,Delivered,5.0
O11053,C00746,2025-09-03,COD,Lucknow,Delivered,5.0
O11054,C02613,2025-05-08,Card,Kolkata,Delivered,5.0
O11055,C01509,2025-08-10,UPI,Pune,Cancelled,0.0
O11056,C01771,2025-03-04,Card,Mumbai,Delivered,10.0
O11057,C03780,2025-04-27,Card,Chennai,Cancelled,10.0
O11058,C01962,2025-04-19,UPI,Indore,Delivered,10.0
O11059,C01596,2025-08-22,Card,Pune,Delivered,10.0
O11060,C04781,2025-07-24,COD,Indore,Returned,0.0
O11061,C02534,2025-03-29,UPI,Indore,Delivered,10.0
O11062,C03659,2025-11-21,UPI,Jaipur,Delivered,10.0
O11063,C00466,2025-08-28,COD,Kochi,Delivered,5.0
O11064,C02070,2025-07-17,UPI,Kolkata,Delivered,5.0
O11065,C02444,2025-01-04,UPI,Hyderabad,Delivered,10.0
O11066,C01233,2025-04-16,Card,Delhi,Delivered,15.0
O11067,C00145,2025-04-17,Card,Mumbai,Delivered,15.0
O11068,C02353,2025-09-09,Net Banking,Kochi,Delivered,5.0
O11069,C01808,2025-07-05,UPI,Indore,Delivered,0.0
O11070,C03049,2025-08-14,Net Banking,Lucknow,Delivered,20.0
O11071,C04043,2025-01-21,UPI,Mumbai,Delivered,15.0
O11072,C04140,2025-06-03,Card,Chennai,Delivered,25.0
O11073,C04203,2025-08-12,UPI,Delhi,Delivered,0.0
O11074,C04246,2025-03-27,Card,Mumbai,Delivered,15.0
O11075,C01288,2025-02-10,COD,Mumbai,Delivered,5.0
O11076,C00110,2025-11-30,UPI,Delhi,Cancelled,20.0
O11077,C04846,2025-06-21,UPI,Bangalore,Delivered,10.0
O11078,C04820,2025-06-09,Card,Lucknow,Delivered,10.0
O11079,C02791,2025-06-09,Card,Ahmedabad,Delivered,25.0
O11080,C04424,2025-02-20,UPI,Jaipur,Delivered,5.0
O11081,C00862,2025-04-28,COD,Indore,Delivered,10.0
O11082,C00461,2025-10-07,Card,Bangalore,Delivered,0.0
O11083,C01105,2025-06-21,UPI,Chennai,Cancelled,5.0
O11084,C00744,2025-11-28,Net Banking,Ahmedabad,Delivered,5.0
O11085,C02411,2025-03-25,UPI,Mumbai,Delivered,5.0
O11086,C03793,2025-10-20,COD,Bangalore,Cancelled,15.0
O11087,C04994,2025-12-06,UPI,Chennai,Delivered,5.0
O11088,C00443,2025-03-07,UPI,Bangalore,Delivered,5.0
O11089,C01834,2025-09-27,Card,Hyderabad,Delivered,15.0
O11090,C00886,2025-12-10,Card,Jaipur,Delivered,10.0
O11091,C03605,2025-09-28,Card,Ahmedabad,Delivered,5.0
O11092,C04357,2025-03-02,UPI,Indore,Delivered,15.0
O11093,C04376,2025-06-26,UPI,Hyderabad,Delivered,10.0
O11094,C03222,2025-12-20,Card,Kolkata,Delivered,15.0
O11095,C00152,2025-04-27,COD,Pune,Returned,5.0
O11096,C01597,2025-05-16,Card,Indore,Delivered,25.0
O11097,C01672,2025-09-16,UPI,Hyderabad,Delivered,25.0
O11098,C01535,2025-09-13,Card,Pune,Delivered,20.0
O11099,C01566,2025-11-27,Card,Mumbai,Returned,5.0
O11100,C00951,2025-09-28,UPI,Pune,Delivered,15.0
O11101,C02915,2025-02-01,Card,Kochi,Delivered,15.0
O11102,C02493,2025-09-11,Card,Kolkata,Delivered,5.0
O11103,C01342,2025-09-24,UPI,Chennai,Delivered,0.0
O11104,C00732,2025-10-09,Card,Lucknow,Delivered,5.0
O11105,C04334,2025-01-07,Card,Pune,Returned,10.0
O11106,C00539,2025-12-14,Net Banking,Kochi,Delivered,5.0
O11107,C00769,2025-02-08,Card,Lucknow,Delivered,15.0
O11108,C02857,2025-01-04,Card,Mumbai,Delivered,5.0
O11109,C03726,2025-01-30,UPI,Bangalore,Delivered,5.0
O11110,C02122,2025-06-15,Card,Chennai,Returned,10.0
O11111,C01735,2025-11-03,UPI,Kochi,Delivered,0.0
O11112,C04392,2025-02-05,UPI,Bangalore,Delivered,10.0
O11113,C00014,2025-12-17,UPI,Hyderabad,Returned,25.0
O11114,C04708,2025-07-30,Card,Mumbai,Delivered,15.0
O11115,C03675,2025-04-23,Card,Mumbai,Delivered,5.0
O11116,C04491,2025-04-27,COD,Kolkata,Delivered,20.0
O11117,C00191,2025-11-12,Card,Kochi,Returned,10.0
O11118,C02865,2025-02-20,Card,Mumbai,Delivered,10.0
O11119,C04103,2025-01-15,UPI,Jaipur,Delivered,5.0
O11120,C01105,2025-07-20,COD,Indore,Delivered,0.0
O11121,C02813,2025-12-13,UPI,Delhi,Delivered,5.0
O11122,C00652,2025-05-04,Card,Ahmedabad,Delivered,15.0
O11123,C01381,2025-12-06,UPI,Pune,Delivered,5.0
O11124,C00802,2025-06-05,COD,Lucknow,Delivered,10.0
O11125,C04545,2025-07-27,Card,Lucknow,Delivered,10.0
O11126,C02122,2025-08-30,Card,Pune,Delivered,5.0
O11127,C01985,2025-06-13,UPI,Kolkata,Delivered,15.0
O11128,C04141,2025-09-17,Card,Kolkata,Delivered,20.0
O11129,C01553,2025-10-04,Card,Indore,Delivered,0.0
O11130,C02793,2025-12-13,UPI,Bangalore,Delivered,10.0
O11131,C02724,2025-07-12,UPI,Ahmedabad,Delivered,5.0
O11132,C02023,2025-11-21,UPI,Bangalore,Cancelled,10.0
O11133,C04671,2025-08-26,Card,Kolkata,Delivered,10.0
O11134,C01431,2025-02-19,UPI,Delhi,Cancelled,0.0
O11135,C04189,2025-08-01,UPI,Bangalore,Delivered,10.0
O11136,C02514,2025-09-23,UPI,Pune,Delivered,5.0
O11137,C00604,2025-03-31,Card,Pune,Cancelled,10.0
O11138,C00327,2025-05-24,UPI,Mumbai,Returned,20.0
O11139,C03839,2025-06-15,COD,Kochi,Delivered,5.0
O11140,C02776,2025-03-08,UPI,Chennai,Delivered,5.0
O11141,C03640,2025-01-20,UPI,Ahmedabad,Delivered,0.0
O11142,C00591,2025-04-21,Card,Bangalore,Delivered,10.0
O11143,C01439,2025-03-10,COD,Jaipur,Delivered,20.0
O11144,C03571,2025-01-25,COD,Pune,Delivered,10.0
O11145,C00851,2025-12-11,UPI,Pune,Delivered,5.0
O11146,C00440,2025-11-06,UPI,Indore,Delivered,20.0
O11147,C02996,2025-01-12,Card,Mumbai,Delivered,10.0
O11148,C04424,2025-03-06,UPI,Ahmedabad,Delivered,25.0
O11149,C01666,2025-07-01,Card,Lucknow,Returned,15.0
O11150,C02909,2025-08-22,Card,Indore,Delivered,20.0
O11151,C01258,2025-11-19,Card,Delhi,Delivered,10.0
O11152,C01545,2025-05-13,Net Banking,Kochi,Delivered,30.0
O11153,C01906,2025-07-05,UPI,Pune,Delivered,10.0
O11154,C03680,2025-03-20,Card,Delhi,Delivered,10.0
O11155,C01816,2025-05-12,Card,Hyderabad,Cancelled,0.0
O11156,C02277,2025-10-02,Card,Bangalore,Delivered,25.0
O11157,C03317,2025-12-03,Card,Kolkata,Delivered,5.0
O11158,C01451,2025-11-07,Net Banking,Jaipur,Delivered,15.0
O11159,C02048,2025-11-13,COD,Pune,Delivered,5.0
O11160,C04840,2025-07-19,Card,Pune,Delivered,20.0
O11161,C03545,2025-04-11,Card,Kolkata,Delivered,0.0
O11162,C04907,2025-06-01,Card,Kochi,Delivered,20.0
O11163,C03635,2025-08-04,COD,Lucknow,Delivered,10.0
O11164,C00174,2025-05-27,UPI,Bangalore,Delivered,25.0
O11165,C01099,2025-10-07,Card,Bangalore,Delivered,10.0
O11166,C01123,2025-11-06,Card,Lucknow,Delivered,10.0
O11167,C02561,2025-08-21,Card,Delhi,Delivered,5.0
O11168,C02043,2025-05-29,UPI,Indore,Delivered,5.0
O11169,C03779,2025-12-03,Card,Pune,Delivered,0.0
O11170,C02177,2025-10-02,Card,Pune,Delivered,5.0
O11171,C02422,2025-06-30,UPI,Chennai,Delivered,10.0
O11172,C04332,2025-05-31,Card,Jaipur,Delivered,0.0
O11173,C04838,2025-10-20,Card,Lucknow,Delivered,5.0
O11174,C03773,2025-10-11,COD,Mumbai,Delivered,20.0
O11175,C01693,2025-07-23,UPI,Jaipur,Delivered,0.0
O11176,C00291,2025-03-21,UPI,Jaipur,Delivered,5.0
O11177,C03932,2025-11-23,UPI,Hyderabad,Delivered,0.0
O11178,C01419,2025-05-29,Net Banking,Kolkata,Returned,15.0
O11179,C01989,2025-10-04,COD,Chennai,Delivered,20.0
O11180,C00568,2025-02-04,Card,Hyderabad,Delivered,20.0
O11181,C03039,2025-08-04,UPI,Kolkata,Delivered,20.0
O11182,C02346,2025-01-01,Card,Jaipur,Cancelled,10.0
O11183,C03144,2025-07-25,Card,Lucknow,Delivered,10.0
O11184,C02304,2025-04-02,COD,Mumbai,Cancelled,15.0
O11185,C00309,2025-04-01,UPI,Indore,Delivered,20.0
O11186,C02139,2025-03-11,Net Banking,Ahmedabad,Delivered,15.0
O11187,C02197,2025-05-12,UPI,Jaipur,Delivered,10.0
O11188,C00462,2025-09-14,UPI,Kolkata,Delivered,10.0
O11189,C04731,2025-12-21,COD,Jaipur,Delivered,5.0
O11190,C03821,2025-04-02,Card,Mumbai,Delivered,0.0
O11191,C04733,2025-03-23,COD,Delhi,Delivered,0.0
O11192,C00646,2025-11-04,COD,Kochi,Delivered,5.0
O11193,C04614,2025-04-09,Card,Chennai,Delivered,10.0
O11194,C01397,2025-02-22,UPI,Kolkata,Delivered,15.0
O11195,C03269,2025-12-07,Card,Lucknow,Cancelled,20.0
O11196,C04286,2025-03-21,Card,Delhi,Delivered,10.0
O11197,C03875,2025-11-08,COD,Kolkata,Delivered,5.0
O11198,C04175,2025-12-25,Card,Jaipur,Delivered,15.0
O11199,C01571,2025-12-09,COD,Jaipur,Delivered,5.0
O11200,C00816,2025-09-03,COD,Chennai,Cancelled,0.0
O11201,C01906,2025-10-16,COD,Pune,Delivered,0.0
O11202,C04168,2025-10-06,COD,Ahmedabad,Delivered,15.0
O11203,C02091,2025-09-19,Card,Mumbai,Cancelled,20.0
O11204,C04899,2025-12-07,Card,Jaipur,Delivered,15.0
O11205,C03205,2025-09-18,Net Banking,Jaipur,Delivered,0.0
O11206,C03871,2025-11-29,Card,Mumbai,Delivered,5.0
O11207,C01130,2025-08-20,COD,Hyderabad,Delivered,25.0
O11208,C02056,2025-09-05,Card,Kolkata,Delivered,15.0
O11209,C01798,2025-09-12,Card,Lucknow,Delivered,15.0
O11210,C03415,2025-03-24,Card,Bangalore,Delivered,15.0
O11211,C02485,2025-09-22,COD,Lucknow,Returned,20.0
O11212,C00689,2025-01-03,Card,Chennai,Cancelled,10.0
O11213,C03464,2025-08-11,UPI,Indore,Delivered,10.0
O11214,C00576,2025-09-07,UPI,Delhi,Delivered,0.0
O11215,C04996,2025-07-11,Card,Bangalore,Cancelled,25.0
O11216,C03011,2025-02-15,UPI,Mumbai,Delivered,0.0
O11217,C03903,2025-10-22,Card,Pune,Delivered,10.0
O11218,C04816,2025-09-26,COD,Bangalore,Delivered,10.0
O11219,C04322,2025-02-10,Net Banking,Delhi,Returned,30.0
O11220,C03871,2025-05-19,Card,Lucknow,Delivered,5.0
O11221,C02840,2025-02-10,UPI,Bangalore,Delivered,15.0
O11222,C03075,2025-11-27,Card,Bangalore,Delivered,25.0
O11223,C04641,2025-06-24,Card,Indore,Delivered,10.0
O11224,C02526,2025-10-18,UPI,Ahmedabad,Delivered,10.0
O11225,C03482,2025-11-19,UPI,Hyderabad,Delivered,10.0
O11226,C02018,2025-10-07,UPI,Kolkata,Cancelled,15.0
O11227,C03379,2025-04-04,Card,Ahmedabad,Delivered,0.0
O11228,C03286,2025-12-18,UPI,Pune,Cancelled,15.0
O11229,C03102,2025-12-06,UPI,Jaipur,Delivered,0.0
O11230,C04515,2025-07-24,COD,Bangalore,Delivered,15.0
O11231,C03609,2025-02-25,COD,Kochi,Delivered,15.0
O11232,C01052,2025-08-19,UPI,Chennai,Delivered,10.0
O11233,C04705,2025-09-17,UPI,Hyderabad,Delivered,10.0
O11234,C00087,2025-08-08,Card,Hyderabad,Delivered,15.0
O11235,C03098,2025-06-17,UPI,Kochi,Delivered,0.0
O11236,C04809,2025-06-20,Card,Pune,Delivered,10.0
O11237,C02440,2025-11-10,UPI,Chennai,Delivered,5.0
O11238,C01278,2025-11-14,UPI,Lucknow,Delivered,15.0
O11239,C00520,2025-05-17,UPI,Chennai,Delivered,0.0
O11240,C00387,2025-10-05,UPI,Bangalore,Delivered,0.0
O11241,C00014,2025-09-17,COD,Indore,Delivered,10.0
O11242,C04187,2025-10-18,COD,Lucknow,Delivered,10.0
O11243,C03476,2025-10-16,Net Banking,Kochi,Delivered,10.0
O11244,C03577,2025-05-15,Card,Chennai,Delivered,10.0
O11245,C00004,2025-04-15,Card,Kochi,Delivered,0.0
O11246,C03070,2025-08-15,UPI,Bangalore,Delivered,5.0
O11247,C03291,2025-07-09,Card,Kochi,Delivered,0.0
O11248,C03660,2025-07-14,COD,Mumbai,Delivered,10.0
O11249,C04892,2025-03-05,UPI,Bangalore,Delivered,15.0
O11250,C03939,2025-06-20,Card,Ahmedabad,Delivered,10.0
O11251,C04312,2025-01-18,UPI,Ahmedabad,Delivered,10.0
O11252,C01603,2025-09-16,COD,Ahmedabad,Delivered,10.0
O11253,C04800,2025-11-11,Card,Kochi,Delivered,5.0
O11254,C04827,2025-07-09,COD,Kochi,Delivered,10.0
O11255,C03974,2025-10-22,UPI,Bangalore,Delivered,0.0
O11256,C02543,2025-11-16,COD,Kolkata,Delivered,10.0
O11257,C01643,2025-09-10,UPI,Indore,Delivered,10.0
O11258,C01490,2025-03-22,UPI,Lucknow,Returned,10.0
O11259,C04059,2025-03-01,UPI,Bangalore,Delivered,20.0
O11260,C03234,2025-04-15,UPI,Kolkata,Delivered,20.0
O11261,C01696,2025-12-31,UPI,Pune,Delivered,15.0
O11262,C01387,2025-09-18,Card,Kochi,Cancelled,10.0
O11263,C04793,2025-09-12,COD,Pune,Delivered,5.0
O11264,C01198,2025-02-15,COD,Bangalore,Delivered,5.0
O11265,C02286,2025-05-12,Card,Kochi,Delivered,0.0
O11266,C00988,2025-01-14,UPI,Mumbai,Cancelled,10.0
O11267,C03990,2025-09-24,UPI,Lucknow,Delivered,25.0
O11268,C02960,2025-01-22,Card,Hyderabad,Delivered,15.0
O11269,C01262,2025-04-16,COD,Lucknow,Cancelled,10.0
O11270,C04726,2025-01-05,Card,Hyderabad,Delivered,5.0
O11271,C01256,2025-06-30,Card,Bangalore,Delivered,0.0
O11272,C00588,2025-05-29,UPI,Kolkata,Delivered,5.0
O11273,C01541,2025-12-01,Card,Lucknow,Delivered,10.0
O11274,C00794,2025-10-07,Card,Jaipur,Delivered,10.0
O11275,C03917,2025-01-13,Card,Ahmedabad,Delivered,5.0
O11276,C02021,2025-12-18,UPI,Lucknow,Cancelled,0.0
O11277,C00119,2025-01-26,UPI,Kolkata,Delivered,5.0
O11278,C01214,2025-02-09,Net Banking,Delhi,Returned,5.0
O11279,C00614,2025-10-09,Card,Ahmedabad,Delivered,10.0
O11280,C04582,2025-10-13,Card,Jaipur,Delivered,0.0
O11281,C04418,2025-03-05,UPI,Bangalore,Delivered,5.0
O11282,C04235,2025-04-21,Card,Kochi,Delivered,5.0
O11283,C03474,2025-11-25,UPI,Ahmedabad,Delivered,10.0
O11284,C03298,2025-03-29,UPI,Chennai,Delivered,5.0
O11285,C01290,2025-05-04,Card,Delhi,Delivered,0.0
O11286,C02381,2025-05-26,Card,Kochi,Delivered,0.0
O11287,C00224,2025-08-02,UPI,Lucknow,Cancelled,0.0
O11288,C04668,2025-05-08,UPI,Chennai,Delivered,20.0
O11289,C02824,2025-10-21,Card,Kochi,Delivered,5.0
O11290,C03015,2025-05-29,UPI,Kolkata,Delivered,10.0
O11291,C02641,2025-11-23,UPI,Bangalore,Delivered,10.0
O11292,C04905,2025-05-20,COD,Ahmedabad,Delivered,5.0
O11293,C00987,2025-10-19,COD,Pune,Delivered,20.0
O11294,C01024,2025-05-02,COD,Lucknow,Delivered,25.0
O11295,C01544,2025-01-11,Card,Kolkata,Delivered,5.0
O11296,C01273,2025-10-10,UPI,Kolkata,Delivered,15.0
O11297,C01780,2025-09-09,COD,Chennai,Delivered,15.0
O11298,C01701,2025-07-13,UPI,Bangalore,Delivered,20.0
O11299,C03931,2025-11-26,Card,Kolkata,Delivered,10.0
O11300,C02235,2025-07-14,UPI,Chennai,Delivered,15.0
O11301,C04345,2025-03-22,Card,Ahmedabad,Delivered,5.0
O11302,C03199,2025-04-17,COD,Bangalore,Delivered,25.0
O11303,C03160,2025-11-17,Card,Lucknow,Delivered,15.0
O11304,C03984,2025-07-25,Card,Kolkata,Cancelled,0.0
O11305,C01024,2025-07-28,Net Banking,Kochi,Delivered,20.0
O11306,C03840,2025-05-07,UPI,Kochi,Delivered,25.0
O11307,C00826,2025-02-03,UPI,Pune,Delivered,5.0
O11308,C02737,2025-03-05,COD,Chennai,Delivered,10.0
O11309,C03407,2025-01-17,Card,Bangalore,Delivered,30.0
O11310,C02775,2025-09-06,Card,Pune,Cancelled,10.0
O11311,C04633,2025-04-15,Card,Bangalore,Delivered,15.0
O11312,C00492,2025-12-11,UPI,Mumbai,Delivered,10.0
O11313,C01860,2025-04-18,UPI,Ahmedabad,Delivered,0.0
O11314,C02340,2025-08-10,UPI,Jaipur,Delivered,10.0
O11315,C00592,2025-06-25,UPI,Ahmedabad,Delivered,20.0
O11316,C02735,2025-08-16,Card,Ahmedabad,Delivered,0.0
O11317,C01493,2025-07-09,UPI,Hyderabad,Cancelled,10.0
O11318,C00948,2025-08-01,Card,Pune,Delivered,20.0
O11319,C01576,2025-08-09,UPI,Kolkata,Delivered,5.0
O11320,C00683,2025-11-20,UPI,Indore,Delivered,25.0
O11321,C00629,2025-06-11,UPI,Chennai,Returned,5.0
O11322,C04689,2025-10-25,Card,Mumbai,Delivered,15.0
O11323,C04483,2025-09-06,UPI,Kochi,Cancelled,5.0
O11324,C04748,2025-07-09,Card,Lucknow,Delivered,5.0
O11325,C02241,2025-01-12,UPI,Kolkata,Delivered,15.0
O11326,C03755,2025-03-09,UPI,Pune,Delivered,0.0
O11327,C00101,2025-02-10,COD,Kolkata,Returned,0.0
O11328,C01094,2025-09-17,UPI,Hyderabad,Delivered,5.0
O11329,C02492,2025-05-06,Net Banking,Lucknow,Delivered,5.0
O11330,C03773,2025-08-14,Net Banking,Lucknow,Delivered,0.0
O11331,C00433,2025-07-29,Card,Indore,Delivered,25.0
O11332,C00537,2025-11-29,Card,Ahmedabad,Delivered,5.0
O11333,C00601,2025-11-26,COD,Chennai,Delivered,15.0
O11334,C01667,2025-09-22,COD,Ahmedabad,Delivered,5.0
O11335,C02756,2025-06-20,Card,Kolkata,Delivered,30.0
O11336,C00319,2025-01-01,UPI,Lucknow,Delivered,0.0
O11337,C04942,2025-12-30,UPI,Mumbai,Delivered,5.0
O11338,C01863,2025-12-15,UPI,Jaipur,Delivered,10.0
O11339,C03733,2025-07-28,UPI,Mumbai,Delivered,15.0
O11340,C01528,2025-08-29,UPI,Pune,Delivered,10.0
O11341,C00071,2025-03-13,Card,Hyderabad,Delivered,15.0
O11342,C00444,2025-09-30,Card,Mumbai,Delivered,20.0
O11343,C04695,2025-03-30,COD,Delhi,Cancelled,5.0
O11344,C00387,2025-01-20,UPI,Indore,Delivered,15.0
O11345,C01870,2025-11-11,UPI,Lucknow,Delivered,10.0
O11346,C04649,2025-05-21,Card,Lucknow,Delivered,0.0
O11347,C02012,2025-11-29,Card,Pune,Delivered,5.0
O11348,C02922,2025-06-24,Card,Hyderabad,Delivered,15.0
O11349,C03352,2025-02-19,UPI,Hyderabad,Delivered,5.0
O11350,C00280,2025-04-04,COD,Pune,Delivered,0.0
O11351,C00771,2025-06-17,Card,Chennai,Delivered,10.0
O11352,C00954,2025-02-24,Card,Bangalore,Delivered,20.0
O11353,C04425,2025-02-20,UPI,Chennai,Delivered,0.0
O11354,C01560,2025-11-28,COD,Jaipur,Cancelled,10.0
O11355,C02498,2025-09-27,UPI,Mumbai,Delivered,5.0
O11356,C03447,2025-12-28,UPI,Kochi,Delivered,5.0
O11357,C03368,2025-05-25,COD,Delhi,Delivered,10.0
O11358,C03548,2025-03-18,Card,Mumbai,Delivered,0.0
O11359,C02441,2025-05-09,UPI,Chennai,Delivered,5.0
O11360,C00109,2025-04-21,COD,Chennai,Delivered,5.0
O11361,C04455,2025-01-01,Card,Indore,Delivered,15.0
O11362,C00956,2025-01-26,COD,Chennai,Cancelled,20.0
O11363,C03361,2025-04-26,COD,Hyderabad,Delivered,0.0
O11364,C03490,2025-06-23,UPI,Delhi,Delivered,10.0
O11365,C00318,2025-01-13,Card,Ahmedabad,Delivered,5.0
O11366,C00341,2025-02-03,UPI,Delhi,Cancelled,30.0
O11367,C04445,2025-11-14,Card,Mumbai,Cancelled,15.0
O11368,C02075,2025-08-20,UPI,Jaipur,Delivered,0.0
O11369,C00638,2025-03-14,Card,Hyderabad,Cancelled,5.0
O11370,C04497,2025-02-20,COD,Pune,Delivered,0.0
O11371,C04464,2025-07-30,Net Banking,Indore,Cancelled,15.0
O11372,C02391,2025-08-03,UPI,Bangalore,Delivered,10.0
O11373,C03989,2025-02-10,UPI,Indore,Delivered,10.0
O11374,C05000,2025-11-07,UPI,Delhi,Delivered,10.0
O11375,C03194,2025-04-04,UPI,Pune,Delivered,5.0
O11376,C03937,2025-07-08,Card,Ahmedabad,Delivered,0.0
O11377,C04282,2025-05-15,COD,Lucknow,Delivered,20.0
O11378,C02367,2025-07-25,UPI,Indore,Delivered,0.0
O11379,C03003,2025-01-02,Card,Mumbai,Delivered,15.0
O11380,C04690,2025-07-23,Card,Chennai,Delivered,5.0
O11381,C01566,2025-08-29,UPI,Chennai,Delivered,20.0
O11382,C00793,2025-09-15,UPI,Jaipur,Delivered,10.0
O11383,C03705,2025-06-05,COD,Delhi,Returned,5.0
O11384,C02401,2025-02-23,UPI,Lucknow,Delivered,15.0
O11385,C00355,2025-04-04,Card,Lucknow,Delivered,5.0
O11386,C04202,2025-11-10,UPI,Lucknow,Delivered,10.0
O11387,C03896,2025-03-02,Card,Chennai,Delivered,20.0
O11388,C04514,2025-12-26,UPI,Indore,Delivered,0.0
O11389,C04018,2025-06-17,UPI,Ahmedabad,Cancelled,5.0
O11390,C04738,2025-10-01,UPI,Lucknow,Delivered,15.0
O11391,C02253,2025-01-25,UPI,Delhi,Delivered,15.0
O11392,C00565,2025-12-22,Net Banking,Hyderabad,Delivered,0.0
O11393,C03454,2025-02-17,Card,Jaipur,Delivered,30.0
O11394,C01303,2025-07-08,COD,Kochi,Delivered,15.0
O11395,C01751,2025-02-22,Net Banking,Kolkata,Delivered,5.0
O11396,C02591,2025-08-29,UPI,Pune,Delivered,5.0
O11397,C00258,2025-01-27,COD,Ahmedabad,Delivered,10.0
O11398,C01596,2025-02-28,Card,Hyderabad,Delivered,0.0
O11399,C01047,2025-07-05,Card,Bangalore,Delivered,15.0
O11400,C02233,2025-05-21,COD,Hyderabad,Delivered,0.0
O11401,C02595,2025-02-26,UPI,Indore,Delivered,15.0
O11402,C04078,2025-07-14,UPI,Kolkata,Delivered,15.0
O11403,C03585,2025-04-16,UPI,Lucknow,Delivered,20.0
O11404,C01641,2025-10-07,COD,Delhi,Delivered,0.0
O11405,C01712,2025-06-17,UPI,Delhi,Delivered,15.0
O11406,C00049,2025-12-01,Net Banking,Delhi,Delivered,30.0
O11407,C00168,2025-09-03,UPI,Bangalore,Delivered,0.0
O11408,C01854,2025-12-06,Card,Kochi,Delivered,0.0
O11409,C03855,2025-08-02,Card,Kochi,Delivered,5.0
O11410,C03742,2025-01-02,Net Banking,Bangalore,Delivered,5.0
O11411,C02069,2025-10-31,UPI,Mumbai,Delivered,5.0
O11412,C00392,2025-12-20,UPI,Chennai,Delivered,25.0
O11413,C02951,2025-07-01,COD,Pune,Delivered,15.0
O11414,C01450,2025-10-29,Net Banking,Chennai,Delivered,0.0
O11415,C00229,2025-07-02,UPI,Delhi,Delivered,10.0
O11416,C03253,2025-04-05,Card,Chennai,Delivered,20.0
O11417,C00352,2025-06-05,UPI,Hyderabad,Delivered,10.0
O11418,C02273,2025-06-29,COD,Kolkata,Returned,5.0
O11419,C04038,2025-04-07,COD,Kolkata,Delivered,25.0
O11420,C00234,2025-10-04,COD,Bangalore,Delivered,5.0
O11421,C00266,2025-08-26,Card,Pune,Delivered,5.0
O11422,C00858,2025-12-09,UPI,Ahmedabad,Delivered,5.0
O11423,C00499,2025-10-25,Card,Kolkata,Delivered,5.0
O11424,C00877,2025-01-13,COD,Hyderabad,Delivered,15.0
O11425,C02259,2025-10-28,COD,Hyderabad,Delivered,5.0
O11426,C04195,2025-12-12,Card,Bangalore,Delivered,10.0
O11427,C01645,2025-07-01,UPI,Kochi,Delivered,5.0
O11428,C02393,2025-06-04,UPI,Kolkata,Delivered,10.0
O11429,C03325,2025-09-08,COD,Hyderabad,Cancelled,25.0
O11430,C02952,2025-10-08,Card,Indore,Delivered,5.0
O11431,C04620,2025-06-26,Card,Jaipur,Delivered,15.0
O11432,C02648,2025-12-26,UPI,Kolkata,Returned,5.0
O11433,C04952,2025-03-12,UPI,Jaipur,Delivered,0.0
O11434,C02257,2025-03-25,Net Banking,Kolkata,Delivered,0.0
O11435,C01433,2025-07-08,COD,Pune,Delivered,25.0
O11436,C00481,2025-04-02,Card,Pune,Delivered,10.0
O11437,C02971,2025-03-10,Card,Ahmedabad,Delivered,10.0
O11438,C01666,2025-11-04,Net Banking,Pune,Delivered,0.0
O11439,C00329,2025-06-13,UPI,Hyderabad,Returned,10.0
O11440,C03255,2025-06-28,COD,Delhi,Delivered,15.0
O11441,C00417,2025-02-02,UPI,Kochi,Cancelled,10.0
O11442,C02302,2025-02-22,COD,Pune,Delivered,0.0
O11443,C00945,2025-08-04,Card,Indore,Delivered,5.0
O11444,C02053,2025-07-21,Card,Hyderabad,Delivered,15.0
O11445,C02351,2025-02-07,Card,Kochi,Delivered,10.0
O11446,C00980,2025-09-18,UPI,Indore,Delivered,10.0
O11447,C01657,2025-01-31,UPI,Ahmedabad,Delivered,0.0
O11448,C02655,2025-10-15,Card,Kolkata,Delivered,10.0
O11449,C01452,2025-01-05,Card,Pune,Delivered,10.0
O11450,C03012,2025-06-28,UPI,Pune,Delivered,20.0
O11451,C02784,2025-02-23,UPI,Delhi,Delivered,5.0
O11452,C04004,2025-08-07,UPI,Ahmedabad,Delivered,10.0
O11453,C01587,2025-10-11,Card,Kochi,Delivered,25.0
O11454,C00390,2025-09-25,COD,Mumbai,Delivered,10.0
O11455,C03729,2025-07-19,UPI,Delhi,Delivered,0.0
O11456,C00850,2025-09-30,UPI,Bangalore,Delivered,0.0
O11457,C00819,2025-09-21,Card,Mumbai,Delivered,25.0
O11458,C03636,2025-08-14,Card,Lucknow,Delivered,10.0
O11459,C04108,2025-01-18,Card,Bangalore,Delivered,5.0
O11460,C02655,2025-08-31,UPI,Hyderabad,Delivered,10.0
O11461,C03955,2025-04-27,Card,Lucknow,Delivered,25.0
O11462,C04107,2025-01-10,UPI,Chennai,Delivered,0.0
O11463,C00490,2025-02-08,UPI,Hyderabad,Cancelled,10.0
O11464,C02320,2025-02-10,COD,Delhi,Delivered,0.0
O11465,C02929,2025-04-18,COD,Pune,Delivered,10.0
O11466,C03164,2025-02-13,UPI,Kolkata,Delivered,15.0
O11467,C02935,2025-07-16,Card,Bangalore,Delivered,10.0
O11468,C01147,2025-10-26,UPI,Delhi,Delivered,25.0
O11469,C02824,2025-07-28,COD,Chennai,Delivered,10.0
O11470,C02506,2025-06-25,UPI,Pune,Delivered,25.0
O11471,C00812,2025-10-02,UPI,Jaipur,Delivered,5.0
O11472,C00056,2025-10-04,Net Banking,Chennai,Delivered,0.0
O11473,C00708,2025-08-24,Card,Bangalore,Delivered,0.0
O11474,C01010,2025-01-03,Card,Chennai,Delivered,0.0
O11475,C04119,2025-12-26,COD,Lucknow,Delivered,15.0
O11476,C03849,2025-11-08,Card,Bangalore,Delivered,5.0
O11477,C03317,2025-12-10,Card,Pune,Delivered,15.0
O11478,C04868,2025-09-11,UPI,Jaipur,Delivered,10.0
O11479,C03490,2025-02-05,COD,Hyderabad,Delivered,5.0
O11480,C04327,2025-01-06,UPI,Kolkata,Delivered,10.0
O11481,C04306,2025-11-26,COD,Hyderabad,Delivered,0.0
O11482,C01401,2025-10-29,Card,Bangalore,Delivered,5.0
O11483,C01194,2025-01-20,Card,Kolkata,Returned,15.0
O11484,C04995,2025-10-18,UPI,Hyderabad,Delivered,15.0
O11485,C01498,2025-06-11,UPI,Mumbai,Delivered,15.0
O11486,C01251,2025-08-26,Card,Delhi,Delivered,10.0
O11487,C00873,2025-02-16,COD,Kolkata,Delivered,10.0
O11488,C02411,2025-10-19,COD,Hyderabad,Returned,10.0
O11489,C03551,2025-01-16,Card,Delhi,Delivered,25.0
O11490,C01579,2025-04-18,Net Banking,Bangalore,Delivered,25.0
O11491,C00475,2025-06-26,Net Banking,Hyderabad,Delivered,0.0
O11492,C04291,2025-03-06,Card,Ahmedabad,Cancelled,25.0
O11493,C03567,2025-03-04,UPI,Ahmedabad,Delivered,20.0
O11494,C04049,2025-11-04,Card,Lucknow,Delivered,10.0
O11495,C04625,2025-03-14,COD,Kolkata,Delivered,5.0
O11496,C00271,2025-07-23,Card,Hyderabad,Delivered,10.0
O11497,C03552,2025-09-11,UPI,Bangalore,Cancelled,20.0
O11498,C04586,2025-03-01,COD,Hyderabad,Cancelled,0.0
O11499,C04458,2025-04-11,Card,Indore,Cancelled,10.0
O11500,C03884,2025-01-17,Net Banking,Bangalore,Delivered,5.0
O11501,C02620,2025-07-14,Card,Kolkata,Delivered,5.0
O11502,C00995,2025-09-08,Net Banking,Jaipur,Delivered,0.0
O11503,C00769,2025-02-07,UPI,Hyderabad,Delivered,25.0
O11504,C00545,2025-10-12,COD,Kolkata,Delivered,0.0
O11505,C00932,2025-01-31,UPI,Kochi,Delivered,15.0
O11506,C00091,2025-11-06,COD,Kolkata,Delivered,10.0
O11507,C04334,2025-12-24,Net Banking,Kolkata,Cancelled,20.0
O11508,C00851,2025-06-30,Card,Kochi,Delivered,10.0
O11509,C02969,2025-10-09,COD,Pune,Cancelled,30.0
O11510,C04873,2025-05-21,Net Banking,Lucknow,Delivered,10.0
O11511,C03078,2025-09-02,UPI,Jaipur,Delivered,10.0
O11512,C02660,2025-10-02,Card,Hyderabad,Delivered,25.0
O11513,C00634,2025-08-12,COD,Pune,Delivered,5.0
O11514,C03229,2025-01-27,Card,Kolkata,Returned,5.0
O11515,C01225,2025-09-07,COD,Lucknow,Delivered,15.0
O11516,C01249,2025-08-19,Card,Lucknow,Delivered,0.0
O11517,C00983,2025-01-13,COD,Chennai,Returned,15.0
O11518,C02511,2025-11-04,UPI,Jaipur,Cancelled,10.0
O11519,C03851,2025-04-08,UPI,Ahmedabad,Delivered,15.0
O11520,C04759,2025-07-11,COD,Kochi,Delivered,30.0
O11521,C03994,2025-07-05,Card,Mumbai,Delivered,25.0
O11522,C00990,2025-01-19,UPI,Ahmedabad,Cancelled,10.0
O11523,C01617,2025-12-05,Net Banking,Delhi,Delivered,5.0
O11524,C00425,2025-09-16,Card,Mumbai,Delivered,10.0
O11525,C01431,2025-03-08,UPI,Mumbai,Delivered,15.0
O11526,C01636,2025-01-26,Card,Lucknow,Delivered,5.0
O11527,C04201,2025-01-06,Card,Kolkata,Delivered,5.0
O11528,C00178,2025-05-21,Net Banking,Bangalore,Delivered,5.0
O11529,C03777,2025-08-26,Card,Chennai,Delivered,20.0
O11530,C00720,2025-08-18,Card,Lucknow,Delivered,0.0
O11531,C03129,2025-01-27,Card,Pune,Returned,5.0
O11532,C04505,2025-04-15,COD,Mumbai,Delivered,10.0
O11533,C03002,2025-12-10,Card,Chennai,Delivered,10.0
O11534,C02790,2025-01-10,UPI,Kolkata,Delivered,0.0
O11535,C00654,2025-09-29,Card,Hyderabad,Delivered,5.0
O11536,C02623,2025-10-06,UPI,Bangalore,Delivered,10.0
O11537,C03557,2025-10-30,Net Banking,Bangalore,Delivered,25.0
O11538,C03393,2025-01-12,Card,Mumbai,Delivered,5.0
O11539,C04404,2025-06-05,UPI,Kolkata,Delivered,0.0
O11540,C00490,2025-03-18,UPI,Bangalore,Delivered,25.0
O11541,C01345,2025-01-18,UPI,Chennai,Delivered,10.0
O11542,C00608,2025-02-27,Card,Hyderabad,Delivered,0.0
O11543,C03592,2025-05-10,Card,Kochi,Delivered,10.0
O11544,C04120,2025-06-23,Card,Kolkata,Delivered,15.0
O11545,C00753,2025-03-28,COD,Pune,Delivered,15.0
O11546,C03049,2025-11-16,Net Banking,Chennai,Delivered,5.0
O11547,C04445,2025-12-09,UPI,Jaipur,Returned,5.0
O11548,C04121,2025-02-23,UPI,Jaipur,Delivered,20.0
O11549,C03462,2025-03-19,COD,Kolkata,Delivered,5.0
O11550,C01015,2025-07-23,Card,Kochi,Delivered,15.0
O11551,C04695,2025-09-27,UPI,Hyderabad,Delivered,0.0
O11552,C01769,2025-06-21,UPI,Mumbai,Delivered,10.0
O11553,C04897,2025-02-07,UPI,Mumbai,Delivered,30.0
O11554,C00959,2025-07-05,UPI,Delhi,Delivered,10.0
O11555,C01592,2025-12-27,Net Banking,Kochi,Delivered,5.0
O11556,C03262,2025-08-24,Card,Mumbai,Delivered,15.0
O11557,C02589,2025-01-16,UPI,Jaipur,Delivered,5.0
O11558,C02539,2025-08-14,UPI,Indore,Delivered,25.0
O11559,C00791,2025-12-04,UPI,Kolkata,Delivered,5.0
O11560,C04268,2025-03-15,Card,Chennai,Delivered,5.0
O11561,C04017,2025-07-30,Card,Mumbai,Cancelled,15.0
O11562,C04395,2025-10-13,UPI,Ahmedabad,Delivered,15.0
O11563,C03099,2025-11-20,Net Banking,Indore,Delivered,10.0
O11564,C00648,2025-11-23,COD,Ahmedabad,Delivered,5.0
O11565,C04844,2025-12-02,COD,Pune,Delivered,10.0
O11566,C01476,2025-04-25,UPI,Pune,Delivered,5.0
O11567,C02061,2025-09-04,UPI,Pune,Delivered,0.0
O11568,C01124,2025-02-06,Card,Ahmedabad,Delivered,20.0
O11569,C00616,2025-02-24,Card,Kolkata,Delivered,10.0
O11570,C01285,2025-06-16,UPI,Hyderabad,Delivered,10.0
O11571,C02326,2025-06-26,Net Banking,Indore,Delivered,15.0
O11572,C03138,2025-12-19,COD,Ahmedabad,Delivered,10.0
O11573,C03673,2025-07-10,UPI,Ahmedabad,Delivered,10.0
O11574,C02856,2025-04-09,COD,Kolkata,Delivered,15.0
O11575,C01624,2025-04-22,Card,Bangalore,Delivered,10.0
O11576,C03450,2025-04-28,UPI,Mumbai,Delivered,20.0
O11577,C02704,2025-06-11,UPI,Kolkata,Delivered,5.0
O11578,C01141,2025-02-26,UPI,Jaipur,Delivered,0.0
O11579,C02831,2025-12-19,UPI,Delhi,Delivered,0.0
O11580,C00499,2025-03-03,UPI,Chennai,Delivered,15.0
O11581,C04683,2025-02-08,Card,Bangalore,Delivered,25.0
O11582,C01104,2025-11-26,UPI,Chennai,Delivered,0.0
O11583,C03090,2025-11-19,UPI,Lucknow,Delivered,20.0
O11584,C01753,2025-01-29,UPI,Lucknow,Delivered,25.0
O11585,C04015,2025-08-15,UPI,Lucknow,Delivered,15.0
O11586,C00614,2025-01-31,Card,Bangalore,Delivered,15.0
O11587,C03048,2025-11-12,UPI,Lucknow,Delivered,0.0
O11588,C00644,2025-02-08,Card,Hyderabad,Delivered,5.0
O11589,C02869,2025-01-01,UPI,Indore,Delivered,5.0
O11590,C04154,2025-02-25,UPI,Bangalore,Delivered,10.0
O11591,C01136,2025-12-23,COD,Mumbai,Delivered,15.0
O11592,C04693,2025-07-05,Card,Lucknow,Cancelled,20.0
O11593,C03700,2025-04-01,Card,Jaipur,Delivered,10.0
O11594,C02363,2025-07-18,UPI,Lucknow,Delivered,10.0
O11595,C00162,2025-06-20,Card,Indore,Delivered,0.0
O11596,C01822,2025-08-13,Net Banking,Delhi,Delivered,30.0
O11597,C04420,2025-07-01,UPI,Jaipur,Delivered,25.0
O11598,C02766,2025-05-10,UPI,Kolkata,Delivered,0.0
O11599,C03403,2025-05-22,Card,Chennai,Delivered,10.0
O11600,C02628,2025-12-28,UPI,Pune,Delivered,5.0
O11601,C03994,2025-05-11,Net Banking,Kolkata,Cancelled,10.0
O11602,C04995,2025-05-22,Card,Indore,Delivered,15.0
O11603,C04856,2025-01-05,UPI,Lucknow,Delivered,10.0
O11604,C04598,2025-12-03,UPI,Indore,Delivered,10.0
O11605,C00057,2025-06-16,UPI,Kochi,Delivered,5.0
O11606,C03238,2025-04-30,UPI,Kochi,Cancelled,0.0
O11607,C02345,2025-02-12,Card,Hyderabad,Delivered,15.0
O11608,C04903,2025-04-02,UPI,Jaipur,Delivered,5.0
O11609,C00620,2025-08-18,UPI,Ahmedabad,Returned,20.0
O11610,C04875,2025-08-28,UPI,Lucknow,Cancelled,25.0
O11611,C04875,2025-07-06,COD,Bangalore,Cancelled,0.0
O11612,C02614,2025-03-19,UPI,Hyderabad,Cancelled,15.0
O11613,C04262,2025-09-28,UPI,Jaipur,Delivered,20.0
O11614,C02836,2025-02-15,UPI,Delhi,Returned,10.0
O11615,C00666,2025-01-07,UPI,Delhi,Cancelled,5.0
O11616,C00128,2025-06-19,COD,Kochi,Delivered,5.0
O11617,C03558,2025-04-25,Card,Indore,Delivered,10.0
O11618,C04172,2025-09-20,UPI,Chennai,Delivered,5.0
O11619,C04983,2025-12-10,Net Banking,Jaipur,Delivered,20.0
O11620,C00635,2025-12-12,UPI,Delhi,Delivered,0.0
O11621,C03609,2025-08-27,COD,Chennai,Delivered,0.0
O11622,C03690,2025-10-02,Card,Lucknow,Delivered,10.0
O11623,C04711,2025-11-05,Card,Chennai,Delivered,15.0
O11624,C00986,2025-12-12,Card,Lucknow,Cancelled,15.0
O11625,C02574,2025-01-16,COD,Ahmedabad,Delivered,5.0
O11626,C01157,2025-03-03,Card,Mumbai,Delivered,5.0
O11627,C04537,2025-07-13,UPI,Ahmedabad,Delivered,10.0
O11628,C03869,2025-11-17,UPI,Bangalore,Delivered,5.0
O11629,C00244,2025-10-19,UPI,Chennai,Delivered,5.0
O11630,C00768,2025-06-12,Card,Delhi,Delivered,15.0
O11631,C03218,2025-08-23,UPI,Chennai,Delivered,10.0
O11632,C00415,2025-10-07,UPI,Jaipur,Delivered,25.0
O11633,C03284,2025-08-29,Card,Indore,Delivered,10.0
O11634,C04345,2025-11-21,Card,Lucknow,Delivered,5.0
O11635,C03107,2025-08-21,UPI,Bangalore,Returned,5.0
O11636,C02887,2025-05-09,UPI,Hyderabad,Delivered,5.0
O11637,C00862,2025-05-03,UPI,Kochi,Delivered,0.0
O11638,C04915,2025-05-17,UPI,Indore,Delivered,10.0
O11639,C04958,2025-12-22,Card,Hyderabad,Delivered,25.0
O11640,C03358,2025-01-15,UPI,Indore,Delivered,15.0
O11641,C03934,2025-11-26,COD,Pune,Delivered,5.0
O11642,C03765,2025-08-17,UPI,Kochi,Delivered,15.0
O11643,C00210,2025-05-24,UPI,Kochi,Delivered,25.0
O11644,C02158,2025-08-18,Net Banking,Chennai,Delivered,15.0
O11645,C02378,2025-06-25,Card,Pune,Returned,10.0
O11646,C02190,2025-10-19,UPI,Mumbai,Delivered,0.0
O11647,C00676,2025-09-03,COD,Mumbai,Delivered,0.0
O11648,C01356,2025-02-22,UPI,Kochi,Delivered,5.0
O11649,C00026,2025-12-01,Net Banking,Ahmedabad,Delivered,15.0
O11650,C02694,2025-05-27,UPI,Hyderabad,Delivered,0.0
O11651,C01651,2025-02-10,COD,Chennai,Cancelled,10.0
O11652,C02959,2025-10-20,UPI,Delhi,Delivered,10.0
O11653,C04458,2025-08-28,Net Banking,Kolkata,Delivered,10.0
O11654,C01683,2025-07-14,Card,Ahmedabad,Delivered,0.0
O11655,C04456,2025-05-16,UPI,Kochi,Delivered,30.0
O11656,C01967,2025-03-29,COD,Pune,Delivered,15.0
O11657,C03287,2025-09-27,UPI,Jaipur,Delivered,15.0
O11658,C00996,2025-09-11,COD,Lucknow,Delivered,0.0
O11659,C00077,2025-07-08,Card,Delhi,Delivered,0.0
O11660,C02143,2025-10-18,Card,Hyderabad,Delivered,15.0
O11661,C00957,2025-03-12,UPI,Pune,Delivered,0.0
O11662,C03045,2025-08-21,Net Banking,Mumbai,Cancelled,20.0
O11663,C00218,2025-01-08,Card,Indore,Delivered,10.0
O11664,C03947,2025-09-25,UPI,Kolkata,Delivered,0.0
O11665,C02416,2025-12-02,UPI,Bangalore,Delivered,10.0
O11666,C03346,2025-04-25,COD,Kolkata,Cancelled,15.0
O11667,C01468,2025-11-20,COD,Indore,Delivered,15.0
O11668,C04783,2025-10-28,Card,Mumbai,Delivered,10.0
O11669,C02873,2025-10-24,UPI,Pune,Delivered,10.0
O11670,C00033,2025-08-25,UPI,Bangalore,Delivered,15.0
O11671,C02920,2025-11-13,Card,Hyderabad,Delivered,20.0
O11672,C03488,2025-03-17,UPI,Delhi,Cancelled,15.0
O11673,C00425,2025-04-09,UPI,Ahmedabad,Delivered,10.0
O11674,C04883,2025-11-19,Card,Ahmedabad,Delivered,15.0
O11675,C03079,2025-01-02,UPI,Indore,Delivered,15.0
O11676,C04835,2025-05-02,UPI,Pune,Delivered,10.0
O11677,C04863,2025-07-04,UPI,Pune,Delivered,20.0
O11678,C01818,2025-01-16,Card,Bangalore,Delivered,10.0
O11679,C03927,2025-10-06,Card,Jaipur,Delivered,5.0
O11680,C04019,2025-12-17,COD,Delhi,Delivered,25.0
O11681,C04295,2025-02-10,Card,Ahmedabad,Delivered,25.0
O11682,C00715,2025-02-24,UPI,Mumbai,Delivered,15.0
O11683,C03208,2025-07-27,COD,Bangalore,Delivered,0.0
O11684,C03981,2025-05-12,Card,Lucknow,Delivered,15.0
O11685,C04384,2025-12-22,Net Banking,Bangalore,Delivered,0.0
O11686,C02025,2025-10-11,Net Banking,Ahmedabad,Delivered,0.0
O11687,C03874,2025-06-27,Card,Jaipur,Delivered,5.0
O11688,C03730,2025-08-30,COD,Delhi,Delivered,5.0
O11689,C02615,2025-08-30,UPI,Pune,Delivered,10.0
O11690,C00811,2025-10-11,UPI,Mumbai,Delivered,5.0
O11691,C02456,2025-05-03,UPI,Indore,Delivered,5.0
O11692,C02031,2025-10-09,Card,Ahmedabad,Delivered,15.0
O11693,C01786,2025-06-16,Card,Indore,Delivered,10.0
O11694,C01973,2025-01-13,Net Banking,Delhi,Delivered,0.0
O11695,C00717,2025-03-12,Card,Kochi,Delivered,10.0
O11696,C00825,2025-02-23,COD,Kochi,Delivered,15.0
O11697,C01728,2025-01-13,COD,Chennai,Delivered,0.0
O11698,C02233,2025-02-28,Card,Pune,Delivered,20.0
O11699,C00763,2025-09-17,UPI,Jaipur,Delivered,10.0
O11700,C00022,2025-03-21,COD,Bangalore,Delivered,10.0
O11701,C02260,2025-03-01,Card,Chennai,Delivered,5.0
O11702,C04562,2025-02-16,COD,Bangalore,Delivered,10.0
O11703,C03306,2025-11-29,Card,Mumbai,Delivered,0.0
O11704,C04268,2025-07-21,UPI,Kochi,Delivered,15.0
O11705,C04893,2025-09-18,UPI,Kolkata,Delivered,0.0
O11706,C01542,2025-02-05,UPI,Kochi,Delivered,10.0
O11707,C04340,2025-01-19,UPI,Delhi,Delivered,0.0
O11708,C00421,2025-09-13,COD,Kochi,Cancelled,0.0
O11709,C03545,2025-10-13,Card,Chennai,Delivered,10.0
O11710,C04437,2025-02-10,UPI,Hyderabad,Delivered,0.0
O11711,C01984,2025-10-11,UPI,Bangalore,Delivered,0.0
O11712,C00123,2025-10-14,Card,Jaipur,Delivered,10.0
O11713,C04968,2025-08-16,UPI,Kochi,Delivered,15.0
O11714,C00434,2025-06-20,UPI,Mumbai,Delivered,5.0
O11715,C04166,2025-09-02,UPI,Ahmedabad,Delivered,20.0
O11716,C04747,2025-01-12,Card,Jaipur,Delivered,0.0
O11717,C03483,2025-08-03,COD,Bangalore,Delivered,10.0
O11718,C02885,2025-05-20,COD,Mumbai,Delivered,0.0
O11719,C02639,2025-10-25,Card,Delhi,Delivered,0.0
O11720,C03878,2025-12-12,Card,Lucknow,Delivered,20.0
O11721,C01616,2025-07-04,Card,Jaipur,Delivered,30.0
O11722,C03809,2025-07-31,UPI,Indore,Delivered,30.0
O11723,C00227,2025-09-29,UPI,Delhi,Cancelled,15.0
O11724,C00536,2025-04-09,UPI,Hyderabad,Delivered,5.0
O11725,C01123,2025-05-12,UPI,Jaipur,Delivered,5.0
O11726,C04366,2025-04-25,UPI,Lucknow,Delivered,0.0
O11727,C03535,2025-09-26,Card,Pune,Delivered,0.0
O11728,C00659,2025-03-01,UPI,Kochi,Delivered,15.0
O11729,C03108,2025-10-11,UPI,Indore,Delivered,10.0
O11730,C02322,2025-04-19,Card,Hyderabad,Delivered,15.0
O11731,C01167,2025-12-14,Card,Mumbai,Delivered,10.0
O11732,C04992,2025-01-22,UPI,Hyderabad,Delivered,0.0
O11733,C01972,2025-12-07,COD,Kochi,Delivered,5.0
O11734,C00017,2025-01-27,Card,Indore,Delivered,15.0
O11735,C01904,2025-08-02,UPI,Bangalore,Delivered,20.0
O11736,C01613,2025-02-13,Net Banking,Pune,Delivered,0.0
O11737,C03707,2025-03-21,UPI,Hyderabad,Delivered,0.0
O11738,C00436,2025-10-07,Card,Ahmedabad,Returned,25.0
O11739,C04072,2025-06-23,UPI,Mumbai,Delivered,25.0
O11740,C03456,2025-09-30,UPI,Bangalore,Delivered,15.0
O11741,C02005,2025-09-18,UPI,Jaipur,Delivered,0.0
O11742,C04954,2025-02-07,Card,Jaipur,Delivered,10.0
O11743,C02734,2025-02-28,Card,Kochi,Returned,0.0
O11744,C00263,2025-07-01,Net Banking,Pune,Returned,20.0
O11745,C02442,2025-04-15,Card,Bangalore,Delivered,5.0
O11746,C00808,2025-04-06,COD,Mumbai,Delivered,10.0
O11747,C02513,2025-03-31,UPI,Jaipur,Delivered,5.0
O11748,C00358,2025-03-12,UPI,Chennai,Delivered,15.0
O11749,C02402,2025-04-10,UPI,Mumbai,Delivered,10.0
O11750,C01275,2025-11-07,COD,Chennai,Delivered,15.0
O11751,C04472,2025-11-23,UPI,Bangalore,Delivered,5.0
O11752,C00989,2025-06-20,Net Banking,Kochi,Delivered,5.0
O11753,C00018,2025-12-13,UPI,Indore,Delivered,20.0
O11754,C01739,2025-06-15,COD,Chennai,Delivered,5.0
O11755,C02764,2025-08-28,Card,Pune,Delivered,20.0
O11756,C02998,2025-08-04,Card,Ahmedabad,Delivered,0.0
O11757,C00914,2025-12-10,Net Banking,Lucknow,Delivered,0.0
O11758,C00566,2025-03-02,COD,Delhi,Delivered,15.0
O11759,C02913,2025-07-05,COD,Kolkata,Returned,30.0
O11760,C01353,2025-12-30,Card,Indore,Delivered,25.0
O11761,C01472,2025-07-01,Net Banking,Lucknow,Delivered,10.0
O11762,C03164,2025-08-07,Card,Mumbai,Delivered,10.0
O11763,C00612,2025-02-03,COD,Bangalore,Delivered,10.0
O11764,C01063,2025-02-14,COD,Kochi,Delivered,15.0
O11765,C00436,2025-05-18,COD,Ahmedabad,Delivered,10.0
O11766,C00648,2025-07-05,Card,Pune,Delivered,0.0
O11767,C02410,2025-12-16,COD,Lucknow,Cancelled,20.0
O11768,C04018,2025-01-28,Card,Ahmedabad,Returned,20.0
O11769,C02610,2025-04-16,Card,Chennai,Delivered,20.0
O11770,C00083,2025-10-13,UPI,Chennai,Delivered,10.0
O11771,C01790,2025-10-11,Card,Bangalore,Delivered,5.0
O11772,C01051,2025-06-06,Card,Jaipur,Delivered,0.0
O11773,C03839,2025-10-14,COD,Lucknow,Delivered,10.0
O11774,C04117,2025-04-17,Card,Delhi,Delivered,5.0
O11775,C02742,2025-08-21,Card,Bangalore,Delivered,10.0
O11776,C00798,2025-07-15,UPI,Kolkata,Delivered,0.0
O11777,C02527,2025-12-05,COD,Indore,Delivered,5.0
O11778,C04752,2025-07-21,UPI,Kolkata,Delivered,10.0
O11779,C00763,2025-04-19,COD,Ahmedabad,Delivered,
O11780,C00618,2025-01-31,Card,Kochi,Delivered,5.0
O11781,C03881,2025-08-14,UPI,Kochi,Delivered,0.0
O11782,C04807,2025-02-10,COD,Chennai,Delivered,0.0
O11783,C04433,2025-03-05,UPI,Kochi,Delivered,0.0
O11784,C03864,2025-08-19,UPI,Indore,Delivered,15.0
O11785,C03687,2025-06-19,UPI,Chennai,Returned,0.0
O11786,C00768,2025-10-27,Net Banking,Bangalore,Delivered,20.0
O11787,C03186,2025-05-19,COD,Lucknow,Delivered,15.0
O11788,C01021,2025-10-19,COD,Kolkata,Delivered,15.0
O11789,C03494,2025-12-30,UPI,Ahmedabad,Delivered,5.0
O11790,C01078,2025-08-24,UPI,Ahmedabad,Delivered,0.0
O11791,C03260,2025-10-15,Card,Kolkata,Cancelled,0.0
O11792,C03611,2025-12-26,Card,Delhi,Delivered,15.0
O11793,C01776,2025-03-08,COD,Kolkata,Delivered,25.0
O11794,C02879,2025-07-07,Card,Hyderabad,Delivered,0.0
O11795,C01891,2025-12-14,UPI,Delhi,Delivered,20.0
O11796,C01627,2025-10-08,UPI,Lucknow,Delivered,15.0
O11797,C03619,2025-01-28,Card,Indore,Cancelled,15.0
O11798,C04285,2025-07-30,UPI,Delhi,Delivered,15.0
O11799,C01572,2025-08-22,Net Banking,Jaipur,Delivered,0.0
O11800,C04966,2025-01-19,Net Banking,Delhi,Delivered,10.0
O11801,C03676,2025-11-08,COD,Bangalore,Delivered,10.0
O11802,C01592,2025-04-23,UPI,Lucknow,Returned,20.0
O11803,C02627,2025-12-10,UPI,Delhi,Cancelled,10.0
O11804,C01193,2025-12-24,Card,Lucknow,Delivered,10.0
O11805,C04774,2025-05-06,COD,Ahmedabad,Delivered,10.0
O11806,C04248,2025-07-27,COD,Jaipur,Delivered,10.0
O11807,C01129,2025-03-23,COD,Kolkata,Delivered,5.0
O11808,C03439,2025-09-09,UPI,Hyderabad,Delivered,0.0
O11809,C01116,2025-02-10,Net Banking,Kochi,Delivered,5.0
O11810,C04809,2025-09-26,UPI,Ahmedabad,Delivered,10.0
O11811,C04901,2025-07-24,COD,Pune,Delivered,10.0
O11812,C01909,2025-04-09,Card,Ahmedabad,Delivered,10.0
O11813,C04528,2025-03-24,Card,Lucknow,Returned,15.0
O11814,C03753,2025-01-24,Card,Lucknow,Delivered,10.0
O11815,C01329,2025-12-19,COD,Delhi,Delivered,5.0
O11816,C04124,2025-03-14,Card,Kolkata,Delivered,10.0
O11817,C01312,2025-07-02,COD,Bangalore,Returned,5.0
O11818,C04451,2025-01-03,UPI,Kolkata,Delivered,0.0
O11819,C04039,2025-09-16,COD,Chennai,Delivered,5.0
O11820,C01863,2025-01-30,Net Banking,Mumbai,Delivered,10.0
O11821,C02005,2025-05-26,Card,Bangalore,Delivered,5.0
O11822,C03616,2025-11-18,Net Banking,Chennai,Delivered,15.0
O11823,C02726,2025-07-31,UPI,Ahmedabad,Delivered,20.0
O11824,C02184,2025-01-27,COD,Ahmedabad,Delivered,5.0
O11825,C00154,2025-12-22,UPI,Lucknow,Delivered,0.0
O11826,C00816,2025-04-15,Card,Jaipur,Delivered,20.0
O11827,C01120,2025-04-20,Card,Ahmedabad,Delivered,10.0
O11828,C03269,2025-01-19,Card,Pune,Cancelled,0.0
O11829,C02156,2025-01-16,Card,Lucknow,Delivered,10.0
O11830,C01210,2025-10-09,UPI,Bangalore,Delivered,0.0
O11831,C00454,2025-09-27,Net Banking,Kochi,Delivered,15.0
O11832,C01107,2025-02-16,UPI,Bangalore,Delivered,10.0
O11833,C02797,2025-05-26,Card,Indore,Delivered,20.0
O11834,C04545,2025-06-05,COD,Ahmedabad,Delivered,5.0
O11835,C04417,2025-01-30,COD,Chennai,Delivered,25.0
O11836,C04374,2025-04-15,COD,Hyderabad,Returned,20.0
O11837,C02660,2025-05-29,Card,Kolkata,Cancelled,15.0
O11838,C01038,2025-02-17,Card,Kolkata,Delivered,10.0
O11839,C03334,2025-07-02,Card,Kochi,Delivered,10.0
O11840,C00414,2025-06-07,Card,Jaipur,Delivered,5.0
O11841,C02542,2025-02-11,Card,Ahmedabad,Delivered,0.0
O11842,C04143,2025-06-14,COD,Lucknow,Delivered,10.0
O11843,C01940,2025-10-24,Card,Indore,Delivered,15.0
O11844,C00656,2025-06-23,COD,Kolkata,Delivered,15.0
O11845,C04045,2025-12-18,Card,Pune,Cancelled,10.0
O11846,C02480,2025-04-04,UPI,Ahmedabad,Delivered,5.0
O11847,C03862,2025-08-02,COD,Pune,Delivered,15.0
O11848,C01348,2025-07-07,COD,Chennai,Delivered,10.0
O11849,C01317,2025-03-29,UPI,Kochi,Delivered,20.0
O11850,C03607,2025-09-14,COD,Bangalore,Delivered,5.0
O11851,C03839,2025-09-05,Card,Hyderabad,Delivered,0.0
O11852,C04059,2025-02-23,UPI,Ahmedabad,Delivered,0.0
O11853,C00316,2025-10-18,UPI,Lucknow,Delivered,15.0
O11854,C00221,2025-05-24,UPI,Hyderabad,Delivered,10.0
O11855,C02262,2025-01-05,COD,Ahmedabad,Cancelled,0.0
O11856,C00845,2025-12-31,UPI,Hyderabad,Delivered,20.0
O11857,C01515,2025-02-06,UPI,Mumbai,Delivered,10.0
O11858,C01109,2025-04-29,UPI,Hyderabad,Delivered,10.0
O11859,C01731,2025-12-29,UPI,Jaipur,Cancelled,15.0
O11860,C03186,2025-06-02,Card,Mumbai,Delivered,10.0
O11861,C01239,2025-11-19,Card,Delhi,Delivered,5.0
O11862,C02925,2025-09-03,UPI,Jaipur,Delivered,10.0
O11863,C01191,2025-10-21,COD,Pune,Cancelled,20.0
O11864,C04383,2025-07-31,UPI,Bangalore,Returned,5.0
O11865,C03567,2025-05-10,Card,Lucknow,Delivered,5.0
O11866,C02432,2025-07-11,UPI,Kolkata,Returned,0.0
O11867,C02895,2025-07-16,Card,Kolkata,Delivered,10.0
O11868,C01457,2025-09-13,UPI,Kochi,Delivered,15.0
O11869,C01110,2025-05-28,Card,Chennai,Delivered,25.0
O11870,C01931,2025-12-08,Card,Pune,Delivered,10.0
O11871,C03117,2025-09-24,UPI,Chennai,Delivered,10.0
O11872,C00623,2025-12-04,Card,Kochi,Delivered,25.0
O11873,C02338,2025-10-18,Card,Hyderabad,Delivered,0.0
O11874,C01931,2025-06-21,Card,Jaipur,Delivered,15.0
O11875,C02745,2025-10-28,UPI,Mumbai,Delivered,5.0
O11876,C01259,2025-05-29,Card,Hyderabad,Delivered,20.0
O11877,C04502,2025-05-28,UPI,Hyderabad,Delivered,15.0
O11878,C01969,2025-09-22,Card,Indore,Delivered,5.0
O11879,C03296,2025-04-05,UPI,Bangalore,Cancelled,15.0
O11880,C02024,2025-07-05,COD,Hyderabad,Delivered,20.0
O11881,C00877,2025-09-14,UPI,Pune,Delivered,5.0
O11882,C02245,2025-07-30,COD,Pune,Delivered,10.0
O11883,C02527,2025-01-03,COD,Delhi,Delivered,10.0
O11884,C03590,2025-06-16,Net Banking,Ahmedabad,Delivered,25.0
O11885,C04404,2025-12-16,COD,Pune,Delivered,25.0
O11886,C00345,2025-07-24,Net Banking,Kolkata,Delivered,0.0
O11887,C03673,2025-06-27,COD,Kolkata,Delivered,10.0
O11888,C03069,2025-12-10,UPI,Kochi,Delivered,10.0
O11889,C01914,2025-01-27,Card,Pune,Delivered,20.0
O11890,C02446,2025-01-29,UPI,Mumbai,Delivered,15.0
O11891,C00785,2025-05-07,Card,Chennai,Delivered,5.0
O11892,C01488,2025-04-15,Card,Hyderabad,Delivered,10.0
O11893,C04892,2025-11-30,Net Banking,Kolkata,Delivered,5.0
O11894,C03849,2025-03-10,Net Banking,Bangalore,Delivered,5.0
O11895,C00450,2025-04-17,UPI,Lucknow,Delivered,15.0
O11896,C01428,2025-06-29,Card,Lucknow,Delivered,10.0
O11897,C02596,2025-04-12,Card,Bangalore,Delivered,5.0
O11898,C02277,2025-09-19,Card,Delhi,Delivered,10.0
O11899,C00244,2025-06-01,Card,Jaipur,Delivered,10.0
O11900,C02113,2025-02-09,COD,Mumbai,Delivered,5.0
O11901,C03309,2025-10-16,COD,Chennai,Delivered,0.0
O11902,C00946,2025-05-17,UPI,Pune,Delivered,25.0
O11903,C01027,2025-06-26,UPI,Mumbai,Delivered,20.0
O11904,C01524,2025-03-08,COD,Bangalore,Cancelled,5.0
O11905,C03109,2025-05-31,Card,Pune,Delivered,10.0
O11906,C03693,2025-10-05,Card,Chennai,Delivered,20.0
O11907,C03050,2025-11-24,Net Banking,Pune,Delivered,10.0
O11908,C03322,2025-07-31,UPI,Bangalore,Delivered,0.0
O11909,C03307,2025-11-30,Card,Hyderabad,Delivered,10.0
O11910,C04239,2025-12-16,Net Banking,Hyderabad,Cancelled,5.0
O11911,C00061,2025-04-26,Card,Pune,Delivered,10.0
O11912,C04175,2025-05-16,Card,Indore,Returned,20.0
O11913,C03399,2025-05-27,UPI,Ahmedabad,Delivered,10.0
O11914,C02415,2025-12-31,UPI,Jaipur,Cancelled,15.0
O11915,C03779,2025-06-15,UPI,Kochi,Delivered,5.0
O11916,C03607,2025-08-16,Card,Indore,Delivered,10.0
O11917,C00390,2025-05-14,Card,Chennai,Delivered,10.0
O11918,C04617,2025-06-29,COD,Kolkata,Delivered,25.0
O11919,C01676,2025-10-17,UPI,Chennai,Delivered,0.0
O11920,C01778,2025-11-26,UPI,Kochi,Delivered,5.0
O11921,C00253,2025-12-17,UPI,Chennai,Delivered,15.0
O11922,C03167,2025-02-12,COD,Lucknow,Delivered,5.0
O11923,C01715,2025-10-18,Net Banking,Jaipur,Cancelled,5.0
O11924,C02051,2025-05-19,COD,Pune,Delivered,20.0
O11925,C00696,2025-09-10,COD,Lucknow,Delivered,10.0
O11926,C02094,2025-12-12,UPI,Mumbai,Delivered,10.0
O11927,C04749,2025-07-04,UPI,Mumbai,Delivered,10.0
O11928,C02573,2025-03-06,COD,Bangalore,Delivered,0.0
O11929,C01506,2025-10-31,Card,Mumbai,Delivered,10.0
O11930,C03669,2025-06-29,UPI,Mumbai,Cancelled,10.0
O11931,C04514,2025-10-22,Card,Chennai,Delivered,10.0
O11932,C02744,2025-08-02,UPI,Jaipur,Delivered,0.0
O11933,C04655,2025-06-02,Card,Pune,Delivered,15.0
O11934,C03278,2025-12-26,COD,Lucknow,Delivered,10.0
O11935,C01299,2025-12-23,UPI,Chennai,Delivered,10.0
O11936,C04691,2025-10-15,Card,Lucknow,Delivered,0.0
O11937,C03251,2025-05-03,UPI,Kochi,Delivered,5.0
O11938,C02915,2025-04-04,Net Banking,Kolkata,Delivered,10.0
O11939,C03869,2025-03-23,UPI,Hyderabad,Delivered,15.0
O11940,C02265,2025-04-18,Card,Kolkata,Delivered,5.0
O11941,C03793,2025-08-28,UPI,Kochi,Delivered,15.0
O11942,C02881,2025-03-08,COD,Pune,Returned,5.0
O11943,C02854,2025-09-25,UPI,Delhi,Delivered,15.0
O11944,C03708,2025-08-31,Card,Indore,Delivered,25.0
O11945,C02829,2025-10-03,UPI,Ahmedabad,Delivered,15.0
O11946,C00216,2025-11-02,COD,Indore,Delivered,0.0
O11947,C04566,2025-05-16,UPI,Ahmedabad,Delivered,5.0
O11948,C00180,2025-06-08,UPI,Delhi,Returned,10.0
O11949,C02687,2025-06-01,COD,Pune,Returned,15.0
O11950,C00377,2025-02-11,COD,Bangalore,Cancelled,5.0
O11951,C02729,2025-11-30,Card,Chennai,Delivered,10.0
O11952,C01828,2025-12-01,UPI,Jaipur,Delivered,5.0
O11953,C03227,2025-01-26,Card,Mumbai,Delivered,15.0
O11954,C02328,2025-06-15,Card,Delhi,Delivered,20.0
O11955,C01503,2025-10-21,Card,Kolkata,Delivered,15.0
O11956,C04945,2025-04-07,UPI,Mumbai,Delivered,5.0
O11957,C00753,2025-09-24,Net Banking,Kochi,Delivered,10.0
O11958,C03170,2025-05-03,UPI,Hyderabad,Delivered,10.0
O11959,C00250,2025-01-23,UPI,Chennai,Delivered,0.0
O11960,C02821,2025-11-14,UPI,Chennai,Delivered,25.0
O11961,C04737,2025-07-17,Net Banking,Ahmedabad,Cancelled,10.0
O11962,C00890,2025-02-10,COD,Hyderabad,Returned,25.0
O11963,C04867,2025-05-01,COD,Bangalore,Delivered,15.0
O11964,C04003,2025-12-15,UPI,Bangalore,Cancelled,15.0
O11965,C03724,2025-01-04,Card,Kochi,Cancelled,10.0
O11966,C03087,2025-09-12,UPI,Kochi,Returned,20.0
O11967,C02744,2025-05-11,Net Banking,Chennai,Delivered,5.0
O11968,C04577,2025-11-03,Card,Indore,Delivered,25.0
O11969,C01757,2025-07-02,Card,Delhi,Delivered,10.0
O11970,C02623,2025-04-17,UPI,Indore,Delivered,5.0
O11971,C01777,2025-06-26,Card,Ahmedabad,Delivered,15.0
O11972,C04581,2025-03-13,COD,Lucknow,Delivered,15.0
O11973,C03405,2025-03-11,Card,Mumbai,Delivered,15.0
O11974,C02075,2025-03-10,Card,Chennai,Delivered,5.0
O11975,C03097,2025-09-21,Card,Indore,Delivered,0.0
O11976,C01086,2025-05-03,Card,Hyderabad,Cancelled,20.0
O11977,C03730,2025-08-15,COD,Delhi,Delivered,15.0
O11978,C04329,2025-07-02,UPI,Ahmedabad,Delivered,10.0
O11979,C01488,2025-08-15,UPI,Ahmedabad,Delivered,0.0
O11980,C00349,2025-03-13,Card,Hyderabad,Delivered,10.0
O11981,C00414,2025-01-08,UPI,Jaipur,Delivered,5.0
O11982,C02454,2025-03-13,UPI,Delhi,Delivered,5.0
O11983,C03453,2025-07-31,UPI,Delhi,Delivered,10.0
O11984,C02564,2025-09-20,Card,Ahmedabad,Delivered,20.0
O11985,C01010,2025-02-15,UPI,Indore,Cancelled,10.0
O11986,C04383,2025-05-30,Card,Kochi,Delivered,10.0
O11987,C00782,2025-03-22,Net Banking,Kolkata,Returned,30.0
O11988,C03080,2025-09-18,COD,Kochi,Delivered,15.0
O11989,C04453,2025-06-24,COD,Bangalore,Delivered,0.0
O11990,C02629,2025-05-23,UPI,Ahmedabad,Delivered,10.0
O11991,C03976,2025-07-11,UPI,Ahmedabad,Delivered,10.0
O11992,C02187,2025-06-08,UPI,Chennai,Delivered,10.0
O11993,C03320,2025-08-25,Net Banking,Lucknow,Delivered,15.0
O11994,C01207,2025-03-24,Card,Indore,Delivered,5.0
O11995,C03797,2025-10-27,UPI,Indore,Delivered,5.0
O11996,C04519,2025-06-24,Card,Mumbai,Delivered,0.0
O11997,C04493,2025-05-20,UPI,Pune,Delivered,0.0
O11998,C00305,2025-03-05,Card,Kolkata,Delivered,15.0
O11999,C03455,2025-10-06,UPI,Ahmedabad,Delivered,25.0
O12000,C02274,2025-02-19,UPI,Lucknow,Delivered,5.0
O12001,C00851,2025-08-03,UPI,Kochi,Delivered,25.0
O12002,C00495,2025-05-05,UPI,Lucknow,Delivered,5.0
O12003,C03556,2025-02-05,Card,Hyderabad,Delivered,20.0
O12004,C02675,2025-05-19,Card,Pune,Delivered,0.0
O12005,C03431,2025-03-27,UPI,Kochi,Delivered,0.0
O12006,C03150,2025-02-25,Card,Lucknow,Delivered,10.0
O12007,C03348,2025-09-06,UPI,Mumbai,Delivered,20.0
O12008,C03950,2025-08-10,Card,Chennai,Delivered,10.0
O12009,C00505,2025-11-21,UPI,Kolkata,Delivered,20.0
O12010,C04703,2025-10-20,UPI,Delhi,Delivered,5.0
O12011,C02655,2025-09-06,UPI,Pune,Delivered,0.0
O12012,C03407,2025-08-02,Card,Bangalore,Returned,25.0
O12013,C03518,2025-10-25,Net Banking,Hyderabad,Delivered,0.0
O12014,C02705,2025-06-07,UPI,Lucknow,Delivered,15.0
O12015,C03765,2025-04-04,UPI,Delhi,Delivered,20.0
O12016,C01580,2025-10-05,UPI,Pune,Delivered,0.0
O12017,C01762,2025-06-15,UPI,Jaipur,Delivered,10.0
O12018,C04133,2025-02-25,UPI,Delhi,Delivered,0.0
O12019,C00314,2025-11-30,UPI,Bangalore,Delivered,10.0
O12020,C04316,2025-12-18,COD,Delhi,Delivered,15.0
O12021,C02688,2025-03-23,UPI,Jaipur,Delivered,5.0
O12022,C01719,2025-02-03,Card,Kochi,Delivered,5.0
O12023,C04500,2025-03-04,UPI,Kolkata,Delivered,5.0
O12024,C03627,2025-01-02,UPI,Indore,Delivered,15.0
O12025,C04575,2025-07-09,COD,Lucknow,Delivered,25.0
O12026,C00824,2025-02-12,Card,Delhi,Delivered,5.0
O12027,C04316,2025-04-05,UPI,Pune,Delivered,0.0
O12028,C02415,2025-10-01,UPI,Indore,Delivered,0.0
O12029,C04780,2025-05-28,UPI,Pune,Delivered,10.0
O12030,C03821,2025-01-07,UPI,Kolkata,Delivered,15.0
O12031,C01970,2025-08-02,Net Banking,Jaipur,Delivered,10.0
O12032,C03104,2025-11-04,Card,Jaipur,Delivered,0.0
O12033,C03067,2025-10-20,Net Banking,Mumbai,Delivered,25.0
O12034,C01760,2025-04-08,UPI,Pune,Delivered,25.0
O12035,C03126,2025-10-29,Card,Ahmedabad,Delivered,5.0
O12036,C04053,2025-12-25,UPI,Ahmedabad,Delivered,20.0
O12037,C02282,2025-02-11,COD,Kochi,Delivered,20.0
O12038,C04925,2025-11-12,UPI,Bangalore,Delivered,10.0
O12039,C04839,2025-08-30,Card,Mumbai,Delivered,10.0
O12040,C03035,2025-04-14,UPI,Ahmedabad,Delivered,15.0
O12041,C01124,2025-09-04,Card,Pune,Delivered,20.0
O12042,C01235,2025-12-02,Card,Pune,Cancelled,0.0
O12043,C00675,2025-03-19,Card,Bangalore,Delivered,0.0
O12044,C02703,2025-05-04,UPI,Mumbai,Delivered,15.0
O12045,C02306,2025-02-01,Card,Mumbai,Returned,0.0
O12046,C01269,2025-06-16,Card,Delhi,Delivered,0.0
O12047,C03222,2025-10-09,UPI,Delhi,Delivered,10.0
O12048,C04720,2025-01-30,Card,Delhi,Delivered,5.0
O12049,C04195,2025-09-11,Net Banking,Indore,Delivered,20.0
O12050,C03795,2025-06-18,Net Banking,Kolkata,Delivered,5.0
O12051,C04079,2025-12-25,UPI,Kolkata,Delivered,10.0
O12052,C02060,2025-02-01,COD,Jaipur,Delivered,0.0
O12053,C01250,2025-07-03,COD,Delhi,Delivered,10.0
O12054,C04030,2025-02-22,UPI,Delhi,Delivered,15.0
O12055,C02861,2025-12-03,Card,Jaipur,Delivered,25.0
O12056,C03514,2025-05-29,COD,Kolkata,Cancelled,15.0
O12057,C03220,2025-03-17,Card,Hyderabad,Delivered,5.0
O12058,C00179,2025-03-10,UPI,Kochi,Delivered,5.0
O12059,C02200,2025-10-01,Card,Chennai,Returned,0.0
O12060,C04931,2025-08-17,UPI,Lucknow,Delivered,5.0
O12061,C04678,2025-02-06,UPI,Indore,Cancelled,10.0
O12062,C04292,2025-05-15,COD,Kochi,Delivered,10.0
O12063,C02530,2025-03-02,UPI,Delhi,Delivered,20.0
O12064,C02256,2025-05-11,COD,Ahmedabad,Delivered,5.0
O12065,C00936,2025-01-01,UPI,Lucknow,Delivered,10.0
O12066,C00957,2025-03-01,Card,Chennai,Delivered,10.0
O12067,C02474,2025-11-23,Card,Ahmedabad,Delivered,30.0
O12068,C01086,2025-12-13,COD,Indore,Delivered,5.0
O12069,C04663,2025-01-31,COD,Hyderabad,Delivered,20.0
O12070,C03435,2025-09-21,COD,Jaipur,Cancelled,10.0
O12071,C02666,2025-01-07,Card,Mumbai,Returned,0.0
O12072,C02993,2025-05-15,UPI,Pune,Returned,15.0
O12073,C01102,2025-01-20,Card,Kochi,Delivered,0.0
O12074,C04983,2025-11-23,UPI,Kolkata,Delivered,15.0
O12075,C02977,2025-05-22,UPI,Kochi,Delivered,5.0
O12076,C00284,2025-05-23,UPI,Pune,Delivered,10.0
O12077,C04472,2025-07-29,UPI,Jaipur,Delivered,15.0
O12078,C03791,2025-05-05,UPI,Kochi,Delivered,10.0
O12079,C02820,2025-11-17,UPI,Indore,Delivered,15.0
O12080,C00788,2025-12-20,Card,Bangalore,Delivered,15.0
O12081,C04469,2025-01-03,UPI,Chennai,Delivered,0.0
O12082,C00857,2025-05-11,UPI,Hyderabad,Delivered,10.0
O12083,C01699,2025-03-16,Card,Kolkata,Delivered,30.0
O12084,C02681,2025-11-20,UPI,Kochi,Delivered,15.0
O12085,C02134,2025-06-09,UPI,Hyderabad,Delivered,5.0
O12086,C04195,2025-09-29,Card,Bangalore,Delivered,5.0
O12087,C02422,2025-01-17,Card,Ahmedabad,Delivered,15.0
O12088,C02806,2025-12-22,COD,Hyderabad,Returned,0.0
O12089,C03932,2025-02-01,UPI,Kochi,Delivered,20.0
O12090,C00625,2025-06-04,Card,Kolkata,Delivered,0.0
O12091,C04179,2025-04-22,UPI,Chennai,Delivered,10.0
O12092,C01601,2025-04-08,UPI,Ahmedabad,Delivered,20.0
O12093,C00001,2025-09-18,UPI,Mumbai,Delivered,15.0
O12094,C04782,2025-12-11,Card,Kolkata,Delivered,10.0
O12095,C04346,2025-04-02,UPI,Pune,Delivered,5.0
O12096,C04506,2025-05-26,COD,Mumbai,Delivered,10.0
O12097,C01410,2025-01-03,COD,Hyderabad,Delivered,25.0
O12098,C03868,2025-10-11,UPI,Lucknow,Delivered,0.0
O12099,C04586,2025-10-17,UPI,Indore,Delivered,0.0
O12100,C02971,2025-12-08,Card,Indore,Delivered,10.0
O12101,C02588,2025-10-13,UPI,Jaipur,Delivered,10.0
O12102,C00799,2025-02-17,COD,Lucknow,Delivered,5.0
O12103,C00943,2025-03-06,Net Banking,Mumbai,Delivered,15.0
O12104,C03463,2025-08-09,UPI,Kolkata,Delivered,10.0
O12105,C01328,2025-05-27,COD,Kochi,Delivered,5.0
O12106,C00695,2025-06-29,Card,Kochi,Delivered,15.0
O12107,C03417,2025-10-24,Card,Chennai,Delivered,0.0
O12108,C04231,2025-12-15,UPI,Kochi,Delivered,0.0
O12109,C00186,2025-12-19,UPI,Ahmedabad,Returned,0.0
O12110,C00478,2025-03-22,Card,Chennai,Returned,15.0
O12111,C04097,2025-12-24,Card,Chennai,Delivered,15.0
O12112,C02898,2025-07-12,Net Banking,Kochi,Delivered,20.0
O12113,C03016,2025-10-24,Card,Jaipur,Delivered,5.0
O12114,C03816,2025-05-03,Card,Kochi,Delivered,10.0
O12115,C01686,2025-10-16,Net Banking,Hyderabad,Delivered,5.0
O12116,C00992,2025-08-16,UPI,Chennai,Delivered,10.0
O12117,C02750,2025-03-23,UPI,Delhi,Delivered,20.0
O12118,C04366,2025-03-25,Card,Indore,Delivered,0.0
O12119,C02946,2025-08-31,UPI,Bangalore,Delivered,10.0
O12120,C03399,2025-08-03,Net Banking,Hyderabad,Delivered,5.0
O12121,C00195,2025-06-23,Card,Kochi,Delivered,20.0
O12122,C02303,2025-12-12,UPI,Indore,Delivered,25.0
O12123,C00079,2025-11-23,UPI,Jaipur,Returned,20.0
O12124,C03947,2025-04-15,Card,Lucknow,Delivered,0.0
O12125,C01122,2025-02-26,UPI,Kolkata,Delivered,5.0
O12126,C03222,2025-10-03,UPI,Ahmedabad,Delivered,5.0
O12127,C00786,2025-06-18,Card,Mumbai,Delivered,20.0
O12128,C02862,2025-08-27,UPI,Lucknow,Delivered,0.0
O12129,C00447,2025-03-16,UPI,Mumbai,Delivered,25.0
O12130,C04219,2025-10-21,Card,Kolkata,Delivered,10.0
O12131,C02724,2025-10-10,UPI,Mumbai,Delivered,15.0
O12132,C01582,2025-07-15,COD,Hyderabad,Delivered,10.0
O12133,C00359,2025-08-06,UPI,Ahmedabad,Delivered,15.0
O12134,C02287,2025-06-02,Card,Delhi,Delivered,5.0
O12135,C01766,2025-09-27,UPI,Delhi,Delivered,15.0
O12136,C00805,2025-02-06,UPI,Kolkata,Delivered,10.0
O12137,C02731,2025-06-27,COD,Indore,Delivered,25.0
O12138,C04765,2025-12-14,Card,Chennai,Delivered,25.0
O12139,C04063,2025-07-19,UPI,Delhi,Delivered,10.0
O12140,C00143,2025-06-19,UPI,Hyderabad,Delivered,15.0
O12141,C02235,2025-11-06,UPI,Chennai,Delivered,15.0
O12142,C03560,2025-05-05,Card,Ahmedabad,Delivered,15.0
O12143,C02170,2025-06-12,COD,Kochi,Delivered,25.0
O12144,C03422,2025-10-14,UPI,Kolkata,Cancelled,20.0
O12145,C01124,2025-12-20,UPI,Hyderabad,Delivered,15.0
O12146,C00284,2025-09-07,COD,Jaipur,Delivered,0.0
O12147,C00384,2025-08-16,COD,Hyderabad,Delivered,5.0
O12148,C01579,2025-05-25,UPI,Kochi,Delivered,5.0
O12149,C03873,2025-04-23,UPI,Chennai,Delivered,10.0
O12150,C02946,2025-12-07,COD,Lucknow,Cancelled,20.0
O12151,C04283,2025-12-12,COD,Ahmedabad,Delivered,15.0
O12152,C00624,2025-04-02,UPI,Kolkata,Delivered,15.0
O12153,C00545,2025-06-30,UPI,Indore,Delivered,0.0
O12154,C00914,2025-05-08,Net Banking,Hyderabad,Delivered,0.0
O12155,C02138,2025-10-05,Card,Pune,Delivered,25.0
O12156,C02544,2025-06-18,Card,Kochi,Delivered,5.0
O12157,C03733,2025-09-16,UPI,Hyderabad,Delivered,15.0
O12158,C03996,2025-12-14,COD,Ahmedabad,Delivered,10.0
O12159,C01748,2025-03-04,Card,Mumbai,Delivered,5.0
O12160,C02164,2025-11-18,UPI,Indore,Delivered,15.0
O12161,C01044,2025-10-29,UPI,Chennai,Delivered,25.0
O12162,C02180,2025-07-31,UPI,Delhi,Cancelled,5.0
O12163,C01316,2025-08-30,COD,Kolkata,Delivered,5.0
O12164,C01378,2025-05-16,COD,Indore,Delivered,5.0
O12165,C03309,2025-02-08,Card,Kochi,Delivered,10.0
O12166,C00223,2025-12-16,Card,Ahmedabad,Cancelled,15.0
O12167,C04532,2025-10-30,Card,Lucknow,Cancelled,10.0
O12168,C04423,2025-03-09,UPI,Indore,Delivered,5.0
O12169,C02154,2025-02-26,UPI,Mumbai,Delivered,5.0
O12170,C02700,2025-06-02,UPI,Jaipur,Delivered,15.0
O12171,C03321,2025-07-20,UPI,Pune,Delivered,20.0
O12172,C00567,2025-03-28,Net Banking,Indore,Delivered,10.0
O12173,C02043,2025-11-14,UPI,Bangalore,Delivered,5.0
O12174,C00630,2025-02-08,Card,Lucknow,Delivered,15.0
O12175,C02736,2025-09-05,COD,Delhi,Cancelled,10.0
O12176,C02518,2025-04-24,Card,Indore,Returned,20.0
O12177,C00725,2025-07-23,Card,Ahmedabad,Delivered,5.0
O12178,C04361,2025-07-25,UPI,Mumbai,Cancelled,15.0
O12179,C04049,2025-05-15,UPI,Kochi,Delivered,15.0
O12180,C02899,2025-12-17,Card,Pune,Cancelled,20.0
O12181,C01465,2025-09-19,UPI,Bangalore,Cancelled,0.0
O12182,C01308,2025-05-03,UPI,Delhi,Delivered,20.0
O12183,C01955,2025-03-24,Card,Indore,Delivered,10.0
O12184,C04795,2025-08-01,COD,Kochi,Delivered,15.0
O12185,C00154,2025-10-02,UPI,Mumbai,Delivered,5.0
O12186,C03512,2025-06-24,UPI,Indore,Delivered,5.0
O12187,C04067,2025-10-02,UPI,Indore,Delivered,10.0
O12188,C00811,2025-08-24,Card,Mumbai,Delivered,10.0
O12189,C00151,2025-02-03,COD,Kochi,Delivered,10.0
O12190,C02223,2025-06-20,UPI,Mumbai,Delivered,5.0
O12191,C01079,2025-05-21,COD,Kolkata,Delivered,20.0
O12192,C00779,2025-01-25,Card,Hyderabad,Delivered,25.0
O12193,C04250,2025-04-07,Card,Bangalore,Cancelled,5.0
O12194,C03969,2025-11-08,UPI,Kochi,Cancelled,5.0
O12195,C04597,2025-01-21,UPI,Pune,Delivered,15.0
O12196,C02554,2025-10-17,Net Banking,Pune,Delivered,15.0
O12197,C04245,2025-04-20,COD,Bangalore,Delivered,25.0
O12198,C04104,2025-10-08,Card,Kochi,Delivered,25.0
O12199,C04689,2025-03-23,Card,Indore,Delivered,20.0
O12200,C04565,2025-04-17,UPI,Jaipur,Returned,10.0
O12201,C04547,2025-09-24,Net Banking,Ahmedabad,Delivered,5.0
O12202,C03679,2025-10-02,COD,Mumbai,Delivered,10.0
O12203,C04224,2025-06-26,UPI,Pune,Delivered,15.0
O12204,C03706,2025-10-13,COD,Mumbai,Delivered,0.0
O12205,C03359,2025-04-19,UPI,Kolkata,Delivered,15.0
O12206,C00853,2025-02-07,UPI,Chennai,Cancelled,20.0
O12207,C04183,2025-09-28,COD,Kochi,Delivered,5.0
O12208,C03966,2025-11-27,Card,Delhi,Delivered,15.0
O12209,C04630,2025-08-04,Card,Pune,Delivered,20.0
O12210,C03324,2025-11-12,Card,Pune,Delivered,0.0
O12211,C04920,2025-05-12,UPI,Hyderabad,Delivered,25.0
O12212,C04475,2025-12-05,UPI,Pune,Delivered,10.0
O12213,C00456,2025-08-09,Card,Delhi,Delivered,10.0
O12214,C04414,2025-09-27,UPI,Pune,Delivered,10.0
O12215,C00230,2025-12-03,Card,Pune,Delivered,5.0
O12216,C04604,2025-09-21,Card,Jaipur,Delivered,15.0
O12217,C04886,2025-03-18,Net Banking,Mumbai,Cancelled,15.0
O12218,C03478,2025-08-03,UPI,Delhi,Delivered,5.0
O12219,C03359,2025-04-03,Card,Kolkata,Delivered,5.0
O12220,C00760,2025-05-19,Net Banking,Ahmedabad,Delivered,20.0
O12221,C01791,2025-03-21,UPI,Bangalore,Delivered,10.0
O12222,C04542,2025-02-19,COD,Lucknow,Delivered,10.0
O12223,C01367,2025-08-24,UPI,Mumbai,Delivered,20.0
O12224,C00325,2025-12-09,COD,Mumbai,Delivered,15.0
O12225,C00877,2025-11-28,Card,Mumbai,Delivered,5.0
O12226,C00167,2025-10-21,Net Banking,Lucknow,Delivered,0.0
O12227,C03665,2025-06-01,UPI,Mumbai,Delivered,10.0
O12228,C00581,2025-04-05,Card,Pune,Delivered,5.0
O12229,C04935,2025-06-15,Card,Hyderabad,Delivered,10.0
O12230,C01800,2025-11-17,Card,Indore,Delivered,10.0
O12231,C01110,2025-03-31,UPI,Pune,Delivered,20.0
O12232,C03628,2025-01-17,UPI,Hyderabad,Delivered,15.0
O12233,C02854,2025-12-22,UPI,Kochi,Delivered,5.0
O12234,C01173,2025-08-17,UPI,Bangalore,Delivered,5.0
O12235,C00772,2025-10-10,Card,Hyderabad,Delivered,10.0
O12236,C00928,2025-12-11,UPI,Kolkata,Delivered,10.0
O12237,C02909,2025-08-10,COD,Jaipur,Delivered,10.0
O12238,C00606,2025-08-21,Card,Hyderabad,Delivered,25.0
O12239,C03907,2025-10-08,UPI,Jaipur,Delivered,15.0
O12240,C04101,2025-12-24,UPI,Ahmedabad,Delivered,0.0
O12241,C04095,2025-12-18,UPI,Chennai,Delivered,25.0
O12242,C01002,2025-07-23,Card,Kochi,Delivered,10.0
O12243,C03974,2025-11-10,Card,Indore,Delivered,10.0
O12244,C00414,2025-09-14,Card,Pune,Delivered,15.0
O12245,C04811,2025-10-04,Net Banking,Lucknow,Returned,5.0
O12246,C02015,2025-09-14,UPI,Ahmedabad,Delivered,10.0
O12247,C01488,2025-06-08,COD,Indore,Delivered,20.0
O12248,C00783,2025-11-13,COD,Chennai,Cancelled,15.0
O12249,C00527,2025-09-16,UPI,Indore,Delivered,5.0
O12250,C00001,2025-07-22,Net Banking,Ahmedabad,Delivered,10.0
O12251,C00271,2025-06-25,Net Banking,Kochi,Delivered,0.0
O12252,C02532,2025-03-23,UPI,Jaipur,Delivered,0.0
O12253,C01072,2025-01-25,Card,Chennai,Delivered,0.0
O12254,C00694,2025-01-18,COD,Ahmedabad,Delivered,15.0
O12255,C02888,2025-10-11,Card,Jaipur,Delivered,10.0
O12256,C03579,2025-09-17,COD,Bangalore,Delivered,20.0
O12257,C01996,2025-04-26,UPI,Pune,Cancelled,15.0
O12258,C03578,2025-05-29,UPI,Pune,Delivered,10.0
O12259,C01710,2025-11-22,UPI,Lucknow,Delivered,20.0
O12260,C02100,2025-01-21,Card,Lucknow,Delivered,0.0
O12261,C00470,2025-04-04,COD,Mumbai,Returned,0.0
O12262,C02291,2025-05-28,Card,Indore,Delivered,5.0
O12263,C00337,2025-05-06,Card,Mumbai,Delivered,0.0
O12264,C00756,2025-08-12,UPI,Indore,Delivered,5.0
O12265,C02602,2025-05-01,UPI,Ahmedabad,Delivered,5.0
O12266,C01720,2025-05-08,COD,Pune,Delivered,10.0
O12267,C02100,2025-10-14,Card,Delhi,Delivered,10.0
O12268,C00413,2025-12-22,Net Banking,Kochi,Delivered,5.0
O12269,C03613,2025-06-02,Card,Kolkata,Delivered,25.0
O12270,C03281,2025-11-21,Card,Delhi,Delivered,10.0
O12271,C04104,2025-07-19,Net Banking,Kolkata,Delivered,20.0
O12272,C02994,2025-09-30,UPI,Kochi,Delivered,15.0
O12273,C03463,2025-05-28,UPI,Chennai,Delivered,0.0
O12274,C00247,2025-10-28,Card,Kochi,Delivered,10.0
O12275,C03779,2025-08-09,Card,Bangalore,Delivered,15.0
O12276,C00412,2025-08-16,Card,Hyderabad,Delivered,20.0
O12277,C03368,2025-11-02,UPI,Chennai,Delivered,10.0
O12278,C04331,2025-06-28,Net Banking,Chennai,Delivered,25.0
O12279,C02690,2025-04-08,Card,Jaipur,Delivered,15.0
O12280,C00588,2025-04-26,UPI,Delhi,Delivered,5.0
O12281,C01469,2025-05-03,UPI,Delhi,Delivered,10.0
O12282,C00233,2025-10-12,COD,Jaipur,Returned,15.0
O12283,C01887,2025-07-14,UPI,Ahmedabad,Delivered,15.0
O12284,C00310,2025-08-28,Card,Jaipur,Delivered,0.0
O12285,C00944,2025-08-03,UPI,Kochi,Delivered,5.0
O12286,C00908,2025-01-03,UPI,Kochi,Delivered,15.0
O12287,C02749,2025-09-05,Card,Ahmedabad,Delivered,10.0
O12288,C02526,2025-09-19,Card,Pune,Delivered,0.0
O12289,C01601,2025-06-17,UPI,Mumbai,Delivered,15.0
O12290,C02100,2025-11-28,Net Banking,Lucknow,Delivered,0.0
O12291,C00546,2025-09-18,UPI,Indore,Delivered,5.0
O12292,C02349,2025-01-03,COD,Chennai,Delivered,20.0
O12293,C03824,2025-09-17,UPI,Kochi,Delivered,5.0
O12294,C02689,2025-08-04,COD,Pune,Delivered,0.0
O12295,C03315,2025-09-18,Net Banking,Chennai,Delivered,0.0
O12296,C04452,2025-02-26,UPI,Bangalore,Delivered,25.0
O12297,C04931,2025-12-21,Card,Lucknow,Returned,5.0
O12298,C04973,2025-06-19,UPI,Kochi,Cancelled,10.0
O12299,C01842,2025-03-24,Card,Hyderabad,Delivered,10.0
O12300,C01637,2025-07-19,COD,Hyderabad,Delivered,5.0
O12301,C01676,2025-06-05,UPI,Indore,Delivered,20.0
O12302,C04833,2025-11-07,UPI,Hyderabad,Delivered,25.0
O12303,C01791,2025-10-06,UPI,Delhi,Delivered,30.0
O12304,C03145,2025-05-15,UPI,Bangalore,Delivered,0.0
O12305,C03521,2025-10-21,UPI,Pune,Delivered,0.0
O12306,C01842,2025-07-24,UPI,Hyderabad,Delivered,20.0
O12307,C00156,2025-12-31,UPI,Chennai,Delivered,0.0
O12308,C00934,2025-07-04,COD,Delhi,Delivered,10.0
O12309,C00576,2025-03-26,UPI,Hyderabad,Delivered,10.0
O12310,C01334,2025-10-20,UPI,Kochi,Delivered,15.0
O12311,C03108,2025-05-18,UPI,Jaipur,Delivered,0.0
O12312,C04344,2025-08-06,Net Banking,Indore,Cancelled,5.0
O12313,C01452,2025-04-16,COD,Ahmedabad,Cancelled,10.0
O12314,C04549,2025-02-26,UPI,Lucknow,Delivered,0.0
O12315,C00940,2025-04-02,COD,Ahmedabad,Delivered,25.0
O12316,C03460,2025-09-29,COD,Ahmedabad,Delivered,20.0
O12317,C01094,2025-02-28,Net Banking,Bangalore,Delivered,0.0
O12318,C03942,2025-09-16,COD,Pune,Delivered,15.0
O12319,C02502,2025-07-12,UPI,Bangalore,Cancelled,10.0
O12320,C04363,2025-04-27,Card,Pune,Delivered,5.0
O12321,C01462,2025-07-14,Card,Mumbai,Delivered,5.0
O12322,C02414,2025-06-07,Net Banking,Delhi,Returned,15.0
O12323,C03774,2025-10-02,UPI,Kochi,Cancelled,20.0
O12324,C01211,2025-12-19,UPI,Mumbai,Delivered,20.0
O12325,C03299,2025-10-02,Card,Kochi,Delivered,5.0
O12326,C00061,2025-02-05,Card,Bangalore,Delivered,15.0
O12327,C02216,2025-04-22,Card,Chennai,Delivered,10.0
O12328,C04251,2025-08-17,UPI,Ahmedabad,Delivered,10.0
O12329,C02832,2025-07-16,Net Banking,Indore,Delivered,5.0
O12330,C04818,2025-11-12,COD,Hyderabad,Delivered,0.0
O12331,C04103,2025-10-17,COD,Kolkata,Delivered,5.0
O12332,C04619,2025-07-02,Card,Kochi,Delivered,10.0
O12333,C00251,2025-09-11,COD,Bangalore,Delivered,15.0
O12334,C01600,2025-08-27,UPI,Kochi,Delivered,0.0
O12335,C02168,2025-10-25,UPI,Mumbai,Delivered,5.0
O12336,C03141,2025-02-11,Net Banking,Mumbai,Delivered,0.0
O12337,C01286,2025-03-29,Card,Lucknow,Cancelled,10.0
O12338,C01788,2025-06-25,UPI,Delhi,Delivered,20.0
O12339,C01469,2025-10-05,Net Banking,Mumbai,Delivered,25.0
O12340,C04034,2025-12-09,Net Banking,Kolkata,Delivered,20.0
O12341,C01503,2025-10-24,COD,Kolkata,Delivered,20.0
O12342,C01255,2025-10-07,UPI,Chennai,Delivered,10.0
O12343,C04320,2025-11-03,UPI,Jaipur,Delivered,5.0
O12344,C04815,2025-02-02,Card,Delhi,Delivered,15.0
O12345,C02901,2025-01-28,Card,Hyderabad,Delivered,15.0
O12346,C03438,2025-07-28,Net Banking,Kochi,Returned,0.0
O12347,C00028,2025-03-31,Net Banking,Lucknow,Delivered,5.0
O12348,C00901,2025-03-23,Net Banking,Kolkata,Delivered,0.0
O12349,C00849,2025-09-05,UPI,Pune,Delivered,10.0
O12350,C00101,2025-12-01,COD,Kolkata,Delivered,5.0
O12351,C02106,2025-12-24,COD,Pune,Delivered,20.0
O12352,C04511,2025-07-10,UPI,Bangalore,Delivered,0.0
O12353,C03241,2025-10-05,UPI,Jaipur,Cancelled,5.0
O12354,C03318,2025-01-18,COD,Bangalore,Delivered,20.0
O12355,C01489,2025-08-01,UPI,Chennai,Delivered,30.0
O12356,C01454,2025-07-30,Net Banking,Ahmedabad,Delivered,15.0
O12357,C01802,2025-01-02,UPI,Ahmedabad,Delivered,20.0
O12358,C04517,2025-04-04,Card,Hyderabad,Delivered,0.0
O12359,C04117,2025-12-11,Net Banking,Hyderabad,Returned,15.0
O12360,C04732,2025-10-22,Net Banking,Lucknow,Delivered,10.0
O12361,C03441,2025-01-17,COD,Mumbai,Delivered,15.0
O12362,C04560,2025-08-27,COD,Kolkata,Delivered,10.0
O12363,C01516,2025-01-16,Net Banking,Ahmedabad,Delivered,10.0
O12364,C03922,2025-06-04,Net Banking,Mumbai,Delivered,5.0
O12365,C03167,2025-06-26,Card,Hyderabad,Delivered,10.0
O12366,C00024,2025-05-11,COD,Delhi,Delivered,5.0
O12367,C00396,2025-10-25,Card,Pune,Returned,5.0
O12368,C01428,2025-03-04,Card,Jaipur,Delivered,5.0
O12369,C03205,2025-10-12,COD,Ahmedabad,Delivered,5.0
O12370,C01014,2025-05-10,COD,Indore,Delivered,5.0
O12371,C04518,2025-12-29,COD,Ahmedabad,Delivered,25.0
O12372,C04227,2025-04-14,UPI,Jaipur,Delivered,10.0
O12373,C00420,2025-09-27,Card,Mumbai,Delivered,10.0
O12374,C03350,2025-09-25,UPI,Hyderabad,Delivered,10.0
O12375,C03966,2025-10-07,Card,Jaipur,Cancelled,5.0
O12376,C04871,2025-01-28,Card,Mumbai,Delivered,0.0
O12377,C01427,2025-08-05,COD,Jaipur,Delivered,0.0
O12378,C04271,2025-12-23,UPI,Mumbai,Delivered,20.0
O12379,C00464,2025-05-14,UPI,Jaipur,Delivered,0.0
O12380,C00390,2025-10-13,Net Banking,Bangalore,Delivered,5.0
O12381,C00136,2025-02-03,Net Banking,Hyderabad,Delivered,20.0
O12382,C02457,2025-07-30,UPI,Hyderabad,Delivered,15.0
O12383,C02272,2025-07-05,UPI,Mumbai,Delivered,0.0
O12384,C00601,2025-11-27,UPI,Lucknow,Delivered,10.0
O12385,C00619,2025-06-30,COD,Pune,Delivered,10.0
O12386,C01577,2025-09-29,Card,Kochi,Delivered,5.0
O12387,C03770,2025-07-04,Card,Kolkata,Delivered,10.0
O12388,C02926,2025-01-27,Card,Kolkata,Delivered,0.0
O12389,C00009,2025-04-22,Card,Lucknow,Delivered,25.0
O12390,C01204,2025-11-01,UPI,Jaipur,Delivered,0.0
O12391,C01722,2025-05-17,COD,Mumbai,Cancelled,5.0
O12392,C00594,2025-01-26,COD,Jaipur,Delivered,5.0
O12393,C03761,2025-09-19,COD,Jaipur,Delivered,5.0
O12394,C00606,2025-05-15,Net Banking,Indore,Delivered,5.0
O12395,C01470,2025-09-26,COD,Hyderabad,Delivered,0.0
O12396,C01696,2025-06-26,UPI,Kochi,Delivered,10.0
O12397,C01307,2025-01-10,UPI,Pune,Delivered,5.0
O12398,C01688,2025-10-26,COD,Kolkata,Delivered,25.0
O12399,C03984,2025-04-20,UPI,Bangalore,Delivered,0.0
O12400,C03727,2025-04-22,UPI,Jaipur,Delivered,0.0
O12401,C01049,2025-04-11,UPI,Jaipur,Delivered,0.0
O12402,C01736,2025-10-01,Net Banking,Lucknow,Delivered,10.0
O12403,C04329,2025-09-24,UPI,Bangalore,Delivered,15.0
O12404,C03360,2025-09-23,UPI,Indore,Delivered,10.0
O12405,C00685,2025-06-05,Net Banking,Kolkata,Delivered,20.0
O12406,C02339,2025-08-01,Card,Pune,Returned,10.0
O12407,C00949,2025-11-05,UPI,Delhi,Delivered,0.0
O12408,C03431,2025-02-23,COD,Chennai,Delivered,5.0
O12409,C02672,2025-06-02,UPI,Chennai,Delivered,5.0
O12410,C00305,2025-09-19,COD,Ahmedabad,Delivered,25.0
O12411,C02398,2025-12-28,Card,Jaipur,Delivered,10.0
O12412,C02001,2025-10-16,UPI,Bangalore,Delivered,20.0
O12413,C02527,2025-11-21,COD,Mumbai,Delivered,0.0
O12414,C04226,2025-08-14,Card,Lucknow,Delivered,15.0
O12415,C00187,2025-04-06,Card,Chennai,Delivered,10.0
O12416,C01565,2025-06-23,COD,Bangalore,Delivered,0.0
O12417,C01910,2025-12-10,UPI,Hyderabad,Cancelled,0.0
O12418,C02283,2025-07-24,UPI,Hyderabad,Returned,5.0
O12419,C00278,2025-02-24,Net Banking,Delhi,Delivered,20.0
O12420,C01483,2025-08-23,Card,Kolkata,Delivered,10.0
O12421,C04883,2025-07-17,Card,Delhi,Delivered,10.0
O12422,C01878,2025-08-14,UPI,Chennai,Delivered,20.0
O12423,C04461,2025-11-03,Card,Jaipur,Delivered,5.0
O12424,C04564,2025-10-08,Card,Kochi,Delivered,5.0
O12425,C01649,2025-04-15,UPI,Delhi,Delivered,10.0
O12426,C01925,2025-10-06,UPI,Mumbai,Delivered,10.0
O12427,C02699,2025-06-27,Card,Hyderabad,Delivered,5.0
O12428,C03800,2025-10-29,UPI,Kochi,Delivered,10.0
O12429,C01298,2025-07-24,Card,Bangalore,Delivered,0.0
O12430,C01352,2025-08-08,Card,Jaipur,Delivered,0.0
O12431,C02909,2025-05-21,UPI,Lucknow,Delivered,20.0
O12432,C02232,2025-05-25,COD,Kochi,Delivered,10.0
O12433,C02029,2025-01-14,UPI,Delhi,Delivered,5.0
O12434,C01218,2025-06-07,Net Banking,Delhi,Delivered,5.0
O12435,C00272,2025-04-15,Net Banking,Ahmedabad,Delivered,10.0
O12436,C01324,2025-08-18,COD,Indore,Delivered,25.0
O12437,C02244,2025-10-16,UPI,Hyderabad,Delivered,15.0
O12438,C02953,2025-04-30,Net Banking,Delhi,Delivered,25.0
O12439,C00331,2025-07-01,Net Banking,Hyderabad,Delivered,0.0
O12440,C03558,2025-07-04,Card,Hyderabad,Delivered,0.0
O12441,C02668,2025-08-05,Card,Delhi,Delivered,5.0
O12442,C02547,2025-01-31,UPI,Indore,Delivered,5.0
O12443,C03472,2025-10-06,UPI,Lucknow,Delivered,25.0
O12444,C01828,2025-08-13,Card,Lucknow,Delivered,0.0
O12445,C01836,2025-11-06,Card,Hyderabad,Delivered,0.0
O12446,C02129,2025-06-24,UPI,Lucknow,Delivered,10.0
O12447,C04957,2025-06-26,UPI,Kochi,Delivered,15.0
O12448,C03937,2025-03-25,COD,Indore,Delivered,5.0
O12449,C02174,2025-02-25,Card,Ahmedabad,Delivered,0.0
O12450,C03710,2025-04-02,Card,Jaipur,Delivered,15.0
O12451,C00130,2025-01-08,Card,Delhi,Delivered,25.0
O12452,C01559,2025-05-30,Card,Mumbai,Delivered,15.0
O12453,C02262,2025-03-03,UPI,Kochi,Delivered,20.0
O12454,C03201,2025-02-23,Card,Kochi,Delivered,20.0
O12455,C03725,2025-06-12,UPI,Indore,Delivered,15.0
O12456,C03534,2025-04-29,COD,Pune,Delivered,15.0
O12457,C01804,2025-04-18,UPI,Indore,Cancelled,0.0
O12458,C03129,2025-12-10,UPI,Ahmedabad,Delivered,0.0
O12459,C04694,2025-09-28,Card,Lucknow,Delivered,0.0
O12460,C00615,2025-04-24,COD,Jaipur,Delivered,10.0
O12461,C03411,2025-08-25,COD,Bangalore,Delivered,5.0
O12462,C04519,2025-09-18,UPI,Bangalore,Delivered,0.0
O12463,C02382,2025-01-17,Card,Lucknow,Delivered,0.0
O12464,C01865,2025-04-02,UPI,Bangalore,Delivered,0.0
O12465,C01953,2025-04-27,COD,Lucknow,Delivered,10.0
O12466,C00688,2025-12-24,UPI,Kolkata,Delivered,0.0
O12467,C03928,2025-08-07,COD,Indore,Delivered,20.0
O12468,C04243,2025-05-29,Net Banking,Delhi,Delivered,30.0
O12469,C03508,2025-12-23,Net Banking,Pune,Delivered,10.0
O12470,C02060,2025-02-20,COD,Hyderabad,Delivered,10.0
O12471,C02909,2025-02-23,UPI,Delhi,Delivered,5.0
O12472,C03305,2025-05-19,Card,Indore,Delivered,15.0
O12473,C02210,2025-06-07,UPI,Delhi,Delivered,20.0
O12474,C01618,2025-12-12,UPI,Chennai,Delivered,5.0
O12475,C04043,2025-08-25,UPI,Kolkata,Delivered,25.0
O12476,C01900,2025-04-23,Card,Jaipur,Delivered,5.0
O12477,C02035,2025-10-19,Card,Indore,Delivered,5.0
O12478,C03572,2025-12-12,COD,Bangalore,Delivered,20.0
O12479,C03974,2025-08-22,Card,Bangalore,Delivered,10.0
O12480,C02953,2025-04-30,Card,Indore,Delivered,0.0
O12481,C04648,2025-04-01,Card,Indore,Delivered,15.0
O12482,C00726,2025-07-29,COD,Chennai,Delivered,10.0
O12483,C03504,2025-08-16,Net Banking,Ahmedabad,Delivered,15.0
O12484,C03528,2025-04-08,Card,Kolkata,Returned,0.0
O12485,C01178,2025-11-12,UPI,Jaipur,Delivered,20.0
O12486,C04086,2025-03-31,UPI,Pune,Cancelled,15.0
O12487,C03410,2025-10-05,COD,Delhi,Delivered,25.0
O12488,C02341,2025-01-24,UPI,Hyderabad,Delivered,10.0
O12489,C02484,2025-03-16,COD,Hyderabad,Cancelled,10.0
O12490,C04262,2025-11-12,COD,Chennai,Delivered,15.0
O12491,C03042,2025-05-29,Card,Ahmedabad,Cancelled,0.0
O12492,C03524,2025-12-02,COD,Lucknow,Delivered,5.0
O12493,C04880,2025-06-13,COD,Bangalore,Delivered,5.0
O12494,C01560,2025-01-07,Card,Lucknow,Delivered,25.0
O12495,C00401,2025-02-22,UPI,Indore,Delivered,0.0
O12496,C04211,2025-06-05,Card,Lucknow,Returned,30.0
O12497,C04447,2025-10-07,Card,Kochi,Cancelled,5.0
O12498,C03332,2025-11-05,Net Banking,Kolkata,Delivered,10.0
O12499,C02866,2025-09-26,Card,Pune,Delivered,10.0
O12500,C04972,2025-11-30,Card,Hyderabad,Delivered,15.0
O12501,C01250,2025-04-05,Card,Pune,Delivered,25.0
O12502,C00614,2025-11-24,UPI,Delhi,Cancelled,10.0
O12503,C04227,2025-01-01,Card,Delhi,Delivered,5.0
O12504,C01955,2025-12-26,UPI,Bangalore,Delivered,5.0
O12505,C04277,2025-04-25,UPI,Pune,Delivered,5.0
O12506,C00349,2025-12-03,UPI,Kolkata,Delivered,5.0
O12507,C02519,2025-02-10,Card,Jaipur,Delivered,0.0
O12508,C00161,2025-07-06,COD,Chennai,Delivered,20.0
O12509,C00114,2025-09-26,COD,Chennai,Delivered,15.0
O12510,C01486,2025-01-27,UPI,Jaipur,Delivered,10.0
O12511,C01629,2025-05-03,UPI,Indore,Delivered,0.0
O12512,C04239,2025-02-09,Card,Bangalore,Delivered,0.0
O12513,C03684,2025-08-07,UPI,Hyderabad,Delivered,5.0
O12514,C02499,2025-09-11,UPI,Ahmedabad,Delivered,0.0
O12515,C01996,2025-07-05,Card,Bangalore,Delivered,0.0
O12516,C02110,2025-03-17,UPI,Indore,Delivered,0.0
O12517,C00596,2025-02-21,UPI,Kochi,Delivered,15.0
O12518,C00940,2025-07-24,Card,Jaipur,Cancelled,15.0
O12519,C01300,2025-12-02,Card,Ahmedabad,Delivered,5.0
O12520,C03751,2025-10-17,Card,Hyderabad,Delivered,5.0
O12521,C01153,2025-10-31,UPI,Jaipur,Returned,5.0
O12522,C04460,2025-12-03,UPI,Delhi,Cancelled,10.0
O12523,C02095,2025-06-16,UPI,Kolkata,Delivered,
O12524,C03017,2025-09-20,UPI,Delhi,Cancelled,10.0
O12525,C01398,2025-09-19,UPI,Chennai,Delivered,0.0
O12526,C02870,2025-08-14,UPI,Lucknow,Cancelled,0.0
O12527,C04756,2025-11-05,Card,Indore,Returned,0.0
O12528,C01161,2025-01-01,Card,Bangalore,Delivered,15.0
O12529,C00796,2025-01-29,UPI,Bangalore,Delivered,5.0
O12530,C04131,2025-04-02,UPI,Mumbai,Cancelled,20.0
O12531,C02918,2025-04-13,Card,Bangalore,Delivered,5.0
O12532,C02540,2025-05-03,Card,Delhi,Delivered,15.0
O12533,C04354,2025-04-12,UPI,Mumbai,Delivered,10.0
O12534,C02435,2025-12-20,UPI,Kochi,Delivered,20.0
O12535,C04366,2025-08-01,Card,Pune,Cancelled,10.0
O12536,C02001,2025-06-26,UPI,Ahmedabad,Delivered,5.0
O12537,C03119,2025-11-11,Card,Mumbai,Delivered,15.0
O12538,C02742,2025-02-14,COD,Kolkata,Delivered,0.0
O12539,C00954,2025-10-06,Card,Ahmedabad,Delivered,10.0
O12540,C01726,2025-10-15,UPI,Lucknow,Delivered,5.0
O12541,C01511,2025-11-24,COD,Kochi,Delivered,5.0
O12542,C01587,2025-11-27,Net Banking,Bangalore,Delivered,10.0
O12543,C01742,2025-11-05,UPI,Lucknow,Delivered,10.0
O12544,C02459,2025-10-03,UPI,Ahmedabad,Delivered,5.0
O12545,C02893,2025-11-09,Card,Ahmedabad,Delivered,10.0
O12546,C01975,2025-03-07,Card,Mumbai,Delivered,5.0
O12547,C01393,2025-02-15,Card,Delhi,Delivered,15.0
O12548,C03338,2025-01-30,Net Banking,Jaipur,Delivered,10.0
O12549,C02833,2025-07-16,UPI,Kochi,Delivered,5.0
O12550,C00790,2025-09-20,Card,Chennai,Returned,10.0
O12551,C00300,2025-04-05,UPI,Pune,Cancelled,10.0
O12552,C03851,2025-02-12,UPI,Chennai,Delivered,20.0
O12553,C01322,2025-09-07,UPI,Kochi,Delivered,10.0
O12554,C04470,2025-12-01,Card,Mumbai,Delivered,15.0
O12555,C02110,2025-02-05,Card,Mumbai,Returned,15.0
O12556,C02386,2025-05-09,UPI,Bangalore,Delivered,15.0
O12557,C03447,2025-01-07,Card,Hyderabad,Delivered,15.0
O12558,C04570,2025-02-13,Card,Pune,Delivered,5.0
O12559,C04208,2025-03-02,UPI,Chennai,Delivered,20.0
O12560,C00619,2025-01-26,UPI,Delhi,Delivered,15.0
O12561,C04891,2025-12-29,UPI,Lucknow,Delivered,0.0
O12562,C00883,2025-12-29,Card,Kochi,Delivered,10.0
O12563,C01704,2025-05-01,Card,Kochi,Delivered,10.0
O12564,C02796,2025-06-07,Card,Jaipur,Delivered,0.0
O12565,C02420,2025-09-14,UPI,Lucknow,Delivered,10.0
O12566,C04692,2025-03-04,COD,Lucknow,Delivered,25.0
O12567,C03829,2025-09-28,Card,Indore,Delivered,20.0
O12568,C00508,2025-11-07,COD,Ahmedabad,Delivered,0.0
O12569,C02036,2025-11-09,UPI,Mumbai,Delivered,10.0
O12570,C01418,2025-04-27,Card,Delhi,Delivered,10.0
O12571,C02861,2025-10-03,Card,Pune,Delivered,15.0
O12572,C03580,2025-12-11,COD,Lucknow,Delivered,15.0
O12573,C02386,2025-06-27,Card,Jaipur,Delivered,20.0
O12574,C01287,2025-04-27,UPI,Mumbai,Delivered,10.0
O12575,C00926,2025-06-13,UPI,Kochi,Returned,20.0
O12576,C00229,2025-08-31,Net Banking,Pune,Delivered,10.0
O12577,C01769,2025-06-14,UPI,Ahmedabad,Delivered,0.0
O12578,C02422,2025-06-23,UPI,Hyderabad,Delivered,10.0
O12579,C04913,2025-04-29,UPI,Hyderabad,Delivered,0.0
O12580,C03257,2025-08-25,UPI,Ahmedabad,Cancelled,10.0
O12581,C04965,2025-06-04,UPI,Lucknow,Delivered,15.0
O12582,C04543,2025-05-27,Card,Delhi,Delivered,15.0
O12583,C03153,2025-03-24,Card,Ahmedabad,Delivered,10.0
O12584,C04894,2025-09-29,UPI,Indore,Delivered,15.0
O12585,C01234,2025-11-06,Net Banking,Lucknow,Delivered,0.0
O12586,C03036,2025-08-01,Card,Kochi,Delivered,25.0
O12587,C02597,2025-08-13,Card,Bangalore,Delivered,20.0
O12588,C01310,2025-08-22,Card,Mumbai,Delivered,20.0
O12589,C00469,2025-12-17,Card,Hyderabad,Returned,0.0
O12590,C02417,2025-06-11,UPI,Mumbai,Delivered,5.0
O12591,C03796,2025-03-20,COD,Kochi,Delivered,0.0
O12592,C00854,2025-06-28,COD,Mumbai,Delivered,20.0
O12593,C01124,2025-10-19,UPI,Delhi,Delivered,15.0
O12594,C01621,2025-05-07,COD,Delhi,Delivered,0.0
O12595,C03032,2025-06-30,Card,Kolkata,Delivered,10.0
O12596,C04821,2025-03-31,UPI,Jaipur,Delivered,10.0
O12597,C03975,2025-04-04,Net Banking,Jaipur,Delivered,15.0
O12598,C03030,2025-03-30,UPI,Lucknow,Delivered,5.0
O12599,C01471,2025-09-25,UPI,Mumbai,Delivered,5.0
O12600,C02462,2025-09-06,COD,Mumbai,Returned,10.0
O12601,C00093,2025-06-30,Card,Hyderabad,Delivered,10.0
O12602,C01277,2025-03-02,Card,Chennai,Delivered,0.0
O12603,C03722,2025-05-27,COD,Chennai,Delivered,15.0
O12604,C04657,2025-04-29,UPI,Pune,Cancelled,0.0
O12605,C01657,2025-07-03,UPI,Jaipur,Delivered,20.0
O12606,C03111,2025-09-22,Net Banking,Bangalore,Delivered,15.0
O12607,C04642,2025-10-08,UPI,Chennai,Returned,30.0
O12608,C03430,2025-02-23,Card,Chennai,Delivered,0.0
O12609,C04874,2025-04-22,UPI,Chennai,Delivered,25.0
O12610,C00188,2025-06-24,COD,Jaipur,Delivered,15.0
O12611,C04704,2025-10-24,Net Banking,Lucknow,Delivered,20.0
O12612,C04771,2025-06-28,UPI,Hyderabad,Delivered,0.0
O12613,C02346,2025-02-19,Card,Ahmedabad,Delivered,5.0
O12614,C01104,2025-04-27,COD,Ahmedabad,Delivered,0.0
O12615,C02227,2025-01-27,COD,Hyderabad,Cancelled,5.0
O12616,C01281,2025-11-07,Card,Hyderabad,Delivered,20.0
O12617,C04314,2025-07-10,UPI,Kochi,Delivered,10.0
O12618,C04094,2025-12-29,UPI,Ahmedabad,Delivered,15.0
O12619,C02315,2025-06-12,COD,Lucknow,Delivered,10.0
O12620,C01341,2025-01-06,Net Banking,Bangalore,Delivered,10.0
O12621,C00591,2025-07-10,Card,Jaipur,Delivered,10.0
O12622,C00679,2025-01-18,UPI,Lucknow,Delivered,10.0
O12623,C00616,2025-06-08,UPI,Jaipur,Delivered,0.0
O12624,C00850,2025-11-04,Net Banking,Ahmedabad,Delivered,15.0
O12625,C02008,2025-05-24,Card,Kolkata,Delivered,5.0
O12626,C04823,2025-07-14,Card,Lucknow,Delivered,15.0
O12627,C04171,2025-08-18,Card,Lucknow,Delivered,15.0
O12628,C02785,2025-07-09,COD,Bangalore,Delivered,0.0
O12629,C00336,2025-12-03,UPI,Mumbai,Delivered,0.0
O12630,C00804,2025-06-29,Card,Bangalore,Delivered,10.0
O12631,C04951,2025-05-13,COD,Lucknow,Delivered,5.0
O12632,C00363,2025-07-27,Card,Indore,Delivered,5.0
O12633,C02022,2025-05-25,UPI,Delhi,Cancelled,5.0
O12634,C02570,2025-06-08,UPI,Jaipur,Delivered,5.0
O12635,C03031,2025-09-29,UPI,Hyderabad,Cancelled,0.0
O12636,C02076,2025-01-21,Net Banking,Chennai,Delivered,0.0
O12637,C03387,2025-06-18,UPI,Ahmedabad,Returned,20.0
O12638,C00905,2025-10-22,COD,Kochi,Delivered,15.0
O12639,C04459,2025-10-20,UPI,Delhi,Delivered,10.0
O12640,C02086,2025-11-05,UPI,Indore,Delivered,5.0
O12641,C02712,2025-11-26,COD,Indore,Delivered,15.0
O12642,C03705,2025-10-15,COD,Indore,Returned,0.0
O12643,C00144,2025-10-08,UPI,Kochi,Delivered,0.0
O12644,C03650,2025-03-05,UPI,Delhi,Delivered,0.0
O12645,C03269,2025-12-25,Card,Chennai,Delivered,15.0
O12646,C01070,2025-08-17,UPI,Bangalore,Delivered,20.0
O12647,C02186,2025-04-12,Net Banking,Pune,Delivered,10.0
O12648,C02538,2025-10-21,UPI,Delhi,Delivered,0.0
O12649,C04437,2025-09-04,Card,Lucknow,Delivered,5.0
O12650,C00302,2025-04-02,UPI,Mumbai,Delivered,20.0
O12651,C02166,2025-12-01,UPI,Pune,Delivered,10.0
O12652,C01761,2025-05-16,Card,Bangalore,Delivered,10.0
O12653,C04247,2025-01-01,UPI,Bangalore,Cancelled,15.0
O12654,C02655,2025-11-11,Card,Jaipur,Delivered,5.0
O12655,C04868,2025-10-18,COD,Pune,Delivered,0.0
O12656,C01449,2025-09-03,UPI,Delhi,Delivered,25.0
O12657,C00632,2025-08-28,Card,Chennai,Delivered,15.0
O12658,C00362,2025-09-29,COD,Mumbai,Delivered,25.0
O12659,C04192,2025-05-22,Card,Chennai,Delivered,20.0
O12660,C04388,2025-01-05,Net Banking,Jaipur,Delivered,5.0
O12661,C02075,2025-12-02,UPI,Kochi,Cancelled,5.0
O12662,C04401,2025-10-04,UPI,Chennai,Delivered,0.0
O12663,C02771,2025-11-10,UPI,Bangalore,Delivered,15.0
O12664,C02918,2025-02-26,Net Banking,Lucknow,Delivered,10.0
O12665,C00769,2025-05-19,UPI,Ahmedabad,Delivered,5.0
O12666,C00986,2025-11-23,UPI,Hyderabad,Delivered,25.0
O12667,C00205,2025-05-01,COD,Mumbai,Delivered,15.0
O12668,C00867,2025-06-26,Net Banking,Lucknow,Delivered,20.0
O12669,C02626,2025-12-30,Net Banking,Hyderabad,Delivered,0.0
O12670,C00662,2025-06-10,Card,Jaipur,Delivered,10.0
O12671,C00679,2025-06-01,Card,Delhi,Delivered,30.0
O12672,C00300,2025-02-07,UPI,Chennai,Delivered,5.0
O12673,C00258,2025-12-01,Card,Pune,Delivered,10.0
O12674,C02763,2025-02-19,UPI,Kochi,Delivered,10.0
O12675,C00240,2025-08-23,COD,Mumbai,Delivered,0.0
O12676,C03301,2025-03-30,UPI,Lucknow,Delivered,5.0
O12677,C03546,2025-03-05,COD,Bangalore,Delivered,5.0
O12678,C02266,2025-07-28,UPI,Chennai,Delivered,0.0
O12679,C02513,2025-08-13,Card,Kolkata,Delivered,5.0
O12680,C04291,2025-06-16,Card,Jaipur,Delivered,10.0
O12681,C04452,2025-07-21,UPI,Kochi,Delivered,0.0
O12682,C04661,2025-05-22,UPI,Kolkata,Delivered,10.0
O12683,C04404,2025-12-03,UPI,Pune,Delivered,15.0
O12684,C00409,2025-03-19,Net Banking,Chennai,Cancelled,0.0
O12685,C00521,2025-01-10,Net Banking,Chennai,Delivered,25.0
O12686,C02533,2025-09-05,UPI,Hyderabad,Delivered,10.0
O12687,C03885,2025-02-13,UPI,Ahmedabad,Cancelled,10.0
O12688,C01877,2025-10-23,Card,Kolkata,Delivered,10.0
O12689,C02742,2025-04-19,Card,Jaipur,Delivered,5.0
O12690,C03533,2025-07-07,UPI,Hyderabad,Delivered,15.0
O12691,C00651,2025-03-11,COD,Ahmedabad,Delivered,0.0
O12692,C02845,2025-08-20,COD,Kolkata,Delivered,25.0
O12693,C02159,2025-01-31,UPI,Jaipur,Delivered,20.0
O12694,C02652,2025-10-20,Card,Lucknow,Cancelled,10.0
O12695,C02268,2025-07-05,UPI,Lucknow,Delivered,15.0
O12696,C01029,2025-06-20,Card,Jaipur,Delivered,15.0
O12697,C01556,2025-04-19,COD,Bangalore,Delivered,10.0
O12698,C04765,2025-04-07,Card,Bangalore,Delivered,0.0
O12699,C00513,2025-11-23,Card,Pune,Returned,5.0
O12700,C01236,2025-02-07,Net Banking,Delhi,Returned,20.0
O12701,C00119,2025-09-21,COD,Pune,Delivered,15.0
O12702,C04481,2025-10-17,UPI,Bangalore,Delivered,20.0
O12703,C00260,2025-05-25,UPI,Bangalore,Delivered,20.0
O12704,C01199,2025-01-17,COD,Pune,Delivered,10.0
O12705,C02150,2025-04-04,UPI,Kolkata,Delivered,10.0
O12706,C02433,2025-12-04,UPI,Mumbai,Delivered,10.0
O12707,C00960,2025-02-22,COD,Chennai,Delivered,10.0
O12708,C02949,2025-11-16,UPI,Chennai,Delivered,25.0
O12709,C00566,2025-04-19,Card,Kolkata,Delivered,0.0
O12710,C04103,2025-02-26,UPI,Jaipur,Delivered,0.0
O12711,C04964,2025-05-28,COD,Mumbai,Delivered,5.0
O12712,C02380,2025-03-02,COD,Kolkata,Delivered,15.0
O12713,C03451,2025-01-25,Net Banking,Mumbai,Cancelled,20.0
O12714,C00445,2025-03-19,UPI,Lucknow,Delivered,20.0
O12715,C03540,2025-01-27,Card,Kochi,Delivered,10.0
O12716,C02709,2025-04-09,Card,Kolkata,Delivered,20.0
O12717,C02336,2025-01-28,COD,Hyderabad,Delivered,5.0
O12718,C01036,2025-05-14,UPI,Chennai,Delivered,10.0
O12719,C03045,2025-10-24,UPI,Lucknow,Cancelled,5.0
O12720,C01287,2025-11-11,UPI,Kochi,Returned,5.0
O12721,C01459,2025-08-11,Card,Kochi,Delivered,0.0
O12722,C02221,2025-11-30,Card,Hyderabad,Delivered,5.0
O12723,C01631,2025-07-08,Card,Mumbai,Delivered,0.0
O12724,C04028,2025-11-01,UPI,Bangalore,Delivered,5.0
O12725,C03117,2025-12-30,COD,Chennai,Returned,10.0
O12726,C02955,2025-12-22,Card,Lucknow,Delivered,5.0
O12727,C04833,2025-09-18,Card,Delhi,Delivered,15.0
O12728,C04513,2025-09-24,Card,Delhi,Delivered,5.0
O12729,C00264,2025-12-08,COD,Kochi,Delivered,0.0
O12730,C04200,2025-08-23,UPI,Chennai,Cancelled,5.0
O12731,C00221,2025-02-09,Net Banking,Delhi,Delivered,20.0
O12732,C00334,2025-04-24,UPI,Hyderabad,Delivered,10.0
O12733,C04514,2025-11-22,COD,Lucknow,Delivered,10.0
O12734,C01325,2025-06-16,COD,Pune,Delivered,10.0
O12735,C02683,2025-11-22,Card,Hyderabad,Delivered,15.0
O12736,C00961,2025-04-20,UPI,Kochi,Delivered,5.0
O12737,C01481,2025-01-20,COD,Ahmedabad,Delivered,5.0
O12738,C00436,2025-08-18,UPI,Kolkata,Delivered,0.0
O12739,C02442,2025-09-26,COD,Hyderabad,Returned,5.0
O12740,C00043,2025-11-01,COD,Lucknow,Delivered,5.0
O12741,C00966,2025-03-17,UPI,Delhi,Delivered,20.0
O12742,C04107,2025-09-22,COD,Kochi,Delivered,0.0
O12743,C00216,2025-11-11,Card,Indore,Delivered,10.0
O12744,C03236,2025-04-26,Card,Indore,Delivered,15.0
O12745,C04321,2025-01-03,COD,Pune,Delivered,20.0
O12746,C02706,2025-01-11,Card,Hyderabad,Delivered,25.0
O12747,C00773,2025-09-18,Card,Indore,Delivered,0.0
O12748,C01823,2025-06-01,Card,Hyderabad,Returned,5.0
O12749,C04112,2025-07-17,Card,Delhi,Delivered,30.0
O12750,C03156,2025-03-23,UPI,Bangalore,Delivered,5.0
O12751,C03281,2025-05-05,UPI,Mumbai,Delivered,0.0
O12752,C00058,2025-08-18,UPI,Lucknow,Delivered,25.0
O12753,C04947,2025-05-14,UPI,Lucknow,Delivered,10.0
O12754,C03690,2025-03-27,COD,Kochi,Delivered,5.0
O12755,C04744,2025-10-25,UPI,Kochi,Delivered,0.0
O12756,C01844,2025-02-12,UPI,Delhi,Delivered,10.0
O12757,C00461,2025-07-23,Card,Indore,Delivered,5.0
O12758,C03661,2025-10-08,Net Banking,Lucknow,Delivered,25.0
O12759,C00969,2025-01-18,UPI,Bangalore,Delivered,5.0
O12760,C03816,2025-07-10,COD,Lucknow,Delivered,0.0
O12761,C02740,2025-08-11,Card,Ahmedabad,Delivered,5.0
O12762,C00290,2025-12-28,UPI,Jaipur,Delivered,10.0
O12763,C03286,2025-09-14,UPI,Pune,Delivered,5.0
O12764,C01121,2025-01-15,Card,Lucknow,Cancelled,5.0
O12765,C00733,2025-07-01,UPI,Pune,Delivered,5.0
O12766,C03577,2025-02-03,Card,Delhi,Delivered,20.0
O12767,C03783,2025-06-29,Card,Jaipur,Delivered,15.0
O12768,C04672,2025-01-02,Card,Jaipur,Delivered,10.0
O12769,C04938,2025-05-31,UPI,Chennai,Delivered,10.0
O12770,C02792,2025-04-20,Card,Pune,Delivered,0.0
O12771,C02039,2025-11-03,UPI,Bangalore,Delivered,20.0
O12772,C03519,2025-10-29,COD,Hyderabad,Delivered,0.0
O12773,C03856,2025-12-19,UPI,Kochi,Delivered,5.0
O12774,C04059,2025-04-16,Card,Bangalore,Delivered,10.0
O12775,C04436,2025-09-12,COD,Kochi,Delivered,0.0
O12776,C03518,2025-01-14,Card,Hyderabad,Delivered,10.0
O12777,C02157,2025-09-30,UPI,Hyderabad,Delivered,10.0
O12778,C02878,2025-05-24,COD,Pune,Delivered,10.0
O12779,C01068,2025-07-26,UPI,Pune,Delivered,25.0
O12780,C04438,2025-04-17,COD,Lucknow,Delivered,15.0
O12781,C03051,2025-09-04,UPI,Kochi,Delivered,15.0
O12782,C03921,2025-08-11,UPI,Indore,Cancelled,10.0
O12783,C01128,2025-09-25,Card,Delhi,Delivered,5.0
O12784,C04068,2025-08-13,UPI,Pune,Delivered,0.0
O12785,C00991,2025-03-16,COD,Lucknow,Delivered,10.0
O12786,C03487,2025-02-12,UPI,Kochi,Delivered,10.0
O12787,C04728,2025-05-13,UPI,Mumbai,Delivered,
O12788,C01426,2025-10-10,UPI,Indore,Delivered,20.0
O12789,C01458,2025-02-25,COD,Lucknow,Delivered,10.0
O12790,C03455,2025-07-27,COD,Mumbai,Delivered,10.0
O12791,C01052,2025-08-15,Card,Bangalore,Delivered,10.0
O12792,C02588,2025-04-14,UPI,Mumbai,Delivered,15.0
O12793,C03258,2025-12-02,Card,Indore,Delivered,0.0
O12794,C02243,2025-03-09,COD,Mumbai,Delivered,5.0
O12795,C04868,2025-09-07,UPI,Indore,Delivered,20.0
O12796,C00872,2025-04-01,UPI,Lucknow,Delivered,0.0
O12797,C00128,2025-09-28,Card,Jaipur,Cancelled,10.0
O12798,C00106,2025-01-26,COD,Delhi,Delivered,5.0
O12799,C01407,2025-07-26,Card,Bangalore,Delivered,10.0
O12800,C03795,2025-09-09,UPI,Indore,Returned,10.0
O12801,C03421,2025-01-10,UPI,Mumbai,Delivered,15.0
O12802,C02362,2025-04-08,UPI,Kochi,Delivered,0.0
O12803,C03595,2025-04-12,Net Banking,Ahmedabad,Delivered,10.0
O12804,C01001,2025-05-16,COD,Kochi,Delivered,15.0
O12805,C03432,2025-12-02,COD,Mumbai,Delivered,0.0
O12806,C04480,2025-08-09,Card,Lucknow,Delivered,15.0
O12807,C04113,2025-02-01,Card,Lucknow,Delivered,0.0
O12808,C01394,2025-10-04,UPI,Kolkata,Delivered,5.0
O12809,C01872,2025-04-06,Card,Jaipur,Delivered,5.0
O12810,C01090,2025-10-28,COD,Jaipur,Cancelled,5.0
O12811,C04982,2025-09-25,UPI,Pune,Delivered,15.0
O12812,C04167,2025-06-25,UPI,Bangalore,Delivered,5.0
O12813,C03133,2025-04-13,UPI,Kochi,Returned,15.0
O12814,C04540,2025-07-06,UPI,Lucknow,Delivered,0.0
O12815,C03017,2025-11-26,COD,Chennai,Delivered,5.0
O12816,C02531,2025-11-22,UPI,Chennai,Delivered,20.0
O12817,C03316,2025-02-06,Card,Mumbai,Delivered,5.0
O12818,C03893,2025-07-29,COD,Pune,Delivered,10.0
O12819,C02565,2025-09-12,COD,Bangalore,Delivered,15.0
O12820,C01394,2025-05-11,COD,Bangalore,Delivered,0.0
O12821,C03093,2025-11-21,Card,Indore,Delivered,15.0
O12822,C02746,2025-04-08,UPI,Kochi,Delivered,0.0
O12823,C00721,2025-02-02,UPI,Indore,Delivered,10.0
O12824,C04327,2025-02-05,Card,Bangalore,Delivered,10.0
O12825,C03598,2025-08-25,UPI,Lucknow,Delivered,0.0
O12826,C04960,2025-01-03,COD,Kochi,Cancelled,20.0
O12827,C03766,2025-05-11,Card,Pune,Returned,10.0
O12828,C03150,2025-08-08,COD,Kolkata,Delivered,0.0
O12829,C03881,2025-12-28,Card,Kolkata,Delivered,20.0
O12830,C04659,2025-07-01,COD,Jaipur,Delivered,20.0
O12831,C04865,2025-01-28,COD,Kolkata,Delivered,15.0
O12832,C00290,2025-01-26,UPI,Ahmedabad,Delivered,10.0
O12833,C04019,2025-06-06,COD,Bangalore,Delivered,
O12834,C00395,2025-01-10,UPI,Delhi,Delivered,15.0
O12835,C00376,2025-04-19,Net Banking,Indore,Delivered,5.0
O12836,C04878,2025-11-14,COD,Bangalore,Delivered,10.0
O12837,C02140,2025-04-06,UPI,Bangalore,Delivered,10.0
O12838,C01975,2025-05-26,Net Banking,Delhi,Delivered,5.0
O12839,C02459,2025-06-30,UPI,Kolkata,Delivered,0.0
O12840,C04502,2025-07-29,Card,Hyderabad,Delivered,0.0
O12841,C02680,2025-12-08,Card,Delhi,Delivered,0.0
O12842,C03610,2025-05-25,COD,Ahmedabad,Delivered,15.0
O12843,C02201,2025-02-18,Net Banking,Ahmedabad,Returned,15.0
O12844,C04397,2025-06-03,Card,Delhi,Delivered,15.0
O12845,C00413,2025-09-18,UPI,Delhi,Delivered,25.0
O12846,C01379,2025-11-25,UPI,Indore,Delivered,0.0
O12847,C01094,2025-02-13,UPI,Hyderabad,Delivered,25.0
O12848,C04687,2025-08-24,UPI,Bangalore,Delivered,10.0
O12849,C00711,2025-05-01,Card,Bangalore,Delivered,5.0
O12850,C03451,2025-09-05,Card,Lucknow,Delivered,0.0
O12851,C03487,2025-01-07,COD,Lucknow,Returned,10.0
O12852,C04893,2025-01-20,UPI,Chennai,Delivered,15.0
O12853,C03500,2025-07-03,UPI,Kochi,Delivered,0.0
O12854,C03228,2025-12-30,UPI,Pune,Delivered,25.0
O12855,C01612,2025-07-19,Card,Bangalore,Cancelled,20.0
O12856,C00731,2025-09-11,Card,Mumbai,Delivered,20.0
O12857,C00610,2025-09-02,Card,Lucknow,Delivered,10.0
O12858,C02341,2025-03-05,UPI,Jaipur,Delivered,20.0
O12859,C01468,2025-10-26,COD,Bangalore,Delivered,0.0
O12860,C01559,2025-10-27,Card,Delhi,Delivered,20.0
O12861,C02520,2025-06-02,UPI,Ahmedabad,Cancelled,20.0
O12862,C00230,2025-01-17,Card,Mumbai,Delivered,10.0
O12863,C04453,2025-02-08,Card,Kochi,Delivered,15.0
O12864,C00541,2025-06-02,UPI,Indore,Delivered,5.0
O12865,C02875,2025-12-21,UPI,Indore,Delivered,25.0
O12866,C00936,2025-10-22,UPI,Pune,Delivered,0.0
O12867,C03093,2025-02-08,UPI,Mumbai,Delivered,20.0
O12868,C03647,2025-07-06,UPI,Delhi,Delivered,5.0
O12869,C02693,2025-08-26,UPI,Kochi,Delivered,15.0
O12870,C04623,2025-09-29,UPI,Jaipur,Cancelled,0.0
O12871,C03070,2025-11-05,COD,Kolkata,Delivered,5.0
O12872,C04719,2025-12-28,UPI,Indore,Delivered,5.0
O12873,C02899,2025-06-06,UPI,Pune,Delivered,25.0
O12874,C03408,2025-08-19,UPI,Hyderabad,Delivered,5.0
O12875,C04520,2025-07-13,Net Banking,Pune,Delivered,5.0
O12876,C01899,2025-09-07,Card,Pune,Delivered,
O12877,C00004,2025-09-23,Card,Mumbai,Delivered,30.0
O12878,C04565,2025-01-02,COD,Bangalore,Delivered,10.0
O12879,C04760,2025-05-21,UPI,Kochi,Delivered,5.0
O12880,C03626,2025-07-01,Net Banking,Hyderabad,Delivered,20.0
O12881,C02935,2025-01-02,UPI,Pune,Returned,15.0
O12882,C04634,2025-06-19,Card,Mumbai,Delivered,15.0
O12883,C02408,2025-09-27,UPI,Mumbai,Returned,10.0
O12884,C02568,2025-11-03,COD,Jaipur,Delivered,10.0
O12885,C01097,2025-12-30,UPI,Indore,Delivered,15.0
O12886,C01986,2025-02-18,Card,Lucknow,Delivered,0.0
O12887,C03150,2025-10-12,UPI,Chennai,Delivered,10.0
O12888,C01358,2025-11-16,Card,Pune,Delivered,30.0
O12889,C00079,2025-10-06,UPI,Bangalore,Delivered,15.0
O12890,C01575,2025-10-06,COD,Kolkata,Delivered,5.0
O12891,C01606,2025-09-29,UPI,Mumbai,Delivered,0.0
O12892,C04252,2025-02-13,Card,Lucknow,Cancelled,5.0
O12893,C04976,2025-03-01,Card,Chennai,Delivered,10.0
O12894,C02987,2025-07-18,COD,Bangalore,Delivered,10.0
O12895,C00028,2025-04-19,COD,Kochi,Delivered,30.0
O12896,C01911,2025-03-06,Net Banking,Pune,Delivered,10.0
O12897,C04706,2025-06-22,UPI,Mumbai,Delivered,5.0
O12898,C01353,2025-12-19,UPI,Delhi,Delivered,5.0
O12899,C03735,2025-04-08,UPI,Chennai,Delivered,15.0
O12900,C00419,2025-05-09,Card,Jaipur,Delivered,10.0
O12901,C04118,2025-09-25,UPI,Kochi,Delivered,15.0
O12902,C00261,2025-03-28,COD,Kolkata,Delivered,5.0
O12903,C02108,2025-03-30,UPI,Ahmedabad,Returned,5.0
O12904,C02985,2025-12-10,UPI,Lucknow,Delivered,25.0
O12905,C04292,2025-08-17,Card,Ahmedabad,Delivered,5.0
O12906,C00905,2025-05-10,COD,Kochi,Delivered,5.0
O12907,C02227,2025-05-12,COD,Kolkata,Delivered,10.0
O12908,C03854,2025-09-10,UPI,Lucknow,Delivered,10.0
O12909,C04421,2025-04-20,Net Banking,Kolkata,Delivered,0.0
O12910,C00568,2025-10-24,Card,Mumbai,Delivered,25.0
O12911,C00779,2025-10-21,COD,Ahmedabad,Returned,5.0
O12912,C00926,2025-08-03,UPI,Bangalore,Delivered,0.0
O12913,C03239,2025-11-08,Card,Indore,Delivered,5.0
O12914,C03480,2025-07-23,UPI,Indore,Delivered,5.0
O12915,C01616,2025-01-24,Net Banking,Chennai,Delivered,5.0
O12916,C01850,2025-04-03,Card,Ahmedabad,Delivered,0.0
O12917,C01944,2025-06-18,COD,Hyderabad,Delivered,10.0
O12918,C02371,2025-01-28,Card,Kochi,Delivered,15.0
O12919,C00042,2025-11-14,UPI,Kolkata,Delivered,15.0
O12920,C03191,2025-07-09,Card,Jaipur,Delivered,10.0
O12921,C04670,2025-09-23,Card,Indore,Delivered,0.0
O12922,C01821,2025-10-12,Card,Delhi,Delivered,25.0
O12923,C00441,2025-03-04,UPI,Jaipur,Delivered,5.0
O12924,C00104,2025-03-28,COD,Bangalore,Delivered,0.0
O12925,C00569,2025-01-07,Card,Indore,Delivered,5.0
O12926,C00457,2025-06-04,UPI,Kolkata,Delivered,15.0
O12927,C00311,2025-01-20,Card,Kochi,Delivered,5.0
O12928,C01908,2025-09-09,COD,Delhi,Delivered,5.0
O12929,C01708,2025-12-14,Card,Mumbai,Delivered,5.0
O12930,C03456,2025-02-19,UPI,Kolkata,Delivered,10.0
O12931,C01692,2025-07-08,Card,Kolkata,Delivered,20.0
O12932,C04503,2025-03-08,UPI,Jaipur,Delivered,0.0
O12933,C02893,2025-12-31,Card,Kochi,Delivered,0.0
O12934,C00581,2025-07-21,Card,Indore,Delivered,10.0
O12935,C02016,2025-04-09,UPI,Hyderabad,Delivered,0.0
O12936,C04056,2025-05-29,UPI,Hyderabad,Delivered,25.0
O12937,C02645,2025-06-09,UPI,Hyderabad,Delivered,20.0
O12938,C01861,2025-10-31,UPI,Hyderabad,Delivered,0.0
O12939,C03685,2025-06-15,UPI,Ahmedabad,Delivered,20.0
O12940,C03876,2025-01-28,COD,Kolkata,Delivered,5.0
O12941,C03292,2025-07-07,Card,Bangalore,Delivered,5.0
O12942,C03232,2025-11-22,COD,Lucknow,Cancelled,5.0
O12943,C00187,2025-11-10,UPI,Delhi,Returned,0.0
O12944,C02944,2025-07-17,UPI,Ahmedabad,Delivered,15.0
O12945,C04028,2025-07-28,UPI,Bangalore,Delivered,5.0
O12946,C01623,2025-09-23,COD,Chennai,Delivered,5.0
O12947,C02512,2025-09-15,Card,Mumbai,Cancelled,15.0
O12948,C02378,2025-09-14,Card,Kochi,Delivered,0.0
O12949,C01891,2025-12-02,UPI,Kolkata,Delivered,5.0
O12950,C04586,2025-12-12,UPI,Delhi,Returned,10.0
O12951,C00280,2025-08-21,COD,Bangalore,Delivered,0.0
O12952,C00855,2025-07-23,UPI,Chennai,Delivered,10.0
O12953,C00398,2025-03-14,UPI,Jaipur,Delivered,5.0
O12954,C04524,2025-01-13,UPI,Delhi,Delivered,5.0
O12955,C03504,2025-03-12,Card,Bangalore,Delivered,5.0
O12956,C04471,2025-01-01,Net Banking,Bangalore,Delivered,5.0
O12957,C03872,2025-06-08,UPI,Bangalore,Cancelled,5.0
O12958,C03796,2025-08-04,Card,Kolkata,Delivered,0.0
O12959,C00632,2025-07-14,Card,Chennai,Delivered,5.0
O12960,C03037,2025-11-08,COD,Ahmedabad,Delivered,20.0
O12961,C04793,2025-01-04,Card,Kochi,Delivered,25.0
O12962,C00928,2025-09-10,COD,Lucknow,Delivered,30.0
O12963,C02028,2025-10-11,Card,Pune,Delivered,10.0
O12964,C01666,2025-10-27,Card,Kochi,Delivered,0.0
O12965,C00078,2025-01-30,Card,Kolkata,Delivered,15.0
O12966,C04584,2025-10-19,COD,Mumbai,Delivered,25.0
O12967,C03242,2025-04-16,Card,Mumbai,Delivered,0.0
O12968,C01062,2025-05-02,Card,Mumbai,Delivered,0.0
O12969,C03362,2025-07-15,UPI,Bangalore,Delivered,10.0
O12970,C04267,2025-07-22,Card,Lucknow,Delivered,0.0
O12971,C04738,2025-09-17,Card,Hyderabad,Cancelled,5.0
O12972,C01700,2025-09-24,COD,Kolkata,Delivered,5.0
O12973,C00292,2025-08-29,Card,Delhi,Delivered,0.0
O12974,C00581,2025-02-22,UPI,Bangalore,Delivered,15.0
O12975,C04518,2025-05-04,Card,Indore,Delivered,0.0
O12976,C04201,2025-03-29,UPI,Pune,Cancelled,5.0
O12977,C00880,2025-11-06,UPI,Jaipur,Delivered,15.0
O12978,C01483,2025-09-01,COD,Indore,Delivered,10.0
O12979,C02296,2025-12-06,UPI,Kolkata,Delivered,10.0
O12980,C03445,2025-02-14,Card,Bangalore,Delivered,0.0
O12981,C01130,2025-03-05,Net Banking,Delhi,Delivered,15.0
O12982,C00315,2025-07-05,UPI,Jaipur,Delivered,20.0
O12983,C00609,2025-01-13,UPI,Bangalore,Delivered,0.0
O12984,C03926,2025-07-28,COD,Bangalore,Delivered,30.0
O12985,C02993,2025-02-21,UPI,Chennai,Delivered,5.0
O12986,C02587,2025-12-04,COD,Chennai,Delivered,10.0
O12987,C02120,2025-04-17,UPI,Ahmedabad,Delivered,10.0
O12988,C00378,2025-01-09,COD,Bangalore,Delivered,10.0
O12989,C00134,2025-04-22,UPI,Ahmedabad,Delivered,10.0
O12990,C03246,2025-04-30,Net Banking,Lucknow,Delivered,10.0
O12991,C01817,2025-03-08,COD,Mumbai,Delivered,15.0
O12992,C04489,2025-03-23,Card,Bangalore,Cancelled,25.0
O12993,C03136,2025-07-21,COD,Lucknow,Delivered,20.0
O12994,C04511,2025-07-04,UPI,Ahmedabad,Delivered,15.0
O12995,C01137,2025-12-23,UPI,Kochi,Delivered,0.0
O12996,C01752,2025-06-06,UPI,Mumbai,Delivered,5.0
O12997,C04962,2025-04-26,Card,Chennai,Delivered,0.0
O12998,C00290,2025-04-24,COD,Kochi,Delivered,20.0
O12999,C01507,2025-05-13,Card,Hyderabad,Cancelled,15.0
O13000,C01339,2025-09-05,Card,Delhi,Returned,0.0
O13001,C02892,2025-04-21,Card,Jaipur,Delivered,15.0
O13002,C04974,2025-08-20,COD,Jaipur,Delivered,5.0
O13003,C01985,2025-02-28,COD,Ahmedabad,Delivered,10.0
O13004,C00752,2025-10-18,Net Banking,Pune,Delivered,10.0
O13005,C03590,2025-09-18,UPI,Chennai,Delivered,0.0
O13006,C00749,2025-02-19,UPI,Kochi,Delivered,5.0
O13007,C00365,2025-11-12,Net Banking,Mumbai,Delivered,10.0
O13008,C00267,2025-09-28,COD,Delhi,Delivered,10.0
O13009,C04502,2025-12-30,UPI,Chennai,Delivered,20.0
O13010,C03822,2025-04-13,Net Banking,Ahmedabad,Delivered,10.0
O13011,C04235,2025-06-01,COD,Bangalore,Delivered,15.0
O13012,C01189,2025-01-21,UPI,Lucknow,Delivered,15.0
O13013,C03178,2025-09-15,COD,Bangalore,Delivered,0.0
O13014,C03221,2025-07-30,COD,Pune,Delivered,5.0
O13015,C02831,2025-03-23,UPI,Bangalore,Delivered,10.0
O13016,C04967,2025-01-10,Card,Delhi,Delivered,10.0
O13017,C00703,2025-06-14,Net Banking,Ahmedabad,Delivered,20.0
O13018,C01699,2025-05-31,Card,Jaipur,Cancelled,10.0
O13019,C00201,2025-06-22,COD,Chennai,Delivered,15.0
O13020,C04714,2025-03-06,UPI,Hyderabad,Delivered,20.0
O13021,C03799,2025-09-07,COD,Ahmedabad,Delivered,15.0
O13022,C02014,2025-11-13,UPI,Delhi,Delivered,0.0
O13023,C04953,2025-04-28,UPI,Bangalore,Cancelled,5.0
O13024,C03542,2025-05-14,Card,Jaipur,Delivered,20.0
O13025,C02010,2025-01-18,COD,Mumbai,Delivered,10.0
O13026,C03506,2025-12-13,Card,Indore,Delivered,10.0
O13027,C03101,2025-09-12,Net Banking,Lucknow,Delivered,25.0
O13028,C04160,2025-06-17,Card,Jaipur,Delivered,5.0
O13029,C03738,2025-01-17,UPI,Lucknow,Delivered,0.0
O13030,C01712,2025-01-10,Net Banking,Mumbai,Delivered,5.0
O13031,C04347,2025-08-18,UPI,Ahmedabad,Returned,5.0
O13032,C01730,2025-01-31,COD,Delhi,Delivered,10.0
O13033,C03351,2025-08-03,UPI,Jaipur,Delivered,0.0
O13034,C04135,2025-11-02,Net Banking,Kochi,Delivered,30.0
O13035,C00069,2025-12-06,UPI,Kolkata,Delivered,0.0
O13036,C04373,2025-05-31,Card,Ahmedabad,Delivered,5.0
O13037,C03192,2025-02-14,Card,Kolkata,Delivered,15.0
O13038,C01110,2025-07-26,UPI,Delhi,Returned,25.0
O13039,C03019,2025-05-19,Card,Bangalore,Delivered,10.0
O13040,C02654,2025-11-30,UPI,Kolkata,Cancelled,5.0
O13041,C00341,2025-09-26,COD,Mumbai,Delivered,0.0
O13042,C00421,2025-08-02,Net Banking,Jaipur,Delivered,20.0
O13043,C02276,2025-06-11,COD,Mumbai,Delivered,0.0
O13044,C01919,2025-12-23,Card,Ahmedabad,Delivered,0.0
O13045,C00473,2025-07-22,UPI,Kochi,Delivered,0.0
O13046,C02136,2025-01-10,UPI,Kochi,Delivered,10.0
O13047,C03422,2025-12-16,Card,Pune,Delivered,25.0
O13048,C04963,2025-03-17,Card,Hyderabad,Cancelled,10.0
O13049,C03029,2025-08-22,COD,Kolkata,Delivered,5.0
O13050,C02088,2025-08-21,Card,Delhi,Delivered,5.0
O13051,C03359,2025-08-14,Net Banking,Indore,Delivered,10.0
O13052,C00256,2025-08-05,Card,Indore,Delivered,10.0
O13053,C03870,2025-10-19,Card,Lucknow,Delivered,0.0
O13054,C01444,2025-01-04,UPI,Kochi,Delivered,0.0
O13055,C00539,2025-05-29,UPI,Chennai,Delivered,10.0
O13056,C03388,2025-07-08,Card,Mumbai,Delivered,20.0
O13057,C01824,2025-04-04,Card,Mumbai,Delivered,10.0
O13058,C00858,2025-02-07,UPI,Ahmedabad,Delivered,5.0
O13059,C00132,2025-03-17,UPI,Delhi,Delivered,0.0
O13060,C02916,2025-10-22,UPI,Pune,Delivered,15.0
O13061,C04837,2025-03-30,UPI,Lucknow,Delivered,15.0
O13062,C02587,2025-11-06,Card,Hyderabad,Delivered,20.0
O13063,C03375,2025-11-14,UPI,Ahmedabad,Delivered,30.0
O13064,C02032,2025-10-02,UPI,Delhi,Delivered,0.0
O13065,C01926,2025-01-02,Card,Bangalore,Delivered,5.0
O13066,C02002,2025-05-30,Card,Hyderabad,Delivered,5.0
O13067,C04378,2025-04-04,Card,Hyderabad,Delivered,10.0
O13068,C02328,2025-11-09,Card,Ahmedabad,Delivered,0.0
O13069,C03572,2025-04-10,Card,Kochi,Delivered,5.0
O13070,C03372,2025-09-16,COD,Delhi,Delivered,15.0
O13071,C03982,2025-10-06,Card,Jaipur,Returned,0.0
O13072,C00666,2025-01-04,Card,Hyderabad,Delivered,15.0
O13073,C01647,2025-03-19,Net Banking,Bangalore,Delivered,5.0
O13074,C04567,2025-07-17,UPI,Delhi,Delivered,5.0
O13075,C04508,2025-11-22,COD,Kolkata,Delivered,15.0
O13076,C04609,2025-06-14,Card,Delhi,Delivered,15.0
O13077,C01164,2025-01-07,COD,Hyderabad,Delivered,5.0
O13078,C02926,2025-01-01,Card,Pune,Delivered,10.0
O13079,C04515,2025-03-29,UPI,Indore,Delivered,5.0
O13080,C03999,2025-06-29,UPI,Lucknow,Delivered,10.0
O13081,C00825,2025-01-10,COD,Mumbai,Delivered,15.0
O13082,C00733,2025-05-14,Card,Hyderabad,Delivered,5.0
O13083,C04487,2025-04-20,UPI,Kolkata,Delivered,10.0
O13084,C01588,2025-05-05,Card,Indore,Delivered,10.0
O13085,C03665,2025-07-26,UPI,Bangalore,Delivered,10.0
O13086,C04757,2025-10-28,UPI,Indore,Delivered,10.0
O13087,C00027,2025-05-20,Card,Mumbai,Delivered,0.0
O13088,C02671,2025-04-13,Card,Chennai,Delivered,0.0
O13089,C00884,2025-04-21,COD,Indore,Delivered,0.0
O13090,C00127,2025-03-11,Card,Jaipur,Delivered,25.0
O13091,C01480,2025-04-20,Net Banking,Chennai,Delivered,0.0
O13092,C02329,2025-08-12,COD,Ahmedabad,Delivered,5.0
O13093,C00319,2025-08-12,UPI,Indore,Cancelled,15.0
O13094,C02489,2025-08-07,COD,Kochi,Delivered,20.0
O13095,C00341,2025-08-27,COD,Mumbai,Delivered,5.0
O13096,C04790,2025-04-29,Net Banking,Chennai,Delivered,10.0
O13097,C04215,2025-11-27,UPI,Bangalore,Cancelled,15.0
O13098,C04874,2025-08-02,COD,Mumbai,Delivered,20.0
O13099,C04096,2025-02-05,UPI,Lucknow,Delivered,20.0
O13100,C04481,2025-12-09,Card,Delhi,Delivered,10.0
O13101,C01606,2025-12-23,Card,Ahmedabad,Delivered,10.0
O13102,C04182,2025-10-06,COD,Indore,Delivered,15.0
O13103,C02409,2025-09-13,Card,Kochi,Delivered,10.0
O13104,C03054,2025-06-04,Card,Delhi,Delivered,5.0
O13105,C02840,2025-09-28,Card,Indore,Delivered,25.0
O13106,C01109,2025-02-11,UPI,Kolkata,Delivered,30.0
O13107,C04455,2025-01-29,Card,Kolkata,Cancelled,25.0
O13108,C03205,2025-07-02,Card,Jaipur,Delivered,5.0
O13109,C03213,2025-07-22,Card,Kolkata,Delivered,5.0
O13110,C04543,2025-02-18,UPI,Jaipur,Delivered,10.0
O13111,C01926,2025-11-23,UPI,Lucknow,Delivered,15.0
O13112,C01079,2025-11-27,UPI,Ahmedabad,Delivered,5.0
O13113,C04401,2025-02-23,COD,Kolkata,Returned,10.0
O13114,C01977,2025-08-10,UPI,Delhi,Delivered,0.0
O13115,C02819,2025-12-18,Card,Mumbai,Delivered,15.0
O13116,C04630,2025-12-26,UPI,Ahmedabad,Delivered,15.0
O13117,C02083,2025-02-06,Card,Ahmedabad,Delivered,10.0
O13118,C03561,2025-07-24,UPI,Bangalore,Delivered,15.0
O13119,C02730,2025-10-07,UPI,Pune,Delivered,10.0
O13120,C01164,2025-02-24,UPI,Ahmedabad,Delivered,25.0
O13121,C01015,2025-08-11,COD,Pune,Delivered,10.0
O13122,C04737,2025-04-18,COD,Lucknow,Delivered,5.0
O13123,C03445,2025-07-25,UPI,Indore,Delivered,15.0
O13124,C00759,2025-06-21,COD,Delhi,Delivered,0.0
O13125,C03095,2025-03-31,UPI,Kolkata,Delivered,10.0
O13126,C04380,2025-01-06,UPI,Chennai,Delivered,25.0
O13127,C00113,2025-10-14,UPI,Bangalore,Delivered,15.0
O13128,C02421,2025-06-20,COD,Kochi,Delivered,30.0
O13129,C04293,2025-12-29,Card,Delhi,Delivered,5.0
O13130,C04989,2025-09-25,UPI,Hyderabad,Delivered,5.0
O13131,C00822,2025-07-12,UPI,Delhi,Delivered,0.0
O13132,C03640,2025-09-01,Card,Chennai,Delivered,5.0
O13133,C02446,2025-06-29,UPI,Kolkata,Delivered,0.0
O13134,C02200,2025-09-05,UPI,Mumbai,Delivered,5.0
O13135,C04287,2025-03-11,COD,Kolkata,Delivered,0.0
O13136,C01820,2025-08-09,UPI,Kolkata,Delivered,10.0
O13137,C00277,2025-01-30,COD,Lucknow,Delivered,25.0
O13138,C01267,2025-04-29,UPI,Delhi,Delivered,15.0
O13139,C00276,2025-07-24,UPI,Lucknow,Delivered,5.0
O13140,C02912,2025-08-10,COD,Ahmedabad,Delivered,5.0
O13141,C01331,2025-05-06,COD,Hyderabad,Delivered,5.0
O13142,C01894,2025-02-24,Card,Bangalore,Delivered,0.0
O13143,C02344,2025-02-08,Card,Jaipur,Delivered,30.0
O13144,C03306,2025-12-04,Card,Delhi,Delivered,15.0
O13145,C02389,2025-09-19,Card,Kolkata,Delivered,15.0
O13146,C00593,2025-07-03,COD,Kochi,Delivered,15.0
O13147,C04979,2025-01-08,COD,Kochi,Delivered,10.0
O13148,C01388,2025-11-07,COD,Indore,Delivered,15.0
O13149,C03996,2025-12-27,Card,Pune,Delivered,5.0
O13150,C01535,2025-01-16,COD,Chennai,Delivered,5.0
O13151,C04110,2025-03-05,UPI,Kolkata,Delivered,5.0
O13152,C01064,2025-09-10,UPI,Mumbai,Cancelled,25.0
O13153,C03106,2025-01-11,Card,Chennai,Delivered,0.0
O13154,C03905,2025-03-29,UPI,Ahmedabad,Delivered,0.0
O13155,C03306,2025-07-30,Card,Mumbai,Delivered,25.0
O13156,C01904,2025-01-04,COD,Bangalore,Delivered,15.0
O13157,C03362,2025-05-11,Card,Lucknow,Delivered,10.0
O13158,C00855,2025-09-28,UPI,Hyderabad,Delivered,15.0
O13159,C03505,2025-12-26,COD,Bangalore,Delivered,20.0
O13160,C02896,2025-03-09,UPI,Jaipur,Delivered,20.0
O13161,C04051,2025-12-03,COD,Ahmedabad,Delivered,20.0
O13162,C03813,2025-01-09,UPI,Kolkata,Delivered,20.0
O13163,C01916,2025-01-25,COD,Pune,Delivered,0.0
O13164,C02999,2025-03-06,Net Banking,Kochi,Delivered,10.0
O13165,C01342,2025-04-14,COD,Kolkata,Delivered,10.0
O13166,C02688,2025-03-07,COD,Hyderabad,Delivered,15.0
O13167,C01862,2025-07-02,COD,Kochi,Returned,25.0
O13168,C02456,2025-06-22,Card,Pune,Delivered,5.0
O13169,C03793,2025-10-16,Card,Jaipur,Delivered,15.0
O13170,C02864,2025-01-22,Card,Lucknow,Delivered,5.0
O13171,C03152,2025-02-11,COD,Mumbai,Delivered,10.0
O13172,C03879,2025-07-23,COD,Kochi,Delivered,15.0
O13173,C03063,2025-06-04,COD,Ahmedabad,Delivered,0.0
O13174,C01309,2025-01-11,Card,Jaipur,Delivered,20.0
O13175,C01702,2025-10-25,Card,Kolkata,Delivered,20.0
O13176,C04414,2025-03-19,Net Banking,Ahmedabad,Delivered,20.0
O13177,C04506,2025-04-14,UPI,Lucknow,Delivered,0.0
O13178,C03214,2025-10-05,UPI,Kochi,Delivered,15.0
O13179,C02019,2025-05-17,Net Banking,Chennai,Delivered,20.0
O13180,C00247,2025-07-26,Card,Jaipur,Delivered,30.0
O13181,C02225,2025-09-08,Card,Mumbai,Delivered,0.0
O13182,C02859,2025-08-13,COD,Indore,Delivered,10.0
O13183,C01368,2025-02-26,COD,Bangalore,Delivered,20.0
O13184,C04360,2025-12-05,UPI,Kochi,Delivered,15.0
O13185,C04264,2025-10-14,UPI,Hyderabad,Delivered,20.0
O13186,C00703,2025-10-01,COD,Kolkata,Delivered,15.0
O13187,C01924,2025-06-17,COD,Hyderabad,Delivered,0.0
O13188,C01551,2025-12-23,UPI,Pune,Delivered,20.0
O13189,C01334,2025-06-22,COD,Jaipur,Delivered,10.0
O13190,C01799,2025-04-08,Card,Bangalore,Delivered,5.0
O13191,C03456,2025-12-08,Card,Indore,Delivered,15.0
O13192,C03366,2025-09-17,Net Banking,Delhi,Delivered,10.0
O13193,C00664,2025-06-22,Card,Mumbai,Delivered,15.0
O13194,C02628,2025-06-23,UPI,Chennai,Delivered,10.0
O13195,C02085,2025-07-31,UPI,Kochi,Delivered,0.0
O13196,C02936,2025-07-14,UPI,Ahmedabad,Delivered,20.0
O13197,C04643,2025-09-22,Net Banking,Indore,Delivered,15.0
O13198,C04742,2025-09-29,UPI,Chennai,Delivered,15.0
O13199,C04974,2025-11-03,Card,Ahmedabad,Delivered,15.0
O13200,C04769,2025-11-04,COD,Delhi,Delivered,10.0
O13201,C04468,2025-05-17,UPI,Indore,Delivered,15.0
O13202,C04832,2025-03-24,Card,Kochi,Delivered,5.0
O13203,C02150,2025-02-13,UPI,Bangalore,Delivered,10.0
O13204,C03427,2025-07-26,UPI,Kolkata,Returned,15.0
O13205,C00480,2025-04-27,Net Banking,Delhi,Delivered,15.0
O13206,C02958,2025-01-05,UPI,Ahmedabad,Delivered,25.0
O13207,C03731,2025-08-09,COD,Lucknow,Delivered,20.0
O13208,C01351,2025-10-10,COD,Ahmedabad,Delivered,0.0
O13209,C04013,2025-04-24,UPI,Ahmedabad,Delivered,0.0
O13210,C00700,2025-09-07,UPI,Delhi,Delivered,15.0
O13211,C02648,2025-10-28,COD,Ahmedabad,Delivered,0.0
O13212,C01722,2025-03-31,Card,Hyderabad,Delivered,30.0
O13213,C03160,2025-01-28,UPI,Ahmedabad,Cancelled,10.0
O13214,C00334,2025-02-01,COD,Jaipur,Delivered,15.0
O13215,C00664,2025-08-05,COD,Bangalore,Delivered,0.0
O13216,C00779,2025-11-05,UPI,Bangalore,Delivered,10.0
O13217,C01224,2025-03-12,UPI,Indore,Cancelled,5.0
O13218,C03455,2025-09-09,UPI,Kolkata,Returned,0.0
O13219,C03500,2025-01-30,Card,Bangalore,Delivered,15.0
O13220,C02498,2025-09-13,COD,Jaipur,Delivered,25.0
O13221,C00941,2025-11-05,COD,Jaipur,Delivered,5.0
O13222,C02634,2025-06-08,UPI,Lucknow,Delivered,25.0
O13223,C01017,2025-01-09,COD,Pune,Delivered,0.0
O13224,C04601,2025-11-19,COD,Mumbai,Delivered,15.0
O13225,C04534,2025-06-05,COD,Kolkata,Delivered,10.0
O13226,C03722,2025-08-02,Card,Indore,Delivered,5.0
O13227,C00006,2025-06-03,COD,Kolkata,Delivered,10.0
O13228,C02267,2025-03-24,COD,Kochi,Delivered,10.0
O13229,C03988,2025-04-11,COD,Chennai,Delivered,10.0
O13230,C03793,2025-01-10,UPI,Indore,Delivered,10.0
O13231,C00513,2025-12-02,COD,Chennai,Delivered,30.0
O13232,C04965,2025-10-07,COD,Ahmedabad,Delivered,15.0
O13233,C03261,2025-10-08,UPI,Delhi,Delivered,0.0
O13234,C00975,2025-06-29,UPI,Pune,Cancelled,20.0
O13235,C02817,2025-03-31,COD,Bangalore,Delivered,10.0
O13236,C00977,2025-05-09,UPI,Bangalore,Delivered,0.0
O13237,C02734,2025-11-05,UPI,Delhi,Delivered,15.0
O13238,C00621,2025-04-17,UPI,Bangalore,Delivered,5.0
O13239,C04651,2025-10-07,UPI,Lucknow,Delivered,30.0
O13240,C04646,2025-10-10,Net Banking,Bangalore,Delivered,10.0
O13241,C03842,2025-04-17,COD,Delhi,Returned,5.0
O13242,C00594,2025-06-04,UPI,Lucknow,Delivered,15.0
O13243,C01420,2025-12-10,UPI,Jaipur,Delivered,5.0
O13244,C01943,2025-08-20,UPI,Chennai,Delivered,0.0
O13245,C00623,2025-10-22,Card,Indore,Delivered,0.0
O13246,C03849,2025-11-29,UPI,Kolkata,Delivered,15.0
O13247,C04530,2025-03-25,COD,Pune,Delivered,5.0
O13248,C03920,2025-12-24,COD,Mumbai,Delivered,5.0
O13249,C00318,2025-03-17,COD,Hyderabad,Delivered,0.0
O13250,C02583,2025-09-18,COD,Kochi,Returned,5.0
O13251,C01525,2025-12-03,COD,Bangalore,Delivered,15.0
O13252,C00893,2025-08-18,Card,Kolkata,Delivered,10.0
O13253,C00628,2025-09-29,Net Banking,Hyderabad,Delivered,5.0
O13254,C04254,2025-08-09,Card,Kochi,Delivered,5.0
O13255,C03022,2025-06-30,Card,Kolkata,Delivered,5.0
O13256,C01455,2025-07-21,COD,Pune,Delivered,30.0
O13257,C02772,2025-10-12,UPI,Delhi,Delivered,0.0
O13258,C00553,2025-04-28,Net Banking,Delhi,Delivered,15.0
O13259,C03591,2025-04-27,UPI,Kochi,Delivered,20.0
O13260,C04958,2025-07-16,Card,Ahmedabad,Cancelled,25.0
O13261,C02506,2025-07-13,UPI,Mumbai,Returned,10.0
O13262,C02086,2025-10-19,COD,Bangalore,Delivered,0.0
O13263,C00676,2025-04-14,Net Banking,Chennai,Delivered,0.0
O13264,C01594,2025-06-23,Card,Pune,Delivered,10.0
O13265,C04398,2025-10-28,COD,Kolkata,Delivered,5.0
O13266,C02683,2025-04-13,UPI,Ahmedabad,Delivered,20.0
O13267,C03779,2025-01-09,UPI,Bangalore,Delivered,10.0
O13268,C03265,2025-06-13,UPI,Chennai,Delivered,20.0
O13269,C01938,2025-01-05,UPI,Mumbai,Delivered,10.0
O13270,C04994,2025-12-01,Card,Lucknow,Delivered,5.0
O13271,C00616,2025-11-25,COD,Delhi,Delivered,5.0
O13272,C04228,2025-03-30,UPI,Hyderabad,Delivered,5.0
O13273,C01632,2025-06-27,UPI,Lucknow,Delivered,0.0
O13274,C00945,2025-10-11,UPI,Mumbai,Delivered,10.0
O13275,C04981,2025-01-27,UPI,Ahmedabad,Delivered,5.0
O13276,C03477,2025-06-24,UPI,Kolkata,Delivered,0.0
O13277,C00471,2025-06-10,UPI,Kochi,Cancelled,10.0
O13278,C01956,2025-04-25,Card,Pune,Delivered,10.0
O13279,C02397,2025-04-07,COD,Chennai,Delivered,0.0
O13280,C03907,2025-06-15,UPI,Pune,Delivered,10.0
O13281,C02091,2025-05-16,COD,Pune,Delivered,25.0
O13282,C02824,2025-06-13,Card,Kochi,Delivered,5.0
O13283,C02530,2025-12-29,Card,Mumbai,Delivered,30.0
O13284,C04174,2025-07-21,COD,Lucknow,Delivered,15.0
O13285,C01060,2025-06-18,UPI,Hyderabad,Cancelled,0.0
O13286,C00647,2025-05-16,Net Banking,Indore,Delivered,25.0
O13287,C01354,2025-06-07,UPI,Ahmedabad,Delivered,10.0
O13288,C02700,2025-10-28,Card,Ahmedabad,Delivered,10.0
O13289,C00764,2025-08-15,UPI,Jaipur,Returned,10.0
O13290,C04072,2025-10-29,Card,Chennai,Delivered,5.0
O13291,C02327,2025-12-15,Card,Kochi,Delivered,10.0
O13292,C00459,2025-09-29,COD,Delhi,Delivered,10.0
O13293,C00692,2025-11-20,Card,Lucknow,Delivered,25.0
O13294,C02573,2025-02-19,Card,Chennai,Delivered,5.0
O13295,C02540,2025-11-20,Net Banking,Hyderabad,Delivered,20.0
O13296,C04170,2025-01-02,Card,Jaipur,Delivered,25.0
O13297,C00819,2025-11-27,Card,Jaipur,Delivered,10.0
O13298,C04251,2025-03-16,Net Banking,Kolkata,Delivered,5.0
O13299,C00519,2025-09-04,COD,Kochi,Delivered,10.0
O13300,C04471,2025-08-03,Net Banking,Chennai,Delivered,0.0
O13301,C03992,2025-08-18,UPI,Ahmedabad,Delivered,20.0
O13302,C00343,2025-08-30,Card,Jaipur,Delivered,5.0
O13303,C04644,2025-07-07,UPI,Bangalore,Delivered,5.0
O13304,C02794,2025-05-09,COD,Delhi,Delivered,15.0
O13305,C03175,2025-04-07,Net Banking,Indore,Cancelled,10.0
O13306,C04532,2025-12-31,UPI,Kolkata,Delivered,10.0
O13307,C00444,2025-06-14,UPI,Jaipur,Delivered,10.0
O13308,C04575,2025-06-26,UPI,Indore,Delivered,10.0
O13309,C03705,2025-04-27,Card,Bangalore,Delivered,5.0
O13310,C01901,2025-07-29,UPI,Lucknow,Delivered,5.0
O13311,C01518,2025-09-30,Card,Kochi,Delivered,30.0
O13312,C04133,2025-11-23,UPI,Ahmedabad,Delivered,10.0
O13313,C01557,2025-02-20,COD,Mumbai,Cancelled,10.0
O13314,C00098,2025-09-22,Card,Indore,Delivered,5.0
O13315,C02862,2025-03-05,Card,Bangalore,Delivered,15.0
O13316,C01045,2025-12-07,UPI,Kochi,Delivered,0.0
O13317,C00468,2025-08-17,UPI,Lucknow,Delivered,0.0
O13318,C00354,2025-12-15,Card,Pune,Delivered,25.0
O13319,C00072,2025-10-25,COD,Kolkata,Delivered,10.0
O13320,C01376,2025-08-25,Net Banking,Indore,Returned,10.0
O13321,C01076,2025-08-13,UPI,Mumbai,Delivered,10.0
O13322,C01246,2025-04-27,COD,Kolkata,Cancelled,0.0
O13323,C01024,2025-09-07,UPI,Kochi,Delivered,15.0
O13324,C01821,2025-03-11,COD,Mumbai,Delivered,10.0
O13325,C00990,2025-12-11,UPI,Lucknow,Delivered,0.0
O13326,C04556,2025-02-04,UPI,Kolkata,Returned,10.0
O13327,C02549,2025-09-30,Card,Lucknow,Delivered,5.0
O13328,C04813,2025-02-13,COD,Indore,Delivered,10.0
O13329,C04463,2025-12-26,UPI,Mumbai,Delivered,15.0
O13330,C03722,2025-12-11,UPI,Indore,Delivered,5.0
O13331,C03108,2025-04-17,COD,Pune,Delivered,0.0
O13332,C04703,2025-08-17,Card,Delhi,Returned,15.0
O13333,C02576,2025-09-09,COD,Pune,Delivered,10.0
O13334,C03047,2025-02-13,UPI,Mumbai,Delivered,10.0
O13335,C00749,2025-02-18,COD,Kolkata,Delivered,10.0
O13336,C01700,2025-03-01,Card,Lucknow,Delivered,15.0
O13337,C00602,2025-09-15,COD,Pune,Delivered,5.0
O13338,C04716,2025-03-06,UPI,Indore,Delivered,10.0
O13339,C00255,2025-04-24,COD,Hyderabad,Cancelled,5.0
O13340,C02978,2025-09-16,Card,Delhi,Delivered,0.0
O13341,C02725,2025-12-15,Card,Ahmedabad,Delivered,20.0
O13342,C00836,2025-06-11,UPI,Lucknow,Delivered,0.0
O13343,C01851,2025-06-13,Card,Jaipur,Delivered,0.0
O13344,C04765,2025-01-15,Card,Kolkata,Delivered,5.0
O13345,C03103,2025-02-06,COD,Jaipur,Delivered,5.0
O13346,C03650,2025-05-18,Card,Delhi,Delivered,0.0
O13347,C02534,2025-09-22,Card,Mumbai,Delivered,15.0
O13348,C02307,2025-11-02,UPI,Ahmedabad,Delivered,0.0
O13349,C04349,2025-02-15,COD,Kochi,Delivered,0.0
O13350,C00494,2025-04-16,Net Banking,Hyderabad,Delivered,0.0
O13351,C03306,2025-03-22,UPI,Ahmedabad,Delivered,10.0
O13352,C01131,2025-10-30,Card,Delhi,Delivered,0.0
O13353,C04432,2025-10-01,UPI,Ahmedabad,Delivered,10.0
O13354,C03785,2025-04-23,COD,Lucknow,Delivered,5.0
O13355,C02101,2025-07-27,UPI,Kochi,Delivered,20.0
O13356,C04016,2025-11-03,Net Banking,Kochi,Delivered,5.0
O13357,C04041,2025-12-31,Card,Mumbai,Delivered,10.0
O13358,C01777,2025-08-29,UPI,Lucknow,Delivered,10.0
O13359,C01868,2025-03-30,COD,Pune,Delivered,20.0
O13360,C02735,2025-07-02,Card,Mumbai,Delivered,5.0
O13361,C03332,2025-09-29,Card,Indore,Delivered,10.0
O13362,C03441,2025-09-12,UPI,Lucknow,Delivered,0.0
O13363,C00210,2025-12-10,UPI,Mumbai,Delivered,15.0
O13364,C03114,2025-09-02,COD,Chennai,Delivered,10.0
O13365,C02730,2025-09-25,Card,Lucknow,Delivered,25.0
O13366,C04990,2025-04-09,UPI,Jaipur,Delivered,15.0
O13367,C04070,2025-02-28,UPI,Mumbai,Delivered,10.0
O13368,C04433,2025-03-14,Card,Jaipur,Delivered,10.0
O13369,C04771,2025-04-22,UPI,Ahmedabad,Delivered,0.0
O13370,C04201,2025-06-14,UPI,Kochi,Delivered,20.0
O13371,C03762,2025-10-15,UPI,Kolkata,Delivered,15.0
O13372,C04799,2025-07-30,Card,Chennai,Delivered,10.0
O13373,C01148,2025-01-22,UPI,Hyderabad,Delivered,5.0
O13374,C03782,2025-12-20,UPI,Jaipur,Delivered,15.0
O13375,C01291,2025-03-24,UPI,Kochi,Delivered,10.0
O13376,C03115,2025-08-30,COD,Hyderabad,Delivered,5.0
O13377,C03879,2025-01-12,COD,Hyderabad,Cancelled,5.0
O13378,C02701,2025-01-05,COD,Lucknow,Delivered,10.0
O13379,C00674,2025-10-09,Card,Hyderabad,Delivered,15.0
O13380,C02976,2025-04-26,COD,Kochi,Delivered,0.0
O13381,C02372,2025-12-13,Card,Bangalore,Delivered,20.0
O13382,C00757,2025-01-20,Card,Bangalore,Delivered,10.0
O13383,C04297,2025-07-08,UPI,Jaipur,Delivered,5.0
O13384,C04338,2025-05-16,UPI,Kochi,Delivered,10.0
O13385,C02902,2025-12-02,UPI,Mumbai,Cancelled,20.0
O13386,C01488,2025-02-27,Card,Chennai,Delivered,0.0
O13387,C00968,2025-06-22,Net Banking,Jaipur,Delivered,5.0
O13388,C03013,2025-07-12,UPI,Hyderabad,Delivered,10.0
O13389,C02353,2025-01-05,Card,Jaipur,Delivered,0.0
O13390,C04410,2025-06-08,Card,Mumbai,Delivered,0.0
O13391,C02844,2025-10-06,Card,Kochi,Delivered,5.0
O13392,C00883,2025-05-20,UPI,Lucknow,Delivered,20.0
O13393,C00498,2025-01-04,UPI,Bangalore,Delivered,10.0
O13394,C03429,2025-10-20,UPI,Mumbai,Returned,10.0
O13395,C01906,2025-03-16,COD,Mumbai,Delivered,0.0
O13396,C01541,2025-08-22,UPI,Chennai,Delivered,5.0
O13397,C01999,2025-04-14,Card,Bangalore,Delivered,10.0
O13398,C01333,2025-05-17,Net Banking,Lucknow,Returned,20.0
O13399,C03367,2025-10-09,Card,Mumbai,Delivered,5.0
O13400,C01573,2025-08-19,Card,Chennai,Delivered,0.0
O13401,C03665,2025-10-10,UPI,Chennai,Delivered,20.0
O13402,C03455,2025-08-26,Card,Pune,Delivered,5.0
O13403,C03817,2025-08-23,Card,Kolkata,Delivered,15.0
O13404,C01361,2025-07-09,Card,Hyderabad,Delivered,0.0
O13405,C00564,2025-06-27,Card,Hyderabad,Cancelled,15.0
O13406,C00734,2025-12-11,Card,Jaipur,Delivered,10.0
O13407,C00753,2025-12-04,Net Banking,Delhi,Delivered,25.0
O13408,C02357,2025-08-10,COD,Jaipur,Delivered,5.0
O13409,C04244,2025-08-02,Card,Lucknow,Delivered,0.0
O13410,C02975,2025-08-01,Card,Jaipur,Delivered,10.0
O13411,C03987,2025-12-25,COD,Mumbai,Delivered,20.0
O13412,C02716,2025-04-03,COD,Mumbai,Delivered,5.0
O13413,C01786,2025-02-15,UPI,Pune,Delivered,20.0
O13414,C04788,2025-09-12,Card,Ahmedabad,Delivered,5.0
O13415,C02634,2025-07-10,UPI,Delhi,Delivered,0.0
O13416,C02093,2025-11-22,Card,Pune,Returned,10.0
O13417,C01806,2025-05-25,Net Banking,Pune,Delivered,10.0
O13418,C03364,2025-12-10,UPI,Pune,Delivered,20.0
O13419,C04360,2025-04-14,UPI,Mumbai,Returned,0.0
O13420,C03056,2025-03-05,UPI,Ahmedabad,Delivered,10.0
O13421,C01249,2025-06-06,UPI,Lucknow,Cancelled,10.0
O13422,C00216,2025-11-04,UPI,Kochi,Delivered,30.0
O13423,C03946,2025-12-16,Card,Ahmedabad,Delivered,5.0
O13424,C04327,2025-05-08,Card,Chennai,Delivered,0.0
O13425,C01726,2025-01-24,COD,Pune,Returned,10.0
O13426,C02702,2025-05-05,UPI,Pune,Delivered,10.0
O13427,C01201,2025-06-24,COD,Kochi,Delivered,5.0
O13428,C03635,2025-04-11,UPI,Kolkata,Delivered,10.0
O13429,C01541,2025-02-20,UPI,Chennai,Delivered,5.0
O13430,C04803,2025-09-15,Net Banking,Indore,Delivered,5.0
O13431,C00513,2025-05-29,UPI,Hyderabad,Delivered,10.0
O13432,C03712,2025-06-17,UPI,Hyderabad,Delivered,15.0
O13433,C03937,2025-04-15,UPI,Kochi,Delivered,20.0
O13434,C02353,2025-03-10,Net Banking,Jaipur,Delivered,15.0
O13435,C03833,2025-02-04,UPI,Delhi,Delivered,5.0
O13436,C04447,2025-06-12,UPI,Chennai,Cancelled,15.0
O13437,C00803,2025-12-05,Card,Bangalore,Delivered,
O13438,C04547,2025-07-27,UPI,Bangalore,Delivered,15.0
O13439,C00902,2025-06-02,UPI,Kochi,Delivered,10.0
O13440,C04159,2025-03-21,UPI,Chennai,Delivered,5.0
O13441,C01789,2025-01-31,Card,Bangalore,Delivered,15.0
O13442,C04601,2025-08-13,Card,Lucknow,Delivered,10.0
O13443,C02313,2025-09-12,Card,Indore,Delivered,10.0
O13444,C01700,2025-07-28,UPI,Pune,Delivered,15.0
O13445,C03151,2025-06-29,Card,Kochi,Delivered,5.0
O13446,C01209,2025-11-01,Card,Ahmedabad,Delivered,30.0
O13447,C02994,2025-05-24,UPI,Kochi,Delivered,10.0
O13448,C02543,2025-08-18,Card,Mumbai,Delivered,30.0
O13449,C01595,2025-11-10,Card,Delhi,Delivered,5.0
O13450,C03442,2025-11-02,Net Banking,Kochi,Delivered,0.0
O13451,C01839,2025-11-30,Card,Ahmedabad,Delivered,10.0
O13452,C04860,2025-03-05,COD,Lucknow,Delivered,10.0
O13453,C03673,2025-11-04,COD,Bangalore,Delivered,10.0
O13454,C02903,2025-02-09,Net Banking,Jaipur,Delivered,30.0
O13455,C02340,2025-08-31,COD,Chennai,Delivered,0.0
O13456,C04522,2025-12-27,UPI,Kochi,Delivered,10.0
O13457,C02343,2025-09-02,UPI,Bangalore,Cancelled,5.0
O13458,C04929,2025-11-06,COD,Lucknow,Delivered,10.0
O13459,C00500,2025-04-07,Card,Kochi,Delivered,25.0
O13460,C03628,2025-05-25,UPI,Ahmedabad,Delivered,15.0
O13461,C00845,2025-02-25,Card,Jaipur,Delivered,5.0
O13462,C03664,2025-01-30,COD,Jaipur,Cancelled,15.0
O13463,C01061,2025-04-18,UPI,Lucknow,Cancelled,10.0
O13464,C02682,2025-08-02,Card,Lucknow,Delivered,10.0
O13465,C01421,2025-08-09,Card,Jaipur,Delivered,5.0
O13466,C00750,2025-04-14,UPI,Hyderabad,Delivered,10.0
O13467,C01948,2025-06-30,UPI,Lucknow,Delivered,10.0
O13468,C01046,2025-05-07,COD,Pune,Delivered,10.0
O13469,C03412,2025-07-17,Net Banking,Indore,Delivered,15.0
O13470,C04591,2025-12-09,COD,Pune,Delivered,25.0
O13471,C03475,2025-02-02,UPI,Kolkata,Cancelled,10.0
O13472,C01227,2025-11-30,UPI,Delhi,Delivered,10.0
O13473,C02974,2025-08-22,Net Banking,Jaipur,Delivered,20.0
O13474,C01370,2025-02-05,COD,Delhi,Delivered,0.0
O13475,C01039,2025-01-18,COD,Delhi,Returned,15.0
O13476,C01788,2025-11-03,UPI,Kolkata,Delivered,5.0
O13477,C01653,2025-08-20,Card,Kochi,Delivered,10.0
O13478,C04716,2025-09-23,COD,Kochi,Delivered,5.0
O13479,C04723,2025-10-22,Card,Kochi,Delivered,0.0
O13480,C04368,2025-02-18,Card,Delhi,Delivered,15.0
O13481,C00420,2025-02-27,COD,Mumbai,Cancelled,20.0
O13482,C02898,2025-11-28,COD,Chennai,Delivered,10.0
O13483,C04585,2025-12-24,UPI,Lucknow,Delivered,5.0
O13484,C03303,2025-05-31,UPI,Bangalore,Delivered,5.0
O13485,C00796,2025-05-15,COD,Bangalore,Delivered,0.0
O13486,C02810,2025-10-28,UPI,Lucknow,Delivered,20.0
O13487,C00467,2025-12-11,COD,Hyderabad,Delivered,10.0
O13488,C04536,2025-11-07,COD,Indore,Delivered,25.0
O13489,C01355,2025-05-04,COD,Kolkata,Delivered,15.0
O13490,C00273,2025-07-02,UPI,Ahmedabad,Delivered,15.0
O13491,C02750,2025-07-24,UPI,Bangalore,Delivered,10.0
O13492,C03490,2025-05-27,UPI,Kochi,Delivered,5.0
O13493,C03869,2025-04-19,Card,Chennai,Delivered,5.0
O13494,C03652,2025-05-30,UPI,Lucknow,Delivered,30.0
O13495,C00956,2025-08-21,UPI,Hyderabad,Delivered,5.0
O13496,C03410,2025-09-24,UPI,Chennai,Delivered,0.0
O13497,C01920,2025-05-11,Card,Lucknow,Delivered,10.0
O13498,C02933,2025-05-27,Card,Kochi,Delivered,10.0
O13499,C00188,2025-04-01,Card,Hyderabad,Delivered,0.0
O13500,C00208,2025-08-07,UPI,Delhi,Delivered,5.0
O13501,C00074,2025-02-03,Net Banking,Jaipur,Delivered,5.0
O13502,C04769,2025-01-11,Card,Pune,Delivered,15.0
O13503,C02620,2025-09-18,UPI,Kochi,Delivered,10.0
O13504,C01050,2025-03-12,UPI,Bangalore,Delivered,15.0
O13505,C04970,2025-06-13,UPI,Chennai,Delivered,0.0
O13506,C01882,2025-09-18,UPI,Kochi,Delivered,5.0
O13507,C00515,2025-07-03,Card,Bangalore,Delivered,5.0
O13508,C03329,2025-05-13,Net Banking,Delhi,Delivered,10.0
O13509,C00280,2025-10-10,UPI,Hyderabad,Delivered,10.0
O13510,C02987,2025-12-15,COD,Mumbai,Delivered,5.0
O13511,C04856,2025-12-11,COD,Chennai,Delivered,15.0
O13512,C00556,2025-08-22,UPI,Pune,Delivered,20.0
O13513,C03380,2025-12-20,UPI,Indore,Delivered,15.0
O13514,C00291,2025-01-15,Card,Jaipur,Delivered,15.0
O13515,C04881,2025-04-15,COD,Bangalore,Returned,10.0
O13516,C02874,2025-12-20,UPI,Pune,Returned,5.0
O13517,C03019,2025-01-20,Card,Ahmedabad,Cancelled,20.0
O13518,C01623,2025-09-05,COD,Delhi,Delivered,10.0
O13519,C04838,2025-06-11,Card,Mumbai,Delivered,20.0
O13520,C03552,2025-05-07,Card,Ahmedabad,Delivered,10.0
O13521,C04179,2025-02-03,Card,Pune,Delivered,10.0
O13522,C03276,2025-04-25,Card,Indore,Delivered,0.0
O13523,C02012,2025-08-07,Card,Bangalore,Delivered,5.0
O13524,C02690,2025-08-30,UPI,Mumbai,Delivered,5.0
O13525,C00083,2025-01-21,Card,Kolkata,Delivered,10.0
O13526,C03996,2025-08-13,UPI,Delhi,Cancelled,10.0
O13527,C00648,2025-06-16,Net Banking,Mumbai,Delivered,20.0
O13528,C04247,2025-10-23,UPI,Chennai,Delivered,10.0
O13529,C03693,2025-06-21,UPI,Hyderabad,Delivered,20.0
O13530,C01758,2025-06-13,UPI,Hyderabad,Delivered,0.0
O13531,C04956,2025-11-07,Net Banking,Pune,Delivered,10.0
O13532,C03340,2025-08-05,Card,Indore,Delivered,10.0
O13533,C03658,2025-07-18,Card,Hyderabad,Delivered,0.0
O13534,C04211,2025-02-19,Net Banking,Hyderabad,Delivered,5.0
O13535,C03153,2025-11-26,COD,Ahmedabad,Delivered,10.0
O13536,C00726,2025-11-26,Card,Indore,Delivered,10.0
O13537,C01108,2025-10-21,Card,Chennai,Delivered,20.0
O13538,C04983,2025-10-07,COD,Indore,Delivered,0.0
O13539,C02826,2025-12-30,UPI,Chennai,Delivered,5.0
O13540,C04906,2025-02-28,Card,Lucknow,Delivered,5.0
O13541,C02202,2025-06-22,COD,Lucknow,Delivered,15.0
O13542,C01841,2025-06-03,Card,Pune,Delivered,5.0
O13543,C04349,2025-08-10,UPI,Kochi,Delivered,20.0
O13544,C02496,2025-08-07,UPI,Lucknow,Delivered,25.0
O13545,C03945,2025-03-24,COD,Lucknow,Delivered,0.0
O13546,C00825,2025-09-24,UPI,Pune,Delivered,5.0
O13547,C04603,2025-05-08,COD,Delhi,Delivered,5.0
O13548,C01735,2025-07-05,UPI,Bangalore,Delivered,20.0
O13549,C00351,2025-08-18,Card,Chennai,Delivered,0.0
O13550,C04914,2025-09-29,Card,Kochi,Delivered,5.0
O13551,C02174,2025-01-01,UPI,Lucknow,Cancelled,15.0
O13552,C03286,2025-10-24,UPI,Kolkata,Delivered,15.0
O13553,C00835,2025-01-15,UPI,Bangalore,Delivered,5.0
O13554,C01988,2025-03-21,Card,Chennai,Delivered,25.0
O13555,C03822,2025-06-23,Card,Hyderabad,Delivered,5.0
O13556,C03672,2025-02-01,Card,Pune,Delivered,10.0
O13557,C04992,2025-02-08,UPI,Kochi,Delivered,10.0
O13558,C03003,2025-07-12,UPI,Lucknow,Delivered,15.0
O13559,C02510,2025-08-28,Card,Indore,Delivered,5.0
O13560,C02673,2025-03-14,UPI,Jaipur,Delivered,10.0
O13561,C03443,2025-04-03,UPI,Indore,Returned,10.0
O13562,C04159,2025-03-30,Card,Kolkata,Delivered,
O13563,C04847,2025-09-11,Card,Bangalore,Delivered,15.0
O13564,C04122,2025-08-22,UPI,Kolkata,Delivered,15.0
O13565,C04097,2025-05-19,UPI,Lucknow,Delivered,20.0
O13566,C01938,2025-07-17,COD,Pune,Delivered,15.0
O13567,C00298,2025-10-17,COD,Bangalore,Delivered,10.0
O13568,C02302,2025-11-02,UPI,Jaipur,Delivered,10.0
O13569,C03939,2025-06-21,UPI,Hyderabad,Delivered,10.0
O13570,C01595,2025-01-14,COD,Kochi,Delivered,0.0
O13571,C03366,2025-11-24,Net Banking,Ahmedabad,Delivered,10.0
O13572,C03216,2025-06-02,UPI,Hyderabad,Delivered,0.0
O13573,C04305,2025-07-15,COD,Pune,Delivered,10.0
O13574,C03298,2025-06-27,Card,Delhi,Delivered,0.0
O13575,C01482,2025-04-05,UPI,Ahmedabad,Delivered,0.0
O13576,C04380,2025-12-07,Card,Chennai,Delivered,15.0
O13577,C03675,2025-08-25,Card,Pune,Delivered,15.0
O13578,C03183,2025-11-07,UPI,Pune,Delivered,5.0
O13579,C04446,2025-03-19,UPI,Hyderabad,Delivered,0.0
O13580,C03152,2025-09-01,COD,Delhi,Delivered,25.0
O13581,C03788,2025-08-08,COD,Lucknow,Delivered,0.0
O13582,C01774,2025-08-08,UPI,Bangalore,Delivered,10.0
O13583,C01352,2025-07-26,Card,Hyderabad,Delivered,5.0
O13584,C01318,2025-07-03,UPI,Jaipur,Delivered,0.0
O13585,C04280,2025-04-25,Card,Mumbai,Delivered,10.0
O13586,C02031,2025-05-04,COD,Mumbai,Delivered,5.0
O13587,C00212,2025-08-26,UPI,Kochi,Returned,5.0
O13588,C01275,2025-04-18,UPI,Bangalore,Delivered,10.0
O13589,C04263,2025-02-16,COD,Bangalore,Delivered,5.0
O13590,C03615,2025-07-17,COD,Mumbai,Delivered,10.0
O13591,C03735,2025-02-20,Card,Bangalore,Delivered,5.0
O13592,C01186,2025-07-13,COD,Indore,Delivered,15.0
O13593,C00875,2025-03-11,Net Banking,Indore,Cancelled,10.0
O13594,C04503,2025-03-28,Card,Indore,Delivered,15.0
O13595,C03464,2025-03-16,UPI,Lucknow,Delivered,5.0
O13596,C02486,2025-07-12,Card,Hyderabad,Delivered,25.0
O13597,C04501,2025-08-08,COD,Chennai,Delivered,10.0
O13598,C04371,2025-10-05,UPI,Ahmedabad,Delivered,0.0
O13599,C03399,2025-11-29,UPI,Kochi,Delivered,25.0
O13600,C04888,2025-08-21,UPI,Pune,Delivered,10.0
O13601,C00136,2025-08-16,UPI,Indore,Delivered,15.0
O13602,C00333,2025-02-13,Card,Kolkata,Delivered,5.0
O13603,C01027,2025-10-24,UPI,Jaipur,Delivered,10.0
O13604,C03234,2025-09-12,COD,Lucknow,Delivered,15.0
O13605,C01536,2025-09-07,UPI,Lucknow,Delivered,20.0
O13606,C02125,2025-09-30,Net Banking,Kolkata,Delivered,25.0
O13607,C02233,2025-06-22,Card,Jaipur,Delivered,30.0
O13608,C03958,2025-08-24,UPI,Kolkata,Delivered,10.0
O13609,C02618,2025-02-15,COD,Mumbai,Delivered,0.0
O13610,C00953,2025-08-09,Card,Mumbai,Delivered,10.0
O13611,C03370,2025-05-23,Card,Hyderabad,Delivered,5.0
O13612,C03354,2025-08-21,Net Banking,Hyderabad,Delivered,10.0
O13613,C01987,2025-09-23,Card,Pune,Cancelled,5.0
O13614,C04568,2025-07-09,COD,Indore,Delivered,10.0
O13615,C03464,2025-07-02,UPI,Pune,Delivered,15.0
O13616,C00165,2025-11-10,Card,Indore,Delivered,20.0
O13617,C01992,2025-12-23,UPI,Delhi,Delivered,15.0
O13618,C02706,2025-07-10,COD,Kochi,Delivered,0.0
O13619,C01740,2025-05-19,UPI,Pune,Returned,0.0
O13620,C04260,2025-02-04,UPI,Jaipur,Delivered,20.0
O13621,C00104,2025-12-18,Net Banking,Jaipur,Delivered,15.0
O13622,C04692,2025-12-08,UPI,Lucknow,Delivered,0.0
O13623,C04216,2025-05-12,UPI,Pune,Delivered,10.0
O13624,C01128,2025-11-18,Card,Kolkata,Cancelled,10.0
O13625,C00364,2025-03-14,Net Banking,Ahmedabad,Cancelled,15.0
O13626,C01570,2025-06-12,Card,Mumbai,Delivered,15.0
O13627,C00369,2025-10-21,UPI,Ahmedabad,Delivered,15.0
O13628,C03950,2025-08-11,COD,Indore,Delivered,15.0
O13629,C03758,2025-07-04,Card,Indore,Delivered,15.0
O13630,C03398,2025-04-05,Net Banking,Lucknow,Delivered,0.0
O13631,C04231,2025-10-16,Card,Delhi,Delivered,15.0
O13632,C02093,2025-06-21,Card,Chennai,Delivered,10.0
O13633,C01516,2025-11-05,Card,Delhi,Delivered,25.0
O13634,C00595,2025-05-28,Card,Hyderabad,Delivered,15.0
O13635,C01446,2025-11-15,COD,Hyderabad,Delivered,5.0
O13636,C03623,2025-06-28,UPI,Ahmedabad,Delivered,20.0
O13637,C00766,2025-05-22,UPI,Bangalore,Delivered,5.0
O13638,C03217,2025-10-18,UPI,Chennai,Delivered,10.0
O13639,C01341,2025-04-20,Card,Chennai,Returned,0.0
O13640,C01587,2025-10-28,UPI,Jaipur,Cancelled,10.0
O13641,C03651,2025-06-10,UPI,Kochi,Delivered,10.0
O13642,C04632,2025-03-02,Net Banking,Kolkata,Delivered,10.0
O13643,C00634,2025-12-15,UPI,Hyderabad,Delivered,5.0
O13644,C04757,2025-03-13,Net Banking,Indore,Delivered,10.0
O13645,C00459,2025-04-25,COD,Lucknow,Delivered,10.0
O13646,C02473,2025-07-25,Card,Lucknow,Delivered,0.0
O13647,C01681,2025-11-30,UPI,Kochi,Delivered,0.0
O13648,C04851,2025-11-02,UPI,Pune,Delivered,20.0
O13649,C01894,2025-02-11,Net Banking,Delhi,Delivered,15.0
O13650,C02116,2025-01-20,COD,Indore,Delivered,0.0
O13651,C00509,2025-04-02,Net Banking,Hyderabad,Delivered,25.0
O13652,C00736,2025-03-09,Net Banking,Delhi,Delivered,10.0
O13653,C02752,2025-05-15,UPI,Indore,Delivered,15.0
O13654,C02172,2025-03-07,Card,Hyderabad,Delivered,10.0
O13655,C02844,2025-11-25,COD,Bangalore,Delivered,15.0
O13656,C00292,2025-05-31,UPI,Jaipur,Delivered,15.0
O13657,C04517,2025-02-05,Card,Hyderabad,Delivered,0.0
O13658,C01919,2025-05-20,UPI,Hyderabad,Delivered,20.0
O13659,C00812,2025-08-11,UPI,Kolkata,Delivered,15.0
O13660,C02098,2025-07-24,UPI,Chennai,Delivered,5.0
O13661,C02010,2025-10-22,UPI,Kolkata,Delivered,5.0
O13662,C04279,2025-12-15,Card,Hyderabad,Delivered,15.0
O13663,C04343,2025-03-11,Card,Pune,Delivered,15.0
O13664,C00650,2025-06-08,UPI,Bangalore,Delivered,0.0
O13665,C02598,2025-07-03,COD,Delhi,Delivered,20.0
O13666,C00561,2025-01-18,COD,Mumbai,Delivered,15.0
O13667,C00770,2025-02-28,UPI,Lucknow,Delivered,30.0
O13668,C04652,2025-11-19,UPI,Indore,Returned,10.0
O13669,C00504,2025-08-12,UPI,Chennai,Delivered,0.0
O13670,C00628,2025-04-19,Card,Ahmedabad,Delivered,20.0
O13671,C03385,2025-05-11,Card,Chennai,Delivered,15.0
O13672,C03863,2025-01-30,Card,Jaipur,Delivered,0.0
O13673,C03360,2025-07-11,UPI,Bangalore,Delivered,10.0
O13674,C04257,2025-07-17,UPI,Lucknow,Delivered,0.0
O13675,C02175,2025-08-30,Net Banking,Hyderabad,Delivered,5.0
O13676,C03528,2025-04-01,UPI,Delhi,Cancelled,20.0
O13677,C02538,2025-01-02,Card,Mumbai,Delivered,15.0
O13678,C02287,2025-10-03,UPI,Kolkata,Delivered,20.0
O13679,C02224,2025-04-07,UPI,Delhi,Delivered,10.0
O13680,C02258,2025-10-12,Card,Lucknow,Delivered,15.0
O13681,C03581,2025-09-22,Card,Jaipur,Delivered,10.0
O13682,C01996,2025-01-04,UPI,Indore,Delivered,10.0
O13683,C00634,2025-08-26,UPI,Jaipur,Delivered,10.0
O13684,C00501,2025-02-09,COD,Ahmedabad,Delivered,0.0
O13685,C01564,2025-11-25,UPI,Pune,Delivered,10.0
O13686,C04076,2025-10-09,Card,Kochi,Cancelled,20.0
O13687,C01175,2025-08-29,Net Banking,Delhi,Delivered,0.0
O13688,C01599,2025-04-13,Card,Lucknow,Delivered,5.0
O13689,C02159,2025-10-24,UPI,Delhi,Delivered,25.0
O13690,C03714,2025-10-25,COD,Pune,Delivered,5.0
O13691,C01985,2025-03-02,Card,Kolkata,Delivered,20.0
O13692,C00520,2025-03-03,Net Banking,Ahmedabad,Delivered,10.0
O13693,C01918,2025-08-14,COD,Bangalore,Delivered,20.0
O13694,C01329,2025-09-12,Card,Bangalore,Delivered,0.0
O13695,C00933,2025-09-10,Card,Pune,Cancelled,15.0
O13696,C01542,2025-10-04,UPI,Jaipur,Delivered,0.0
O13697,C00408,2025-06-08,UPI,Mumbai,Delivered,5.0
O13698,C01532,2025-08-27,Card,Chennai,Delivered,5.0
O13699,C00624,2025-02-12,Card,Mumbai,Delivered,10.0
O13700,C02767,2025-12-29,Card,Indore,Delivered,15.0
O13701,C04648,2025-11-10,COD,Jaipur,Delivered,5.0
O13702,C02828,2025-06-01,UPI,Jaipur,Delivered,20.0
O13703,C04416,2025-10-28,UPI,Bangalore,Delivered,10.0
O13704,C00667,2025-03-21,UPI,Lucknow,Delivered,15.0
O13705,C00628,2025-05-17,COD,Pune,Delivered,15.0
O13706,C03109,2025-08-01,UPI,Lucknow,Delivered,0.0
O13707,C03277,2025-06-14,UPI,Bangalore,Delivered,15.0
O13708,C01785,2025-06-14,UPI,Pune,Delivered,20.0
O13709,C01134,2025-07-16,Card,Ahmedabad,Delivered,0.0
O13710,C01510,2025-10-29,Card,Bangalore,Delivered,0.0
O13711,C03390,2025-09-19,UPI,Delhi,Delivered,10.0
O13712,C01859,2025-02-17,Card,Kochi,Delivered,0.0
O13713,C01616,2025-05-07,Card,Chennai,Delivered,5.0
O13714,C03854,2025-05-16,COD,Kochi,Cancelled,20.0
O13715,C04706,2025-02-01,UPI,Pune,Delivered,0.0
O13716,C04575,2025-04-11,Card,Chennai,Delivered,0.0
O13717,C04684,2025-03-18,UPI,Delhi,Delivered,0.0
O13718,C03866,2025-07-14,COD,Ahmedabad,Delivered,10.0
O13719,C04689,2025-07-20,Card,Hyderabad,Delivered,5.0
O13720,C02412,2025-03-09,Card,Bangalore,Delivered,15.0
O13721,C00309,2025-01-28,UPI,Pune,Delivered,10.0
O13722,C04363,2025-02-26,COD,Jaipur,Delivered,15.0
O13723,C01833,2025-07-22,UPI,Bangalore,Delivered,5.0
O13724,C04782,2025-02-24,COD,Pune,Delivered,10.0
O13725,C02308,2025-03-24,COD,Mumbai,Delivered,5.0
O13726,C02001,2025-04-16,COD,Bangalore,Delivered,10.0
O13727,C00667,2025-09-08,COD,Bangalore,Delivered,15.0
O13728,C01685,2025-12-08,UPI,Delhi,Delivered,10.0
O13729,C03077,2025-11-28,Net Banking,Bangalore,Delivered,0.0
O13730,C00446,2025-12-26,COD,Kochi,Returned,5.0
O13731,C04384,2025-05-13,Card,Mumbai,Delivered,20.0
O13732,C01082,2025-12-23,Card,Pune,Delivered,20.0
O13733,C03144,2025-07-11,COD,Ahmedabad,Delivered,20.0
O13734,C04890,2025-02-01,COD,Delhi,Returned,5.0
O13735,C03752,2025-04-08,UPI,Pune,Cancelled,0.0
O13736,C04871,2025-09-25,UPI,Indore,Delivered,15.0
O13737,C04373,2025-04-17,COD,Pune,Delivered,15.0
O13738,C01546,2025-03-07,COD,Kochi,Delivered,10.0
O13739,C03646,2025-02-21,Card,Kolkata,Delivered,15.0
O13740,C04832,2025-07-18,UPI,Lucknow,Delivered,25.0
O13741,C03208,2025-10-15,Net Banking,Bangalore,Delivered,0.0
O13742,C02784,2025-08-20,Card,Kolkata,Cancelled,0.0
O13743,C00114,2025-06-12,COD,Lucknow,Delivered,10.0
O13744,C00772,2025-08-29,Card,Indore,Delivered,15.0
O13745,C01013,2025-01-22,UPI,Indore,Delivered,10.0
O13746,C03684,2025-08-05,Card,Bangalore,Delivered,5.0
O13747,C03251,2025-06-24,COD,Kochi,Delivered,10.0
O13748,C01253,2025-10-06,Net Banking,Kolkata,Returned,10.0
O13749,C03103,2025-06-21,UPI,Chennai,Delivered,0.0
O13750,C04204,2025-01-09,COD,Jaipur,Delivered,10.0
O13751,C04378,2025-12-28,Card,Pune,Delivered,10.0
O13752,C02669,2025-02-28,UPI,Jaipur,Delivered,20.0
O13753,C02577,2025-04-27,COD,Jaipur,Delivered,15.0
O13754,C04091,2025-04-11,UPI,Ahmedabad,Delivered,10.0
O13755,C01428,2025-09-02,COD,Mumbai,Delivered,20.0
O13756,C03242,2025-10-13,UPI,Chennai,Delivered,15.0
O13757,C00878,2025-12-06,Card,Kolkata,Delivered,5.0
O13758,C01199,2025-10-27,UPI,Bangalore,Delivered,10.0
O13759,C00454,2025-06-26,UPI,Hyderabad,Delivered,15.0
O13760,C04605,2025-01-16,UPI,Chennai,Delivered,20.0
O13761,C01264,2025-05-01,Card,Kochi,Delivered,5.0
O13762,C02144,2025-08-02,UPI,Indore,Delivered,15.0
O13763,C03586,2025-08-18,UPI,Kochi,Delivered,15.0
O13764,C04187,2025-11-26,UPI,Pune,Delivered,0.0
O13765,C04329,2025-03-25,Card,Bangalore,Delivered,0.0
O13766,C04755,2025-06-30,COD,Chennai,Delivered,10.0
O13767,C03059,2025-08-21,Net Banking,Delhi,Cancelled,10.0
O13768,C02857,2025-11-19,Card,Kolkata,Cancelled,0.0
O13769,C00912,2025-02-11,Card,Kolkata,Delivered,0.0
O13770,C02772,2025-03-14,Net Banking,Indore,Delivered,20.0
O13771,C01468,2025-09-12,Net Banking,Hyderabad,Delivered,5.0
O13772,C00441,2025-12-14,UPI,Indore,Delivered,5.0
O13773,C00996,2025-12-19,Card,Kolkata,Delivered,10.0
O13774,C02112,2025-07-07,COD,Pune,Delivered,0.0
O13775,C04101,2025-10-17,COD,Delhi,Delivered,0.0
O13776,C03730,2025-08-28,Card,Ahmedabad,Delivered,10.0
O13777,C03469,2025-11-14,Card,Mumbai,Delivered,15.0
O13778,C04713,2025-04-06,Card,Mumbai,Delivered,20.0
O13779,C03840,2025-03-17,COD,Bangalore,Delivered,20.0
O13780,C04461,2025-01-02,UPI,Hyderabad,Delivered,10.0
O13781,C02839,2025-06-27,Card,Lucknow,Delivered,5.0
O13782,C04721,2025-04-22,Card,Hyderabad,Delivered,10.0
O13783,C04603,2025-07-23,COD,Hyderabad,Delivered,10.0
O13784,C00523,2025-08-26,UPI,Bangalore,Delivered,5.0
O13785,C00706,2025-01-26,Card,Kolkata,Delivered,15.0
O13786,C01760,2025-12-07,UPI,Bangalore,Delivered,0.0
O13787,C00250,2025-04-18,COD,Mumbai,Delivered,5.0
O13788,C04997,2025-06-14,COD,Ahmedabad,Cancelled,25.0
O13789,C04345,2025-02-24,COD,Ahmedabad,Delivered,10.0
O13790,C01375,2025-12-22,UPI,Bangalore,Delivered,0.0
O13791,C01827,2025-10-01,Card,Bangalore,Delivered,15.0
O13792,C02131,2025-10-07,UPI,Lucknow,Delivered,5.0
O13793,C03479,2025-01-30,Card,Indore,Delivered,0.0
O13794,C01104,2025-01-17,UPI,Delhi,Delivered,20.0
O13795,C03994,2025-10-25,COD,Pune,Delivered,10.0
O13796,C00259,2025-03-22,UPI,Hyderabad,Delivered,15.0
O13797,C04218,2025-12-30,Card,Delhi,Delivered,20.0
O13798,C01148,2025-01-27,UPI,Ahmedabad,Delivered,10.0
O13799,C00905,2025-07-02,Card,Ahmedabad,Delivered,0.0
O13800,C02140,2025-01-04,Card,Hyderabad,Cancelled,5.0
O13801,C03179,2025-06-12,Card,Bangalore,Delivered,5.0
O13802,C04148,2025-11-28,UPI,Indore,Delivered,10.0
O13803,C04390,2025-03-13,UPI,Ahmedabad,Delivered,10.0
O13804,C02348,2025-03-17,Card,Chennai,Delivered,10.0
O13805,C01592,2025-08-28,COD,Jaipur,Delivered,15.0
O13806,C02242,2025-10-17,COD,Jaipur,Delivered,0.0
O13807,C03629,2025-10-19,COD,Mumbai,Delivered,0.0
O13808,C00855,2025-09-17,Net Banking,Lucknow,Returned,20.0
O13809,C00751,2025-01-11,Card,Hyderabad,Delivered,20.0
O13810,C04050,2025-02-28,Card,Kolkata,Delivered,25.0
O13811,C02368,2025-09-16,UPI,Pune,Delivered,5.0
O13812,C00239,2025-07-21,COD,Hyderabad,Delivered,5.0
O13813,C02696,2025-09-25,Card,Pune,Delivered,0.0
O13814,C04637,2025-04-23,COD,Chennai,Delivered,10.0
O13815,C01317,2025-03-14,UPI,Jaipur,Delivered,15.0
O13816,C02305,2025-08-24,Card,Bangalore,Delivered,10.0
O13817,C00108,2025-01-06,COD,Indore,Delivered,10.0
O13818,C01605,2025-03-30,UPI,Pune,Delivered,15.0
O13819,C01909,2025-04-24,UPI,Jaipur,Delivered,0.0
O13820,C02231,2025-12-31,COD,Ahmedabad,Delivered,15.0
O13821,C03778,2025-12-01,UPI,Bangalore,Delivered,20.0
O13822,C00367,2025-11-17,Card,Ahmedabad,Delivered,10.0
O13823,C04927,2025-11-07,Card,Delhi,Delivered,15.0
O13824,C02910,2025-06-17,UPI,Kochi,Returned,10.0
O13825,C03595,2025-12-04,UPI,Indore,Delivered,20.0
O13826,C02922,2025-02-21,Net Banking,Hyderabad,Cancelled,5.0
O13827,C04269,2025-10-27,UPI,Jaipur,Delivered,20.0
O13828,C01741,2025-12-17,UPI,Pune,Delivered,5.0
O13829,C02819,2025-03-03,UPI,Chennai,Delivered,0.0
O13830,C01354,2025-03-25,UPI,Ahmedabad,Delivered,0.0
O13831,C00452,2025-08-24,Card,Ahmedabad,Delivered,0.0
O13832,C04567,2025-12-19,UPI,Hyderabad,Delivered,10.0
O13833,C04417,2025-11-26,Card,Hyderabad,Delivered,10.0
O13834,C04537,2025-06-06,Card,Jaipur,Delivered,10.0
O13835,C02447,2025-05-27,Card,Kolkata,Delivered,10.0
O13836,C02236,2025-05-03,Card,Delhi,Delivered,5.0
O13837,C03510,2025-10-14,COD,Ahmedabad,Delivered,20.0
O13838,C00885,2025-07-01,COD,Jaipur,Delivered,5.0
O13839,C03520,2025-04-09,Card,Kolkata,Delivered,20.0
O13840,C00743,2025-07-09,UPI,Mumbai,Delivered,15.0
O13841,C02040,2025-11-02,Card,Hyderabad,Delivered,5.0
O13842,C02563,2025-09-08,Card,Jaipur,Delivered,10.0
O13843,C01261,2025-11-11,UPI,Mumbai,Delivered,15.0
O13844,C04277,2025-07-17,UPI,Jaipur,Delivered,30.0
O13845,C04506,2025-09-04,Net Banking,Chennai,Delivered,5.0
O13846,C02335,2025-09-22,COD,Kolkata,Delivered,15.0
O13847,C00386,2025-02-26,UPI,Lucknow,Delivered,0.0
O13848,C00603,2025-10-10,Card,Ahmedabad,Delivered,0.0
O13849,C00443,2025-02-27,UPI,Mumbai,Delivered,10.0
O13850,C03308,2025-12-03,UPI,Pune,Delivered,0.0
O13851,C02633,2025-11-20,UPI,Kochi,Delivered,20.0
O13852,C03968,2025-07-05,Card,Pune,Delivered,5.0
O13853,C03302,2025-10-07,Net Banking,Bangalore,Delivered,5.0
O13854,C02302,2025-12-02,COD,Kochi,Delivered,5.0
O13855,C04451,2025-03-03,UPI,Ahmedabad,Delivered,5.0
O13856,C03567,2025-03-22,UPI,Bangalore,Delivered,0.0
O13857,C02477,2025-09-03,Card,Jaipur,Delivered,10.0
O13858,C04571,2025-09-06,UPI,Mumbai,Delivered,5.0
O13859,C04011,2025-12-23,COD,Kochi,Delivered,5.0
O13860,C02390,2025-01-03,UPI,Pune,Delivered,5.0
O13861,C01831,2025-08-24,UPI,Chennai,Delivered,5.0
O13862,C04074,2025-02-20,Card,Indore,Delivered,20.0
O13863,C03415,2025-04-15,UPI,Lucknow,Delivered,10.0
O13864,C04830,2025-04-09,Card,Chennai,Delivered,10.0
O13865,C02267,2025-11-19,Net Banking,Chennai,Delivered,15.0
O13866,C00596,2025-03-21,Card,Jaipur,Delivered,5.0
O13867,C00191,2025-10-28,COD,Lucknow,Delivered,15.0
O13868,C03463,2025-06-20,Card,Kochi,Delivered,5.0
O13869,C00644,2025-06-04,UPI,Indore,Delivered,15.0
O13870,C04190,2025-01-30,UPI,Mumbai,Delivered,0.0
O13871,C01119,2025-04-09,Card,Jaipur,Delivered,15.0
O13872,C03768,2025-05-26,Card,Indore,Delivered,10.0
O13873,C01668,2025-08-23,Card,Pune,Delivered,0.0
O13874,C01106,2025-12-18,UPI,Delhi,Returned,10.0
O13875,C04436,2025-04-09,Card,Delhi,Delivered,15.0
O13876,C02856,2025-07-09,COD,Mumbai,Delivered,5.0
O13877,C02160,2025-10-04,UPI,Kochi,Delivered,25.0
O13878,C04399,2025-09-14,COD,Chennai,Delivered,5.0
O13879,C04147,2025-07-22,COD,Delhi,Delivered,5.0
O13880,C00806,2025-01-25,UPI,Mumbai,Delivered,15.0
O13881,C00701,2025-06-24,Card,Indore,Delivered,5.0
O13882,C03792,2025-07-20,COD,Kolkata,Delivered,25.0
O13883,C04757,2025-10-22,Card,Jaipur,Cancelled,10.0
O13884,C01801,2025-10-10,COD,Bangalore,Cancelled,15.0
O13885,C01908,2025-04-03,UPI,Jaipur,Delivered,0.0
O13886,C01137,2025-02-19,UPI,Pune,Cancelled,20.0
O13887,C04132,2025-08-07,UPI,Mumbai,Delivered,10.0
O13888,C00623,2025-06-05,Net Banking,Indore,Delivered,15.0
O13889,C02897,2025-02-26,UPI,Mumbai,Delivered,0.0
O13890,C04969,2025-08-19,COD,Chennai,Delivered,10.0
O13891,C01416,2025-12-04,UPI,Delhi,Delivered,15.0
O13892,C02063,2025-07-26,UPI,Bangalore,Returned,10.0
O13893,C02688,2025-09-29,UPI,Ahmedabad,Delivered,20.0
O13894,C04263,2025-08-03,Card,Chennai,Delivered,25.0
O13895,C01689,2025-07-03,UPI,Chennai,Delivered,5.0
O13896,C04159,2025-10-18,Net Banking,Hyderabad,Cancelled,0.0
O13897,C00203,2025-10-29,COD,Lucknow,Delivered,15.0
O13898,C01539,2025-03-08,UPI,Ahmedabad,Delivered,10.0
O13899,C01125,2025-09-04,COD,Kolkata,Delivered,0.0
O13900,C00895,2025-01-16,Card,Indore,Returned,0.0
O13901,C01556,2025-12-01,Net Banking,Delhi,Delivered,5.0
O13902,C02451,2025-07-30,UPI,Indore,Delivered,0.0
O13903,C00787,2025-03-15,Card,Pune,Delivered,10.0
O13904,C00976,2025-11-01,UPI,Bangalore,Returned,5.0
O13905,C04930,2025-01-18,COD,Mumbai,Delivered,0.0
O13906,C04289,2025-01-22,UPI,Delhi,Cancelled,5.0
O13907,C02947,2025-04-16,Card,Chennai,Delivered,15.0
O13908,C02200,2025-04-29,Net Banking,Kochi,Cancelled,15.0
O13909,C03878,2025-01-16,Card,Kolkata,Delivered,0.0
O13910,C04482,2025-07-03,Card,Indore,Delivered,0.0
O13911,C03280,2025-01-03,Card,Delhi,Delivered,30.0
O13912,C03037,2025-05-03,Card,Kochi,Delivered,10.0
O13913,C04076,2025-08-31,Card,Kolkata,Delivered,15.0
O13914,C04268,2025-10-18,Card,Lucknow,Delivered,5.0
O13915,C00337,2025-04-15,Net Banking,Kochi,Delivered,10.0
O13916,C03668,2025-04-13,UPI,Pune,Delivered,10.0
O13917,C02940,2025-07-27,UPI,Pune,Delivered,5.0
O13918,C00605,2025-05-29,UPI,Chennai,Delivered,15.0
O13919,C02537,2025-07-12,Card,Chennai,Delivered,10.0
O13920,C00666,2025-11-09,UPI,Pune,Delivered,25.0
O13921,C02918,2025-08-10,Net Banking,Kolkata,Delivered,0.0
O13922,C01233,2025-02-16,Card,Lucknow,Delivered,20.0
O13923,C03788,2025-10-31,COD,Bangalore,Delivered,25.0
O13924,C00352,2025-06-16,UPI,Kolkata,Delivered,0.0
O13925,C01762,2025-03-28,UPI,Jaipur,Delivered,5.0
O13926,C02896,2025-08-14,UPI,Kochi,Delivered,0.0
O13927,C03767,2025-04-30,Card,Lucknow,Delivered,5.0
O13928,C04571,2025-09-05,UPI,Indore,Delivered,10.0
O13929,C02525,2025-12-19,COD,Kochi,Delivered,5.0
O13930,C01150,2025-05-24,COD,Kochi,Delivered,20.0
O13931,C04539,2025-08-21,Card,Mumbai,Returned,20.0
O13932,C04351,2025-12-16,COD,Bangalore,Delivered,0.0
O13933,C00070,2025-01-03,Card,Jaipur,Delivered,10.0
O13934,C00578,2025-08-25,Card,Hyderabad,Delivered,0.0
O13935,C04591,2025-11-13,Card,Mumbai,Delivered,10.0
O13936,C04085,2025-09-15,UPI,Pune,Delivered,5.0
O13937,C04877,2025-01-26,Card,Kolkata,Delivered,20.0
O13938,C02451,2025-01-18,Card,Jaipur,Delivered,20.0
O13939,C04947,2025-11-18,COD,Lucknow,Delivered,10.0
O13940,C00129,2025-10-23,UPI,Indore,Delivered,25.0
O13941,C01507,2025-05-11,UPI,Hyderabad,Delivered,20.0
O13942,C04089,2025-01-17,Card,Pune,Delivered,0.0
O13943,C01649,2025-09-15,COD,Delhi,Delivered,5.0
O13944,C03168,2025-03-11,Net Banking,Hyderabad,Cancelled,5.0
O13945,C02549,2025-07-04,UPI,Bangalore,Delivered,5.0
O13946,C01480,2025-02-18,COD,Chennai,Delivered,15.0
O13947,C01803,2025-11-09,Card,Kochi,Delivered,5.0
O13948,C00008,2025-11-08,UPI,Chennai,Delivered,5.0
O13949,C00220,2025-03-17,Card,Mumbai,Delivered,0.0
O13950,C00725,2025-10-04,UPI,Hyderabad,Returned,10.0
O13951,C04198,2025-01-16,COD,Lucknow,Delivered,0.0
O13952,C02050,2025-01-06,COD,Delhi,Delivered,20.0
O13953,C03786,2025-02-03,Card,Kolkata,Delivered,15.0
O13954,C03913,2025-02-28,UPI,Delhi,Delivered,5.0
O13955,C02743,2025-03-08,COD,Bangalore,Returned,
O13956,C00771,2025-09-12,COD,Bangalore,Delivered,0.0
O13957,C04930,2025-10-24,COD,Chennai,Delivered,5.0
O13958,C00740,2025-06-06,UPI,Kochi,Delivered,10.0
O13959,C04296,2025-02-01,Card,Hyderabad,Delivered,15.0
O13960,C04122,2025-01-10,UPI,Chennai,Delivered,0.0
O13961,C02018,2025-07-11,UPI,Indore,Delivered,15.0
O13962,C04198,2025-08-07,UPI,Kolkata,Delivered,10.0
O13963,C00197,2025-12-15,Card,Hyderabad,Delivered,10.0
O13964,C00510,2025-03-18,UPI,Jaipur,Delivered,25.0
O13965,C01996,2025-01-20,Card,Kolkata,Returned,25.0
O13966,C01015,2025-06-05,Card,Jaipur,Delivered,15.0
O13967,C03102,2025-01-27,COD,Kochi,Delivered,15.0
O13968,C00923,2025-06-02,COD,Pune,Delivered,15.0
O13969,C02347,2025-10-12,Card,Kolkata,Delivered,15.0
O13970,C03205,2025-04-26,COD,Kochi,Delivered,0.0
O13971,C01792,2025-09-07,UPI,Kolkata,Delivered,30.0
O13972,C01556,2025-02-14,UPI,Delhi,Returned,10.0
O13973,C00021,2025-10-13,Card,Pune,Delivered,10.0
O13974,C01923,2025-10-21,Card,Kolkata,Delivered,10.0
O13975,C01065,2025-10-15,COD,Kochi,Delivered,5.0
O13976,C01984,2025-11-02,Card,Kolkata,Delivered,10.0
O13977,C01900,2025-03-12,Net Banking,Lucknow,Delivered,15.0
O13978,C03544,2025-06-12,COD,Pune,Returned,5.0
O13979,C00967,2025-03-17,UPI,Pune,Cancelled,20.0
O13980,C02507,2025-12-09,Card,Indore,Delivered,5.0
O13981,C00514,2025-01-05,Net Banking,Mumbai,Delivered,20.0
O13982,C03575,2025-04-17,Card,Ahmedabad,Delivered,10.0
O13983,C03116,2025-04-29,UPI,Pune,Delivered,20.0
O13984,C00041,2025-10-14,UPI,Bangalore,Delivered,10.0
O13985,C00263,2025-04-07,Card,Kochi,Delivered,5.0
O13986,C01033,2025-06-30,COD,Jaipur,Cancelled,15.0
O13987,C03125,2025-01-01,UPI,Ahmedabad,Cancelled,5.0
O13988,C01820,2025-03-27,COD,Bangalore,Delivered,25.0
O13989,C00128,2025-03-06,COD,Chennai,Delivered,15.0
O13990,C02579,2025-04-13,COD,Hyderabad,Delivered,10.0
O13991,C04621,2025-01-24,COD,Ahmedabad,Delivered,0.0
O13992,C04853,2025-05-31,UPI,Kochi,Delivered,10.0
O13993,C03014,2025-10-30,Card,Pune,Delivered,10.0
O13994,C03212,2025-09-10,UPI,Chennai,Delivered,25.0
O13995,C00894,2025-01-07,COD,Bangalore,Delivered,15.0
O13996,C02807,2025-01-04,Net Banking,Kolkata,Delivered,5.0
O13997,C02280,2025-09-08,UPI,Jaipur,Delivered,5.0
O13998,C04184,2025-07-01,Card,Ahmedabad,Delivered,10.0
O13999,C02814,2025-04-14,UPI,Kochi,Delivered,0.0
O14000,C01788,2025-02-21,UPI,Kochi,Returned,15.0
O14001,C04733,2025-03-23,Card,Mumbai,Delivered,0.0
O14002,C02249,2025-12-02,COD,Mumbai,Delivered,10.0
O14003,C03034,2025-02-17,UPI,Ahmedabad,Delivered,30.0
O14004,C02409,2025-12-17,UPI,Indore,Delivered,20.0
O14005,C02180,2025-08-05,UPI,Delhi,Delivered,20.0
O14006,C00177,2025-11-18,UPI,Chennai,Delivered,15.0
O14007,C03124,2025-07-01,Card,Jaipur,Returned,25.0
O14008,C00022,2025-08-31,UPI,Mumbai,Delivered,25.0
O14009,C00653,2025-08-08,Card,Ahmedabad,Delivered,0.0
O14010,C03391,2025-07-27,Card,Mumbai,Cancelled,5.0
O14011,C00783,2025-05-07,Card,Delhi,Delivered,25.0
O14012,C00168,2025-07-01,COD,Pune,Delivered,5.0
O14013,C01062,2025-12-22,COD,Pune,Delivered,5.0
O14014,C00873,2025-10-23,UPI,Chennai,Delivered,0.0
O14015,C01782,2025-02-04,UPI,Bangalore,Delivered,20.0
O14016,C01397,2025-10-07,COD,Mumbai,Delivered,0.0
O14017,C00632,2025-06-12,UPI,Pune,Cancelled,10.0
O14018,C01602,2025-12-16,UPI,Ahmedabad,Delivered,5.0
O14019,C02882,2025-07-22,COD,Hyderabad,Delivered,0.0
O14020,C01451,2025-12-31,UPI,Delhi,Delivered,5.0
O14021,C01864,2025-06-11,Card,Delhi,Delivered,15.0
O14022,C00722,2025-08-18,Card,Jaipur,Delivered,0.0
O14023,C04536,2025-12-25,COD,Delhi,Delivered,20.0
O14024,C03337,2025-12-15,COD,Hyderabad,Returned,15.0
O14025,C00243,2025-01-04,Card,Delhi,Delivered,0.0
O14026,C02649,2025-12-27,COD,Kochi,Returned,10.0
O14027,C04639,2025-03-19,UPI,Delhi,Cancelled,15.0
O14028,C04373,2025-06-01,UPI,Indore,Delivered,25.0
O14029,C04646,2025-12-24,UPI,Jaipur,Delivered,10.0
O14030,C00403,2025-04-26,UPI,Ahmedabad,Delivered,15.0
O14031,C01454,2025-12-20,COD,Pune,Delivered,20.0
O14032,C00997,2025-02-05,UPI,Delhi,Delivered,10.0
O14033,C04172,2025-12-01,Card,Lucknow,Delivered,15.0
O14034,C03151,2025-10-18,Card,Chennai,Delivered,10.0
O14035,C04414,2025-10-12,UPI,Bangalore,Delivered,15.0
O14036,C03502,2025-02-05,Card,Mumbai,Delivered,20.0
O14037,C01187,2025-11-20,Card,Jaipur,Delivered,15.0
O14038,C01382,2025-02-24,COD,Delhi,Delivered,0.0
O14039,C04425,2025-02-18,COD,Chennai,Delivered,25.0
O14040,C01855,2025-11-09,UPI,Kolkata,Delivered,0.0
O14041,C01905,2025-12-21,Net Banking,Ahmedabad,Delivered,15.0
O14042,C03667,2025-12-09,UPI,Lucknow,Delivered,5.0
O14043,C01949,2025-02-24,Card,Bangalore,Delivered,15.0
O14044,C04034,2025-11-08,Net Banking,Hyderabad,Delivered,0.0
O14045,C04572,2025-11-26,UPI,Hyderabad,Delivered,5.0
O14046,C03528,2025-09-17,UPI,Ahmedabad,Delivered,0.0
O14047,C01753,2025-12-31,Card,Bangalore,Delivered,15.0
O14048,C01738,2025-05-10,COD,Kolkata,Delivered,5.0
O14049,C01814,2025-03-29,UPI,Bangalore,Cancelled,25.0
O14050,C01955,2025-11-16,COD,Jaipur,Returned,10.0
O14051,C04010,2025-12-06,UPI,Hyderabad,Delivered,15.0
O14052,C00538,2025-09-27,COD,Pune,Delivered,20.0
O14053,C02391,2025-12-26,UPI,Bangalore,Delivered,25.0
O14054,C01790,2025-12-27,Card,Kochi,Delivered,10.0
O14055,C01191,2025-05-06,UPI,Kolkata,Delivered,15.0
O14056,C03937,2025-11-23,UPI,Lucknow,Cancelled,5.0
O14057,C01496,2025-07-04,UPI,Pune,Delivered,5.0
O14058,C02188,2025-12-31,Card,Kolkata,Delivered,15.0
O14059,C04524,2025-01-30,COD,Lucknow,Delivered,10.0
O14060,C03371,2025-07-27,COD,Chennai,Delivered,10.0
O14061,C01260,2025-01-08,Card,Bangalore,Delivered,5.0
O14062,C04076,2025-05-22,UPI,Delhi,Delivered,15.0
O14063,C03031,2025-10-31,COD,Ahmedabad,Delivered,25.0
O14064,C04696,2025-07-31,COD,Lucknow,Delivered,10.0
O14065,C00097,2025-10-11,Card,Indore,Cancelled,10.0
O14066,C04574,2025-05-12,Card,Indore,Delivered,20.0
O14067,C04587,2025-12-22,UPI,Indore,Delivered,0.0
O14068,C01320,2025-11-19,UPI,Jaipur,Delivered,5.0
O14069,C04502,2025-04-12,UPI,Ahmedabad,Delivered,0.0
O14070,C00715,2025-10-10,Card,Lucknow,Delivered,10.0
O14071,C02495,2025-03-16,COD,Indore,Delivered,10.0
O14072,C02747,2025-04-10,COD,Kolkata,Delivered,20.0
O14073,C04044,2025-08-20,UPI,Indore,Delivered,20.0
O14074,C00585,2025-10-18,Card,Kochi,Delivered,10.0
O14075,C00954,2025-08-24,UPI,Bangalore,Delivered,15.0
O14076,C02898,2025-09-26,Card,Kolkata,Delivered,10.0
O14077,C02031,2025-02-24,UPI,Hyderabad,Delivered,10.0
O14078,C00594,2025-09-11,Card,Mumbai,Delivered,0.0
O14079,C01832,2025-08-03,Card,Pune,Cancelled,0.0
O14080,C00356,2025-10-26,COD,Delhi,Delivered,20.0
O14081,C01677,2025-11-25,UPI,Ahmedabad,Delivered,5.0
O14082,C03119,2025-11-20,UPI,Kolkata,Delivered,5.0
O14083,C00112,2025-10-26,UPI,Jaipur,Delivered,10.0
O14084,C03735,2025-10-23,Card,Indore,Delivered,0.0
O14085,C04471,2025-06-08,UPI,Bangalore,Delivered,25.0
O14086,C00845,2025-09-16,UPI,Kochi,Delivered,0.0
O14087,C02174,2025-08-16,Net Banking,Bangalore,Cancelled,25.0
O14088,C03079,2025-05-25,UPI,Chennai,Cancelled,15.0
O14089,C02610,2025-03-21,Card,Jaipur,Delivered,
O14090,C01384,2025-02-08,UPI,Hyderabad,Delivered,0.0
O14091,C03971,2025-07-13,Card,Lucknow,Delivered,10.0
O14092,C00362,2025-07-16,UPI,Mumbai,Delivered,25.0
O14093,C00679,2025-04-07,Card,Jaipur,Delivered,10.0
O14094,C02812,2025-09-03,Card,Indore,Delivered,10.0
O14095,C02823,2025-11-29,Net Banking,Pune,Delivered,15.0
O14096,C01732,2025-03-17,UPI,Chennai,Delivered,5.0
O14097,C01288,2025-09-10,Card,Pune,Delivered,15.0
O14098,C04896,2025-10-05,UPI,Lucknow,Delivered,5.0
O14099,C00275,2025-01-08,Card,Jaipur,Delivered,5.0
O14100,C00906,2025-12-30,UPI,Ahmedabad,Delivered,10.0
O14101,C01883,2025-07-18,Card,Ahmedabad,Delivered,0.0
O14102,C00492,2025-09-09,UPI,Jaipur,Returned,0.0
O14103,C04755,2025-01-18,Card,Lucknow,Delivered,0.0
O14104,C00541,2025-08-30,Card,Delhi,Delivered,15.0
O14105,C02887,2025-09-10,Card,Bangalore,Delivered,0.0
O14106,C04416,2025-01-04,UPI,Indore,Delivered,0.0
O14107,C00456,2025-08-25,UPI,Indore,Delivered,10.0
O14108,C00651,2025-06-28,Card,Kolkata,Delivered,10.0
O14109,C01313,2025-01-12,UPI,Jaipur,Delivered,5.0
O14110,C01305,2025-10-20,UPI,Kochi,Delivered,5.0
O14111,C04513,2025-09-15,COD,Bangalore,Cancelled,20.0
O14112,C03610,2025-09-16,COD,Kochi,Delivered,0.0
O14113,C00804,2025-03-26,Card,Indore,Delivered,25.0
O14114,C00798,2025-10-22,Card,Bangalore,Delivered,5.0
O14115,C03385,2025-11-29,COD,Hyderabad,Delivered,10.0
O14116,C04705,2025-04-22,UPI,Kolkata,Delivered,25.0
O14117,C02013,2025-07-25,Card,Bangalore,Delivered,10.0
O14118,C02841,2025-08-10,UPI,Kolkata,Delivered,5.0
O14119,C03063,2025-01-18,COD,Lucknow,Delivered,30.0
O14120,C01081,2025-01-13,Card,Hyderabad,Cancelled,15.0
O14121,C01314,2025-09-27,COD,Ahmedabad,Delivered,5.0
O14122,C02646,2025-02-10,COD,Jaipur,Delivered,10.0
O14123,C03635,2025-02-09,Card,Kochi,Cancelled,10.0
O14124,C02054,2025-03-30,Card,Indore,Delivered,10.0
O14125,C03515,2025-04-11,UPI,Hyderabad,Delivered,0.0
O14126,C00310,2025-08-07,Card,Mumbai,Delivered,10.0
O14127,C00785,2025-08-03,Card,Indore,Delivered,5.0
O14128,C01615,2025-10-31,UPI,Hyderabad,Delivered,5.0
O14129,C00823,2025-01-10,Net Banking,Bangalore,Delivered,10.0
O14130,C01328,2025-08-05,Net Banking,Bangalore,Cancelled,5.0
O14131,C00058,2025-05-01,UPI,Bangalore,Delivered,20.0
O14132,C01249,2025-11-06,Card,Hyderabad,Returned,10.0
O14133,C01450,2025-06-12,UPI,Indore,Delivered,0.0
O14134,C00518,2025-06-01,Card,Lucknow,Delivered,0.0
O14135,C02078,2025-11-01,Card,Pune,Delivered,15.0
O14136,C00151,2025-03-25,COD,Bangalore,Delivered,20.0
O14137,C04644,2025-07-21,UPI,Indore,Delivered,0.0
O14138,C02158,2025-02-19,COD,Delhi,Delivered,10.0
O14139,C03674,2025-05-29,COD,Delhi,Cancelled,15.0
O14140,C02514,2025-08-08,Card,Pune,Delivered,20.0
O14141,C02285,2025-06-04,Card,Kolkata,Delivered,0.0
O14142,C01395,2025-04-07,Card,Jaipur,Delivered,5.0
O14143,C01706,2025-11-20,COD,Jaipur,Delivered,0.0
O14144,C01173,2025-04-09,Net Banking,Kochi,Cancelled,10.0
O14145,C02422,2025-12-06,UPI,Kolkata,Delivered,5.0
O14146,C00600,2025-07-05,UPI,Delhi,Returned,10.0
O14147,C03505,2025-05-14,COD,Hyderabad,Delivered,15.0
O14148,C02300,2025-11-12,Card,Jaipur,Delivered,25.0
O14149,C04016,2025-12-03,Card,Kochi,Delivered,0.0
O14150,C01497,2025-05-27,UPI,Ahmedabad,Delivered,15.0
O14151,C03118,2025-04-23,Card,Pune,Delivered,20.0
O14152,C04703,2025-01-17,Card,Pune,Delivered,10.0
O14153,C00435,2025-02-03,Card,Chennai,Delivered,15.0
O14154,C02659,2025-03-03,COD,Jaipur,Delivered,5.0
O14155,C03700,2025-07-15,COD,Mumbai,Delivered,0.0
O14156,C02324,2025-03-28,COD,Lucknow,Delivered,0.0
O14157,C02896,2025-05-03,UPI,Chennai,Delivered,0.0
O14158,C01532,2025-09-11,COD,Chennai,Delivered,20.0
O14159,C03167,2025-05-07,Card,Chennai,Delivered,25.0
O14160,C04763,2025-12-04,UPI,Ahmedabad,Delivered,10.0
O14161,C00782,2025-06-11,COD,Bangalore,Delivered,15.0
O14162,C01426,2025-11-12,Card,Indore,Delivered,5.0
O14163,C04929,2025-06-21,Card,Lucknow,Delivered,10.0
O14164,C02552,2025-10-28,COD,Kolkata,Delivered,10.0
O14165,C03487,2025-11-27,Card,Bangalore,Delivered,20.0
O14166,C02324,2025-12-25,COD,Chennai,Delivered,10.0
O14167,C04422,2025-09-09,UPI,Pune,Delivered,15.0
O14168,C00557,2025-01-09,COD,Mumbai,Delivered,5.0
O14169,C00513,2025-09-08,UPI,Mumbai,Delivered,5.0
O14170,C03219,2025-08-27,UPI,Indore,Delivered,5.0
O14171,C04152,2025-02-04,UPI,Pune,Delivered,20.0
O14172,C04116,2025-09-23,UPI,Mumbai,Delivered,0.0
O14173,C03542,2025-04-14,COD,Indore,Delivered,15.0
O14174,C02900,2025-06-06,Card,Lucknow,Delivered,10.0
O14175,C04097,2025-06-23,UPI,Mumbai,Delivered,15.0
O14176,C02961,2025-07-17,UPI,Hyderabad,Delivered,20.0
O14177,C04944,2025-07-30,UPI,Chennai,Delivered,10.0
O14178,C01253,2025-08-06,Card,Bangalore,Delivered,0.0
O14179,C00725,2025-07-20,UPI,Lucknow,Delivered,25.0
O14180,C01307,2025-08-21,UPI,Pune,Delivered,5.0
O14181,C00760,2025-04-26,COD,Mumbai,Delivered,0.0
O14182,C00227,2025-10-28,COD,Mumbai,Delivered,10.0
O14183,C04798,2025-03-18,UPI,Indore,Delivered,5.0
O14184,C00308,2025-08-06,UPI,Delhi,Delivered,20.0
O14185,C03379,2025-02-22,COD,Jaipur,Delivered,10.0
O14186,C03010,2025-03-25,COD,Bangalore,Delivered,0.0
O14187,C01518,2025-09-15,UPI,Indore,Delivered,5.0
O14188,C01532,2025-05-12,COD,Indore,Delivered,5.0
O14189,C01845,2025-07-18,UPI,Indore,Delivered,15.0
O14190,C02669,2025-10-02,Card,Ahmedabad,Delivered,0.0
O14191,C04749,2025-12-21,UPI,Mumbai,Delivered,5.0
O14192,C00797,2025-03-24,Net Banking,Lucknow,Delivered,15.0
O14193,C04576,2025-09-06,UPI,Jaipur,Delivered,10.0
O14194,C01780,2025-03-10,Card,Chennai,Delivered,10.0
O14195,C04993,2025-05-22,UPI,Jaipur,Delivered,10.0
O14196,C00586,2025-05-20,UPI,Lucknow,Delivered,0.0
O14197,C01379,2025-12-06,COD,Indore,Delivered,15.0
O14198,C04358,2025-10-01,Net Banking,Kochi,Delivered,25.0
O14199,C04791,2025-09-14,Net Banking,Jaipur,Returned,0.0
O14200,C03811,2025-12-29,COD,Chennai,Delivered,5.0
O14201,C04032,2025-01-04,COD,Mumbai,Delivered,5.0
O14202,C02725,2025-09-25,Net Banking,Jaipur,Returned,0.0
O14203,C01848,2025-12-23,UPI,Ahmedabad,Delivered,5.0
O14204,C02238,2025-12-01,UPI,Delhi,Delivered,0.0
O14205,C01042,2025-11-04,UPI,Bangalore,Returned,10.0
O14206,C04840,2025-12-21,Card,Chennai,Delivered,10.0
O14207,C03486,2025-03-31,Net Banking,Mumbai,Delivered,10.0
O14208,C00243,2025-01-15,Card,Jaipur,Delivered,5.0
O14209,C02101,2025-05-16,Card,Chennai,Delivered,25.0
O14210,C01250,2025-08-08,COD,Pune,Returned,10.0
O14211,C01738,2025-10-13,Net Banking,Bangalore,Returned,20.0
O14212,C03670,2025-07-01,Card,Bangalore,Delivered,5.0
O14213,C01919,2025-05-07,COD,Ahmedabad,Delivered,15.0
O14214,C04415,2025-05-06,UPI,Ahmedabad,Delivered,0.0
O14215,C02755,2025-07-14,Card,Indore,Delivered,15.0
O14216,C01393,2025-07-17,UPI,Ahmedabad,Delivered,15.0
O14217,C00248,2025-12-17,UPI,Pune,Delivered,5.0
O14218,C04273,2025-08-06,UPI,Chennai,Delivered,30.0
O14219,C01686,2025-01-08,COD,Bangalore,Delivered,10.0
O14220,C01932,2025-08-19,Card,Ahmedabad,Delivered,5.0
O14221,C04017,2025-07-10,Card,Kochi,Delivered,5.0
O14222,C04109,2025-04-03,UPI,Lucknow,Delivered,0.0
O14223,C03433,2025-05-25,Net Banking,Pune,Delivered,5.0
O14224,C04385,2025-01-16,Card,Indore,Delivered,10.0
O14225,C04527,2025-04-23,UPI,Indore,Delivered,10.0
O14226,C03985,2025-10-28,UPI,Indore,Delivered,10.0
O14227,C03823,2025-07-15,Net Banking,Delhi,Cancelled,20.0
O14228,C02082,2025-11-02,Net Banking,Pune,Delivered,0.0
O14229,C01348,2025-07-24,Card,Chennai,Delivered,5.0
O14230,C04737,2025-11-12,Card,Kochi,Delivered,20.0
O14231,C00133,2025-03-09,COD,Lucknow,Delivered,0.0
O14232,C03624,2025-05-07,Card,Kochi,Delivered,5.0
O14233,C01855,2025-06-09,Net Banking,Kochi,Delivered,5.0
O14234,C02945,2025-12-02,Card,Kolkata,Delivered,15.0
O14235,C00401,2025-12-11,Net Banking,Bangalore,Delivered,10.0
O14236,C00606,2025-12-08,Card,Kochi,Delivered,10.0
O14237,C04707,2025-06-01,Card,Mumbai,Cancelled,25.0
O14238,C00132,2025-10-11,UPI,Mumbai,Delivered,10.0
O14239,C04489,2025-05-31,Card,Kochi,Delivered,25.0
O14240,C04909,2025-03-04,COD,Indore,Delivered,0.0
O14241,C04677,2025-07-03,Card,Mumbai,Delivered,5.0
O14242,C04507,2025-08-01,Card,Jaipur,Delivered,20.0
O14243,C04441,2025-03-14,UPI,Hyderabad,Delivered,0.0
O14244,C00804,2025-11-18,Net Banking,Chennai,Cancelled,0.0
O14245,C03268,2025-10-11,Card,Kochi,Delivered,5.0
O14246,C04290,2025-06-03,UPI,Kolkata,Delivered,25.0
O14247,C03634,2025-07-07,UPI,Jaipur,Delivered,5.0
O14248,C02677,2025-03-01,COD,Jaipur,Delivered,25.0
O14249,C01216,2025-09-13,Card,Kochi,Cancelled,15.0
O14250,C02478,2025-07-02,UPI,Indore,Returned,10.0
O14251,C02265,2025-01-25,UPI,Pune,Delivered,0.0
O14252,C00970,2025-01-25,COD,Chennai,Delivered,10.0
O14253,C00601,2025-11-10,Net Banking,Hyderabad,Delivered,10.0
O14254,C04456,2025-02-07,UPI,Delhi,Delivered,15.0
O14255,C01333,2025-10-29,UPI,Mumbai,Delivered,10.0
O14256,C02717,2025-04-10,UPI,Kochi,Delivered,25.0
O14257,C04517,2025-05-27,COD,Kochi,Returned,0.0
O14258,C00782,2025-10-07,UPI,Kolkata,Delivered,20.0
O14259,C03809,2025-02-24,UPI,Delhi,Delivered,5.0
O14260,C01435,2025-03-13,UPI,Kolkata,Delivered,10.0
O14261,C04339,2025-08-31,COD,Kochi,Delivered,20.0
O14262,C01017,2025-05-07,Card,Lucknow,Delivered,15.0
O14263,C02220,2025-11-17,Card,Bangalore,Delivered,25.0
O14264,C02703,2025-09-11,COD,Bangalore,Delivered,30.0
O14265,C03907,2025-03-09,Card,Hyderabad,Delivered,10.0
O14266,C02817,2025-06-02,COD,Lucknow,Delivered,10.0
O14267,C03992,2025-05-29,UPI,Kochi,Delivered,5.0
O14268,C00460,2025-08-14,Card,Kolkata,Returned,5.0
O14269,C03641,2025-11-22,COD,Mumbai,Delivered,5.0
O14270,C00532,2025-06-29,Card,Delhi,Delivered,15.0
O14271,C01978,2025-11-06,UPI,Ahmedabad,Returned,10.0
O14272,C03278,2025-01-03,UPI,Hyderabad,Delivered,15.0
O14273,C03765,2025-10-16,Net Banking,Mumbai,Delivered,15.0
O14274,C00291,2025-07-20,Card,Pune,Delivered,20.0
O14275,C03576,2025-01-07,Card,Mumbai,Cancelled,0.0
O14276,C04755,2025-12-27,Card,Bangalore,Delivered,20.0
O14277,C04650,2025-06-04,UPI,Chennai,Cancelled,10.0
O14278,C02476,2025-09-14,UPI,Indore,Delivered,20.0
O14279,C00513,2025-06-17,Card,Kochi,Delivered,25.0
O14280,C01640,2025-06-12,Card,Jaipur,Delivered,10.0
O14281,C00255,2025-12-03,COD,Chennai,Delivered,15.0
O14282,C04817,2025-10-22,UPI,Bangalore,Delivered,20.0
O14283,C02638,2025-01-11,UPI,Mumbai,Delivered,5.0
O14284,C01966,2025-12-23,UPI,Kolkata,Delivered,10.0
O14285,C00051,2025-10-28,UPI,Chennai,Delivered,5.0
O14286,C00800,2025-05-11,UPI,Mumbai,Delivered,0.0
O14287,C00100,2025-07-24,UPI,Delhi,Delivered,15.0
O14288,C01748,2025-11-12,UPI,Hyderabad,Delivered,10.0
O14289,C02512,2025-04-02,UPI,Hyderabad,Delivered,5.0
O14290,C00237,2025-11-10,UPI,Kochi,Delivered,5.0
O14291,C00472,2025-04-21,Card,Bangalore,Delivered,5.0
O14292,C02205,2025-10-17,Card,Kochi,Delivered,5.0
O14293,C00139,2025-09-04,UPI,Ahmedabad,Delivered,30.0
O14294,C02863,2025-03-02,Card,Lucknow,Delivered,25.0
O14295,C01384,2025-04-20,COD,Hyderabad,Delivered,20.0
O14296,C03096,2025-08-20,UPI,Delhi,Delivered,0.0
O14297,C04502,2025-05-05,Net Banking,Mumbai,Delivered,20.0
O14298,C01713,2025-07-22,UPI,Lucknow,Delivered,15.0
O14299,C00951,2025-09-28,UPI,Jaipur,Delivered,25.0
O14300,C03797,2025-09-17,UPI,Lucknow,Delivered,10.0
O14301,C02374,2025-01-23,UPI,Ahmedabad,Delivered,10.0
O14302,C01358,2025-07-19,Card,Delhi,Delivered,10.0
O14303,C04425,2025-03-21,UPI,Pune,Delivered,10.0
O14304,C01700,2025-09-29,COD,Pune,Delivered,5.0
O14305,C02137,2025-12-10,COD,Indore,Delivered,0.0
O14306,C04111,2025-02-22,Card,Bangalore,Delivered,15.0
O14307,C03373,2025-09-23,Card,Hyderabad,Returned,20.0
O14308,C00634,2025-02-22,Card,Delhi,Delivered,15.0
O14309,C01884,2025-09-29,UPI,Kochi,Cancelled,20.0
O14310,C02317,2025-08-16,UPI,Delhi,Delivered,10.0
O14311,C01129,2025-06-29,UPI,Chennai,Delivered,10.0
O14312,C02387,2025-11-09,UPI,Hyderabad,Delivered,30.0
O14313,C00392,2025-07-19,UPI,Jaipur,Delivered,30.0
O14314,C00169,2025-07-11,Card,Chennai,Delivered,10.0
O14315,C03089,2025-01-23,Card,Delhi,Cancelled,5.0
O14316,C02053,2025-02-09,UPI,Bangalore,Delivered,5.0
O14317,C03966,2025-12-02,UPI,Indore,Delivered,15.0
O14318,C03209,2025-08-18,UPI,Delhi,Delivered,5.0
O14319,C04715,2025-01-18,UPI,Kolkata,Delivered,30.0
O14320,C01186,2025-08-10,Card,Kochi,Delivered,15.0
O14321,C04865,2025-06-13,UPI,Pune,Delivered,0.0
O14322,C02728,2025-12-26,UPI,Chennai,Delivered,5.0
O14323,C03510,2025-06-18,UPI,Delhi,Delivered,5.0
O14324,C04478,2025-01-01,UPI,Jaipur,Delivered,0.0
O14325,C04578,2025-12-03,UPI,Kochi,Cancelled,10.0
O14326,C03427,2025-12-14,UPI,Hyderabad,Delivered,0.0
O14327,C04721,2025-09-11,Card,Chennai,Delivered,5.0
O14328,C01714,2025-07-18,UPI,Pune,Delivered,15.0
O14329,C02513,2025-07-31,COD,Indore,Delivered,0.0
O14330,C03262,2025-06-19,Card,Kochi,Delivered,20.0
O14331,C04590,2025-06-01,UPI,Bangalore,Delivered,5.0
O14332,C02679,2025-03-06,UPI,Ahmedabad,Returned,10.0
O14333,C00282,2025-01-18,UPI,Pune,Delivered,25.0
O14334,C04927,2025-03-31,UPI,Chennai,Delivered,0.0
O14335,C00430,2025-01-14,UPI,Hyderabad,Delivered,0.0
O14336,C02629,2025-01-19,Card,Jaipur,Cancelled,0.0
O14337,C04954,2025-03-23,UPI,Bangalore,Delivered,5.0
O14338,C04349,2025-09-06,COD,Lucknow,Delivered,15.0
O14339,C04659,2025-04-19,Net Banking,Delhi,Delivered,10.0
O14340,C03213,2025-01-07,Card,Lucknow,Delivered,5.0
O14341,C04633,2025-11-16,COD,Jaipur,Delivered,10.0
O14342,C02946,2025-01-02,UPI,Delhi,Delivered,10.0
O14343,C02318,2025-09-20,Card,Hyderabad,Delivered,5.0
O14344,C03985,2025-01-28,UPI,Kochi,Delivered,5.0
O14345,C03433,2025-12-14,Net Banking,Mumbai,Delivered,5.0
O14346,C02664,2025-12-03,Card,Jaipur,Delivered,10.0
O14347,C00936,2025-10-13,UPI,Chennai,Delivered,5.0
O14348,C02343,2025-09-11,COD,Ahmedabad,Delivered,5.0
O14349,C01689,2025-03-26,UPI,Mumbai,Delivered,5.0
O14350,C00883,2025-07-20,UPI,Lucknow,Delivered,5.0
O14351,C02520,2025-10-19,COD,Ahmedabad,Delivered,5.0
O14352,C00817,2025-10-05,UPI,Indore,Delivered,5.0
O14353,C03233,2025-12-01,Card,Chennai,Delivered,25.0
O14354,C03867,2025-03-19,UPI,Delhi,Delivered,5.0
O14355,C02847,2025-07-29,UPI,Hyderabad,Delivered,10.0
O14356,C04976,2025-05-06,COD,Hyderabad,Cancelled,20.0
O14357,C00678,2025-01-10,COD,Lucknow,Delivered,0.0
O14358,C02255,2025-08-28,UPI,Ahmedabad,Delivered,10.0
O14359,C02984,2025-10-05,UPI,Pune,Delivered,20.0
O14360,C02490,2025-11-04,Card,Jaipur,Delivered,0.0
O14361,C02315,2025-06-19,Card,Bangalore,Delivered,15.0
O14362,C02447,2025-06-18,Card,Ahmedabad,Delivered,10.0
O14363,C01889,2025-10-31,COD,Bangalore,Delivered,20.0
O14364,C01721,2025-11-21,COD,Jaipur,Delivered,0.0
O14365,C01904,2025-09-14,Card,Lucknow,Delivered,0.0
O14366,C00224,2025-12-19,UPI,Kochi,Delivered,0.0
O14367,C04761,2025-09-07,UPI,Delhi,Cancelled,25.0
O14368,C00935,2025-07-03,Card,Delhi,Delivered,20.0
O14369,C01313,2025-08-17,Net Banking,Indore,Cancelled,10.0
O14370,C01309,2025-11-23,Card,Indore,Delivered,10.0
O14371,C00226,2025-07-22,Card,Delhi,Cancelled,5.0
O14372,C00200,2025-06-21,COD,Bangalore,Delivered,5.0
O14373,C04600,2025-03-22,UPI,Pune,Cancelled,5.0
O14374,C04107,2025-02-18,UPI,Indore,Delivered,15.0
O14375,C02885,2025-08-03,UPI,Kolkata,Cancelled,10.0
O14376,C02325,2025-06-26,Net Banking,Delhi,Delivered,10.0
O14377,C03994,2025-04-05,COD,Chennai,Delivered,20.0
O14378,C03934,2025-04-28,Card,Indore,Delivered,0.0
O14379,C01598,2025-04-08,UPI,Bangalore,Delivered,0.0
O14380,C00005,2025-03-15,Card,Lucknow,Delivered,20.0
O14381,C00280,2025-02-06,UPI,Chennai,Delivered,10.0
O14382,C03020,2025-11-26,Card,Mumbai,Delivered,15.0
O14383,C02365,2025-07-06,Card,Ahmedabad,Delivered,10.0
O14384,C00127,2025-09-23,UPI,Jaipur,Delivered,10.0
O14385,C04400,2025-08-23,UPI,Jaipur,Delivered,0.0
O14386,C02797,2025-12-24,Card,Delhi,Delivered,10.0
O14387,C04827,2025-11-05,Card,Ahmedabad,Delivered,0.0
O14388,C03250,2025-11-27,UPI,Mumbai,Delivered,5.0
O14389,C03902,2025-12-06,COD,Bangalore,Delivered,0.0
O14390,C04586,2025-11-03,COD,Bangalore,Delivered,5.0
O14391,C04533,2025-03-12,COD,Pune,Delivered,20.0
O14392,C03702,2025-05-29,Card,Lucknow,Delivered,25.0
O14393,C00483,2025-12-30,UPI,Bangalore,Delivered,0.0
O14394,C03040,2025-09-19,COD,Hyderabad,Delivered,20.0
O14395,C04411,2025-10-14,UPI,Ahmedabad,Delivered,20.0
O14396,C01508,2025-05-20,UPI,Kochi,Delivered,10.0
O14397,C03169,2025-12-23,Card,Indore,Delivered,10.0
O14398,C00939,2025-11-01,UPI,Kolkata,Delivered,5.0
O14399,C00017,2025-01-31,Net Banking,Mumbai,Delivered,15.0
O14400,C04543,2025-09-22,Card,Lucknow,Delivered,5.0
O14401,C04375,2025-06-04,UPI,Lucknow,Delivered,0.0
O14402,C03943,2025-04-26,Net Banking,Kolkata,Delivered,25.0
O14403,C04548,2025-07-28,Card,Jaipur,Delivered,20.0
O14404,C02714,2025-04-25,Card,Mumbai,Cancelled,5.0
O14405,C04702,2025-02-20,UPI,Chennai,Returned,0.0
O14406,C03886,2025-03-13,COD,Lucknow,Delivered,25.0
O14407,C03618,2025-05-08,UPI,Mumbai,Returned,0.0
O14408,C01034,2025-09-06,UPI,Bangalore,Delivered,0.0
O14409,C01812,2025-11-14,Card,Indore,Delivered,5.0
O14410,C02008,2025-11-10,Net Banking,Jaipur,Delivered,15.0
O14411,C04197,2025-05-23,UPI,Chennai,Returned,20.0
O14412,C00470,2025-06-16,UPI,Hyderabad,Returned,10.0
O14413,C01325,2025-03-11,COD,Hyderabad,Delivered,10.0
O14414,C03278,2025-01-08,COD,Ahmedabad,Delivered,0.0
O14415,C01625,2025-06-12,Card,Kolkata,Delivered,5.0
O14416,C01236,2025-03-04,COD,Bangalore,Delivered,0.0
O14417,C00119,2025-10-14,UPI,Pune,Delivered,5.0
O14418,C01884,2025-08-22,UPI,Hyderabad,Delivered,0.0
O14419,C02005,2025-08-06,Card,Pune,Delivered,20.0
O14420,C00788,2025-12-10,UPI,Ahmedabad,Delivered,15.0
O14421,C02476,2025-09-10,UPI,Chennai,Delivered,10.0
O14422,C02768,2025-07-13,UPI,Hyderabad,Delivered,25.0
O14423,C01428,2025-10-24,UPI,Mumbai,Delivered,5.0
O14424,C00243,2025-09-14,Card,Chennai,Cancelled,25.0
O14425,C04039,2025-11-26,Card,Delhi,Delivered,0.0
O14426,C04723,2025-08-30,Card,Chennai,Delivered,15.0
O14427,C03914,2025-10-16,UPI,Jaipur,Delivered,5.0
O14428,C00016,2025-04-18,Card,Delhi,Delivered,0.0
O14429,C04612,2025-02-06,Net Banking,Indore,Delivered,15.0
O14430,C02783,2025-11-09,Card,Delhi,Returned,10.0
O14431,C01824,2025-01-11,COD,Bangalore,Delivered,25.0
O14432,C04924,2025-03-25,UPI,Indore,Delivered,5.0
O14433,C00011,2025-08-06,UPI,Bangalore,Delivered,15.0
O14434,C00279,2025-08-26,UPI,Pune,Delivered,25.0
O14435,C02943,2025-02-16,Card,Jaipur,Delivered,10.0
O14436,C04429,2025-12-11,Card,Mumbai,Delivered,10.0
O14437,C02792,2025-05-12,COD,Mumbai,Delivered,5.0
O14438,C02086,2025-07-30,COD,Bangalore,Delivered,30.0
O14439,C01107,2025-07-24,COD,Chennai,Delivered,10.0
O14440,C00032,2025-03-24,UPI,Kochi,Delivered,25.0
O14441,C03126,2025-03-18,COD,Pune,Delivered,10.0
O14442,C00737,2025-05-20,Card,Bangalore,Delivered,20.0
O14443,C01849,2025-05-08,UPI,Lucknow,Delivered,10.0
O14444,C03033,2025-03-07,Card,Ahmedabad,Delivered,0.0
O14445,C03609,2025-08-30,Card,Bangalore,Delivered,10.0
O14446,C04141,2025-05-31,UPI,Bangalore,Delivered,20.0
O14447,C02678,2025-02-24,UPI,Kolkata,Delivered,0.0
O14448,C00294,2025-05-27,Card,Mumbai,Delivered,5.0
O14449,C03197,2025-03-08,UPI,Indore,Delivered,25.0
O14450,C01572,2025-05-31,UPI,Jaipur,Delivered,5.0
O14451,C03049,2025-01-04,COD,Kochi,Delivered,5.0
O14452,C02940,2025-01-18,Card,Mumbai,Cancelled,5.0
O14453,C04263,2025-01-12,UPI,Pune,Delivered,5.0
O14454,C00269,2025-09-13,Card,Mumbai,Delivered,5.0
O14455,C01148,2025-02-04,COD,Bangalore,Delivered,20.0
O14456,C03343,2025-02-12,UPI,Jaipur,Delivered,5.0
O14457,C00880,2025-03-19,UPI,Lucknow,Cancelled,15.0
O14458,C00059,2025-12-17,COD,Kolkata,Delivered,5.0
O14459,C02498,2025-11-19,UPI,Indore,Delivered,5.0
O14460,C03892,2025-11-16,Card,Pune,Delivered,15.0
O14461,C00217,2025-12-15,Card,Bangalore,Delivered,0.0
O14462,C04340,2025-12-25,Card,Ahmedabad,Delivered,15.0
O14463,C04613,2025-02-21,COD,Hyderabad,Delivered,10.0
O14464,C02312,2025-01-17,Net Banking,Mumbai,Delivered,10.0
O14465,C04957,2025-07-30,COD,Jaipur,Delivered,10.0
O14466,C00734,2025-08-15,UPI,Bangalore,Delivered,10.0
O14467,C02503,2025-02-02,UPI,Jaipur,Delivered,0.0
O14468,C04640,2025-11-24,Card,Kochi,Delivered,5.0
O14469,C02422,2025-12-03,Card,Mumbai,Delivered,0.0
O14470,C03378,2025-10-28,Card,Hyderabad,Delivered,15.0
O14471,C00374,2025-03-18,COD,Jaipur,Delivered,15.0
O14472,C00112,2025-03-09,UPI,Delhi,Delivered,15.0
O14473,C02541,2025-02-19,UPI,Indore,Delivered,15.0
O14474,C00294,2025-06-07,UPI,Delhi,Delivered,20.0
O14475,C02470,2025-07-17,COD,Delhi,Delivered,15.0
O14476,C02199,2025-09-15,Card,Jaipur,Delivered,5.0
O14477,C03269,2025-02-03,UPI,Mumbai,Delivered,5.0
O14478,C00168,2025-07-31,COD,Kolkata,Delivered,10.0
O14479,C03154,2025-09-29,UPI,Ahmedabad,Returned,10.0
O14480,C00070,2025-03-05,UPI,Lucknow,Delivered,5.0
O14481,C01426,2025-06-04,UPI,Ahmedabad,Delivered,5.0
O14482,C02573,2025-11-17,Net Banking,Chennai,Delivered,15.0
O14483,C01655,2025-09-26,Net Banking,Mumbai,Cancelled,5.0
O14484,C02260,2025-02-09,UPI,Hyderabad,Delivered,15.0
O14485,C00102,2025-06-09,UPI,Ahmedabad,Cancelled,5.0
O14486,C01732,2025-11-19,Card,Mumbai,Delivered,10.0
O14487,C01362,2025-01-14,Card,Kolkata,Delivered,5.0
O14488,C00333,2025-04-30,Card,Kolkata,Delivered,20.0
O14489,C02253,2025-11-10,Card,Indore,Delivered,5.0
O14490,C04325,2025-12-14,Card,Jaipur,Delivered,25.0
O14491,C03261,2025-02-15,Net Banking,Kochi,Delivered,10.0
O14492,C01123,2025-12-12,COD,Bangalore,Delivered,0.0
O14493,C01958,2025-04-20,UPI,Jaipur,Delivered,15.0
O14494,C01960,2025-08-07,Card,Ahmedabad,Delivered,15.0
O14495,C00460,2025-05-01,UPI,Bangalore,Delivered,5.0
O14496,C01218,2025-10-16,Card,Kochi,Delivered,5.0
O14497,C04986,2025-02-15,Card,Hyderabad,Delivered,10.0
O14498,C00931,2025-12-04,COD,Lucknow,Cancelled,15.0
O14499,C00311,2025-02-23,UPI,Kochi,Delivered,20.0
O14500,C02890,2025-11-18,COD,Mumbai,Delivered,0.0
O14501,C01759,2025-02-23,Card,Indore,Delivered,0.0
O14502,C04342,2025-01-04,UPI,Delhi,Delivered,15.0
O14503,C00472,2025-08-28,UPI,Indore,Delivered,5.0
O14504,C04418,2025-03-21,UPI,Chennai,Delivered,5.0
O14505,C04237,2025-07-20,COD,Ahmedabad,Delivered,15.0
O14506,C03181,2025-07-21,UPI,Hyderabad,Delivered,0.0
O14507,C02361,2025-09-13,UPI,Jaipur,Cancelled,10.0
O14508,C01145,2025-07-18,UPI,Indore,Delivered,10.0
O14509,C00099,2025-03-14,Card,Lucknow,Delivered,5.0
O14510,C03650,2025-06-25,Card,Bangalore,Delivered,0.0
O14511,C00494,2025-08-07,UPI,Chennai,Delivered,5.0
O14512,C02158,2025-08-12,Net Banking,Kolkata,Delivered,10.0
O14513,C04580,2025-10-10,COD,Ahmedabad,Delivered,0.0
O14514,C02178,2025-10-08,UPI,Chennai,Delivered,10.0
O14515,C01424,2025-04-03,Card,Jaipur,Delivered,5.0
O14516,C04936,2025-06-01,Card,Mumbai,Delivered,20.0
O14517,C00506,2025-03-21,COD,Ahmedabad,Delivered,0.0
O14518,C04306,2025-07-27,Card,Bangalore,Delivered,15.0
O14519,C00361,2025-04-02,Card,Ahmedabad,Returned,15.0
O14520,C00154,2025-01-20,Card,Jaipur,Delivered,10.0
O14521,C00533,2025-02-22,COD,Lucknow,Delivered,10.0
O14522,C02012,2025-03-24,Card,Delhi,Cancelled,0.0
O14523,C02358,2025-03-15,COD,Mumbai,Delivered,10.0
O14524,C02784,2025-05-10,UPI,Indore,Delivered,10.0
O14525,C01970,2025-09-16,COD,Chennai,Delivered,20.0
O14526,C04972,2025-12-25,COD,Jaipur,Delivered,20.0
O14527,C02348,2025-07-03,COD,Ahmedabad,Delivered,0.0
O14528,C04437,2025-03-07,UPI,Bangalore,Delivered,30.0
O14529,C00635,2025-06-02,UPI,Bangalore,Delivered,10.0
O14530,C02602,2025-12-31,Net Banking,Ahmedabad,Delivered,20.0
O14531,C01193,2025-07-15,Net Banking,Delhi,Delivered,0.0
O14532,C04516,2025-01-15,UPI,Bangalore,Delivered,15.0
O14533,C00737,2025-07-29,Card,Kochi,Cancelled,10.0
O14534,C02437,2025-05-15,UPI,Bangalore,Delivered,0.0
O14535,C01209,2025-03-23,UPI,Kolkata,Delivered,0.0
O14536,C02059,2025-03-12,UPI,Hyderabad,Delivered,5.0
O14537,C00608,2025-10-24,UPI,Jaipur,Cancelled,0.0
O14538,C03066,2025-06-21,Card,Chennai,Delivered,10.0
O14539,C03750,2025-05-03,UPI,Pune,Returned,5.0
O14540,C04327,2025-10-16,Net Banking,Jaipur,Delivered,25.0
O14541,C02038,2025-07-29,Card,Chennai,Delivered,10.0
O14542,C02186,2025-03-05,UPI,Pune,Delivered,15.0
O14543,C00997,2025-03-04,COD,Jaipur,Delivered,10.0
O14544,C02579,2025-01-08,Card,Hyderabad,Delivered,5.0
O14545,C01180,2025-09-02,UPI,Jaipur,Delivered,15.0
O14546,C04703,2025-06-14,Card,Hyderabad,Delivered,10.0
O14547,C01921,2025-04-03,Card,Lucknow,Delivered,30.0
O14548,C03232,2025-10-11,COD,Hyderabad,Delivered,10.0
O14549,C01333,2025-11-05,Card,Delhi,Cancelled,20.0
O14550,C02745,2025-07-18,UPI,Chennai,Delivered,5.0
O14551,C02261,2025-05-04,Card,Pune,Delivered,10.0
O14552,C03499,2025-02-24,Card,Mumbai,Delivered,5.0
O14553,C03414,2025-07-09,Card,Hyderabad,Delivered,15.0
O14554,C00206,2025-05-23,UPI,Mumbai,Delivered,15.0
O14555,C01810,2025-11-06,COD,Jaipur,Delivered,10.0
O14556,C00900,2025-11-13,Card,Kochi,Delivered,15.0
O14557,C00748,2025-04-07,Card,Indore,Delivered,5.0
O14558,C04973,2025-11-06,Card,Delhi,Delivered,20.0
O14559,C02630,2025-07-16,UPI,Pune,Delivered,25.0
O14560,C02443,2025-10-12,Card,Pune,Delivered,15.0
O14561,C04433,2025-03-22,COD,Chennai,Delivered,5.0
O14562,C01762,2025-04-19,Card,Kochi,Delivered,20.0
O14563,C04877,2025-10-10,Card,Indore,Delivered,30.0
O14564,C04375,2025-07-28,Card,Mumbai,Delivered,10.0
O14565,C02297,2025-04-25,COD,Chennai,Cancelled,15.0
O14566,C04929,2025-08-29,COD,Mumbai,Delivered,20.0
O14567,C01732,2025-10-06,COD,Delhi,Delivered,15.0
O14568,C03999,2025-11-02,UPI,Ahmedabad,Delivered,5.0
O14569,C02960,2025-11-27,Card,Hyderabad,Delivered,10.0
O14570,C00939,2025-07-23,COD,Kochi,Delivered,10.0
O14571,C04620,2025-07-20,Card,Indore,Delivered,10.0
O14572,C04556,2025-12-10,COD,Kochi,Delivered,15.0
O14573,C02165,2025-06-04,COD,Kochi,Delivered,5.0
O14574,C02874,2025-11-11,UPI,Kolkata,Delivered,0.0
O14575,C01451,2025-09-22,UPI,Ahmedabad,Delivered,0.0
O14576,C01204,2025-10-16,Card,Kochi,Delivered,0.0
O14577,C01873,2025-03-11,UPI,Jaipur,Delivered,5.0
O14578,C04492,2025-06-28,Net Banking,Chennai,Delivered,0.0
O14579,C03025,2025-06-17,UPI,Bangalore,Delivered,5.0
O14580,C02056,2025-01-06,UPI,Hyderabad,Delivered,10.0
O14581,C02192,2025-05-12,Net Banking,Jaipur,Cancelled,15.0
O14582,C01679,2025-09-16,UPI,Hyderabad,Delivered,10.0
O14583,C04383,2025-05-21,Card,Hyderabad,Delivered,10.0
O14584,C02538,2025-10-09,UPI,Chennai,Delivered,5.0
O14585,C01666,2025-10-17,COD,Pune,Delivered,0.0
O14586,C04729,2025-07-24,UPI,Kolkata,Delivered,0.0
O14587,C04825,2025-06-30,UPI,Kolkata,Delivered,30.0
O14588,C04127,2025-02-16,Net Banking,Kolkata,Delivered,25.0
O14589,C03012,2025-11-28,UPI,Jaipur,Delivered,5.0
O14590,C00244,2025-05-16,COD,Kochi,Delivered,5.0
O14591,C00140,2025-08-21,UPI,Delhi,Delivered,20.0
O14592,C02449,2025-07-21,UPI,Kochi,Cancelled,0.0
O14593,C00725,2025-02-01,COD,Delhi,Delivered,0.0
O14594,C01565,2025-10-04,UPI,Lucknow,Cancelled,0.0
O14595,C04260,2025-07-11,UPI,Delhi,Delivered,20.0
O14596,C00104,2025-04-01,COD,Delhi,Returned,0.0
O14597,C04048,2025-12-11,Card,Indore,Delivered,0.0
O14598,C00063,2025-03-12,Card,Ahmedabad,Delivered,15.0
O14599,C02063,2025-10-25,UPI,Jaipur,Delivered,10.0
O14600,C03870,2025-02-04,COD,Ahmedabad,Delivered,10.0
O14601,C03566,2025-08-08,UPI,Kolkata,Delivered,25.0
O14602,C02227,2025-07-18,COD,Kochi,Delivered,10.0
O14603,C01547,2025-04-16,Card,Pune,Delivered,10.0
O14604,C04823,2025-11-28,COD,Kolkata,Delivered,10.0
O14605,C04073,2025-02-21,UPI,Kochi,Cancelled,15.0
O14606,C04834,2025-01-17,UPI,Bangalore,Delivered,5.0
O14607,C03647,2025-12-08,COD,Pune,Delivered,15.0
O14608,C01791,2025-01-09,COD,Delhi,Delivered,15.0
O14609,C00130,2025-06-29,UPI,Chennai,Delivered,5.0
O14610,C03016,2025-01-03,COD,Delhi,Delivered,10.0
O14611,C00927,2025-10-05,UPI,Bangalore,Delivered,15.0
O14612,C01981,2025-07-01,Card,Jaipur,Cancelled,25.0
O14613,C01726,2025-10-19,Net Banking,Mumbai,Delivered,25.0
O14614,C01820,2025-06-16,Net Banking,Mumbai,Delivered,5.0
O14615,C04545,2025-09-08,UPI,Hyderabad,Delivered,10.0
O14616,C02208,2025-10-01,UPI,Bangalore,Delivered,10.0
O14617,C03289,2025-03-22,UPI,Ahmedabad,Delivered,5.0
O14618,C04784,2025-01-27,Card,Kolkata,Delivered,5.0
O14619,C02896,2025-04-28,UPI,Delhi,Delivered,25.0
O14620,C01757,2025-08-15,UPI,Chennai,Delivered,0.0
O14621,C02538,2025-12-18,UPI,Ahmedabad,Delivered,20.0
O14622,C02328,2025-07-14,UPI,Bangalore,Delivered,10.0
O14623,C02129,2025-05-21,COD,Chennai,Delivered,10.0
O14624,C03197,2025-09-30,Card,Jaipur,Delivered,15.0
O14625,C02218,2025-11-13,UPI,Mumbai,Returned,10.0
O14626,C03654,2025-08-31,Card,Ahmedabad,Delivered,30.0
O14627,C03162,2025-01-17,Net Banking,Mumbai,Delivered,20.0
O14628,C02428,2025-07-03,Card,Pune,Returned,5.0
O14629,C04956,2025-02-17,Card,Jaipur,Delivered,15.0
O14630,C04260,2025-01-16,COD,Chennai,Delivered,10.0
O14631,C00415,2025-07-12,Card,Lucknow,Cancelled,5.0
O14632,C04095,2025-10-10,Card,Jaipur,Delivered,5.0
O14633,C04251,2025-01-14,Card,Bangalore,Delivered,0.0
O14634,C01836,2025-12-14,Net Banking,Pune,Delivered,10.0
O14635,C02069,2025-08-16,Card,Kolkata,Delivered,10.0
O14636,C02871,2025-04-26,COD,Pune,Delivered,15.0
O14637,C01023,2025-11-02,Card,Bangalore,Delivered,5.0
O14638,C00399,2025-08-12,Card,Pune,Delivered,15.0
O14639,C02978,2025-01-29,UPI,Pune,Delivered,10.0
O14640,C02920,2025-01-28,COD,Kochi,Delivered,5.0
O14641,C03971,2025-02-15,Card,Indore,Delivered,15.0
O14642,C00129,2025-03-01,UPI,Indore,Delivered,10.0
O14643,C01533,2025-12-21,UPI,Kochi,Returned,25.0
O14644,C01051,2025-05-28,Card,Pune,Delivered,5.0
O14645,C02953,2025-02-21,UPI,Kochi,Delivered,25.0
O14646,C00344,2025-05-30,Card,Mumbai,Delivered,10.0
O14647,C01425,2025-11-20,UPI,Hyderabad,Delivered,10.0
O14648,C00604,2025-05-24,Card,Indore,Delivered,20.0
O14649,C01591,2025-05-29,UPI,Delhi,Delivered,0.0
O14650,C04829,2025-06-21,UPI,Lucknow,Delivered,10.0
O14651,C04252,2025-11-14,Card,Hyderabad,Delivered,0.0
O14652,C02149,2025-05-29,Card,Chennai,Delivered,10.0
O14653,C00748,2025-04-14,UPI,Lucknow,Delivered,0.0
O14654,C00500,2025-05-19,UPI,Kolkata,Cancelled,30.0
O14655,C03357,2025-04-30,UPI,Ahmedabad,Delivered,0.0
O14656,C00386,2025-02-06,COD,Mumbai,Delivered,25.0
O14657,C04234,2025-06-21,Card,Pune,Delivered,10.0
O14658,C04344,2025-05-04,Card,Kolkata,Delivered,20.0
O14659,C01736,2025-10-05,Net Banking,Pune,Delivered,5.0
O14660,C02558,2025-07-31,COD,Chennai,Delivered,5.0
O14661,C04823,2025-07-13,Net Banking,Chennai,Delivered,0.0
O14662,C01179,2025-01-21,Card,Jaipur,Delivered,10.0
O14663,C00880,2025-08-29,UPI,Chennai,Delivered,5.0
O14664,C01506,2025-05-25,Card,Ahmedabad,Delivered,20.0
O14665,C01007,2025-10-19,UPI,Pune,Cancelled,0.0
O14666,C03658,2025-05-22,UPI,Indore,Delivered,0.0
O14667,C02306,2025-06-14,Card,Kolkata,Delivered,5.0
O14668,C00273,2025-05-14,UPI,Ahmedabad,Delivered,0.0
O14669,C02896,2025-06-27,UPI,Pune,Delivered,20.0
O14670,C03096,2025-03-26,UPI,Indore,Cancelled,0.0
O14671,C02873,2025-07-24,COD,Kolkata,Delivered,15.0
O14672,C01607,2025-02-07,UPI,Hyderabad,Cancelled,10.0
O14673,C04691,2025-12-01,UPI,Pune,Delivered,15.0
O14674,C02448,2025-06-15,COD,Kochi,Delivered,10.0
O14675,C02852,2025-01-24,UPI,Lucknow,Delivered,10.0
O14676,C01325,2025-01-18,Net Banking,Indore,Delivered,10.0
O14677,C02058,2025-12-15,UPI,Pune,Cancelled,5.0
O14678,C03903,2025-06-09,COD,Ahmedabad,Delivered,0.0
O14679,C03123,2025-11-23,UPI,Jaipur,Delivered,10.0
O14680,C02767,2025-08-10,UPI,Chennai,Delivered,20.0
O14681,C02155,2025-04-12,COD,Mumbai,Delivered,15.0
O14682,C04867,2025-12-12,Net Banking,Kochi,Cancelled,5.0
O14683,C01730,2025-11-24,Card,Indore,Returned,20.0
O14684,C04586,2025-03-30,COD,Chennai,Delivered,10.0
O14685,C02723,2025-06-07,UPI,Lucknow,Cancelled,5.0
O14686,C04571,2025-03-29,COD,Pune,Returned,20.0
O14687,C04677,2025-05-13,Card,Delhi,Delivered,10.0
O14688,C02895,2025-09-17,Card,Kochi,Delivered,10.0
O14689,C03364,2025-06-28,Card,Chennai,Delivered,5.0
O14690,C01841,2025-11-07,UPI,Hyderabad,Cancelled,15.0
O14691,C01962,2025-10-16,Card,Hyderabad,Delivered,10.0
O14692,C04425,2025-04-25,UPI,Kolkata,Delivered,5.0
O14693,C04863,2025-12-15,Card,Delhi,Delivered,5.0
O14694,C04602,2025-10-14,UPI,Lucknow,Delivered,5.0
O14695,C02676,2025-12-30,Card,Kolkata,Returned,10.0
O14696,C01940,2025-03-24,UPI,Bangalore,Delivered,15.0
O14697,C04574,2025-08-25,UPI,Ahmedabad,Delivered,5.0
O14698,C00014,2025-08-27,UPI,Indore,Delivered,15.0
O14699,C04823,2025-03-07,UPI,Delhi,Delivered,20.0
O14700,C03059,2025-05-28,UPI,Kolkata,Delivered,5.0
O14701,C00746,2025-07-23,UPI,Lucknow,Delivered,5.0
O14702,C02011,2025-04-24,UPI,Jaipur,Returned,10.0
O14703,C02614,2025-12-07,UPI,Kochi,Delivered,15.0
O14704,C04571,2025-07-08,Net Banking,Jaipur,Delivered,0.0
O14705,C02947,2025-10-19,UPI,Hyderabad,Delivered,5.0
O14706,C04620,2025-03-25,Card,Kolkata,Delivered,0.0
O14707,C03183,2025-12-30,Card,Lucknow,Delivered,10.0
O14708,C03487,2025-10-03,Card,Ahmedabad,Delivered,25.0
O14709,C04507,2025-04-10,UPI,Pune,Delivered,0.0
O14710,C04079,2025-10-29,UPI,Hyderabad,Delivered,5.0
O14711,C01908,2025-10-01,COD,Hyderabad,Delivered,15.0
O14712,C03992,2025-07-17,Card,Jaipur,Delivered,15.0
O14713,C01648,2025-12-19,Card,Kolkata,Delivered,10.0
O14714,C04777,2025-02-03,Card,Hyderabad,Delivered,5.0
O14715,C02664,2025-03-20,Card,Mumbai,Delivered,0.0
O14716,C01883,2025-05-11,COD,Jaipur,Delivered,5.0
O14717,C00329,2025-03-13,COD,Pune,Delivered,10.0
O14718,C04368,2025-08-31,UPI,Ahmedabad,Delivered,5.0
O14719,C04271,2025-05-19,COD,Mumbai,Delivered,20.0
O14720,C02206,2025-06-23,Card,Indore,Delivered,10.0
O14721,C04718,2025-01-17,Card,Chennai,Delivered,0.0
O14722,C01688,2025-02-16,COD,Jaipur,Delivered,0.0
O14723,C04330,2025-01-30,Card,Delhi,Delivered,5.0
O14724,C04237,2025-02-09,COD,Pune,Delivered,10.0
O14725,C02167,2025-07-18,Card,Chennai,Delivered,25.0
O14726,C00382,2025-11-28,Card,Hyderabad,Delivered,0.0
O14727,C03593,2025-12-07,COD,Chennai,Delivered,20.0
O14728,C01434,2025-06-05,UPI,Hyderabad,Cancelled,10.0
O14729,C04145,2025-10-11,Card,Jaipur,Delivered,5.0
O14730,C03882,2025-02-28,UPI,Pune,Delivered,10.0
O14731,C03442,2025-12-02,UPI,Bangalore,Delivered,15.0
O14732,C03405,2025-11-26,Card,Jaipur,Returned,5.0
O14733,C04245,2025-08-02,UPI,Mumbai,Cancelled,20.0
O14734,C02205,2025-09-20,UPI,Kolkata,Delivered,10.0
O14735,C02200,2025-11-20,Net Banking,Kolkata,Delivered,0.0
O14736,C03533,2025-01-24,UPI,Chennai,Delivered,10.0
O14737,C04472,2025-12-20,Card,Kochi,Delivered,15.0
O14738,C02730,2025-10-24,Card,Kolkata,Delivered,10.0
O14739,C00596,2025-08-27,UPI,Ahmedabad,Returned,10.0
O14740,C03911,2025-02-23,Card,Jaipur,Delivered,0.0
O14741,C03497,2025-09-27,Card,Lucknow,Delivered,10.0
O14742,C03120,2025-06-21,UPI,Lucknow,Delivered,5.0
O14743,C03801,2025-11-01,UPI,Indore,Cancelled,0.0
O14744,C02637,2025-11-15,UPI,Mumbai,Delivered,15.0
O14745,C03071,2025-07-28,COD,Indore,Cancelled,5.0
O14746,C02824,2025-02-14,UPI,Jaipur,Delivered,5.0
O14747,C01493,2025-11-24,UPI,Mumbai,Delivered,10.0
O14748,C03317,2025-12-28,UPI,Delhi,Delivered,10.0
O14749,C03903,2025-09-07,COD,Hyderabad,Delivered,15.0
O14750,C02310,2025-01-07,Card,Jaipur,Delivered,20.0
O14751,C04938,2025-09-16,COD,Pune,Delivered,0.0
O14752,C04585,2025-03-29,COD,Ahmedabad,Delivered,5.0
O14753,C03861,2025-07-08,Net Banking,Mumbai,Delivered,5.0
O14754,C03214,2025-01-30,Card,Jaipur,Delivered,10.0
O14755,C03297,2025-01-05,Card,Hyderabad,Returned,0.0
O14756,C03593,2025-12-26,COD,Delhi,Delivered,15.0
O14757,C01524,2025-07-19,UPI,Mumbai,Delivered,0.0
O14758,C03556,2025-01-07,UPI,Indore,Delivered,25.0
O14759,C04260,2025-06-16,UPI,Mumbai,Delivered,20.0
O14760,C00975,2025-06-20,Card,Kochi,Delivered,25.0
O14761,C01671,2025-01-28,UPI,Jaipur,Delivered,0.0
O14762,C04230,2025-04-18,COD,Kolkata,Delivered,5.0
O14763,C04806,2025-05-27,COD,Ahmedabad,Delivered,25.0
O14764,C03895,2025-10-11,UPI,Lucknow,Delivered,30.0
O14765,C02804,2025-04-09,UPI,Pune,Returned,5.0
O14766,C01532,2025-03-17,UPI,Chennai,Delivered,10.0
O14767,C03817,2025-04-02,UPI,Lucknow,Delivered,5.0
O14768,C02213,2025-08-18,Card,Kolkata,Delivered,20.0
O14769,C04657,2025-07-17,Card,Hyderabad,Delivered,0.0
O14770,C04080,2025-05-27,COD,Kochi,Delivered,15.0
O14771,C00582,2025-03-05,UPI,Ahmedabad,Delivered,5.0
O14772,C03558,2025-12-13,Card,Chennai,Delivered,5.0
O14773,C03530,2025-02-19,Card,Mumbai,Delivered,10.0
O14774,C02383,2025-01-10,COD,Kolkata,Delivered,10.0
O14775,C02685,2025-08-13,UPI,Lucknow,Delivered,10.0
O14776,C00231,2025-03-23,Card,Bangalore,Returned,15.0
O14777,C01884,2025-07-01,UPI,Jaipur,Delivered,5.0
O14778,C04099,2025-01-10,UPI,Hyderabad,Delivered,15.0
O14779,C01912,2025-12-26,UPI,Pune,Delivered,10.0
O14780,C00685,2025-08-23,Card,Bangalore,Delivered,0.0
O14781,C04177,2025-11-06,UPI,Chennai,Delivered,20.0
O14782,C01956,2025-11-22,COD,Jaipur,Delivered,5.0
O14783,C01299,2025-08-21,Net Banking,Bangalore,Delivered,20.0
O14784,C04484,2025-08-23,Card,Bangalore,Delivered,15.0
O14785,C04923,2025-02-03,UPI,Lucknow,Delivered,10.0
O14786,C01369,2025-02-12,COD,Mumbai,Cancelled,15.0
O14787,C02267,2025-05-13,UPI,Delhi,Delivered,30.0
O14788,C00652,2025-04-23,COD,Hyderabad,Delivered,5.0
O14789,C02111,2025-02-23,Card,Lucknow,Delivered,10.0
O14790,C03099,2025-05-22,UPI,Hyderabad,Delivered,0.0
O14791,C02756,2025-02-18,UPI,Kochi,Delivered,20.0
O14792,C03736,2025-09-24,Card,Kochi,Delivered,10.0
O14793,C04049,2025-06-08,COD,Bangalore,Delivered,0.0
O14794,C01178,2025-05-18,UPI,Delhi,Cancelled,10.0
O14795,C02258,2025-01-21,UPI,Jaipur,Delivered,10.0
O14796,C01043,2025-09-11,UPI,Ahmedabad,Delivered,5.0
O14797,C02557,2025-10-29,Card,Lucknow,Delivered,0.0
O14798,C03685,2025-08-11,Card,Jaipur,Delivered,5.0
O14799,C02936,2025-07-22,Net Banking,Lucknow,Delivered,5.0
O14800,C01624,2025-04-17,COD,Ahmedabad,Delivered,15.0
O14801,C02085,2025-03-15,COD,Jaipur,Delivered,5.0
O14802,C02455,2025-01-20,UPI,Pune,Delivered,25.0
O14803,C02472,2025-10-04,UPI,Kochi,Delivered,5.0
O14804,C04779,2025-02-26,Card,Jaipur,Delivered,20.0
O14805,C02386,2025-02-26,UPI,Delhi,Delivered,5.0
O14806,C01295,2025-03-10,COD,Hyderabad,Delivered,30.0
O14807,C04069,2025-07-17,COD,Hyderabad,Delivered,15.0
O14808,C00919,2025-06-01,UPI,Bangalore,Delivered,10.0
O14809,C04748,2025-07-27,COD,Indore,Delivered,20.0
O14810,C01604,2025-07-07,UPI,Indore,Delivered,20.0
O14811,C02996,2025-05-31,UPI,Lucknow,Delivered,30.0
O14812,C03387,2025-02-16,UPI,Kochi,Delivered,0.0
O14813,C01082,2025-07-27,Card,Kochi,Delivered,10.0
O14814,C00376,2025-08-31,COD,Pune,Delivered,5.0
O14815,C01409,2025-06-29,UPI,Delhi,Delivered,5.0
O14816,C02104,2025-05-21,COD,Indore,Delivered,10.0
O14817,C00017,2025-08-25,UPI,Mumbai,Delivered,10.0
O14818,C00433,2025-01-08,Net Banking,Pune,Delivered,15.0
O14819,C04051,2025-04-12,COD,Kochi,Delivered,5.0
O14820,C00237,2025-06-09,COD,Kolkata,Delivered,10.0
O14821,C00307,2025-05-25,Card,Pune,Delivered,25.0
O14822,C04529,2025-01-05,UPI,Bangalore,Delivered,0.0
O14823,C00024,2025-11-24,UPI,Kochi,Delivered,5.0
O14824,C03310,2025-04-04,Card,Ahmedabad,Delivered,0.0
O14825,C01014,2025-08-05,Card,Mumbai,Delivered,0.0
O14826,C00681,2025-06-21,Card,Ahmedabad,Delivered,0.0
O14827,C01849,2025-11-20,UPI,Ahmedabad,Delivered,5.0
O14828,C01516,2025-05-18,Card,Jaipur,Delivered,20.0
O14829,C00952,2025-10-31,Card,Kolkata,Delivered,5.0
O14830,C00415,2025-06-05,UPI,Indore,Cancelled,5.0
O14831,C04849,2025-09-18,COD,Bangalore,Delivered,20.0
O14832,C01424,2025-10-27,Card,Kochi,Cancelled,0.0
O14833,C04512,2025-06-08,UPI,Ahmedabad,Returned,5.0
O14834,C04972,2025-09-29,UPI,Jaipur,Delivered,15.0
O14835,C04986,2025-05-03,UPI,Lucknow,Delivered,15.0
O14836,C04773,2025-10-06,UPI,Jaipur,Delivered,5.0
O14837,C02448,2025-12-15,Card,Hyderabad,Delivered,0.0
O14838,C02189,2025-01-21,Net Banking,Ahmedabad,Delivered,5.0
O14839,C03192,2025-10-06,COD,Ahmedabad,Returned,15.0
O14840,C00450,2025-07-27,UPI,Chennai,Delivered,15.0
O14841,C02936,2025-04-28,COD,Kolkata,Delivered,10.0
O14842,C03177,2025-05-03,Net Banking,Kochi,Delivered,5.0
O14843,C04946,2025-07-20,UPI,Kochi,Delivered,15.0
O14844,C00092,2025-12-04,COD,Lucknow,Delivered,25.0
O14845,C04517,2025-10-28,Net Banking,Mumbai,Delivered,15.0
O14846,C02600,2025-11-24,COD,Delhi,Delivered,5.0
O14847,C02952,2025-04-01,UPI,Lucknow,Cancelled,25.0
O14848,C03126,2025-03-22,Card,Indore,Delivered,10.0
O14849,C03719,2025-08-04,UPI,Delhi,Delivered,0.0
O14850,C01538,2025-10-04,Net Banking,Indore,Delivered,5.0
O14851,C03169,2025-01-01,UPI,Hyderabad,Delivered,15.0
O14852,C01896,2025-05-24,COD,Pune,Delivered,20.0
O14853,C00185,2025-09-07,UPI,Hyderabad,Delivered,10.0
O14854,C01457,2025-06-20,UPI,Lucknow,Delivered,0.0
O14855,C01495,2025-05-14,Net Banking,Bangalore,Delivered,0.0
O14856,C01149,2025-03-17,COD,Pune,Delivered,5.0
O14857,C03406,2025-04-22,UPI,Indore,Delivered,0.0
O14858,C01288,2025-09-07,Net Banking,Jaipur,Delivered,10.0
O14859,C04948,2025-09-24,COD,Ahmedabad,Cancelled,15.0
O14860,C02239,2025-04-06,COD,Lucknow,Delivered,10.0
O14861,C01874,2025-08-29,Card,Chennai,Delivered,20.0
O14862,C01751,2025-10-03,Net Banking,Kolkata,Delivered,15.0
O14863,C01245,2025-10-04,COD,Chennai,Delivered,5.0
O14864,C02247,2025-10-19,Net Banking,Delhi,Cancelled,5.0
O14865,C00174,2025-02-07,UPI,Jaipur,Delivered,5.0
O14866,C04313,2025-11-08,Card,Chennai,Delivered,10.0
O14867,C03278,2025-12-13,COD,Pune,Delivered,15.0
O14868,C02022,2025-09-24,Card,Pune,Delivered,0.0
O14869,C01397,2025-10-01,COD,Bangalore,Delivered,0.0
O14870,C00174,2025-03-22,Net Banking,Hyderabad,Delivered,0.0
O14871,C03395,2025-04-08,COD,Kolkata,Delivered,0.0
O14872,C02624,2025-02-14,UPI,Delhi,Delivered,15.0
O14873,C02889,2025-06-03,UPI,Delhi,Delivered,0.0
O14874,C02247,2025-11-11,UPI,Hyderabad,Delivered,10.0
O14875,C03079,2025-05-14,Card,Bangalore,Delivered,10.0
O14876,C03052,2025-02-12,UPI,Chennai,Delivered,30.0
O14877,C04730,2025-04-04,UPI,Kolkata,Cancelled,15.0
O14878,C01700,2025-06-29,UPI,Kochi,Delivered,15.0
O14879,C00963,2025-12-25,COD,Ahmedabad,Delivered,0.0
O14880,C03092,2025-09-13,UPI,Jaipur,Cancelled,20.0
O14881,C03785,2025-08-30,UPI,Ahmedabad,Delivered,5.0
O14882,C01845,2025-08-12,Card,Pune,Delivered,5.0
O14883,C04694,2025-01-17,UPI,Delhi,Delivered,10.0
O14884,C03252,2025-11-29,UPI,Ahmedabad,Delivered,15.0
O14885,C01751,2025-04-27,UPI,Bangalore,Delivered,5.0
O14886,C00893,2025-02-15,Card,Kolkata,Delivered,15.0
O14887,C00215,2025-06-18,UPI,Delhi,Delivered,5.0
O14888,C03430,2025-05-21,Net Banking,Lucknow,Delivered,0.0
O14889,C04980,2025-08-02,UPI,Delhi,Delivered,15.0
O14890,C03645,2025-08-13,Net Banking,Mumbai,Delivered,25.0
O14891,C02616,2025-06-27,COD,Pune,Delivered,20.0
O14892,C00606,2025-02-17,COD,Kochi,Delivered,0.0
O14893,C00552,2025-04-09,UPI,Delhi,Delivered,5.0
O14894,C04415,2025-10-10,Card,Pune,Delivered,5.0
O14895,C02514,2025-09-19,COD,Mumbai,Returned,10.0
O14896,C04825,2025-02-27,Card,Delhi,Delivered,0.0
O14897,C01178,2025-09-10,Card,Indore,Delivered,10.0
O14898,C04447,2025-07-10,UPI,Delhi,Delivered,25.0
O14899,C01484,2025-01-01,Card,Pune,Delivered,10.0
O14900,C03312,2025-08-23,UPI,Kochi,Delivered,5.0
O14901,C04286,2025-10-11,Net Banking,Kolkata,Delivered,15.0
O14902,C01546,2025-10-12,Card,Indore,Delivered,5.0
O14903,C01497,2025-12-18,UPI,Kochi,Delivered,0.0
O14904,C04783,2025-06-05,Card,Pune,Delivered,5.0
O14905,C00073,2025-04-01,Card,Delhi,Delivered,15.0
O14906,C04037,2025-07-29,UPI,Kochi,Delivered,5.0
O14907,C02227,2025-11-20,Card,Jaipur,Delivered,5.0
O14908,C01091,2025-08-18,UPI,Mumbai,Delivered,5.0
O14909,C01617,2025-09-10,Card,Indore,Delivered,20.0
O14910,C04173,2025-08-31,Card,Lucknow,Delivered,5.0
O14911,C04803,2025-02-10,UPI,Delhi,Delivered,5.0
O14912,C00988,2025-12-28,UPI,Indore,Cancelled,25.0
O14913,C02116,2025-05-03,COD,Hyderabad,Delivered,30.0
O14914,C01592,2025-07-16,UPI,Lucknow,Delivered,10.0
O14915,C00588,2025-05-30,Card,Indore,Delivered,25.0
O14916,C00843,2025-08-28,COD,Hyderabad,Delivered,15.0
O14917,C03650,2025-11-09,UPI,Hyderabad,Delivered,5.0
O14918,C03617,2025-10-05,UPI,Kochi,Delivered,15.0
O14919,C01566,2025-11-18,COD,Ahmedabad,Delivered,15.0
O14920,C03610,2025-02-12,Card,Ahmedabad,Delivered,15.0
O14921,C02930,2025-02-03,COD,Hyderabad,Delivered,10.0
O14922,C00722,2025-04-24,UPI,Ahmedabad,Delivered,10.0
O14923,C01805,2025-01-02,COD,Bangalore,Delivered,20.0
O14924,C04420,2025-08-26,UPI,Pune,Cancelled,15.0
O14925,C03195,2025-09-04,COD,Delhi,Delivered,15.0
O14926,C00655,2025-02-28,COD,Delhi,Delivered,5.0
O14927,C00145,2025-02-05,Card,Jaipur,Delivered,25.0
O14928,C01697,2025-08-20,Card,Bangalore,Delivered,15.0
O14929,C04240,2025-01-08,UPI,Jaipur,Delivered,10.0
O14930,C02712,2025-06-10,UPI,Chennai,Delivered,10.0
O14931,C00893,2025-10-16,Card,Jaipur,Delivered,10.0
O14932,C02565,2025-01-18,Card,Bangalore,Delivered,15.0
O14933,C04291,2025-03-05,Net Banking,Hyderabad,Returned,15.0
O14934,C03555,2025-03-02,COD,Bangalore,Delivered,20.0
O14935,C01661,2025-03-24,Card,Bangalore,Delivered,5.0
O14936,C03547,2025-01-10,COD,Chennai,Delivered,10.0
O14937,C04914,2025-04-16,UPI,Lucknow,Delivered,5.0
O14938,C02777,2025-08-21,Card,Chennai,Delivered,10.0
O14939,C03921,2025-08-10,Card,Bangalore,Delivered,10.0
O14940,C01137,2025-10-05,Net Banking,Mumbai,Delivered,15.0
O14941,C01300,2025-02-08,UPI,Delhi,Delivered,10.0
O14942,C02524,2025-12-24,UPI,Delhi,Delivered,20.0
O14943,C03250,2025-11-17,UPI,Pune,Delivered,0.0
O14944,C01661,2025-10-13,Card,Mumbai,Delivered,20.0
O14945,C01315,2025-05-13,UPI,Delhi,Delivered,5.0
O14946,C00434,2025-08-31,COD,Bangalore,Delivered,15.0
O14947,C04513,2025-10-09,Card,Bangalore,Delivered,10.0
O14948,C01859,2025-04-30,UPI,Bangalore,Delivered,15.0
O14949,C00711,2025-03-04,COD,Bangalore,Delivered,10.0
O14950,C00138,2025-06-23,Card,Kolkata,Delivered,15.0
O14951,C03561,2025-01-31,COD,Bangalore,Delivered,15.0
O14952,C01754,2025-08-19,Card,Kolkata,Delivered,5.0
O14953,C02857,2025-06-18,COD,Hyderabad,Delivered,5.0
O14954,C01185,2025-05-20,COD,Delhi,Delivered,20.0
O14955,C00734,2025-09-30,COD,Delhi,Delivered,20.0
O14956,C01852,2025-05-26,Card,Indore,Delivered,15.0
O14957,C01354,2025-07-13,Net Banking,Lucknow,Delivered,5.0
O14958,C00395,2025-12-14,UPI,Chennai,Delivered,5.0
O14959,C02518,2025-09-01,Net Banking,Kochi,Delivered,0.0
O14960,C03328,2025-10-22,UPI,Indore,Delivered,25.0
O14961,C04055,2025-03-15,UPI,Mumbai,Delivered,10.0
O14962,C02067,2025-05-16,COD,Kolkata,Delivered,10.0
O14963,C04904,2025-04-01,Card,Bangalore,Delivered,15.0
O14964,C00247,2025-01-26,Card,Kochi,Delivered,10.0
O14965,C03139,2025-03-17,UPI,Indore,Cancelled,5.0
O14966,C00342,2025-02-04,UPI,Jaipur,Delivered,10.0
O14967,C02972,2025-11-09,UPI,Delhi,Delivered,15.0
O14968,C03769,2025-07-26,UPI,Ahmedabad,Delivered,20.0
O14969,C02435,2025-10-04,Card,Kolkata,Delivered,0.0
O14970,C00342,2025-06-14,Card,Hyderabad,Delivered,0.0
O14971,C00108,2025-05-04,COD,Kochi,Delivered,5.0
O14972,C04729,2025-08-10,UPI,Lucknow,Returned,0.0
O14973,C04692,2025-09-30,Net Banking,Kolkata,Returned,10.0
O14974,C01797,2025-12-20,UPI,Kolkata,Delivered,20.0
O14975,C04681,2025-04-07,UPI,Lucknow,Delivered,5.0
O14976,C02525,2025-03-23,Net Banking,Hyderabad,Delivered,10.0
O14977,C02385,2025-01-25,Card,Ahmedabad,Delivered,10.0
O14978,C03532,2025-12-27,Net Banking,Jaipur,Delivered,20.0
O14979,C02361,2025-03-02,UPI,Mumbai,Delivered,25.0
O14980,C00609,2025-04-04,COD,Hyderabad,Delivered,10.0
O14981,C02642,2025-10-20,UPI,Bangalore,Delivered,0.0
O14982,C02348,2025-12-31,COD,Pune,Delivered,5.0
O14983,C02740,2025-09-03,UPI,Kochi,Delivered,5.0
O14984,C04824,2025-05-21,UPI,Delhi,Delivered,10.0
O14985,C04332,2025-09-10,UPI,Jaipur,Delivered,15.0
O14986,C00211,2025-10-23,Card,Hyderabad,Delivered,0.0
O14987,C00286,2025-06-19,UPI,Indore,Delivered,5.0
O14988,C02471,2025-12-06,Net Banking,Jaipur,Delivered,10.0
O14989,C00494,2025-11-22,COD,Hyderabad,Delivered,15.0
O14990,C01018,2025-08-26,COD,Kolkata,Delivered,5.0
O14991,C03491,2025-06-19,COD,Hyderabad,Delivered,10.0
O14992,C02885,2025-12-17,COD,Bangalore,Delivered,10.0
O14993,C02815,2025-10-26,COD,Kochi,Delivered,25.0
O14994,C01990,2025-07-15,Net Banking,Ahmedabad,Delivered,20.0
O14995,C00523,2025-12-11,Net Banking,Kochi,Delivered,20.0
O14996,C04915,2025-06-05,UPI,Ahmedabad,Delivered,0.0
O14997,C02367,2025-04-09,UPI,Delhi,Delivered,20.0
O14998,C03451,2025-10-24,Card,Chennai,Delivered,5.0
O14999,C01657,2025-11-13,UPI,Chennai,Delivered,10.0
O15000,C03065,2025-05-13,UPI,Delhi,Delivered,10.0
