Order_Item_ID,Order_ID,Product_ID,Quantity,Unit_Price,Discount
I000001,O00001,P0458,1,11252.82,0.2
I000002,O00002,P0457,2,18511.82,0.05
I000003,O00003,P0101,1,13448.78,0.05
I000004,O00004,P0080,3,8081.72,0.1
I000005,O00005,P0456,1,5984.52,0.15
I000006,O00005,P0009,1,10894.67,0.15
I000007,O00005,P0450,2,2255.15,0.15
I000008,O00006,P0117,3,5812.89,0.1
I000009,O00006,P0048,1,881.87,0.1
I000010,O00007,P0370,2,12293.71,0.2
I000011,O00008,P0009,1,10894.67,0.05
I000012,O00009,P0439,1,11309.42,0.1
I000013,O00010,P0014,1,14738.4,0.15
I000014,O00011,P0302,1,10139.5,0.05
I000015,O00012,P0126,1,12590.35,0.0
I000016,O00012,P0022,2,16227.09,0.0
I000017,O00013,P0258,1,5357.22,0.2
I000018,O00013,P0324,1,2232.66,0.2
I000019,O00013,P0039,1,1954.54,0.2
I000020,O00014,P0005,2,2113.83,0.1
I000021,O00015,P0460,2,1760.09,0.0
I000022,O00015,P0430,2,14535.8,0.0
I000023,O00016,P0387,1,11008.74,0.25
I000024,O00017,P0309,1,879.52,0.05
I000025,O00017,P0331,3,7610.91,0.05
I000026,O00017,P0347,1,207.7,0.05
I000027,O00017,P0267,1,13380.29,0.05
I000028,O00018,P0158,2,9904.7,0.1
I000029,O00019,P0415,1,19105.92,0.1
I000030,O00020,P0175,1,8354.48,0.05
I000031,O00021,P0084,1,10059.02,0.0
I000032,O00022,P0338,1,9789.99,0.15
I000033,O00023,P0004,1,21658.55,0.05
I000034,O00024,P0131,2,2329.3,0.15
I000035,O00024,P0386,1,7920.43,0.15
I000036,O00025,P0173,3,11347.23,0.15
I000037,O00025,P0140,1,23423.37,0.15
I000038,O00026,P0116,1,14318.59,0.0
I000039,O00027,P0155,1,16173.54,0.15
I000040,O00028,P0374,3,20293.37,0.1
I000041,O00029,P0039,2,1954.54,0.05
I000042,O00029,P0160,1,6251.25,0.05
I000043,O00029,P0347,1,207.7,0.05
I000044,O00030,P0057,2,14313.59,0.1
I000045,O00030,P0036,1,22992.46,0.1
I000046,O00031,P0311,1,13470.81,0.1
I000047,O00032,P0390,3,2477.97,0.0
I000048,O00033,P0225,1,925.67,0.1
I000049,O00033,P0494,3,9857.51,0.1
I000050,O00034,P0048,2,881.87,0.25
I000051,O00034,P0453,2,2027.99,0.25
I000052,O00034,P0181,2,6969.81,0.25
I000053,O00034,P0328,2,15667.69,0.25
I000054,O00035,P0141,1,2669.4,0.1
I000055,O00035,P0320,2,22881.56,0.1
I000056,O00036,P0250,2,17490.25,0.05
I000057,O00037,P0081,1,12661.97,0.1
I000058,O00037,P0250,1,17490.25,0.1
I000059,O00038,P0448,1,11150.05,0.15
I000060,O00039,P0292,1,21583.15,0.0
I000061,O00040,P0237,1,13454.07,0.1
I000062,O00041,P0371,3,14987.41,0.1
I000063,O00041,P0274,1,16208.88,0.1
I000064,O00041,P0073,1,14367.83,0.1
I000065,O00042,P0125,1,8357.18,0.05
I000066,O00043,P0123,1,12283.66,0.15
I000067,O00044,P0076,2,12082.97,0.1
I000068,O00045,P0474,2,2142.32,0.15
I000069,O00046,P0140,1,23423.37,0.1
I000070,O00046,P0083,1,7026.05,0.1
I000071,O00046,P0350,2,14181.21,0.1
I000072,O00047,P0347,1,207.7,0.15
I000073,O00047,P0115,1,10805.92,0.15
I000074,O00048,P0412,3,14362.31,0.1
I000075,O00049,P0432,1,1677.91,0.15
I000076,O00049,P0178,1,9447.65,0.15
I000077,O00050,P0113,1,1476.37,0.05
I000078,O00050,P0193,2,3841.48,0.05
I000079,O00051,P0156,1,17438.42,0.2
I000080,O00052,P0247,1,5866.18,0.0
I000081,O00052,P0098,2,18024.33,0.0
I000082,O00052,P0069,2,6827.67,0.0
I000083,O00053,P0337,1,6259.83,0.05
I000084,O00054,P0402,1,5149.65,0.2
I000085,O00054,P0242,1,12806.32,0.2
I000086,O00055,P0490,1,17879.27,0.0
I000087,O00055,P0283,4,10933.03,0.0
I000088,O00056,P0052,2,22717.29,0.2
I000089,O00056,P0059,2,7497.65,0.2
I000090,O00057,P0305,3,5268.03,0.1
I000091,O00057,P0197,1,5628.38,0.1
I000092,O00057,P0094,1,6917.65,0.1
I000093,O00058,P0167,1,2741.53,0.05
I000094,O00059,P0226,2,1989.2,0.15
I000095,O00060,P0231,1,5606.43,0.05
I000096,O00060,P0181,1,6969.81,0.05
I000097,O00061,P0057,1,14313.59,0.15
I000098,O00062,P0162,1,11199.84,0.15
I000099,O00063,P0108,1,11560.22,0.1
I000100,O00064,P0360,4,4434.75,0.15
I000101,O00064,P0391,2,16675.09,0.15
I000102,O00065,P0154,1,13970.67,0.25
I000103,O00066,P0479,1,2007.3,0.1
I000104,O00067,P0305,1,5268.03,0.0
I000105,O00067,P0470,2,16384.1,0.0
I000106,O00067,P0363,1,11446.48,0.0
I000107,O00068,P0325,2,883.29,0.15
I000108,O00069,P0259,1,9091.06,0.1
I000109,O00069,P0030,3,18850.92,0.1
I000110,O00070,P0304,2,5766.34,0.1
I000111,O00071,P0432,1,1677.91,0.1
I000112,O00072,P0089,1,21527.82,0.15
I000113,O00073,P0326,1,1200.34,0.1
I000114,O00074,P0448,2,11150.05,0.05
I000115,O00074,P0199,2,13045.06,0.05
I000116,O00075,P0162,5,11199.84,0.15
I000117,O00076,P0449,2,3785.19,0.15
I000118,O00076,P0314,1,5199.64,0.15
I000119,O00076,P0413,1,4516.32,0.15
I000120,O00076,P0241,1,9473.89,0.15
I000121,O00077,P0190,4,4813.84,0.0
I000122,O00077,P0465,2,7131.53,0.0
I000123,O00078,P0427,1,2376.46,0.05
I000124,O00079,P0264,3,11827.53,0.25
I000125,O00080,P0178,2,9447.65,0.0
I000126,O00080,P0305,1,5268.03,0.0
I000127,O00080,P0234,1,6819.79,0.0
I000128,O00080,P0204,1,3139.42,0.0
I000129,O00081,P0274,1,16208.88,0.05
I000130,O00081,P0469,1,12828.28,0.05
I000131,O00082,P0217,2,2504.14,0.1
I000132,O00082,P0220,1,4537.91,0.1
I000133,O00083,P0032,3,12721.46,0.05
I000134,O00084,P0438,1,9736.72,0.15
I000135,O00085,P0072,1,8074.69,0.05
I000136,O00085,P0026,1,8043.88,0.05
I000137,O00085,P0336,1,5532.6,0.05
I000138,O00085,P0118,1,11312.75,0.05
I000139,O00086,P0395,1,16050.27,0.1
I000140,O00086,P0194,1,4785.07,0.1
I000141,O00087,P0313,1,15225.55,0.3
I000142,O00088,P0119,1,14136.98,0.05
I000143,O00088,P0214,1,3598.9,0.05
I000144,O00088,P0316,1,18765.5,0.05
I000145,O00089,P0339,2,8938.6,0.0
I000146,O00090,P0011,3,6896.23,0.15
I000147,O00091,P0390,2,2477.97,0.1
I000148,O00091,P0134,1,8950.35,0.1
I000149,O00092,P0038,2,13981.96,0.1
I000150,O00093,P0296,1,10086.41,0.2
I000151,O00094,P0167,1,2741.53,0.0
I000152,O00094,P0454,1,13398.41,0.0
I000153,O00095,P0188,1,6865.34,0.1
I000154,O00096,P0060,3,10597.6,0.05
I000155,O00097,P0479,1,2007.3,0.0
I000156,O00097,P0347,3,207.7,0.0
I000157,O00098,P0367,3,14116.53,0.1
I000158,O00099,P0154,1,13970.67,0.25
I000159,O00099,P0110,1,239.19,0.25
I000160,O00100,P0212,3,15959.35,0.15
I000161,O00101,P0055,1,18288.33,0.05
I000162,O00102,P0043,3,230.23,0.1
I000163,O00103,P0258,1,5357.22,0.15
I000164,O00104,P0346,2,17166.81,0.05
I000165,O00105,P0453,1,2027.99,0.05
I000166,O00106,P0334,1,5599.91,0.05
I000167,O00107,P0480,1,12036.43,0.1
I000168,O00107,P0346,1,17166.81,0.1
I000169,O00107,P0302,1,10139.5,0.1
I000170,O00108,P0147,3,5903.16,0.0
I000171,O00109,P0271,2,10464.94,0.1
I000172,O00109,P0223,1,12111.39,0.1
I000173,O00109,P0188,3,6865.34,0.1
I000174,O00110,P0012,1,9210.89,0.2
I000175,O00110,P0419,1,11206.88,0.2
I000176,O00110,P0367,3,14116.53,0.2
I000177,O00111,P0467,2,7857.91,0.15
I000178,O00111,P0221,1,9748.25,0.15
I000179,O00111,P0473,1,731.76,0.15
I000180,O00112,P0066,1,4602.72,0.15
I000181,O00113,P0289,4,5068.21,0.05
I000182,O00114,P0117,2,5812.89,0.15
I000183,O00114,P0265,1,16102.0,0.15
I000184,O00115,P0232,1,14966.59,0.25
I000185,O00116,P0403,5,10949.03,0.05
I000186,O00116,P0445,1,5378.95,0.05
I000187,O00116,P0312,1,8312.33,0.05
I000188,O00117,P0240,4,16345.25,0.2
I000189,O00118,P0474,2,2142.32,0.2
I000190,O00118,P0372,2,5715.65,0.2
I000191,O00119,P0303,1,15132.39,0.25
I000192,O00120,P0231,1,5606.43,0.05
I000193,O00120,P0255,2,2178.42,0.05
I000194,O00121,P0134,3,8950.35,0.25
I000195,O00122,P0023,1,8677.28,0.0
I000196,O00122,P0434,2,15961.32,0.0
I000197,O00122,P0197,1,5628.38,0.0
I000198,O00122,P0472,2,6339.28,0.0
I000199,O00123,P0443,1,3024.24,0.0
I000200,O00123,P0333,2,16891.72,0.0
I000201,O00124,P0255,1,2178.42,0.0
I000202,O00125,P0374,4,20293.37,0.1
I000203,O00125,P0263,1,12622.11,0.1
I000204,O00125,P0412,1,14362.31,0.1
I000205,O00126,P0416,2,14378.26,0.0
I000206,O00127,P0338,1,9789.99,0.05
I000207,O00128,P0446,1,18710.12,0.1
I000208,O00129,P0100,1,7091.79,0.0
I000209,O00130,P0389,1,10740.24,0.15
I000210,O00130,P0009,2,10894.67,0.15
I000211,O00131,P0149,1,18764.92,0.05
I000212,O00132,P0361,4,8061.24,0.0
I000213,O00132,P0317,2,14355.69,0.0
I000214,O00132,P0466,1,7584.85,0.0
I000215,O00133,P0045,1,5553.07,0.05
I000216,O00134,P0436,1,9847.38,0.0
I000217,O00135,P0405,1,10874.23,0.15
I000218,O00135,P0382,1,17253.16,0.15
I000219,O00136,P0366,2,12694.5,0.05
I000220,O00136,P0499,1,2390.13,0.05
I000221,O00136,P0476,1,1078.88,0.05
I000222,O00136,P0014,1,14738.4,0.05
I000223,O00137,P0355,5,15161.64,0.0
I000224,O00137,P0109,3,7019.11,0.0
I000225,O00137,P0473,1,731.76,0.0
I000226,O00138,P0049,4,10387.8,0.1
I000227,O00139,P0312,2,8312.33,0.1
I000228,O00140,P0288,1,16170.77,0.05
I000229,O00140,P0415,1,19105.92,0.05
I000230,O00140,P0499,1,2390.13,0.05
I000231,O00140,P0077,1,10405.98,0.05
I000232,O00141,P0464,1,11639.56,0.05
I000233,O00142,P0217,2,2504.14,0.15
I000234,O00143,P0396,1,6181.52,0.1
I000235,O00143,P0216,1,4253.32,0.1
I000236,O00144,P0093,1,11807.43,0.05
I000237,O00145,P0445,1,5378.95,0.25
I000238,O00146,P0475,1,6070.94,0.05
I000239,O00146,P0252,1,18803.98,0.05
I000240,O00147,P0190,1,4813.84,0.1
I000241,O00147,P0326,1,1200.34,0.1
I000242,O00148,P0111,2,4168.73,0.1
I000243,O00148,P0240,2,16345.25,0.1
I000244,O00149,P0326,1,1200.34,0.05
I000245,O00149,P0285,1,11518.27,0.05
I000246,O00150,P0357,2,4004.54,0.05
I000247,O00150,P0371,5,14987.41,0.05
I000248,O00151,P0144,3,5083.64,0.1
I000249,O00152,P0321,1,15173.01,0.05
I000250,O00153,P0424,1,1099.43,0.05
I000251,O00154,P0464,1,11639.56,0.1
I000252,O00155,P0219,1,1340.09,0.15
I000253,O00155,P0475,1,6070.94,0.15
I000254,O00155,P0045,1,5553.07,0.15
I000255,O00156,P0208,2,17414.46,0.15
I000256,O00157,P0157,1,1053.8,0.0
I000257,O00157,P0163,1,16537.01,0.0
I000258,O00158,P0257,1,8094.05,0.15
I000259,O00158,P0105,4,10085.48,0.15
I000260,O00158,P0484,1,14051.85,0.15
I000261,O00159,P0469,1,12828.28,0.25
I000262,O00160,P0430,1,14535.8,0.1
I000263,O00160,P0314,1,5199.64,0.1
I000264,O00160,P0067,1,18606.26,0.1
I000265,O00161,P0062,2,2140.31,0.1
I000266,O00161,P0134,2,8950.35,0.1
I000267,O00161,P0275,3,18205.93,0.1
I000268,O00162,P0406,1,1199.98,0.25
I000269,O00162,P0197,4,5628.38,0.25
I000270,O00163,P0341,1,9492.87,0.2
I000271,O00163,P0241,5,9473.89,0.2
I000272,O00164,P0343,1,21720.15,0.1
I000273,O00165,P0429,1,4623.76,0.15
I000274,O00165,P0353,1,4627.28,0.15
I000275,O00165,P0011,1,6896.23,0.15
I000276,O00165,P0457,1,18511.82,0.15
I000277,O00166,P0058,1,10856.44,0.05
I000278,O00166,P0008,3,404.42,0.05
I000279,O00167,P0080,3,8081.72,0.1
I000280,O00168,P0364,1,20513.3,0.15
I000281,O00169,P0148,1,3827.6,0.05
I000282,O00169,P0080,2,8081.72,0.05
I000283,O00170,P0141,1,2669.4,0.1
I000284,O00171,P0458,1,11252.82,0.0
I000285,O00171,P0095,2,708.58,0.0
I000286,O00172,P0234,2,6819.79,0.2
I000287,O00173,P0399,1,9834.2,0.2
I000288,O00173,P0424,4,1099.43,0.2
I000289,O00174,P0434,1,15961.32,0.1
I000290,O00174,P0251,4,13718.51,0.1
I000291,O00175,P0413,2,4516.32,0.05
I000292,O00176,P0454,1,13398.41,0.15
I000293,O00177,P0248,3,5481.12,0.05
I000294,O00177,P0286,1,8678.82,0.05
I000295,O00178,P0137,5,2945.06,0.05
I000296,O00179,P0146,1,12538.22,0.25
I000297,O00180,P0449,2,3785.19,0.0
I000298,O00181,P0483,3,14346.17,0.05
I000299,O00182,P0442,3,12851.94,0.1
I000300,O00183,P0409,1,8257.04,0.0
I000301,O00184,P0362,2,7754.84,0.0
I000302,O00184,P0220,4,4537.91,0.0
I000303,O00185,P0347,1,207.7,0.1
I000304,O00186,P0046,1,15363.92,0.0
I000305,O00187,P0145,2,5897.75,0.05
I000306,O00187,P0424,1,1099.43,0.05
I000307,O00188,P0055,2,18288.33,0.1
I000308,O00188,P0187,4,6663.59,0.1
I000309,O00189,P0147,4,5903.16,0.05
I000310,O00190,P0107,3,12811.73,0.15
I000311,O00190,P0278,2,4045.44,0.15
I000312,O00190,P0085,4,14574.29,0.15
I000313,O00191,P0408,2,12252.4,0.25
I000314,O00192,P0339,3,8938.6,0.15
I000315,O00193,P0161,1,4912.94,0.3
I000316,O00193,P0352,1,10103.59,0.3
I000317,O00193,P0152,3,11257.85,0.3
I000318,O00194,P0096,2,7114.07,0.05
I000319,O00194,P0144,1,5083.64,0.05
I000320,O00195,P0338,4,9789.99,0.05
I000321,O00195,P0166,1,4299.84,0.05
I000322,O00196,P0488,4,6474.12,0.05
I000323,O00196,P0023,2,8677.28,0.05
I000324,O00196,P0481,1,1854.72,0.05
I000325,O00197,P0326,4,1200.34,0.2
I000326,O00197,P0301,1,1551.88,0.2
I000327,O00198,P0472,1,6339.28,0.05
I000328,O00198,P0029,2,7973.77,0.05
I000329,O00198,P0236,1,13763.86,0.05
I000330,O00199,P0011,1,6896.23,0.15
I000331,O00200,P0056,1,5412.25,0.15
I000332,O00200,P0499,3,2390.13,0.15
I000333,O00201,P0281,1,8647.87,0.0
I000334,O00201,P0386,1,7920.43,0.0
I000335,O00202,P0311,2,13470.81,0.2
I000336,O00203,P0142,2,7546.26,0.1
I000337,O00203,P0016,1,4929.52,0.1
I000338,O00203,P0004,1,21658.55,0.1
I000339,O00203,P0270,1,15544.12,0.1
I000340,O00204,P0278,2,4045.44,0.05
I000341,O00204,P0020,1,16894.73,0.05
I000342,O00205,P0379,2,4596.34,0.25
I000343,O00205,P0464,1,11639.56,0.25
I000344,O00205,P0018,1,8521.23,0.25
I000345,O00206,P0090,5,19317.51,0.15
I000346,O00207,P0178,2,9447.65,0.1
I000347,O00208,P0270,4,15544.12,0.3
I000348,O00209,P0252,1,18803.98,0.15
I000349,O00209,P0025,1,21151.19,0.15
I000350,O00209,P0207,1,9618.99,0.15
I000351,O00210,P0098,1,18024.33,0.0
I000352,O00211,P0495,3,3120.64,0.3
I000353,O00212,P0148,2,3827.6,0.1
I000354,O00212,P0451,1,18517.71,0.1
I000355,O00213,P0061,1,9428.51,0.05
I000356,O00213,P0100,3,7091.79,0.05
I000357,O00214,P0404,1,7190.22,0.15
I000358,O00214,P0287,1,11017.89,0.15
I000359,O00215,P0023,1,8677.28,0.0
I000360,O00215,P0024,1,14146.9,0.0
I000361,O00216,P0082,1,8524.01,0.15
I000362,O00217,P0358,1,17680.82,0.0
I000363,O00218,P0182,1,7028.31,0.0
I000364,O00218,P0187,1,6663.59,0.0
I000365,O00218,P0090,2,19317.51,0.0
I000366,O00219,P0152,1,11257.85,0.05
I000367,O00219,P0189,1,1077.94,0.05
I000368,O00219,P0145,3,5897.75,0.05
I000369,O00220,P0500,1,14456.78,0.05
I000370,O00221,P0447,1,13008.01,0.1
I000371,O00222,P0364,1,20513.3,0.1
I000372,O00222,P0486,2,7416.01,0.1
I000373,O00223,P0137,1,2945.06,0.15
I000374,O00223,P0274,1,16208.88,0.15
I000375,O00223,P0361,2,8061.24,0.15
I000376,O00223,P0028,2,2327.59,0.15
I000377,O00224,P0399,4,9834.2,0.0
I000378,O00224,P0214,2,3598.9,0.0
I000379,O00225,P0447,2,13008.01,0.2
I000380,O00226,P0337,1,6259.83,0.2
I000381,O00227,P0166,1,4299.84,0.05
I000382,O00227,P0290,3,5856.65,0.05
I000383,O00228,P0425,1,3871.16,0.1
I000384,O00229,P0289,3,5068.21,0.1
I000385,O00229,P0042,1,18369.63,0.1
I000386,O00230,P0103,1,9874.02,0.25
I000387,O00231,P0294,1,9318.36,0.2
I000388,O00232,P0126,1,12590.35,0.0
I000389,O00232,P0103,2,9874.02,0.0
I000390,O00233,P0099,3,11095.32,0.25
I000391,O00234,P0193,1,3841.48,0.0
I000392,O00234,P0122,1,20389.93,0.0
I000393,O00234,P0092,1,3959.04,0.0
I000394,O00234,P0490,2,17879.27,0.0
I000395,O00235,P0026,1,8043.88,0.1
I000396,O00236,P0048,1,881.87,0.05
I000397,O00237,P0489,1,16108.48,0.05
I000398,O00238,P0441,1,11253.53,0.1
I000399,O00239,P0005,4,2113.83,0.1
I000400,O00240,P0463,1,7934.67,0.0
I000401,O00240,P0218,1,10519.23,0.0
I000402,O00241,P0404,2,7190.22,0.25
I000403,O00241,P0216,1,4253.32,0.25
I000404,O00241,P0383,4,5460.56,0.25
I000405,O00242,P0340,1,6540.28,0.0
I000406,O00242,P0191,1,14335.92,0.0
I000407,O00242,P0262,1,12660.19,0.0
I000408,O00243,P0250,1,17490.25,0.05
I000409,O00243,P0004,1,21658.55,0.05
I000410,O00244,P0326,2,1200.34,0.15
I000411,O00244,P0422,1,6180.37,0.15
I000412,O00245,P0131,2,2329.3,0.2
I000413,O00246,P0399,1,9834.2,0.15
I000414,O00247,P0236,5,13763.86,0.05
I000415,O00248,P0353,3,4627.28,0.15
I000416,O00249,P0473,2,731.76,0.15
I000417,O00250,P0480,1,12036.43,0.1
I000418,O00251,P0213,1,13682.03,0.15
I000419,O00251,P0339,1,8938.6,0.15
I000420,O00251,P0041,1,11579.02,0.15
I000421,O00252,P0027,1,6637.92,0.1
I000422,O00253,P0044,3,4750.75,0.0
I000423,O00253,P0263,2,12622.11,0.0
I000424,O00254,P0109,1,7019.11,0.05
I000425,O00255,P0037,2,5389.2,0.15
I000426,O00255,P0387,1,11008.74,0.15
I000427,O00256,P0267,1,13380.29,0.05
I000428,O00256,P0298,1,14301.55,0.05
I000429,O00257,P0487,1,2276.61,0.1
I000430,O00258,P0417,2,7877.14,0.1
I000431,O00258,P0118,1,11312.75,0.1
I000432,O00259,P0490,1,17879.27,0.15
I000433,O00259,P0263,1,12622.11,0.15
I000434,O00260,P0173,1,11347.23,0.05
I000435,O00260,P0408,1,12252.4,0.05
I000436,O00261,P0235,1,17675.52,0.1
I000437,O00261,P0210,2,3425.1,0.1
I000438,O00262,P0101,4,13448.78,0.1
I000439,O00263,P0146,1,12538.22,0.2
I000440,O00263,P0103,1,9874.02,0.2
I000441,O00264,P0101,3,13448.78,0.1
I000442,O00264,P0085,1,14574.29,0.1
I000443,O00265,P0373,1,8955.67,0.05
I000444,O00265,P0097,2,16913.36,0.05
I000445,O00266,P0049,1,10387.8,0.1
I000446,O00267,P0294,1,9318.36,0.0
I000447,O00267,P0376,1,21096.71,0.0
I000448,O00267,P0471,1,3362.5,0.0
I000449,O00268,P0350,2,14181.21,0.1
I000450,O00268,P0320,2,22881.56,0.1
I000451,O00268,P0145,2,5897.75,0.1
I000452,O00269,P0024,4,14146.9,0.2
I000453,O00270,P0350,1,14181.21,0.1
I000454,O00271,P0330,1,621.58,0.05
I000455,O00272,P0218,1,10519.23,0.1
I000456,O00273,P0114,2,2768.84,0.2
I000457,O00273,P0152,1,11257.85,0.2
I000458,O00274,P0494,2,9857.51,0.15
I000459,O00274,P0282,1,4087.36,0.15
I000460,O00275,P0342,1,8867.09,0.15
I000461,O00276,P0429,5,4623.76,0.1
I000462,O00276,P0395,1,16050.27,0.1
I000463,O00277,P0109,2,7019.11,0.05
I000464,O00277,P0270,1,15544.12,0.05
I000465,O00277,P0218,2,10519.23,0.05
I000466,O00278,P0146,1,12538.22,0.0
I000467,O00279,P0041,2,11579.02,0.25
I000468,O00280,P0209,1,17935.22,0.0
I000469,O00280,P0212,1,15959.35,0.0
I000470,O00280,P0237,2,13454.07,0.0
I000471,O00281,P0282,1,4087.36,0.05
I000472,O00281,P0463,4,7934.67,0.05
I000473,O00281,P0037,2,5389.2,0.05
I000474,O00282,P0425,1,3871.16,0.15
I000475,O00283,P0363,4,11446.48,0.05
I000476,O00283,P0493,3,17331.35,0.05
I000477,O00284,P0258,2,5357.22,0.1
I000478,O00285,P0384,1,21014.31,0.15
I000479,O00286,P0445,2,5378.95,0.1
I000480,O00287,P0175,3,8354.48,0.1
I000481,O00287,P0288,1,16170.77,0.1
I000482,O00288,P0165,1,8775.25,0.0
I000483,O00289,P0047,1,3795.44,0.1
I000484,O00289,P0235,4,17675.52,0.1
I000485,O00290,P0310,1,6739.9,0.1
I000486,O00290,P0353,3,4627.28,0.1
I000487,O00291,P0289,4,5068.21,0.2
I000488,O00292,P0352,2,10103.59,0.1
I000489,O00292,P0063,1,17989.43,0.1
I000490,O00293,P0274,1,16208.88,0.1
I000491,O00294,P0422,1,6180.37,0.15
I000492,O00295,P0086,2,12651.01,0.1
I000493,O00295,P0173,1,11347.23,0.1
I000494,O00296,P0256,1,10413.89,0.05
I000495,O00296,P0238,2,16729.81,0.05
I000496,O00296,P0426,1,17258.9,0.05
I000497,O00297,P0152,1,11257.85,0.2
I000498,O00297,P0080,4,8081.72,0.2
I000499,O00297,P0231,1,5606.43,0.2
I000500,O00298,P0433,1,11369.56,0.2
I000501,O00299,P0450,1,2255.15,0.2
I000502,O00299,P0189,3,1077.94,0.2
I000503,O00300,P0040,3,10694.19,0.05
I000504,O00300,P0107,1,12811.73,0.05
I000505,O00301,P0154,1,13970.67,0.05
I000506,O00302,P0251,1,13718.51,0.2
I000507,O00303,P0292,2,21583.15,0.0
I000508,O00303,P0227,3,1214.17,0.0
I000509,O00304,P0362,1,7754.84,0.15
I000510,O00304,P0034,4,3767.39,0.15
I000511,O00304,P0282,1,4087.36,0.15
I000512,O00305,P0171,2,6118.98,0.05
I000513,O00306,P0162,2,11199.84,0.15
I000514,O00306,P0337,2,6259.83,0.15
I000515,O00307,P0047,4,3795.44,0.2
I000516,O00308,P0371,2,14987.41,0.1
I000517,O00308,P0318,1,18336.52,0.1
I000518,O00308,P0420,2,5156.99,0.1
I000519,O00309,P0283,1,10933.03,0.0
I000520,O00309,P0051,1,13023.34,0.0
I000521,O00309,P0253,1,10206.89,0.0
I000522,O00310,P0343,2,21720.15,0.15
I000523,O00310,P0262,1,12660.19,0.15
I000524,O00310,P0447,1,13008.01,0.15
I000525,O00311,P0159,1,12341.8,0.0
I000526,O00311,P0141,1,2669.4,0.0
I000527,O00311,P0073,1,14367.83,0.0
I000528,O00311,P0401,2,18961.41,0.0
I000529,O00312,P0242,2,12806.32,0.0
I000530,O00312,P0296,1,10086.41,0.0
I000531,O00312,P0289,2,5068.21,0.0
I000532,O00313,P0059,2,7497.65,0.2
I000533,O00314,P0103,1,9874.02,0.15
I000534,O00314,P0402,2,5149.65,0.15
I000535,O00315,P0240,1,16345.25,0.1
I000536,O00316,P0440,1,10988.87,0.15
I000537,O00317,P0313,1,15225.55,0.25
I000538,O00318,P0299,1,9253.96,0.0
I000539,O00318,P0155,1,16173.54,0.0
I000540,O00318,P0236,1,13763.86,0.0
I000541,O00319,P0041,1,11579.02,0.05
I000542,O00319,P0362,1,7754.84,0.05
I000543,O00320,P0395,2,16050.27,0.15
I000544,O00320,P0128,3,11542.08,0.15
I000545,O00321,P0465,1,7131.53,0.05
I000546,O00322,P0271,1,10464.94,0.05
I000547,O00323,P0239,1,10044.2,0.1
I000548,O00324,P0363,1,11446.48,0.15
I000549,O00325,P0420,2,5156.99,0.05
I000550,O00326,P0257,1,8094.05,0.1
I000551,O00327,P0264,1,11827.53,0.1
I000552,O00327,P0232,3,14966.59,0.1
I000553,O00328,P0209,1,17935.22,0.0
I000554,O00329,P0253,1,10206.89,0.1
I000555,O00329,P0002,3,685.44,0.1
I000556,O00329,P0145,1,5897.75,0.1
I000557,O00330,P0353,2,4627.28,0.2
I000558,O00330,P0292,1,21583.15,0.2
I000559,O00331,P0189,1,1077.94,0.15
I000560,O00331,P0455,2,6841.97,0.15
I000561,O00331,P0346,1,17166.81,0.15
I000562,O00332,P0389,1,10740.24,0.1
I000563,O00333,P0332,3,9365.5,0.0
I000564,O00333,P0473,1,731.76,0.0
I000565,O00334,P0308,2,10963.13,0.0
I000566,O00334,P0427,1,2376.46,0.0
I000567,O00334,P0001,3,12680.89,0.0
I000568,O00335,P0393,3,1256.74,0.0
I000569,O00335,P0476,2,1078.88,0.0
I000570,O00336,P0262,1,12660.19,0.15
I000571,O00337,P0148,1,3827.6,0.15
I000572,O00337,P0089,1,21527.82,0.15
I000573,O00338,P0329,1,6837.04,0.15
I000574,O00339,P0165,1,8775.25,0.05
I000575,O00339,P0470,2,16384.1,0.05
I000576,O00340,P0472,1,6339.28,0.0
I000577,O00341,P0203,4,14797.26,0.15
I000578,O00342,P0373,1,8955.67,0.25
I000579,O00343,P0150,2,19657.29,0.1
I000580,O00344,P0279,2,820.43,0.15
I000581,O00345,P0138,4,9332.54,0.15
I000582,O00346,P0287,1,11017.89,0.2
I000583,O00347,P0432,1,1677.91,0.0
I000584,O00348,P0292,2,21583.15,0.25
I000585,O00348,P0483,1,14346.17,0.25
I000586,O00348,P0253,5,10206.89,0.25
I000587,O00349,P0092,1,3959.04,0.2
I000588,O00350,P0247,1,5866.18,0.2
I000589,O00351,P0110,1,239.19,0.3
I000590,O00351,P0429,3,4623.76,0.3
I000591,O00351,P0459,2,15147.66,0.3
I000592,O00352,P0282,2,4087.36,0.1
I000593,O00353,P0131,2,2329.3,0.0
I000594,O00354,P0025,1,21151.19,0.2
I000595,O00355,P0359,1,17408.84,0.0
I000596,O00356,P0024,1,14146.9,0.15
I000597,O00356,P0037,3,5389.2,0.15
I000598,O00357,P0105,2,10085.48,0.1
I000599,O00358,P0204,1,3139.42,0.0
I000600,O00358,P0232,1,14966.59,0.0
I000601,O00359,P0135,2,13687.78,0.1
I000602,O00360,P0348,1,19194.75,0.15
I000603,O00361,P0278,1,4045.44,0.0
I000604,O00362,P0019,3,7331.38,0.0
I000605,O00363,P0297,1,14103.76,0.1
I000606,O00363,P0080,1,8081.72,0.1
I000607,O00363,P0426,1,17258.9,0.1
I000608,O00364,P0359,2,17408.84,0.0
I000609,O00365,P0260,1,9638.98,0.25
I000610,O00365,P0259,1,9091.06,0.25
I000611,O00366,P0451,1,18517.71,0.2
I000612,O00366,P0208,1,17414.46,0.2
I000613,O00367,P0118,1,11312.75,0.1
I000614,O00368,P0383,2,5460.56,0.0
I000615,O00368,P0452,1,14623.62,0.0
I000616,O00369,P0187,1,6663.59,0.1
I000617,O00369,P0291,1,8891.78,0.1
I000618,O00369,P0455,1,6841.97,0.1
I000619,O00370,P0260,1,9638.98,0.15
I000620,O00371,P0127,4,12125.3,0.1
I000621,O00371,P0492,1,13278.61,0.1
I000622,O00372,P0235,1,17675.52,0.25
I000623,O00373,P0066,1,4602.72,0.2
I000624,O00374,P0430,2,14535.8,0.05
I000625,O00374,P0199,2,13045.06,0.05
I000626,O00375,P0239,1,10044.2,0.15
I000627,O00375,P0407,2,775.43,0.15
I000628,O00376,P0382,1,17253.16,0.1
I000629,O00376,P0276,3,15791.95,0.1
I000630,O00377,P0405,1,10874.23,0.25
I000631,O00378,P0312,2,8312.33,0.1
I000632,O00378,P0321,1,15173.01,0.1
I000633,O00379,P0249,1,11650.12,0.1
I000634,O00379,P0015,1,198.88,0.1
I000635,O00380,P0197,1,5628.38,0.1
I000636,O00381,P0030,4,18850.92,0.05
I000637,O00382,P0428,2,15197.13,0.0
I000638,O00383,P0015,3,198.88,0.05
I000639,O00384,P0405,1,10874.23,0.05
I000640,O00385,P0358,3,17680.82,0.0
I000641,O00386,P0144,1,5083.64,0.15
I000642,O00387,P0250,3,17490.25,0.0
I000643,O00388,P0230,1,16237.69,0.2
I000644,O00388,P0332,1,9365.5,0.2
I000645,O00389,P0249,1,11650.12,0.0
I000646,O00390,P0074,1,20503.04,0.0
I000647,O00390,P0019,3,7331.38,0.0
I000648,O00391,P0126,1,12590.35,0.3
I000649,O00392,P0496,2,20624.48,0.3
I000650,O00393,P0062,1,2140.31,0.05
I000651,O00394,P0072,1,8074.69,0.0
I000652,O00395,P0292,5,21583.15,0.05
I000653,O00396,P0124,2,15514.19,0.1
I000654,O00396,P0071,4,1222.75,0.1
I000655,O00397,P0164,1,744.63,0.05
I000656,O00397,P0153,1,6065.86,0.05
I000657,O00398,P0088,4,10596.08,0.05
I000658,O00399,P0413,1,4516.32,0.15
I000659,O00400,P0375,1,1937.18,0.2
I000660,O00400,P0408,3,12252.4,0.2
I000661,O00401,P0298,1,14301.55,0.25
I000662,O00401,P0343,4,21720.15,0.25
I000663,O00402,P0201,1,18090.68,0.1
I000664,O00402,P0397,1,18087.88,0.1
I000665,O00402,P0263,1,12622.11,0.1
I000666,O00403,P0065,1,11896.67,0.05
I000667,O00404,P0244,2,6694.24,0.1
I000668,O00405,P0082,1,8524.01,0.2
I000669,O00405,P0227,1,1214.17,0.2
I000670,O00406,P0016,2,4929.52,0.0
I000671,O00407,P0297,1,14103.76,0.2
I000672,O00407,P0007,3,20905.26,0.2
I000673,O00408,P0213,2,13682.03,0.05
I000674,O00409,P0031,3,10837.07,0.05
I000675,O00409,P0421,1,3134.29,0.05
I000676,O00410,P0288,1,16170.77,0.05
I000677,O00411,P0070,1,3923.76,0.2
I000678,O00412,P0157,1,1053.8,0.0
I000679,O00413,P0025,1,21151.19,0.05
I000680,O00414,P0375,2,1937.18,0.15
I000681,O00414,P0328,3,15667.69,0.15
I000682,O00415,P0232,1,14966.59,0.25
I000683,O00415,P0076,2,12082.97,0.25
I000684,O00416,P0088,3,10596.08,0.0
I000685,O00416,P0295,1,12191.72,0.0
I000686,O00416,P0285,1,11518.27,0.0
I000687,O00417,P0153,1,6065.86,0.1
I000688,O00418,P0135,2,13687.78,0.2
I000689,O00419,P0191,3,14335.92,0.2
I000690,O00420,P0367,2,14116.53,0.25
I000691,O00421,P0350,2,14181.21,0.2
I000692,O00422,P0027,1,6637.92,0.05
I000693,O00423,P0086,1,12651.01,0.05
I000694,O00423,P0288,1,16170.77,0.05
I000695,O00423,P0229,2,971.19,0.05
I000696,O00424,P0098,1,18024.33,0.2
I000697,O00424,P0273,4,1414.88,0.2
I000698,O00424,P0303,1,15132.39,0.2
I000699,O00425,P0159,2,12341.8,0.15
I000700,O00426,P0323,2,19857.8,0.05
I000701,O00427,P0122,2,20389.93,0.15
I000702,O00428,P0024,1,14146.9,0.05
I000703,O00429,P0181,2,6969.81,0.1
I000704,O00429,P0070,1,3923.76,0.1
I000705,O00430,P0304,1,5766.34,0.05
I000706,O00431,P0463,1,7934.67,0.1
I000707,O00431,P0291,1,8891.78,0.1
I000708,O00432,P0345,3,18312.01,0.25
I000709,O00432,P0203,1,14797.26,0.25
I000710,O00432,P0264,1,11827.53,0.25
I000711,O00433,P0442,1,12851.94,0.15
I000712,O00433,P0048,2,881.87,0.15
I000713,O00434,P0315,1,8767.22,0.15
I000714,O00435,P0140,1,23423.37,0.05
I000715,O00436,P0402,1,5149.65,0.0
I000716,O00437,P0142,2,7546.26,0.15
I000717,O00437,P0033,5,2436.78,0.15
I000718,O00438,P0050,1,12181.9,0.1
I000719,O00439,P0394,1,9719.2,0.05
I000720,O00440,P0086,1,12651.01,0.25
I000721,O00440,P0271,1,10464.94,0.25
I000722,O00440,P0344,1,5745.03,0.25
I000723,O00441,P0161,3,4912.94,0.1
I000724,O00442,P0427,5,2376.46,0.1
I000725,O00443,P0018,1,8521.23,0.05
I000726,O00444,P0012,1,9210.89,0.2
I000727,O00445,P0084,4,10059.02,0.2
I000728,O00446,P0306,1,20887.78,0.15
I000729,O00446,P0222,1,6948.91,0.15
I000730,O00446,P0421,2,3134.29,0.15
I000731,O00447,P0052,1,22717.29,0.0
I000732,O00448,P0484,1,14051.85,0.0
I000733,O00448,P0232,1,14966.59,0.0
I000734,O00448,P0039,1,1954.54,0.0
I000735,O00449,P0351,1,6684.2,0.1
I000736,O00450,P0422,2,6180.37,0.0
I000737,O00450,P0385,3,9160.1,0.0
I000738,O00451,P0303,1,15132.39,0.05
I000739,O00452,P0425,2,3871.16,0.0
I000740,O00452,P0191,4,14335.92,0.0
I000741,O00453,P0384,2,21014.31,0.05
I000742,O00453,P0095,1,708.58,0.05
I000743,O00454,P0197,2,5628.38,0.25
I000744,O00455,P0078,2,18121.01,0.15
I000745,O00455,P0356,1,17911.43,0.15
I000746,O00456,P0342,4,8867.09,0.0
I000747,O00456,P0085,1,14574.29,0.0
I000748,O00456,P0089,1,21527.82,0.0
I000749,O00457,P0453,3,2027.99,0.15
I000750,O00458,P0349,2,17040.15,0.0
I000751,O00458,P0368,1,19421.03,0.0
I000752,O00459,P0245,2,14211.09,0.3
I000753,O00459,P0168,1,11374.5,0.3
I000754,O00460,P0431,1,7800.63,0.1
I000755,O00461,P0065,2,11896.67,0.1
I000756,O00462,P0101,4,13448.78,0.05
I000757,O00463,P0077,2,10405.98,0.1
I000758,O00464,P0124,3,15514.19,0.1
I000759,O00465,P0225,1,925.67,0.15
I000760,O00466,P0118,1,11312.75,0.0
I000761,O00467,P0430,1,14535.8,0.05
I000762,O00468,P0201,1,18090.68,0.05
I000763,O00468,P0228,2,7442.22,0.05
I000764,O00469,P0349,2,17040.15,0.0
I000765,O00469,P0242,2,12806.32,0.0
I000766,O00469,P0429,1,4623.76,0.0
I000767,O00470,P0023,2,8677.28,0.05
I000768,O00470,P0114,1,2768.84,0.05
I000769,O00471,P0270,2,15544.12,0.05
I000770,O00472,P0196,1,3827.41,0.15
I000771,O00472,P0393,1,1256.74,0.15
I000772,O00473,P0182,5,7028.31,0.15
I000773,O00473,P0106,1,5470.36,0.15
I000774,O00473,P0086,1,12651.01,0.15
I000775,O00474,P0368,1,19421.03,0.25
I000776,O00475,P0223,1,12111.39,0.05
I000777,O00476,P0344,2,5745.03,0.2
I000778,O00477,P0331,2,7610.91,0.2
I000779,O00478,P0384,2,21014.31,0.1
I000780,O00478,P0164,2,744.63,0.1
I000781,O00478,P0494,1,9857.51,0.1
I000782,O00479,P0021,2,18265.35,0.1
I000783,O00480,P0348,2,19194.75,0.1
I000784,O00480,P0072,1,8074.69,0.1
I000785,O00480,P0143,1,2154.67,0.1
I000786,O00481,P0121,3,5223.81,0.05
I000787,O00481,P0411,1,9751.96,0.05
I000788,O00481,P0422,1,6180.37,0.05
I000789,O00482,P0045,4,5553.07,0.05
I000790,O00483,P0077,2,10405.98,0.0
I000791,O00484,P0250,1,17490.25,0.2
I000792,O00484,P0177,2,5666.47,0.2
I000793,O00485,P0077,1,10405.98,0.1
I000794,O00486,P0489,1,16108.48,0.05
I000795,O00487,P0449,2,3785.19,0.1
I000796,O00487,P0111,3,4168.73,0.1
I000797,O00487,P0478,1,24448.55,0.1
I000798,O00488,P0084,3,10059.02,0.0
I000799,O00489,P0231,1,5606.43,0.0
I000800,O00489,P0361,1,8061.24,0.0
I000801,O00489,P0463,1,7934.67,0.0
I000802,O00490,P0047,1,3795.44,0.15
I000803,O00490,P0212,1,15959.35,0.15
I000804,O00491,P0181,1,6969.81,0.2
I000805,O00492,P0045,2,5553.07,0.05
I000806,O00493,P0425,2,3871.16,0.1
I000807,O00494,P0471,2,3362.5,0.05
I000808,O00495,P0404,3,7190.22,0.1
I000809,O00496,P0344,4,5745.03,0.1
I000810,O00497,P0014,2,14738.4,0.05
I000811,O00497,P0289,3,5068.21,0.05
I000812,O00498,P0328,1,15667.69,0.15
I000813,O00498,P0138,1,9332.54,0.15
I000814,O00499,P0107,1,12811.73,0.05
I000815,O00499,P0002,3,685.44,0.05
I000816,O00499,P0027,3,6637.92,0.05
I000817,O00499,P0452,1,14623.62,0.05
I000818,O00500,P0092,1,3959.04,0.25
I000819,O00501,P0157,1,1053.8,0.05
I000820,O00502,P0160,1,6251.25,0.05
I000821,O00502,P0070,2,3923.76,0.05
I000822,O00502,P0239,1,10044.2,0.05
I000823,O00502,P0250,3,17490.25,0.05
I000824,O00503,P0114,2,2768.84,0.25
I000825,O00504,P0085,2,14574.29,0.05
I000826,O00504,P0038,1,13981.96,0.05
I000827,O00505,P0098,2,18024.33,0.1
I000828,O00505,P0490,3,17879.27,0.1
I000829,O00506,P0356,3,17911.43,0.05
I000830,O00507,P0176,1,13983.62,0.0
I000831,O00507,P0374,2,20293.37,0.0
I000832,O00508,P0408,1,12252.4,0.25
I000833,O00509,P0466,1,7584.85,0.05
I000834,O00509,P0067,1,18606.26,0.05
I000835,O00510,P0329,3,6837.04,0.1
I000836,O00511,P0355,1,15161.64,0.2
I000837,O00511,P0041,2,11579.02,0.2
I000838,O00512,P0107,1,12811.73,0.1
I000839,O00512,P0270,4,15544.12,0.1
I000840,O00512,P0397,1,18087.88,0.1
I000841,O00513,P0300,1,11744.09,0.15
I000842,O00514,P0011,1,6896.23,0.15
I000843,O00515,P0032,1,12721.46,0.05
I000844,O00516,P0163,2,16537.01,0.1
I000845,O00516,P0457,1,18511.82,0.1
I000846,O00516,P0001,3,12680.89,0.1
I000847,O00517,P0210,4,3425.1,0.05
I000848,O00518,P0096,2,7114.07,0.0
I000849,O00519,P0320,2,22881.56,0.3
I000850,O00520,P0159,1,12341.8,0.0
I000851,O00521,P0203,3,14797.26,0.1
I000852,O00521,P0417,1,7877.14,0.1
I000853,O00521,P0463,1,7934.67,0.1
I000854,O00521,P0352,2,10103.59,0.1
I000855,O00522,P0258,2,5357.22,0.0
I000856,O00522,P0272,2,13853.17,0.0
I000857,O00522,P0304,1,5766.34,0.0
I000858,O00523,P0332,3,9365.5,0.25
I000859,O00524,P0481,2,1854.72,0.0
I000860,O00524,P0456,1,5984.52,0.0
I000861,O00525,P0042,2,18369.63,0.15
I000862,O00525,P0417,1,7877.14,0.15
I000863,O00525,P0062,2,2140.31,0.15
I000864,O00525,P0027,1,6637.92,0.15
I000865,O00526,P0030,1,18850.92,0.15
I000866,O00526,P0180,1,5738.9,0.15
I000867,O00527,P0358,1,17680.82,0.0
I000868,O00528,P0400,1,7063.54,0.15
I000869,O00529,P0182,1,7028.31,0.25
I000870,O00529,P0174,5,14241.6,0.25
I000871,O00530,P0134,1,8950.35,0.1
I000872,O00531,P0028,2,2327.59,0.05
I000873,O00532,P0059,1,7497.65,0.1
I000874,O00533,P0149,1,18764.92,0.0
I000875,O00534,P0100,1,7091.79,0.25
I000876,O00535,P0132,2,8762.43,0.05
I000877,O00536,P0402,1,5149.65,0.1
I000878,O00536,P0154,1,13970.67,0.1
I000879,O00537,P0428,1,15197.13,0.1
I000880,O00537,P0436,1,9847.38,0.1
I000881,O00537,P0230,1,16237.69,0.1
I000882,O00538,P0108,1,11560.22,0.0
I000883,O00538,P0190,1,4813.84,0.0
I000884,O00539,P0275,4,18205.93,0.0
I000885,O00540,P0088,1,10596.08,0.1
I000886,O00540,P0077,3,10405.98,0.1
I000887,O00540,P0042,2,18369.63,0.1
I000888,O00541,P0018,3,8521.23,0.1
I000889,O00542,P0059,1,7497.65,0.3
I000890,O00542,P0083,3,7026.05,0.3
I000891,O00543,P0401,1,18961.41,0.05
I000892,O00543,P0049,5,10387.8,0.05
I000893,O00543,P0393,3,1256.74,0.05
I000894,O00543,P0221,2,9748.25,0.05
I000895,O00544,P0097,2,16913.36,0.05
I000896,O00544,P0318,1,18336.52,0.05
I000897,O00544,P0398,1,15186.38,0.05
I000898,O00545,P0284,1,9183.48,0.3
I000899,O00545,P0012,4,9210.89,0.3
I000900,O00546,P0183,3,208.22,0.0
I000901,O00547,P0113,2,1476.37,0.1
I000902,O00547,P0140,2,23423.37,0.1
I000903,O00547,P0285,2,11518.27,0.1
I000904,O00547,P0176,1,13983.62,0.1
I000905,O00548,P0457,2,18511.82,0.0
I000906,O00548,P0383,1,5460.56,0.0
I000907,O00549,P0215,1,2961.47,0.25
I000908,O00549,P0085,1,14574.29,0.25
I000909,O00549,P0029,2,7973.77,0.25
I000910,O00550,P0028,1,2327.59,0.05
I000911,O00551,P0499,2,2390.13,0.15
I000912,O00551,P0060,1,10597.6,0.15
I000913,O00552,P0302,1,10139.5,0.2
I000914,O00553,P0342,1,8867.09,0.2
I000915,O00553,P0332,2,9365.5,0.2
I000916,O00554,P0433,3,11369.56,0.1
I000917,O00555,P0473,2,731.76,0.25
I000918,O00556,P0098,4,18024.33,0.15
I000919,O00557,P0449,1,3785.19,0.15
I000920,O00557,P0160,1,6251.25,0.15
I000921,O00557,P0294,1,9318.36,0.15
I000922,O00557,P0496,5,20624.48,0.15
I000923,O00558,P0239,3,10044.2,0.05
I000924,O00558,P0130,2,5669.17,0.05
I000925,O00558,P0131,2,2329.3,0.05
I000926,O00559,P0360,1,4434.75,0.1
I000927,O00559,P0432,3,1677.91,0.1
I000928,O00560,P0069,2,6827.67,0.1
I000929,O00561,P0048,2,881.87,0.0
I000930,O00562,P0069,1,6827.67,0.25
I000931,O00562,P0033,2,2436.78,0.25
I000932,O00563,P0460,1,1760.09,0.0
I000933,O00564,P0423,2,13857.3,0.15
I000934,O00564,P0442,3,12851.94,0.15
I000935,O00564,P0265,1,16102.0,0.15
I000936,O00565,P0005,2,2113.83,0.0
I000937,O00565,P0406,1,1199.98,0.0
I000938,O00565,P0018,1,8521.23,0.0
I000939,O00565,P0133,2,16221.29,0.0
I000940,O00566,P0470,1,16384.1,0.0
I000941,O00566,P0127,1,12125.3,0.0
I000942,O00566,P0088,1,10596.08,0.0
I000943,O00567,P0067,1,18606.26,0.1
I000944,O00567,P0301,2,1551.88,0.1
I000945,O00568,P0280,3,19260.63,0.1
I000946,O00569,P0444,2,4611.38,0.0
I000947,O00569,P0103,2,9874.02,0.0
I000948,O00570,P0063,1,17989.43,0.05
I000949,O00570,P0391,1,16675.09,0.05
I000950,O00571,P0080,5,8081.72,0.05
I000951,O00572,P0017,1,9858.5,0.2
I000952,O00572,P0311,1,13470.81,0.2
I000953,O00573,P0374,1,20293.37,0.15
I000954,O00573,P0453,1,2027.99,0.15
I000955,O00573,P0099,1,11095.32,0.15
I000956,O00574,P0367,1,14116.53,0.15
I000957,O00574,P0296,1,10086.41,0.15
I000958,O00575,P0264,1,11827.53,0.25
I000959,O00575,P0156,2,17438.42,0.25
I000960,O00576,P0366,1,12694.5,0.15
I000961,O00577,P0191,1,14335.92,0.0
I000962,O00577,P0456,2,5984.52,0.0
I000963,O00578,P0471,3,3362.5,0.25
I000964,O00578,P0330,2,621.58,0.25
I000965,O00579,P0407,1,775.43,0.0
I000966,O00580,P0124,1,15514.19,0.05
I000967,O00581,P0251,1,13718.51,0.05
I000968,O00582,P0469,3,12828.28,0.0
I000969,O00582,P0232,1,14966.59,0.0
I000970,O00582,P0140,1,23423.37,0.0
I000971,O00583,P0418,1,12929.12,0.0
I000972,O00583,P0145,1,5897.75,0.0
I000973,O00584,P0148,3,3827.6,0.1
I000974,O00585,P0016,1,4929.52,0.15
I000975,O00586,P0275,1,18205.93,0.1
I000976,O00587,P0389,2,10740.24,0.05
I000977,O00587,P0180,1,5738.9,0.05
I000978,O00588,P0102,1,4552.64,0.2
I000979,O00588,P0129,2,15750.63,0.2
I000980,O00589,P0231,1,5606.43,0.05
I000981,O00589,P0027,1,6637.92,0.05
I000982,O00589,P0074,1,20503.04,0.05
I000983,O00590,P0314,4,5199.64,0.2
I000984,O00591,P0188,3,6865.34,0.0
I000985,O00592,P0369,1,2936.18,0.05
I000986,O00593,P0119,2,14136.98,0.15
I000987,O00593,P0415,2,19105.92,0.15
I000988,O00594,P0025,2,21151.19,0.0
I000989,O00595,P0158,1,9904.7,0.25
I000990,O00596,P0034,5,3767.39,0.05
I000991,O00596,P0142,2,7546.26,0.05
I000992,O00597,P0131,1,2329.3,0.25
I000993,O00597,P0269,3,9853.0,0.25
I000994,O00598,P0394,1,9719.2,0.15
I000995,O00599,P0119,2,14136.98,0.25
I000996,O00600,P0077,1,10405.98,0.0
I000997,O00600,P0125,2,8357.18,0.0
I000998,O00601,P0436,1,9847.38,0.15
I000999,O00601,P0242,3,12806.32,0.15
I001000,O00601,P0434,3,15961.32,0.15
I001001,O00602,P0269,2,9853.0,0.2
I001002,O00603,P0331,3,7610.91,0.3
I001003,O00604,P0116,2,14318.59,0.0
I001004,O00604,P0455,3,6841.97,0.0
I001005,O00604,P0339,2,8938.6,0.0
I001006,O00605,P0034,1,3767.39,0.0
I001007,O00606,P0474,1,2142.32,0.15
I001008,O00606,P0155,3,16173.54,0.15
I001009,O00606,P0346,4,17166.81,0.15
I001010,O00607,P0173,1,11347.23,0.0
I001011,O00607,P0110,4,239.19,0.0
I001012,O00608,P0093,1,11807.43,0.0
I001013,O00608,P0390,1,2477.97,0.0
I001014,O00609,P0388,1,10509.73,0.1
I001015,O00609,P0130,5,5669.17,0.1
I001016,O00609,P0484,1,14051.85,0.1
I001017,O00610,P0305,1,5268.03,0.1
I001018,O00611,P0056,2,5412.25,0.1
I001019,O00611,P0164,1,744.63,0.1
I001020,O00611,P0018,2,8521.23,0.1
I001021,O00612,P0291,1,8891.78,0.0
I001022,O00612,P0292,1,21583.15,0.0
I001023,O00613,P0024,4,14146.9,0.1
I001024,O00614,P0442,3,12851.94,0.05
I001025,O00615,P0134,3,8950.35,0.15
I001026,O00615,P0436,1,9847.38,0.15
I001027,O00616,P0231,2,5606.43,0.05
I001028,O00616,P0183,1,208.22,0.05
I001029,O00616,P0484,2,14051.85,0.05
I001030,O00617,P0056,2,5412.25,0.05
I001031,O00617,P0356,3,17911.43,0.05
I001032,O00617,P0033,2,2436.78,0.05
I001033,O00618,P0389,2,10740.24,0.15
I001034,O00619,P0078,1,18121.01,0.15
I001035,O00619,P0224,3,14337.8,0.15
I001036,O00619,P0001,1,12680.89,0.15
I001037,O00620,P0188,3,6865.34,0.0
I001038,O00621,P0424,1,1099.43,0.1
I001039,O00621,P0207,1,9618.99,0.1
I001040,O00621,P0273,1,1414.88,0.1
I001041,O00621,P0457,5,18511.82,0.1
I001042,O00622,P0358,1,17680.82,0.15
I001043,O00623,P0281,1,8647.87,0.1
I001044,O00624,P0380,1,1803.38,0.2
I001045,O00625,P0309,2,879.52,0.0
I001046,O00625,P0212,2,15959.35,0.0
I001047,O00626,P0395,1,16050.27,0.25
I001048,O00627,P0321,2,15173.01,0.05
I001049,O00627,P0092,1,3959.04,0.05
I001050,O00627,P0224,1,14337.8,0.05
I001051,O00628,P0216,1,4253.32,0.1
I001052,O00629,P0359,1,17408.84,0.0
I001053,O00629,P0446,1,18710.12,0.0
I001054,O00630,P0035,1,10869.62,0.15
I001055,O00631,P0017,1,9858.5,0.1
I001056,O00631,P0161,1,4912.94,0.1
I001057,O00632,P0443,1,3024.24,0.25
I001058,O00633,P0410,3,8140.59,0.1
I001059,O00634,P0462,3,8013.86,0.15
I001060,O00634,P0482,3,16166.73,0.15
I001061,O00634,P0311,3,13470.81,0.15
I001062,O00635,P0361,1,8061.24,0.0
I001063,O00636,P0029,1,7973.77,0.0
I001064,O00636,P0085,1,14574.29,0.0
I001065,O00637,P0164,1,744.63,0.25
I001066,O00638,P0241,1,9473.89,0.05
I001067,O00638,P0396,3,6181.52,0.05
I001068,O00638,P0380,2,1803.38,0.05
I001069,O00639,P0238,1,16729.81,0.2
I001070,O00640,P0069,3,6827.67,0.0
I001071,O00640,P0479,1,2007.3,0.0
I001072,O00640,P0460,2,1760.09,0.0
I001073,O00641,P0085,1,14574.29,0.1
I001074,O00642,P0386,2,7920.43,0.1
I001075,O00642,P0283,3,10933.03,0.1
I001076,O00642,P0025,3,21151.19,0.1
I001077,O00643,P0271,1,10464.94,0.25
I001078,O00643,P0181,1,6969.81,0.25
I001079,O00643,P0348,3,19194.75,0.25
I001080,O00644,P0138,2,9332.54,0.1
I001081,O00644,P0171,5,6118.98,0.1
I001082,O00645,P0242,1,12806.32,0.0
I001083,O00646,P0436,3,9847.38,0.1
I001084,O00647,P0115,2,10805.92,0.2
I001085,O00648,P0414,1,3244.46,0.0
I001086,O00648,P0482,2,16166.73,0.0
I001087,O00649,P0192,1,13132.41,0.0
I001088,O00649,P0365,1,1546.12,0.0
I001089,O00650,P0089,1,21527.82,0.2
I001090,O00651,P0091,1,5800.05,0.2
I001091,O00652,P0376,2,21096.71,0.05
I001092,O00652,P0229,2,971.19,0.05
I001093,O00652,P0013,3,1067.21,0.05
I001094,O00653,P0026,4,8043.88,0.15
I001095,O00654,P0290,4,5856.65,0.0
I001096,O00655,P0475,2,6070.94,0.15
I001097,O00656,P0467,1,7857.91,0.05
I001098,O00656,P0332,2,9365.5,0.05
I001099,O00657,P0032,1,12721.46,0.05
I001100,O00658,P0160,4,6251.25,0.15
I001101,O00658,P0089,1,21527.82,0.15
I001102,O00658,P0075,1,16717.1,0.15
I001103,O00659,P0182,1,7028.31,0.2
I001104,O00660,P0063,1,17989.43,0.0
I001105,O00661,P0315,1,8767.22,0.0
I001106,O00661,P0054,4,22196.9,0.0
I001107,O00662,P0388,4,10509.73,0.05
I001108,O00663,P0350,1,14181.21,0.25
I001109,O00664,P0275,3,18205.93,0.2
I001110,O00664,P0205,1,15563.05,0.2
I001111,O00664,P0232,1,14966.59,0.2
I001112,O00665,P0347,3,207.7,0.2
I001113,O00665,P0227,1,1214.17,0.2
I001114,O00666,P0002,2,685.44,0.05
I001115,O00667,P0155,2,16173.54,0.05
I001116,O00668,P0202,1,4958.04,0.05
I001117,O00669,P0216,1,4253.32,0.2
I001118,O00669,P0281,1,8647.87,0.2
I001119,O00670,P0383,1,5460.56,0.05
I001120,O00671,P0373,2,8955.67,0.1
I001121,O00672,P0027,1,6637.92,0.05
I001122,O00672,P0295,1,12191.72,0.05
I001123,O00673,P0276,2,15791.95,0.1
I001124,O00673,P0242,2,12806.32,0.1
I001125,O00674,P0343,3,21720.15,0.05
I001126,O00674,P0204,1,3139.42,0.05
I001127,O00674,P0476,4,1078.88,0.05
I001128,O00675,P0226,1,1989.2,0.05
I001129,O00676,P0432,2,1677.91,0.1
I001130,O00676,P0411,1,9751.96,0.1
I001131,O00677,P0038,1,13981.96,0.05
I001132,O00677,P0464,1,11639.56,0.05
I001133,O00677,P0243,1,5300.75,0.05
I001134,O00678,P0499,2,2390.13,0.2
I001135,O00679,P0169,1,5258.15,0.1
I001136,O00679,P0296,3,10086.41,0.1
I001137,O00680,P0360,1,4434.75,0.0
I001138,O00680,P0420,4,5156.99,0.0
I001139,O00680,P0075,2,16717.1,0.0
I001140,O00680,P0184,1,5176.95,0.0
I001141,O00681,P0138,2,9332.54,0.05
I001142,O00682,P0064,1,18152.26,0.0
I001143,O00683,P0290,1,5856.65,0.05
I001144,O00684,P0464,1,11639.56,0.15
I001145,O00684,P0110,2,239.19,0.15
I001146,O00685,P0403,1,10949.03,0.05
I001147,O00685,P0433,4,11369.56,0.05
I001148,O00685,P0498,1,1038.57,0.05
I001149,O00686,P0493,1,17331.35,0.0
I001150,O00687,P0098,1,18024.33,0.05
I001151,O00688,P0358,1,17680.82,0.1
I001152,O00689,P0444,1,4611.38,0.1
I001153,O00690,P0152,1,11257.85,0.05
I001154,O00690,P0122,1,20389.93,0.05
I001155,O00691,P0360,1,4434.75,0.2
I001156,O00692,P0499,4,2390.13,0.1
I001157,O00692,P0414,2,3244.46,0.1
I001158,O00692,P0249,1,11650.12,0.1
I001159,O00693,P0131,2,2329.3,0.1
I001160,O00693,P0216,1,4253.32,0.1
I001161,O00694,P0223,1,12111.39,0.0
I001162,O00695,P0180,2,5738.9,0.1
I001163,O00696,P0358,4,17680.82,0.1
I001164,O00696,P0365,1,1546.12,0.1
I001165,O00696,P0247,3,5866.18,0.1
I001166,O00697,P0081,1,12661.97,0.0
I001167,O00697,P0080,1,8081.72,0.0
I001168,O00697,P0045,1,5553.07,0.0
I001169,O00698,P0044,1,4750.75,0.05
I001170,O00699,P0204,2,3139.42,0.05
I001171,O00700,P0059,2,7497.65,0.0
I001172,O00701,P0468,2,17686.56,0.1
I001173,O00701,P0172,1,13856.39,0.1
I001174,O00702,P0401,1,18961.41,0.05
I001175,O00703,P0464,1,11639.56,0.05
I001176,O00703,P0164,3,744.63,0.05
I001177,O00704,P0304,1,5766.34,0.05
I001178,O00705,P0454,1,13398.41,0.1
I001179,O00706,P0423,2,13857.3,0.1
I001180,O00707,P0087,1,5413.54,0.1
I001181,O00708,P0010,3,8507.4,0.05
I001182,O00708,P0353,1,4627.28,0.05
I001183,O00709,P0233,2,9166.88,0.15
I001184,O00710,P0058,4,10856.44,0.0
I001185,O00711,P0244,1,6694.24,0.15
I001186,O00712,P0193,1,3841.48,0.05
I001187,O00712,P0020,1,16894.73,0.05
I001188,O00713,P0250,1,17490.25,0.05
I001189,O00714,P0073,1,14367.83,0.1
I001190,O00714,P0241,1,9473.89,0.1
I001191,O00715,P0084,1,10059.02,0.1
I001192,O00715,P0046,1,15363.92,0.1
I001193,O00715,P0463,4,7934.67,0.1
I001194,O00715,P0192,1,13132.41,0.1
I001195,O00716,P0210,1,3425.1,0.1
I001196,O00716,P0358,4,17680.82,0.1
I001197,O00716,P0352,1,10103.59,0.1
I001198,O00717,P0218,1,10519.23,0.25
I001199,O00718,P0312,5,8312.33,0.2
I001200,O00719,P0349,1,17040.15,0.05
I001201,O00719,P0241,2,9473.89,0.05
I001202,O00719,P0422,1,6180.37,0.05
I001203,O00719,P0072,1,8074.69,0.05
I001204,O00720,P0373,2,8955.67,0.1
I001205,O00721,P0341,4,9492.87,0.15
I001206,O00722,P0114,2,2768.84,0.05
I001207,O00723,P0344,2,5745.03,0.0
I001208,O00724,P0462,1,8013.86,0.25
I001209,O00724,P0300,3,11744.09,0.25
I001210,O00725,P0058,1,10856.44,0.25
I001211,O00726,P0060,1,10597.6,0.05
I001212,O00727,P0277,2,14027.28,0.05
I001213,O00728,P0122,1,20389.93,0.0
I001214,O00728,P0409,1,8257.04,0.0
I001215,O00728,P0166,2,4299.84,0.0
I001216,O00729,P0059,1,7497.65,0.15
I001217,O00729,P0152,1,11257.85,0.15
I001218,O00730,P0167,1,2741.53,0.15
I001219,O00730,P0284,1,9183.48,0.15
I001220,O00731,P0397,1,18087.88,0.1
I001221,O00731,P0252,2,18803.98,0.1
I001222,O00732,P0331,1,7610.91,0.05
I001223,O00732,P0318,3,18336.52,0.05
I001224,O00732,P0110,1,239.19,0.05
I001225,O00733,P0214,1,3598.9,0.1
I001226,O00733,P0287,4,11017.89,0.1
I001227,O00734,P0254,2,1468.59,0.1
I001228,O00735,P0115,1,10805.92,0.1
I001229,O00736,P0167,1,2741.53,0.1
I001230,O00736,P0091,2,5800.05,0.1
I001231,O00737,P0386,2,7920.43,0.0
I001232,O00738,P0224,1,14337.8,0.1
I001233,O00738,P0270,1,15544.12,0.1
I001234,O00739,P0180,1,5738.9,0.05
I001235,O00739,P0116,3,14318.59,0.05
I001236,O00739,P0335,1,3821.2,0.05
I001237,O00740,P0206,1,13942.45,0.1
I001238,O00741,P0316,3,18765.5,0.0
I001239,O00742,P0423,1,13857.3,0.2
I001240,O00743,P0257,1,8094.05,0.2
I001241,O00743,P0349,1,17040.15,0.2
I001242,O00743,P0110,1,239.19,0.2
I001243,O00744,P0117,1,5812.89,0.1
I001244,O00745,P0089,2,21527.82,0.15
I001245,O00745,P0423,1,13857.3,0.15
I001246,O00746,P0212,1,15959.35,0.1
I001247,O00747,P0348,2,19194.75,0.1
I001248,O00748,P0492,1,13278.61,0.1
I001249,O00748,P0409,1,8257.04,0.1
I001250,O00749,P0233,1,9166.88,0.05
I001251,O00749,P0359,2,17408.84,0.05
I001252,O00750,P0009,1,10894.67,0.25
I001253,O00751,P0065,1,11896.67,0.1
I001254,O00751,P0260,1,9638.98,0.1
I001255,O00752,P0103,1,9874.02,0.3
I001256,O00752,P0231,1,5606.43,0.3
I001257,O00752,P0230,4,16237.69,0.3
I001258,O00752,P0499,1,2390.13,0.3
I001259,O00753,P0044,3,4750.75,0.1
I001260,O00753,P0270,3,15544.12,0.1
I001261,O00754,P0169,2,5258.15,0.0
I001262,O00755,P0271,1,10464.94,0.05
I001263,O00755,P0343,2,21720.15,0.05
I001264,O00755,P0067,1,18606.26,0.05
I001265,O00756,P0346,1,17166.81,0.15
I001266,O00757,P0229,4,971.19,0.2
I001267,O00758,P0081,1,12661.97,0.1
I001268,O00758,P0371,3,14987.41,0.1
I001269,O00759,P0458,4,11252.82,0.1
I001270,O00760,P0017,1,9858.5,0.0
I001271,O00761,P0150,2,19657.29,0.0
I001272,O00762,P0353,1,4627.28,0.0
I001273,O00762,P0394,1,9719.2,0.0
I001274,O00763,P0284,1,9183.48,0.15
I001275,O00764,P0067,1,18606.26,0.2
I001276,O00764,P0262,1,12660.19,0.2
I001277,O00764,P0425,1,3871.16,0.2
I001278,O00765,P0167,1,2741.53,0.0
I001279,O00766,P0337,4,6259.83,0.05
I001280,O00767,P0450,2,2255.15,0.1
I001281,O00767,P0487,2,2276.61,0.1
I001282,O00768,P0449,3,3785.19,0.0
I001283,O00768,P0029,1,7973.77,0.0
I001284,O00769,P0223,2,12111.39,0.1
I001285,O00769,P0179,3,12189.37,0.1
I001286,O00770,P0225,1,925.67,0.25
I001287,O00771,P0096,1,7114.07,0.15
I001288,O00771,P0262,3,12660.19,0.15
I001289,O00771,P0401,1,18961.41,0.15
I001290,O00772,P0432,1,1677.91,0.0
I001291,O00772,P0347,2,207.7,0.0
I001292,O00773,P0020,1,16894.73,0.0
I001293,O00773,P0408,1,12252.4,0.0
I001294,O00773,P0044,2,4750.75,0.0
I001295,O00774,P0037,1,5389.2,0.1
I001296,O00774,P0496,2,20624.48,0.1
I001297,O00774,P0453,5,2027.99,0.1
I001298,O00775,P0140,1,23423.37,0.3
I001299,O00776,P0368,1,19421.03,0.15
I001300,O00776,P0296,2,10086.41,0.15
I001301,O00777,P0200,4,9202.06,0.05
I001302,O00777,P0205,1,15563.05,0.05
I001303,O00778,P0417,1,7877.14,0.0
I001304,O00778,P0146,2,12538.22,0.0
I001305,O00778,P0002,1,685.44,0.0
I001306,O00778,P0046,2,15363.92,0.0
I001307,O00779,P0045,1,5553.07,0.1
I001308,O00779,P0445,2,5378.95,0.1
I001309,O00780,P0411,1,9751.96,0.0
I001310,O00781,P0090,1,19317.51,0.05
I001311,O00782,P0457,1,18511.82,0.0
I001312,O00782,P0234,2,6819.79,0.0
I001313,O00782,P0331,3,7610.91,0.0
I001314,O00783,P0479,1,2007.3,0.15
I001315,O00784,P0213,1,13682.03,0.0
I001316,O00784,P0364,1,20513.3,0.0
I001317,O00785,P0323,1,19857.8,0.1
I001318,O00785,P0171,1,6118.98,0.1
I001319,O00785,P0481,2,1854.72,0.1
I001320,O00786,P0280,1,19260.63,0.15
I001321,O00787,P0420,2,5156.99,0.0
I001322,O00787,P0138,1,9332.54,0.0
I001323,O00788,P0366,1,12694.5,0.2
I001324,O00789,P0399,2,9834.2,0.0
I001325,O00789,P0412,2,14362.31,0.0
I001326,O00790,P0209,1,17935.22,0.15
I001327,O00790,P0445,2,5378.95,0.15
I001328,O00790,P0270,3,15544.12,0.15
I001329,O00791,P0112,1,10276.51,0.0
I001330,O00792,P0355,2,15161.64,0.15
I001331,O00792,P0294,2,9318.36,0.15
I001332,O00792,P0467,1,7857.91,0.15
I001333,O00792,P0410,2,8140.59,0.15
I001334,O00793,P0035,1,10869.62,0.1
I001335,O00794,P0470,1,16384.1,0.1
I001336,O00795,P0443,2,3024.24,0.05
I001337,O00795,P0199,1,13045.06,0.05
I001338,O00796,P0176,3,13983.62,0.05
I001339,O00797,P0184,1,5176.95,0.1
I001340,O00798,P0453,1,2027.99,0.15
I001341,O00799,P0377,1,7254.24,0.0
I001342,O00800,P0193,1,3841.48,0.15
I001343,O00800,P0226,5,1989.2,0.15
I001344,O00800,P0412,1,14362.31,0.15
I001345,O00801,P0440,3,10988.87,0.1
I001346,O00802,P0061,1,9428.51,0.1
I001347,O00802,P0013,1,1067.21,0.1
I001348,O00803,P0113,1,1476.37,0.0
I001349,O00804,P0311,1,13470.81,0.0
I001350,O00805,P0257,2,8094.05,0.1
I001351,O00806,P0373,1,8955.67,0.3
I001352,O00807,P0409,1,8257.04,0.05
I001353,O00807,P0204,2,3139.42,0.05
I001354,O00808,P0443,1,3024.24,0.0
I001355,O00809,P0437,1,9057.77,0.1
I001356,O00810,P0423,1,13857.3,0.0
I001357,O00810,P0387,1,11008.74,0.0
I001358,O00811,P0109,1,7019.11,0.05
I001359,O00812,P0168,2,11374.5,0.05
I001360,O00813,P0267,4,13380.29,0.0
I001361,O00813,P0317,3,14355.69,0.0
I001362,O00813,P0155,2,16173.54,0.0
I001363,O00813,P0448,1,11150.05,0.0
I001364,O00814,P0184,2,5176.95,0.15
I001365,O00815,P0070,1,3923.76,0.2
I001366,O00815,P0089,2,21527.82,0.2
I001367,O00816,P0405,1,10874.23,0.3
I001368,O00816,P0261,1,9413.55,0.3
I001369,O00817,P0081,3,12661.97,0.1
I001370,O00818,P0183,1,208.22,0.05
I001371,O00819,P0229,3,971.19,0.15
I001372,O00820,P0026,1,8043.88,0.15
I001373,O00821,P0352,5,10103.59,0.05
I001374,O00821,P0332,3,9365.5,0.05
I001375,O00821,P0410,1,8140.59,0.05
I001376,O00821,P0105,1,10085.48,0.05
I001377,O00822,P0483,1,14346.17,0.1
I001378,O00823,P0145,3,5897.75,0.2
I001379,O00824,P0269,1,9853.0,0.05
I001380,O00825,P0179,2,12189.37,0.0
I001381,O00825,P0216,1,4253.32,0.0
I001382,O00826,P0114,3,2768.84,0.1
I001383,O00826,P0069,2,6827.67,0.1
I001384,O00826,P0450,2,2255.15,0.1
I001385,O00827,P0174,3,14241.6,0.15
I001386,O00827,P0408,1,12252.4,0.15
I001387,O00828,P0206,1,13942.45,0.1
I001388,O00829,P0433,1,11369.56,0.1
I001389,O00829,P0242,2,12806.32,0.1
I001390,O00830,P0439,4,11309.42,0.05
I001391,O00830,P0163,1,16537.01,0.05
I001392,O00831,P0116,2,14318.59,0.15
I001393,O00831,P0117,2,5812.89,0.15
I001394,O00831,P0134,2,8950.35,0.15
I001395,O00831,P0339,5,8938.6,0.15
I001396,O00832,P0099,1,11095.32,0.0
I001397,O00833,P0062,1,2140.31,0.0
I001398,O00834,P0060,1,10597.6,0.1
I001399,O00835,P0125,1,8357.18,0.25
I001400,O00835,P0408,2,12252.4,0.25
I001401,O00836,P0223,2,12111.39,0.1
I001402,O00836,P0127,1,12125.3,0.1
I001403,O00836,P0316,1,18765.5,0.1
I001404,O00837,P0055,1,18288.33,0.05
I001405,O00837,P0318,2,18336.52,0.05
I001406,O00838,P0456,1,5984.52,0.1
I001407,O00838,P0323,1,19857.8,0.1
I001408,O00839,P0222,1,6948.91,0.2
I001409,O00840,P0146,1,12538.22,0.1
I001410,O00841,P0240,1,16345.25,0.0
I001411,O00842,P0200,5,9202.06,0.1
I001412,O00843,P0078,2,18121.01,0.05
I001413,O00843,P0154,2,13970.67,0.05
I001414,O00844,P0350,1,14181.21,0.2
I001415,O00844,P0453,1,2027.99,0.2
I001416,O00844,P0348,3,19194.75,0.2
I001417,O00845,P0394,1,9719.2,0.05
I001418,O00846,P0064,1,18152.26,0.0
I001419,O00847,P0168,1,11374.5,0.05
I001420,O00848,P0283,1,10933.03,0.0
I001421,O00848,P0372,1,5715.65,0.0
I001422,O00848,P0265,2,16102.0,0.0
I001423,O00849,P0372,1,5715.65,0.2
I001424,O00849,P0066,1,4602.72,0.2
I001425,O00849,P0219,3,1340.09,0.2
I001426,O00849,P0282,1,4087.36,0.2
I001427,O00850,P0163,1,16537.01,0.1
I001428,O00851,P0478,1,24448.55,0.1
I001429,O00852,P0294,1,9318.36,0.05
I001430,O00852,P0084,2,10059.02,0.05
I001431,O00853,P0115,4,10805.92,0.1
I001432,O00854,P0326,1,1200.34,0.15
I001433,O00854,P0022,2,16227.09,0.15
I001434,O00855,P0021,1,18265.35,0.05
I001435,O00855,P0345,4,18312.01,0.05
I001436,O00855,P0236,1,13763.86,0.05
I001437,O00856,P0454,1,13398.41,0.0
I001438,O00857,P0235,1,17675.52,0.1
I001439,O00858,P0096,1,7114.07,0.2
I001440,O00859,P0308,2,10963.13,0.1
I001441,O00859,P0217,1,2504.14,0.1
I001442,O00860,P0413,1,4516.32,0.15
I001443,O00860,P0334,1,5599.91,0.15
I001444,O00860,P0106,1,5470.36,0.15
I001445,O00860,P0257,1,8094.05,0.15
I001446,O00861,P0443,2,3024.24,0.2
I001447,O00862,P0019,1,7331.38,0.0
I001448,O00863,P0456,4,5984.52,0.1
I001449,O00863,P0330,3,621.58,0.1
I001450,O00864,P0202,2,4958.04,0.2
I001451,O00864,P0407,1,775.43,0.2
I001452,O00865,P0275,1,18205.93,0.1
I001453,O00866,P0476,2,1078.88,0.1
I001454,O00867,P0242,2,12806.32,0.15
I001455,O00868,P0057,2,14313.59,0.15
I001456,O00869,P0336,2,5532.6,0.1
I001457,O00869,P0439,1,11309.42,0.1
I001458,O00869,P0384,1,21014.31,0.1
I001459,O00870,P0245,1,14211.09,0.0
I001460,O00871,P0294,1,9318.36,0.1
I001461,O00871,P0046,1,15363.92,0.1
I001462,O00872,P0167,2,2741.53,0.05
I001463,O00872,P0389,1,10740.24,0.05
I001464,O00873,P0256,1,10413.89,0.05
I001465,O00874,P0055,1,18288.33,0.15
I001466,O00875,P0477,1,13272.75,0.1
I001467,O00876,P0227,1,1214.17,0.15
I001468,O00877,P0402,1,5149.65,0.05
I001469,O00877,P0035,2,10869.62,0.05
I001470,O00878,P0232,2,14966.59,0.2
I001471,O00879,P0017,5,9858.5,0.1
I001472,O00880,P0493,1,17331.35,0.1
I001473,O00880,P0406,4,1199.98,0.1
I001474,O00881,P0279,2,820.43,0.0
I001475,O00882,P0386,1,7920.43,0.1
I001476,O00882,P0144,2,5083.64,0.1
I001477,O00882,P0333,1,16891.72,0.1
I001478,O00882,P0325,5,883.29,0.1
I001479,O00883,P0471,2,3362.5,0.05
I001480,O00884,P0253,3,10206.89,0.15
I001481,O00884,P0493,1,17331.35,0.15
I001482,O00885,P0282,1,4087.36,0.15
I001483,O00886,P0400,1,7063.54,0.0
I001484,O00886,P0213,1,13682.03,0.0
I001485,O00886,P0298,3,14301.55,0.0
I001486,O00887,P0012,2,9210.89,0.1
I001487,O00888,P0411,2,9751.96,0.0
I001488,O00889,P0311,1,13470.81,0.1
I001489,O00890,P0297,1,14103.76,0.2
I001490,O00891,P0399,1,9834.2,0.2
I001491,O00891,P0241,1,9473.89,0.2
I001492,O00891,P0359,1,17408.84,0.2
I001493,O00891,P0191,1,14335.92,0.2
I001494,O00892,P0060,1,10597.6,0.05
I001495,O00893,P0027,1,6637.92,0.0
I001496,O00893,P0214,1,3598.9,0.0
I001497,O00894,P0248,1,5481.12,0.15
I001498,O00895,P0279,2,820.43,0.1
I001499,O00896,P0079,1,16242.79,0.1
I001500,O00897,P0337,1,6259.83,0.15
I001501,O00897,P0039,2,1954.54,0.15
I001502,O00897,P0003,1,14157.19,0.15
I001503,O00897,P0037,2,5389.2,0.15
I001504,O00898,P0161,1,4912.94,0.05
I001505,O00899,P0080,1,8081.72,0.05
I001506,O00900,P0201,1,18090.68,0.1
I001507,O00901,P0152,3,11257.85,0.05
I001508,O00902,P0322,1,179.06,0.1
I001509,O00902,P0091,3,5800.05,0.1
I001510,O00903,P0203,1,14797.26,0.1
I001511,O00904,P0166,1,4299.84,0.05
I001512,O00904,P0106,2,5470.36,0.05
I001513,O00904,P0187,2,6663.59,0.05
I001514,O00905,P0448,1,11150.05,0.0
I001515,O00906,P0340,2,6540.28,0.15
I001516,O00906,P0011,3,6896.23,0.15
I001517,O00907,P0390,4,2477.97,0.15
I001518,O00907,P0087,2,5413.54,0.15
I001519,O00907,P0025,1,21151.19,0.15
I001520,O00908,P0311,1,13470.81,0.1
I001521,O00908,P0429,1,4623.76,0.1
I001522,O00908,P0307,3,8542.99,0.1
I001523,O00909,P0285,2,11518.27,0.0
I001524,O00909,P0432,2,1677.91,0.0
I001525,O00910,P0218,3,10519.23,0.1
I001526,O00910,P0282,1,4087.36,0.1
I001527,O00911,P0426,1,17258.9,0.0
I001528,O00912,P0475,1,6070.94,0.2
I001529,O00912,P0299,2,9253.96,0.2
I001530,O00913,P0058,2,10856.44,0.15
I001531,O00914,P0454,5,13398.41,0.0
I001532,O00915,P0305,3,5268.03,0.0
I001533,O00916,P0150,1,19657.29,0.3
I001534,O00916,P0019,1,7331.38,0.3
I001535,O00916,P0334,2,5599.91,0.3
I001536,O00917,P0270,1,15544.12,0.0
I001537,O00918,P0080,1,8081.72,0.2
I001538,O00918,P0443,1,3024.24,0.2
I001539,O00919,P0043,2,230.23,0.25
I001540,O00920,P0345,1,18312.01,0.05
I001541,O00921,P0284,1,9183.48,0.1
I001542,O00921,P0230,1,16237.69,0.1
I001543,O00921,P0027,2,6637.92,0.1
I001544,O00922,P0338,1,9789.99,0.1
I001545,O00922,P0114,1,2768.84,0.1
I001546,O00923,P0279,1,820.43,0.1
I001547,O00923,P0078,1,18121.01,0.1
I001548,O00924,P0083,3,7026.05,0.05
I001549,O00925,P0389,1,10740.24,0.1
I001550,O00926,P0361,2,8061.24,0.05
I001551,O00926,P0127,2,12125.3,0.05
I001552,O00926,P0042,1,18369.63,0.05
I001553,O00927,P0345,3,18312.01,0.0
I001554,O00927,P0143,1,2154.67,0.0
I001555,O00928,P0389,1,10740.24,0.1
I001556,O00929,P0459,3,15147.66,0.05
I001557,O00929,P0370,2,12293.71,0.05
I001558,O00929,P0045,1,5553.07,0.05
I001559,O00930,P0434,1,15961.32,0.0
I001560,O00931,P0273,5,1414.88,0.25
I001561,O00932,P0262,1,12660.19,0.0
I001562,O00933,P0129,1,15750.63,0.2
I001563,O00934,P0250,1,17490.25,0.05
I001564,O00934,P0006,3,12139.02,0.05
I001565,O00935,P0086,1,12651.01,0.0
I001566,O00935,P0229,1,971.19,0.0
I001567,O00936,P0450,1,2255.15,0.0
I001568,O00937,P0279,2,820.43,0.1
I001569,O00937,P0316,1,18765.5,0.1
I001570,O00938,P0030,3,18850.92,0.1
I001571,O00939,P0102,1,4552.64,0.2
I001572,O00939,P0486,1,7416.01,0.2
I001573,O00939,P0121,1,5223.81,0.2
I001574,O00940,P0047,1,3795.44,0.15
I001575,O00941,P0255,1,2178.42,0.0
I001576,O00942,P0104,1,389.71,0.0
I001577,O00942,P0186,1,14403.22,0.0
I001578,O00943,P0458,3,11252.82,0.0
I001579,O00944,P0356,1,17911.43,0.15
I001580,O00944,P0127,2,12125.3,0.15
I001581,O00945,P0406,1,1199.98,0.0
I001582,O00946,P0498,1,1038.57,0.0
I001583,O00947,P0012,2,9210.89,0.1
I001584,O00948,P0067,1,18606.26,0.0
I001585,O00948,P0135,1,13687.78,0.0
I001586,O00948,P0180,1,5738.9,0.0
I001587,O00949,P0306,1,20887.78,0.0
I001588,O00949,P0406,2,1199.98,0.0
I001589,O00949,P0004,2,21658.55,0.0
I001590,O00950,P0259,3,9091.06,0.05
I001591,O00951,P0212,1,15959.35,0.05
I001592,O00951,P0181,2,6969.81,0.05
I001593,O00951,P0334,1,5599.91,0.05
I001594,O00952,P0306,1,20887.78,0.0
I001595,O00952,P0352,1,10103.59,0.0
I001596,O00953,P0134,2,8950.35,0.15
I001597,O00954,P0127,3,12125.3,0.15
I001598,O00955,P0394,4,9719.2,0.05
I001599,O00956,P0439,2,11309.42,0.15
I001600,O00956,P0202,2,4958.04,0.15
I001601,O00957,P0280,1,19260.63,0.05
I001602,O00958,P0423,1,13857.3,0.3
I001603,O00959,P0456,3,5984.52,0.05
I001604,O00959,P0352,1,10103.59,0.05
I001605,O00959,P0084,3,10059.02,0.05
I001606,O00959,P0024,1,14146.9,0.05
I001607,O00960,P0447,2,13008.01,0.15
I001608,O00960,P0412,2,14362.31,0.15
I001609,O00961,P0330,2,621.58,0.05
I001610,O00961,P0236,1,13763.86,0.05
I001611,O00962,P0327,1,7197.89,0.1
I001612,O00962,P0496,1,20624.48,0.1
I001613,O00963,P0152,1,11257.85,0.1
I001614,O00963,P0344,3,5745.03,0.1
I001615,O00964,P0477,1,13272.75,0.05
I001616,O00965,P0442,2,12851.94,0.15
I001617,O00966,P0085,1,14574.29,0.0
I001618,O00966,P0367,1,14116.53,0.0
I001619,O00966,P0249,1,11650.12,0.0
I001620,O00967,P0234,5,6819.79,0.1
I001621,O00967,P0118,1,11312.75,0.1
I001622,O00967,P0147,1,5903.16,0.1
I001623,O00968,P0178,5,9447.65,0.05
I001624,O00968,P0186,1,14403.22,0.05
I001625,O00968,P0331,1,7610.91,0.05
I001626,O00969,P0143,1,2154.67,0.25
I001627,O00969,P0464,1,11639.56,0.25
I001628,O00969,P0130,1,5669.17,0.25
I001629,O00969,P0187,1,6663.59,0.25
I001630,O00970,P0369,1,2936.18,0.2
I001631,O00971,P0154,1,13970.67,0.1
I001632,O00972,P0392,1,10129.56,0.1
I001633,O00972,P0195,2,18266.79,0.1
I001634,O00972,P0375,2,1937.18,0.1
I001635,O00973,P0113,1,1476.37,0.2
I001636,O00974,P0416,3,14378.26,0.15
I001637,O00974,P0233,1,9166.88,0.15
I001638,O00974,P0234,1,6819.79,0.15
I001639,O00975,P0168,2,11374.5,0.15
I001640,O00975,P0248,3,5481.12,0.15
I001641,O00975,P0409,4,8257.04,0.15
I001642,O00976,P0126,1,12590.35,0.1
I001643,O00977,P0456,5,5984.52,0.2
I001644,O00977,P0487,2,2276.61,0.2
I001645,O00977,P0306,1,20887.78,0.2
I001646,O00978,P0116,1,14318.59,0.05
I001647,O00978,P0186,3,14403.22,0.05
I001648,O00979,P0384,2,21014.31,0.2
I001649,O00980,P0435,2,11265.94,0.1
I001650,O00980,P0125,4,8357.18,0.1
I001651,O00980,P0312,2,8312.33,0.1
I001652,O00981,P0258,1,5357.22,0.1
I001653,O00982,P0401,1,18961.41,0.25
I001654,O00983,P0215,2,2961.47,0.1
I001655,O00983,P0090,1,19317.51,0.1
I001656,O00983,P0457,1,18511.82,0.1
I001657,O00983,P0200,2,9202.06,0.1
I001658,O00984,P0424,2,1099.43,0.15
I001659,O00984,P0216,1,4253.32,0.15
I001660,O00985,P0170,2,10734.0,0.1
I001661,O00986,P0387,1,11008.74,0.25
I001662,O00986,P0303,1,15132.39,0.25
I001663,O00986,P0265,3,16102.0,0.25
I001664,O00987,P0362,1,7754.84,0.1
I001665,O00987,P0417,1,7877.14,0.1
I001666,O00988,P0013,1,1067.21,0.05
I001667,O00989,P0106,1,5470.36,0.1
I001668,O00990,P0347,3,207.7,0.2
I001669,O00991,P0493,2,17331.35,0.1
I001670,O00991,P0087,3,5413.54,0.1
I001671,O00991,P0038,3,13981.96,0.1
I001672,O00992,P0332,4,9365.5,0.0
I001673,O00992,P0453,2,2027.99,0.0
I001674,O00993,P0447,1,13008.01,0.1
I001675,O00993,P0181,2,6969.81,0.1
I001676,O00993,P0469,1,12828.28,0.1
I001677,O00994,P0186,1,14403.22,0.05
I001678,O00994,P0358,2,17680.82,0.05
I001679,O00994,P0341,1,9492.87,0.05
I001680,O00995,P0047,2,3795.44,0.1
I001681,O00996,P0044,1,4750.75,0.05
I001682,O00997,P0223,1,12111.39,0.05
I001683,O00997,P0027,1,6637.92,0.05
I001684,O00998,P0262,1,12660.19,0.1
I001685,O00998,P0134,1,8950.35,0.1
I001686,O00999,P0494,3,9857.51,0.0
I001687,O01000,P0279,2,820.43,0.05
I001688,O01000,P0448,3,11150.05,0.05
I001689,O01000,P0009,1,10894.67,0.05
I001690,O01001,P0219,1,1340.09,0.15
I001691,O01001,P0400,1,7063.54,0.15
I001692,O01002,P0206,1,13942.45,0.25
I001693,O01002,P0297,1,14103.76,0.25
I001694,O01003,P0158,1,9904.7,0.25
I001695,O01003,P0188,1,6865.34,0.25
I001696,O01004,P0169,1,5258.15,0.25
I001697,O01005,P0463,4,7934.67,0.25
I001698,O01006,P0463,1,7934.67,0.2
I001699,O01006,P0390,5,2477.97,0.2
I001700,O01007,P0398,1,15186.38,0.15
I001701,O01007,P0467,1,7857.91,0.15
I001702,O01008,P0289,1,5068.21,0.05
I001703,O01009,P0385,1,9160.1,0.1
I001704,O01010,P0309,2,879.52,0.05
I001705,O01011,P0046,5,15363.92,0.15
I001706,O01011,P0125,1,8357.18,0.15
I001707,O01012,P0150,1,19657.29,0.1
I001708,O01013,P0249,1,11650.12,0.05
I001709,O01013,P0383,2,5460.56,0.05
I001710,O01014,P0415,1,19105.92,0.15
I001711,O01015,P0343,2,21720.15,0.15
I001712,O01015,P0476,5,1078.88,0.15
I001713,O01016,P0242,3,12806.32,0.05
I001714,O01017,P0192,3,13132.41,0.1
I001715,O01018,P0423,3,13857.3,0.2
I001716,O01019,P0096,2,7114.07,0.15
I001717,O01020,P0323,1,19857.8,0.15
I001718,O01020,P0329,1,6837.04,0.15
I001719,O01020,P0447,1,13008.01,0.15
I001720,O01020,P0427,3,2376.46,0.15
I001721,O01021,P0105,1,10085.48,0.15
I001722,O01022,P0115,2,10805.92,0.0
I001723,O01023,P0058,2,10856.44,0.1
I001724,O01023,P0154,1,13970.67,0.1
I001725,O01023,P0319,1,17097.24,0.1
I001726,O01024,P0222,1,6948.91,0.05
I001727,O01025,P0219,2,1340.09,0.0
I001728,O01025,P0119,1,14136.98,0.0
I001729,O01025,P0352,5,10103.59,0.0
I001730,O01026,P0127,1,12125.3,0.15
I001731,O01026,P0014,1,14738.4,0.15
I001732,O01027,P0023,1,8677.28,0.05
I001733,O01028,P0477,1,13272.75,0.05
I001734,O01029,P0103,3,9874.02,0.1
I001735,O01029,P0232,1,14966.59,0.1
I001736,O01030,P0251,2,13718.51,0.15
I001737,O01030,P0298,2,14301.55,0.15
I001738,O01031,P0484,1,14051.85,0.1
I001739,O01032,P0107,1,12811.73,0.1
I001740,O01032,P0306,1,20887.78,0.1
I001741,O01032,P0036,1,22992.46,0.1
I001742,O01033,P0218,2,10519.23,0.2
I001743,O01034,P0431,2,7800.63,0.0
I001744,O01034,P0299,1,9253.96,0.0
I001745,O01035,P0292,2,21583.15,0.0
I001746,O01036,P0140,2,23423.37,0.15
I001747,O01037,P0170,1,10734.0,0.1
I001748,O01038,P0112,2,10276.51,0.05
I001749,O01039,P0071,1,1222.75,0.1
I001750,O01040,P0205,2,15563.05,0.15
I001751,O01041,P0191,1,14335.92,0.15
I001752,O01042,P0362,2,7754.84,0.1
I001753,O01042,P0100,1,7091.79,0.1
I001754,O01043,P0464,1,11639.56,0.0
I001755,O01043,P0481,2,1854.72,0.0
I001756,O01044,P0336,2,5532.6,0.05
I001757,O01045,P0406,2,1199.98,0.1
I001758,O01045,P0419,4,11206.88,0.1
I001759,O01046,P0316,1,18765.5,0.15
I001760,O01047,P0120,1,15630.4,0.1
I001761,O01048,P0355,2,15161.64,0.15
I001762,O01048,P0081,2,12661.97,0.15
I001763,O01049,P0260,2,9638.98,0.25
I001764,O01049,P0277,1,14027.28,0.25
I001765,O01050,P0077,1,10405.98,0.1
I001766,O01051,P0165,1,8775.25,0.05
I001767,O01051,P0196,1,3827.41,0.05
I001768,O01052,P0362,2,7754.84,0.0
I001769,O01053,P0038,1,13981.96,0.0
I001770,O01053,P0105,1,10085.48,0.0
I001771,O01054,P0074,5,20503.04,0.0
I001772,O01054,P0149,2,18764.92,0.0
I001773,O01054,P0024,2,14146.9,0.0
I001774,O01055,P0162,1,11199.84,0.05
I001775,O01056,P0452,1,14623.62,0.05
I001776,O01056,P0170,2,10734.0,0.05
I001777,O01057,P0467,1,7857.91,0.15
I001778,O01057,P0169,1,5258.15,0.15
I001779,O01058,P0403,1,10949.03,0.0
I001780,O01058,P0153,1,6065.86,0.0
I001781,O01059,P0371,1,14987.41,0.1
I001782,O01060,P0413,1,4516.32,0.0
I001783,O01060,P0089,1,21527.82,0.0
I001784,O01061,P0010,1,8507.4,0.05
I001785,O01061,P0108,2,11560.22,0.05
I001786,O01061,P0260,2,9638.98,0.05
I001787,O01062,P0398,1,15186.38,0.0
I001788,O01063,P0174,2,14241.6,0.15
I001789,O01063,P0046,1,15363.92,0.15
I001790,O01064,P0320,1,22881.56,0.05
I001791,O01064,P0262,1,12660.19,0.05
I001792,O01064,P0069,1,6827.67,0.05
I001793,O01064,P0498,1,1038.57,0.05
I001794,O01065,P0224,1,14337.8,0.1
I001795,O01065,P0442,1,12851.94,0.1
I001796,O01066,P0401,2,18961.41,0.15
I001797,O01067,P0337,3,6259.83,0.2
I001798,O01068,P0031,1,10837.07,0.1
I001799,O01069,P0311,3,13470.81,0.1
I001800,O01070,P0499,5,2390.13,0.15
I001801,O01071,P0306,2,20887.78,0.05
I001802,O01072,P0338,3,9789.99,0.15
I001803,O01073,P0082,1,8524.01,0.15
I001804,O01074,P0145,3,5897.75,0.1
I001805,O01074,P0335,1,3821.2,0.1
I001806,O01074,P0019,1,7331.38,0.1
I001807,O01075,P0010,1,8507.4,0.05
I001808,O01076,P0383,2,5460.56,0.25
I001809,O01077,P0275,1,18205.93,0.3
I001810,O01077,P0071,4,1222.75,0.3
I001811,O01078,P0275,3,18205.93,0.15
I001812,O01078,P0394,1,9719.2,0.15
I001813,O01079,P0107,1,12811.73,0.05
I001814,O01080,P0063,1,17989.43,0.15
I001815,O01080,P0088,4,10596.08,0.15
I001816,O01081,P0442,1,12851.94,0.15
I001817,O01082,P0185,1,11400.27,0.1
I001818,O01083,P0377,1,7254.24,0.0
I001819,O01083,P0356,2,17911.43,0.0
I001820,O01084,P0498,1,1038.57,0.25
I001821,O01084,P0246,3,3212.48,0.25
I001822,O01085,P0297,3,14103.76,0.05
I001823,O01086,P0200,2,9202.06,0.05
I001824,O01086,P0013,2,1067.21,0.05
I001825,O01087,P0305,1,5268.03,0.05
I001826,O01087,P0307,3,8542.99,0.05
I001827,O01087,P0474,1,2142.32,0.05
I001828,O01088,P0315,2,8767.22,0.0
I001829,O01088,P0155,2,16173.54,0.0
I001830,O01088,P0364,1,20513.3,0.0
I001831,O01089,P0015,2,198.88,0.0
I001832,O01090,P0280,1,19260.63,0.25
I001833,O01091,P0423,2,13857.3,0.15
I001834,O01091,P0153,3,6065.86,0.15
I001835,O01091,P0019,1,7331.38,0.15
I001836,O01092,P0333,1,16891.72,0.0
I001837,O01092,P0265,1,16102.0,0.0
I001838,O01093,P0286,2,8678.82,0.15
I001839,O01094,P0189,1,1077.94,0.0
I001840,O01095,P0266,3,6946.78,0.15
I001841,O01095,P0158,2,9904.7,0.15
I001842,O01096,P0420,1,5156.99,0.1
I001843,O01097,P0436,2,9847.38,0.25
I001844,O01097,P0058,2,10856.44,0.25
I001845,O01097,P0353,2,4627.28,0.25
I001846,O01098,P0310,3,6739.9,0.1
I001847,O01098,P0290,1,5856.65,0.1
I001848,O01098,P0422,5,6180.37,0.1
I001849,O01099,P0166,2,4299.84,0.15
I001850,O01099,P0481,2,1854.72,0.15
I001851,O01100,P0424,2,1099.43,0.0
I001852,O01100,P0178,2,9447.65,0.0
I001853,O01101,P0010,1,8507.4,0.25
I001854,O01102,P0107,2,12811.73,0.1
I001855,O01103,P0475,1,6070.94,0.05
I001856,O01103,P0321,1,15173.01,0.05
I001857,O01104,P0011,1,6896.23,0.0
I001858,O01105,P0318,1,18336.52,0.1
I001859,O01106,P0349,1,17040.15,0.15
I001860,O01107,P0392,2,10129.56,0.0
I001861,O01107,P0376,1,21096.71,0.0
I001862,O01108,P0491,1,14558.18,0.0
I001863,O01109,P0260,1,9638.98,0.05
I001864,O01110,P0296,2,10086.41,0.2
I001865,O01111,P0241,1,9473.89,0.3
I001866,O01111,P0083,1,7026.05,0.3
I001867,O01111,P0045,2,5553.07,0.3
I001868,O01112,P0121,1,5223.81,0.15
I001869,O01112,P0031,1,10837.07,0.15
I001870,O01112,P0447,2,13008.01,0.15
I001871,O01113,P0223,1,12111.39,0.0
I001872,O01114,P0045,1,5553.07,0.2
I001873,O01114,P0006,1,12139.02,0.2
I001874,O01115,P0328,1,15667.69,0.0
I001875,O01116,P0207,1,9618.99,0.2
I001876,O01117,P0449,1,3785.19,0.1
I001877,O01118,P0099,4,11095.32,0.15
I001878,O01119,P0449,3,3785.19,0.0
I001879,O01119,P0470,1,16384.1,0.0
I001880,O01119,P0314,1,5199.64,0.0
I001881,O01119,P0144,3,5083.64,0.0
I001882,O01120,P0401,1,18961.41,0.0
I001883,O01120,P0276,2,15791.95,0.0
I001884,O01121,P0093,1,11807.43,0.1
I001885,O01122,P0406,3,1199.98,0.0
I001886,O01122,P0253,4,10206.89,0.0
I001887,O01123,P0130,2,5669.17,0.05
I001888,O01123,P0071,5,1222.75,0.05
I001889,O01124,P0046,1,15363.92,0.15
I001890,O01125,P0187,1,6663.59,0.15
I001891,O01126,P0142,1,7546.26,0.05
I001892,O01126,P0108,1,11560.22,0.05
I001893,O01127,P0167,1,2741.53,0.0
I001894,O01128,P0050,2,12181.9,0.05
I001895,O01128,P0012,1,9210.89,0.05
I001896,O01128,P0033,1,2436.78,0.05
I001897,O01129,P0037,3,5389.2,0.15
I001898,O01130,P0110,1,239.19,0.05
I001899,O01131,P0033,1,2436.78,0.05
I001900,O01131,P0193,2,3841.48,0.05
I001901,O01131,P0315,1,8767.22,0.05
I001902,O01132,P0003,1,14157.19,0.0
I001903,O01133,P0443,1,3024.24,0.1
I001904,O01134,P0063,1,17989.43,0.1
I001905,O01135,P0017,1,9858.5,0.1
I001906,O01136,P0364,1,20513.3,0.15
I001907,O01137,P0275,2,18205.93,0.2
I001908,O01137,P0309,4,879.52,0.2
I001909,O01138,P0423,1,13857.3,0.15
I001910,O01138,P0302,3,10139.5,0.15
I001911,O01139,P0009,1,10894.67,0.1
I001912,O01140,P0011,1,6896.23,0.25
I001913,O01140,P0308,2,10963.13,0.25
I001914,O01141,P0334,1,5599.91,0.05
I001915,O01141,P0402,2,5149.65,0.05
I001916,O01141,P0183,2,208.22,0.05
I001917,O01141,P0267,1,13380.29,0.05
I001918,O01142,P0406,1,1199.98,0.15
I001919,O01143,P0456,1,5984.52,0.1
I001920,O01143,P0421,1,3134.29,0.1
I001921,O01144,P0324,3,2232.66,0.2
I001922,O01145,P0444,2,4611.38,0.1
I001923,O01146,P0109,1,7019.11,0.1
I001924,O01147,P0227,1,1214.17,0.1
I001925,O01148,P0293,1,5390.99,0.0
I001926,O01148,P0070,1,3923.76,0.0
I001927,O01148,P0012,5,9210.89,0.0
I001928,O01149,P0322,2,179.06,0.2
I001929,O01150,P0247,2,5866.18,0.2
I001930,O01151,P0250,1,17490.25,0.15
I001931,O01152,P0295,1,12191.72,0.05
I001932,O01153,P0259,1,9091.06,0.05
I001933,O01154,P0027,2,6637.92,0.0
I001934,O01155,P0186,1,14403.22,0.0
I001935,O01156,P0122,2,20389.93,0.1
I001936,O01157,P0307,1,8542.99,0.0
I001937,O01158,P0025,2,21151.19,0.0
I001938,O01159,P0099,1,11095.32,0.05
I001939,O01160,P0364,3,20513.3,0.05
I001940,O01161,P0466,1,7584.85,0.1
I001941,O01162,P0115,2,10805.92,0.05
I001942,O01162,P0089,1,21527.82,0.05
I001943,O01162,P0003,5,14157.19,0.05
I001944,O01163,P0168,2,11374.5,0.25
I001945,O01164,P0489,1,16108.48,0.25
I001946,O01165,P0398,1,15186.38,0.0
I001947,O01165,P0094,1,6917.65,0.0
I001948,O01166,P0130,1,5669.17,0.3
I001949,O01166,P0053,1,11740.23,0.3
I001950,O01166,P0369,2,2936.18,0.3
I001951,O01167,P0274,5,16208.88,0.0
I001952,O01168,P0316,1,18765.5,0.05
I001953,O01169,P0243,1,5300.75,0.2
I001954,O01170,P0356,2,17911.43,0.15
I001955,O01171,P0373,1,8955.67,0.0
I001956,O01172,P0305,1,5268.03,0.15
I001957,O01172,P0375,1,1937.18,0.15
I001958,O01173,P0356,1,17911.43,0.15
I001959,O01174,P0239,1,10044.2,0.25
I001960,O01174,P0327,1,7197.89,0.25
I001961,O01175,P0028,1,2327.59,0.2
I001962,O01176,P0234,1,6819.79,0.25
I001963,O01176,P0313,1,15225.55,0.25
I001964,O01177,P0417,1,7877.14,0.1
I001965,O01177,P0167,1,2741.53,0.1
I001966,O01178,P0457,1,18511.82,0.15
I001967,O01179,P0283,1,10933.03,0.25
I001968,O01179,P0205,1,15563.05,0.25
I001969,O01180,P0143,1,2154.67,0.0
I001970,O01181,P0431,1,7800.63,0.15
I001971,O01182,P0302,2,10139.5,0.0
I001972,O01183,P0464,1,11639.56,0.3
I001973,O01184,P0414,2,3244.46,0.0
I001974,O01184,P0313,1,15225.55,0.0
I001975,O01184,P0399,1,9834.2,0.0
I001976,O01185,P0008,1,404.42,0.1
I001977,O01185,P0100,1,7091.79,0.1
I001978,O01186,P0107,2,12811.73,0.1
I001979,O01186,P0096,1,7114.07,0.1
I001980,O01187,P0249,1,11650.12,0.05
I001981,O01187,P0415,1,19105.92,0.05
I001982,O01188,P0416,1,14378.26,0.15
I001983,O01188,P0265,1,16102.0,0.15
I001984,O01188,P0432,1,1677.91,0.15
I001985,O01189,P0343,1,21720.15,0.05
I001986,O01189,P0193,1,3841.48,0.05
I001987,O01190,P0134,1,8950.35,0.05
I001988,O01191,P0400,3,7063.54,0.05
I001989,O01191,P0266,1,6946.78,0.05
I001990,O01191,P0200,2,9202.06,0.05
I001991,O01192,P0448,2,11150.05,0.15
I001992,O01193,P0020,1,16894.73,0.0
I001993,O01194,P0013,1,1067.21,0.2
I001994,O01194,P0193,1,3841.48,0.2
I001995,O01195,P0216,1,4253.32,0.05
I001996,O01196,P0485,1,1818.67,0.1
I001997,O01197,P0479,1,2007.3,0.1
I001998,O01197,P0214,1,3598.9,0.1
I001999,O01197,P0411,1,9751.96,0.1
I002000,O01198,P0244,1,6694.24,0.15
I002001,O01199,P0194,1,4785.07,0.05
I002002,O01200,P0308,4,10963.13,0.2
I002003,O01201,P0493,1,17331.35,0.15
I002004,O01202,P0288,1,16170.77,0.05
I002005,O01203,P0034,1,3767.39,0.0
I002006,O01203,P0483,2,14346.17,0.0
I002007,O01203,P0162,5,11199.84,0.0
I002008,O01204,P0055,5,18288.33,0.1
I002009,O01204,P0117,1,5812.89,0.1
I002010,O01205,P0482,1,16166.73,0.3
I002011,O01205,P0149,4,18764.92,0.3
I002012,O01206,P0238,2,16729.81,0.0
I002013,O01206,P0259,1,9091.06,0.0
I002014,O01206,P0084,1,10059.02,0.0
I002015,O01207,P0395,1,16050.27,0.2
I002016,O01207,P0278,2,4045.44,0.2
I002017,O01208,P0293,2,5390.99,0.15
I002018,O01209,P0228,50,7442.22,0.05
I002019,O01210,P0121,1,5223.81,0.1
I002020,O01211,P0007,1,20905.26,0.1
I002021,O01211,P0290,2,5856.65,0.1
I002022,O01212,P0090,1,19317.51,0.15
I002023,O01212,P0341,3,9492.87,0.15
I002024,O01213,P0082,1,8524.01,0.25
I002025,O01213,P0228,1,7442.22,0.25
I002026,O01214,P0401,1,18961.41,0.2
I002027,O01215,P0296,1,10086.41,0.05
I002028,O01215,P0453,1,2027.99,0.05
I002029,O01215,P0487,2,2276.61,0.05
I002030,O01216,P0457,2,18511.82,0.0
I002031,O01216,P0100,1,7091.79,0.0
I002032,O01217,P0057,1,14313.59,0.0
I002033,O01217,P0469,1,12828.28,0.0
I002034,O01218,P0385,4,9160.1,0.25
I002035,O01218,P0046,1,15363.92,0.25
I002036,O01218,P0402,2,5149.65,0.25
I002037,O01219,P0474,2,2142.32,0.25
I002038,O01220,P0120,1,15630.4,0.15
I002039,O01221,P0123,1,12283.66,0.3
I002040,O01222,P0456,1,5984.52,0.05
I002041,O01223,P0259,1,9091.06,0.2
I002042,O01224,P0470,1,16384.1,0.1
I002043,O01225,P0395,1,16050.27,0.15
I002044,O01226,P0004,1,21658.55,0.1
I002045,O01227,P0247,1,5866.18,0.2
I002046,O01228,P0090,2,19317.51,0.05
I002047,O01229,P0449,2,3785.19,0.3
I002048,O01230,P0144,3,5083.64,0.05
I002049,O01230,P0256,1,10413.89,0.05
I002050,O01231,P0028,1,2327.59,0.15
I002051,O01231,P0486,2,7416.01,0.15
I002052,O01232,P0098,2,18024.33,0.15
I002053,O01233,P0213,1,13682.03,0.1
I002054,O01233,P0301,2,1551.88,0.1
I002055,O01233,P0064,2,18152.26,0.1
I002056,O01234,P0184,5,5176.95,0.05
I002057,O01235,P0146,2,12538.22,0.1
I002058,O01236,P0067,2,18606.26,0.1
I002059,O01237,P0249,3,11650.12,0.05
I002060,O01237,P0251,1,13718.51,0.05
I002061,O01238,P0479,1,2007.3,0.15
I002062,O01238,P0288,4,16170.77,0.15
I002063,O01239,P0415,2,19105.92,0.05
I002064,O01239,P0472,4,6339.28,0.05
I002065,O01240,P0386,1,7920.43,0.2
I002066,O01241,P0039,2,1954.54,0.05
I002067,O01241,P0079,2,16242.79,0.05
I002068,O01241,P0050,2,12181.9,0.05
I002069,O01242,P0136,2,10051.62,0.1
I002070,O01242,P0089,1,21527.82,0.1
I002071,O01242,P0227,1,1214.17,0.1
I002072,O01243,P0374,1,20293.37,0.15
I002073,O01243,P0026,3,8043.88,0.15
I002074,O01244,P0149,3,18764.92,0.3
I002075,O01244,P0264,1,11827.53,0.3
I002076,O01245,P0129,2,15750.63,0.05
I002077,O01245,P0438,1,9736.72,0.05
I002078,O01245,P0066,1,4602.72,0.05
I002079,O01246,P0259,3,9091.06,0.1
I002080,O01246,P0385,2,9160.1,0.1
I002081,O01247,P0064,1,18152.26,0.0
I002082,O01247,P0204,2,3139.42,0.0
I002083,O01247,P0050,3,12181.9,0.0
I002084,O01247,P0273,1,1414.88,0.0
I002085,O01248,P0008,1,404.42,0.15
I002086,O01248,P0234,3,6819.79,0.15
I002087,O01249,P0446,3,18710.12,0.2
I002088,O01250,P0203,1,14797.26,0.2
I002089,O01251,P0084,2,10059.02,0.25
I002090,O01252,P0208,1,17414.46,0.05
I002091,O01252,P0025,1,21151.19,0.05
I002092,O01253,P0340,3,6540.28,0.15
I002093,O01254,P0284,1,9183.48,0.05
I002094,O01255,P0483,2,14346.17,0.15
I002095,O01256,P0289,1,5068.21,0.1
I002096,O01257,P0414,1,3244.46,0.1
I002097,O01258,P0449,1,3785.19,0.0
I002098,O01258,P0112,1,10276.51,0.0
I002099,O01259,P0008,5,404.42,0.2
I002100,O01260,P0291,1,8891.78,0.1
I002101,O01261,P0474,1,2142.32,0.1
I002102,O01262,P0456,1,5984.52,0.15
I002103,O01263,P0105,2,10085.48,0.05
I002104,O01264,P0116,1,14318.59,0.15
I002105,O01264,P0479,1,2007.3,0.15
I002106,O01265,P0058,3,10856.44,0.2
I002107,O01266,P0091,2,5800.05,0.1
I002108,O01267,P0487,3,2276.61,0.2
I002109,O01267,P0138,1,9332.54,0.2
I002110,O01267,P0325,1,883.29,0.2
I002111,O01268,P0253,2,10206.89,0.0
I002112,O01269,P0480,2,12036.43,0.1
I002113,O01269,P0485,1,1818.67,0.1
I002114,O01269,P0267,1,13380.29,0.1
I002115,O01269,P0085,1,14574.29,0.1
I002116,O01270,P0214,3,3598.9,0.0
I002117,O01271,P0302,1,10139.5,0.05
I002118,O01272,P0049,1,10387.8,0.3
I002119,O01273,P0461,3,6940.51,0.1
I002120,O01273,P0218,2,10519.23,0.1
I002121,O01273,P0024,1,14146.9,0.1
I002122,O01274,P0350,2,14181.21,0.1
I002123,O01274,P0318,2,18336.52,0.1
I002124,O01275,P0084,1,10059.02,0.15
I002125,O01276,P0416,4,14378.26,0.0
I002126,O01277,P0445,3,5378.95,0.05
I002127,O01277,P0061,1,9428.51,0.05
I002128,O01278,P0254,3,1468.59,0.1
I002129,O01278,P0324,1,2232.66,0.1
I002130,O01279,P0397,4,18087.88,0.1
I002131,O01280,P0060,1,10597.6,0.1
I002132,O01280,P0246,1,3212.48,0.1
I002133,O01281,P0142,1,7546.26,0.0
I002134,O01282,P0196,2,3827.41,0.1
I002135,O01283,P0229,1,971.19,0.1
I002136,O01283,P0047,1,3795.44,0.1
I002137,O01283,P0442,1,12851.94,0.1
I002138,O01284,P0074,2,20503.04,0.05
I002139,O01285,P0134,2,8950.35,0.1
I002140,O01286,P0225,3,925.67,0.25
I002141,O01287,P0380,1,1803.38,0.25
I002142,O01288,P0172,1,13856.39,0.15
I002143,O01288,P0449,2,3785.19,0.15
I002144,O01288,P0240,1,16345.25,0.15
I002145,O01288,P0314,2,5199.64,0.15
I002146,O01289,P0450,2,2255.15,0.0
I002147,O01289,P0393,2,1256.74,0.0
I002148,O01290,P0064,1,18152.26,0.15
I002149,O01290,P0012,2,9210.89,0.15
I002150,O01290,P0293,2,5390.99,0.15
I002151,O01290,P0267,1,13380.29,0.15
I002152,O01291,P0250,1,17490.25,0.1
I002153,O01291,P0001,1,12680.89,0.1
I002154,O01291,P0027,1,6637.92,0.1
I002155,O01292,P0284,1,9183.48,0.25
I002156,O01292,P0213,1,13682.03,0.25
I002157,O01292,P0366,2,12694.5,0.25
I002158,O01292,P0184,1,5176.95,0.25
I002159,O01293,P0091,1,5800.05,0.1
I002160,O01293,P0387,2,11008.74,0.1
I002161,O01293,P0255,1,2178.42,0.1
I002162,O01294,P0140,1,23423.37,0.05
I002163,O01294,P0213,1,13682.03,0.05
I002164,O01294,P0331,3,7610.91,0.05
I002165,O01295,P0461,2,6940.51,0.05
I002166,O01295,P0213,1,13682.03,0.05
I002167,O01296,P0425,1,3871.16,0.05
I002168,O01296,P0343,1,21720.15,0.05
I002169,O01297,P0027,1,6637.92,0.05
I002170,O01297,P0020,1,16894.73,0.05
I002171,O01297,P0069,2,6827.67,0.05
I002172,O01298,P0060,4,10597.6,0.15
I002173,O01298,P0135,2,13687.78,0.15
I002174,O01298,P0249,1,11650.12,0.15
I002175,O01298,P0317,2,14355.69,0.15
I002176,O01299,P0301,2,1551.88,0.05
I002177,O01299,P0261,2,9413.55,0.05
I002178,O01299,P0360,2,4434.75,0.05
I002179,O01300,P0298,1,14301.55,0.05
I002180,O01301,P0159,1,12341.8,0.1
I002181,O01301,P0142,1,7546.26,0.1
I002182,O01301,P0120,1,15630.4,0.1
I002183,O01302,P0331,1,7610.91,0.1
I002184,O01303,P0318,1,18336.52,0.0
I002185,O01303,P0174,2,14241.6,0.0
I002186,O01304,P0092,1,3959.04,0.05
I002187,O01304,P0429,1,4623.76,0.05
I002188,O01305,P0178,1,9447.65,0.0
I002189,O01305,P0404,1,7190.22,0.0
I002190,O01305,P0335,2,3821.2,0.0
I002191,O01306,P0185,1,11400.27,0.15
I002192,O01306,P0413,1,4516.32,0.15
I002193,O01307,P0062,1,2140.31,0.25
I002194,O01307,P0124,1,15514.19,0.25
I002195,O01308,P0094,2,6917.65,0.1
I002196,O01309,P0166,1,4299.84,0.1
I002197,O01310,P0318,1,18336.52,0.2
I002198,O01311,P0217,5,2504.14,0.0
I002199,O01312,P0116,2,14318.59,0.0
I002200,O01312,P0077,1,10405.98,0.0
I002201,O01312,P0403,2,10949.03,0.0
I002202,O01312,P0325,1,883.29,0.0
I002203,O01313,P0460,1,1760.09,0.15
I002204,O01313,P0425,1,3871.16,0.15
I002205,O01314,P0245,1,14211.09,0.15
I002206,O01315,P0172,1,13856.39,0.1
I002207,O01315,P0033,1,2436.78,0.1
I002208,O01316,P0226,4,1989.2,0.25
I002209,O01317,P0353,1,4627.28,0.05
I002210,O01318,P0001,1,12680.89,0.1
I002211,O01319,P0183,1,208.22,0.25
I002212,O01320,P0291,1,8891.78,0.2
I002213,O01320,P0341,2,9492.87,0.2
I002214,O01321,P0194,1,4785.07,0.0
I002215,O01322,P0389,1,10740.24,0.05
I002216,O01323,P0485,2,1818.67,0.15
I002217,O01323,P0400,5,7063.54,0.15
I002218,O01324,P0178,2,9447.65,0.0
I002219,O01324,P0491,1,14558.18,0.0
I002220,O01325,P0189,2,1077.94,0.2
I002221,O01325,P0357,3,4004.54,0.2
I002222,O01325,P0163,1,16537.01,0.2
I002223,O01326,P0128,1,11542.08,0.1
I002224,O01326,P0098,3,18024.33,0.1
I002225,O01327,P0055,2,18288.33,0.0
I002226,O01328,P0087,1,5413.54,0.1
I002227,O01328,P0498,1,1038.57,0.1
I002228,O01329,P0104,2,389.71,0.1
I002229,O01329,P0452,2,14623.62,0.1
I002230,O01329,P0466,1,7584.85,0.1
I002231,O01329,P0491,1,14558.18,0.1
I002232,O01330,P0213,2,13682.03,0.05
I002233,O01330,P0322,2,179.06,0.05
I002234,O01330,P0470,1,16384.1,0.05
I002235,O01331,P0036,1,22992.46,0.1
I002236,O01332,P0277,2,14027.28,0.2
I002237,O01332,P0185,2,11400.27,0.2
I002238,O01333,P0408,1,12252.4,0.05
I002239,O01334,P0452,1,14623.62,0.25
I002240,O01335,P0223,2,12111.39,0.15
I002241,O01336,P0253,1,10206.89,0.2
I002242,O01337,P0018,1,8521.23,0.05
I002243,O01337,P0094,1,6917.65,0.05
I002244,O01337,P0433,1,11369.56,0.05
I002245,O01338,P0093,1,11807.43,0.1
I002246,O01338,P0144,1,5083.64,0.1
I002247,O01338,P0203,1,14797.26,0.1
I002248,O01338,P0440,1,10988.87,0.1
I002249,O01339,P0367,1,14116.53,0.1
I002250,O01340,P0282,1,4087.36,0.0
I002251,O01341,P0258,1,5357.22,0.1
I002252,O01342,P0281,1,8647.87,0.2
I002253,O01343,P0419,2,11206.88,0.0
I002254,O01344,P0202,3,4958.04,0.1
I002255,O01345,P0313,1,15225.55,0.3
I002256,O01345,P0243,1,5300.75,0.3
I002257,O01346,P0453,2,2027.99,0.1
I002258,O01347,P0102,2,4552.64,0.05
I002259,O01347,P0032,2,12721.46,0.05
I002260,O01347,P0352,3,10103.59,0.05
I002261,O01348,P0108,1,11560.22,0.1
I002262,O01348,P0467,1,7857.91,0.1
I002263,O01349,P0090,2,19317.51,0.1
I002264,O01350,P0437,4,9057.77,0.0
I002265,O01351,P0100,1,7091.79,0.05
I002266,O01352,P0239,1,10044.2,0.15
I002267,O01352,P0268,1,21182.18,0.15
I002268,O01353,P0301,1,1551.88,0.1
I002269,O01353,P0375,1,1937.18,0.1
I002270,O01354,P0180,1,5738.9,0.05
I002271,O01355,P0426,2,17258.9,0.25
I002272,O01356,P0135,1,13687.78,0.1
I002273,O01356,P0416,1,14378.26,0.1
I002274,O01357,P0427,2,2376.46,0.05
I002275,O01358,P0326,2,1200.34,0.1
I002276,O01358,P0251,1,13718.51,0.1
I002277,O01359,P0423,1,13857.3,0.15
I002278,O01359,P0362,1,7754.84,0.15
I002279,O01360,P0258,3,5357.22,0.15
I002280,O01360,P0097,2,16913.36,0.15
I002281,O01360,P0396,1,6181.52,0.15
I002282,O01360,P0144,1,5083.64,0.15
I002283,O01361,P0387,2,11008.74,0.05
I002284,O01362,P0022,1,16227.09,0.1
I002285,O01363,P0281,1,8647.87,0.05
I002286,O01363,P0496,5,20624.48,0.05
I002287,O01363,P0178,2,9447.65,0.05
I002288,O01364,P0054,3,22196.9,0.1
I002289,O01365,P0449,1,3785.19,0.15
I002290,O01366,P0472,3,6339.28,0.1
I002291,O01367,P0196,3,3827.41,0.15
I002292,O01368,P0460,1,1760.09,0.05
I002293,O01369,P0193,1,3841.48,0.15
I002294,O01369,P0001,1,12680.89,0.15
I002295,O01370,P0179,2,12189.37,0.0
I002296,O01370,P0359,1,17408.84,0.0
I002297,O01371,P0248,1,5481.12,0.05
I002298,O01372,P0484,1,14051.85,0.25
I002299,O01372,P0174,2,14241.6,0.25
I002300,O01373,P0135,1,13687.78,0.0
I002301,O01374,P0349,3,17040.15,0.15
I002302,O01374,P0256,2,10413.89,0.15
I002303,O01374,P0427,1,2376.46,0.15
I002304,O01375,P0171,2,6118.98,0.2
I002305,O01376,P0128,1,11542.08,0.2
I002306,O01376,P0235,1,17675.52,0.2
I002307,O01377,P0301,2,1551.88,0.2
I002308,O01378,P0052,1,22717.29,0.3
I002309,O01378,P0050,1,12181.9,0.3
I002310,O01378,P0470,1,16384.1,0.3
I002311,O01378,P0306,2,20887.78,0.3
I002312,O01379,P0390,2,2477.97,0.05
I002313,O01380,P0065,5,11896.67,0.05
I002314,O01381,P0118,2,11312.75,0.0
I002315,O01382,P0351,1,6684.2,0.05
I002316,O01383,P0234,4,6819.79,0.15
I002317,O01383,P0118,1,11312.75,0.15
I002318,O01384,P0340,1,6540.28,0.05
I002319,O01385,P0408,1,12252.4,0.05
I002320,O01386,P0119,3,14136.98,0.1
I002321,O01387,P0034,1,3767.39,0.0
I002322,O01388,P0128,2,11542.08,0.0
I002323,O01388,P0054,1,22196.9,0.0
I002324,O01388,P0167,1,2741.53,0.0
I002325,O01389,P0346,2,17166.81,0.15
I002326,O01390,P0319,1,17097.24,0.15
I002327,O01391,P0481,5,1854.72,0.05
I002328,O01392,P0406,1,1199.98,0.1
I002329,O01393,P0058,3,10856.44,0.05
I002330,O01394,P0056,4,5412.25,0.05
I002331,O01394,P0207,1,9618.99,0.05
I002332,O01394,P0160,1,6251.25,0.05
I002333,O01394,P0203,3,14797.26,0.05
I002334,O01395,P0321,2,15173.01,0.0
I002335,O01396,P0498,1,1038.57,0.05
I002336,O01396,P0472,1,6339.28,0.05
I002337,O01396,P0219,1,1340.09,0.05
I002338,O01397,P0038,2,13981.96,0.0
I002339,O01398,P0176,3,13983.62,0.1
I002340,O01398,P0122,2,20389.93,0.1
I002341,O01399,P0182,2,7028.31,0.1
I002342,O01400,P0002,1,685.44,0.1
I002343,O01400,P0071,1,1222.75,0.1
I002344,O01400,P0399,2,9834.2,0.1
I002345,O01401,P0239,1,10044.2,0.05
I002346,O01401,P0146,3,12538.22,0.05
I002347,O01402,P0278,1,4045.44,0.05
I002348,O01402,P0080,1,8081.72,0.05
I002349,O01402,P0413,2,4516.32,0.05
I002350,O01403,P0413,2,4516.32,0.1
I002351,O01403,P0068,4,658.18,0.1
I002352,O01404,P0370,1,12293.71,0.2
I002353,O01404,P0443,1,3024.24,0.2
I002354,O01405,P0339,2,8938.6,0.3
I002355,O01406,P0079,1,16242.79,0.05
I002356,O01407,P0112,1,10276.51,0.25
I002357,O01407,P0456,1,5984.52,0.25
I002358,O01408,P0151,2,8069.27,0.1
I002359,O01408,P0364,1,20513.3,0.1
I002360,O01409,P0132,3,8762.43,0.1
I002361,O01410,P0387,3,11008.74,0.15
I002362,O01410,P0168,1,11374.5,0.15
I002363,O01411,P0159,1,12341.8,0.05
I002364,O01411,P0105,1,10085.48,0.05
I002365,O01411,P0425,2,3871.16,0.05
I002366,O01411,P0467,2,7857.91,0.05
I002367,O01412,P0197,1,5628.38,0.05
I002368,O01412,P0259,1,9091.06,0.05
I002369,O01412,P0395,1,16050.27,0.05
I002370,O01413,P0121,1,5223.81,0.05
I002371,O01414,P0260,1,9638.98,0.2
I002372,O01415,P0338,5,9789.99,0.25
I002373,O01415,P0201,1,18090.68,0.25
I002374,O01415,P0078,3,18121.01,0.25
I002375,O01416,P0027,2,6637.92,0.0
I002376,O01417,P0460,2,1760.09,0.15
I002377,O01418,P0036,1,22992.46,0.0
I002378,O01419,P0417,3,7877.14,0.2
I002379,O01420,P0152,1,11257.85,0.2
I002380,O01421,P0482,1,16166.73,0.15
I002381,O01422,P0339,2,8938.6,0.2
I002382,O01423,P0480,1,12036.43,0.1
I002383,O01423,P0458,3,11252.82,0.1
I002384,O01424,P0294,1,9318.36,0.0
I002385,O01425,P0301,1,1551.88,0.2
I002386,O01425,P0470,3,16384.1,0.2
I002387,O01425,P0494,2,9857.51,0.2
I002388,O01426,P0254,4,1468.59,0.0
I002389,O01426,P0239,1,10044.2,0.0
I002390,O01427,P0059,4,7497.65,0.05
I002391,O01428,P0317,3,14355.69,0.1
I002392,O01428,P0035,1,10869.62,0.1
I002393,O01428,P0329,1,6837.04,0.1
I002394,O01428,P0089,1,21527.82,0.1
I002395,O01429,P0268,2,21182.18,0.1
I002396,O01430,P0309,1,879.52,0.0
I002397,O01431,P0291,2,8891.78,0.15
I002398,O01431,P0094,2,6917.65,0.15
I002399,O01431,P0228,1,7442.22,0.15
I002400,O01432,P0184,1,5176.95,0.0
I002401,O01432,P0032,1,12721.46,0.0
I002402,O01432,P0029,1,7973.77,0.0
I002403,O01433,P0225,1,925.67,0.15
I002404,O01433,P0178,1,9447.65,0.15
I002405,O01434,P0035,1,10869.62,0.1
I002406,O01435,P0460,1,1760.09,0.15
I002407,O01436,P0227,1,1214.17,0.05
I002408,O01437,P0362,2,7754.84,0.2
I002409,O01437,P0170,1,10734.0,0.2
I002410,O01438,P0267,3,13380.29,0.05
I002411,O01438,P0276,2,15791.95,0.05
I002412,O01438,P0060,3,10597.6,0.05
I002413,O01439,P0059,1,7497.65,0.1
I002414,O01440,P0303,3,15132.39,0.1
I002415,O01441,P0027,1,6637.92,0.05
I002416,O01442,P0214,1,3598.9,0.0
I002417,O01442,P0295,1,12191.72,0.0
I002418,O01442,P0008,1,404.42,0.0
I002419,O01443,P0404,1,7190.22,0.05
I002420,O01444,P0004,2,21658.55,0.0
I002421,O01444,P0238,2,16729.81,0.0
I002422,O01445,P0494,1,9857.51,0.05
I002423,O01445,P0114,3,2768.84,0.05
I002424,O01446,P0027,1,6637.92,0.15
I002425,O01446,P0092,2,3959.04,0.15
I002426,O01446,P0304,2,5766.34,0.15
I002427,O01447,P0064,1,18152.26,0.1
I002428,O01447,P0116,4,14318.59,0.1
I002429,O01447,P0466,3,7584.85,0.1
I002430,O01447,P0196,1,3827.41,0.1
I002431,O01448,P0122,3,20389.93,0.1
I002432,O01448,P0398,1,15186.38,0.1
I002433,O01448,P0127,1,12125.3,0.1
I002434,O01448,P0483,1,14346.17,0.1
I002435,O01449,P0015,5,198.88,0.1
I002436,O01450,P0190,2,4813.84,0.0
I002437,O01451,P0176,4,13983.62,0.0
I002438,O01451,P0469,3,12828.28,0.0
I002439,O01452,P0500,1,14456.78,0.1
I002440,O01452,P0102,1,4552.64,0.1
I002441,O01453,P0217,1,2504.14,0.1
I002442,O01453,P0162,1,11199.84,0.1
I002443,O01454,P0216,1,4253.32,0.1
I002444,O01455,P0297,2,14103.76,0.2
I002445,O01455,P0286,1,8678.82,0.2
I002446,O01456,P0280,1,19260.63,0.05
I002447,O01457,P0156,1,17438.42,0.2
I002448,O01458,P0013,1,1067.21,0.2
I002449,O01459,P0428,1,15197.13,0.2
I002450,O01459,P0088,1,10596.08,0.2
I002451,O01460,P0151,2,8069.27,0.1
I002452,O01461,P0140,1,23423.37,0.2
I002453,O01462,P0254,1,1468.59,0.3
I002454,O01462,P0155,1,16173.54,0.3
I002455,O01463,P0305,1,5268.03,0.1
I002456,O01463,P0014,1,14738.4,0.1
I002457,O01463,P0104,4,389.71,0.1
I002458,O01464,P0328,2,15667.69,0.2
I002459,O01464,P0446,1,18710.12,0.2
I002460,O01464,P0196,1,3827.41,0.2
I002461,O01465,P0320,3,22881.56,0.2
I002462,O01466,P0311,3,13470.81,0.05
I002463,O01467,P0094,1,6917.65,0.1
I002464,O01467,P0141,5,2669.4,0.1
I002465,O01468,P0091,4,5800.05,0.1
I002466,O01468,P0113,1,1476.37,0.1
I002467,O01469,P0372,1,5715.65,0.05
I002468,O01470,P0186,1,14403.22,0.05
I002469,O01471,P0138,2,9332.54,0.05
I002470,O01471,P0040,2,10694.19,0.05
I002471,O01472,P0254,3,1468.59,0.1
I002472,O01472,P0202,1,4958.04,0.1
I002473,O01473,P0208,3,17414.46,0.05
I002474,O01474,P0179,1,12189.37,0.1
I002475,O01474,P0117,2,5812.89,0.1
I002476,O01475,P0429,1,4623.76,0.15
I002477,O01476,P0434,1,15961.32,0.1
I002478,O01477,P0103,1,9874.02,0.05
I002479,O01478,P0500,1,14456.78,0.0
I002480,O01479,P0084,3,10059.02,0.2
I002481,O01480,P0195,2,18266.79,0.1
I002482,O01480,P0094,2,6917.65,0.1
I002483,O01481,P0401,1,18961.41,0.25
I002484,O01482,P0288,1,16170.77,0.05
I002485,O01482,P0085,1,14574.29,0.05
I002486,O01483,P0048,1,881.87,0.0
I002487,O01484,P0464,3,11639.56,0.0
I002488,O01485,P0436,1,9847.38,0.0
I002489,O01485,P0268,5,21182.18,0.0
I002490,O01486,P0432,1,1677.91,0.05
I002491,O01486,P0440,2,10988.87,0.05
I002492,O01487,P0313,2,15225.55,0.05
I002493,O01488,P0404,4,7190.22,0.0
I002494,O01488,P0400,1,7063.54,0.0
I002495,O01489,P0417,3,7877.14,0.05
I002496,O01489,P0409,4,8257.04,0.05
I002497,O01490,P0232,1,14966.59,0.15
I002498,O01491,P0425,1,3871.16,0.15
I002499,O01491,P0051,1,13023.34,0.15
I002500,O01492,P0300,1,11744.09,0.0
I002501,O01493,P0260,4,9638.98,0.25
I002502,O01493,P0228,1,7442.22,0.25
I002503,O01494,P0420,2,5156.99,0.0
I002504,O01495,P0368,1,19421.03,0.0
I002505,O01496,P0445,4,5378.95,0.0
I002506,O01497,P0108,2,11560.22,0.0
I002507,O01498,P0003,1,14157.19,0.1
I002508,O01499,P0198,3,15426.36,0.0
I002509,O01499,P0433,1,11369.56,0.0
I002510,O01499,P0082,1,8524.01,0.0
I002511,O01500,P0141,2,2669.4,0.1
I002512,O01500,P0015,3,198.88,0.1
I002513,O01500,P0083,4,7026.05,0.1
I002514,O01501,P0065,2,11896.67,0.05
I002515,O01501,P0220,1,4537.91,0.05
I002516,O01502,P0327,2,7197.89,0.05
I002517,O01502,P0278,1,4045.44,0.05
I002518,O01503,P0174,2,14241.6,0.2
I002519,O01504,P0315,1,8767.22,0.05
I002520,O01505,P0260,1,9638.98,0.2
I002521,O01505,P0412,1,14362.31,0.2
I002522,O01506,P0467,4,7857.91,0.05
I002523,O01507,P0086,1,12651.01,0.3
I002524,O01507,P0061,2,9428.51,0.3
I002525,O01508,P0298,1,14301.55,0.3
I002526,O01509,P0331,2,7610.91,0.2
I002527,O01510,P0156,3,17438.42,0.2
I002528,O01510,P0260,2,9638.98,0.2
I002529,O01510,P0264,1,11827.53,0.2
I002530,O01511,P0421,2,3134.29,0.2
I002531,O01512,P0492,1,13278.61,0.1
I002532,O01513,P0102,1,4552.64,0.15
I002533,O01514,P0013,1,1067.21,0.1
I002534,O01515,P0265,1,16102.0,0.2
I002535,O01515,P0127,1,12125.3,0.2
I002536,O01516,P0151,1,8069.27,0.25
I002537,O01517,P0131,1,2329.3,0.15
I002538,O01517,P0254,2,1468.59,0.15
I002539,O01518,P0377,1,7254.24,0.25
I002540,O01519,P0189,1,1077.94,0.1
I002541,O01520,P0497,1,5343.08,0.25
I002542,O01521,P0346,1,17166.81,0.05
I002543,O01521,P0325,1,883.29,0.05
I002544,O01521,P0333,1,16891.72,0.05
I002545,O01522,P0223,2,12111.39,0.0
I002546,O01522,P0256,1,10413.89,0.0
I002547,O01523,P0241,1,9473.89,0.0
I002548,O01524,P0210,1,3425.1,0.0
I002549,O01524,P0486,1,7416.01,0.0
I002550,O01525,P0256,1,10413.89,0.2
I002551,O01525,P0496,1,20624.48,0.2
I002552,O01526,P0022,1,16227.09,0.1
I002553,O01527,P0209,3,17935.22,0.05
I002554,O01527,P0202,1,4958.04,0.05
I002555,O01527,P0292,1,21583.15,0.05
I002556,O01528,P0039,3,1954.54,0.15
I002557,O01529,P0473,2,731.76,0.05
I002558,O01529,P0047,2,3795.44,0.05
I002559,O01530,P0149,1,18764.92,0.0
I002560,O01531,P0186,1,14403.22,0.1
I002561,O01532,P0084,1,10059.02,0.0
I002562,O01532,P0042,1,18369.63,0.0
I002563,O01532,P0285,1,11518.27,0.0
I002564,O01533,P0222,2,6948.91,0.05
I002565,O01534,P0160,1,6251.25,0.15
I002566,O01535,P0087,1,5413.54,0.05
I002567,O01536,P0125,1,8357.18,0.0
I002568,O01537,P0163,2,16537.01,0.1
I002569,O01537,P0070,3,3923.76,0.1
I002570,O01538,P0095,1,708.58,0.1
I002571,O01538,P0444,4,4611.38,0.1
I002572,O01538,P0445,2,5378.95,0.1
I002573,O01539,P0488,2,6474.12,0.05
I002574,O01539,P0032,1,12721.46,0.05
I002575,O01539,P0320,1,22881.56,0.05
I002576,O01540,P0128,2,11542.08,0.0
I002577,O01540,P0118,1,11312.75,0.0
I002578,O01541,P0104,3,389.71,0.15
I002579,O01542,P0494,1,9857.51,0.0
I002580,O01543,P0486,5,7416.01,0.25
I002581,O01543,P0131,1,2329.3,0.25
I002582,O01544,P0199,1,13045.06,0.0
I002583,O01545,P0415,1,19105.92,0.15
I002584,O01546,P0128,1,11542.08,0.0
I002585,O01546,P0264,1,11827.53,0.0
I002586,O01547,P0060,1,10597.6,0.1
I002587,O01547,P0168,2,11374.5,0.1
I002588,O01547,P0489,1,16108.48,0.1
I002589,O01548,P0132,1,8762.43,0.05
I002590,O01549,P0252,1,18803.98,0.0
I002591,O01550,P0290,2,5856.65,0.2
I002592,O01550,P0045,3,5553.07,0.2
I002593,O01550,P0122,1,20389.93,0.2
I002594,O01550,P0020,1,16894.73,0.2
I002595,O01551,P0237,1,13454.07,0.1
I002596,O01551,P0468,2,17686.56,0.1
I002597,O01552,P0301,2,1551.88,0.05
I002598,O01553,P0094,1,6917.65,0.25
I002599,O01554,P0474,1,2142.32,0.0
I002600,O01554,P0467,1,7857.91,0.0
I002601,O01554,P0497,1,5343.08,0.0
I002602,O01555,P0384,1,21014.31,0.05
I002603,O01555,P0488,2,6474.12,0.05
I002604,O01556,P0422,2,6180.37,0.0
I002605,O01556,P0404,1,7190.22,0.0
I002606,O01557,P0466,1,7584.85,0.3
I002607,O01557,P0391,1,16675.09,0.3
I002608,O01558,P0228,2,7442.22,0.1
I002609,O01558,P0384,2,21014.31,0.1
I002610,O01559,P0482,3,16166.73,0.15
I002611,O01559,P0144,2,5083.64,0.15
I002612,O01560,P0228,1,7442.22,0.0
I002613,O01560,P0024,1,14146.9,0.0
I002614,O01560,P0113,1,1476.37,0.0
I002615,O01561,P0253,2,10206.89,0.05
I002616,O01562,P0220,2,4537.91,0.1
I002617,O01563,P0067,1,18606.26,0.0
I002618,O01563,P0244,1,6694.24,0.0
I002619,O01564,P0334,1,5599.91,0.1
I002620,O01565,P0108,1,11560.22,0.25
I002621,O01565,P0032,1,12721.46,0.25
I002622,O01566,P0038,2,13981.96,0.25
I002623,O01567,P0462,2,8013.86,0.05
I002624,O01568,P0442,1,12851.94,0.1
I002625,O01569,P0490,1,17879.27,0.05
I002626,O01570,P0443,1,3024.24,0.25
I002627,O01571,P0181,1,6969.81,0.1
I002628,O01572,P0392,1,10129.56,0.05
I002629,O01573,P0379,1,4596.34,0.2
I002630,O01573,P0119,5,14136.98,0.2
I002631,O01574,P0241,1,9473.89,0.1
I002632,O01574,P0358,3,17680.82,0.1
I002633,O01575,P0130,2,5669.17,0.1
I002634,O01575,P0425,1,3871.16,0.1
I002635,O01576,P0064,1,18152.26,0.2
I002636,O01577,P0430,1,14535.8,0.05
I002637,O01577,P0044,3,4750.75,0.05
I002638,O01578,P0399,3,9834.2,0.1
I002639,O01578,P0034,2,3767.39,0.1
I002640,O01579,P0231,1,5606.43,0.0
I002641,O01580,P0167,4,2741.53,0.05
I002642,O01580,P0371,3,14987.41,0.05
I002643,O01580,P0465,2,7131.53,0.05
I002644,O01581,P0147,1,5903.16,0.0
I002645,O01581,P0243,1,5300.75,0.0
I002646,O01581,P0493,1,17331.35,0.0
I002647,O01582,P0349,2,17040.15,0.1
I002648,O01582,P0095,3,708.58,0.1
I002649,O01583,P0163,1,16537.01,0.05
I002650,O01583,P0285,1,11518.27,0.05
I002651,O01583,P0428,1,15197.13,0.05
I002652,O01583,P0233,4,9166.88,0.05
I002653,O01584,P0223,1,12111.39,0.15
I002654,O01585,P0148,2,3827.6,0.15
I002655,O01586,P0375,1,1937.18,0.15
I002656,O01586,P0425,1,3871.16,0.15
I002657,O01586,P0192,2,13132.41,0.15
I002658,O01587,P0063,2,17989.43,0.0
I002659,O01588,P0337,1,6259.83,0.1
I002660,O01588,P0270,3,15544.12,0.1
I002661,O01589,P0224,1,14337.8,0.15
I002662,O01590,P0023,1,8677.28,0.05
I002663,O01591,P0428,2,15197.13,0.05
I002664,O01592,P0484,3,14051.85,0.15
I002665,O01593,P0177,1,5666.47,0.05
I002666,O01593,P0428,3,15197.13,0.05
I002667,O01594,P0437,1,9057.77,0.05
I002668,O01595,P0237,1,13454.07,0.1
I002669,O01596,P0206,2,13942.45,0.1
I002670,O01596,P0181,1,6969.81,0.1
I002671,O01597,P0236,1,13763.86,0.15
I002672,O01597,P0428,3,15197.13,0.15
I002673,O01598,P0363,1,11446.48,0.0
I002674,O01598,P0493,1,17331.35,0.0
I002675,O01599,P0385,4,9160.1,0.0
I002676,O01600,P0184,1,5176.95,0.15
I002677,O01601,P0285,1,11518.27,0.1
I002678,O01602,P0079,1,16242.79,0.15
I002679,O01603,P0393,1,1256.74,0.1
I002680,O01604,P0307,2,8542.99,0.1
I002681,O01604,P0259,3,9091.06,0.1
I002682,O01605,P0494,1,9857.51,0.05
I002683,O01606,P0255,2,2178.42,0.15
I002684,O01607,P0110,2,239.19,0.1
I002685,O01608,P0391,1,16675.09,0.05
I002686,O01609,P0381,2,1646.42,0.05
I002687,O01609,P0495,1,3120.64,0.05
I002688,O01609,P0464,1,11639.56,0.05
I002689,O01610,P0365,4,1546.12,0.0
I002690,O01610,P0429,2,4623.76,0.0
I002691,O01610,P0233,2,9166.88,0.0
I002692,O01611,P0318,3,18336.52,0.0
I002693,O01611,P0013,1,1067.21,0.0
I002694,O01612,P0106,1,5470.36,0.0
I002695,O01612,P0067,1,18606.26,0.0
I002696,O01613,P0123,2,12283.66,0.1
I002697,O01613,P0278,1,4045.44,0.1
I002698,O01613,P0385,1,9160.1,0.1
I002699,O01613,P0106,1,5470.36,0.1
I002700,O01614,P0467,1,7857.91,0.15
I002701,O01615,P0417,1,7877.14,0.1
I002702,O01616,P0092,3,3959.04,0.1
I002703,O01617,P0382,1,17253.16,0.0
I002704,O01618,P0451,1,18517.71,0.2
I002705,O01618,P0468,1,17686.56,0.2
I002706,O01619,P0060,2,10597.6,0.15
I002707,O01620,P0064,3,18152.26,0.1
I002708,O01621,P0350,3,14181.21,0.0
I002709,O01621,P0217,2,2504.14,0.0
I002710,O01621,P0201,4,18090.68,0.0
I002711,O01622,P0390,1,2477.97,0.2
I002712,O01622,P0075,1,16717.1,0.2
I002713,O01622,P0161,1,4912.94,0.2
I002714,O01622,P0064,1,18152.26,0.2
I002715,O01623,P0454,2,13398.41,0.0
I002716,O01624,P0450,2,2255.15,0.15
I002717,O01625,P0274,4,16208.88,0.05
I002718,O01626,P0298,2,14301.55,0.2
I002719,O01626,P0191,4,14335.92,0.2
I002720,O01626,P0297,1,14103.76,0.2
I002721,O01627,P0126,2,12590.35,0.1
I002722,O01628,P0324,3,2232.66,0.05
I002723,O01629,P0063,2,17989.43,0.0
I002724,O01629,P0013,3,1067.21,0.0
I002725,O01630,P0162,2,11199.84,0.05
I002726,O01631,P0108,1,11560.22,0.05
I002727,O01631,P0331,2,7610.91,0.05
I002728,O01631,P0051,4,13023.34,0.05
I002729,O01632,P0404,5,7190.22,0.15
I002730,O01632,P0387,1,11008.74,0.15
I002731,O01633,P0009,1,10894.67,0.05
I002732,O01634,P0305,1,5268.03,0.05
I002733,O01634,P0122,2,20389.93,0.05
I002734,O01635,P0290,1,5856.65,0.1
I002735,O01636,P0453,1,2027.99,0.0
I002736,O01637,P0148,1,3827.6,0.15
I002737,O01637,P0074,1,20503.04,0.15
I002738,O01638,P0062,1,2140.31,0.0
I002739,O01639,P0058,4,10856.44,0.15
I002740,O01640,P0332,2,9365.5,0.05
I002741,O01640,P0326,1,1200.34,0.05
I002742,O01641,P0392,1,10129.56,0.1
I002743,O01641,P0373,1,8955.67,0.1
I002744,O01642,P0276,1,15791.95,0.1
I002745,O01643,P0348,2,19194.75,0.05
I002746,O01643,P0011,1,6896.23,0.05
I002747,O01644,P0164,1,744.63,0.05
I002748,O01645,P0249,1,11650.12,0.25
I002749,O01646,P0257,1,8094.05,0.05
I002750,O01647,P0222,1,6948.91,0.05
I002751,O01648,P0335,1,3821.2,0.05
I002752,O01649,P0327,3,7197.89,0.15
I002753,O01650,P0226,1,1989.2,0.05
I002754,O01650,P0139,2,11137.68,0.05
I002755,O01650,P0117,3,5812.89,0.05
I002756,O01651,P0135,1,13687.78,0.0
I002757,O01651,P0067,2,18606.26,0.0
I002758,O01652,P0212,1,15959.35,0.1
I002759,O01653,P0278,1,4045.44,0.0
I002760,O01653,P0407,2,775.43,0.0
I002761,O01654,P0226,4,1989.2,0.05
I002762,O01655,P0224,4,14337.8,0.2
I002763,O01656,P0258,2,5357.22,0.05
I002764,O01656,P0466,1,7584.85,0.05
I002765,O01657,P0497,1,5343.08,0.1
I002766,O01658,P0124,1,15514.19,0.15
I002767,O01658,P0454,5,13398.41,0.15
I002768,O01659,P0144,2,5083.64,0.1
I002769,O01659,P0237,2,13454.07,0.1
I002770,O01660,P0074,1,20503.04,0.0
I002771,O01661,P0337,2,6259.83,0.05
I002772,O01661,P0461,1,6940.51,0.05
I002773,O01661,P0112,3,10276.51,0.05
I002774,O01662,P0040,2,10694.19,0.2
I002775,O01663,P0019,4,7331.38,0.15
I002776,O01663,P0087,1,5413.54,0.15
I002777,O01664,P0054,4,22196.9,0.15
I002778,O01665,P0487,3,2276.61,0.1
I002779,O01665,P0440,1,10988.87,0.1
I002780,O01666,P0460,1,1760.09,0.05
I002781,O01667,P0441,1,11253.53,0.15
I002782,O01668,P0265,4,16102.0,0.15
I002783,O01669,P0212,2,15959.35,0.1
I002784,O01669,P0268,1,21182.18,0.1
I002785,O01670,P0305,1,5268.03,0.1
I002786,O01670,P0051,1,13023.34,0.1
I002787,O01671,P0091,1,5800.05,0.05
I002788,O01671,P0262,3,12660.19,0.05
I002789,O01671,P0177,1,5666.47,0.05
I002790,O01672,P0462,2,8013.86,0.1
I002791,O01672,P0242,4,12806.32,0.1
I002792,O01673,P0127,4,12125.3,0.1
I002793,O01674,P0461,1,6940.51,0.05
I002794,O01675,P0239,1,10044.2,0.05
I002795,O01676,P0452,2,14623.62,0.15
I002796,O01677,P0070,1,3923.76,0.05
I002797,O01678,P0390,2,2477.97,0.25
I002798,O01678,P0256,1,10413.89,0.25
I002799,O01678,P0130,1,5669.17,0.25
I002800,O01678,P0099,2,11095.32,0.25
I002801,O01679,P0462,1,8013.86,0.1
I002802,O01680,P0358,2,17680.82,0.1
I002803,O01680,P0478,3,24448.55,0.1
I002804,O01681,P0251,1,13718.51,0.1
I002805,O01682,P0362,4,7754.84,0.1
I002806,O01683,P0328,1,15667.69,0.2
I002807,O01684,P0081,1,12661.97,0.0
I002808,O01684,P0315,2,8767.22,0.0
I002809,O01685,P0111,1,4168.73,0.05
I002810,O01686,P0410,1,8140.59,0.05
I002811,O01686,P0120,1,15630.4,0.05
I002812,O01686,P0488,2,6474.12,0.05
I002813,O01687,P0043,1,230.23,0.05
I002814,O01688,P0120,2,15630.4,0.2
I002815,O01689,P0388,1,10509.73,0.0
I002816,O01689,P0195,2,18266.79,0.0
I002817,O01690,P0175,1,8354.48,0.05
I002818,O01691,P0236,2,13763.86,0.15
I002819,O01691,P0494,1,9857.51,0.15
I002820,O01691,P0001,1,12680.89,0.15
I002821,O01692,P0365,2,1546.12,0.05
I002822,O01693,P0457,2,18511.82,0.2
I002823,O01693,P0362,1,7754.84,0.2
I002824,O01694,P0294,1,9318.36,0.05
I002825,O01695,P0454,3,13398.41,0.0
I002826,O01695,P0073,2,14367.83,0.0
I002827,O01696,P0205,1,15563.05,0.1
I002828,O01697,P0497,1,5343.08,0.1
I002829,O01698,P0406,2,1199.98,0.0
I002830,O01699,P0256,4,10413.89,0.15
I002831,O01700,P0326,4,1200.34,0.0
I002832,O01701,P0294,1,9318.36,0.05
I002833,O01701,P0479,1,2007.3,0.05
I002834,O01701,P0153,1,6065.86,0.05
I002835,O01702,P0173,1,11347.23,0.1
I002836,O01702,P0305,1,5268.03,0.1
I002837,O01703,P0394,1,9719.2,0.2
I002838,O01704,P0158,1,9904.7,0.0
I002839,O01705,P0359,1,17408.84,0.2
I002840,O01705,P0217,1,2504.14,0.2
I002841,O01706,P0191,1,14335.92,0.15
I002842,O01706,P0116,1,14318.59,0.15
I002843,O01707,P0219,1,1340.09,0.0
I002844,O01708,P0061,2,9428.51,0.05
I002845,O01708,P0428,2,15197.13,0.05
I002846,O01709,P0327,1,7197.89,0.2
I002847,O01709,P0283,1,10933.03,0.2
I002848,O01710,P0480,2,12036.43,0.0
I002849,O01710,P0166,2,4299.84,0.0
I002850,O01710,P0152,1,11257.85,0.0
I002851,O01710,P0282,1,4087.36,0.0
I002852,O01711,P0461,2,6940.51,0.0
I002853,O01711,P0129,2,15750.63,0.0
I002854,O01712,P0259,1,9091.06,0.15
I002855,O01712,P0260,1,9638.98,0.15
I002856,O01713,P0172,1,13856.39,0.1
I002857,O01713,P0369,1,2936.18,0.1
I002858,O01713,P0051,1,13023.34,0.1
I002859,O01714,P0122,3,20389.93,0.05
I002860,O01715,P0145,1,5897.75,0.0
I002861,O01716,P0444,1,4611.38,0.15
I002862,O01717,P0420,1,5156.99,0.1
I002863,O01718,P0354,1,749.54,0.05
I002864,O01719,P0385,2,9160.1,0.25
I002865,O01719,P0171,3,6118.98,0.25
I002866,O01720,P0231,1,5606.43,0.1
I002867,O01721,P0275,1,18205.93,0.05
I002868,O01722,P0361,1,8061.24,0.15
I002869,O01723,P0435,1,11265.94,0.1
I002870,O01724,P0314,1,5199.64,0.0
I002871,O01725,P0060,4,10597.6,0.2
I002872,O01725,P0396,1,6181.52,0.2
I002873,O01726,P0280,1,19260.63,0.0
I002874,O01727,P0429,4,4623.76,0.3
I002875,O01727,P0135,1,13687.78,0.3
I002876,O01728,P0244,1,6694.24,0.05
I002877,O01729,P0097,1,16913.36,0.1
I002878,O01729,P0069,1,6827.67,0.1
I002879,O01730,P0346,1,17166.81,0.3
I002880,O01731,P0355,1,15161.64,0.05
I002881,O01732,P0486,1,7416.01,0.1
I002882,O01733,P0166,2,4299.84,0.15
I002883,O01733,P0467,1,7857.91,0.15
I002884,O01733,P0284,5,9183.48,0.15
I002885,O01734,P0407,1,775.43,0.1
I002886,O01734,P0143,3,2154.67,0.1
I002887,O01734,P0442,1,12851.94,0.1
I002888,O01735,P0168,1,11374.5,0.05
I002889,O01736,P0029,1,7973.77,0.0
I002890,O01737,P0260,1,9638.98,0.1
I002891,O01737,P0093,1,11807.43,0.1
I002892,O01738,P0444,2,4611.38,0.1
I002893,O01739,P0311,1,13470.81,0.05
I002894,O01740,P0288,5,16170.77,0.05
I002895,O01741,P0074,3,20503.04,0.05
I002896,O01742,P0242,2,12806.32,0.1
I002897,O01743,P0364,2,20513.3,0.15
I002898,O01743,P0414,2,3244.46,0.15
I002899,O01743,P0193,1,3841.48,0.15
I002900,O01744,P0459,2,15147.66,0.05
I002901,O01745,P0110,1,239.19,0.05
I002902,O01745,P0315,1,8767.22,0.05
I002903,O01746,P0213,2,13682.03,0.2
I002904,O01747,P0027,1,6637.92,0.15
I002905,O01748,P0352,1,10103.59,0.15
I002906,O01748,P0465,1,7131.53,0.15
I002907,O01749,P0216,1,4253.32,0.15
I002908,O01750,P0303,1,15132.39,0.2
I002909,O01751,P0420,2,5156.99,0.15
I002910,O01752,P0052,3,22717.29,0.0
I002911,O01752,P0321,2,15173.01,0.0
I002912,O01752,P0108,1,11560.22,0.0
I002913,O01753,P0487,2,2276.61,0.0
I002914,O01753,P0221,1,9748.25,0.0
I002915,O01753,P0484,2,14051.85,0.0
I002916,O01754,P0150,1,19657.29,0.05
I002917,O01755,P0016,1,4929.52,0.05
I002918,O01756,P0071,1,1222.75,0.0
I002919,O01756,P0425,1,3871.16,0.0
I002920,O01757,P0312,2,8312.33,0.15
I002921,O01758,P0418,1,12929.12,0.1
I002922,O01759,P0373,1,8955.67,0.15
I002923,O01760,P0121,1,5223.81,0.0
I002924,O01760,P0217,2,2504.14,0.0
I002925,O01760,P0491,1,14558.18,0.0
I002926,O01760,P0060,1,10597.6,0.0
I002927,O01761,P0195,2,18266.79,0.05
I002928,O01762,P0086,1,12651.01,0.1
I002929,O01763,P0185,1,11400.27,0.1
I002930,O01764,P0429,1,4623.76,0.15
I002931,O01764,P0001,3,12680.89,0.15
I002932,O01765,P0283,1,10933.03,0.25
I002933,O01766,P0448,1,11150.05,0.0
I002934,O01766,P0367,1,14116.53,0.0
I002935,O01767,P0122,3,20389.93,0.1
I002936,O01768,P0366,1,12694.5,0.0
I002937,O01768,P0109,4,7019.11,0.0
I002938,O01768,P0142,5,7546.26,0.0
I002939,O01769,P0369,1,2936.18,0.05
I002940,O01770,P0054,2,22196.9,0.15
I002941,O01770,P0281,1,8647.87,0.15
I002942,O01770,P0247,3,5866.18,0.15
I002943,O01771,P0478,2,24448.55,0.3
I002944,O01771,P0402,2,5149.65,0.3
I002945,O01772,P0131,3,2329.3,0.1
I002946,O01772,P0206,2,13942.45,0.1
I002947,O01772,P0125,1,8357.18,0.1
I002948,O01773,P0180,2,5738.9,0.05
I002949,O01774,P0306,1,20887.78,0.05
I002950,O01775,P0232,3,14966.59,0.15
I002951,O01776,P0375,1,1937.18,0.2
I002952,O01777,P0095,1,708.58,0.2
I002953,O01777,P0422,1,6180.37,0.2
I002954,O01777,P0058,2,10856.44,0.2
I002955,O01778,P0431,1,7800.63,0.1
I002956,O01778,P0337,1,6259.83,0.1
I002957,O01779,P0334,1,5599.91,0.1
I002958,O01779,P0333,1,16891.72,0.1
I002959,O01780,P0241,2,9473.89,0.2
I002960,O01781,P0228,5,7442.22,0.25
I002961,O01782,P0180,1,5738.9,0.25
I002962,O01782,P0024,1,14146.9,0.25
I002963,O01783,P0170,2,10734.0,0.15
I002964,O01783,P0472,1,6339.28,0.15
I002965,O01784,P0471,2,3362.5,0.05
I002966,O01785,P0467,1,7857.91,0.05
I002967,O01785,P0087,1,5413.54,0.05
I002968,O01786,P0022,1,16227.09,0.05
I002969,O01787,P0384,1,21014.31,0.0
I002970,O01788,P0472,1,6339.28,0.05
I002971,O01788,P0270,1,15544.12,0.05
I002972,O01789,P0379,1,4596.34,0.2
I002973,O01789,P0362,1,7754.84,0.2
I002974,O01790,P0093,1,11807.43,0.15
I002975,O01790,P0040,1,10694.19,0.15
I002976,O01791,P0447,1,13008.01,0.0
I002977,O01791,P0303,2,15132.39,0.0
I002978,O01791,P0434,2,15961.32,0.0
I002979,O01792,P0119,4,14136.98,0.0
I002980,O01792,P0419,1,11206.88,0.0
I002981,O01792,P0321,2,15173.01,0.0
I002982,O01793,P0102,1,4552.64,0.3
I002983,O01793,P0243,2,5300.75,0.3
I002984,O01794,P0106,1,5470.36,0.05
I002985,O01795,P0276,3,15791.95,0.1
I002986,O01795,P0303,2,15132.39,0.1
I002987,O01796,P0016,1,4929.52,0.05
I002988,O01797,P0158,3,9904.7,0.05
I002989,O01798,P0108,1,11560.22,0.1
I002990,O01798,P0419,1,11206.88,0.1
I002991,O01799,P0391,1,16675.09,0.1
I002992,O01799,P0385,1,9160.1,0.1
I002993,O01799,P0079,1,16242.79,0.1
I002994,O01800,P0175,1,8354.48,0.1
I002995,O01801,P0357,1,4004.54,0.0
I002996,O01802,P0295,3,12191.72,0.05
I002997,O01803,P0017,2,9858.5,0.1
I002998,O01804,P0026,1,8043.88,0.0
I002999,O01804,P0401,1,18961.41,0.0
I003000,O01805,P0266,1,6946.78,0.2
I003001,O01805,P0025,4,21151.19,0.2
I003002,O01806,P0465,1,7131.53,0.0
I003003,O01806,P0040,2,10694.19,0.0
I003004,O01807,P0035,2,10869.62,0.1
I003005,O01808,P0348,1,19194.75,0.0
I003006,O01809,P0245,1,14211.09,0.15
I003007,O01810,P0198,1,15426.36,0.05
I003008,O01810,P0475,2,6070.94,0.05
I003009,O01810,P0222,1,6948.91,0.05
I003010,O01811,P0389,1,10740.24,0.0
I003011,O01812,P0016,1,4929.52,0.1
I003012,O01812,P0281,1,8647.87,0.1
I003013,O01813,P0482,2,16166.73,0.3
I003014,O01814,P0068,1,658.18,0.2
I003015,O01814,P0364,1,20513.3,0.2
I003016,O01815,P0403,2,10949.03,0.15
I003017,O01815,P0217,1,2504.14,0.15
I003018,O01815,P0329,1,6837.04,0.15
I003019,O01815,P0406,3,1199.98,0.15
I003020,O01816,P0394,2,9719.2,0.0
I003021,O01816,P0058,2,10856.44,0.0
I003022,O01817,P0031,2,10837.07,0.2
I003023,O01818,P0444,1,4611.38,0.2
I003024,O01818,P0255,1,2178.42,0.2
I003025,O01819,P0206,1,13942.45,0.0
I003026,O01820,P0459,3,15147.66,0.0
I003027,O01820,P0468,2,17686.56,0.0
I003028,O01820,P0239,4,10044.2,0.0
I003029,O01821,P0401,4,18961.41,0.1
I003030,O01822,P0235,1,17675.52,0.1
I003031,O01823,P0283,1,10933.03,0.05
I003032,O01824,P0189,2,1077.94,0.05
I003033,O01824,P0318,1,18336.52,0.05
I003034,O01824,P0429,2,4623.76,0.05
I003035,O01825,P0439,1,11309.42,0.1
I003036,O01825,P0011,2,6896.23,0.1
I003037,O01825,P0398,1,15186.38,0.1
I003038,O01825,P0440,4,10988.87,0.1
I003039,O01826,P0090,3,19317.51,0.15
I003040,O01827,P0051,1,13023.34,0.25
I003041,O01828,P0019,3,7331.38,0.05
I003042,O01828,P0271,2,10464.94,0.05
I003043,O01828,P0082,1,8524.01,0.05
I003044,O01829,P0120,1,15630.4,0.15
I003045,O01830,P0019,2,7331.38,0.15
I003046,O01830,P0038,1,13981.96,0.15
I003047,O01831,P0062,1,2140.31,0.1
I003048,O01832,P0286,1,8678.82,0.25
I003049,O01833,P0099,1,11095.32,0.0
I003050,O01834,P0198,1,15426.36,0.2
I003051,O01834,P0127,1,12125.3,0.2
I003052,O01835,P0359,1,17408.84,0.2
I003053,O01836,P0368,2,19421.03,0.0
I003054,O01836,P0357,2,4004.54,0.0
I003055,O01837,P0385,1,9160.1,0.1
I003056,O01837,P0223,1,12111.39,0.1
I003057,O01838,P0123,2,12283.66,0.1
I003058,O01839,P0054,1,22196.9,0.1
I003059,O01840,P0292,1,21583.15,0.2
I003060,O01841,P0300,1,11744.09,0.15
I003061,O01842,P0224,2,14337.8,0.0
I003062,O01843,P0393,3,1256.74,0.25
I003063,O01844,P0454,5,13398.41,0.0
I003064,O01844,P0109,1,7019.11,0.0
I003065,O01845,P0044,1,4750.75,0.1
I003066,O01845,P0425,2,3871.16,0.1
I003067,O01846,P0248,1,5481.12,0.1
I003068,O01846,P0198,1,15426.36,0.1
I003069,O01847,P0092,1,3959.04,0.0
I003070,O01848,P0095,2,708.58,0.15
I003071,O01848,P0009,2,10894.67,0.15
I003072,O01849,P0142,2,7546.26,0.25
I003073,O01850,P0461,1,6940.51,0.1
I003074,O01851,P0422,1,6180.37,0.1
I003075,O01851,P0094,2,6917.65,0.1
I003076,O01851,P0173,1,11347.23,0.1
I003077,O01851,P0260,1,9638.98,0.1
I003078,O01852,P0364,1,20513.3,0.05
I003079,O01852,P0233,1,9166.88,0.05
I003080,O01853,P0342,1,8867.09,0.2
I003081,O01854,P0120,2,15630.4,0.25
I003082,O01855,P0355,1,15161.64,0.05
I003083,O01855,P0191,1,14335.92,0.05
I003084,O01855,P0487,1,2276.61,0.05
I003085,O01856,P0052,3,22717.29,0.2
I003086,O01857,P0309,2,879.52,0.05
I003087,O01858,P0402,1,5149.65,0.1
I003088,O01858,P0115,1,10805.92,0.1
I003089,O01858,P0299,1,9253.96,0.1
I003090,O01859,P0343,1,21720.15,0.05
I003091,O01859,P0296,1,10086.41,0.05
I003092,O01860,P0302,4,10139.5,0.05
I003093,O01861,P0008,1,404.42,0.2
I003094,O01861,P0443,3,3024.24,0.2
I003095,O01862,P0299,3,9253.96,0.15
I003096,O01862,P0237,1,13454.07,0.15
I003097,O01863,P0130,1,5669.17,0.0
I003098,O01863,P0486,2,7416.01,0.0
I003099,O01863,P0138,2,9332.54,0.0
I003100,O01864,P0256,1,10413.89,0.15
I003101,O01864,P0020,1,16894.73,0.15
I003102,O01865,P0195,2,18266.79,0.1
I003103,O01866,P0057,1,14313.59,0.15
I003104,O01866,P0039,1,1954.54,0.15
I003105,O01867,P0347,1,207.7,0.1
I003106,O01867,P0122,1,20389.93,0.1
I003107,O01868,P0065,1,11896.67,0.05
I003108,O01868,P0326,1,1200.34,0.05
I003109,O01869,P0114,4,2768.84,0.1
I003110,O01869,P0384,5,21014.31,0.1
I003111,O01869,P0399,1,9834.2,0.1
I003112,O01870,P0008,1,404.42,0.0
I003113,O01871,P0206,1,13942.45,0.05
I003114,O01872,P0148,2,3827.6,0.0
I003115,O01873,P0433,1,11369.56,0.1
I003116,O01873,P0011,2,6896.23,0.1
I003117,O01874,P0040,1,10694.19,0.0
I003118,O01874,P0384,1,21014.31,0.0
I003119,O01874,P0346,1,17166.81,0.0
I003120,O01875,P0433,1,11369.56,0.15
I003121,O01875,P0201,1,18090.68,0.15
I003122,O01876,P0257,1,8094.05,0.2
I003123,O01876,P0381,2,1646.42,0.2
I003124,O01877,P0120,1,15630.4,0.15
I003125,O01877,P0155,1,16173.54,0.15
I003126,O01877,P0100,2,7091.79,0.15
I003127,O01878,P0366,2,12694.5,0.05
I003128,O01878,P0065,1,11896.67,0.05
I003129,O01878,P0436,1,9847.38,0.05
I003130,O01878,P0117,1,5812.89,0.05
I003131,O01879,P0147,4,5903.16,0.1
I003132,O01879,P0063,1,17989.43,0.1
I003133,O01879,P0442,4,12851.94,0.1
I003134,O01880,P0341,2,9492.87,0.15
I003135,O01880,P0498,1,1038.57,0.15
I003136,O01881,P0037,2,5389.2,0.15
I003137,O01881,P0064,2,18152.26,0.15
I003138,O01881,P0315,1,8767.22,0.15
I003139,O01881,P0019,1,7331.38,0.15
I003140,O01882,P0496,3,20624.48,0.05
I003141,O01882,P0243,1,5300.75,0.05
I003142,O01883,P0323,2,19857.8,0.1
I003143,O01883,P0089,2,21527.82,0.1
I003144,O01884,P0089,1,21527.82,0.0
I003145,O01885,P0085,2,14574.29,0.15
I003146,O01886,P0473,5,731.76,0.1
I003147,O01886,P0408,2,12252.4,0.1
I003148,O01887,P0037,1,5389.2,0.0
I003149,O01887,P0006,1,12139.02,0.0
I003150,O01888,P0463,1,7934.67,0.1
I003151,O01889,P0103,1,9874.02,0.15
I003152,O01889,P0163,3,16537.01,0.15
I003153,O01890,P0406,1,1199.98,0.0
I003154,O01890,P0062,1,2140.31,0.0
I003155,O01890,P0038,3,13981.96,0.0
I003156,O01891,P0431,1,7800.63,0.1
I003157,O01891,P0243,1,5300.75,0.1
I003158,O01891,P0172,4,13856.39,0.1
I003159,O01892,P0444,1,4611.38,0.1
I003160,O01893,P0391,1,16675.09,0.3
I003161,O01894,P0252,1,18803.98,0.05
I003162,O01894,P0459,1,15147.66,0.05
I003163,O01894,P0254,1,1468.59,0.05
I003164,O01895,P0364,2,20513.3,0.15
I003165,O01895,P0238,1,16729.81,0.15
I003166,O01896,P0024,1,14146.9,0.0
I003167,O01897,P0397,1,18087.88,0.25
I003168,O01898,P0217,1,2504.14,0.05
I003169,O01898,P0344,1,5745.03,0.05
I003170,O01899,P0377,1,7254.24,0.0
I003171,O01899,P0354,1,749.54,0.0
I003172,O01900,P0040,1,10694.19,0.05
I003173,O01901,P0135,1,13687.78,0.0
I003174,O01902,P0490,4,17879.27,0.0
I003175,O01903,P0143,1,2154.67,0.1
I003176,O01903,P0219,1,1340.09,0.1
I003177,O01904,P0425,2,3871.16,0.25
I003178,O01905,P0111,1,4168.73,0.1
I003179,O01906,P0013,3,1067.21,0.15
I003180,O01907,P0002,2,685.44,0.15
I003181,O01908,P0102,3,4552.64,0.0
I003182,O01909,P0385,3,9160.1,0.05
I003183,O01909,P0083,1,7026.05,0.05
I003184,O01910,P0125,1,8357.18,0.3
I003185,O01911,P0090,3,19317.51,0.0
I003186,O01911,P0458,1,11252.82,0.0
I003187,O01912,P0456,2,5984.52,0.1
I003188,O01913,P0222,1,6948.91,0.2
I003189,O01914,P0403,1,10949.03,0.05
I003190,O01915,P0075,1,16717.1,0.3
I003191,O01916,P0169,1,5258.15,0.1
I003192,O01916,P0203,1,14797.26,0.1
I003193,O01916,P0031,1,10837.07,0.1
I003194,O01916,P0358,1,17680.82,0.1
I003195,O01917,P0356,1,17911.43,0.2
I003196,O01917,P0290,2,5856.65,0.2
I003197,O01917,P0190,1,4813.84,0.2
I003198,O01918,P0405,1,10874.23,0.1
I003199,O01918,P0447,1,13008.01,0.1
I003200,O01919,P0163,1,16537.01,0.05
I003201,O01920,P0457,2,18511.82,0.15
I003202,O01921,P0108,1,11560.22,0.25
I003203,O01921,P0370,2,12293.71,0.25
I003204,O01921,P0145,1,5897.75,0.25
I003205,O01922,P0415,1,19105.92,0.05
I003206,O01923,P0115,1,10805.92,0.2
I003207,O01924,P0049,1,10387.8,0.15
I003208,O01925,P0434,4,15961.32,0.05
I003209,O01926,P0106,1,5470.36,0.0
I003210,O01926,P0195,3,18266.79,0.0
I003211,O01927,P0408,1,12252.4,0.05
I003212,O01927,P0201,4,18090.68,0.05
I003213,O01928,P0005,1,2113.83,0.2
I003214,O01928,P0206,1,13942.45,0.2
I003215,O01928,P0175,2,8354.48,0.2
I003216,O01929,P0357,1,4004.54,0.0
I003217,O01930,P0428,1,15197.13,0.1
I003218,O01931,P0321,2,15173.01,0.1
I003219,O01932,P0278,2,4045.44,0.15
I003220,O01933,P0189,1,1077.94,0.25
I003221,O01933,P0464,1,11639.56,0.25
I003222,O01933,P0316,4,18765.5,0.25
I003223,O01933,P0172,1,13856.39,0.25
I003224,O01934,P0042,1,18369.63,0.15
I003225,O01934,P0141,1,2669.4,0.15
I003226,O01935,P0026,1,8043.88,0.1
I003227,O01936,P0165,1,8775.25,0.2
I003228,O01937,P0264,2,11827.53,0.15
I003229,O01937,P0245,1,14211.09,0.15
I003230,O01938,P0066,2,4602.72,0.2
I003231,O01939,P0002,1,685.44,0.15
I003232,O01940,P0104,1,389.71,0.15
I003233,O01940,P0403,2,10949.03,0.15
I003234,O01940,P0194,1,4785.07,0.15
I003235,O01941,P0489,2,16108.48,0.0
I003236,O01942,P0298,3,14301.55,0.0
I003237,O01943,P0432,1,1677.91,0.25
I003238,O01944,P0409,4,8257.04,0.05
I003239,O01944,P0004,1,21658.55,0.05
I003240,O01944,P0139,1,11137.68,0.05
I003241,O01945,P0025,4,21151.19,0.0
I003242,O01945,P0275,2,18205.93,0.0
I003243,O01945,P0152,2,11257.85,0.0
I003244,O01945,P0306,2,20887.78,0.0
I003245,O01946,P0096,1,7114.07,0.0
I003246,O01946,P0166,1,4299.84,0.0
I003247,O01947,P0349,1,17040.15,0.15
I003248,O01947,P0317,1,14355.69,0.15
I003249,O01948,P0253,1,10206.89,0.0
I003250,O01949,P0458,3,11252.82,0.15
I003251,O01949,P0423,3,13857.3,0.15
I003252,O01949,P0040,2,10694.19,0.15
I003253,O01950,P0260,2,9638.98,0.1
I003254,O01951,P0327,1,7197.89,0.0
I003255,O01952,P0205,2,15563.05,0.0
I003256,O01953,P0151,2,8069.27,0.0
I003257,O01953,P0061,1,9428.51,0.0
I003258,O01954,P0149,1,18764.92,0.05
I003259,O01955,P0378,1,224.7,0.1
I003260,O01955,P0489,1,16108.48,0.1
I003261,O01955,P0119,3,14136.98,0.1
I003262,O01955,P0105,1,10085.48,0.1
I003263,O01956,P0039,4,1954.54,0.05
I003264,O01957,P0323,1,19857.8,0.15
I003265,O01957,P0041,1,11579.02,0.15
I003266,O01957,P0311,1,13470.81,0.15
I003267,O01958,P0444,2,4611.38,0.25
I003268,O01959,P0146,2,12538.22,0.2
I003269,O01959,P0211,1,12771.97,0.2
I003270,O01960,P0404,1,7190.22,0.15
I003271,O01961,P0499,1,2390.13,0.25
I003272,O01962,P0434,4,15961.32,0.1
I003273,O01963,P0087,4,5413.54,0.15
I003274,O01963,P0227,2,1214.17,0.15
I003275,O01964,P0271,2,10464.94,0.15
I003276,O01965,P0273,4,1414.88,0.25
I003277,O01966,P0225,4,925.67,0.1
I003278,O01966,P0411,1,9751.96,0.1
I003279,O01967,P0140,2,23423.37,0.05
I003280,O01968,P0182,1,7028.31,0.05
I003281,O01969,P0122,1,20389.93,0.05
I003282,O01970,P0500,4,14456.78,0.15
I003283,O01970,P0268,5,21182.18,0.15
I003284,O01971,P0112,2,10276.51,0.15
I003285,O01972,P0187,1,6663.59,0.05
I003286,O01973,P0468,4,17686.56,0.2
I003287,O01974,P0331,2,7610.91,0.3
I003288,O01974,P0237,2,13454.07,0.3
I003289,O01975,P0359,1,17408.84,0.15
I003290,O01975,P0458,2,11252.82,0.15
I003291,O01976,P0166,4,4299.84,0.0
I003292,O01976,P0463,3,7934.67,0.0
I003293,O01977,P0320,3,22881.56,0.1
I003294,O01978,P0173,1,11347.23,0.25
I003295,O01979,P0212,2,15959.35,0.05
I003296,O01980,P0122,1,20389.93,0.1
I003297,O01980,P0472,4,6339.28,0.1
I003298,O01981,P0312,1,8312.33,0.05
I003299,O01981,P0010,1,8507.4,0.05
I003300,O01982,P0441,1,11253.53,0.2
I003301,O01983,P0010,3,8507.4,0.2
I003302,O01983,P0462,3,8013.86,0.2
I003303,O01984,P0309,1,879.52,0.05
I003304,O01984,P0491,2,14558.18,0.05
I003305,O01984,P0060,3,10597.6,0.05
I003306,O01985,P0075,4,16717.1,0.05
I003307,O01986,P0386,3,7920.43,0.0
I003308,O01986,P0293,1,5390.99,0.0
I003309,O01986,P0176,1,13983.62,0.0
I003310,O01986,P0412,3,14362.31,0.0
I003311,O01987,P0277,3,14027.28,0.05
I003312,O01987,P0427,2,2376.46,0.05
I003313,O01988,P0060,2,10597.6,0.15
I003314,O01988,P0198,2,15426.36,0.15
I003315,O01988,P0189,4,1077.94,0.15
I003316,O01989,P0478,2,24448.55,0.0
I003317,O01989,P0198,2,15426.36,0.0
I003318,O01989,P0304,2,5766.34,0.0
I003319,O01989,P0055,3,18288.33,0.0
I003320,O01990,P0043,3,230.23,0.05
I003321,O01990,P0001,1,12680.89,0.05
I003322,O01990,P0396,1,6181.52,0.05
I003323,O01991,P0152,1,11257.85,0.15
I003324,O01992,P0040,2,10694.19,0.1
I003325,O01993,P0435,1,11265.94,0.3
I003326,O01993,P0336,1,5532.6,0.3
I003327,O01994,P0142,1,7546.26,0.05
I003328,O01994,P0434,1,15961.32,0.05
I003329,O01995,P0356,3,17911.43,0.0
I003330,O01996,P0353,2,4627.28,0.15
I003331,O01996,P0306,1,20887.78,0.15
I003332,O01996,P0424,2,1099.43,0.15
I003333,O01997,P0447,3,13008.01,0.0
I003334,O01997,P0095,1,708.58,0.0
I003335,O01998,P0182,2,7028.31,0.0
I003336,O01999,P0002,1,685.44,0.1
I003337,O01999,P0107,1,12811.73,0.1
I003338,O01999,P0328,2,15667.69,0.1
I003339,O01999,P0075,3,16717.1,0.1
I003340,O02000,P0489,2,16108.48,0.1
I003341,O02000,P0153,1,6065.86,0.1
I003342,O02000,P0401,1,18961.41,0.1
I003343,O02000,P0479,3,2007.3,0.1
I003344,O02001,P0262,1,12660.19,0.05
I003345,O02002,P0226,3,1989.2,0.1
I003346,O02002,P0302,5,10139.5,0.1
I003347,O02002,P0143,1,2154.67,0.1
I003348,O02003,P0262,2,12660.19,0.2
I003349,O02004,P0286,3,8678.82,0.15
I003350,O02005,P0174,3,14241.6,0.1
I003351,O02005,P0383,1,5460.56,0.1
I003352,O02005,P0203,2,14797.26,0.1
I003353,O02006,P0418,1,12929.12,0.05
I003354,O02006,P0409,2,8257.04,0.05
I003355,O02007,P0470,1,16384.1,0.1
I003356,O02008,P0463,5,7934.67,0.0
I003357,O02008,P0455,1,6841.97,0.0
I003358,O02008,P0097,1,16913.36,0.0
I003359,O02009,P0334,1,5599.91,0.15
I003360,O02010,P0450,1,2255.15,0.15
I003361,O02011,P0331,1,7610.91,0.0
I003362,O02012,P0167,2,2741.53,0.1
I003363,O02013,P0343,4,21720.15,0.0
I003364,O02013,P0033,1,2436.78,0.0
I003365,O02014,P0276,2,15791.95,0.25
I003366,O02015,P0090,1,19317.51,0.2
I003367,O02015,P0057,2,14313.59,0.2
I003368,O02016,P0222,1,6948.91,0.0
I003369,O02017,P0264,3,11827.53,0.25
I003370,O02018,P0392,1,10129.56,0.0
I003371,O02019,P0336,1,5532.6,0.0
I003372,O02020,P0018,2,8521.23,0.0
I003373,O02020,P0428,3,15197.13,0.0
I003374,O02021,P0117,2,5812.89,0.15
I003375,O02022,P0250,2,17490.25,0.25
I003376,O02023,P0169,1,5258.15,0.0
I003377,O02024,P0028,1,2327.59,0.3
I003378,O02025,P0431,2,7800.63,0.05
I003379,O02025,P0481,2,1854.72,0.05
I003380,O02026,P0425,1,3871.16,0.15
I003381,O02026,P0487,1,2276.61,0.15
I003382,O02027,P0039,1,1954.54,0.3
I003383,O02027,P0141,3,2669.4,0.3
I003384,O02028,P0279,3,820.43,0.0
I003385,O02028,P0188,1,6865.34,0.0
I003386,O02028,P0139,1,11137.68,0.0
I003387,O02029,P0187,1,6663.59,0.1
I003388,O02030,P0281,1,8647.87,0.15
I003389,O02030,P0331,2,7610.91,0.15
I003390,O02031,P0286,3,8678.82,0.05
I003391,O02032,P0271,3,10464.94,0.0
I003392,O02032,P0175,1,8354.48,0.0
I003393,O02033,P0145,2,5897.75,0.1
I003394,O02033,P0437,1,9057.77,0.1
I003395,O02034,P0353,4,4627.28,0.0
I003396,O02034,P0194,3,4785.07,0.0
I003397,O02035,P0125,1,8357.18,0.25
I003398,O02036,P0175,1,8354.48,0.1
I003399,O02037,P0110,1,239.19,0.2
I003400,O02038,P0336,4,5532.6,0.2
I003401,O02039,P0402,1,5149.65,0.0
I003402,O02040,P0270,1,15544.12,0.1
I003403,O02040,P0038,1,13981.96,0.1
I003404,O02041,P0263,1,12622.11,0.2
I003405,O02042,P0373,1,8955.67,0.05
I003406,O02043,P0075,1,16717.1,0.05
I003407,O02043,P0085,1,14574.29,0.05
I003408,O02044,P0284,1,9183.48,0.15
I003409,O02044,P0214,5,3598.9,0.15
I003410,O02045,P0053,4,11740.23,0.15
I003411,O02046,P0394,1,9719.2,0.1
I003412,O02046,P0288,2,16170.77,0.1
I003413,O02047,P0408,1,12252.4,0.05
I003414,O02047,P0446,1,18710.12,0.05
I003415,O02047,P0474,1,2142.32,0.05
I003416,O02047,P0397,2,18087.88,0.05
I003417,O02048,P0411,2,9751.96,0.0
I003418,O02048,P0291,1,8891.78,0.0
I003419,O02049,P0109,2,7019.11,0.25
I003420,O02050,P0302,2,10139.5,0.05
I003421,O02051,P0344,1,5745.03,0.15
I003422,O02052,P0195,2,18266.79,0.05
I003423,O02053,P0296,1,10086.41,0.1
I003424,O02053,P0260,2,9638.98,0.1
I003425,O02053,P0249,1,11650.12,0.1
I003426,O02054,P0329,1,6837.04,0.05
I003427,O02055,P0300,1,11744.09,0.0
I003428,O02056,P0310,1,6739.9,0.05
I003429,O02056,P0294,1,9318.36,0.05
I003430,O02057,P0245,1,14211.09,0.25
I003431,O02058,P0120,2,15630.4,0.0
I003432,O02058,P0292,1,21583.15,0.0
I003433,O02059,P0340,2,6540.28,0.1
I003434,O02060,P0151,1,8069.27,0.25
I003435,O02060,P0302,2,10139.5,0.25
I003436,O02060,P0280,2,19260.63,0.25
I003437,O02061,P0069,1,6827.67,0.0
I003438,O02061,P0500,1,14456.78,0.0
I003439,O02061,P0052,1,22717.29,0.0
I003440,O02061,P0110,1,239.19,0.0
I003441,O02062,P0487,1,2276.61,0.0
I003442,O02063,P0203,1,14797.26,0.2
I003443,O02064,P0279,1,820.43,0.15
I003444,O02064,P0329,5,6837.04,0.15
I003445,O02064,P0265,1,16102.0,0.15
I003446,O02064,P0220,2,4537.91,0.15
I003447,O02065,P0071,2,1222.75,0.1
I003448,O02066,P0470,1,16384.1,0.1
I003449,O02067,P0127,1,12125.3,0.25
I003450,O02068,P0032,2,12721.46,0.0
I003451,O02069,P0476,1,1078.88,0.05
I003452,O02070,P0444,2,4611.38,0.05
I003453,O02071,P0265,1,16102.0,0.0
I003454,O02071,P0494,1,9857.51,0.0
I003455,O02071,P0029,2,7973.77,0.0
I003456,O02071,P0234,2,6819.79,0.0
I003457,O02072,P0193,2,3841.48,0.05
I003458,O02072,P0276,2,15791.95,0.05
I003459,O02073,P0414,1,3244.46,0.05
I003460,O02074,P0076,2,12082.97,0.25
I003461,O02075,P0024,4,14146.9,0.1
I003462,O02076,P0329,1,6837.04,0.25
I003463,O02077,P0005,3,2113.83,0.15
I003464,O02077,P0216,2,4253.32,0.15
I003465,O02077,P0174,2,14241.6,0.15
I003466,O02078,P0034,1,3767.39,0.15
I003467,O02078,P0012,2,9210.89,0.15
I003468,O02078,P0500,1,14456.78,0.15
I003469,O02078,P0453,2,2027.99,0.15
I003470,O02079,P0164,1,744.63,0.05
I003471,O02079,P0155,2,16173.54,0.05
I003472,O02079,P0345,2,18312.01,0.05
I003473,O02080,P0447,5,13008.01,0.1
I003474,O02081,P0297,1,14103.76,0.0
I003475,O02082,P0328,2,15667.69,0.05
I003476,O02083,P0350,1,14181.21,0.2
I003477,O02084,P0253,1,10206.89,0.15
I003478,O02085,P0235,1,17675.52,0.15
I003479,O02086,P0173,3,11347.23,0.05
I003480,O02087,P0483,1,14346.17,0.05
I003481,O02088,P0144,2,5083.64,0.15
I003482,O02089,P0400,1,7063.54,0.15
I003483,O02090,P0263,4,12622.11,0.05
I003484,O02091,P0199,1,13045.06,0.15
I003485,O02092,P0342,2,8867.09,0.05
I003486,O02092,P0479,3,2007.3,0.05
I003487,O02093,P0255,1,2178.42,0.2
I003488,O02094,P0369,3,2936.18,0.05
I003489,O02094,P0197,1,5628.38,0.05
I003490,O02095,P0142,2,7546.26,0.05
I003491,O02095,P0131,2,2329.3,0.05
I003492,O02095,P0002,1,685.44,0.05
I003493,O02096,P0046,1,15363.92,0.05
I003494,O02096,P0402,1,5149.65,0.05
I003495,O02096,P0069,2,6827.67,0.05
I003496,O02097,P0258,1,5357.22,0.2
I003497,O02098,P0295,1,12191.72,0.2
I003498,O02098,P0478,4,24448.55,0.2
I003499,O02099,P0119,4,14136.98,0.1
I003500,O02100,P0306,2,20887.78,0.05
I003501,O02101,P0048,1,881.87,0.05
I003502,O02102,P0094,1,6917.65,0.05
I003503,O02103,P0202,1,4958.04,0.0
I003504,O02103,P0024,2,14146.9,0.0
I003505,O02104,P0472,2,6339.28,0.0
I003506,O02104,P0016,2,4929.52,0.0
I003507,O02104,P0214,1,3598.9,0.0
I003508,O02105,P0328,1,15667.69,0.25
I003509,O02106,P0160,4,6251.25,0.15
I003510,O02107,P0497,1,5343.08,0.15
I003511,O02108,P0361,1,8061.24,0.1
I003512,O02108,P0201,2,18090.68,0.1
I003513,O02109,P0413,1,4516.32,0.05
I003514,O02110,P0475,1,6070.94,0.0
I003515,O02111,P0486,1,7416.01,0.1
I003516,O02112,P0355,1,15161.64,0.15
I003517,O02113,P0443,1,3024.24,0.05
I003518,O02114,P0423,1,13857.3,0.05
I003519,O02114,P0405,1,10874.23,0.05
I003520,O02114,P0481,1,1854.72,0.05
I003521,O02114,P0243,1,5300.75,0.05
I003522,O02115,P0076,3,12082.97,0.25
I003523,O02116,P0208,4,17414.46,0.2
I003524,O02117,P0070,1,3923.76,0.15
I003525,O02118,P0081,1,12661.97,0.0
I003526,O02118,P0034,1,3767.39,0.0
I003527,O02119,P0254,1,1468.59,0.0
I003528,O02119,P0345,3,18312.01,0.0
I003529,O02120,P0496,1,20624.48,0.05
I003530,O02121,P0152,1,11257.85,0.05
I003531,O02121,P0236,2,13763.86,0.05
I003532,O02122,P0080,1,8081.72,0.0
I003533,O02123,P0179,1,12189.37,0.05
I003534,O02123,P0396,2,6181.52,0.05
I003535,O02124,P0172,1,13856.39,0.1
I003536,O02125,P0335,1,3821.2,0.0
I003537,O02126,P0297,1,14103.76,0.1
I003538,O02126,P0487,1,2276.61,0.1
I003539,O02127,P0382,2,17253.16,0.1
I003540,O02127,P0128,1,11542.08,0.1
I003541,O02128,P0444,1,4611.38,0.0
I003542,O02129,P0467,1,7857.91,0.15
I003543,O02130,P0127,1,12125.3,0.0
I003544,O02130,P0292,2,21583.15,0.0
I003545,O02130,P0317,2,14355.69,0.0
I003546,O02131,P0498,1,1038.57,0.1
I003547,O02132,P0457,3,18511.82,0.3
I003548,O02133,P0477,2,13272.75,0.0
I003549,O02134,P0040,5,10694.19,0.05
I003550,O02134,P0123,2,12283.66,0.05
I003551,O02134,P0165,1,8775.25,0.05
I003552,O02135,P0221,1,9748.25,0.0
I003553,O02135,P0206,2,13942.45,0.0
I003554,O02136,P0033,1,2436.78,0.05
I003555,O02137,P0391,2,16675.09,0.2
I003556,O02137,P0388,1,10509.73,0.2
I003557,O02137,P0085,2,14574.29,0.2
I003558,O02137,P0431,2,7800.63,0.2
I003559,O02138,P0178,3,9447.65,0.25
I003560,O02139,P0277,3,14027.28,0.2
I003561,O02140,P0083,1,7026.05,0.15
I003562,O02141,P0444,2,4611.38,0.15
I003563,O02141,P0034,1,3767.39,0.15
I003564,O02142,P0289,1,5068.21,0.0
I003565,O02143,P0076,2,12082.97,0.05
I003566,O02144,P0382,1,17253.16,0.05
I003567,O02145,P0499,1,2390.13,0.0
I003568,O02146,P0071,4,1222.75,0.2
I003569,O02147,P0051,1,13023.34,0.05
I003570,O02148,P0373,2,8955.67,0.0
I003571,O02149,P0289,4,5068.21,0.0
I003572,O02149,P0148,4,3827.6,0.0
I003573,O02150,P0407,2,775.43,0.25
I003574,O02150,P0042,1,18369.63,0.25
I003575,O02151,P0468,2,17686.56,0.2
I003576,O02152,P0347,2,207.7,0.25
I003577,O02153,P0483,5,14346.17,0.25
I003578,O02153,P0415,1,19105.92,0.25
I003579,O02153,P0373,1,8955.67,0.25
I003580,O02154,P0050,1,12181.9,0.15
I003581,O02155,P0323,1,19857.8,0.05
I003582,O02155,P0429,1,4623.76,0.05
I003583,O02156,P0147,1,5903.16,0.05
I003584,O02156,P0213,1,13682.03,0.05
I003585,O02157,P0005,1,2113.83,0.1
I003586,O02157,P0275,2,18205.93,0.1
I003587,O02157,P0119,3,14136.98,0.1
I003588,O02158,P0385,1,9160.1,0.15
I003589,O02159,P0076,1,12082.97,0.25
I003590,O02160,P0188,2,6865.34,0.1
I003591,O02160,P0023,2,8677.28,0.1
I003592,O02160,P0097,1,16913.36,0.1
I003593,O02160,P0357,3,4004.54,0.1
I003594,O02161,P0327,2,7197.89,0.05
I003595,O02161,P0231,1,5606.43,0.05
I003596,O02162,P0457,4,18511.82,0.05
I003597,O02163,P0304,1,5766.34,0.05
I003598,O02164,P0210,2,3425.1,0.0
I003599,O02165,P0208,2,17414.46,0.05
I003600,O02166,P0313,1,15225.55,0.05
I003601,O02166,P0050,1,12181.9,0.05
I003602,O02167,P0054,2,22196.9,0.15
I003603,O02168,P0389,4,10740.24,0.1
I003604,O02169,P0071,1,1222.75,0.05
I003605,O02170,P0483,2,14346.17,0.1
I003606,O02170,P0185,2,11400.27,0.1
I003607,O02171,P0400,1,7063.54,0.15
I003608,O02172,P0096,3,7114.07,0.1
I003609,O02173,P0054,1,22196.9,0.0
I003610,O02174,P0308,1,10963.13,0.05
I003611,O02175,P0200,5,9202.06,0.05
I003612,O02176,P0298,2,14301.55,0.05
I003613,O02176,P0374,2,20293.37,0.05
I003614,O02176,P0234,1,6819.79,0.05
I003615,O02177,P0004,1,21658.55,0.0
I003616,O02178,P0040,1,10694.19,0.15
I003617,O02179,P0137,1,2945.06,0.1
I003618,O02179,P0149,1,18764.92,0.1
I003619,O02179,P0370,2,12293.71,0.1
I003620,O02180,P0381,4,1646.42,0.2
I003621,O02180,P0232,1,14966.59,0.2
I003622,O02181,P0013,1,1067.21,0.1
I003623,O02182,P0241,1,9473.89,0.3
I003624,O02183,P0377,1,7254.24,0.15
I003625,O02183,P0319,1,17097.24,0.15
I003626,O02183,P0191,3,14335.92,0.15
I003627,O02184,P0366,2,12694.5,0.2
I003628,O02185,P0266,3,6946.78,0.25
I003629,O02186,P0119,4,14136.98,0.1
I003630,O02187,P0130,4,5669.17,0.1
I003631,O02188,P0403,1,10949.03,0.2
I003632,O02189,P0025,2,21151.19,0.1
I003633,O02190,P0179,1,12189.37,0.0
I003634,O02191,P0086,1,12651.01,0.15
I003635,O02191,P0367,3,14116.53,0.15
I003636,O02191,P0423,1,13857.3,0.15
I003637,O02191,P0455,3,6841.97,0.15
I003638,O02192,P0155,1,16173.54,0.25
I003639,O02193,P0071,5,1222.75,0.15
I003640,O02193,P0491,1,14558.18,0.15
I003641,O02193,P0224,1,14337.8,0.15
I003642,O02194,P0482,1,16166.73,0.15
I003643,O02195,P0196,2,3827.41,0.0
I003644,O02196,P0191,2,14335.92,0.15
I003645,O02197,P0254,1,1468.59,0.0
I003646,O02198,P0299,2,9253.96,0.25
I003647,O02198,P0409,1,8257.04,0.25
I003648,O02198,P0026,1,8043.88,0.25
I003649,O02199,P0157,1,1053.8,0.2
I003650,O02200,P0483,2,14346.17,0.3
I003651,O02200,P0447,1,13008.01,0.3
I003652,O02201,P0262,2,12660.19,0.05
I003653,O02201,P0466,1,7584.85,0.05
I003654,O02201,P0306,1,20887.78,0.05
I003655,O02202,P0406,2,1199.98,0.1
I003656,O02203,P0483,2,14346.17,0.1
I003657,O02204,P0248,4,5481.12,0.1
I003658,O02204,P0308,1,10963.13,0.1
I003659,O02205,P0374,1,20293.37,0.1
I003660,O02206,P0295,1,12191.72,0.3
I003661,O02207,P0187,3,6663.59,0.2
I003662,O02207,P0235,3,17675.52,0.2
I003663,O02207,P0012,1,9210.89,0.2
I003664,O02208,P0200,1,9202.06,0.1
I003665,O02209,P0019,2,7331.38,0.1
I003666,O02210,P0068,3,658.18,0.15
I003667,O02211,P0022,1,16227.09,0.1
I003668,O02212,P0200,3,9202.06,0.15
I003669,O02213,P0445,1,5378.95,0.15
I003670,O02214,P0117,1,5812.89,0.25
I003671,O02214,P0435,4,11265.94,0.25
I003672,O02214,P0296,3,10086.41,0.25
I003673,O02214,P0210,2,3425.1,0.25
I003674,O02215,P0117,3,5812.89,0.2
I003675,O02215,P0267,2,13380.29,0.2
I003676,O02215,P0487,2,2276.61,0.2
I003677,O02216,P0181,1,6969.81,0.0
I003678,O02216,P0418,2,12929.12,0.0
I003679,O02217,P0315,1,8767.22,0.1
I003680,O02217,P0276,1,15791.95,0.1
I003681,O02218,P0159,1,12341.8,0.1
I003682,O02219,P0145,1,5897.75,0.05
I003683,O02220,P0361,3,8061.24,0.1
I003684,O02220,P0217,1,2504.14,0.1
I003685,O02221,P0026,1,8043.88,0.25
I003686,O02221,P0494,1,9857.51,0.25
I003687,O02221,P0408,2,12252.4,0.25
I003688,O02222,P0261,2,9413.55,0.05
I003689,O02222,P0253,1,10206.89,0.05
I003690,O02222,P0425,2,3871.16,0.05
I003691,O02223,P0198,2,15426.36,0.05
I003692,O02223,P0249,1,11650.12,0.05
I003693,O02224,P0223,2,12111.39,0.2
I003694,O02224,P0083,2,7026.05,0.2
I003695,O02224,P0494,1,9857.51,0.2
I003696,O02224,P0167,1,2741.53,0.2
I003697,O02225,P0467,2,7857.91,0.0
I003698,O02226,P0216,1,4253.32,0.2
I003699,O02226,P0207,2,9618.99,0.2
I003700,O02227,P0403,2,10949.03,0.05
I003701,O02228,P0002,2,685.44,0.1
I003702,O02228,P0116,1,14318.59,0.1
I003703,O02228,P0372,4,5715.65,0.1
I003704,O02228,P0089,1,21527.82,0.1
I003705,O02229,P0095,1,708.58,0.1
I003706,O02230,P0371,1,14987.41,0.1
I003707,O02231,P0035,1,10869.62,0.25
I003708,O02232,P0332,2,9365.5,0.0
I003709,O02233,P0345,1,18312.01,0.15
I003710,O02234,P0398,2,15186.38,0.2
I003711,O02235,P0116,1,14318.59,0.1
I003712,O02235,P0026,1,8043.88,0.1
I003713,O02236,P0304,1,5766.34,0.25
I003714,O02236,P0053,1,11740.23,0.25
I003715,O02237,P0477,2,13272.75,0.1
I003716,O02238,P0310,1,6739.9,0.15
I003717,O02239,P0441,1,11253.53,0.15
I003718,O02240,P0444,1,4611.38,0.0
I003719,O02240,P0403,2,10949.03,0.0
I003720,O02240,P0458,1,11252.82,0.0
I003721,O02241,P0402,1,5149.65,0.1
I003722,O02241,P0487,1,2276.61,0.1
I003723,O02241,P0055,1,18288.33,0.1
I003724,O02242,P0297,1,14103.76,0.05
I003725,O02243,P0058,1,10856.44,0.1
I003726,O02243,P0448,1,11150.05,0.1
I003727,O02244,P0217,2,2504.14,0.2
I003728,O02244,P0020,1,16894.73,0.2
I003729,O02244,P0174,5,14241.6,0.2
I003730,O02245,P0321,2,15173.01,0.1
I003731,O02245,P0152,1,11257.85,0.1
I003732,O02246,P0318,2,18336.52,0.1
I003733,O02247,P0149,1,18764.92,0.15
I003734,O02248,P0074,1,20503.04,0.1
I003735,O02249,P0293,1,5390.99,0.1
I003736,O02250,P0488,3,6474.12,0.05
I003737,O02250,P0341,1,9492.87,0.05
I003738,O02250,P0414,3,3244.46,0.05
I003739,O02251,P0040,1,10694.19,0.15
I003740,O02251,P0330,1,621.58,0.15
I003741,O02252,P0076,1,12082.97,0.15
I003742,O02253,P0144,2,5083.64,0.1
I003743,O02253,P0183,1,208.22,0.1
I003744,O02253,P0451,1,18517.71,0.1
I003745,O02254,P0479,1,2007.3,0.0
I003746,O02255,P0266,2,6946.78,0.1
I003747,O02256,P0111,5,4168.73,0.1
I003748,O02257,P0386,2,7920.43,0.1
I003749,O02257,P0265,1,16102.0,0.1
I003750,O02258,P0218,3,10519.23,0.05
I003751,O02258,P0125,1,8357.18,0.05
I003752,O02258,P0222,1,6948.91,0.05
I003753,O02258,P0399,2,9834.2,0.05
I003754,O02259,P0466,1,7584.85,0.2
I003755,O02259,P0124,4,15514.19,0.2
I003756,O02260,P0221,1,9748.25,0.1
I003757,O02261,P0011,4,6896.23,0.15
I003758,O02261,P0146,1,12538.22,0.15
I003759,O02262,P0389,2,10740.24,0.1
I003760,O02262,P0037,1,5389.2,0.1
I003761,O02262,P0406,1,1199.98,0.1
I003762,O02262,P0017,2,9858.5,0.1
I003763,O02263,P0411,1,9751.96,0.15
I003764,O02263,P0322,1,179.06,0.15
I003765,O02264,P0157,3,1053.8,0.2
I003766,O02265,P0182,1,7028.31,0.05
I003767,O02265,P0377,3,7254.24,0.05
I003768,O02266,P0379,2,4596.34,0.2
I003769,O02267,P0426,2,17258.9,0.15
I003770,O02268,P0357,3,4004.54,0.1
I003771,O02268,P0125,1,8357.18,0.1
I003772,O02268,P0430,2,14535.8,0.1
I003773,O02269,P0155,1,16173.54,0.1
I003774,O02270,P0222,1,6948.91,0.05
I003775,O02271,P0137,1,2945.06,0.1
I003776,O02271,P0351,1,6684.2,0.1
I003777,O02272,P0080,3,8081.72,0.05
I003778,O02272,P0133,3,16221.29,0.05
I003779,O02273,P0130,2,5669.17,0.2
I003780,O02274,P0077,1,10405.98,0.1
I003781,O02275,P0447,3,13008.01,0.05
I003782,O02276,P0331,1,7610.91,0.0
I003783,O02277,P0354,3,749.54,0.15
I003784,O02278,P0008,1,404.42,0.15
I003785,O02278,P0499,1,2390.13,0.15
I003786,O02278,P0153,2,6065.86,0.15
I003787,O02279,P0475,1,6070.94,0.05
I003788,O02279,P0209,2,17935.22,0.05
I003789,O02279,P0358,1,17680.82,0.05
I003790,O02280,P0333,2,16891.72,0.0
I003791,O02281,P0036,2,22992.46,0.15
I003792,O02281,P0315,2,8767.22,0.15
I003793,O02281,P0263,1,12622.11,0.15
I003794,O02282,P0484,1,14051.85,0.05
I003795,O02283,P0237,2,13454.07,0.2
I003796,O02284,P0098,1,18024.33,0.15
I003797,O02284,P0341,1,9492.87,0.15
I003798,O02285,P0424,3,1099.43,0.2
I003799,O02285,P0275,1,18205.93,0.2
I003800,O02286,P0477,1,13272.75,0.3
I003801,O02287,P0262,1,12660.19,0.05
I003802,O02287,P0359,1,17408.84,0.05
I003803,O02287,P0205,2,15563.05,0.05
I003804,O02288,P0056,3,5412.25,0.1
I003805,O02288,P0355,3,15161.64,0.1
I003806,O02289,P0068,3,658.18,0.1
I003807,O02289,P0393,2,1256.74,0.1
I003808,O02289,P0053,1,11740.23,0.1
I003809,O02290,P0014,1,14738.4,0.0
I003810,O02291,P0243,3,5300.75,0.1
I003811,O02291,P0434,4,15961.32,0.1
I003812,O02292,P0427,1,2376.46,0.1
I003813,O02293,P0073,1,14367.83,0.0
I003814,O02293,P0485,3,1818.67,0.0
I003815,O02293,P0127,1,12125.3,0.0
I003816,O02294,P0037,2,5389.2,0.2
I003817,O02295,P0146,1,12538.22,0.05
I003818,O02295,P0083,5,7026.05,0.05
I003819,O02296,P0183,1,208.22,0.15
I003820,O02297,P0313,1,15225.55,0.0
I003821,O02297,P0329,1,6837.04,0.0
I003822,O02297,P0399,3,9834.2,0.0
I003823,O02298,P0333,1,16891.72,0.0
I003824,O02299,P0123,2,12283.66,0.3
I003825,O02300,P0237,2,13454.07,0.0
I003826,O02300,P0114,1,2768.84,0.0
I003827,O02301,P0465,1,7131.53,0.15
I003828,O02302,P0083,1,7026.05,0.1
I003829,O02303,P0253,2,10206.89,0.1
I003830,O02304,P0463,1,7934.67,0.0
I003831,O02305,P0079,4,16242.79,0.05
I003832,O02305,P0309,1,879.52,0.05
I003833,O02306,P0195,1,18266.79,0.2
I003834,O02307,P0208,4,17414.46,0.2
I003835,O02308,P0176,1,13983.62,0.1
I003836,O02309,P0362,4,7754.84,0.1
I003837,O02309,P0283,2,10933.03,0.1
I003838,O02310,P0208,4,17414.46,0.1
I003839,O02311,P0268,1,21182.18,0.15
I003840,O02312,P0270,1,15544.12,0.2
I003841,O02312,P0167,4,2741.53,0.2
I003842,O02313,P0366,1,12694.5,0.15
I003843,O02313,P0065,1,11896.67,0.15
I003844,O02314,P0284,1,9183.48,0.1
I003845,O02315,P0471,3,3362.5,0.1
I003846,O02316,P0204,2,3139.42,0.05
I003847,O02317,P0357,3,4004.54,0.3
I003848,O02317,P0385,4,9160.1,0.3
I003849,O02317,P0025,1,21151.19,0.3
I003850,O02318,P0172,1,13856.39,0.25
I003851,O02318,P0248,2,5481.12,0.25
I003852,O02318,P0453,1,2027.99,0.25
I003853,O02319,P0228,2,7442.22,0.25
I003854,O02319,P0195,1,18266.79,0.25
I003855,O02320,P0368,1,19421.03,0.0
I003856,O02321,P0048,2,881.87,0.15
I003857,O02321,P0119,1,14136.98,0.15
I003858,O02322,P0084,1,10059.02,0.15
I003859,O02322,P0177,1,5666.47,0.15
I003860,O02322,P0273,1,1414.88,0.15
I003861,O02323,P0093,1,11807.43,0.05
I003862,O02323,P0068,1,658.18,0.05
I003863,O02323,P0094,2,6917.65,0.05
I003864,O02324,P0229,1,971.19,0.2
I003865,O02324,P0275,1,18205.93,0.2
I003866,O02325,P0065,1,11896.67,0.15
I003867,O02326,P0358,1,17680.82,0.15
I003868,O02327,P0157,2,1053.8,0.0
I003869,O02328,P0093,1,11807.43,0.3
I003870,O02329,P0332,1,9365.5,0.15
I003871,O02330,P0409,4,8257.04,0.25
I003872,O02331,P0002,2,685.44,0.0
I003873,O02331,P0145,1,5897.75,0.0
I003874,O02332,P0183,2,208.22,0.15
I003875,O02333,P0159,1,12341.8,0.15
I003876,O02334,P0423,1,13857.3,0.0
I003877,O02335,P0006,4,12139.02,0.0
I003878,O02335,P0318,1,18336.52,0.0
I003879,O02335,P0269,1,9853.0,0.0
I003880,O02336,P0437,2,9057.77,0.15
I003881,O02336,P0255,4,2178.42,0.15
I003882,O02336,P0478,2,24448.55,0.15
I003883,O02336,P0160,1,6251.25,0.15
I003884,O02337,P0486,1,7416.01,0.15
I003885,O02338,P0211,3,12771.97,0.2
I003886,O02339,P0460,1,1760.09,0.15
I003887,O02340,P0188,1,6865.34,0.05
I003888,O02340,P0337,1,6259.83,0.05
I003889,O02340,P0111,1,4168.73,0.05
I003890,O02341,P0265,1,16102.0,0.25
I003891,O02342,P0475,2,6070.94,0.05
I003892,O02343,P0119,3,14136.98,0.15
I003893,O02344,P0405,2,10874.23,0.1
I003894,O02344,P0421,1,3134.29,0.1
I003895,O02344,P0057,1,14313.59,0.1
I003896,O02345,P0167,1,2741.53,0.0
I003897,O02345,P0402,1,5149.65,0.0
I003898,O02345,P0405,5,10874.23,0.0
I003899,O02346,P0349,1,17040.15,0.25
I003900,O02346,P0322,1,179.06,0.25
I003901,O02346,P0318,3,18336.52,0.25
I003902,O02347,P0120,1,15630.4,0.1
I003903,O02348,P0452,2,14623.62,0.0
I003904,O02349,P0427,1,2376.46,0.05
I003905,O02349,P0233,1,9166.88,0.05
I003906,O02350,P0043,1,230.23,0.15
I003907,O02351,P0353,1,4627.28,0.1
I003908,O02352,P0017,1,9858.5,0.05
I003909,O02352,P0359,1,17408.84,0.05
I003910,O02352,P0274,3,16208.88,0.05
I003911,O02353,P0014,2,14738.4,0.1
I003912,O02353,P0290,3,5856.65,0.1
I003913,O02353,P0108,1,11560.22,0.1
I003914,O02354,P0390,1,2477.97,0.05
I003915,O02355,P0205,1,15563.05,0.1
I003916,O02356,P0111,4,4168.73,0.05
I003917,O02356,P0429,2,4623.76,0.05
I003918,O02357,P0371,2,14987.41,0.1
I003919,O02357,P0391,1,16675.09,0.1
I003920,O02358,P0051,1,13023.34,0.2
I003921,O02359,P0014,1,14738.4,0.05
I003922,O02359,P0170,1,10734.0,0.05
I003923,O02359,P0319,1,17097.24,0.05
I003924,O02360,P0193,1,3841.48,0.0
I003925,O02361,P0310,1,6739.9,0.0
I003926,O02361,P0007,1,20905.26,0.0
I003927,O02362,P0199,2,13045.06,0.2
I003928,O02363,P0232,1,14966.59,0.1
I003929,O02364,P0148,2,3827.6,0.15
I003930,O02364,P0284,5,9183.48,0.15
I003931,O02365,P0042,1,18369.63,0.0
I003932,O02365,P0021,1,18265.35,0.0
I003933,O02365,P0239,2,10044.2,0.0
I003934,O02366,P0289,1,5068.21,0.0
I003935,O02367,P0133,5,16221.29,0.1
I003936,O02367,P0436,3,9847.38,0.1
I003937,O02367,P0135,1,13687.78,0.1
I003938,O02368,P0281,1,8647.87,0.15
I003939,O02369,P0317,1,14355.69,0.15
I003940,O02370,P0135,3,13687.78,0.1
I003941,O02371,P0318,1,18336.52,0.15
I003942,O02371,P0486,2,7416.01,0.15
I003943,O02371,P0284,2,9183.48,0.15
I003944,O02372,P0415,1,19105.92,0.0
I003945,O02373,P0010,2,8507.4,0.15
I003946,O02374,P0149,2,18764.92,0.1
I003947,O02374,P0282,1,4087.36,0.1
I003948,O02375,P0288,1,16170.77,0.2
I003949,O02375,P0012,2,9210.89,0.2
I003950,O02376,P0495,2,3120.64,0.1
I003951,O02377,P0202,1,4958.04,0.1
I003952,O02377,P0015,3,198.88,0.1
I003953,O02377,P0273,3,1414.88,0.1
I003954,O02378,P0318,5,18336.52,0.1
I003955,O02378,P0346,1,17166.81,0.1
I003956,O02378,P0088,1,10596.08,0.1
I003957,O02379,P0417,1,7877.14,0.2
I003958,O02380,P0224,1,14337.8,0.0
I003959,O02380,P0387,1,11008.74,0.0
I003960,O02381,P0102,2,4552.64,0.2
I003961,O02382,P0154,2,13970.67,0.0
I003962,O02382,P0190,1,4813.84,0.0
I003963,O02383,P0421,1,3134.29,0.1
I003964,O02383,P0009,1,10894.67,0.1
I003965,O02384,P0266,1,6946.78,0.1
I003966,O02384,P0074,3,20503.04,0.1
I003967,O02385,P0338,1,9789.99,0.05
I003968,O02386,P0032,1,12721.46,0.0
I003969,O02386,P0447,3,13008.01,0.0
I003970,O02387,P0176,1,13983.62,0.0
I003971,O02388,P0467,1,7857.91,0.15
I003972,O02389,P0211,1,12771.97,0.0
I003973,O02390,P0242,1,12806.32,0.15
I003974,O02391,P0406,1,1199.98,0.3
I003975,O02392,P0012,1,9210.89,0.15
I003976,O02392,P0062,2,2140.31,0.15
I003977,O02393,P0102,3,4552.64,0.0
I003978,O02393,P0253,1,10206.89,0.0
I003979,O02394,P0440,2,10988.87,0.1
I003980,O02394,P0125,3,8357.18,0.1
I003981,O02394,P0090,1,19317.51,0.1
I003982,O02394,P0002,4,685.44,0.1
I003983,O02395,P0439,5,11309.42,0.2
I003984,O02395,P0478,1,24448.55,0.2
I003985,O02395,P0304,1,5766.34,0.2
I003986,O02396,P0024,1,14146.9,0.25
I003987,O02397,P0313,1,15225.55,0.15
I003988,O02397,P0269,1,9853.0,0.15
I003989,O02397,P0008,2,404.42,0.15
I003990,O02398,P0240,1,16345.25,0.05
I003991,O02399,P0376,4,21096.71,0.05
I003992,O02400,P0145,1,5897.75,0.15
I003993,O02401,P0252,1,18803.98,0.15
I003994,O02402,P0318,1,18336.52,0.1
I003995,O02403,P0156,1,17438.42,0.0
I003996,O02403,P0402,1,5149.65,0.0
I003997,O02404,P0366,2,12694.5,0.15
I003998,O02405,P0288,1,16170.77,0.1
I003999,O02406,P0406,1,1199.98,0.0
I004000,O02406,P0391,3,16675.09,0.0
I004001,O02407,P0457,3,18511.82,0.1
I004002,O02407,P0119,2,14136.98,0.1
I004003,O02408,P0447,2,13008.01,0.0
I004004,O02408,P0053,1,11740.23,0.0
I004005,O02408,P0382,1,17253.16,0.0
I004006,O02409,P0083,1,7026.05,0.2
I004007,O02409,P0071,2,1222.75,0.2
I004008,O02410,P0010,1,8507.4,0.15
I004009,O02411,P0395,1,16050.27,0.0
I004010,O02412,P0363,5,11446.48,0.1
I004011,O02413,P0008,2,404.42,0.15
I004012,O02413,P0463,2,7934.67,0.15
I004013,O02414,P0352,2,10103.59,0.2
I004014,O02414,P0028,4,2327.59,0.2
I004015,O02415,P0068,3,658.18,0.0
I004016,O02415,P0257,3,8094.05,0.0
I004017,O02416,P0480,1,12036.43,0.0
I004018,O02417,P0201,4,18090.68,0.15
I004019,O02417,P0292,1,21583.15,0.15
I004020,O02417,P0188,4,6865.34,0.15
I004021,O02418,P0211,1,12771.97,0.05
I004022,O02418,P0008,3,404.42,0.05
I004023,O02419,P0069,1,6827.67,0.1
I004024,O02420,P0345,2,18312.01,0.1
I004025,O02421,P0244,1,6694.24,0.1
I004026,O02421,P0082,2,8524.01,0.1
I004027,O02422,P0500,1,14456.78,0.05
I004028,O02422,P0280,2,19260.63,0.05
I004029,O02423,P0163,2,16537.01,0.0
I004030,O02424,P0246,2,3212.48,0.1
I004031,O02425,P0442,2,12851.94,0.1
I004032,O02425,P0481,1,1854.72,0.1
I004033,O02425,P0131,1,2329.3,0.1
I004034,O02425,P0115,3,10805.92,0.1
I004035,O02426,P0221,1,9748.25,0.1
I004036,O02427,P0103,1,9874.02,0.05
I004037,O02427,P0163,1,16537.01,0.05
I004038,O02427,P0299,2,9253.96,0.05
I004039,O02428,P0403,1,10949.03,0.2
I004040,O02429,P0154,4,13970.67,0.05
I004041,O02430,P0358,1,17680.82,0.0
I004042,O02431,P0495,1,3120.64,0.15
I004043,O02432,P0223,1,12111.39,0.1
I004044,O02433,P0299,1,9253.96,0.05
I004045,O02434,P0101,1,13448.78,0.0
I004046,O02434,P0491,1,14558.18,0.0
I004047,O02435,P0272,1,13853.17,0.1
I004048,O02436,P0001,1,12680.89,0.0
I004049,O02437,P0053,1,11740.23,0.05
I004050,O02438,P0127,3,12125.3,0.25
I004051,O02439,P0037,1,5389.2,0.0
I004052,O02439,P0371,3,14987.41,0.0
I004053,O02439,P0482,1,16166.73,0.0
I004054,O02439,P0397,1,18087.88,0.0
I004055,O02440,P0160,1,6251.25,0.05
I004056,O02441,P0433,1,11369.56,0.0
I004057,O02442,P0003,2,14157.19,0.2
I004058,O02442,P0336,1,5532.6,0.2
I004059,O02442,P0155,1,16173.54,0.2
I004060,O02443,P0184,1,5176.95,0.25
I004061,O02444,P0428,3,15197.13,0.0
I004062,O02445,P0204,1,3139.42,0.2
I004063,O02446,P0466,2,7584.85,0.0
I004064,O02446,P0168,4,11374.5,0.0
I004065,O02446,P0169,2,5258.15,0.0
I004066,O02447,P0046,2,15363.92,0.05
I004067,O02447,P0128,2,11542.08,0.05
I004068,O02448,P0190,4,4813.84,0.1
I004069,O02448,P0480,2,12036.43,0.1
I004070,O02449,P0101,1,13448.78,0.1
I004071,O02450,P0040,5,10694.19,0.0
I004072,O02451,P0310,2,6739.9,0.15
I004073,O02451,P0126,4,12590.35,0.15
I004074,O02452,P0078,3,18121.01,0.15
I004075,O02453,P0002,2,685.44,0.25
I004076,O02453,P0040,1,10694.19,0.25
I004077,O02454,P0141,1,2669.4,0.05
I004078,O02455,P0448,2,11150.05,0.1
I004079,O02456,P0206,2,13942.45,0.05
I004080,O02457,P0198,1,15426.36,0.0
I004081,O02458,P0293,2,5390.99,0.0
I004082,O02459,P0232,1,14966.59,0.15
I004083,O02460,P0336,1,5532.6,0.05
I004084,O02461,P0362,1,7754.84,0.1
I004085,O02462,P0154,2,13970.67,0.25
I004086,O02463,P0365,2,1546.12,0.0
I004087,O02463,P0295,1,12191.72,0.0
I004088,O02463,P0345,2,18312.01,0.0
I004089,O02464,P0063,2,17989.43,0.1
I004090,O02465,P0217,1,2504.14,0.1
I004091,O02466,P0273,1,1414.88,0.3
I004092,O02467,P0069,4,6827.67,0.2
I004093,O02467,P0364,1,20513.3,0.2
I004094,O02468,P0317,2,14355.69,0.0
I004095,O02468,P0494,1,9857.51,0.0
I004096,O02468,P0332,2,9365.5,0.0
I004097,O02469,P0324,1,2232.66,0.0
I004098,O02469,P0350,2,14181.21,0.0
I004099,O02470,P0440,1,10988.87,0.0
I004100,O02470,P0171,5,6118.98,0.0
I004101,O02470,P0355,2,15161.64,0.0
I004102,O02471,P0208,1,17414.46,0.05
I004103,O02472,P0159,1,12341.8,0.05
I004104,O02472,P0143,2,2154.67,0.05
I004105,O02472,P0435,1,11265.94,0.05
I004106,O02473,P0264,1,11827.53,0.0
I004107,O02473,P0467,2,7857.91,0.0
I004108,O02474,P0064,1,18152.26,0.1
I004109,O02475,P0439,1,11309.42,0.25
I004110,O02475,P0403,2,10949.03,0.25
I004111,O02475,P0262,1,12660.19,0.25
I004112,O02476,P0038,2,13981.96,0.15
I004113,O02476,P0431,1,7800.63,0.15
I004114,O02477,P0436,1,9847.38,0.05
I004115,O02478,P0089,4,21527.82,0.15
I004116,O02478,P0420,1,5156.99,0.15
I004117,O02479,P0355,1,15161.64,0.3
I004118,O02480,P0377,1,7254.24,0.2
I004119,O02481,P0020,2,16894.73,0.1
I004120,O02481,P0393,1,1256.74,0.1
I004121,O02482,P0403,3,10949.03,0.05
I004122,O02482,P0479,1,2007.3,0.05
I004123,O02482,P0076,1,12082.97,0.05
I004124,O02483,P0199,1,13045.06,0.15
I004125,O02483,P0218,5,10519.23,0.15
I004126,O02484,P0142,2,7546.26,0.15
I004127,O02484,P0468,2,17686.56,0.15
I004128,O02485,P0310,1,6739.9,0.05
I004129,O02486,P0238,1,16729.81,0.05
I004130,O02487,P0405,1,10874.23,0.15
I004131,O02488,P0283,2,10933.03,0.2
I004132,O02488,P0116,1,14318.59,0.2
I004133,O02488,P0296,3,10086.41,0.2
I004134,O02489,P0447,1,13008.01,0.0
I004135,O02490,P0156,1,17438.42,0.3
I004136,O02491,P0284,1,9183.48,0.05
I004137,O02491,P0364,1,20513.3,0.05
I004138,O02492,P0112,1,10276.51,0.05
I004139,O02492,P0492,2,13278.61,0.05
I004140,O02493,P0065,2,11896.67,0.0
I004141,O02494,P0090,2,19317.51,0.0
I004142,O02495,P0448,1,11150.05,0.05
I004143,O02496,P0179,1,12189.37,0.1
I004144,O02496,P0482,4,16166.73,0.1
I004145,O02497,P0056,2,5412.25,0.2
I004146,O02497,P0164,1,744.63,0.2
I004147,O02497,P0186,1,14403.22,0.2
I004148,O02498,P0235,1,17675.52,0.0
I004149,O02498,P0364,2,20513.3,0.0
I004150,O02499,P0160,4,6251.25,0.1
I004151,O02499,P0405,1,10874.23,0.1
I004152,O02500,P0007,2,20905.26,0.1
I004153,O02501,P0166,1,4299.84,0.3
I004154,O02502,P0132,2,8762.43,0.05
I004155,O02502,P0366,3,12694.5,0.05
I004156,O02503,P0004,2,21658.55,0.05
I004157,O02504,P0341,1,9492.87,0.0
I004158,O02504,P0204,1,3139.42,0.0
I004159,O02505,P0234,1,6819.79,0.2
I004160,O02505,P0416,3,14378.26,0.2
I004161,O02506,P0483,3,14346.17,0.1
I004162,O02506,P0155,2,16173.54,0.1
I004163,O02507,P0114,2,2768.84,0.1
I004164,O02508,P0490,1,17879.27,0.0
I004165,O02508,P0497,1,5343.08,0.0
I004166,O02508,P0402,2,5149.65,0.0
I004167,O02508,P0071,3,1222.75,0.0
I004168,O02509,P0397,2,18087.88,0.0
I004169,O02510,P0255,4,2178.42,0.15
I004170,O02511,P0241,3,9473.89,0.1
I004171,O02511,P0095,2,708.58,0.1
I004172,O02512,P0269,3,9853.0,0.05
I004173,O02513,P0207,1,9618.99,0.1
I004174,O02514,P0202,2,4958.04,0.25
I004175,O02514,P0068,2,658.18,0.25
I004176,O02515,P0494,2,9857.51,0.0
I004177,O02516,P0370,1,12293.71,0.25
I004178,O02517,P0036,1,22992.46,0.15
I004179,O02517,P0038,3,13981.96,0.15
I004180,O02518,P0054,2,22196.9,0.0
I004181,O02518,P0376,1,21096.71,0.0
I004182,O02519,P0368,1,19421.03,0.15
I004183,O02519,P0141,4,2669.4,0.15
I004184,O02520,P0219,3,1340.09,0.15
I004185,O02520,P0362,5,7754.84,0.15
I004186,O02521,P0012,1,9210.89,0.1
I004187,O02521,P0188,3,6865.34,0.1
I004188,O02522,P0205,2,15563.05,0.15
I004189,O02523,P0341,1,9492.87,0.0
I004190,O02523,P0290,3,5856.65,0.0
I004191,O02524,P0117,1,5812.89,0.15
I004192,O02525,P0092,1,3959.04,0.1
I004193,O02525,P0274,1,16208.88,0.1
I004194,O02526,P0260,1,9638.98,0.05
I004195,O02527,P0139,1,11137.68,0.15
I004196,O02527,P0391,1,16675.09,0.15
I004197,O02528,P0384,1,21014.31,0.15
I004198,O02528,P0168,1,11374.5,0.15
I004199,O02528,P0241,1,9473.89,0.15
I004200,O02529,P0236,1,13763.86,0.05
I004201,O02529,P0488,1,6474.12,0.05
I004202,O02530,P0424,4,1099.43,0.0
I004203,O02531,P0253,3,10206.89,0.05
I004204,O02531,P0015,1,198.88,0.05
I004205,O02531,P0030,2,18850.92,0.05
I004206,O02531,P0284,1,9183.48,0.05
I004207,O02532,P0093,1,11807.43,0.05
I004208,O02533,P0069,1,6827.67,0.2
I004209,O02534,P0246,1,3212.48,0.1
I004210,O02534,P0014,3,14738.4,0.1
I004211,O02535,P0250,1,17490.25,0.15
I004212,O02536,P0106,1,5470.36,0.1
I004213,O02537,P0093,1,11807.43,0.0
I004214,O02538,P0158,1,9904.7,0.15
I004215,O02539,P0479,1,2007.3,0.2
I004216,O02540,P0479,1,2007.3,0.1
I004217,O02540,P0051,1,13023.34,0.1
I004218,O02540,P0181,1,6969.81,0.1
I004219,O02541,P0236,2,13763.86,0.15
I004220,O02542,P0245,2,14211.09,0.15
I004221,O02543,P0375,2,1937.18,0.1
I004222,O02544,P0028,3,2327.59,0.05
I004223,O02544,P0166,1,4299.84,0.05
I004224,O02544,P0248,2,5481.12,0.05
I004225,O02544,P0293,1,5390.99,0.05
I004226,O02545,P0494,1,9857.51,0.2
I004227,O02545,P0435,3,11265.94,0.2
I004228,O02546,P0055,1,18288.33,0.2
I004229,O02547,P0314,1,5199.64,0.2
I004230,O02548,P0088,1,10596.08,0.2
I004231,O02549,P0423,4,13857.3,0.0
I004232,O02549,P0224,1,14337.8,0.0
I004233,O02550,P0148,1,3827.6,0.1
I004234,O02550,P0320,1,22881.56,0.1
I004235,O02550,P0183,2,208.22,0.1
I004236,O02551,P0217,2,2504.14,0.05
I004237,O02552,P0250,1,17490.25,0.0
I004238,O02553,P0173,2,11347.23,0.15
I004239,O02553,P0104,1,389.71,0.15
I004240,O02554,P0197,1,5628.38,0.1
I004241,O02554,P0436,1,9847.38,0.1
I004242,O02554,P0095,2,708.58,0.1
I004243,O02555,P0255,3,2178.42,0.0
I004244,O02556,P0015,1,198.88,0.1
I004245,O02556,P0147,1,5903.16,0.1
I004246,O02556,P0041,1,11579.02,0.1
I004247,O02557,P0163,1,16537.01,0.3
I004248,O02558,P0213,1,13682.03,0.05
I004249,O02558,P0164,1,744.63,0.05
I004250,O02559,P0205,2,15563.05,0.05
I004251,O02560,P0193,2,3841.48,0.1
I004252,O02560,P0298,1,14301.55,0.1
I004253,O02561,P0366,1,12694.5,0.05
I004254,O02562,P0276,1,15791.95,0.25
I004255,O02563,P0444,1,4611.38,0.1
I004256,O02564,P0146,2,12538.22,0.05
I004257,O02564,P0421,1,3134.29,0.05
I004258,O02565,P0057,1,14313.59,0.1
I004259,O02566,P0464,3,11639.56,0.05
I004260,O02566,P0390,1,2477.97,0.05
I004261,O02566,P0122,1,20389.93,0.05
I004262,O02567,P0397,1,18087.88,0.0
I004263,O02567,P0144,1,5083.64,0.0
I004264,O02568,P0078,3,18121.01,0.05
I004265,O02569,P0166,1,4299.84,0.1
I004266,O02569,P0238,2,16729.81,0.1
I004267,O02570,P0426,1,17258.9,0.0
I004268,O02571,P0058,1,10856.44,0.0
I004269,O02571,P0143,1,2154.67,0.0
I004270,O02572,P0169,1,5258.15,0.1
I004271,O02573,P0118,2,11312.75,0.1
I004272,O02574,P0213,3,13682.03,0.05
I004273,O02574,P0218,1,10519.23,0.05
I004274,O02575,P0079,4,16242.79,0.15
I004275,O02575,P0058,1,10856.44,0.15
I004276,O02576,P0019,2,7331.38,0.0
I004277,O02577,P0057,2,14313.59,0.05
I004278,O02578,P0192,2,13132.41,0.0
I004279,O02579,P0226,1,1989.2,0.15
I004280,O02580,P0291,1,8891.78,0.1
I004281,O02580,P0114,4,2768.84,0.1
I004282,O02580,P0339,2,8938.6,0.1
I004283,O02580,P0141,1,2669.4,0.1
I004284,O02581,P0499,2,2390.13,0.05
I004285,O02582,P0214,1,3598.9,0.1
I004286,O02582,P0259,1,9091.06,0.1
I004287,O02583,P0345,2,18312.01,0.15
I004288,O02583,P0428,3,15197.13,0.15
I004289,O02583,P0327,1,7197.89,0.15
I004290,O02583,P0367,2,14116.53,0.15
I004291,O02584,P0061,4,9428.51,0.0
I004292,O02584,P0447,1,13008.01,0.0
I004293,O02585,P0405,1,10874.23,0.15
I004294,O02586,P0226,1,1989.2,0.05
I004295,O02586,P0032,1,12721.46,0.05
I004296,O02587,P0486,2,7416.01,0.0
I004297,O02587,P0362,4,7754.84,0.0
I004298,O02588,P0466,1,7584.85,0.2
I004299,O02588,P0099,1,11095.32,0.2
I004300,O02588,P0350,1,14181.21,0.2
I004301,O02588,P0285,2,11518.27,0.2
I004302,O02589,P0362,1,7754.84,0.1
I004303,O02589,P0320,2,22881.56,0.1
I004304,O02590,P0246,2,3212.48,0.1
I004305,O02590,P0347,1,207.7,0.1
I004306,O02590,P0056,2,5412.25,0.1
I004307,O02590,P0247,4,5866.18,0.1
I004308,O02591,P0327,2,7197.89,0.2
I004309,O02591,P0001,1,12680.89,0.2
I004310,O02591,P0322,4,179.06,0.2
I004311,O02592,P0443,3,3024.24,0.05
I004312,O02593,P0174,1,14241.6,0.0
I004313,O02593,P0321,2,15173.01,0.0
I004314,O02594,P0072,1,8074.69,0.25
I004315,O02595,P0242,3,12806.32,0.05
I004316,O02596,P0199,1,13045.06,0.1
I004317,O02596,P0125,1,8357.18,0.1
I004318,O02597,P0121,1,5223.81,0.25
I004319,O02598,P0388,1,10509.73,0.05
I004320,O02598,P0281,3,8647.87,0.05
I004321,O02599,P0452,2,14623.62,0.3
I004322,O02600,P0147,1,5903.16,0.1
I004323,O02600,P0043,1,230.23,0.1
I004324,O02601,P0209,3,17935.22,0.25
I004325,O02601,P0377,2,7254.24,0.25
I004326,O02602,P0226,1,1989.2,0.0
I004327,O02602,P0018,1,8521.23,0.0
I004328,O02602,P0379,1,4596.34,0.0
I004329,O02603,P0401,2,18961.41,0.1
I004330,O02604,P0136,2,10051.62,0.25
I004331,O02604,P0264,1,11827.53,0.25
I004332,O02605,P0104,2,389.71,0.0
I004333,O02605,P0100,2,7091.79,0.0
I004334,O02605,P0225,1,925.67,0.0
I004335,O02606,P0050,2,12181.9,0.05
I004336,O02607,P0080,2,8081.72,0.05
I004337,O02607,P0405,2,10874.23,0.05
I004338,O02608,P0232,1,14966.59,0.25
I004339,O02609,P0345,3,18312.01,0.05
I004340,O02609,P0108,1,11560.22,0.05
I004341,O02610,P0499,2,2390.13,0.0
I004342,O02611,P0358,3,17680.82,0.15
I004343,O02611,P0126,1,12590.35,0.15
I004344,O02612,P0208,2,17414.46,0.1
I004345,O02613,P0282,2,4087.36,0.1
I004346,O02613,P0323,1,19857.8,0.1
I004347,O02614,P0492,2,13278.61,0.1
I004348,O02615,P0157,2,1053.8,0.1
I004349,O02616,P0347,3,207.7,0.1
I004350,O02617,P0260,2,9638.98,0.25
I004351,O02617,P0307,2,8542.99,0.25
I004352,O02617,P0360,1,4434.75,0.25
I004353,O02618,P0431,4,7800.63,0.0
I004354,O02619,P0289,3,5068.21,0.25
I004355,O02620,P0349,2,17040.15,0.05
I004356,O02621,P0420,2,5156.99,0.05
I004357,O02622,P0209,2,17935.22,0.1
I004358,O02623,P0315,1,8767.22,0.2
I004359,O02623,P0183,2,208.22,0.2
I004360,O02623,P0238,2,16729.81,0.2
I004361,O02624,P0294,2,9318.36,0.05
I004362,O02625,P0075,3,16717.1,0.0
I004363,O02625,P0240,2,16345.25,0.0
I004364,O02625,P0161,2,4912.94,0.0
I004365,O02626,P0365,3,1546.12,0.1
I004366,O02627,P0383,1,5460.56,0.3
I004367,O02628,P0394,3,9719.2,0.05
I004368,O02628,P0091,1,5800.05,0.05
I004369,O02629,P0302,1,10139.5,0.0
I004370,O02630,P0211,1,12771.97,0.1
I004371,O02631,P0208,1,17414.46,0.05
I004372,O02632,P0434,2,15961.32,0.0
I004373,O02633,P0041,3,11579.02,0.2
I004374,O02634,P0147,1,5903.16,0.1
I004375,O02635,P0351,1,6684.2,0.0
I004376,O02636,P0477,1,13272.75,0.25
I004377,O02636,P0009,1,10894.67,0.25
I004378,O02636,P0482,2,16166.73,0.25
I004379,O02637,P0286,2,8678.82,0.1
I004380,O02637,P0298,1,14301.55,0.1
I004381,O02638,P0225,1,925.67,0.15
I004382,O02639,P0355,1,15161.64,0.1
I004383,O02639,P0271,2,10464.94,0.1
I004384,O02640,P0327,3,7197.89,0.25
I004385,O02641,P0386,1,7920.43,0.2
I004386,O02641,P0040,3,10694.19,0.2
I004387,O02642,P0027,2,6637.92,0.0
I004388,O02642,P0036,1,22992.46,0.0
I004389,O02642,P0239,1,10044.2,0.0
I004390,O02643,P0486,1,7416.01,0.0
I004391,O02643,P0074,1,20503.04,0.0
I004392,O02644,P0195,2,18266.79,0.1
I004393,O02645,P0381,1,1646.42,0.05
I004394,O02646,P0102,2,4552.64,0.1
I004395,O02646,P0094,1,6917.65,0.1
I004396,O02647,P0254,1,1468.59,0.05
I004397,O02648,P0391,1,16675.09,0.2
I004398,O02649,P0054,1,22196.9,0.0
I004399,O02650,P0039,3,1954.54,0.0
I004400,O02650,P0141,1,2669.4,0.0
I004401,O02650,P0228,1,7442.22,0.0
I004402,O02650,P0323,1,19857.8,0.0
I004403,O02651,P0056,2,5412.25,0.05
I004404,O02651,P0073,1,14367.83,0.05
I004405,O02651,P0202,1,4958.04,0.05
I004406,O02652,P0253,1,10206.89,0.0
I004407,O02652,P0303,2,15132.39,0.0
I004408,O02652,P0177,1,5666.47,0.0
I004409,O02653,P0231,3,5606.43,0.1
I004410,O02654,P0424,1,1099.43,0.1
I004411,O02654,P0003,2,14157.19,0.1
I004412,O02655,P0254,1,1468.59,0.15
I004413,O02656,P0158,1,9904.7,0.0
I004414,O02656,P0127,2,12125.3,0.0
I004415,O02656,P0255,1,2178.42,0.0
I004416,O02657,P0410,1,8140.59,0.15
I004417,O02658,P0206,1,13942.45,0.05
I004418,O02659,P0392,1,10129.56,0.15
I004419,O02659,P0417,1,7877.14,0.15
I004420,O02660,P0497,1,5343.08,0.05
I004421,O02661,P0010,1,8507.4,0.2
I004422,O02662,P0385,2,9160.1,0.2
I004423,O02663,P0066,1,4602.72,0.05
I004424,O02664,P0080,1,8081.72,0.2
I004425,O02665,P0408,1,12252.4,0.05
I004426,O02666,P0418,1,12929.12,0.2
I004427,O02667,P0118,2,11312.75,0.05
I004428,O02668,P0210,1,3425.1,0.05
I004429,O02669,P0205,1,15563.05,0.2
I004430,O02669,P0325,3,883.29,0.2
I004431,O02669,P0133,2,16221.29,0.2
I004432,O02670,P0457,1,18511.82,0.0
I004433,O02671,P0019,2,7331.38,0.15
I004434,O02672,P0353,3,4627.28,0.15
I004435,O02673,P0209,3,17935.22,0.25
I004436,O02673,P0221,1,9748.25,0.25
I004437,O02674,P0373,1,8955.67,0.25
I004438,O02674,P0431,1,7800.63,0.25
I004439,O02675,P0378,1,224.7,0.1
I004440,O02675,P0092,1,3959.04,0.1
I004441,O02675,P0114,2,2768.84,0.1
I004442,O02676,P0100,1,7091.79,0.15
I004443,O02677,P0351,1,6684.2,0.0
I004444,O02677,P0094,2,6917.65,0.0
I004445,O02678,P0037,1,5389.2,0.05
I004446,O02679,P0246,1,3212.48,0.1
I004447,O02680,P0205,2,15563.05,0.05
I004448,O02680,P0380,1,1803.38,0.05
I004449,O02680,P0339,1,8938.6,0.05
I004450,O02681,P0180,1,5738.9,0.05
I004451,O02682,P0129,1,15750.63,0.0
I004452,O02683,P0032,1,12721.46,0.0
I004453,O02683,P0361,1,8061.24,0.0
I004454,O02683,P0499,2,2390.13,0.0
I004455,O02684,P0311,2,13470.81,0.15
I004456,O02684,P0268,1,21182.18,0.15
I004457,O02684,P0125,1,8357.18,0.15
I004458,O02685,P0326,5,1200.34,0.0
I004459,O02686,P0058,1,10856.44,0.2
I004460,O02687,P0040,1,10694.19,0.0
I004461,O02688,P0164,1,744.63,0.0
I004462,O02688,P0500,3,14456.78,0.0
I004463,O02689,P0080,1,8081.72,0.05
I004464,O02689,P0316,1,18765.5,0.05
I004465,O02689,P0169,1,5258.15,0.05
I004466,O02690,P0476,2,1078.88,0.15
I004467,O02690,P0002,1,685.44,0.15
I004468,O02690,P0094,2,6917.65,0.15
I004469,O02691,P0110,1,239.19,0.15
I004470,O02691,P0335,1,3821.2,0.15
I004471,O02691,P0448,1,11150.05,0.15
I004472,O02692,P0342,1,8867.09,0.05
I004473,O02692,P0373,2,8955.67,0.05
I004474,O02693,P0194,2,4785.07,0.05
I004475,O02693,P0322,1,179.06,0.05
I004476,O02693,P0262,1,12660.19,0.05
I004477,O02694,P0391,1,16675.09,0.2
I004478,O02694,P0470,4,16384.1,0.2
I004479,O02694,P0309,2,879.52,0.2
I004480,O02695,P0102,2,4552.64,0.1
I004481,O02695,P0206,1,13942.45,0.1
I004482,O02695,P0224,1,14337.8,0.1
I004483,O02696,P0306,1,20887.78,0.1
I004484,O02697,P0108,3,11560.22,0.1
I004485,O02698,P0322,3,179.06,0.1
I004486,O02699,P0192,2,13132.41,0.1
I004487,O02700,P0357,2,4004.54,0.15
I004488,O02701,P0309,1,879.52,0.25
I004489,O02701,P0207,1,9618.99,0.25
I004490,O02701,P0352,1,10103.59,0.25
I004491,O02702,P0126,1,12590.35,0.1
I004492,O02702,P0236,2,13763.86,0.1
I004493,O02702,P0143,1,2154.67,0.1
I004494,O02702,P0117,2,5812.89,0.1
I004495,O02703,P0386,1,7920.43,0.05
I004496,O02704,P0129,1,15750.63,0.25
I004497,O02704,P0058,2,10856.44,0.25
I004498,O02705,P0383,2,5460.56,0.15
I004499,O02705,P0393,1,1256.74,0.15
I004500,O02705,P0060,1,10597.6,0.15
I004501,O02705,P0148,1,3827.6,0.15
I004502,O02706,P0017,1,9858.5,0.15
I004503,O02707,P0062,1,2140.31,0.1
I004504,O02707,P0021,2,18265.35,0.1
I004505,O02707,P0399,1,9834.2,0.1
I004506,O02708,P0003,2,14157.19,0.15
I004507,O02709,P0358,4,17680.82,0.15
I004508,O02710,P0081,1,12661.97,0.15
I004509,O02710,P0330,3,621.58,0.15
I004510,O02710,P0376,3,21096.71,0.15
I004511,O02711,P0123,1,12283.66,0.25
I004512,O02712,P0251,2,13718.51,0.1
I004513,O02713,P0005,1,2113.83,0.05
I004514,O02714,P0104,1,389.71,0.05
I004515,O02714,P0373,1,8955.67,0.05
I004516,O02714,P0347,1,207.7,0.05
I004517,O02715,P0129,1,15750.63,0.15
I004518,O02715,P0130,1,5669.17,0.15
I004519,O02716,P0168,1,11374.5,0.1
I004520,O02716,P0191,2,14335.92,0.1
I004521,O02716,P0176,1,13983.62,0.1
I004522,O02717,P0400,1,7063.54,0.2
I004523,O02718,P0450,2,2255.15,0.05
I004524,O02719,P0351,1,6684.2,0.15
I004525,O02720,P0121,1,5223.81,0.05
I004526,O02720,P0383,3,5460.56,0.05
I004527,O02720,P0205,5,15563.05,0.05
I004528,O02720,P0132,3,8762.43,0.05
I004529,O02721,P0420,1,5156.99,0.15
I004530,O02722,P0086,1,12651.01,0.1
I004531,O02722,P0059,2,7497.65,0.1
I004532,O02722,P0055,1,18288.33,0.1
I004533,O02723,P0452,2,14623.62,0.3
I004534,O02724,P0105,3,10085.48,0.15
I004535,O02725,P0056,1,5412.25,0.15
I004536,O02726,P0232,4,14966.59,0.0
I004537,O02727,P0043,2,230.23,0.15
I004538,O02727,P0464,3,11639.56,0.15
I004539,O02727,P0237,1,13454.07,0.15
I004540,O02728,P0455,1,6841.97,0.1
I004541,O02728,P0106,2,5470.36,0.1
I004542,O02729,P0109,1,7019.11,0.05
I004543,O02730,P0483,1,14346.17,0.15
I004544,O02731,P0256,1,10413.89,0.05
I004545,O02731,P0355,1,15161.64,0.05
I004546,O02732,P0290,1,5856.65,0.05
I004547,O02732,P0424,1,1099.43,0.05
I004548,O02733,P0464,1,11639.56,0.05
I004549,O02733,P0145,3,5897.75,0.05
I004550,O02733,P0388,4,10509.73,0.05
I004551,O02734,P0348,3,19194.75,0.1
I004552,O02735,P0115,2,10805.92,0.05
I004553,O02736,P0074,1,20503.04,0.1
I004554,O02736,P0277,1,14027.28,0.1
I004555,O02737,P0269,1,9853.0,0.05
I004556,O02737,P0465,1,7131.53,0.05
I004557,O02738,P0181,1,6969.81,0.05
I004558,O02738,P0299,1,9253.96,0.05
I004559,O02739,P0427,1,2376.46,0.05
I004560,O02740,P0187,2,6663.59,0.05
I004561,O02741,P0239,3,10044.2,0.05
I004562,O02741,P0167,2,2741.53,0.05
I004563,O02741,P0320,4,22881.56,0.05
I004564,O02742,P0415,3,19105.92,0.05
I004565,O02743,P0384,1,21014.31,0.0
I004566,O02743,P0274,2,16208.88,0.0
I004567,O02744,P0267,2,13380.29,0.1
I004568,O02745,P0029,3,7973.77,0.05
I004569,O02745,P0453,2,2027.99,0.05
I004570,O02746,P0310,1,6739.9,0.25
I004571,O02746,P0303,1,15132.39,0.25
I004572,O02746,P0173,1,11347.23,0.25
I004573,O02746,P0302,5,10139.5,0.25
I004574,O02747,P0485,1,1818.67,0.1
I004575,O02747,P0049,1,10387.8,0.1
I004576,O02747,P0399,1,9834.2,0.1
I004577,O02747,P0263,1,12622.11,0.1
I004578,O02748,P0238,2,16729.81,0.1
I004579,O02749,P0424,1,1099.43,0.05
I004580,O02750,P0465,4,7131.53,0.1
I004581,O02751,P0111,1,4168.73,0.05
I004582,O02752,P0430,2,14535.8,0.2
I004583,O02752,P0115,1,10805.92,0.2
I004584,O02753,P0428,1,15197.13,0.05
I004585,O02754,P0076,1,12082.97,0.05
I004586,O02755,P0391,1,16675.09,0.15
I004587,O02756,P0127,1,12125.3,0.2
I004588,O02756,P0427,1,2376.46,0.2
I004589,O02757,P0153,3,6065.86,0.15
I004590,O02757,P0394,1,9719.2,0.15
I004591,O02757,P0202,3,4958.04,0.15
I004592,O02758,P0139,1,11137.68,0.0
I004593,O02759,P0352,1,10103.59,0.2
I004594,O02759,P0228,1,7442.22,0.2
I004595,O02759,P0267,1,13380.29,0.2
I004596,O02760,P0380,5,1803.38,0.15
I004597,O02761,P0036,2,22992.46,0.05
I004598,O02762,P0321,1,15173.01,0.0
I004599,O02762,P0385,1,9160.1,0.0
I004600,O02762,P0129,1,15750.63,0.0
I004601,O02762,P0045,1,5553.07,0.0
I004602,O02763,P0037,1,5389.2,0.15
I004603,O02764,P0301,2,1551.88,0.05
I004604,O02765,P0163,2,16537.01,0.1
I004605,O02765,P0257,1,8094.05,0.1
I004606,O02765,P0239,1,10044.2,0.1
I004607,O02766,P0296,1,10086.41,0.0
I004608,O02767,P0408,4,12252.4,0.1
I004609,O02767,P0274,1,16208.88,0.1
I004610,O02767,P0080,1,8081.72,0.1
I004611,O02768,P0329,1,6837.04,0.0
I004612,O02769,P0216,1,4253.32,0.1
I004613,O02770,P0414,2,3244.46,0.2
I004614,O02771,P0314,3,5199.64,0.1
I004615,O02772,P0500,1,14456.78,0.2
I004616,O02773,P0481,1,1854.72,0.1
I004617,O02774,P0498,1,1038.57,0.15
I004618,O02774,P0399,3,9834.2,0.15
I004619,O02775,P0500,1,14456.78,0.05
I004620,O02775,P0123,1,12283.66,0.05
I004621,O02776,P0082,3,8524.01,0.05
I004622,O02777,P0479,3,2007.3,0.05
I004623,O02778,P0049,1,10387.8,0.0
I004624,O02779,P0432,2,1677.91,0.05
I004625,O02780,P0364,4,20513.3,0.05
I004626,O02781,P0459,2,15147.66,0.05
I004627,O02782,P0329,1,6837.04,0.1
I004628,O02783,P0215,4,2961.47,0.1
I004629,O02784,P0314,4,5199.64,0.15
I004630,O02784,P0474,1,2142.32,0.15
I004631,O02784,P0088,3,10596.08,0.15
I004632,O02785,P0403,1,10949.03,0.05
I004633,O02786,P0224,2,14337.8,0.15
I004634,O02786,P0109,4,7019.11,0.15
I004635,O02787,P0145,1,5897.75,0.2
I004636,O02788,P0127,1,12125.3,0.1
I004637,O02788,P0170,3,10734.0,0.1
I004638,O02789,P0336,1,5532.6,0.1
I004639,O02790,P0225,1,925.67,0.15
I004640,O02791,P0198,1,15426.36,0.1
I004641,O02791,P0235,1,17675.52,0.1
I004642,O02792,P0329,2,6837.04,0.0
I004643,O02793,P0378,1,224.7,0.05
I004644,O02794,P0151,1,8069.27,0.0
I004645,O02794,P0276,2,15791.95,0.0
I004646,O02795,P0430,1,14535.8,0.15
I004647,O02796,P0423,2,13857.3,0.05
I004648,O02797,P0410,1,8140.59,0.2
I004649,O02797,P0419,1,11206.88,0.2
I004650,O02798,P0420,1,5156.99,0.15
I004651,O02798,P0039,3,1954.54,0.15
I004652,O02798,P0447,2,13008.01,0.15
I004653,O02798,P0357,1,4004.54,0.15
I004654,O02799,P0426,2,17258.9,0.15
I004655,O02800,P0375,2,1937.18,0.2
I004656,O02800,P0105,1,10085.48,0.2
I004657,O02801,P0221,3,9748.25,0.1
I004658,O02802,P0278,1,4045.44,0.05
I004659,O02803,P0095,1,708.58,0.25
I004660,O02804,P0126,1,12590.35,0.3
I004661,O02805,P0261,3,9413.55,0.05
I004662,O02806,P0312,1,8312.33,0.15
I004663,O02807,P0047,4,3795.44,0.0
I004664,O02808,P0369,1,2936.18,0.0
I004665,O02808,P0194,3,4785.07,0.0
I004666,O02808,P0473,1,731.76,0.0
I004667,O02809,P0474,1,2142.32,0.15
I004668,O02810,P0330,1,621.58,0.05
I004669,O02810,P0248,3,5481.12,0.05
I004670,O02810,P0185,3,11400.27,0.05
I004671,O02811,P0201,1,18090.68,0.2
I004672,O02812,P0429,1,4623.76,0.1
I004673,O02813,P0143,1,2154.67,0.15
I004674,O02814,P0360,4,4434.75,0.0
I004675,O02814,P0167,1,2741.53,0.0
I004676,O02815,P0016,1,4929.52,0.2
I004677,O02816,P0499,2,2390.13,0.05
I004678,O02816,P0485,1,1818.67,0.05
I004679,O02817,P0248,1,5481.12,0.1
I004680,O02817,P0278,2,4045.44,0.1
I004681,O02818,P0459,1,15147.66,0.1
I004682,O02819,P0466,2,7584.85,0.0
I004683,O02820,P0152,1,11257.85,0.25
I004684,O02820,P0236,2,13763.86,0.25
I004685,O02820,P0025,1,21151.19,0.25
I004686,O02821,P0067,1,18606.26,0.05
I004687,O02822,P0375,2,1937.18,0.15
I004688,O02823,P0294,1,9318.36,0.1
I004689,O02823,P0020,2,16894.73,0.1
I004690,O02824,P0072,1,8074.69,0.0
I004691,O02825,P0494,2,9857.51,0.2
I004692,O02825,P0482,3,16166.73,0.2
I004693,O02826,P0153,1,6065.86,0.05
I004694,O02827,P0492,2,13278.61,0.05
I004695,O02828,P0492,2,13278.61,0.0
I004696,O02828,P0182,2,7028.31,0.0
I004697,O02829,P0292,1,21583.15,0.05
I004698,O02830,P0172,1,13856.39,0.1
I004699,O02830,P0327,2,7197.89,0.1
I004700,O02831,P0026,1,8043.88,0.05
I004701,O02831,P0408,1,12252.4,0.05
I004702,O02832,P0408,2,12252.4,0.1
I004703,O02832,P0405,1,10874.23,0.1
I004704,O02832,P0236,1,13763.86,0.1
I004705,O02833,P0157,1,1053.8,0.15
I004706,O02833,P0015,2,198.88,0.15
I004707,O02834,P0225,3,925.67,0.25
I004708,O02835,P0428,1,15197.13,0.15
I004709,O02836,P0095,1,708.58,0.05
I004710,O02837,P0122,2,20389.93,0.05
I004711,O02837,P0491,4,14558.18,0.05
I004712,O02838,P0268,1,21182.18,0.1
I004713,O02839,P0139,1,11137.68,0.2
I004714,O02840,P0089,2,21527.82,0.1
I004715,O02840,P0478,1,24448.55,0.1
I004716,O02841,P0483,3,14346.17,0.1
I004717,O02842,P0158,1,9904.7,0.05
I004718,O02843,P0004,3,21658.55,0.1
I004719,O02843,P0300,3,11744.09,0.1
I004720,O02844,P0287,1,11017.89,0.05
I004721,O02845,P0432,1,1677.91,0.1
I004722,O02845,P0235,2,17675.52,0.1
I004723,O02846,P0432,1,1677.91,0.15
I004724,O02847,P0039,1,1954.54,0.25
I004725,O02847,P0295,1,12191.72,0.25
I004726,O02847,P0386,1,7920.43,0.25
I004727,O02848,P0324,1,2232.66,0.15
I004728,O02849,P0348,1,19194.75,0.2
I004729,O02849,P0456,1,5984.52,0.2
I004730,O02850,P0197,1,5628.38,0.05
I004731,O02851,P0381,2,1646.42,0.15
I004732,O02851,P0250,2,17490.25,0.15
I004733,O02851,P0453,1,2027.99,0.15
I004734,O02852,P0236,1,13763.86,0.05
I004735,O02853,P0062,1,2140.31,0.0
I004736,O02853,P0413,3,4516.32,0.0
I004737,O02854,P0391,5,16675.09,0.2
I004738,O02855,P0032,3,12721.46,0.0
I004739,O02855,P0117,2,5812.89,0.0
I004740,O02856,P0209,3,17935.22,0.0
I004741,O02857,P0054,1,22196.9,0.0
I004742,O02857,P0162,1,11199.84,0.0
I004743,O02857,P0394,1,9719.2,0.0
I004744,O02858,P0219,1,1340.09,0.0
I004745,O02858,P0395,1,16050.27,0.0
I004746,O02859,P0477,1,13272.75,0.0
I004747,O02860,P0491,1,14558.18,0.15
I004748,O02861,P0112,1,10276.51,0.2
I004749,O02861,P0221,1,9748.25,0.2
I004750,O02862,P0103,3,9874.02,0.15
I004751,O02862,P0323,2,19857.8,0.15
I004752,O02863,P0418,5,12929.12,0.1
I004753,O02863,P0422,4,6180.37,0.1
I004754,O02864,P0200,1,9202.06,0.15
I004755,O02865,P0261,1,9413.55,0.1
I004756,O02865,P0457,3,18511.82,0.1
I004757,O02866,P0407,2,775.43,0.2
I004758,O02867,P0292,1,21583.15,0.1
I004759,O02867,P0224,3,14337.8,0.1
I004760,O02868,P0343,1,21720.15,0.0
I004761,O02868,P0018,4,8521.23,0.0
I004762,O02868,P0359,3,17408.84,0.0
I004763,O02869,P0127,1,12125.3,0.15
I004764,O02870,P0090,1,19317.51,0.2
I004765,O02871,P0158,5,9904.7,0.05
I004766,O02872,P0249,2,11650.12,0.05
I004767,O02873,P0369,1,2936.18,0.15
I004768,O02874,P0169,2,5258.15,0.1
I004769,O02875,P0076,1,12082.97,0.2
I004770,O02875,P0443,1,3024.24,0.2
I004771,O02876,P0190,3,4813.84,0.1
I004772,O02877,P0228,1,7442.22,0.15
I004773,O02878,P0192,3,13132.41,0.05
I004774,O02879,P0031,1,10837.07,0.25
I004775,O02880,P0290,1,5856.65,0.05
I004776,O02881,P0408,1,12252.4,0.1
I004777,O02882,P0051,1,13023.34,0.1
I004778,O02883,P0288,3,16170.77,0.05
I004779,O02884,P0227,2,1214.17,0.05
I004780,O02885,P0290,1,5856.65,0.1
I004781,O02886,P0183,1,208.22,0.05
I004782,O02887,P0015,1,198.88,0.0
I004783,O02887,P0432,1,1677.91,0.0
I004784,O02887,P0261,1,9413.55,0.0
I004785,O02888,P0166,2,4299.84,0.2
I004786,O02889,P0130,1,5669.17,0.05
I004787,O02889,P0256,1,10413.89,0.05
I004788,O02890,P0451,1,18517.71,0.1
I004789,O02891,P0461,2,6940.51,0.1
I004790,O02892,P0199,1,13045.06,0.2
I004791,O02893,P0297,2,14103.76,0.0
I004792,O02894,P0393,1,1256.74,0.1
I004793,O02894,P0424,2,1099.43,0.1
I004794,O02895,P0496,1,20624.48,0.05
I004795,O02896,P0308,1,10963.13,0.2
I004796,O02897,P0370,1,12293.71,0.15
I004797,O02898,P0457,1,18511.82,0.0
I004798,O02899,P0176,1,13983.62,0.05
I004799,O02900,P0345,1,18312.01,0.0
I004800,O02900,P0146,3,12538.22,0.0
I004801,O02901,P0066,2,4602.72,0.15
I004802,O02901,P0252,2,18803.98,0.15
I004803,O02901,P0331,2,7610.91,0.15
I004804,O02902,P0100,2,7091.79,0.1
I004805,O02903,P0029,1,7973.77,0.0
I004806,O02903,P0105,2,10085.48,0.0
I004807,O02904,P0239,1,10044.2,0.0
I004808,O02904,P0171,3,6118.98,0.0
I004809,O02904,P0368,1,19421.03,0.0
I004810,O02904,P0218,1,10519.23,0.0
I004811,O02905,P0450,1,2255.15,0.25
I004812,O02906,P0181,1,6969.81,0.2
I004813,O02907,P0172,2,13856.39,0.05
I004814,O02907,P0292,1,21583.15,0.05
I004815,O02908,P0107,1,12811.73,0.1
I004816,O02909,P0244,1,6694.24,0.1
I004817,O02909,P0175,2,8354.48,0.1
I004818,O02910,P0307,1,8542.99,0.1
I004819,O02911,P0220,2,4537.91,0.05
I004820,O02911,P0432,1,1677.91,0.05
I004821,O02912,P0019,1,7331.38,0.05
I004822,O02913,P0013,2,1067.21,0.05
I004823,O02914,P0270,1,15544.12,0.0
I004824,O02914,P0219,1,1340.09,0.0
I004825,O02915,P0293,1,5390.99,0.0
I004826,O02916,P0122,1,20389.93,0.0
I004827,O02916,P0408,2,12252.4,0.0
I004828,O02916,P0023,1,8677.28,0.0
I004829,O02916,P0369,2,2936.18,0.0
I004830,O02917,P0297,1,14103.76,0.1
I004831,O02917,P0387,2,11008.74,0.1
I004832,O02918,P0469,2,12828.28,0.15
I004833,O02918,P0432,1,1677.91,0.15
I004834,O02919,P0467,1,7857.91,0.05
I004835,O02920,P0350,1,14181.21,0.1
I004836,O02920,P0013,2,1067.21,0.1
I004837,O02920,P0470,1,16384.1,0.1
I004838,O02921,P0193,1,3841.48,0.05
I004839,O02922,P0251,1,13718.51,0.0
I004840,O02923,P0003,1,14157.19,0.0
I004841,O02923,P0426,1,17258.9,0.0
I004842,O02923,P0314,3,5199.64,0.0
I004843,O02924,P0306,2,20887.78,0.1
I004844,O02925,P0034,1,3767.39,0.0
I004845,O02926,P0251,1,13718.51,0.1
I004846,O02926,P0196,1,3827.41,0.1
I004847,O02927,P0080,1,8081.72,0.05
I004848,O02927,P0369,1,2936.18,0.05
I004849,O02927,P0029,5,7973.77,0.05
I004850,O02928,P0326,1,1200.34,0.2
I004851,O02929,P0124,1,15514.19,0.0
I004852,O02929,P0451,1,18517.71,0.0
I004853,O02930,P0335,1,3821.2,0.05
I004854,O02931,P0500,1,14456.78,0.15
I004855,O02932,P0056,1,5412.25,0.15
I004856,O02933,P0412,1,14362.31,0.0
I004857,O02934,P0344,1,5745.03,0.05
I004858,O02935,P0434,1,15961.32,0.1
I004859,O02936,P0194,1,4785.07,0.15
I004860,O02937,P0387,1,11008.74,0.15
I004861,O02937,P0433,1,11369.56,0.15
I004862,O02937,P0055,1,18288.33,0.15
I004863,O02938,P0488,2,6474.12,0.1
I004864,O02938,P0131,1,2329.3,0.1
I004865,O02938,P0390,1,2477.97,0.1
I004866,O02939,P0390,2,2477.97,0.15
I004867,O02940,P0113,2,1476.37,0.1
I004868,O02940,P0207,4,9618.99,0.1
I004869,O02941,P0442,2,12851.94,0.1
I004870,O02942,P0254,2,1468.59,0.1
I004871,O02942,P0486,1,7416.01,0.1
I004872,O02943,P0032,2,12721.46,0.15
I004873,O02944,P0490,2,17879.27,0.0
I004874,O02944,P0041,1,11579.02,0.0
I004875,O02945,P0427,1,2376.46,0.05
I004876,O02945,P0403,4,10949.03,0.05
I004877,O02945,P0028,1,2327.59,0.05
I004878,O02945,P0169,2,5258.15,0.05
I004879,O02946,P0308,2,10963.13,0.2
I004880,O02947,P0198,2,15426.36,0.15
I004881,O02947,P0176,1,13983.62,0.15
I004882,O02947,P0368,2,19421.03,0.15
I004883,O02948,P0386,3,7920.43,0.15
I004884,O02948,P0196,1,3827.41,0.15
I004885,O02948,P0313,1,15225.55,0.15
I004886,O02949,P0037,4,5389.2,0.0
I004887,O02950,P0474,1,2142.32,0.1
I004888,O02951,P0455,2,6841.97,0.1
I004889,O02952,P0320,3,22881.56,0.15
I004890,O02953,P0154,3,13970.67,0.1
I004891,O02954,P0303,1,15132.39,0.1
I004892,O02954,P0251,2,13718.51,0.1
I004893,O02954,P0154,1,13970.67,0.1
I004894,O02955,P0237,2,13454.07,0.05
I004895,O02956,P0126,1,12590.35,0.2
I004896,O02956,P0269,1,9853.0,0.2
I004897,O02956,P0315,1,8767.22,0.2
I004898,O02956,P0302,1,10139.5,0.2
I004899,O02957,P0410,4,8140.59,0.2
I004900,O02958,P0230,1,16237.69,0.1
I004901,O02958,P0090,1,19317.51,0.1
I004902,O02959,P0244,1,6694.24,0.1
I004903,O02959,P0171,4,6118.98,0.1
I004904,O02959,P0033,1,2436.78,0.1
I004905,O02959,P0153,2,6065.86,0.1
I004906,O02960,P0175,2,8354.48,0.05
I004907,O02960,P0318,1,18336.52,0.05
I004908,O02961,P0034,1,3767.39,0.05
I004909,O02962,P0055,1,18288.33,0.1
I004910,O02963,P0339,1,8938.6,0.0
I004911,O02964,P0100,2,7091.79,0.1
I004912,O02965,P0151,4,8069.27,0.1
I004913,O02966,P0292,1,21583.15,0.15
I004914,O02967,P0321,2,15173.01,0.05
I004915,O02967,P0141,2,2669.4,0.05
I004916,O02968,P0397,2,18087.88,0.15
I004917,O02969,P0094,1,6917.65,0.0
I004918,O02969,P0043,1,230.23,0.0
I004919,O02970,P0104,3,389.71,0.1
I004920,O02971,P0165,2,8775.25,0.2
I004921,O02971,P0248,2,5481.12,0.2
I004922,O02972,P0235,2,17675.52,0.15
I004923,O02972,P0323,1,19857.8,0.15
I004924,O02973,P0490,1,17879.27,0.2
I004925,O02973,P0209,3,17935.22,0.2
I004926,O02973,P0206,1,13942.45,0.2
I004927,O02974,P0147,1,5903.16,0.0
I004928,O02974,P0135,1,13687.78,0.0
I004929,O02974,P0075,1,16717.1,0.0
I004930,O02975,P0118,3,11312.75,0.15
I004931,O02975,P0105,1,10085.48,0.15
I004932,O02975,P0023,1,8677.28,0.15
I004933,O02976,P0028,3,2327.59,0.1
I004934,O02976,P0376,5,21096.71,0.1
I004935,O02977,P0417,1,7877.14,0.05
I004936,O02977,P0019,2,7331.38,0.05
I004937,O02978,P0484,1,14051.85,0.05
I004938,O02978,P0476,3,1078.88,0.05
I004939,O02979,P0483,1,14346.17,0.0
I004940,O02980,P0459,1,15147.66,0.15
I004941,O02980,P0291,3,8891.78,0.15
I004942,O02981,P0205,2,15563.05,0.1
I004943,O02982,P0158,2,9904.7,0.0
I004944,O02982,P0412,1,14362.31,0.0
I004945,O02983,P0421,1,3134.29,0.1
I004946,O02983,P0062,1,2140.31,0.1
I004947,O02984,P0256,1,10413.89,0.0
I004948,O02985,P0165,1,8775.25,0.05
I004949,O02986,P0248,1,5481.12,0.0
I004950,O02986,P0195,2,18266.79,0.0
I004951,O02987,P0014,1,14738.4,0.1
I004952,O02988,P0199,2,13045.06,0.0
I004953,O02988,P0099,2,11095.32,0.0
I004954,O02989,P0080,2,8081.72,0.05
I004955,O02989,P0181,3,6969.81,0.05
I004956,O02989,P0315,1,8767.22,0.05
I004957,O02990,P0471,1,3362.5,0.05
I004958,O02991,P0098,1,18024.33,0.15
I004959,O02991,P0344,3,5745.03,0.15
I004960,O02992,P0227,2,1214.17,0.1
I004961,O02993,P0257,5,8094.05,0.1
I004962,O02994,P0481,1,1854.72,0.05
I004963,O02994,P0483,1,14346.17,0.05
I004964,O02994,P0122,1,20389.93,0.05
I004965,O02995,P0392,2,10129.56,0.1
I004966,O02995,P0190,1,4813.84,0.1
I004967,O02995,P0334,1,5599.91,0.1
I004968,O02996,P0021,1,18265.35,0.0
I004969,O02996,P0083,3,7026.05,0.0
I004970,O02997,P0071,2,1222.75,0.3
I004971,O02997,P0029,2,7973.77,0.3
I004972,O02998,P0371,2,14987.41,0.1
I004973,O02999,P0244,3,6694.24,0.2
I004974,O02999,P0424,1,1099.43,0.2
I004975,O03000,P0326,2,1200.34,0.0
I004976,O03000,P0270,1,15544.12,0.0
I004977,O03000,P0429,4,4623.76,0.0
I004978,O03001,P0435,1,11265.94,0.1
I004979,O03002,P0145,1,5897.75,0.15
I004980,O03003,P0413,1,4516.32,0.15
I004981,O03003,P0324,2,2232.66,0.15
I004982,O03003,P0239,5,10044.2,0.15
I004983,O03004,P0340,1,6540.28,0.1
I004984,O03005,P0266,2,6946.78,0.0
I004985,O03006,P0231,1,5606.43,0.05
I004986,O03007,P0184,3,5176.95,0.05
I004987,O03007,P0354,3,749.54,0.05
I004988,O03008,P0409,3,8257.04,0.05
I004989,O03008,P0160,1,6251.25,0.05
I004990,O03009,P0398,1,15186.38,0.0
I004991,O03010,P0393,2,1256.74,0.0
I004992,O03010,P0069,1,6827.67,0.0
I004993,O03011,P0307,1,8542.99,0.1
I004994,O03012,P0416,1,14378.26,0.15
I004995,O03013,P0367,1,14116.53,0.05
I004996,O03014,P0476,1,1078.88,0.15
I004997,O03015,P0166,2,4299.84,0.15
I004998,O03015,P0112,1,10276.51,0.15
I004999,O03016,P0429,1,4623.76,0.1
I005000,O03017,P0191,1,14335.92,0.1
I005001,O03017,P0322,1,179.06,0.1
I005002,O03018,P0366,2,12694.5,0.05
I005003,O03018,P0383,2,5460.56,0.05
I005004,O03019,P0472,1,6339.28,0.05
I005005,O03019,P0346,2,17166.81,0.05
I005006,O03020,P0243,1,5300.75,0.1
I005007,O03020,P0320,1,22881.56,0.1
I005008,O03020,P0173,1,11347.23,0.1
I005009,O03020,P0455,1,6841.97,0.1
I005010,O03021,P0039,4,1954.54,0.05
I005011,O03022,P0446,1,18710.12,0.1
I005012,O03023,P0400,1,7063.54,0.15
I005013,O03024,P0108,2,11560.22,0.25
I005014,O03024,P0011,1,6896.23,0.25
I005015,O03024,P0396,1,6181.52,0.25
I005016,O03024,P0082,1,8524.01,0.25
I005017,O03025,P0280,1,19260.63,0.2
I005018,O03026,P0229,3,971.19,0.2
I005019,O03027,P0233,1,9166.88,0.2
I005020,O03028,P0154,2,13970.67,0.05
I005021,O03028,P0341,1,9492.87,0.05
I005022,O03029,P0381,3,1646.42,0.25
I005023,O03030,P0144,2,5083.64,0.05
I005024,O03030,P0171,1,6118.98,0.05
I005025,O03030,P0481,1,1854.72,0.05
I005026,O03030,P0078,4,18121.01,0.05
I005027,O03031,P0144,2,5083.64,0.2
I005028,O03031,P0433,1,11369.56,0.2
I005029,O03032,P0348,1,19194.75,0.1
I005030,O03032,P0332,2,9365.5,0.1
I005031,O03033,P0448,1,11150.05,0.2
I005032,O03034,P0380,3,1803.38,0.3
I005033,O03034,P0377,1,7254.24,0.3
I005034,O03035,P0280,3,19260.63,0.2
I005035,O03036,P0458,2,11252.82,0.15
I005036,O03036,P0169,2,5258.15,0.15
I005037,O03036,P0233,1,9166.88,0.15
I005038,O03037,P0125,1,8357.18,0.05
I005039,O03037,P0317,2,14355.69,0.05
I005040,O03038,P0144,4,5083.64,0.2
I005041,O03038,P0031,2,10837.07,0.2
I005042,O03039,P0291,2,8891.78,0.0
I005043,O03040,P0269,2,9853.0,0.1
I005044,O03040,P0009,1,10894.67,0.1
I005045,O03041,P0407,2,775.43,0.1
I005046,O03041,P0443,1,3024.24,0.1
I005047,O03041,P0215,2,2961.47,0.1
I005048,O03042,P0403,2,10949.03,0.1
I005049,O03042,P0212,1,15959.35,0.1
I005050,O03043,P0380,1,1803.38,0.15
I005051,O03043,P0123,1,12283.66,0.15
I005052,O03043,P0489,2,16108.48,0.15
I005053,O03044,P0393,1,1256.74,0.05
I005054,O03045,P0132,1,8762.43,0.1
I005055,O03045,P0018,5,8521.23,0.1
I005056,O03045,P0391,1,16675.09,0.1
I005057,O03046,P0127,1,12125.3,0.15
I005058,O03046,P0222,2,6948.91,0.15
I005059,O03047,P0433,1,11369.56,0.15
I005060,O03047,P0026,2,8043.88,0.15
I005061,O03047,P0410,5,8140.59,0.15
I005062,O03048,P0050,2,12181.9,0.1
I005063,O03049,P0336,1,5532.6,0.0
I005064,O03049,P0068,1,658.18,0.0
I005065,O03050,P0447,2,13008.01,0.05
I005066,O03051,P0047,2,3795.44,0.25
I005067,O03052,P0241,1,9473.89,0.25
I005068,O03053,P0407,3,775.43,0.1
I005069,O03054,P0320,4,22881.56,0.05
I005070,O03055,P0430,4,14535.8,0.0
I005071,O03056,P0138,4,9332.54,0.25
I005072,O03056,P0448,1,11150.05,0.25
I005073,O03057,P0354,1,749.54,0.2
I005074,O03058,P0081,4,12661.97,0.05
I005075,O03058,P0438,1,9736.72,0.05
I005076,O03058,P0087,1,5413.54,0.05
I005077,O03059,P0158,1,9904.7,0.1
I005078,O03060,P0333,1,16891.72,0.2
I005079,O03061,P0101,2,13448.78,0.0
I005080,O03061,P0445,1,5378.95,0.0
I005081,O03062,P0200,1,9202.06,0.1
I005082,O03062,P0304,2,5766.34,0.1
I005083,O03063,P0168,1,11374.5,0.2
I005084,O03064,P0252,3,18803.98,0.2
I005085,O03065,P0114,1,2768.84,0.05
I005086,O03066,P0260,2,9638.98,0.25
I005087,O03067,P0251,2,13718.51,0.05
I005088,O03068,P0064,1,18152.26,0.05
I005089,O03069,P0455,1,6841.97,0.0
I005090,O03070,P0444,2,4611.38,0.0
I005091,O03070,P0059,1,7497.65,0.0
I005092,O03070,P0279,1,820.43,0.0
I005093,O03071,P0117,2,5812.89,0.15
I005094,O03071,P0023,1,8677.28,0.15
I005095,O03072,P0166,1,4299.84,0.05
I005096,O03072,P0206,2,13942.45,0.05
I005097,O03073,P0190,1,4813.84,0.2
I005098,O03073,P0304,1,5766.34,0.2
I005099,O03073,P0398,5,15186.38,0.2
I005100,O03074,P0300,3,11744.09,0.2
I005101,O03074,P0274,1,16208.88,0.2
I005102,O03075,P0329,3,6837.04,0.0
I005103,O03075,P0247,1,5866.18,0.0
I005104,O03076,P0150,1,19657.29,0.1
I005105,O03076,P0090,2,19317.51,0.1
I005106,O03077,P0055,1,18288.33,0.15
I005107,O03077,P0457,1,18511.82,0.15
I005108,O03078,P0238,1,16729.81,0.15
I005109,O03078,P0137,1,2945.06,0.15
I005110,O03079,P0476,1,1078.88,0.0
I005111,O03080,P0326,4,1200.34,0.05
I005112,O03081,P0209,4,17935.22,0.1
I005113,O03082,P0133,1,16221.29,0.1
I005114,O03082,P0017,1,9858.5,0.1
I005115,O03083,P0432,2,1677.91,0.15
I005116,O03084,P0194,1,4785.07,0.0
I005117,O03085,P0495,1,3120.64,0.1
I005118,O03086,P0043,3,230.23,0.2
I005119,O03086,P0396,1,6181.52,0.2
I005120,O03087,P0126,1,12590.35,0.3
I005121,O03087,P0393,1,1256.74,0.3
I005122,O03088,P0094,1,6917.65,0.0
I005123,O03089,P0453,1,2027.99,0.1
I005124,O03090,P0023,2,8677.28,0.0
I005125,O03091,P0189,2,1077.94,0.05
I005126,O03092,P0366,5,12694.5,0.1
I005127,O03093,P0113,2,1476.37,0.05
I005128,O03094,P0229,1,971.19,0.1
I005129,O03094,P0414,1,3244.46,0.1
I005130,O03094,P0318,1,18336.52,0.1
I005131,O03094,P0015,3,198.88,0.1
I005132,O03095,P0313,1,15225.55,0.0
I005133,O03096,P0060,1,10597.6,0.2
I005134,O03097,P0383,1,5460.56,0.05
I005135,O03097,P0034,3,3767.39,0.05
I005136,O03098,P0028,1,2327.59,0.0
I005137,O03099,P0425,1,3871.16,0.1
I005138,O03099,P0475,2,6070.94,0.1
I005139,O03100,P0465,1,7131.53,0.1
I005140,O03100,P0493,2,17331.35,0.1
I005141,O03101,P0282,3,4087.36,0.0
I005142,O03101,P0358,1,17680.82,0.0
I005143,O03102,P0324,1,2232.66,0.15
I005144,O03103,P0036,2,22992.46,0.15
I005145,O03103,P0169,1,5258.15,0.15
I005146,O03104,P0046,1,15363.92,0.1
I005147,O03105,P0364,1,20513.3,0.05
I005148,O03106,P0018,2,8521.23,0.25
I005149,O03107,P0381,1,1646.42,0.15
I005150,O03108,P0224,1,14337.8,0.05
I005151,O03108,P0052,1,22717.29,0.05
I005152,O03109,P0225,1,925.67,0.15
I005153,O03110,P0224,1,14337.8,0.0
I005154,O03111,P0300,5,11744.09,0.0
I005155,O03112,P0185,2,11400.27,0.1
I005156,O03112,P0356,1,17911.43,0.1
I005157,O03113,P0409,1,8257.04,0.15
I005158,O03114,P0056,1,5412.25,0.2
I005159,O03115,P0354,2,749.54,0.25
I005160,O03115,P0240,1,16345.25,0.25
I005161,O03116,P0481,1,1854.72,0.15
I005162,O03116,P0312,2,8312.33,0.15
I005163,O03117,P0454,1,13398.41,0.15
I005164,O03117,P0273,1,1414.88,0.15
I005165,O03118,P0141,1,2669.4,0.1
I005166,O03118,P0244,2,6694.24,0.1
I005167,O03119,P0339,3,8938.6,0.0
I005168,O03120,P0027,1,6637.92,0.0
I005169,O03121,P0441,1,11253.53,0.25
I005170,O03122,P0439,2,11309.42,0.05
I005171,O03122,P0222,2,6948.91,0.05
I005172,O03122,P0211,2,12771.97,0.05
I005173,O03123,P0328,2,15667.69,0.15
I005174,O03123,P0208,1,17414.46,0.15
I005175,O03123,P0491,2,14558.18,0.15
I005176,O03124,P0019,1,7331.38,0.05
I005177,O03124,P0492,1,13278.61,0.05
I005178,O03125,P0313,3,15225.55,0.1
I005179,O03126,P0490,2,17879.27,0.0
I005180,O03126,P0296,1,10086.41,0.0
I005181,O03127,P0412,2,14362.31,0.15
I005182,O03127,P0020,1,16894.73,0.15
I005183,O03127,P0369,1,2936.18,0.15
I005184,O03128,P0155,1,16173.54,0.0
I005185,O03128,P0385,1,9160.1,0.0
I005186,O03128,P0344,2,5745.03,0.0
I005187,O03129,P0203,2,14797.26,0.15
I005188,O03129,P0298,2,14301.55,0.15
I005189,O03129,P0140,1,23423.37,0.15
I005190,O03130,P0041,3,11579.02,0.0
I005191,O03130,P0019,2,7331.38,0.0
I005192,O03131,P0201,3,18090.68,0.15
I005193,O03132,P0223,2,12111.39,0.1
I005194,O03132,P0390,3,2477.97,0.1
I005195,O03133,P0292,2,21583.15,0.1
I005196,O03134,P0494,2,9857.51,0.05
I005197,O03134,P0011,1,6896.23,0.05
I005198,O03135,P0168,1,11374.5,0.15
I005199,O03136,P0335,1,3821.2,0.0
I005200,O03137,P0212,2,15959.35,0.2
I005201,O03138,P0041,3,11579.02,0.15
I005202,O03138,P0367,2,14116.53,0.15
I005203,O03139,P0323,2,19857.8,0.05
I005204,O03139,P0381,2,1646.42,0.05
I005205,O03140,P0334,1,5599.91,0.25
I005206,O03141,P0096,2,7114.07,0.2
I005207,O03142,P0344,2,5745.03,0.05
I005208,O03143,P0470,1,16384.1,0.2
I005209,O03143,P0271,1,10464.94,0.2
I005210,O03143,P0093,1,11807.43,0.2
I005211,O03144,P0099,1,11095.32,0.0
I005212,O03144,P0119,3,14136.98,0.0
I005213,O03144,P0023,2,8677.28,0.0
I005214,O03145,P0246,1,3212.48,0.15
I005215,O03146,P0383,2,5460.56,0.0
I005216,O03147,P0366,4,12694.5,0.25
I005217,O03147,P0408,1,12252.4,0.25
I005218,O03147,P0083,1,7026.05,0.25
I005219,O03147,P0369,2,2936.18,0.25
I005220,O03148,P0210,2,3425.1,0.0
I005221,O03149,P0475,2,6070.94,0.05
I005222,O03149,P0154,1,13970.67,0.05
I005223,O03149,P0288,4,16170.77,0.05
I005224,O03150,P0120,1,15630.4,0.1
I005225,O03151,P0162,1,11199.84,0.1
I005226,O03151,P0112,2,10276.51,0.1
I005227,O03151,P0188,1,6865.34,0.1
I005228,O03152,P0312,1,8312.33,0.1
I005229,O03153,P0378,3,224.7,0.15
I005230,O03154,P0269,2,9853.0,0.0
I005231,O03154,P0150,1,19657.29,0.0
I005232,O03155,P0451,4,18517.71,0.1
I005233,O03156,P0487,2,2276.61,0.1
I005234,O03157,P0041,1,11579.02,0.05
I005235,O03158,P0274,4,16208.88,0.15
I005236,O03159,P0189,1,1077.94,0.15
I005237,O03160,P0113,3,1476.37,0.1
I005238,O03160,P0201,1,18090.68,0.1
I005239,O03161,P0149,1,18764.92,0.05
I005240,O03162,P0426,1,17258.9,0.1
I005241,O03163,P0331,1,7610.91,0.05
I005242,O03164,P0069,2,6827.67,0.15
I005243,O03164,P0139,1,11137.68,0.15
I005244,O03165,P0479,3,2007.3,0.1
I005245,O03166,P0156,2,17438.42,0.0
I005246,O03166,P0421,3,3134.29,0.0
I005247,O03167,P0310,3,6739.9,0.1
I005248,O03168,P0247,1,5866.18,0.2
I005249,O03168,P0256,1,10413.89,0.2
I005250,O03168,P0468,1,17686.56,0.2
I005251,O03168,P0019,1,7331.38,0.2
I005252,O03169,P0084,1,10059.02,0.2
I005253,O03170,P0472,1,6339.28,0.2
I005254,O03171,P0141,4,2669.4,0.2
I005255,O03171,P0379,2,4596.34,0.2
I005256,O03172,P0342,1,8867.09,0.05
I005257,O03172,P0310,2,6739.9,0.05
I005258,O03173,P0004,1,21658.55,0.15
I005259,O03173,P0281,1,8647.87,0.15
I005260,O03173,P0322,2,179.06,0.15
I005261,O03174,P0050,2,12181.9,0.1
I005262,O03174,P0204,1,3139.42,0.1
I005263,O03174,P0073,2,14367.83,0.1
I005264,O03174,P0359,1,17408.84,0.1
I005265,O03175,P0325,2,883.29,0.0
I005266,O03175,P0452,2,14623.62,0.0
I005267,O03176,P0455,1,6841.97,0.15
I005268,O03176,P0141,1,2669.4,0.15
I005269,O03177,P0259,3,9091.06,0.05
I005270,O03178,P0447,1,13008.01,0.2
I005271,O03179,P0432,3,1677.91,0.2
I005272,O03180,P0350,1,14181.21,0.15
I005273,O03181,P0198,5,15426.36,0.15
I005274,O03182,P0373,1,8955.67,0.1
I005275,O03182,P0122,1,20389.93,0.1
I005276,O03183,P0486,2,7416.01,0.15
I005277,O03184,P0246,1,3212.48,0.15
I005278,O03185,P0190,1,4813.84,0.0
I005279,O03186,P0466,3,7584.85,0.05
I005280,O03187,P0054,1,22196.9,0.05
I005281,O03188,P0053,2,11740.23,0.0
I005282,O03189,P0458,2,11252.82,0.25
I005283,O03189,P0290,1,5856.65,0.25
I005284,O03190,P0265,1,16102.0,0.1
I005285,O03191,P0318,3,18336.52,0.1
I005286,O03192,P0335,1,3821.2,0.05
I005287,O03192,P0456,1,5984.52,0.05
I005288,O03193,P0320,2,22881.56,0.15
I005289,O03193,P0200,1,9202.06,0.15
I005290,O03194,P0359,4,17408.84,0.1
I005291,O03195,P0283,1,10933.03,0.15
I005292,O03195,P0043,1,230.23,0.15
I005293,O03196,P0252,1,18803.98,0.2
I005294,O03197,P0039,1,1954.54,0.15
I005295,O03198,P0412,1,14362.31,0.1
I005296,O03199,P0459,1,15147.66,0.15
I005297,O03200,P0228,3,7442.22,0.1
I005298,O03200,P0325,2,883.29,0.1
I005299,O03201,P0290,4,5856.65,0.15
I005300,O03201,P0382,2,17253.16,0.15
I005301,O03202,P0389,2,10740.24,0.0
I005302,O03202,P0346,4,17166.81,0.0
I005303,O03202,P0223,1,12111.39,0.0
I005304,O03203,P0415,1,19105.92,0.05
I005305,O03204,P0146,2,12538.22,0.25
I005306,O03205,P0326,2,1200.34,0.0
I005307,O03205,P0364,2,20513.3,0.0
I005308,O03205,P0188,2,6865.34,0.0
I005309,O03206,P0343,1,21720.15,0.1
I005310,O03206,P0444,1,4611.38,0.1
I005311,O03206,P0460,1,1760.09,0.1
I005312,O03207,P0445,1,5378.95,0.1
I005313,O03207,P0130,1,5669.17,0.1
I005314,O03207,P0280,1,19260.63,0.1
I005315,O03208,P0143,3,2154.67,0.1
I005316,O03209,P0072,2,8074.69,0.2
I005317,O03209,P0441,1,11253.53,0.2
I005318,O03209,P0235,1,17675.52,0.2
I005319,O03209,P0230,1,16237.69,0.2
I005320,O03210,P0166,1,4299.84,0.15
I005321,O03210,P0472,3,6339.28,0.15
I005322,O03210,P0036,1,22992.46,0.15
I005323,O03210,P0285,3,11518.27,0.15
I005324,O03211,P0067,2,18606.26,0.15
I005325,O03211,P0020,1,16894.73,0.15
I005326,O03211,P0013,1,1067.21,0.15
I005327,O03212,P0470,1,16384.1,0.3
I005328,O03212,P0427,2,2376.46,0.3
I005329,O03213,P0121,2,5223.81,0.25
I005330,O03214,P0463,2,7934.67,0.2
I005331,O03215,P0156,1,17438.42,0.1
I005332,O03216,P0026,2,8043.88,0.05
I005333,O03216,P0347,1,207.7,0.05
I005334,O03216,P0266,3,6946.78,0.05
I005335,O03217,P0197,1,5628.38,0.15
I005336,O03218,P0331,1,7610.91,0.25
I005337,O03219,P0047,1,3795.44,0.3
I005338,O03220,P0174,1,14241.6,0.1
I005339,O03220,P0024,1,14146.9,0.1
I005340,O03221,P0100,1,7091.79,0.15
I005341,O03222,P0017,1,9858.5,0.05
I005342,O03222,P0016,1,4929.52,0.05
I005343,O03223,P0306,1,20887.78,0.05
I005344,O03223,P0500,1,14456.78,0.05
I005345,O03224,P0489,1,16108.48,0.1
I005346,O03224,P0227,3,1214.17,0.1
I005347,O03225,P0229,1,971.19,0.05
I005348,O03225,P0007,1,20905.26,0.05
I005349,O03226,P0099,1,11095.32,0.05
I005350,O03227,P0323,1,19857.8,0.1
I005351,O03228,P0223,2,12111.39,0.25
I005352,O03229,P0460,2,1760.09,0.25
I005353,O03229,P0161,2,4912.94,0.25
I005354,O03230,P0462,2,8013.86,0.05
I005355,O03231,P0217,1,2504.14,0.0
I005356,O03231,P0384,1,21014.31,0.0
I005357,O03232,P0085,1,14574.29,0.05
I005358,O03232,P0049,2,10387.8,0.05
I005359,O03233,P0245,1,14211.09,0.1
I005360,O03234,P0096,3,7114.07,0.15
I005361,O03235,P0493,1,17331.35,0.1
I005362,O03236,P0476,2,1078.88,0.25
I005363,O03236,P0025,3,21151.19,0.25
I005364,O03237,P0017,1,9858.5,0.1
I005365,O03238,P0024,1,14146.9,0.1
I005366,O03239,P0438,1,9736.72,0.15
I005367,O03240,P0022,2,16227.09,0.25
I005368,O03241,P0203,1,14797.26,0.05
I005369,O03242,P0303,1,15132.39,0.05
I005370,O03243,P0075,1,16717.1,0.05
I005371,O03243,P0489,1,16108.48,0.05
I005372,O03243,P0406,2,1199.98,0.05
I005373,O03244,P0406,4,1199.98,0.1
I005374,O03244,P0090,2,19317.51,0.1
I005375,O03244,P0276,2,15791.95,0.1
I005376,O03244,P0469,1,12828.28,0.1
I005377,O03245,P0287,1,11017.89,0.1
I005378,O03245,P0044,3,4750.75,0.1
I005379,O03245,P0497,5,5343.08,0.1
I005380,O03246,P0482,1,16166.73,0.05
I005381,O03246,P0374,2,20293.37,0.05
I005382,O03247,P0294,2,9318.36,0.15
I005383,O03248,P0197,1,5628.38,0.05
I005384,O03249,P0137,1,2945.06,0.15
I005385,O03250,P0057,1,14313.59,0.2
I005386,O03251,P0291,4,8891.78,0.2
I005387,O03252,P0199,3,13045.06,0.0
I005388,O03253,P0376,1,21096.71,0.05
I005389,O03253,P0187,3,6663.59,0.05
I005390,O03253,P0014,2,14738.4,0.05
I005391,O03254,P0059,1,7497.65,0.1
I005392,O03254,P0216,1,4253.32,0.1
I005393,O03254,P0324,1,2232.66,0.1
I005394,O03255,P0343,2,21720.15,0.2
I005395,O03255,P0153,2,6065.86,0.2
I005396,O03256,P0475,2,6070.94,0.1
I005397,O03257,P0211,2,12771.97,0.15
I005398,O03258,P0430,3,14535.8,0.1
I005399,O03259,P0471,1,3362.5,0.0
I005400,O03259,P0347,2,207.7,0.0
I005401,O03259,P0197,4,5628.38,0.0
I005402,O03259,P0155,1,16173.54,0.0
I005403,O03260,P0322,1,179.06,0.05
I005404,O03260,P0436,1,9847.38,0.05
I005405,O03260,P0282,2,4087.36,0.05
I005406,O03261,P0286,1,8678.82,0.15
I005407,O03262,P0370,1,12293.71,0.15
I005408,O03262,P0343,2,21720.15,0.15
I005409,O03262,P0335,4,3821.2,0.15
I005410,O03263,P0239,2,10044.2,0.2
I005411,O03263,P0018,3,8521.23,0.2
I005412,O03264,P0223,5,12111.39,0.1
I005413,O03265,P0231,2,5606.43,0.15
I005414,O03266,P0059,1,7497.65,0.1
I005415,O03267,P0042,4,18369.63,0.05
I005416,O03268,P0197,3,5628.38,0.05
I005417,O03269,P0065,2,11896.67,0.0
I005418,O03270,P0486,1,7416.01,0.1
I005419,O03270,P0084,1,10059.02,0.1
I005420,O03270,P0007,1,20905.26,0.1
I005421,O03271,P0363,3,11446.48,0.15
I005422,O03271,P0266,1,6946.78,0.15
I005423,O03272,P0123,4,12283.66,0.0
I005424,O03273,P0313,1,15225.55,0.1
I005425,O03274,P0105,2,10085.48,0.0
I005426,O03275,P0206,1,13942.45,0.15
I005427,O03276,P0269,2,9853.0,0.0
I005428,O03277,P0171,1,6118.98,0.0
I005429,O03277,P0133,3,16221.29,0.0
I005430,O03278,P0139,3,11137.68,0.0
I005431,O03279,P0099,1,11095.32,0.1
I005432,O03280,P0245,1,14211.09,0.1
I005433,O03280,P0121,1,5223.81,0.1
I005434,O03281,P0327,1,7197.89,0.05
I005435,O03282,P0023,1,8677.28,0.0
I005436,O03283,P0455,1,6841.97,0.25
I005437,O03284,P0440,2,10988.87,0.2
I005438,O03284,P0439,2,11309.42,0.2
I005439,O03285,P0148,1,3827.6,0.1
I005440,O03286,P0273,1,1414.88,0.2
I005441,O03287,P0443,1,3024.24,0.15
I005442,O03287,P0183,2,208.22,0.15
I005443,O03288,P0254,2,1468.59,0.1
I005444,O03288,P0350,1,14181.21,0.1
I005445,O03289,P0055,1,18288.33,0.1
I005446,O03290,P0401,2,18961.41,0.15
I005447,O03291,P0484,3,14051.85,0.15
I005448,O03292,P0445,1,5378.95,0.2
I005449,O03293,P0215,1,2961.47,0.1
I005450,O03294,P0008,2,404.42,0.15
I005451,O03295,P0405,1,10874.23,0.05
I005452,O03295,P0389,2,10740.24,0.05
I005453,O03296,P0413,3,4516.32,0.15
I005454,O03297,P0158,1,9904.7,0.0
I005455,O03298,P0418,1,12929.12,0.15
I005456,O03298,P0127,1,12125.3,0.15
I005457,O03298,P0039,1,1954.54,0.15
I005458,O03299,P0120,1,15630.4,0.15
I005459,O03299,P0187,4,6663.59,0.15
I005460,O03300,P0128,3,11542.08,0.25
I005461,O03301,P0080,5,8081.72,0.1
I005462,O03302,P0400,5,7063.54,0.0
I005463,O03303,P0340,2,6540.28,0.05
I005464,O03303,P0244,1,6694.24,0.05
I005465,O03304,P0442,1,12851.94,0.1
I005466,O03304,P0425,1,3871.16,0.1
I005467,O03305,P0166,1,4299.84,0.15
I005468,O03305,P0353,1,4627.28,0.15
I005469,O03306,P0127,2,12125.3,0.05
I005470,O03306,P0333,3,16891.72,0.05
I005471,O03307,P0091,1,5800.05,0.0
I005472,O03308,P0337,1,6259.83,0.05
I005473,O03309,P0058,1,10856.44,0.05
I005474,O03310,P0296,2,10086.41,0.25
I005475,O03310,P0285,5,11518.27,0.25
I005476,O03310,P0308,1,10963.13,0.25
I005477,O03311,P0242,1,12806.32,0.0
I005478,O03312,P0463,5,7934.67,0.1
I005479,O03313,P0365,2,1546.12,0.1
I005480,O03314,P0197,1,5628.38,0.0
I005481,O03314,P0023,3,8677.28,0.0
I005482,O03315,P0219,1,1340.09,0.0
I005483,O03315,P0251,2,13718.51,0.0
I005484,O03316,P0431,1,7800.63,0.2
I005485,O03316,P0069,1,6827.67,0.2
I005486,O03317,P0320,1,22881.56,0.2
I005487,O03318,P0233,1,9166.88,0.25
I005488,O03319,P0207,2,9618.99,0.05
I005489,O03320,P0498,4,1038.57,0.1
I005490,O03321,P0068,4,658.18,0.05
I005491,O03321,P0365,1,1546.12,0.05
I005492,O03322,P0236,2,13763.86,0.05
I005493,O03322,P0147,2,5903.16,0.05
I005494,O03323,P0183,1,208.22,0.15
I005495,O03324,P0420,5,5156.99,0.1
I005496,O03324,P0396,1,6181.52,0.1
I005497,O03325,P0133,3,16221.29,0.0
I005498,O03326,P0307,1,8542.99,0.0
I005499,O03327,P0361,1,8061.24,0.05
I005500,O03328,P0042,3,18369.63,0.05
I005501,O03329,P0143,1,2154.67,0.15
I005502,O03330,P0105,1,10085.48,0.15
I005503,O03331,P0336,2,5532.6,0.2
I005504,O03331,P0500,1,14456.78,0.2
I005505,O03331,P0041,1,11579.02,0.2
I005506,O03331,P0254,1,1468.59,0.2
I005507,O03332,P0034,1,3767.39,0.1
I005508,O03333,P0357,1,4004.54,0.1
I005509,O03333,P0443,3,3024.24,0.1
I005510,O03334,P0087,1,5413.54,0.1
I005511,O03335,P0107,1,12811.73,0.05
I005512,O03335,P0469,1,12828.28,0.05
I005513,O03336,P0380,3,1803.38,0.1
I005514,O03336,P0188,1,6865.34,0.1
I005515,O03336,P0055,1,18288.33,0.1
I005516,O03337,P0180,2,5738.9,0.05
I005517,O03338,P0032,1,12721.46,0.05
I005518,O03338,P0326,2,1200.34,0.05
I005519,O03339,P0168,1,11374.5,0.25
I005520,O03339,P0024,1,14146.9,0.25
I005521,O03340,P0352,2,10103.59,0.0
I005522,O03340,P0276,1,15791.95,0.0
I005523,O03341,P0431,1,7800.63,0.15
I005524,O03342,P0362,2,7754.84,0.1
I005525,O03342,P0454,1,13398.41,0.1
I005526,O03343,P0397,1,18087.88,0.15
I005527,O03343,P0155,1,16173.54,0.15
I005528,O03344,P0236,5,13763.86,0.0
I005529,O03345,P0368,1,19421.03,0.05
I005530,O03346,P0106,1,5470.36,0.15
I005531,O03346,P0047,1,3795.44,0.15
I005532,O03347,P0079,1,16242.79,0.15
I005533,O03347,P0028,1,2327.59,0.15
I005534,O03348,P0478,1,24448.55,0.15
I005535,O03349,P0050,2,12181.9,0.15
I005536,O03349,P0384,3,21014.31,0.15
I005537,O03350,P0434,1,15961.32,0.05
I005538,O03351,P0174,1,14241.6,0.15
I005539,O03351,P0480,1,12036.43,0.15
I005540,O03352,P0009,3,10894.67,0.0
I005541,O03352,P0066,1,4602.72,0.0
I005542,O03353,P0156,2,17438.42,0.0
I005543,O03354,P0166,1,4299.84,0.1
I005544,O03355,P0461,1,6940.51,0.1
I005545,O03355,P0045,1,5553.07,0.1
I005546,O03356,P0185,2,11400.27,0.1
I005547,O03356,P0336,2,5532.6,0.1
I005548,O03357,P0243,1,5300.75,0.15
I005549,O03357,P0480,1,12036.43,0.15
I005550,O03358,P0403,1,10949.03,0.1
I005551,O03359,P0250,1,17490.25,0.0
I005552,O03359,P0470,2,16384.1,0.0
I005553,O03359,P0451,1,18517.71,0.0
I005554,O03359,P0472,5,6339.28,0.0
I005555,O03360,P0043,1,230.23,0.2
I005556,O03361,P0379,1,4596.34,0.1
I005557,O03361,P0479,1,2007.3,0.1
I005558,O03361,P0312,1,8312.33,0.1
I005559,O03362,P0070,2,3923.76,0.2
I005560,O03362,P0327,2,7197.89,0.2
I005561,O03362,P0264,1,11827.53,0.2
I005562,O03363,P0136,2,10051.62,0.1
I005563,O03364,P0046,1,15363.92,0.0
I005564,O03364,P0353,1,4627.28,0.0
I005565,O03365,P0303,1,15132.39,0.15
I005566,O03366,P0083,1,7026.05,0.1
I005567,O03367,P0206,1,13942.45,0.0
I005568,O03368,P0012,1,9210.89,0.1
I005569,O03369,P0331,1,7610.91,0.25
I005570,O03369,P0277,1,14027.28,0.25
I005571,O03370,P0288,2,16170.77,0.05
I005572,O03371,P0213,2,13682.03,0.05
I005573,O03372,P0240,2,16345.25,0.1
I005574,O03373,P0293,2,5390.99,0.2
I005575,O03373,P0036,2,22992.46,0.2
I005576,O03373,P0165,1,8775.25,0.2
I005577,O03374,P0133,3,16221.29,0.1
I005578,O03374,P0139,1,11137.68,0.1
I005579,O03375,P0251,1,13718.51,0.15
I005580,O03376,P0063,1,17989.43,0.05
I005581,O03377,P0296,2,10086.41,0.0
I005582,O03377,P0190,1,4813.84,0.0
I005583,O03378,P0385,1,9160.1,0.2
I005584,O03379,P0442,1,12851.94,0.3
I005585,O03379,P0243,1,5300.75,0.3
I005586,O03380,P0228,2,7442.22,0.2
I005587,O03380,P0048,1,881.87,0.2
I005588,O03381,P0283,2,10933.03,0.05
I005589,O03382,P0443,1,3024.24,0.05
I005590,O03383,P0444,2,4611.38,0.25
I005591,O03384,P0102,2,4552.64,0.3
I005592,O03385,P0371,1,14987.41,0.1
I005593,O03385,P0071,1,1222.75,0.1
I005594,O03386,P0019,1,7331.38,0.1
I005595,O03386,P0055,4,18288.33,0.1
I005596,O03387,P0405,1,10874.23,0.1
I005597,O03387,P0108,1,11560.22,0.1
I005598,O03387,P0384,3,21014.31,0.1
I005599,O03388,P0181,1,6969.81,0.05
I005600,O03388,P0464,1,11639.56,0.05
I005601,O03388,P0392,1,10129.56,0.05
I005602,O03389,P0049,1,10387.8,0.15
I005603,O03390,P0055,1,18288.33,0.0
I005604,O03391,P0165,3,8775.25,0.05
I005605,O03391,P0100,2,7091.79,0.05
I005606,O03392,P0473,1,731.76,0.15
I005607,O03392,P0396,1,6181.52,0.15
I005608,O03393,P0025,1,21151.19,0.2
I005609,O03394,P0033,1,2436.78,0.15
I005610,O03394,P0241,1,9473.89,0.15
I005611,O03394,P0183,1,208.22,0.15
I005612,O03394,P0102,1,4552.64,0.15
I005613,O03395,P0369,4,2936.18,0.1
I005614,O03396,P0178,1,9447.65,0.15
I005615,O03397,P0450,1,2255.15,0.1
I005616,O03398,P0005,1,2113.83,0.15
I005617,O03399,P0106,4,5470.36,0.15
I005618,O03399,P0065,1,11896.67,0.15
I005619,O03400,P0346,3,17166.81,0.0
I005620,O03401,P0062,5,2140.31,0.05
I005621,O03401,P0404,2,7190.22,0.05
I005622,O03401,P0243,1,5300.75,0.05
I005623,O03402,P0340,1,6540.28,0.15
I005624,O03403,P0414,1,3244.46,0.1
I005625,O03403,P0202,2,4958.04,0.1
I005626,O03403,P0150,4,19657.29,0.1
I005627,O03404,P0050,2,12181.9,0.1
I005628,O03404,P0019,1,7331.38,0.1
I005629,O03405,P0294,2,9318.36,0.15
I005630,O03406,P0319,2,17097.24,0.1
I005631,O03407,P0238,2,16729.81,0.2
I005632,O03407,P0320,1,22881.56,0.2
I005633,O03407,P0322,1,179.06,0.2
I005634,O03408,P0035,3,10869.62,0.05
I005635,O03408,P0110,1,239.19,0.05
I005636,O03409,P0179,1,12189.37,0.15
I005637,O03409,P0387,3,11008.74,0.15
I005638,O03410,P0221,1,9748.25,0.1
I005639,O03411,P0080,2,8081.72,0.1
I005640,O03412,P0045,1,5553.07,0.0
I005641,O03412,P0337,1,6259.83,0.0
I005642,O03412,P0288,1,16170.77,0.0
I005643,O03413,P0205,1,15563.05,0.2
I005644,O03414,P0437,1,9057.77,0.05
I005645,O03415,P0171,4,6118.98,0.05
I005646,O03415,P0035,1,10869.62,0.05
I005647,O03416,P0297,2,14103.76,0.0
I005648,O03416,P0096,5,7114.07,0.0
I005649,O03417,P0333,4,16891.72,0.1
I005650,O03418,P0007,1,20905.26,0.1
I005651,O03418,P0124,1,15514.19,0.1
I005652,O03418,P0372,1,5715.65,0.1
I005653,O03419,P0312,1,8312.33,0.0
I005654,O03420,P0004,1,21658.55,0.15
I005655,O03420,P0461,1,6940.51,0.15
I005656,O03420,P0302,1,10139.5,0.15
I005657,O03421,P0177,1,5666.47,0.0
I005658,O03421,P0457,1,18511.82,0.0
I005659,O03422,P0065,1,11896.67,0.0
I005660,O03423,P0159,1,12341.8,0.1
I005661,O03423,P0090,2,19317.51,0.1
I005662,O03423,P0198,2,15426.36,0.1
I005663,O03424,P0337,1,6259.83,0.05
I005664,O03424,P0367,1,14116.53,0.05
I005665,O03424,P0130,2,5669.17,0.05
I005666,O03425,P0179,1,12189.37,0.05
I005667,O03426,P0350,2,14181.21,0.1
I005668,O03427,P0023,2,8677.28,0.1
I005669,O03427,P0374,1,20293.37,0.1
I005670,O03427,P0370,1,12293.71,0.1
I005671,O03427,P0182,2,7028.31,0.1
I005672,O03428,P0259,4,9091.06,0.1
I005673,O03429,P0421,2,3134.29,0.15
I005674,O03429,P0473,1,731.76,0.15
I005675,O03429,P0449,1,3785.19,0.15
I005676,O03429,P0378,1,224.7,0.15
I005677,O03430,P0046,3,15363.92,0.1
I005678,O03431,P0248,1,5481.12,0.25
I005679,O03432,P0467,4,7857.91,0.15
I005680,O03433,P0212,1,15959.35,0.0
I005681,O03434,P0081,1,12661.97,0.05
I005682,O03434,P0026,4,8043.88,0.05
I005683,O03435,P0399,1,9834.2,0.1
I005684,O03436,P0165,1,8775.25,0.1
I005685,O03436,P0277,1,14027.28,0.1
I005686,O03437,P0226,4,1989.2,0.0
I005687,O03438,P0276,1,15791.95,0.1
I005688,O03438,P0039,1,1954.54,0.1
I005689,O03438,P0114,5,2768.84,0.1
I005690,O03438,P0031,2,10837.07,0.1
I005691,O03439,P0148,1,3827.6,0.1
I005692,O03440,P0089,1,21527.82,0.1
I005693,O03440,P0442,1,12851.94,0.1
I005694,O03440,P0111,1,4168.73,0.1
I005695,O03440,P0316,1,18765.5,0.1
I005696,O03441,P0235,1,17675.52,0.2
I005697,O03442,P0232,1,14966.59,0.1
I005698,O03443,P0170,1,10734.0,0.15
I005699,O03444,P0389,2,10740.24,0.1
I005700,O03445,P0494,1,9857.51,0.2
I005701,O03446,P0082,1,8524.01,0.05
I005702,O03447,P0063,1,17989.43,0.2
I005703,O03448,P0231,2,5606.43,0.1
I005704,O03449,P0490,4,17879.27,0.15
I005705,O03449,P0196,2,3827.41,0.15
I005706,O03450,P0157,1,1053.8,0.1
I005707,O03451,P0406,2,1199.98,0.0
I005708,O03451,P0079,1,16242.79,0.0
I005709,O03452,P0149,2,18764.92,0.1
I005710,O03453,P0216,1,4253.32,0.15
I005711,O03454,P0129,2,15750.63,0.2
I005712,O03454,P0258,1,5357.22,0.2
I005713,O03454,P0464,1,11639.56,0.2
I005714,O03455,P0360,1,4434.75,0.05
I005715,O03456,P0256,1,10413.89,0.05
I005716,O03456,P0463,1,7934.67,0.05
I005717,O03456,P0370,1,12293.71,0.05
I005718,O03457,P0336,3,5532.6,0.05
I005719,O03457,P0319,1,17097.24,0.05
I005720,O03457,P0442,1,12851.94,0.05
I005721,O03458,P0093,2,11807.43,0.1
I005722,O03458,P0250,1,17490.25,0.1
I005723,O03458,P0197,1,5628.38,0.1
I005724,O03459,P0430,2,14535.8,0.2
I005725,O03460,P0471,1,3362.5,0.05
I005726,O03460,P0158,1,9904.7,0.05
I005727,O03461,P0425,1,3871.16,0.0
I005728,O03462,P0427,1,2376.46,0.1
I005729,O03462,P0127,1,12125.3,0.1
I005730,O03462,P0191,3,14335.92,0.1
I005731,O03462,P0059,1,7497.65,0.1
I005732,O03463,P0474,1,2142.32,0.0
I005733,O03463,P0076,1,12082.97,0.0
I005734,O03464,P0481,1,1854.72,0.05
I005735,O03464,P0258,1,5357.22,0.05
I005736,O03465,P0154,1,13970.67,0.1
I005737,O03466,P0400,1,7063.54,0.1
I005738,O03467,P0330,3,621.58,0.15
I005739,O03467,P0383,2,5460.56,0.15
I005740,O03468,P0142,3,7546.26,0.15
I005741,O03469,P0441,4,11253.53,0.05
I005742,O03470,P0224,1,14337.8,0.05
I005743,O03471,P0080,1,8081.72,0.3
I005744,O03471,P0431,2,7800.63,0.3
I005745,O03472,P0220,2,4537.91,0.05
I005746,O03472,P0042,3,18369.63,0.05
I005747,O03473,P0024,1,14146.9,0.0
I005748,O03474,P0179,1,12189.37,0.15
I005749,O03475,P0028,1,2327.59,0.05
I005750,O03475,P0206,4,13942.45,0.05
I005751,O03476,P0294,1,9318.36,0.1
I005752,O03476,P0362,1,7754.84,0.1
I005753,O03477,P0007,1,20905.26,0.2
I005754,O03477,P0057,1,14313.59,0.2
I005755,O03477,P0284,4,9183.48,0.2
I005756,O03478,P0089,2,21527.82,0.0
I005757,O03479,P0341,1,9492.87,0.1
I005758,O03480,P0270,1,15544.12,0.05
I005759,O03481,P0231,1,5606.43,0.3
I005760,O03481,P0473,2,731.76,0.3
I005761,O03482,P0490,1,17879.27,0.15
I005762,O03483,P0383,1,5460.56,0.0
I005763,O03483,P0131,3,2329.3,0.0
I005764,O03484,P0281,1,8647.87,0.05
I005765,O03485,P0291,3,8891.78,0.0
I005766,O03486,P0301,1,1551.88,0.0
I005767,O03487,P0009,3,10894.67,0.05
I005768,O03488,P0379,1,4596.34,0.05
I005769,O03488,P0211,2,12771.97,0.05
I005770,O03489,P0023,1,8677.28,0.05
I005771,O03490,P0007,1,20905.26,0.1
I005772,O03490,P0380,1,1803.38,0.1
I005773,O03491,P0302,2,10139.5,0.05
I005774,O03491,P0106,2,5470.36,0.05
I005775,O03491,P0258,1,5357.22,0.05
I005776,O03492,P0309,1,879.52,0.25
I005777,O03493,P0453,4,2027.99,0.15
I005778,O03493,P0445,1,5378.95,0.15
I005779,O03493,P0367,2,14116.53,0.15
I005780,O03494,P0396,2,6181.52,0.0
I005781,O03495,P0011,2,6896.23,0.05
I005782,O03496,P0011,1,6896.23,0.3
I005783,O03496,P0104,1,389.71,0.3
I005784,O03496,P0029,1,7973.77,0.3
I005785,O03496,P0215,2,2961.47,0.3
I005786,O03497,P0150,1,19657.29,0.05
I005787,O03498,P0389,1,10740.24,0.0
I005788,O03498,P0050,2,12181.9,0.0
I005789,O03498,P0255,3,2178.42,0.0
I005790,O03499,P0324,3,2232.66,0.05
I005791,O03499,P0163,2,16537.01,0.05
I005792,O03499,P0080,3,8081.72,0.05
I005793,O03500,P0306,2,20887.78,0.15
I005794,O03500,P0192,2,13132.41,0.15
I005795,O03501,P0415,1,19105.92,0.1
I005796,O03502,P0105,2,10085.48,0.0
I005797,O03503,P0309,3,879.52,0.05
I005798,O03504,P0043,1,230.23,0.0
I005799,O03505,P0142,2,7546.26,0.05
I005800,O03506,P0434,1,15961.32,0.0
I005801,O03507,P0448,1,11150.05,0.05
I005802,O03507,P0131,2,2329.3,0.05
I005803,O03508,P0046,4,15363.92,0.15
I005804,O03508,P0366,1,12694.5,0.15
I005805,O03508,P0066,1,4602.72,0.15
I005806,O03508,P0054,1,22196.9,0.15
I005807,O03509,P0473,1,731.76,0.15
I005808,O03509,P0356,3,17911.43,0.15
I005809,O03510,P0321,4,15173.01,0.15
I005810,O03511,P0246,1,3212.48,0.15
I005811,O03512,P0314,1,5199.64,0.05
I005812,O03512,P0306,3,20887.78,0.05
I005813,O03512,P0308,3,10963.13,0.05
I005814,O03512,P0249,1,11650.12,0.05
I005815,O03513,P0299,2,9253.96,0.1
I005816,O03514,P0406,2,1199.98,0.1
I005817,O03515,P0175,1,8354.48,0.1
I005818,O03516,P0138,1,9332.54,0.2
I005819,O03517,P0219,2,1340.09,0.2
I005820,O03518,P0098,1,18024.33,0.05
I005821,O03518,P0007,2,20905.26,0.05
I005822,O03519,P0201,1,18090.68,0.1
I005823,O03519,P0301,1,1551.88,0.1
I005824,O03520,P0375,1,1937.18,0.0
I005825,O03520,P0031,1,10837.07,0.0
I005826,O03521,P0159,4,12341.8,0.1
I005827,O03521,P0421,1,3134.29,0.1
I005828,O03521,P0050,1,12181.9,0.1
I005829,O03522,P0452,1,14623.62,0.1
I005830,O03522,P0101,2,13448.78,0.1
I005831,O03523,P0205,1,15563.05,0.2
I005832,O03524,P0325,1,883.29,0.1
I005833,O03525,P0081,1,12661.97,0.15
I005834,O03525,P0445,1,5378.95,0.15
I005835,O03526,P0347,2,207.7,0.05
I005836,O03527,P0110,1,239.19,0.15
I005837,O03527,P0047,2,3795.44,0.15
I005838,O03528,P0482,1,16166.73,0.0
I005839,O03529,P0109,3,7019.11,0.0
I005840,O03530,P0018,4,8521.23,0.1
I005841,O03531,P0055,2,18288.33,0.2
I005842,O03532,P0402,2,5149.65,0.2
I005843,O03533,P0265,1,16102.0,0.1
I005844,O03534,P0470,2,16384.1,0.0
I005845,O03535,P0328,1,15667.69,0.15
I005846,O03536,P0347,1,207.7,0.0
I005847,O03537,P0351,2,6684.2,0.05
I005848,O03538,P0263,1,12622.11,0.05
I005849,O03539,P0235,2,17675.52,0.2
I005850,O03540,P0372,1,5715.65,0.15
I005851,O03540,P0228,1,7442.22,0.15
I005852,O03540,P0166,1,4299.84,0.15
I005853,O03541,P0205,2,15563.05,0.0
I005854,O03541,P0489,1,16108.48,0.0
I005855,O03542,P0296,1,10086.41,0.2
I005856,O03542,P0067,1,18606.26,0.2
I005857,O03543,P0122,1,20389.93,0.1
I005858,O03544,P0313,1,15225.55,0.15
I005859,O03545,P0442,2,12851.94,0.15
I005860,O03546,P0441,1,11253.53,0.3
I005861,O03546,P0204,1,3139.42,0.3
I005862,O03547,P0364,1,20513.3,0.05
I005863,O03547,P0486,1,7416.01,0.05
I005864,O03547,P0119,1,14136.98,0.05
I005865,O03548,P0313,1,15225.55,0.2
I005866,O03549,P0258,2,5357.22,0.05
I005867,O03549,P0436,1,9847.38,0.05
I005868,O03550,P0132,3,8762.43,0.3
I005869,O03550,P0352,2,10103.59,0.3
I005870,O03551,P0360,1,4434.75,0.1
I005871,O03552,P0266,1,6946.78,0.15
I005872,O03552,P0372,1,5715.65,0.15
I005873,O03552,P0348,1,19194.75,0.15
I005874,O03552,P0320,1,22881.56,0.15
I005875,O03553,P0018,1,8521.23,0.3
I005876,O03553,P0457,1,18511.82,0.3
I005877,O03553,P0031,1,10837.07,0.3
I005878,O03553,P0244,1,6694.24,0.3
I005879,O03554,P0158,1,9904.7,0.05
I005880,O03554,P0208,2,17414.46,0.05
I005881,O03555,P0204,5,3139.42,0.1
I005882,O03556,P0209,3,17935.22,0.3
I005883,O03556,P0396,1,6181.52,0.3
I005884,O03556,P0435,2,11265.94,0.3
I005885,O03557,P0361,2,8061.24,0.25
I005886,O03558,P0424,1,1099.43,0.05
I005887,O03558,P0441,2,11253.53,0.05
I005888,O03559,P0020,4,16894.73,0.0
I005889,O03559,P0489,2,16108.48,0.0
I005890,O03560,P0265,1,16102.0,0.1
I005891,O03561,P0459,1,15147.66,0.15
I005892,O03562,P0418,1,12929.12,0.15
I005893,O03563,P0210,1,3425.1,0.1
I005894,O03563,P0335,1,3821.2,0.1
I005895,O03564,P0328,1,15667.69,0.1
I005896,O03564,P0079,1,16242.79,0.1
I005897,O03564,P0043,1,230.23,0.1
I005898,O03565,P0187,4,6663.59,0.0
I005899,O03566,P0043,3,230.23,0.1
I005900,O03567,P0451,1,18517.71,0.1
I005901,O03567,P0129,3,15750.63,0.1
I005902,O03567,P0046,1,15363.92,0.1
I005903,O03567,P0473,2,731.76,0.1
I005904,O03568,P0092,4,3959.04,0.15
I005905,O03569,P0145,1,5897.75,0.0
I005906,O03570,P0197,1,5628.38,0.15
I005907,O03571,P0040,1,10694.19,0.25
I005908,O03571,P0207,1,9618.99,0.25
I005909,O03571,P0010,1,8507.4,0.25
I005910,O03571,P0056,1,5412.25,0.25
I005911,O03572,P0148,1,3827.6,0.15
I005912,O03573,P0489,1,16108.48,0.1
I005913,O03573,P0360,1,4434.75,0.1
I005914,O03573,P0035,2,10869.62,0.1
I005915,O03574,P0308,2,10963.13,0.0
I005916,O03574,P0472,1,6339.28,0.0
I005917,O03575,P0209,1,17935.22,0.15
I005918,O03575,P0031,1,10837.07,0.15
I005919,O03576,P0094,1,6917.65,0.15
I005920,O03577,P0083,2,7026.05,0.1
I005921,O03578,P0023,1,8677.28,0.15
I005922,O03578,P0142,2,7546.26,0.15
I005923,O03579,P0335,2,3821.2,0.15
I005924,O03580,P0370,1,12293.71,0.1
I005925,O03580,P0096,1,7114.07,0.1
I005926,O03581,P0326,2,1200.34,0.05
I005927,O03582,P0276,2,15791.95,0.1
I005928,O03582,P0046,1,15363.92,0.1
I005929,O03583,P0055,1,18288.33,0.0
I005930,O03583,P0299,3,9253.96,0.0
I005931,O03584,P0131,2,2329.3,0.0
I005932,O03585,P0347,1,207.7,0.05
I005933,O03586,P0092,1,3959.04,0.05
I005934,O03586,P0117,1,5812.89,0.05
I005935,O03587,P0392,2,10129.56,0.1
I005936,O03587,P0061,1,9428.51,0.1
I005937,O03588,P0039,1,1954.54,0.1
I005938,O03589,P0037,1,5389.2,0.15
I005939,O03589,P0341,1,9492.87,0.15
I005940,O03590,P0452,1,14623.62,0.15
I005941,O03590,P0140,1,23423.37,0.15
I005942,O03591,P0421,2,3134.29,0.15
I005943,O03592,P0338,1,9789.99,0.1
I005944,O03593,P0224,1,14337.8,0.15
I005945,O03593,P0383,1,5460.56,0.15
I005946,O03594,P0134,2,8950.35,0.25
I005947,O03594,P0180,2,5738.9,0.25
I005948,O03595,P0005,2,2113.83,0.15
I005949,O03595,P0321,1,15173.01,0.15
I005950,O03596,P0225,5,925.67,0.15
I005951,O03597,P0417,2,7877.14,0.05
I005952,O03598,P0477,1,13272.75,0.1
I005953,O03598,P0354,1,749.54,0.1
I005954,O03599,P0265,2,16102.0,0.1
I005955,O03599,P0154,1,13970.67,0.1
I005956,O03600,P0065,1,11896.67,0.05
I005957,O03601,P0270,1,15544.12,0.1
I005958,O03602,P0293,2,5390.99,0.1
I005959,O03602,P0369,2,2936.18,0.1
I005960,O03602,P0231,1,5606.43,0.1
I005961,O03603,P0437,2,9057.77,0.1
I005962,O03604,P0419,1,11206.88,0.2
I005963,O03605,P0081,1,12661.97,0.15
I005964,O03605,P0467,2,7857.91,0.15
I005965,O03606,P0093,1,11807.43,0.2
I005966,O03607,P0027,3,6637.92,0.15
I005967,O03608,P0272,4,13853.17,0.05
I005968,O03609,P0404,1,7190.22,0.1
I005969,O03609,P0029,1,7973.77,0.1
I005970,O03609,P0361,1,8061.24,0.1
I005971,O03610,P0103,1,9874.02,0.15
I005972,O03611,P0028,1,2327.59,0.15
I005973,O03612,P0055,3,18288.33,0.2
I005974,O03613,P0064,1,18152.26,0.2
I005975,O03614,P0118,1,11312.75,0.05
I005976,O03614,P0232,3,14966.59,0.05
I005977,O03615,P0357,1,4004.54,0.0
I005978,O03615,P0446,1,18710.12,0.0
I005979,O03615,P0494,3,9857.51,0.0
I005980,O03615,P0095,2,708.58,0.0
I005981,O03616,P0061,2,9428.51,0.15
I005982,O03617,P0231,1,5606.43,0.0
I005983,O03618,P0497,1,5343.08,0.2
I005984,O03618,P0068,4,658.18,0.2
I005985,O03618,P0302,2,10139.5,0.2
I005986,O03619,P0226,1,1989.2,0.2
I005987,O03619,P0418,1,12929.12,0.2
I005988,O03619,P0080,5,8081.72,0.2
I005989,O03620,P0408,2,12252.4,0.15
I005990,O03621,P0362,2,7754.84,0.25
I005991,O03621,P0117,2,5812.89,0.25
I005992,O03621,P0328,2,15667.69,0.25
I005993,O03622,P0177,1,5666.47,0.2
I005994,O03622,P0089,2,21527.82,0.2
I005995,O03623,P0165,1,8775.25,0.25
I005996,O03623,P0267,2,13380.29,0.25
I005997,O03623,P0051,1,13023.34,0.25
I005998,O03623,P0465,1,7131.53,0.25
I005999,O03624,P0111,2,4168.73,0.15
I006000,O03625,P0475,1,6070.94,0.05
I006001,O03625,P0130,1,5669.17,0.05
I006002,O03626,P0046,1,15363.92,0.0
I006003,O03627,P0440,1,10988.87,0.0
I006004,O03627,P0287,1,11017.89,0.0
I006005,O03628,P0330,3,621.58,0.15
I006006,O03628,P0077,2,10405.98,0.15
I006007,O03628,P0275,1,18205.93,0.15
I006008,O03629,P0099,1,11095.32,0.05
I006009,O03630,P0402,1,5149.65,0.05
I006010,O03631,P0036,2,22992.46,0.1
I006011,O03632,P0366,5,12694.5,0.0
I006012,O03633,P0265,1,16102.0,0.3
I006013,O03634,P0221,1,9748.25,0.15
I006014,O03634,P0282,1,4087.36,0.15
I006015,O03635,P0081,1,12661.97,0.1
I006016,O03635,P0162,1,11199.84,0.1
I006017,O03636,P0299,5,9253.96,0.2
I006018,O03636,P0237,1,13454.07,0.2
I006019,O03637,P0261,1,9413.55,0.1
I006020,O03638,P0333,2,16891.72,0.2
I006021,O03638,P0429,1,4623.76,0.2
I006022,O03639,P0285,2,11518.27,0.2
I006023,O03640,P0020,1,16894.73,0.0
I006024,O03641,P0217,1,2504.14,0.15
I006025,O03641,P0009,1,10894.67,0.15
I006026,O03642,P0494,1,9857.51,0.15
I006027,O03643,P0471,3,3362.5,0.05
I006028,O03644,P0445,2,5378.95,0.1
I006029,O03645,P0489,1,16108.48,0.0
I006030,O03646,P0316,2,18765.5,0.15
I006031,O03646,P0155,2,16173.54,0.15
I006032,O03647,P0362,5,7754.84,0.15
I006033,O03648,P0163,1,16537.01,0.3
I006034,O03649,P0130,2,5669.17,0.15
I006035,O03650,P0269,2,9853.0,0.1
I006036,O03651,P0495,1,3120.64,0.05
I006037,O03652,P0297,3,14103.76,0.15
I006038,O03653,P0410,1,8140.59,0.05
I006039,O03654,P0406,1,1199.98,0.25
I006040,O03655,P0018,2,8521.23,0.05
I006041,O03655,P0284,3,9183.48,0.05
I006042,O03656,P0170,2,10734.0,0.05
I006043,O03657,P0296,1,10086.41,0.1
I006044,O03658,P0471,1,3362.5,0.2
I006045,O03659,P0027,1,6637.92,0.0
I006046,O03659,P0341,1,9492.87,0.0
I006047,O03660,P0137,3,2945.06,0.0
I006048,O03660,P0356,2,17911.43,0.0
I006049,O03661,P0447,1,13008.01,0.25
I006050,O03661,P0042,1,18369.63,0.25
I006051,O03662,P0447,1,13008.01,0.0
I006052,O03662,P0373,1,8955.67,0.0
I006053,O03662,P0261,1,9413.55,0.0
I006054,O03663,P0009,1,10894.67,0.1
I006055,O03663,P0085,1,14574.29,0.1
I006056,O03664,P0437,3,9057.77,0.05
I006057,O03665,P0195,2,18266.79,0.0
I006058,O03666,P0076,3,12082.97,0.0
I006059,O03666,P0196,2,3827.41,0.0
I006060,O03666,P0242,1,12806.32,0.0
I006061,O03667,P0384,2,21014.31,0.15
I006062,O03667,P0484,1,14051.85,0.15
I006063,O03668,P0463,1,7934.67,0.15
I006064,O03668,P0004,1,21658.55,0.15
I006065,O03668,P0410,1,8140.59,0.15
I006066,O03669,P0055,1,18288.33,0.0
I006067,O03669,P0250,2,17490.25,0.0
I006068,O03669,P0083,4,7026.05,0.0
I006069,O03670,P0171,3,6118.98,0.0
I006070,O03671,P0221,1,9748.25,0.25
I006071,O03672,P0297,1,14103.76,0.1
I006072,O03673,P0081,1,12661.97,0.15
I006073,O03674,P0049,1,10387.8,0.0
I006074,O03675,P0350,1,14181.21,0.0
I006075,O03675,P0264,4,11827.53,0.0
I006076,O03676,P0056,3,5412.25,0.05
I006077,O03676,P0290,1,5856.65,0.05
I006078,O03677,P0108,3,11560.22,0.1
I006079,O03678,P0015,1,198.88,0.05
I006080,O03679,P0486,1,7416.01,0.15
I006081,O03680,P0092,1,3959.04,0.15
I006082,O03681,P0166,2,4299.84,0.1
I006083,O03681,P0275,3,18205.93,0.1
I006084,O03682,P0428,1,15197.13,0.0
I006085,O03683,P0026,1,8043.88,0.1
I006086,O03684,P0401,1,18961.41,0.05
I006087,O03685,P0053,3,11740.23,0.05
I006088,O03686,P0413,2,4516.32,0.0
I006089,O03687,P0336,1,5532.6,0.1
I006090,O03687,P0060,1,10597.6,0.1
I006091,O03688,P0409,1,8257.04,0.15
I006092,O03689,P0337,1,6259.83,0.1
I006093,O03689,P0463,2,7934.67,0.1
I006094,O03690,P0030,2,18850.92,0.15
I006095,O03690,P0331,2,7610.91,0.15
I006096,O03691,P0076,1,12082.97,0.3
I006097,O03691,P0448,1,11150.05,0.3
I006098,O03692,P0029,1,7973.77,0.1
I006099,O03693,P0122,2,20389.93,0.05
I006100,O03694,P0119,1,14136.98,0.1
I006101,O03695,P0349,1,17040.15,0.05
I006102,O03695,P0332,3,9365.5,0.05
I006103,O03695,P0187,3,6663.59,0.05
I006104,O03696,P0437,2,9057.77,0.05
I006105,O03696,P0181,1,6969.81,0.05
I006106,O03696,P0233,5,9166.88,0.05
I006107,O03697,P0217,4,2504.14,0.05
I006108,O03698,P0128,4,11542.08,0.1
I006109,O03699,P0283,1,10933.03,0.1
I006110,O03700,P0273,1,1414.88,0.15
I006111,O03701,P0075,1,16717.1,0.1
I006112,O03701,P0273,3,1414.88,0.1
I006113,O03702,P0480,3,12036.43,0.05
I006114,O03702,P0034,1,3767.39,0.05
I006115,O03703,P0476,2,1078.88,0.1
I006116,O03703,P0109,1,7019.11,0.1
I006117,O03703,P0407,2,775.43,0.1
I006118,O03704,P0190,2,4813.84,0.15
I006119,O03704,P0487,1,2276.61,0.15
I006120,O03704,P0128,1,11542.08,0.15
I006121,O03704,P0043,1,230.23,0.15
I006122,O03705,P0251,4,13718.51,0.15
I006123,O03706,P0387,3,11008.74,0.0
I006124,O03706,P0282,1,4087.36,0.0
I006125,O03707,P0451,2,18517.71,0.25
I006126,O03707,P0240,2,16345.25,0.25
I006127,O03708,P0448,1,11150.05,0.05
I006128,O03708,P0069,2,6827.67,0.05
I006129,O03709,P0088,1,10596.08,0.1
I006130,O03710,P0500,1,14456.78,0.0
I006131,O03710,P0034,2,3767.39,0.0
I006132,O03710,P0451,1,18517.71,0.0
I006133,O03710,P0264,1,11827.53,0.0
I006134,O03711,P0129,1,15750.63,0.2
I006135,O03711,P0357,1,4004.54,0.2
I006136,O03712,P0012,4,9210.89,0.15
I006137,O03713,P0412,2,14362.31,0.05
I006138,O03714,P0379,1,4596.34,0.15
I006139,O03715,P0473,2,731.76,0.05
I006140,O03715,P0383,1,5460.56,0.05
I006141,O03716,P0418,2,12929.12,0.05
I006142,O03717,P0266,1,6946.78,0.1
I006143,O03718,P0448,1,11150.05,0.1
I006144,O03719,P0092,1,3959.04,0.05
I006145,O03719,P0187,2,6663.59,0.05
I006146,O03719,P0129,2,15750.63,0.05
I006147,O03720,P0375,4,1937.18,0.15
I006148,O03720,P0158,1,9904.7,0.15
I006149,O03720,P0055,1,18288.33,0.15
I006150,O03721,P0359,2,17408.84,0.1
I006151,O03721,P0267,1,13380.29,0.1
I006152,O03722,P0178,1,9447.65,0.0
I006153,O03722,P0087,1,5413.54,0.0
I006154,O03723,P0079,1,16242.79,0.1
I006155,O03723,P0282,3,4087.36,0.1
I006156,O03723,P0085,4,14574.29,0.1
I006157,O03724,P0056,1,5412.25,0.1
I006158,O03725,P0470,1,16384.1,0.15
I006159,O03725,P0007,1,20905.26,0.15
I006160,O03726,P0207,1,9618.99,0.2
I006161,O03726,P0233,1,9166.88,0.2
I006162,O03727,P0069,1,6827.67,0.05
I006163,O03727,P0199,1,13045.06,0.05
I006164,O03728,P0286,1,8678.82,0.15
I006165,O03729,P0253,2,10206.89,0.0
I006166,O03729,P0419,2,11206.88,0.0
I006167,O03730,P0013,1,1067.21,0.0
I006168,O03731,P0074,2,20503.04,0.25
I006169,O03732,P0210,1,3425.1,0.2
I006170,O03732,P0424,1,1099.43,0.2
I006171,O03732,P0259,3,9091.06,0.2
I006172,O03732,P0136,2,10051.62,0.2
I006173,O03733,P0464,1,11639.56,0.1
I006174,O03733,P0320,2,22881.56,0.1
I006175,O03734,P0178,1,9447.65,0.0
I006176,O03734,P0346,1,17166.81,0.0
I006177,O03735,P0429,2,4623.76,0.05
I006178,O03736,P0213,1,13682.03,0.1
I006179,O03736,P0417,1,7877.14,0.1
I006180,O03736,P0398,1,15186.38,0.1
I006181,O03737,P0116,2,14318.59,0.15
I006182,O03737,P0254,2,1468.59,0.15
I006183,O03737,P0350,2,14181.21,0.15
I006184,O03738,P0422,2,6180.37,0.15
I006185,O03739,P0173,3,11347.23,0.15
I006186,O03740,P0173,4,11347.23,0.05
I006187,O03740,P0444,4,4611.38,0.05
I006188,O03741,P0381,1,1646.42,0.05
I006189,O03741,P0268,1,21182.18,0.05
I006190,O03741,P0430,3,14535.8,0.05
I006191,O03742,P0027,1,6637.92,0.0
I006192,O03743,P0275,1,18205.93,0.0
I006193,O03744,P0221,1,9748.25,0.05
I006194,O03745,P0182,1,7028.31,0.05
I006195,O03745,P0058,1,10856.44,0.05
I006196,O03746,P0422,2,6180.37,0.1
I006197,O03747,P0407,3,775.43,0.2
I006198,O03747,P0313,1,15225.55,0.2
I006199,O03747,P0344,1,5745.03,0.2
I006200,O03747,P0345,1,18312.01,0.2
I006201,O03748,P0173,1,11347.23,0.15
I006202,O03748,P0279,1,820.43,0.15
I006203,O03749,P0096,3,7114.07,0.15
I006204,O03750,P0134,2,8950.35,0.1
I006205,O03750,P0089,3,21527.82,0.1
I006206,O03750,P0388,2,10509.73,0.1
I006207,O03750,P0292,1,21583.15,0.1
I006208,O03751,P0156,1,17438.42,0.15
I006209,O03751,P0402,2,5149.65,0.15
I006210,O03752,P0211,2,12771.97,0.05
I006211,O03752,P0212,5,15959.35,0.05
I006212,O03753,P0297,2,14103.76,0.1
I006213,O03753,P0451,2,18517.71,0.1
I006214,O03753,P0418,3,12929.12,0.1
I006215,O03753,P0051,2,13023.34,0.1
I006216,O03754,P0056,1,5412.25,0.1
I006217,O03754,P0359,1,17408.84,0.1
I006218,O03755,P0049,2,10387.8,0.1
I006219,O03755,P0422,1,6180.37,0.1
I006220,O03755,P0064,1,18152.26,0.1
I006221,O03756,P0486,1,7416.01,0.15
I006222,O03757,P0133,1,16221.29,0.25
I006223,O03758,P0232,2,14966.59,0.15
I006224,O03758,P0271,3,10464.94,0.15
I006225,O03758,P0193,1,3841.48,0.15
I006226,O03758,P0319,1,17097.24,0.15
I006227,O03759,P0248,3,5481.12,0.25
I006228,O03760,P0359,2,17408.84,0.1
I006229,O03760,P0343,3,21720.15,0.1
I006230,O03761,P0209,3,17935.22,0.05
I006231,O03761,P0096,1,7114.07,0.05
I006232,O03762,P0357,1,4004.54,0.15
I006233,O03762,P0051,1,13023.34,0.15
I006234,O03763,P0276,2,15791.95,0.3
I006235,O03764,P0156,1,17438.42,0.15
I006236,O03765,P0147,2,5903.16,0.25
I006237,O03765,P0195,1,18266.79,0.25
I006238,O03765,P0332,3,9365.5,0.25
I006239,O03766,P0189,1,1077.94,0.0
I006240,O03767,P0273,1,1414.88,0.05
I006241,O03768,P0376,1,21096.71,0.05
I006242,O03768,P0449,2,3785.19,0.05
I006243,O03768,P0306,1,20887.78,0.05
I006244,O03769,P0490,2,17879.27,0.1
I006245,O03769,P0090,1,19317.51,0.1
I006246,O03769,P0378,3,224.7,0.1
I006247,O03769,P0224,2,14337.8,0.1
I006248,O03770,P0466,1,7584.85,0.0
I006249,O03770,P0372,2,5715.65,0.0
I006250,O03771,P0085,2,14574.29,0.2
I006251,O03771,P0140,2,23423.37,0.2
I006252,O03772,P0437,5,9057.77,0.15
I006253,O03772,P0303,3,15132.39,0.15
I006254,O03772,P0128,1,11542.08,0.15
I006255,O03773,P0050,2,12181.9,0.0
I006256,O03774,P0260,3,9638.98,0.0
I006257,O03774,P0178,3,9447.65,0.0
I006258,O03775,P0068,4,658.18,0.1
I006259,O03775,P0135,1,13687.78,0.1
I006260,O03776,P0280,2,19260.63,0.2
I006261,O03776,P0083,2,7026.05,0.2
I006262,O03777,P0404,1,7190.22,0.0
I006263,O03777,P0355,1,15161.64,0.0
I006264,O03778,P0250,1,17490.25,0.1
I006265,O03778,P0059,1,7497.65,0.1
I006266,O03779,P0440,1,10988.87,0.05
I006267,O03780,P0028,2,2327.59,0.05
I006268,O03780,P0486,1,7416.01,0.05
I006269,O03781,P0394,1,9719.2,0.15
I006270,O03782,P0108,3,11560.22,0.2
I006271,O03783,P0210,1,3425.1,0.25
I006272,O03783,P0423,2,13857.3,0.25
I006273,O03784,P0212,2,15959.35,0.15
I006274,O03784,P0009,1,10894.67,0.15
I006275,O03785,P0202,1,4958.04,0.0
I006276,O03786,P0025,1,21151.19,0.05
I006277,O03786,P0276,1,15791.95,0.05
I006278,O03787,P0109,1,7019.11,0.1
I006279,O03788,P0407,2,775.43,0.05
I006280,O03789,P0434,1,15961.32,0.1
I006281,O03790,P0387,1,11008.74,0.05
I006282,O03791,P0447,1,13008.01,0.2
I006283,O03791,P0207,2,9618.99,0.2
I006284,O03792,P0373,1,8955.67,0.0
I006285,O03792,P0486,1,7416.01,0.0
I006286,O03793,P0475,1,6070.94,0.1
I006287,O03794,P0221,2,9748.25,0.0
I006288,O03794,P0430,1,14535.8,0.0
I006289,O03794,P0434,1,15961.32,0.0
I006290,O03795,P0332,1,9365.5,0.05
I006291,O03796,P0256,2,10413.89,0.1
I006292,O03797,P0061,2,9428.51,0.1
I006293,O03797,P0163,1,16537.01,0.1
I006294,O03797,P0029,1,7973.77,0.1
I006295,O03798,P0454,5,13398.41,0.05
I006296,O03799,P0064,1,18152.26,0.15
I006297,O03799,P0443,1,3024.24,0.15
I006298,O03800,P0160,1,6251.25,0.1
I006299,O03801,P0269,1,9853.0,0.3
I006300,O03801,P0344,1,5745.03,0.3
I006301,O03801,P0363,1,11446.48,0.3
I006302,O03801,P0207,2,9618.99,0.3
I006303,O03802,P0441,1,11253.53,0.0
I006304,O03802,P0313,2,15225.55,0.0
I006305,O03803,P0216,3,4253.32,0.05
I006306,O03803,P0189,2,1077.94,0.05
I006307,O03804,P0242,5,12806.32,0.15
I006308,O03804,P0318,1,18336.52,0.15
I006309,O03804,P0447,1,13008.01,0.15
I006310,O03805,P0169,1,5258.15,0.1
I006311,O03805,P0185,2,11400.27,0.1
I006312,O03806,P0028,1,2327.59,0.05
I006313,O03807,P0178,2,9447.65,0.1
I006314,O03808,P0163,1,16537.01,0.1
I006315,O03808,P0059,1,7497.65,0.1
I006316,O03809,P0274,2,16208.88,0.0
I006317,O03810,P0483,3,14346.17,0.15
I006318,O03810,P0114,1,2768.84,0.15
I006319,O03810,P0165,1,8775.25,0.15
I006320,O03811,P0158,1,9904.7,0.1
I006321,O03812,P0076,2,12082.97,0.1
I006322,O03813,P0379,2,4596.34,0.15
I006323,O03814,P0009,2,10894.67,0.1
I006324,O03815,P0266,1,6946.78,0.15
I006325,O03816,P0184,1,5176.95,0.25
I006326,O03816,P0487,1,2276.61,0.25
I006327,O03817,P0457,5,18511.82,0.25
I006328,O03818,P0347,1,207.7,0.1
I006329,O03819,P0121,2,5223.81,0.0
I006330,O03819,P0026,1,8043.88,0.0
I006331,O03819,P0246,1,3212.48,0.0
I006332,O03820,P0471,1,3362.5,0.0
I006333,O03820,P0362,4,7754.84,0.0
I006334,O03821,P0216,1,4253.32,0.15
I006335,O03822,P0116,1,14318.59,0.0
I006336,O03822,P0296,1,10086.41,0.0
I006337,O03823,P0120,1,15630.4,0.05
I006338,O03823,P0332,1,9365.5,0.05
I006339,O03823,P0417,2,7877.14,0.05
I006340,O03823,P0044,1,4750.75,0.05
I006341,O03824,P0486,2,7416.01,0.15
I006342,O03825,P0157,1,1053.8,0.3
I006343,O03825,P0390,1,2477.97,0.3
I006344,O03825,P0258,1,5357.22,0.3
I006345,O03826,P0247,1,5866.18,0.05
I006346,O03827,P0113,1,1476.37,0.0
I006347,O03827,P0278,2,4045.44,0.0
I006348,O03828,P0127,2,12125.3,0.0
I006349,O03828,P0079,1,16242.79,0.0
I006350,O03829,P0187,1,6663.59,0.05
I006351,O03829,P0491,3,14558.18,0.05
I006352,O03830,P0370,3,12293.71,0.3
I006353,O03830,P0038,3,13981.96,0.3
I006354,O03830,P0259,1,9091.06,0.3
I006355,O03831,P0286,2,8678.82,0.0
I006356,O03831,P0337,3,6259.83,0.0
I006357,O03832,P0013,1,1067.21,0.15
I006358,O03833,P0075,1,16717.1,0.0
I006359,O03833,P0022,3,16227.09,0.0
I006360,O03834,P0085,1,14574.29,0.05
I006361,O03835,P0245,3,14211.09,0.0
I006362,O03835,P0430,1,14535.8,0.0
I006363,O03835,P0464,1,11639.56,0.0
I006364,O03836,P0251,1,13718.51,0.05
I006365,O03837,P0460,1,1760.09,0.0
I006366,O03838,P0460,1,1760.09,0.0
I006367,O03839,P0377,1,7254.24,0.15
I006368,O03839,P0278,2,4045.44,0.15
I006369,O03839,P0363,4,11446.48,0.15
I006370,O03840,P0105,3,10085.48,0.05
I006371,O03840,P0419,1,11206.88,0.05
I006372,O03840,P0106,4,5470.36,0.05
I006373,O03841,P0109,2,7019.11,0.0
I006374,O03842,P0064,1,18152.26,0.05
I006375,O03843,P0329,1,6837.04,0.15
I006376,O03844,P0358,1,17680.82,0.05
I006377,O03844,P0410,1,8140.59,0.05
I006378,O03845,P0395,5,16050.27,0.1
I006379,O03846,P0371,1,14987.41,0.05
I006380,O03847,P0195,1,18266.79,0.05
I006381,O03848,P0392,3,10129.56,0.1
I006382,O03849,P0177,1,5666.47,0.15
I006383,O03849,P0398,1,15186.38,0.15
I006384,O03850,P0320,1,22881.56,0.05
I006385,O03850,P0116,1,14318.59,0.05
I006386,O03850,P0457,2,18511.82,0.05
I006387,O03850,P0387,1,11008.74,0.05
I006388,O03851,P0469,1,12828.28,0.1
I006389,O03852,P0271,1,10464.94,0.1
I006390,O03853,P0127,2,12125.3,0.05
I006391,O03854,P0459,3,15147.66,0.05
I006392,O03855,P0417,4,7877.14,0.1
I006393,O03855,P0230,1,16237.69,0.1
I006394,O03855,P0183,3,208.22,0.1
I006395,O03856,P0067,2,18606.26,0.25
I006396,O03857,P0494,2,9857.51,0.2
I006397,O03858,P0041,3,11579.02,0.1
I006398,O03859,P0447,1,13008.01,0.1
I006399,O03859,P0368,1,19421.03,0.1
I006400,O03860,P0259,1,9091.06,0.1
I006401,O03861,P0422,4,6180.37,0.15
I006402,O03861,P0318,2,18336.52,0.15
I006403,O03862,P0284,3,9183.48,0.0
I006404,O03862,P0400,1,7063.54,0.0
I006405,O03862,P0040,1,10694.19,0.0
I006406,O03862,P0494,1,9857.51,0.0
I006407,O03863,P0242,3,12806.32,0.15
I006408,O03864,P0230,3,16237.69,0.15
I006409,O03865,P0204,1,3139.42,0.05
I006410,O03865,P0335,1,3821.2,0.05
I006411,O03866,P0454,1,13398.41,0.2
I006412,O03867,P0176,1,13983.62,0.0
I006413,O03867,P0261,1,9413.55,0.0
I006414,O03868,P0172,1,13856.39,0.2
I006415,O03868,P0351,1,6684.2,0.2
I006416,O03869,P0390,2,2477.97,0.05
I006417,O03869,P0107,1,12811.73,0.05
I006418,O03870,P0421,1,3134.29,0.15
I006419,O03871,P0272,1,13853.17,0.0
I006420,O03871,P0471,1,3362.5,0.0
I006421,O03871,P0313,3,15225.55,0.0
I006422,O03872,P0347,1,207.7,0.1
I006423,O03873,P0078,1,18121.01,0.0
I006424,O03873,P0128,2,11542.08,0.0
I006425,O03874,P0227,1,1214.17,0.05
I006426,O03874,P0200,2,9202.06,0.05
I006427,O03874,P0319,1,17097.24,0.05
I006428,O03874,P0283,1,10933.03,0.05
I006429,O03875,P0366,2,12694.5,0.2
I006430,O03876,P0381,1,1646.42,0.1
I006431,O03877,P0027,5,6637.92,0.15
I006432,O03878,P0074,3,20503.04,0.15
I006433,O03879,P0411,1,9751.96,0.1
I006434,O03879,P0010,1,8507.4,0.1
I006435,O03880,P0063,2,17989.43,0.1
I006436,O03880,P0465,3,7131.53,0.1
I006437,O03881,P0468,1,17686.56,0.15
I006438,O03882,P0380,2,1803.38,0.0
I006439,O03882,P0383,3,5460.56,0.0
I006440,O03883,P0099,1,11095.32,0.0
I006441,O03884,P0409,2,8257.04,0.1
I006442,O03885,P0072,1,8074.69,0.25
I006443,O03886,P0116,1,14318.59,0.1
I006444,O03886,P0254,1,1468.59,0.1
I006445,O03887,P0122,1,20389.93,0.15
I006446,O03888,P0256,1,10413.89,0.15
I006447,O03888,P0162,1,11199.84,0.15
I006448,O03889,P0165,1,8775.25,0.1
I006449,O03889,P0035,1,10869.62,0.1
I006450,O03890,P0453,1,2027.99,0.05
I006451,O03890,P0491,2,14558.18,0.05
I006452,O03890,P0359,1,17408.84,0.05
I006453,O03891,P0456,2,5984.52,0.2
I006454,O03891,P0135,1,13687.78,0.2
I006455,O03892,P0315,1,8767.22,0.1
I006456,O03893,P0040,1,10694.19,0.25
I006457,O03894,P0057,2,14313.59,0.0
I006458,O03895,P0312,2,8312.33,0.05
I006459,O03895,P0311,4,13470.81,0.05
I006460,O03896,P0065,1,11896.67,0.0
I006461,O03896,P0429,1,4623.76,0.0
I006462,O03896,P0352,1,10103.59,0.0
I006463,O03896,P0234,2,6819.79,0.0
I006464,O03897,P0221,2,9748.25,0.2
I006465,O03897,P0309,1,879.52,0.2
I006466,O03898,P0193,1,3841.48,0.15
I006467,O03899,P0176,2,13983.62,0.15
I006468,O03900,P0194,1,4785.07,0.15
I006469,O03900,P0136,2,10051.62,0.15
I006470,O03900,P0418,1,12929.12,0.15
I006471,O03901,P0461,1,6940.51,0.0
I006472,O03901,P0385,2,9160.1,0.0
I006473,O03902,P0020,4,16894.73,0.1
I006474,O03903,P0005,3,2113.83,0.15
I006475,O03903,P0281,1,8647.87,0.15
I006476,O03903,P0322,4,179.06,0.15
I006477,O03904,P0324,1,2232.66,0.05
I006478,O03904,P0389,1,10740.24,0.05
I006479,O03905,P0301,1,1551.88,0.15
I006480,O03905,P0208,2,17414.46,0.15
I006481,O03905,P0046,1,15363.92,0.15
I006482,O03906,P0336,1,5532.6,0.05
I006483,O03906,P0472,2,6339.28,0.05
I006484,O03907,P0420,1,5156.99,0.1
I006485,O03908,P0081,1,12661.97,0.05
I006486,O03908,P0422,2,6180.37,0.05
I006487,O03909,P0113,3,1476.37,0.25
I006488,O03910,P0043,1,230.23,0.1
I006489,O03911,P0235,1,17675.52,0.05
I006490,O03911,P0023,1,8677.28,0.05
I006491,O03911,P0149,3,18764.92,0.05
I006492,O03912,P0335,1,3821.2,0.0
I006493,O03912,P0195,1,18266.79,0.0
I006494,O03912,P0462,1,8013.86,0.0
I006495,O03912,P0182,1,7028.31,0.0
I006496,O03913,P0399,1,9834.2,0.0
I006497,O03914,P0022,1,16227.09,0.1
I006498,O03914,P0467,1,7857.91,0.1
I006499,O03915,P0460,2,1760.09,0.15
I006500,O03915,P0392,1,10129.56,0.15
I006501,O03915,P0468,1,17686.56,0.15
I006502,O03915,P0429,1,4623.76,0.15
I006503,O03916,P0500,2,14456.78,0.25
I006504,O03917,P0182,2,7028.31,0.1
I006505,O03918,P0021,1,18265.35,0.15
I006506,O03918,P0059,3,7497.65,0.15
I006507,O03919,P0163,3,16537.01,0.1
I006508,O03920,P0052,1,22717.29,0.2
I006509,O03920,P0189,5,1077.94,0.2
I006510,O03920,P0095,1,708.58,0.2
I006511,O03920,P0161,3,4912.94,0.2
I006512,O03921,P0232,1,14966.59,0.05
I006513,O03922,P0147,1,5903.16,0.1
I006514,O03923,P0500,3,14456.78,0.25
I006515,O03923,P0461,2,6940.51,0.25
I006516,O03924,P0198,3,15426.36,0.0
I006517,O03924,P0012,2,9210.89,0.0
I006518,O03925,P0353,1,4627.28,0.05
I006519,O03926,P0378,1,224.7,0.15
I006520,O03927,P0397,1,18087.88,0.1
I006521,O03928,P0343,1,21720.15,0.0
I006522,O03929,P0147,1,5903.16,0.1
I006523,O03930,P0052,1,22717.29,0.1
I006524,O03930,P0493,2,17331.35,0.1
I006525,O03931,P0117,1,5812.89,0.1
I006526,O03931,P0424,3,1099.43,0.1
I006527,O03931,P0444,1,4611.38,0.1
I006528,O03932,P0491,1,14558.18,0.05
I006529,O03933,P0447,1,13008.01,0.0
I006530,O03934,P0195,2,18266.79,0.1
I006531,O03935,P0102,1,4552.64,0.1
I006532,O03935,P0418,1,12929.12,0.1
I006533,O03935,P0304,1,5766.34,0.1
I006534,O03936,P0392,3,10129.56,0.1
I006535,O03937,P0091,4,5800.05,0.0
I006536,O03938,P0316,2,18765.5,0.0
I006537,O03938,P0295,1,12191.72,0.0
I006538,O03938,P0084,1,10059.02,0.0
I006539,O03939,P0053,1,11740.23,0.0
I006540,O03939,P0427,2,2376.46,0.0
I006541,O03939,P0027,2,6637.92,0.0
I006542,O03940,P0214,2,3598.9,0.1
I006543,O03941,P0406,1,1199.98,0.15
I006544,O03941,P0271,1,10464.94,0.15
I006545,O03941,P0198,1,15426.36,0.15
I006546,O03942,P0157,2,1053.8,0.05
I006547,O03942,P0278,1,4045.44,0.05
I006548,O03942,P0047,2,3795.44,0.05
I006549,O03943,P0085,4,14574.29,0.15
I006550,O03943,P0068,1,658.18,0.15
I006551,O03944,P0281,2,8647.87,0.05
I006552,O03945,P0357,1,4004.54,0.15
I006553,O03946,P0156,1,17438.42,0.2
I006554,O03947,P0441,1,11253.53,0.15
I006555,O03948,P0123,2,12283.66,0.15
I006556,O03949,P0309,1,879.52,0.0
I006557,O03949,P0213,1,13682.03,0.0
I006558,O03950,P0171,2,6118.98,0.05
I006559,O03951,P0175,3,8354.48,0.05
I006560,O03952,P0004,2,21658.55,0.1
I006561,O03953,P0270,1,15544.12,0.05
I006562,O03953,P0439,3,11309.42,0.05
I006563,O03954,P0392,1,10129.56,0.1
I006564,O03955,P0467,1,7857.91,0.1
I006565,O03956,P0372,2,5715.65,0.1
I006566,O03956,P0091,1,5800.05,0.1
I006567,O03956,P0053,1,11740.23,0.1
I006568,O03957,P0086,4,12651.01,0.15
I006569,O03958,P0077,2,10405.98,0.0
I006570,O03958,P0033,1,2436.78,0.0
I006571,O03959,P0044,1,4750.75,0.2
I006572,O03959,P0134,1,8950.35,0.2
I006573,O03959,P0311,1,13470.81,0.2
I006574,O03960,P0038,2,13981.96,0.0
I006575,O03961,P0397,3,18087.88,0.1
I006576,O03962,P0236,1,13763.86,0.2
I006577,O03963,P0225,1,925.67,0.1
I006578,O03963,P0016,1,4929.52,0.1
I006579,O03964,P0099,1,11095.32,0.15
I006580,O03964,P0340,2,6540.28,0.15
I006581,O03964,P0191,1,14335.92,0.15
I006582,O03964,P0235,1,17675.52,0.15
I006583,O03965,P0248,2,5481.12,0.1
I006584,O03966,P0122,3,20389.93,0.2
I006585,O03967,P0274,2,16208.88,0.3
I006586,O03968,P0300,3,11744.09,0.2
I006587,O03968,P0390,4,2477.97,0.2
I006588,O03968,P0260,3,9638.98,0.2
I006589,O03968,P0182,1,7028.31,0.2
I006590,O03969,P0467,1,7857.91,0.0
I006591,O03969,P0470,4,16384.1,0.0
I006592,O03970,P0294,1,9318.36,0.0
I006593,O03970,P0199,1,13045.06,0.0
I006594,O03970,P0124,3,15514.19,0.0
I006595,O03971,P0289,1,5068.21,0.1
I006596,O03972,P0134,1,8950.35,0.25
I006597,O03973,P0377,2,7254.24,0.1
I006598,O03973,P0234,4,6819.79,0.1
I006599,O03973,P0106,1,5470.36,0.1
I006600,O03973,P0326,1,1200.34,0.1
I006601,O03974,P0432,1,1677.91,0.05
I006602,O03975,P0090,1,19317.51,0.25
I006603,O03975,P0082,1,8524.01,0.25
I006604,O03976,P0481,1,1854.72,0.15
I006605,O03977,P0389,1,10740.24,0.15
I006606,O03977,P0342,2,8867.09,0.15
I006607,O03978,P0391,1,16675.09,0.0
I006608,O03978,P0438,2,9736.72,0.0
I006609,O03978,P0249,2,11650.12,0.0
I006610,O03979,P0492,1,13278.61,0.05
I006611,O03979,P0330,3,621.58,0.05
I006612,O03980,P0115,1,10805.92,0.1
I006613,O03981,P0045,2,5553.07,0.15
I006614,O03981,P0395,2,16050.27,0.15
I006615,O03981,P0117,1,5812.89,0.15
I006616,O03982,P0134,1,8950.35,0.05
I006617,O03983,P0128,2,11542.08,0.05
I006618,O03984,P0286,1,8678.82,0.1
I006619,O03984,P0385,1,9160.1,0.1
I006620,O03985,P0344,1,5745.03,0.1
I006621,O03986,P0324,1,2232.66,0.2
I006622,O03987,P0419,3,11206.88,0.25
I006623,O03987,P0347,1,207.7,0.25
I006624,O03988,P0174,2,14241.6,0.0
I006625,O03988,P0083,1,7026.05,0.0
I006626,O03989,P0314,2,5199.64,0.05
I006627,O03989,P0224,1,14337.8,0.05
I006628,O03989,P0277,1,14027.28,0.05
I006629,O03989,P0139,1,11137.68,0.05
I006630,O03990,P0366,3,12694.5,0.15
I006631,O03991,P0489,2,16108.48,0.05
I006632,O03992,P0132,1,8762.43,0.05
I006633,O03992,P0334,2,5599.91,0.05
I006634,O03993,P0421,1,3134.29,0.15
I006635,O03993,P0318,2,18336.52,0.15
I006636,O03994,P0333,1,16891.72,0.1
I006637,O03995,P0118,2,11312.75,0.15
I006638,O03995,P0341,1,9492.87,0.15
I006639,O03996,P0062,1,2140.31,0.0
I006640,O03997,P0147,1,5903.16,0.1
I006641,O03997,P0180,1,5738.9,0.1
I006642,O03998,P0336,1,5532.6,0.15
I006643,O03999,P0110,1,239.19,0.1
I006644,O03999,P0092,2,3959.04,0.1
I006645,O04000,P0223,1,12111.39,0.0
I006646,O04000,P0377,1,7254.24,0.0
I006647,O04001,P0479,1,2007.3,0.0
I006648,O04002,P0419,2,11206.88,0.1
I006649,O04002,P0355,4,15161.64,0.1
I006650,O04003,P0334,1,5599.91,0.0
I006651,O04003,P0149,3,18764.92,0.0
I006652,O04003,P0364,2,20513.3,0.0
I006653,O04004,P0169,1,5258.15,0.05
I006654,O04005,P0396,1,6181.52,0.1
I006655,O04006,P0065,4,11896.67,0.1
I006656,O04007,P0231,2,5606.43,0.05
I006657,O04008,P0303,1,15132.39,0.1
I006658,O04008,P0087,1,5413.54,0.1
I006659,O04008,P0341,2,9492.87,0.1
I006660,O04009,P0500,2,14456.78,0.05
I006661,O04009,P0074,2,20503.04,0.05
I006662,O04009,P0209,1,17935.22,0.05
I006663,O04010,P0147,1,5903.16,0.0
I006664,O04011,P0004,4,21658.55,0.15
I006665,O04011,P0084,1,10059.02,0.15
I006666,O04012,P0428,1,15197.13,0.15
I006667,O04013,P0145,1,5897.75,0.15
I006668,O04014,P0123,4,12283.66,0.0
I006669,O04015,P0086,3,12651.01,0.1
I006670,O04016,P0416,2,14378.26,0.05
I006671,O04016,P0099,1,11095.32,0.05
I006672,O04017,P0112,2,10276.51,0.05
I006673,O04017,P0175,1,8354.48,0.05
I006674,O04017,P0217,3,2504.14,0.05
I006675,O04018,P0372,3,5715.65,0.0
I006676,O04018,P0325,1,883.29,0.0
I006677,O04018,P0203,1,14797.26,0.0
I006678,O04019,P0007,1,20905.26,0.25
I006679,O04020,P0446,1,18710.12,0.25
I006680,O04020,P0215,1,2961.47,0.25
I006681,O04020,P0415,2,19105.92,0.25
I006682,O04021,P0147,4,5903.16,0.1
I006683,O04021,P0062,1,2140.31,0.1
I006684,O04022,P0256,1,10413.89,0.2
I006685,O04022,P0002,1,685.44,0.2
I006686,O04023,P0234,2,6819.79,0.05
I006687,O04024,P0030,1,18850.92,0.1
I006688,O04024,P0303,4,15132.39,0.1
I006689,O04025,P0354,1,749.54,0.15
I006690,O04026,P0207,1,9618.99,0.1
I006691,O04027,P0432,1,1677.91,0.0
I006692,O04028,P0042,1,18369.63,0.05
I006693,O04029,P0318,1,18336.52,0.15
I006694,O04029,P0046,2,15363.92,0.15
I006695,O04030,P0299,1,9253.96,0.15
I006696,O04030,P0296,1,10086.41,0.15
I006697,O04031,P0118,1,11312.75,0.05
I006698,O04032,P0457,1,18511.82,0.1
I006699,O04032,P0313,1,15225.55,0.1
I006700,O04033,P0417,2,7877.14,0.05
I006701,O04033,P0013,1,1067.21,0.05
I006702,O04033,P0222,4,6948.91,0.05
I006703,O04034,P0120,4,15630.4,0.05
I006704,O04035,P0397,4,18087.88,0.0
I006705,O04036,P0485,3,1818.67,0.1
I006706,O04037,P0343,2,21720.15,0.15
I006707,O04037,P0430,1,14535.8,0.15
I006708,O04038,P0098,3,18024.33,0.2
I006709,O04038,P0481,1,1854.72,0.2
I006710,O04039,P0350,1,14181.21,0.1
I006711,O04039,P0234,1,6819.79,0.1
I006712,O04040,P0141,1,2669.4,0.15
I006713,O04040,P0021,1,18265.35,0.15
I006714,O04041,P0057,1,14313.59,0.05
I006715,O04042,P0411,1,9751.96,0.05
I006716,O04042,P0181,2,6969.81,0.05
I006717,O04043,P0371,2,14987.41,0.05
I006718,O04044,P0386,1,7920.43,0.1
I006719,O04044,P0139,1,11137.68,0.1
I006720,O04045,P0172,1,13856.39,0.0
I006721,O04046,P0252,1,18803.98,0.0
I006722,O04047,P0349,1,17040.15,0.1
I006723,O04048,P0012,3,9210.89,0.05
I006724,O04048,P0427,2,2376.46,0.05
I006725,O04049,P0219,1,1340.09,0.1
I006726,O04050,P0169,1,5258.15,0.25
I006727,O04051,P0051,3,13023.34,0.2
I006728,O04051,P0092,4,3959.04,0.2
I006729,O04052,P0131,2,2329.3,0.0
I006730,O04053,P0187,1,6663.59,0.0
I006731,O04054,P0154,2,13970.67,0.0
I006732,O04054,P0432,1,1677.91,0.0
I006733,O04054,P0234,1,6819.79,0.0
I006734,O04055,P0127,2,12125.3,0.0
I006735,O04055,P0443,1,3024.24,0.0
I006736,O04056,P0142,5,7546.26,0.05
I006737,O04056,P0384,1,21014.31,0.05
I006738,O04057,P0250,1,17490.25,0.05
I006739,O04058,P0032,1,12721.46,0.0
I006740,O04058,P0456,4,5984.52,0.0
I006741,O04059,P0368,2,19421.03,0.1
I006742,O04060,P0390,1,2477.97,0.1
I006743,O04061,P0328,1,15667.69,0.15
I006744,O04061,P0159,1,12341.8,0.15
I006745,O04061,P0474,1,2142.32,0.15
I006746,O04061,P0026,1,8043.88,0.15
I006747,O04062,P0303,2,15132.39,0.1
I006748,O04063,P0494,2,9857.51,0.05
I006749,O04063,P0218,1,10519.23,0.05
I006750,O04064,P0409,1,8257.04,0.1
I006751,O04065,P0455,1,6841.97,0.2
I006752,O04065,P0486,1,7416.01,0.2
I006753,O04065,P0257,2,8094.05,0.2
I006754,O04066,P0312,1,8312.33,0.05
I006755,O04067,P0378,2,224.7,0.05
I006756,O04067,P0300,1,11744.09,0.05
I006757,O04067,P0483,1,14346.17,0.05
I006758,O04068,P0333,1,16891.72,0.15
I006759,O04068,P0030,1,18850.92,0.15
I006760,O04069,P0178,1,9447.65,0.2
I006761,O04070,P0255,2,2178.42,0.25
I006762,O04070,P0335,1,3821.2,0.25
I006763,O04070,P0126,50,12590.35,0.25
I006764,O04070,P0229,2,971.19,0.25
I006765,O04071,P0411,2,9751.96,0.05
I006766,O04072,P0044,2,4750.75,0.05
I006767,O04072,P0113,2,1476.37,0.05
I006768,O04072,P0412,1,14362.31,0.05
I006769,O04073,P0152,1,11257.85,0.2
I006770,O04073,P0079,1,16242.79,0.2
I006771,O04073,P0273,1,1414.88,0.2
I006772,O04074,P0022,1,16227.09,0.05
I006773,O04074,P0162,2,11199.84,0.05
I006774,O04075,P0460,1,1760.09,0.05
I006775,O04076,P0249,2,11650.12,0.1
I006776,O04077,P0067,1,18606.26,0.1
I006777,O04077,P0299,1,9253.96,0.1
I006778,O04078,P0483,4,14346.17,0.2
I006779,O04078,P0147,1,5903.16,0.2
I006780,O04079,P0253,1,10206.89,0.1
I006781,O04080,P0020,5,16894.73,0.1
I006782,O04080,P0322,2,179.06,0.1
I006783,O04081,P0056,1,5412.25,0.0
I006784,O04082,P0478,1,24448.55,0.25
I006785,O04082,P0363,3,11446.48,0.25
I006786,O04083,P0099,1,11095.32,0.1
I006787,O04083,P0482,1,16166.73,0.1
I006788,O04083,P0301,1,1551.88,0.1
I006789,O04083,P0173,2,11347.23,0.1
I006790,O04084,P0184,2,5176.95,0.1
I006791,O04084,P0035,1,10869.62,0.1
I006792,O04084,P0336,1,5532.6,0.1
I006793,O04084,P0220,2,4537.91,0.1
I006794,O04085,P0391,2,16675.09,0.1
I006795,O04085,P0365,3,1546.12,0.1
I006796,O04085,P0454,1,13398.41,0.1
I006797,O04086,P0231,1,5606.43,0.15
I006798,O04086,P0498,1,1038.57,0.15
I006799,O04086,P0393,1,1256.74,0.15
I006800,O04087,P0166,1,4299.84,0.1
I006801,O04087,P0206,3,13942.45,0.1
I006802,O04088,P0411,1,9751.96,0.05
I006803,O04088,P0280,1,19260.63,0.05
I006804,O04089,P0099,1,11095.32,0.1
I006805,O04090,P0020,4,16894.73,0.2
I006806,O04091,P0494,1,9857.51,0.1
I006807,O04091,P0288,3,16170.77,0.1
I006808,O04092,P0350,2,14181.21,0.25
I006809,O04092,P0001,2,12680.89,0.25
I006810,O04093,P0291,4,8891.78,0.15
I006811,O04094,P0021,1,18265.35,0.1
I006812,O04094,P0297,1,14103.76,0.1
I006813,O04094,P0352,2,10103.59,0.1
I006814,O04095,P0303,1,15132.39,0.15
I006815,O04096,P0142,2,7546.26,0.1
I006816,O04097,P0161,2,4912.94,0.05
I006817,O04097,P0114,1,2768.84,0.05
I006818,O04097,P0484,1,14051.85,0.05
I006819,O04098,P0370,4,12293.71,0.1
I006820,O04099,P0095,2,708.58,0.05
I006821,O04100,P0098,2,18024.33,0.0
I006822,O04101,P0392,2,10129.56,0.05
I006823,O04101,P0013,2,1067.21,0.05
I006824,O04102,P0090,1,19317.51,0.0
I006825,O04103,P0416,1,14378.26,0.15
I006826,O04104,P0040,1,10694.19,0.15
I006827,O04104,P0332,2,9365.5,0.15
I006828,O04105,P0367,3,14116.53,0.1
I006829,O04106,P0387,1,11008.74,0.25
I006830,O04107,P0302,3,10139.5,0.0
I006831,O04108,P0139,2,11137.68,0.0
I006832,O04109,P0236,1,13763.86,0.2
I006833,O04110,P0306,2,20887.78,0.1
I006834,O04111,P0392,2,10129.56,0.1
I006835,O04112,P0429,2,4623.76,0.15
I006836,O04112,P0483,1,14346.17,0.15
I006837,O04113,P0458,3,11252.82,0.05
I006838,O04114,P0221,2,9748.25,0.1
I006839,O04115,P0195,2,18266.79,0.1
I006840,O04115,P0112,2,10276.51,0.1
I006841,O04115,P0369,1,2936.18,0.1
I006842,O04116,P0436,2,9847.38,0.05
I006843,O04116,P0068,2,658.18,0.05
I006844,O04117,P0293,1,5390.99,0.2
I006845,O04117,P0312,2,8312.33,0.2
I006846,O04118,P0158,1,9904.7,0.0
I006847,O04119,P0394,1,9719.2,0.0
I006848,O04119,P0347,1,207.7,0.0
I006849,O04120,P0041,1,11579.02,0.05
I006850,O04121,P0297,5,14103.76,0.05
I006851,O04122,P0186,4,14403.22,0.15
I006852,O04123,P0497,1,5343.08,0.0
I006853,O04123,P0150,3,19657.29,0.0
I006854,O04124,P0031,2,10837.07,0.25
I006855,O04125,P0397,1,18087.88,0.0
I006856,O04125,P0271,1,10464.94,0.0
I006857,O04126,P0381,1,1646.42,0.2
I006858,O04127,P0058,1,10856.44,0.0
I006859,O04128,P0462,1,8013.86,0.0
I006860,O04128,P0177,1,5666.47,0.0
I006861,O04129,P0485,2,1818.67,0.1
I006862,O04130,P0205,2,15563.05,0.05
I006863,O04130,P0281,1,8647.87,0.05
I006864,O04131,P0378,3,224.7,0.1
I006865,O04131,P0339,2,8938.6,0.1
I006866,O04132,P0064,1,18152.26,0.1
I006867,O04133,P0260,1,9638.98,0.25
I006868,O04134,P0145,2,5897.75,0.25
I006869,O04134,P0271,2,10464.94,0.25
I006870,O04134,P0312,2,8312.33,0.25
I006871,O04135,P0121,1,5223.81,0.1
I006872,O04135,P0028,4,2327.59,0.1
I006873,O04136,P0119,1,14136.98,0.05
I006874,O04137,P0265,2,16102.0,0.05
I006875,O04138,P0033,2,2436.78,0.0
I006876,O04138,P0469,1,12828.28,0.0
I006877,O04139,P0338,1,9789.99,0.05
I006878,O04140,P0064,2,18152.26,0.2
I006879,O04141,P0064,1,18152.26,0.05
I006880,O04142,P0370,3,12293.71,0.1
I006881,O04142,P0112,2,10276.51,0.1
I006882,O04143,P0414,2,3244.46,0.3
I006883,O04143,P0052,2,22717.29,0.3
I006884,O04144,P0083,2,7026.05,0.0
I006885,O04144,P0121,1,5223.81,0.0
I006886,O04145,P0059,3,7497.65,0.15
I006887,O04145,P0243,1,5300.75,0.15
I006888,O04146,P0350,1,14181.21,0.15
I006889,O04147,P0284,1,9183.48,0.15
I006890,O04148,P0391,1,16675.09,0.0
I006891,O04149,P0209,2,17935.22,0.1
I006892,O04150,P0366,1,12694.5,0.1
I006893,O04150,P0083,1,7026.05,0.1
I006894,O04151,P0250,1,17490.25,0.15
I006895,O04151,P0171,1,6118.98,0.15
I006896,O04152,P0415,1,19105.92,0.15
I006897,O04152,P0090,1,19317.51,0.15
I006898,O04152,P0333,3,16891.72,0.15
I006899,O04153,P0085,1,14574.29,0.1
I006900,O04154,P0138,3,9332.54,0.1
I006901,O04154,P0125,2,8357.18,0.1
I006902,O04155,P0380,1,1803.38,0.25
I006903,O04156,P0217,2,2504.14,0.05
I006904,O04156,P0421,1,3134.29,0.05
I006905,O04156,P0463,1,7934.67,0.05
I006906,O04157,P0001,2,12680.89,0.05
I006907,O04158,P0112,4,10276.51,0.0
I006908,O04158,P0245,1,14211.09,0.0
I006909,O04159,P0146,3,12538.22,0.0
I006910,O04159,P0488,3,6474.12,0.0
I006911,O04159,P0484,1,14051.85,0.0
I006912,O04160,P0156,3,17438.42,0.2
I006913,O04161,P0427,2,2376.46,0.1
I006914,O04162,P0338,1,9789.99,0.25
I006915,O04163,P0217,1,2504.14,0.2
I006916,O04163,P0235,1,17675.52,0.2
I006917,O04163,P0141,2,2669.4,0.2
I006918,O04164,P0368,1,19421.03,0.05
I006919,O04164,P0267,1,13380.29,0.05
I006920,O04165,P0061,3,9428.51,0.1
I006921,O04165,P0175,1,8354.48,0.1
I006922,O04166,P0353,1,4627.28,0.05
I006923,O04166,P0233,1,9166.88,0.05
I006924,O04167,P0487,2,2276.61,0.2
I006925,O04168,P0338,1,9789.99,0.15
I006926,O04169,P0048,2,881.87,0.0
I006927,O04170,P0369,2,2936.18,0.05
I006928,O04171,P0373,1,8955.67,0.15
I006929,O04172,P0301,2,1551.88,0.05
I006930,O04172,P0255,1,2178.42,0.05
I006931,O04173,P0143,2,2154.67,0.1
I006932,O04174,P0096,1,7114.07,0.05
I006933,O04175,P0029,1,7973.77,0.15
I006934,O04176,P0077,1,10405.98,0.0
I006935,O04176,P0451,1,18517.71,0.0
I006936,O04177,P0346,2,17166.81,0.15
I006937,O04178,P0151,1,8069.27,0.05
I006938,O04178,P0422,3,6180.37,0.05
I006939,O04178,P0417,1,7877.14,0.05
I006940,O04179,P0455,5,6841.97,0.1
I006941,O04180,P0351,1,6684.2,0.1
I006942,O04180,P0325,1,883.29,0.1
I006943,O04180,P0408,5,12252.4,0.1
I006944,O04181,P0250,1,17490.25,0.05
I006945,O04181,P0230,1,16237.69,0.05
I006946,O04181,P0453,2,2027.99,0.05
I006947,O04182,P0422,2,6180.37,0.25
I006948,O04183,P0366,5,12694.5,0.0
I006949,O04183,P0356,1,17911.43,0.0
I006950,O04183,P0136,3,10051.62,0.0
I006951,O04184,P0190,1,4813.84,0.05
I006952,O04185,P0110,1,239.19,0.0
I006953,O04186,P0483,2,14346.17,0.05
I006954,O04186,P0329,1,6837.04,0.05
I006955,O04186,P0233,4,9166.88,0.05
I006956,O04187,P0317,1,14355.69,0.0
I006957,O04187,P0319,1,17097.24,0.0
I006958,O04188,P0132,1,8762.43,0.05
I006959,O04189,P0488,1,6474.12,0.05
I006960,O04190,P0127,2,12125.3,0.1
I006961,O04191,P0265,3,16102.0,0.0
I006962,O04191,P0481,3,1854.72,0.0
I006963,O04191,P0036,2,22992.46,0.0
I006964,O04192,P0404,1,7190.22,0.1
I006965,O04192,P0300,1,11744.09,0.1
I006966,O04193,P0107,3,12811.73,0.05
I006967,O04194,P0248,1,5481.12,0.05
I006968,O04195,P0394,1,9719.2,0.05
I006969,O04195,P0157,1,1053.8,0.05
I006970,O04196,P0139,1,11137.68,0.15
I006971,O04196,P0342,1,8867.09,0.15
I006972,O04196,P0305,2,5268.03,0.15
I006973,O04197,P0468,1,17686.56,0.15
I006974,O04197,P0107,2,12811.73,0.15
I006975,O04197,P0487,1,2276.61,0.15
I006976,O04197,P0096,3,7114.07,0.15
I006977,O04198,P0161,2,4912.94,0.05
I006978,O04198,P0454,1,13398.41,0.05
I006979,O04198,P0372,4,5715.65,0.05
I006980,O04199,P0221,1,9748.25,0.25
I006981,O04199,P0362,1,7754.84,0.25
I006982,O04199,P0274,1,16208.88,0.25
I006983,O04200,P0413,1,4516.32,0.15
I006984,O04201,P0226,1,1989.2,0.1
I006985,O04201,P0011,2,6896.23,0.1
I006986,O04201,P0328,1,15667.69,0.1
I006987,O04202,P0440,1,10988.87,0.0
I006988,O04202,P0174,1,14241.6,0.0
I006989,O04202,P0018,1,8521.23,0.0
I006990,O04203,P0103,1,9874.02,0.1
I006991,O04203,P0087,1,5413.54,0.1
I006992,O04204,P0135,1,13687.78,0.1
I006993,O04205,P0089,1,21527.82,0.0
I006994,O04205,P0112,2,10276.51,0.0
I006995,O04206,P0252,4,18803.98,0.2
I006996,O04206,P0103,2,9874.02,0.2
I006997,O04207,P0117,2,5812.89,0.05
I006998,O04207,P0071,2,1222.75,0.05
I006999,O04208,P0173,1,11347.23,0.0
I007000,O04209,P0367,2,14116.53,0.1
I007001,O04210,P0006,1,12139.02,0.1
I007002,O04210,P0155,1,16173.54,0.1
I007003,O04210,P0241,2,9473.89,0.1
I007004,O04211,P0088,1,10596.08,0.1
I007005,O04211,P0063,2,17989.43,0.1
I007006,O04211,P0409,2,8257.04,0.1
I007007,O04211,P0044,1,4750.75,0.1
I007008,O04212,P0037,2,5389.2,0.0
I007009,O04212,P0156,1,17438.42,0.0
I007010,O04212,P0391,2,16675.09,0.0
I007011,O04212,P0400,1,7063.54,0.0
I007012,O04213,P0036,2,22992.46,0.0
I007013,O04213,P0221,4,9748.25,0.0
I007014,O04213,P0407,5,775.43,0.0
I007015,O04214,P0177,1,5666.47,0.1
I007016,O04215,P0034,2,3767.39,0.0
I007017,O04215,P0198,1,15426.36,0.0
I007018,O04216,P0043,1,230.23,0.0
I007019,O04216,P0025,2,21151.19,0.0
I007020,O04216,P0170,1,10734.0,0.0
I007021,O04217,P0266,1,6946.78,0.15
I007022,O04218,P0220,1,4537.91,0.05
I007023,O04219,P0477,1,13272.75,0.2
I007024,O04220,P0176,3,13983.62,0.1
I007025,O04221,P0390,3,2477.97,0.1
I007026,O04222,P0229,1,971.19,0.05
I007027,O04223,P0477,3,13272.75,0.05
I007028,O04224,P0182,2,7028.31,0.0
I007029,O04224,P0307,1,8542.99,0.0
I007030,O04224,P0094,1,6917.65,0.0
I007031,O04225,P0179,2,12189.37,0.15
I007032,O04226,P0306,2,20887.78,0.15
I007033,O04226,P0179,2,12189.37,0.15
I007034,O04227,P0164,1,744.63,0.1
I007035,O04227,P0347,1,207.7,0.1
I007036,O04227,P0017,3,9858.5,0.1
I007037,O04227,P0125,1,8357.18,0.1
I007038,O04228,P0100,5,7091.79,0.15
I007039,O04228,P0445,1,5378.95,0.15
I007040,O04229,P0116,2,14318.59,0.15
I007041,O04230,P0477,1,13272.75,0.1
I007042,O04231,P0081,1,12661.97,0.15
I007043,O04231,P0129,1,15750.63,0.15
I007044,O04231,P0499,1,2390.13,0.15
I007045,O04232,P0371,2,14987.41,0.2
I007046,O04233,P0102,1,4552.64,0.0
I007047,O04234,P0197,1,5628.38,0.0
I007048,O04234,P0141,2,2669.4,0.0
I007049,O04234,P0032,1,12721.46,0.0
I007050,O04235,P0012,2,9210.89,0.1
I007051,O04235,P0025,1,21151.19,0.1
I007052,O04236,P0299,1,9253.96,0.05
I007053,O04236,P0178,2,9447.65,0.05
I007054,O04237,P0030,5,18850.92,0.0
I007055,O04237,P0182,3,7028.31,0.0
I007056,O04238,P0227,2,1214.17,0.0
I007057,O04238,P0010,3,8507.4,0.0
I007058,O04239,P0293,2,5390.99,0.05
I007059,O04239,P0442,1,12851.94,0.05
I007060,O04240,P0023,1,8677.28,0.0
I007061,O04240,P0147,1,5903.16,0.0
I007062,O04241,P0222,1,6948.91,0.05
I007063,O04242,P0323,3,19857.8,0.0
I007064,O04243,P0150,1,19657.29,0.1
I007065,O04244,P0023,2,8677.28,0.15
I007066,O04244,P0266,2,6946.78,0.15
I007067,O04245,P0151,2,8069.27,0.15
I007068,O04245,P0246,2,3212.48,0.15
I007069,O04246,P0302,1,10139.5,0.2
I007070,O04246,P0264,3,11827.53,0.2
I007071,O04246,P0006,2,12139.02,0.2
I007072,O04246,P0203,1,14797.26,0.2
I007073,O04247,P0356,1,17911.43,0.0
I007074,O04247,P0106,1,5470.36,0.0
I007075,O04248,P0120,4,15630.4,0.0
I007076,O04249,P0360,1,4434.75,0.15
I007077,O04249,P0179,1,12189.37,0.15
I007078,O04249,P0112,1,10276.51,0.15
I007079,O04250,P0439,1,11309.42,0.0
I007080,O04250,P0397,1,18087.88,0.0
I007081,O04250,P0269,4,9853.0,0.0
I007082,O04250,P0236,1,13763.86,0.0
I007083,O04251,P0392,1,10129.56,0.15
I007084,O04251,P0469,1,12828.28,0.15
I007085,O04252,P0290,1,5856.65,0.05
I007086,O04252,P0299,2,9253.96,0.05
I007087,O04253,P0332,3,9365.5,0.1
I007088,O04253,P0058,3,10856.44,0.1
I007089,O04254,P0035,4,10869.62,0.25
I007090,O04255,P0427,3,2376.46,0.1
I007091,O04255,P0301,1,1551.88,0.1
I007092,O04256,P0098,1,18024.33,0.05
I007093,O04256,P0367,1,14116.53,0.05
I007094,O04256,P0134,1,8950.35,0.05
I007095,O04257,P0351,1,6684.2,0.15
I007096,O04257,P0380,1,1803.38,0.15
I007097,O04258,P0390,1,2477.97,0.0
I007098,O04259,P0329,2,6837.04,0.25
I007099,O04259,P0134,1,8950.35,0.25
I007100,O04260,P0293,2,5390.99,0.05
I007101,O04260,P0259,3,9091.06,0.05
I007102,O04260,P0188,3,6865.34,0.05
I007103,O04261,P0063,3,17989.43,0.3
I007104,O04261,P0394,2,9719.2,0.3
I007105,O04262,P0061,4,9428.51,0.15
I007106,O04263,P0319,3,17097.24,0.05
I007107,O04264,P0186,1,14403.22,0.1
I007108,O04265,P0193,3,3841.48,0.05
I007109,O04266,P0082,3,8524.01,0.1
I007110,O04266,P0119,1,14136.98,0.1
I007111,O04267,P0322,1,179.06,0.15
I007112,O04267,P0136,1,10051.62,0.15
I007113,O04268,P0115,2,10805.92,0.1
I007114,O04268,P0042,1,18369.63,0.1
I007115,O04268,P0209,2,17935.22,0.1
I007116,O04268,P0280,1,19260.63,0.1
I007117,O04269,P0142,1,7546.26,0.05
I007118,O04270,P0143,1,2154.67,0.3
I007119,O04270,P0086,1,12651.01,0.3
I007120,O04271,P0126,1,12590.35,0.1
I007121,O04272,P0232,1,14966.59,0.0
I007122,O04273,P0233,1,9166.88,0.15
I007123,O04273,P0383,3,5460.56,0.15
I007124,O04273,P0046,1,15363.92,0.15
I007125,O04274,P0434,3,15961.32,0.15
I007126,O04275,P0312,2,8312.33,0.15
I007127,O04276,P0291,1,8891.78,0.0
I007128,O04277,P0148,2,3827.6,0.05
I007129,O04277,P0217,1,2504.14,0.05
I007130,O04277,P0089,1,21527.82,0.05
I007131,O04277,P0123,1,12283.66,0.05
I007132,O04278,P0045,3,5553.07,0.05
I007133,O04279,P0461,1,6940.51,0.25
I007134,O04280,P0351,4,6684.2,0.05
I007135,O04281,P0052,1,22717.29,0.1
I007136,O04282,P0283,1,10933.03,0.0
I007137,O04282,P0028,2,2327.59,0.0
I007138,O04283,P0413,1,4516.32,0.15
I007139,O04284,P0315,3,8767.22,0.0
I007140,O04284,P0373,1,8955.67,0.0
I007141,O04285,P0168,3,11374.5,0.2
I007142,O04286,P0021,1,18265.35,0.15
I007143,O04287,P0067,2,18606.26,0.1
I007144,O04287,P0115,1,10805.92,0.1
I007145,O04288,P0406,4,1199.98,0.15
I007146,O04288,P0034,1,3767.39,0.15
I007147,O04289,P0179,1,12189.37,0.15
I007148,O04290,P0149,1,18764.92,0.15
I007149,O04291,P0230,5,16237.69,0.15
I007150,O04292,P0007,4,20905.26,0.2
I007151,O04292,P0232,1,14966.59,0.2
I007152,O04293,P0300,1,11744.09,0.1
I007153,O04293,P0312,1,8312.33,0.1
I007154,O04294,P0017,2,9858.5,0.1
I007155,O04295,P0120,2,15630.4,0.25
I007156,O04296,P0259,1,9091.06,0.05
I007157,O04297,P0487,4,2276.61,0.15
I007158,O04298,P0411,1,9751.96,0.05
I007159,O04299,P0067,2,18606.26,0.1
I007160,O04299,P0427,1,2376.46,0.1
I007161,O04300,P0037,2,5389.2,0.05
I007162,O04300,P0226,1,1989.2,0.05
I007163,O04300,P0155,2,16173.54,0.05
I007164,O04300,P0334,2,5599.91,0.05
I007165,O04301,P0281,1,8647.87,0.0
I007166,O04301,P0082,1,8524.01,0.0
I007167,O04302,P0023,2,8677.28,0.25
I007168,O04303,P0018,1,8521.23,0.1
I007169,O04304,P0033,1,2436.78,0.05
I007170,O04305,P0208,1,17414.46,0.1
I007171,O04306,P0214,2,3598.9,0.0
I007172,O04307,P0140,3,23423.37,0.1
I007173,O04307,P0335,1,3821.2,0.1
I007174,O04308,P0475,1,6070.94,0.1
I007175,O04308,P0416,2,14378.26,0.1
I007176,O04309,P0062,2,2140.31,0.05
I007177,O04310,P0304,1,5766.34,0.25
I007178,O04311,P0119,1,14136.98,0.1
I007179,O04312,P0367,2,14116.53,0.05
I007180,O04313,P0319,2,17097.24,0.2
I007181,O04313,P0085,1,14574.29,0.2
I007182,O04314,P0004,2,21658.55,0.05
I007183,O04314,P0213,1,13682.03,0.05
I007184,O04315,P0339,2,8938.6,0.15
I007185,O04315,P0171,2,6118.98,0.15
I007186,O04315,P0481,2,1854.72,0.15
I007187,O04316,P0241,3,9473.89,0.1
I007188,O04317,P0015,4,198.88,0.0
I007189,O04317,P0459,2,15147.66,0.0
I007190,O04318,P0232,2,14966.59,0.0
I007191,O04318,P0410,2,8140.59,0.0
I007192,O04318,P0001,1,12680.89,0.0
I007193,O04318,P0241,3,9473.89,0.0
I007194,O04319,P0021,1,18265.35,0.1
I007195,O04319,P0156,1,17438.42,0.1
I007196,O04320,P0113,2,1476.37,0.15
I007197,O04320,P0417,2,7877.14,0.15
I007198,O04321,P0160,4,6251.25,0.0
I007199,O04322,P0070,2,3923.76,0.0
I007200,O04323,P0116,3,14318.59,0.0
I007201,O04324,P0082,1,8524.01,0.0
I007202,O04324,P0213,1,13682.03,0.0
I007203,O04325,P0280,5,19260.63,0.1
I007204,O04326,P0494,1,9857.51,0.05
I007205,O04327,P0466,1,7584.85,0.05
I007206,O04327,P0436,2,9847.38,0.05
I007207,O04327,P0136,1,10051.62,0.05
I007208,O04328,P0180,1,5738.9,0.1
I007209,O04328,P0472,1,6339.28,0.1
I007210,O04329,P0211,1,12771.97,0.1
I007211,O04329,P0452,1,14623.62,0.1
I007212,O04330,P0048,1,881.87,0.2
I007213,O04330,P0411,2,9751.96,0.2
I007214,O04331,P0259,1,9091.06,0.1
I007215,O04332,P0236,1,13763.86,0.0
I007216,O04332,P0103,1,9874.02,0.0
I007217,O04332,P0316,2,18765.5,0.0
I007218,O04333,P0499,1,2390.13,0.05
I007219,O04334,P0460,1,1760.09,0.05
I007220,O04334,P0462,1,8013.86,0.05
I007221,O04334,P0259,1,9091.06,0.05
I007222,O04335,P0337,3,6259.83,0.05
I007223,O04335,P0376,3,21096.71,0.05
I007224,O04335,P0111,3,4168.73,0.05
I007225,O04336,P0435,1,11265.94,0.05
I007226,O04336,P0477,2,13272.75,0.05
I007227,O04337,P0104,1,389.71,0.1
I007228,O04337,P0319,1,17097.24,0.1
I007229,O04338,P0021,1,18265.35,0.0
I007230,O04339,P0119,2,14136.98,0.05
I007231,O04340,P0427,1,2376.46,0.15
I007232,O04340,P0084,1,10059.02,0.15
I007233,O04341,P0329,2,6837.04,0.2
I007234,O04341,P0206,1,13942.45,0.2
I007235,O04342,P0176,2,13983.62,0.0
I007236,O04343,P0447,1,13008.01,0.0
I007237,O04343,P0007,1,20905.26,0.0
I007238,O04343,P0018,2,8521.23,0.0
I007239,O04344,P0335,2,3821.2,0.2
I007240,O04345,P0277,1,14027.28,0.05
I007241,O04346,P0293,1,5390.99,0.05
I007242,O04347,P0340,1,6540.28,0.05
I007243,O04347,P0439,2,11309.42,0.05
I007244,O04347,P0163,1,16537.01,0.05
I007245,O04348,P0247,5,5866.18,0.2
I007246,O04349,P0485,1,1818.67,0.0
I007247,O04350,P0006,2,12139.02,0.15
I007248,O04351,P0087,4,5413.54,0.1
I007249,O04351,P0430,2,14535.8,0.1
I007250,O04352,P0082,1,8524.01,0.15
I007251,O04352,P0399,1,9834.2,0.15
I007252,O04353,P0091,4,5800.05,0.15
I007253,O04353,P0465,1,7131.53,0.15
I007254,O04353,P0305,3,5268.03,0.15
I007255,O04354,P0168,1,11374.5,0.15
I007256,O04355,P0292,3,21583.15,0.0
I007257,O04355,P0191,2,14335.92,0.0
I007258,O04356,P0226,2,1989.2,0.05
I007259,O04356,P0461,1,6940.51,0.05
I007260,O04356,P0340,3,6540.28,0.05
I007261,O04357,P0117,4,5812.89,0.05
I007262,O04358,P0178,1,9447.65,0.0
I007263,O04358,P0484,1,14051.85,0.0
I007264,O04358,P0373,3,8955.67,0.0
I007265,O04359,P0289,1,5068.21,0.1
I007266,O04359,P0002,2,685.44,0.1
I007267,O04359,P0278,2,4045.44,0.1
I007268,O04360,P0274,1,16208.88,0.15
I007269,O04361,P0066,1,4602.72,0.0
I007270,O04362,P0090,1,19317.51,0.15
I007271,O04363,P0024,5,14146.9,0.05
I007272,O04363,P0348,1,19194.75,0.05
I007273,O04363,P0394,2,9719.2,0.05
I007274,O04364,P0366,2,12694.5,0.05
I007275,O04364,P0125,1,8357.18,0.05
I007276,O04365,P0405,2,10874.23,0.3
I007277,O04366,P0361,1,8061.24,0.05
I007278,O04366,P0167,1,2741.53,0.05
I007279,O04366,P0256,1,10413.89,0.05
I007280,O04367,P0472,2,6339.28,0.0
I007281,O04368,P0194,2,4785.07,0.05
I007282,O04369,P0081,3,12661.97,0.25
I007283,O04370,P0353,2,4627.28,0.0
I007284,O04370,P0115,1,10805.92,0.0
I007285,O04371,P0496,2,20624.48,0.1
I007286,O04371,P0361,2,8061.24,0.1
I007287,O04372,P0216,1,4253.32,0.15
I007288,O04373,P0499,1,2390.13,0.25
I007289,O04374,P0137,1,2945.06,0.1
I007290,O04375,P0460,1,1760.09,0.1
I007291,O04375,P0144,1,5083.64,0.1
I007292,O04375,P0462,2,8013.86,0.1
I007293,O04376,P0106,2,5470.36,0.2
I007294,O04376,P0143,1,2154.67,0.2
I007295,O04377,P0456,3,5984.52,0.05
I007296,O04377,P0380,1,1803.38,0.05
I007297,O04378,P0104,1,389.71,0.1
I007298,O04379,P0430,2,14535.8,0.1
I007299,O04379,P0121,1,5223.81,0.1
I007300,O04380,P0005,3,2113.83,0.15
I007301,O04381,P0135,2,13687.78,0.0
I007302,O04381,P0031,3,10837.07,0.0
I007303,O04382,P0073,5,14367.83,0.2
I007304,O04383,P0272,2,13853.17,0.15
I007305,O04384,P0045,1,5553.07,0.05
I007306,O04385,P0383,1,5460.56,0.1
I007307,O04386,P0157,1,1053.8,0.05
I007308,O04387,P0086,1,12651.01,0.3
I007309,O04388,P0492,2,13278.61,0.1
I007310,O04389,P0245,1,14211.09,0.05
I007311,O04389,P0109,2,7019.11,0.05
I007312,O04390,P0323,1,19857.8,0.15
I007313,O04390,P0246,1,3212.48,0.15
I007314,O04390,P0070,1,3923.76,0.15
I007315,O04390,P0116,2,14318.59,0.15
I007316,O04391,P0376,3,21096.71,0.2
I007317,O04391,P0272,2,13853.17,0.2
I007318,O04392,P0257,1,8094.05,0.15
I007319,O04392,P0282,1,4087.36,0.15
I007320,O04392,P0254,1,1468.59,0.15
I007321,O04393,P0050,1,12181.9,0.0
I007322,O04394,P0424,2,1099.43,0.05
I007323,O04395,P0261,1,9413.55,0.05
I007324,O04395,P0307,1,8542.99,0.05
I007325,O04396,P0264,1,11827.53,0.05
I007326,O04397,P0216,1,4253.32,0.1
I007327,O04397,P0254,1,1468.59,0.1
I007328,O04398,P0418,1,12929.12,0.05
I007329,O04399,P0175,3,8354.48,0.0
I007330,O04399,P0038,1,13981.96,0.0
I007331,O04400,P0035,4,10869.62,0.15
I007332,O04400,P0015,1,198.88,0.15
I007333,O04400,P0386,1,7920.43,0.15
I007334,O04400,P0375,1,1937.18,0.15
I007335,O04401,P0382,2,17253.16,0.1
I007336,O04401,P0485,1,1818.67,0.1
I007337,O04402,P0140,2,23423.37,0.0
I007338,O04402,P0490,3,17879.27,0.0
I007339,O04402,P0240,1,16345.25,0.0
I007340,O04402,P0193,1,3841.48,0.0
I007341,O04403,P0402,1,5149.65,0.25
I007342,O04404,P0297,4,14103.76,0.15
I007343,O04405,P0468,1,17686.56,0.0
I007344,O04406,P0302,1,10139.5,0.2
I007345,O04406,P0361,2,8061.24,0.2
I007346,O04407,P0322,3,179.06,0.1
I007347,O04408,P0167,2,2741.53,0.05
I007348,O04408,P0313,2,15225.55,0.05
I007349,O04408,P0415,1,19105.92,0.05
I007350,O04409,P0198,2,15426.36,0.0
I007351,O04409,P0365,1,1546.12,0.0
I007352,O04410,P0003,2,14157.19,0.15
I007353,O04410,P0065,2,11896.67,0.15
I007354,O04411,P0466,2,7584.85,0.25
I007355,O04411,P0220,3,4537.91,0.25
I007356,O04412,P0345,1,18312.01,0.05
I007357,O04412,P0073,2,14367.83,0.05
I007358,O04413,P0220,1,4537.91,0.1
I007359,O04413,P0326,1,1200.34,0.1
I007360,O04414,P0321,1,15173.01,0.05
I007361,O04414,P0079,3,16242.79,0.05
I007362,O04414,P0366,1,12694.5,0.05
I007363,O04415,P0360,1,4434.75,0.1
I007364,O04416,P0267,1,13380.29,0.2
I007365,O04417,P0428,2,15197.13,0.0
I007366,O04417,P0422,2,6180.37,0.0
I007367,O04418,P0173,3,11347.23,0.05
I007368,O04419,P0125,2,8357.18,0.0
I007369,O04419,P0366,1,12694.5,0.0
I007370,O04420,P0389,2,10740.24,0.05
I007371,O04420,P0041,2,11579.02,0.05
I007372,O04421,P0293,2,5390.99,0.0
I007373,O04421,P0039,1,1954.54,0.0
I007374,O04422,P0370,1,12293.71,0.1
I007375,O04423,P0084,3,10059.02,0.0
I007376,O04423,P0248,3,5481.12,0.0
I007377,O04424,P0363,1,11446.48,0.15
I007378,O04425,P0381,1,1646.42,0.0
I007379,O04425,P0179,2,12189.37,0.0
I007380,O04426,P0114,2,2768.84,0.05
I007381,O04426,P0321,1,15173.01,0.05
I007382,O04426,P0343,2,21720.15,0.05
I007383,O04427,P0026,1,8043.88,0.05
I007384,O04427,P0290,2,5856.65,0.05
I007385,O04428,P0244,1,6694.24,0.05
I007386,O04428,P0294,3,9318.36,0.05
I007387,O04429,P0351,1,6684.2,0.0
I007388,O04430,P0351,2,6684.2,0.1
I007389,O04431,P0023,1,8677.28,0.2
I007390,O04432,P0241,3,9473.89,0.1
I007391,O04432,P0211,1,12771.97,0.1
I007392,O04433,P0391,4,16675.09,0.0
I007393,O04433,P0211,4,12771.97,0.0
I007394,O04434,P0054,2,22196.9,0.05
I007395,O04435,P0491,2,14558.18,0.1
I007396,O04435,P0204,1,3139.42,0.1
I007397,O04435,P0280,3,19260.63,0.1
I007398,O04436,P0332,1,9365.5,0.05
I007399,O04436,P0387,1,11008.74,0.05
I007400,O04436,P0312,3,8312.33,0.05
I007401,O04436,P0430,2,14535.8,0.05
I007402,O04437,P0271,1,10464.94,0.05
I007403,O04438,P0482,1,16166.73,0.05
I007404,O04439,P0229,1,971.19,0.25
I007405,O04439,P0180,1,5738.9,0.25
I007406,O04440,P0119,4,14136.98,0.1
I007407,O04441,P0029,3,7973.77,0.1
I007408,O04442,P0426,1,17258.9,0.1
I007409,O04442,P0427,1,2376.46,0.1
I007410,O04442,P0349,5,17040.15,0.1
I007411,O04443,P0270,3,15544.12,0.1
I007412,O04444,P0133,1,16221.29,0.1
I007413,O04445,P0427,3,2376.46,0.15
I007414,O04446,P0222,1,6948.91,0.0
I007415,O04446,P0405,1,10874.23,0.0
I007416,O04446,P0334,1,5599.91,0.0
I007417,O04447,P0208,3,17414.46,0.0
I007418,O04448,P0006,1,12139.02,0.1
I007419,O04449,P0107,3,12811.73,0.15
I007420,O04450,P0054,1,22196.9,0.15
I007421,O04450,P0329,2,6837.04,0.15
I007422,O04451,P0439,2,11309.42,0.05
I007423,O04452,P0146,1,12538.22,0.0
I007424,O04453,P0046,2,15363.92,0.0
I007425,O04453,P0413,1,4516.32,0.0
I007426,O04454,P0178,4,9447.65,0.05
I007427,O04455,P0364,3,20513.3,0.15
I007428,O04456,P0210,2,3425.1,0.05
I007429,O04457,P0372,2,5715.65,0.1
I007430,O04458,P0347,1,207.7,0.0
I007431,O04458,P0068,1,658.18,0.0
I007432,O04458,P0006,2,12139.02,0.0
I007433,O04459,P0128,1,11542.08,0.0
I007434,O04460,P0397,1,18087.88,0.15
I007435,O04460,P0054,3,22196.9,0.15
I007436,O04461,P0401,1,18961.41,0.1
I007437,O04462,P0012,5,9210.89,0.25
I007438,O04462,P0084,3,10059.02,0.25
I007439,O04462,P0416,4,14378.26,0.25
I007440,O04463,P0480,1,12036.43,0.05
I007441,O04463,P0094,1,6917.65,0.05
I007442,O04463,P0113,1,1476.37,0.05
I007443,O04463,P0482,3,16166.73,0.05
I007444,O04464,P0160,1,6251.25,0.1
I007445,O04464,P0351,1,6684.2,0.1
I007446,O04464,P0228,3,7442.22,0.1
I007447,O04465,P0175,1,8354.48,0.05
I007448,O04465,P0173,1,11347.23,0.05
I007449,O04466,P0227,2,1214.17,0.05
I007450,O04466,P0092,1,3959.04,0.05
I007451,O04467,P0144,2,5083.64,0.1
I007452,O04467,P0097,2,16913.36,0.1
I007453,O04467,P0109,2,7019.11,0.1
I007454,O04468,P0212,1,15959.35,0.2
I007455,O04469,P0376,1,21096.71,0.0
I007456,O04470,P0090,2,19317.51,0.0
I007457,O04471,P0442,1,12851.94,0.25
I007458,O04471,P0270,2,15544.12,0.25
I007459,O04471,P0079,2,16242.79,0.25
I007460,O04472,P0196,3,3827.41,0.15
I007461,O04473,P0467,1,7857.91,0.05
I007462,O04474,P0038,1,13981.96,0.1
I007463,O04474,P0363,3,11446.48,0.1
I007464,O04474,P0219,1,1340.09,0.1
I007465,O04474,P0093,2,11807.43,0.1
I007466,O04475,P0427,2,2376.46,0.15
I007467,O04476,P0334,1,5599.91,0.15
I007468,O04477,P0388,1,10509.73,0.1
I007469,O04477,P0366,1,12694.5,0.1
I007470,O04477,P0112,1,10276.51,0.1
I007471,O04478,P0415,3,19105.92,0.2
I007472,O04478,P0021,2,18265.35,0.2
I007473,O04478,P0430,3,14535.8,0.2
I007474,O04479,P0313,1,15225.55,0.05
I007475,O04480,P0420,1,5156.99,0.05
I007476,O04481,P0279,1,820.43,0.1
I007477,O04482,P0482,1,16166.73,0.0
I007478,O04483,P0403,1,10949.03,0.1
I007479,O04483,P0416,1,14378.26,0.1
I007480,O04483,P0154,3,13970.67,0.1
I007481,O04484,P0282,1,4087.36,0.05
I007482,O04485,P0127,2,12125.3,0.0
I007483,O04485,P0201,1,18090.68,0.0
I007484,O04486,P0278,1,4045.44,0.2
I007485,O04486,P0060,1,10597.6,0.2
I007486,O04486,P0048,1,881.87,0.2
I007487,O04487,P0156,2,17438.42,0.05
I007488,O04487,P0084,1,10059.02,0.05
I007489,O04488,P0138,3,9332.54,0.15
I007490,O04489,P0283,3,10933.03,0.15
I007491,O04490,P0071,4,1222.75,0.0
I007492,O04491,P0053,2,11740.23,0.1
I007493,O04492,P0045,1,5553.07,0.1
I007494,O04492,P0253,1,10206.89,0.1
I007495,O04493,P0127,1,12125.3,0.15
I007496,O04494,P0492,5,13278.61,0.1
I007497,O04494,P0044,1,4750.75,0.1
I007498,O04495,P0318,1,18336.52,0.0
I007499,O04496,P0482,2,16166.73,0.1
I007500,O04496,P0058,1,10856.44,0.1
I007501,O04497,P0390,2,2477.97,0.05
I007502,O04497,P0253,2,10206.89,0.05
I007503,O04498,P0065,1,11896.67,0.0
I007504,O04498,P0125,1,8357.18,0.0
I007505,O04499,P0104,1,389.71,0.05
I007506,O04500,P0143,1,2154.67,0.2
I007507,O04501,P0371,1,14987.41,0.1
I007508,O04502,P0045,5,5553.07,0.1
I007509,O04502,P0120,2,15630.4,0.1
I007510,O04502,P0221,1,9748.25,0.1
I007511,O04503,P0219,1,1340.09,0.15
I007512,O04504,P0349,1,17040.15,0.25
I007513,O04505,P0074,1,20503.04,0.25
I007514,O04505,P0126,1,12590.35,0.25
I007515,O04505,P0081,2,12661.97,0.25
I007516,O04506,P0226,1,1989.2,0.0
I007517,O04507,P0046,1,15363.92,0.05
I007518,O04508,P0204,2,3139.42,0.05
I007519,O04509,P0181,3,6969.81,0.1
I007520,O04510,P0272,1,13853.17,0.0
I007521,O04511,P0390,5,2477.97,0.25
I007522,O04512,P0089,1,21527.82,0.15
I007523,O04512,P0386,1,7920.43,0.15
I007524,O04513,P0417,2,7877.14,0.0
I007525,O04514,P0375,1,1937.18,0.05
I007526,O04514,P0028,5,2327.59,0.05
I007527,O04514,P0115,1,10805.92,0.05
I007528,O04515,P0112,1,10276.51,0.0
I007529,O04515,P0190,3,4813.84,0.0
I007530,O04516,P0305,1,5268.03,0.1
I007531,O04516,P0163,1,16537.01,0.1
I007532,O04517,P0061,5,9428.51,0.2
I007533,O04518,P0388,1,10509.73,0.1
I007534,O04519,P0138,1,9332.54,0.1
I007535,O04520,P0490,2,17879.27,0.0
I007536,O04520,P0206,1,13942.45,0.0
I007537,O04521,P0316,4,18765.5,0.2
I007538,O04522,P0171,1,6118.98,0.05
I007539,O04522,P0050,1,12181.9,0.05
I007540,O04523,P0275,2,18205.93,0.2
I007541,O04524,P0185,1,11400.27,0.1
I007542,O04524,P0257,1,8094.05,0.1
I007543,O04525,P0147,1,5903.16,0.1
I007544,O04526,P0274,1,16208.88,0.1
I007545,O04527,P0211,3,12771.97,0.05
I007546,O04528,P0071,1,1222.75,0.2
I007547,O04529,P0313,2,15225.55,0.25
I007548,O04529,P0213,4,13682.03,0.25
I007549,O04530,P0205,2,15563.05,0.05
I007550,O04531,P0486,3,7416.01,0.0
I007551,O04532,P0073,1,14367.83,0.1
I007552,O04532,P0465,1,7131.53,0.1
I007553,O04533,P0072,3,8074.69,0.1
I007554,O04534,P0487,1,2276.61,0.0
I007555,O04535,P0192,2,13132.41,0.15
I007556,O04536,P0010,2,8507.4,0.05
I007557,O04537,P0245,1,14211.09,0.25
I007558,O04538,P0258,3,5357.22,0.15
I007559,O04539,P0484,1,14051.85,0.0
I007560,O04540,P0423,1,13857.3,0.25
I007561,O04540,P0370,2,12293.71,0.25
I007562,O04541,P0395,1,16050.27,0.05
I007563,O04542,P0500,3,14456.78,0.15
I007564,O04542,P0271,2,10464.94,0.15
I007565,O04543,P0368,1,19421.03,0.1
I007566,O04543,P0154,1,13970.67,0.1
I007567,O04543,P0391,2,16675.09,0.1
I007568,O04543,P0197,1,5628.38,0.1
I007569,O04544,P0396,2,6181.52,0.1
I007570,O04545,P0414,1,3244.46,0.25
I007571,O04546,P0080,2,8081.72,0.1
I007572,O04547,P0056,1,5412.25,0.2
I007573,O04547,P0354,4,749.54,0.2
I007574,O04548,P0244,2,6694.24,0.2
I007575,O04549,P0022,3,16227.09,0.15
I007576,O04549,P0112,1,10276.51,0.15
I007577,O04550,P0246,50,3212.48,0.1
I007578,O04551,P0005,1,2113.83,0.0
I007579,O04552,P0041,1,11579.02,0.0
I007580,O04553,P0467,2,7857.91,0.1
I007581,O04554,P0318,1,18336.52,0.05
I007582,O04554,P0190,2,4813.84,0.05
I007583,O04555,P0311,1,13470.81,0.05
I007584,O04555,P0017,1,9858.5,0.05
I007585,O04556,P0445,2,5378.95,0.25
I007586,O04556,P0284,2,9183.48,0.25
I007587,O04556,P0278,1,4045.44,0.25
I007588,O04556,P0116,2,14318.59,0.25
I007589,O04557,P0146,1,12538.22,0.2
I007590,O04558,P0328,2,15667.69,0.1
I007591,O04559,P0256,3,10413.89,0.2
I007592,O04559,P0308,1,10963.13,0.2
I007593,O04559,P0262,1,12660.19,0.2
I007594,O04559,P0232,50,14966.59,0.2
I007595,O04560,P0442,2,12851.94,0.0
I007596,O04561,P0069,1,6827.67,0.0
I007597,O04562,P0283,1,10933.03,0.25
I007598,O04562,P0028,1,2327.59,0.25
I007599,O04563,P0010,2,8507.4,0.15
I007600,O04564,P0438,2,9736.72,0.15
I007601,O04564,P0339,1,8938.6,0.15
I007602,O04565,P0222,2,6948.91,0.2
I007603,O04565,P0413,2,4516.32,0.2
I007604,O04565,P0076,2,12082.97,0.2
I007605,O04566,P0431,1,7800.63,0.0
I007606,O04567,P0124,1,15514.19,0.15
I007607,O04567,P0275,1,18205.93,0.15
I007608,O04568,P0064,2,18152.26,0.05
I007609,O04569,P0224,3,14337.8,0.15
I007610,O04569,P0103,1,9874.02,0.15
I007611,O04570,P0430,1,14535.8,0.05
I007612,O04571,P0016,1,4929.52,0.15
I007613,O04572,P0470,1,16384.1,0.2
I007614,O04573,P0381,1,1646.42,0.05
I007615,O04574,P0179,2,12189.37,0.1
I007616,O04574,P0113,1,1476.37,0.1
I007617,O04574,P0237,1,13454.07,0.1
I007618,O04575,P0436,2,9847.38,0.1
I007619,O04576,P0252,1,18803.98,0.15
I007620,O04576,P0217,1,2504.14,0.15
I007621,O04576,P0364,1,20513.3,0.15
I007622,O04577,P0225,1,925.67,0.2
I007623,O04578,P0086,1,12651.01,0.05
I007624,O04578,P0053,1,11740.23,0.05
I007625,O04579,P0382,2,17253.16,0.25
I007626,O04580,P0305,1,5268.03,0.15
I007627,O04581,P0194,2,4785.07,0.0
I007628,O04582,P0499,1,2390.13,0.05
I007629,O04583,P0246,1,3212.48,0.05
I007630,O04584,P0130,1,5669.17,0.0
I007631,O04585,P0106,2,5470.36,0.1
I007632,O04585,P0200,1,9202.06,0.1
I007633,O04586,P0041,1,11579.02,0.0
I007634,O04586,P0428,1,15197.13,0.0
I007635,O04587,P0249,2,11650.12,0.1
I007636,O04587,P0238,1,16729.81,0.1
I007637,O04588,P0411,1,9751.96,0.2
I007638,O04588,P0167,1,2741.53,0.2
I007639,O04588,P0108,1,11560.22,0.2
I007640,O04589,P0196,4,3827.41,0.05
I007641,O04590,P0344,1,5745.03,0.1
I007642,O04591,P0379,1,4596.34,0.0
I007643,O04591,P0128,1,11542.08,0.0
I007644,O04591,P0310,1,6739.9,0.0
I007645,O04592,P0380,2,1803.38,0.15
I007646,O04593,P0237,1,13454.07,0.2
I007647,O04594,P0214,5,3598.9,0.15
I007648,O04595,P0274,1,16208.88,0.0
I007649,O04595,P0482,3,16166.73,0.0
I007650,O04596,P0425,2,3871.16,0.05
I007651,O04596,P0268,3,21182.18,0.05
I007652,O04597,P0404,1,7190.22,0.0
I007653,O04598,P0361,2,8061.24,0.1
I007654,O04598,P0236,1,13763.86,0.1
I007655,O04599,P0270,1,15544.12,0.15
I007656,O04600,P0335,2,3821.2,0.25
I007657,O04600,P0310,1,6739.9,0.25
I007658,O04601,P0199,2,13045.06,0.1
I007659,O04601,P0443,1,3024.24,0.1
I007660,O04602,P0216,1,4253.32,0.1
I007661,O04603,P0317,1,14355.69,0.0
I007662,O04604,P0227,3,1214.17,0.0
I007663,O04604,P0338,1,9789.99,0.0
I007664,O04604,P0238,1,16729.81,0.0
I007665,O04605,P0182,1,7028.31,0.05
I007666,O04606,P0418,1,12929.12,0.0
I007667,O04606,P0233,1,9166.88,0.0
I007668,O04607,P0030,1,18850.92,0.1
I007669,O04607,P0301,1,1551.88,0.1
I007670,O04607,P0344,1,5745.03,0.1
I007671,O04608,P0107,2,12811.73,0.25
I007672,O04608,P0102,1,4552.64,0.25
I007673,O04609,P0126,1,12590.35,0.15
I007674,O04609,P0329,1,6837.04,0.15
I007675,O04610,P0245,1,14211.09,0.1
I007676,O04611,P0168,1,11374.5,0.1
I007677,O04611,P0402,3,5149.65,0.1
I007678,O04611,P0016,3,4929.52,0.1
I007679,O04612,P0449,1,3785.19,0.0
I007680,O04612,P0160,2,6251.25,0.0
I007681,O04613,P0320,1,22881.56,0.0
I007682,O04614,P0484,1,14051.85,0.05
I007683,O04615,P0177,2,5666.47,0.05
I007684,O04615,P0458,3,11252.82,0.05
I007685,O04616,P0419,1,11206.88,0.0
I007686,O04616,P0460,2,1760.09,0.0
I007687,O04617,P0312,2,8312.33,0.15
I007688,O04618,P0212,1,15959.35,0.25
I007689,O04618,P0235,1,17675.52,0.25
I007690,O04618,P0303,2,15132.39,0.25
I007691,O04618,P0173,1,11347.23,0.25
I007692,O04619,P0316,2,18765.5,0.0
I007693,O04620,P0160,1,6251.25,0.2
I007694,O04621,P0020,1,16894.73,0.05
I007695,O04622,P0219,1,1340.09,0.1
I007696,O04623,P0021,1,18265.35,0.0
I007697,O04624,P0479,2,2007.3,0.05
I007698,O04625,P0412,1,14362.31,0.0
I007699,O04626,P0198,1,15426.36,0.0
I007700,O04627,P0307,2,8542.99,0.25
I007701,O04628,P0413,2,4516.32,0.05
I007702,O04628,P0217,1,2504.14,0.05
I007703,O04628,P0341,1,9492.87,0.05
I007704,O04629,P0411,3,9751.96,0.05
I007705,O04630,P0396,1,6181.52,0.0
I007706,O04630,P0086,1,12651.01,0.0
I007707,O04631,P0143,4,2154.67,0.15
I007708,O04631,P0132,2,8762.43,0.15
I007709,O04631,P0024,1,14146.9,0.15
I007710,O04631,P0060,2,10597.6,0.15
I007711,O04632,P0267,1,13380.29,0.15
I007712,O04632,P0016,2,4929.52,0.15
I007713,O04632,P0272,1,13853.17,0.15
I007714,O04633,P0192,1,13132.41,0.25
I007715,O04633,P0165,1,8775.25,0.25
I007716,O04634,P0462,1,8013.86,0.1
I007717,O04635,P0478,1,24448.55,0.1
I007718,O04635,P0345,1,18312.01,0.1
I007719,O04636,P0003,1,14157.19,0.05
I007720,O04637,P0271,4,10464.94,0.0
I007721,O04638,P0274,3,16208.88,0.2
I007722,O04638,P0006,1,12139.02,0.2
I007723,O04638,P0133,2,16221.29,0.2
I007724,O04639,P0153,1,6065.86,0.15
I007725,O04640,P0410,3,8140.59,0.15
I007726,O04640,P0480,1,12036.43,0.15
I007727,O04641,P0006,2,12139.02,0.05
I007728,O04642,P0430,1,14535.8,0.05
I007729,O04643,P0074,1,20503.04,0.15
I007730,O04644,P0236,1,13763.86,0.15
I007731,O04645,P0179,1,12189.37,0.1
I007732,O04645,P0110,1,239.19,0.1
I007733,O04646,P0306,1,20887.78,0.1
I007734,O04647,P0430,1,14535.8,0.05
I007735,O04648,P0145,1,5897.75,0.15
I007736,O04649,P0057,2,14313.59,0.05
I007737,O04650,P0033,1,2436.78,0.15
I007738,O04650,P0324,3,2232.66,0.15
I007739,O04650,P0408,2,12252.4,0.15
I007740,O04651,P0417,1,7877.14,0.05
I007741,O04652,P0472,2,6339.28,0.1
I007742,O04653,P0149,1,18764.92,0.05
I007743,O04654,P0220,3,4537.91,0.2
I007744,O04655,P0448,1,11150.05,0.1
I007745,O04656,P0263,4,12622.11,0.1
I007746,O04657,P0377,1,7254.24,0.0
I007747,O04657,P0100,2,7091.79,0.0
I007748,O04658,P0080,1,8081.72,0.1
I007749,O04659,P0131,1,2329.3,0.15
I007750,O04659,P0138,1,9332.54,0.15
I007751,O04660,P0171,2,6118.98,0.2
I007752,O04661,P0076,1,12082.97,0.15
I007753,O04661,P0293,1,5390.99,0.15
I007754,O04661,P0430,1,14535.8,0.15
I007755,O04662,P0074,1,20503.04,0.1
I007756,O04663,P0494,1,9857.51,0.05
I007757,O04664,P0102,2,4552.64,0.05
I007758,O04665,P0314,2,5199.64,0.1
I007759,O04665,P0147,1,5903.16,0.1
I007760,O04665,P0340,3,6540.28,0.1
I007761,O04666,P0205,2,15563.05,0.0
I007762,O04667,P0258,2,5357.22,0.2
I007763,O04668,P0399,1,9834.2,0.05
I007764,O04668,P0112,1,10276.51,0.05
I007765,O04669,P0251,1,13718.51,0.15
I007766,O04670,P0238,2,16729.81,0.1
I007767,O04671,P0058,2,10856.44,0.15
I007768,O04672,P0354,2,749.54,0.15
I007769,O04672,P0304,1,5766.34,0.15
I007770,O04673,P0289,1,5068.21,0.05
I007771,O04673,P0041,1,11579.02,0.05
I007772,O04674,P0414,1,3244.46,0.1
I007773,O04675,P0213,3,13682.03,0.15
I007774,O04676,P0008,1,404.42,0.15
I007775,O04677,P0379,5,4596.34,0.1
I007776,O04677,P0265,1,16102.0,0.1
I007777,O04677,P0268,3,21182.18,0.1
I007778,O04678,P0104,2,389.71,0.15
I007779,O04678,P0198,1,15426.36,0.15
I007780,O04679,P0146,5,12538.22,0.05
I007781,O04680,P0474,3,2142.32,0.0
I007782,O04681,P0048,3,881.87,0.0
I007783,O04682,P0437,1,9057.77,0.1
I007784,O04683,P0259,1,9091.06,0.05
I007785,O04684,P0020,1,16894.73,0.05
I007786,O04684,P0136,1,10051.62,0.05
I007787,O04684,P0248,1,5481.12,0.05
I007788,O04684,P0037,1,5389.2,0.05
I007789,O04685,P0251,2,13718.51,0.05
I007790,O04685,P0382,2,17253.16,0.05
I007791,O04686,P0053,1,11740.23,0.1
I007792,O04687,P0461,1,6940.51,0.1
I007793,O04687,P0301,1,1551.88,0.1
I007794,O04687,P0441,1,11253.53,0.1
I007795,O04688,P0413,3,4516.32,0.0
I007796,O04688,P0316,2,18765.5,0.0
I007797,O04689,P0374,1,20293.37,0.2
I007798,O04689,P0475,1,6070.94,0.2
I007799,O04690,P0075,1,16717.1,0.05
I007800,O04691,P0437,1,9057.77,0.1
I007801,O04692,P0099,3,11095.32,0.05
I007802,O04692,P0068,2,658.18,0.05
I007803,O04692,P0057,1,14313.59,0.05
I007804,O04693,P0129,1,15750.63,0.15
I007805,O04694,P0236,1,13763.86,0.1
I007806,O04694,P0482,3,16166.73,0.1
I007807,O04695,P0248,2,5481.12,0.05
I007808,O04696,P0119,2,14136.98,0.25
I007809,O04696,P0251,2,13718.51,0.25
I007810,O04697,P0224,2,14337.8,0.2
I007811,O04698,P0275,2,18205.93,0.05
I007812,O04698,P0171,2,6118.98,0.05
I007813,O04699,P0119,1,14136.98,0.15
I007814,O04699,P0159,1,12341.8,0.15
I007815,O04700,P0411,2,9751.96,0.15
I007816,O04701,P0274,1,16208.88,0.0
I007817,O04702,P0306,1,20887.78,0.25
I007818,O04702,P0249,1,11650.12,0.25
I007819,O04702,P0198,2,15426.36,0.25
I007820,O04702,P0205,2,15563.05,0.25
I007821,O04703,P0129,1,15750.63,0.05
I007822,O04704,P0199,1,13045.06,0.2
I007823,O04705,P0101,1,13448.78,0.15
I007824,O04706,P0258,1,5357.22,0.1
I007825,O04706,P0060,2,10597.6,0.1
I007826,O04707,P0480,1,12036.43,0.15
I007827,O04707,P0030,4,18850.92,0.15
I007828,O04707,P0360,1,4434.75,0.15
I007829,O04708,P0475,2,6070.94,0.15
I007830,O04708,P0302,4,10139.5,0.15
I007831,O04708,P0023,1,8677.28,0.15
I007832,O04709,P0341,4,9492.87,0.15
I007833,O04709,P0007,1,20905.26,0.15
I007834,O04710,P0113,2,1476.37,0.2
I007835,O04711,P0016,1,4929.52,0.1
I007836,O04711,P0380,1,1803.38,0.1
I007837,O04712,P0427,1,2376.46,0.1
I007838,O04712,P0275,1,18205.93,0.1
I007839,O04713,P0007,1,20905.26,0.2
I007840,O04713,P0408,1,12252.4,0.2
I007841,O04714,P0145,1,5897.75,0.15
I007842,O04714,P0416,3,14378.26,0.15
I007843,O04715,P0110,1,239.19,0.0
I007844,O04716,P0419,2,11206.88,0.15
I007845,O04716,P0006,1,12139.02,0.15
I007846,O04717,P0496,1,20624.48,0.2
I007847,O04717,P0382,2,17253.16,0.2
I007848,O04718,P0253,1,10206.89,0.15
I007849,O04718,P0077,4,10405.98,0.15
I007850,O04718,P0261,2,9413.55,0.15
I007851,O04719,P0484,1,14051.85,0.1
I007852,O04720,P0165,1,8775.25,0.0
I007853,O04721,P0168,3,11374.5,0.25
I007854,O04722,P0269,3,9853.0,0.1
I007855,O04722,P0178,2,9447.65,0.1
I007856,O04722,P0147,1,5903.16,0.1
I007857,O04723,P0218,3,10519.23,0.0
I007858,O04724,P0372,1,5715.65,0.25
I007859,O04725,P0196,1,3827.41,0.1
I007860,O04725,P0085,1,14574.29,0.1
I007861,O04726,P0173,1,11347.23,0.0
I007862,O04727,P0294,1,9318.36,0.05
I007863,O04728,P0100,1,7091.79,0.25
I007864,O04729,P0492,1,13278.61,0.1
I007865,O04730,P0244,4,6694.24,0.1
I007866,O04730,P0129,4,15750.63,0.1
I007867,O04731,P0002,1,685.44,0.1
I007868,O04731,P0310,3,6739.9,0.1
I007869,O04732,P0494,2,9857.51,0.15
I007870,O04733,P0463,1,7934.67,0.05
I007871,O04733,P0102,1,4552.64,0.05
I007872,O04734,P0011,1,6896.23,0.1
I007873,O04735,P0234,1,6819.79,0.15
I007874,O04735,P0228,1,7442.22,0.15
I007875,O04735,P0472,1,6339.28,0.15
I007876,O04736,P0093,1,11807.43,0.1
I007877,O04736,P0383,1,5460.56,0.1
I007878,O04736,P0390,1,2477.97,0.1
I007879,O04737,P0028,1,2327.59,0.15
I007880,O04738,P0294,2,9318.36,0.25
I007881,O04738,P0249,1,11650.12,0.25
I007882,O04738,P0050,2,12181.9,0.25
I007883,O04739,P0281,2,8647.87,0.25
I007884,O04740,P0140,2,23423.37,0.1
I007885,O04741,P0496,1,20624.48,0.05
I007886,O04742,P0355,2,15161.64,0.05
I007887,O04743,P0282,2,4087.36,0.15
I007888,O04744,P0242,1,12806.32,0.0
I007889,O04745,P0285,1,11518.27,0.0
I007890,O04745,P0021,1,18265.35,0.0
I007891,O04746,P0161,1,4912.94,0.15
I007892,O04747,P0262,1,12660.19,0.2
I007893,O04748,P0034,2,3767.39,0.05
I007894,O04749,P0381,1,1646.42,0.0
I007895,O04750,P0045,1,5553.07,0.2
I007896,O04751,P0246,1,3212.48,0.05
I007897,O04751,P0029,2,7973.77,0.05
I007898,O04752,P0239,1,10044.2,0.1
I007899,O04753,P0343,1,21720.15,0.2
I007900,O04753,P0095,1,708.58,0.2
I007901,O04753,P0130,1,5669.17,0.2
I007902,O04754,P0436,2,9847.38,0.05
I007903,O04755,P0079,1,16242.79,0.1
I007904,O04755,P0211,2,12771.97,0.1
I007905,O04755,P0008,3,404.42,0.1
I007906,O04756,P0065,1,11896.67,0.3
I007907,O04756,P0125,1,8357.18,0.3
I007908,O04757,P0433,2,11369.56,0.15
I007909,O04758,P0239,1,10044.2,0.05
I007910,O04759,P0193,2,3841.48,0.15
I007911,O04760,P0336,1,5532.6,0.0
I007912,O04761,P0004,2,21658.55,0.05
I007913,O04762,P0483,2,14346.17,0.15
I007914,O04762,P0453,1,2027.99,0.15
I007915,O04763,P0470,3,16384.1,0.05
I007916,O04763,P0243,3,5300.75,0.05
I007917,O04764,P0161,1,4912.94,0.0
I007918,O04765,P0365,4,1546.12,0.05
I007919,O04765,P0380,1,1803.38,0.05
I007920,O04765,P0404,1,7190.22,0.05
I007921,O04766,P0134,1,8950.35,0.0
I007922,O04766,P0155,3,16173.54,0.0
I007923,O04767,P0388,2,10509.73,0.1
I007924,O04768,P0318,1,18336.52,0.0
I007925,O04769,P0497,2,5343.08,0.2
I007926,O04770,P0268,1,21182.18,0.15
I007927,O04771,P0189,1,1077.94,0.05
I007928,O04771,P0182,1,7028.31,0.05
I007929,O04771,P0172,1,13856.39,0.05
I007930,O04772,P0383,5,5460.56,0.1
I007931,O04772,P0225,1,925.67,0.1
I007932,O04772,P0356,2,17911.43,0.1
I007933,O04773,P0179,1,12189.37,0.2
I007934,O04774,P0168,3,11374.5,0.25
I007935,O04775,P0021,1,18265.35,0.0
I007936,O04775,P0122,1,20389.93,0.0
I007937,O04776,P0160,1,6251.25,0.15
I007938,O04777,P0269,1,9853.0,0.0
I007939,O04778,P0410,1,8140.59,0.0
I007940,O04778,P0185,2,11400.27,0.0
I007941,O04778,P0333,1,16891.72,0.0
I007942,O04779,P0004,1,21658.55,0.0
I007943,O04780,P0410,1,8140.59,0.1
I007944,O04780,P0430,1,14535.8,0.1
I007945,O04780,P0040,1,10694.19,0.1
I007946,O04781,P0272,1,13853.17,0.05
I007947,O04782,P0499,1,2390.13,0.0
I007948,O04782,P0084,4,10059.02,0.0
I007949,O04783,P0215,1,2961.47,0.1
I007950,O04783,P0292,3,21583.15,0.1
I007951,O04784,P0394,2,9719.2,0.1
I007952,O04784,P0132,1,8762.43,0.1
I007953,O04785,P0178,1,9447.65,0.15
I007954,O04786,P0109,3,7019.11,0.15
I007955,O04787,P0288,1,16170.77,0.1
I007956,O04788,P0379,1,4596.34,0.05
I007957,O04788,P0323,2,19857.8,0.05
I007958,O04789,P0414,2,3244.46,0.0
I007959,O04789,P0118,2,11312.75,0.0
I007960,O04790,P0445,1,5378.95,0.2
I007961,O04791,P0439,5,11309.42,0.05
I007962,O04791,P0442,2,12851.94,0.05
I007963,O04792,P0100,1,7091.79,0.05
I007964,O04793,P0011,2,6896.23,0.15
I007965,O04794,P0300,1,11744.09,0.0
I007966,O04795,P0367,2,14116.53,0.05
I007967,O04796,P0278,1,4045.44,0.1
I007968,O04797,P0141,1,2669.4,0.1
I007969,O04797,P0417,2,7877.14,0.1
I007970,O04798,P0383,3,5460.56,0.0
I007971,O04798,P0100,3,7091.79,0.0
I007972,O04798,P0060,2,10597.6,0.0
I007973,O04799,P0294,1,9318.36,0.0
I007974,O04800,P0139,1,11137.68,0.1
I007975,O04801,P0230,1,16237.69,0.05
I007976,O04802,P0404,2,7190.22,0.05
I007977,O04802,P0124,1,15514.19,0.05
I007978,O04803,P0329,1,6837.04,0.05
I007979,O04803,P0171,2,6118.98,0.05
I007980,O04804,P0138,2,9332.54,0.1
I007981,O04804,P0484,3,14051.85,0.1
I007982,O04805,P0288,1,16170.77,0.0
I007983,O04806,P0217,1,2504.14,0.0
I007984,O04806,P0148,2,3827.6,0.0
I007985,O04807,P0388,1,10509.73,0.05
I007986,O04808,P0306,1,20887.78,0.1
I007987,O04808,P0490,1,17879.27,0.1
I007988,O04809,P0428,1,15197.13,0.15
I007989,O04809,P0012,1,9210.89,0.15
I007990,O04810,P0389,1,10740.24,0.05
I007991,O04810,P0048,1,881.87,0.05
I007992,O04810,P0321,1,15173.01,0.05
I007993,O04811,P0100,1,7091.79,0.15
I007994,O04811,P0262,1,12660.19,0.15
I007995,O04812,P0192,2,13132.41,0.05
I007996,O04812,P0237,2,13454.07,0.05
I007997,O04813,P0315,3,8767.22,0.15
I007998,O04814,P0438,1,9736.72,0.1
I007999,O04814,P0405,1,10874.23,0.1
I008000,O04814,P0146,3,12538.22,0.1
I008001,O04815,P0227,1,1214.17,0.1
I008002,O04815,P0232,3,14966.59,0.1
I008003,O04816,P0320,1,22881.56,0.1
I008004,O04817,P0410,1,8140.59,0.0
I008005,O04818,P0102,1,4552.64,0.0
I008006,O04818,P0480,1,12036.43,0.0
I008007,O04819,P0049,1,10387.8,0.1
I008008,O04819,P0083,2,7026.05,0.1
I008009,O04820,P0210,2,3425.1,0.0
I008010,O04821,P0433,1,11369.56,0.0
I008011,O04822,P0474,2,2142.32,0.1
I008012,O04823,P0257,1,8094.05,0.1
I008013,O04824,P0146,1,12538.22,0.0
I008014,O04825,P0252,1,18803.98,0.2
I008015,O04826,P0016,5,4929.52,0.2
I008016,O04827,P0241,1,9473.89,0.05
I008017,O04828,P0253,1,10206.89,0.1
I008018,O04829,P0063,1,17989.43,0.15
I008019,O04829,P0059,2,7497.65,0.15
I008020,O04830,P0009,1,10894.67,0.15
I008021,O04830,P0275,2,18205.93,0.15
I008022,O04831,P0489,1,16108.48,0.05
I008023,O04832,P0159,2,12341.8,0.05
I008024,O04832,P0216,2,4253.32,0.05
I008025,O04833,P0106,2,5470.36,0.15
I008026,O04834,P0149,3,18764.92,0.05
I008027,O04835,P0006,1,12139.02,0.15
I008028,O04835,P0204,4,3139.42,0.15
I008029,O04836,P0240,1,16345.25,0.0
I008030,O04836,P0288,1,16170.77,0.0
I008031,O04837,P0456,1,5984.52,0.15
I008032,O04838,P0395,1,16050.27,0.15
I008033,O04839,P0076,1,12082.97,0.2
I008034,O04840,P0152,2,11257.85,0.1
I008035,O04841,P0122,2,20389.93,0.1
I008036,O04842,P0062,2,2140.31,0.05
I008037,O04842,P0435,1,11265.94,0.05
I008038,O04843,P0209,1,17935.22,0.0
I008039,O04843,P0203,3,14797.26,0.0
I008040,O04844,P0035,1,10869.62,0.0
I008041,O04845,P0148,1,3827.6,0.2
I008042,O04846,P0478,1,24448.55,0.1
I008043,O04846,P0300,1,11744.09,0.1
I008044,O04847,P0119,1,14136.98,0.05
I008045,O04847,P0180,3,5738.9,0.05
I008046,O04848,P0453,1,2027.99,0.2
I008047,O04849,P0032,2,12721.46,0.0
I008048,O04849,P0487,2,2276.61,0.0
I008049,O04850,P0182,2,7028.31,0.1
I008050,O04851,P0071,1,1222.75,0.15
I008051,O04852,P0135,1,13687.78,0.0
I008052,O04853,P0134,2,8950.35,0.0
I008053,O04853,P0330,5,621.58,0.0
I008054,O04853,P0173,1,11347.23,0.0
I008055,O04854,P0457,2,18511.82,0.0
I008056,O04855,P0354,1,749.54,0.25
I008057,O04856,P0384,3,21014.31,0.15
I008058,O04857,P0331,4,7610.91,0.0
I008059,O04857,P0064,1,18152.26,0.0
I008060,O04858,P0083,3,7026.05,0.15
I008061,O04859,P0017,3,9858.5,0.05
I008062,O04859,P0033,1,2436.78,0.05
I008063,O04859,P0354,1,749.54,0.05
I008064,O04860,P0302,2,10139.5,0.0
I008065,O04860,P0026,5,8043.88,0.0
I008066,O04861,P0255,1,2178.42,0.3
I008067,O04862,P0483,2,14346.17,0.0
I008068,O04862,P0162,1,11199.84,0.0
I008069,O04863,P0001,1,12680.89,0.15
I008070,O04864,P0243,1,5300.75,0.2
I008071,O04865,P0261,1,9413.55,0.1
I008072,O04865,P0121,2,5223.81,0.1
I008073,O04866,P0423,2,13857.3,0.25
I008074,O04866,P0301,4,1551.88,0.25
I008075,O04867,P0233,1,9166.88,0.0
I008076,O04868,P0406,2,1199.98,0.25
I008077,O04869,P0437,2,9057.77,0.0
I008078,O04870,P0272,1,13853.17,0.1
I008079,O04871,P0040,1,10694.19,0.2
I008080,O04872,P0012,2,9210.89,0.1
I008081,O04872,P0040,1,10694.19,0.1
I008082,O04873,P0187,3,6663.59,0.1
I008083,O04874,P0312,1,8312.33,0.0
I008084,O04875,P0331,2,7610.91,0.3
I008085,O04875,P0153,1,6065.86,0.3
I008086,O04875,P0061,1,9428.51,0.3
I008087,O04876,P0333,1,16891.72,0.05
I008088,O04876,P0190,1,4813.84,0.05
I008089,O04877,P0373,2,8955.67,0.2
I008090,O04877,P0323,1,19857.8,0.2
I008091,O04878,P0334,1,5599.91,0.25
I008092,O04878,P0244,1,6694.24,0.25
I008093,O04879,P0085,4,14574.29,0.05
I008094,O04879,P0090,1,19317.51,0.05
I008095,O04880,P0363,1,11446.48,0.15
I008096,O04881,P0049,1,10387.8,0.0
I008097,O04882,P0308,1,10963.13,0.15
I008098,O04882,P0276,1,15791.95,0.15
I008099,O04882,P0287,1,11017.89,0.15
I008100,O04883,P0205,1,15563.05,0.1
I008101,O04883,P0078,1,18121.01,0.1
I008102,O04883,P0094,4,6917.65,0.1
I008103,O04884,P0297,5,14103.76,0.0
I008104,O04884,P0356,1,17911.43,0.0
I008105,O04884,P0236,2,13763.86,0.0
I008106,O04885,P0064,2,18152.26,0.2
I008107,O04885,P0068,1,658.18,0.2
I008108,O04885,P0145,1,5897.75,0.2
I008109,O04886,P0256,1,10413.89,0.15
I008110,O04886,P0439,4,11309.42,0.15
I008111,O04887,P0486,4,7416.01,0.0
I008112,O04887,P0101,2,13448.78,0.0
I008113,O04887,P0333,1,16891.72,0.0
I008114,O04888,P0429,1,4623.76,0.1
I008115,O04888,P0347,1,207.7,0.1
I008116,O04888,P0310,1,6739.9,0.1
I008117,O04889,P0334,1,5599.91,0.05
I008118,O04890,P0472,1,6339.28,0.15
I008119,O04890,P0141,2,2669.4,0.15
I008120,O04890,P0402,1,5149.65,0.15
I008121,O04891,P0151,3,8069.27,0.1
I008122,O04891,P0114,1,2768.84,0.1
I008123,O04892,P0314,1,5199.64,0.05
I008124,O04893,P0433,2,11369.56,0.05
I008125,O04894,P0141,1,2669.4,0.15
I008126,O04894,P0279,1,820.43,0.15
I008127,O04894,P0424,1,1099.43,0.15
I008128,O04895,P0463,1,7934.67,0.15
I008129,O04896,P0475,1,6070.94,0.05
I008130,O04897,P0226,1,1989.2,0.1
I008131,O04897,P0089,1,21527.82,0.1
I008132,O04898,P0158,1,9904.7,0.1
I008133,O04899,P0340,1,6540.28,0.0
I008134,O04900,P0400,1,7063.54,0.1
I008135,O04901,P0188,1,6865.34,0.05
I008136,O04901,P0091,1,5800.05,0.05
I008137,O04901,P0380,2,1803.38,0.05
I008138,O04902,P0498,1,1038.57,0.1
I008139,O04903,P0091,1,5800.05,0.0
I008140,O04904,P0257,1,8094.05,0.1
I008141,O04905,P0202,3,4958.04,0.2
I008142,O04905,P0416,1,14378.26,0.2
I008143,O04906,P0162,2,11199.84,0.1
I008144,O04906,P0203,1,14797.26,0.1
I008145,O04906,P0468,1,17686.56,0.1
I008146,O04907,P0121,1,5223.81,0.1
I008147,O04907,P0444,2,4611.38,0.1
I008148,O04908,P0418,1,12929.12,0.15
I008149,O04908,P0253,2,10206.89,0.15
I008150,O04909,P0382,2,17253.16,0.05
I008151,O04910,P0056,1,5412.25,0.0
I008152,O04910,P0025,1,21151.19,0.0
I008153,O04910,P0052,2,22717.29,0.0
I008154,O04911,P0283,1,10933.03,0.2
I008155,O04911,P0459,3,15147.66,0.2
I008156,O04911,P0190,1,4813.84,0.2
I008157,O04912,P0356,2,17911.43,0.2
I008158,O04912,P0207,3,9618.99,0.2
I008159,O04913,P0391,1,16675.09,0.1
I008160,O04913,P0208,1,17414.46,0.1
I008161,O04914,P0049,1,10387.8,0.05
I008162,O04914,P0256,3,10413.89,0.05
I008163,O04914,P0134,5,8950.35,0.05
I008164,O04915,P0316,1,18765.5,0.15
I008165,O04916,P0044,1,4750.75,0.05
I008166,O04916,P0178,1,9447.65,0.05
I008167,O04916,P0420,1,5156.99,0.05
I008168,O04917,P0216,1,4253.32,0.2
I008169,O04918,P0054,1,22196.9,0.1
I008170,O04918,P0143,2,2154.67,0.1
I008171,O04918,P0340,2,6540.28,0.1
I008172,O04919,P0387,2,11008.74,0.0
I008173,O04920,P0366,2,12694.5,0.15
I008174,O04920,P0427,1,2376.46,0.15
I008175,O04921,P0454,1,13398.41,0.1
I008176,O04921,P0324,1,2232.66,0.1
I008177,O04922,P0321,2,15173.01,0.05
I008178,O04922,P0145,1,5897.75,0.05
I008179,O04922,P0297,2,14103.76,0.05
I008180,O04923,P0201,1,18090.68,0.1
I008181,O04924,P0270,5,15544.12,0.2
I008182,O04925,P0133,1,16221.29,0.05
I008183,O04926,P0232,2,14966.59,0.0
I008184,O04927,P0072,1,8074.69,0.15
I008185,O04928,P0143,1,2154.67,0.1
I008186,O04929,P0180,1,5738.9,0.2
I008187,O04930,P0311,2,13470.81,0.05
I008188,O04930,P0030,1,18850.92,0.05
I008189,O04930,P0113,1,1476.37,0.05
I008190,O04931,P0204,1,3139.42,0.1
I008191,O04932,P0364,2,20513.3,0.0
I008192,O04932,P0341,1,9492.87,0.0
I008193,O04933,P0036,4,22992.46,0.2
I008194,O04933,P0466,1,7584.85,0.2
I008195,O04934,P0089,1,21527.82,0.05
I008196,O04934,P0036,3,22992.46,0.05
I008197,O04935,P0498,1,1038.57,0.0
I008198,O04936,P0260,3,9638.98,0.1
I008199,O04937,P0424,1,1099.43,0.15
I008200,O04938,P0377,1,7254.24,0.05
I008201,O04938,P0330,2,621.58,0.05
I008202,O04939,P0352,1,10103.59,0.05
I008203,O04940,P0376,1,21096.71,0.05
I008204,O04941,P0296,1,10086.41,0.15
I008205,O04941,P0222,2,6948.91,0.15
I008206,O04941,P0271,2,10464.94,0.15
I008207,O04942,P0500,1,14456.78,0.15
I008208,O04943,P0257,3,8094.05,0.05
I008209,O04943,P0400,1,7063.54,0.05
I008210,O04944,P0321,4,15173.01,0.05
I008211,O04945,P0091,1,5800.05,0.2
I008212,O04945,P0311,1,13470.81,0.2
I008213,O04945,P0262,1,12660.19,0.2
I008214,O04946,P0429,4,4623.76,0.1
I008215,O04946,P0011,2,6896.23,0.1
I008216,O04947,P0362,1,7754.84,0.05
I008217,O04948,P0319,2,17097.24,0.0
I008218,O04949,P0200,1,9202.06,0.0
I008219,O04949,P0141,2,2669.4,0.0
I008220,O04950,P0290,1,5856.65,0.05
I008221,O04951,P0253,1,10206.89,0.15
I008222,O04951,P0111,1,4168.73,0.15
I008223,O04952,P0219,3,1340.09,0.05
I008224,O04953,P0077,4,10405.98,0.25
I008225,O04953,P0367,1,14116.53,0.25
I008226,O04953,P0138,3,9332.54,0.25
I008227,O04954,P0169,1,5258.15,0.05
I008228,O04955,P0385,4,9160.1,0.0
I008229,O04956,P0303,3,15132.39,0.0
I008230,O04956,P0016,1,4929.52,0.0
I008231,O04956,P0056,1,5412.25,0.0
I008232,O04957,P0170,3,10734.0,0.1
I008233,O04957,P0033,1,2436.78,0.1
I008234,O04958,P0139,1,11137.68,0.25
I008235,O04959,P0199,1,13045.06,0.2
I008236,O04960,P0383,3,5460.56,0.05
I008237,O04961,P0081,2,12661.97,0.15
I008238,O04962,P0171,1,6118.98,0.15
I008239,O04963,P0234,2,6819.79,0.0
I008240,O04964,P0133,3,16221.29,0.05
I008241,O04965,P0144,2,5083.64,0.0
I008242,O04965,P0317,1,14355.69,0.0
I008243,O04965,P0202,1,4958.04,0.0
I008244,O04966,P0426,1,17258.9,0.0
I008245,O04967,P0061,1,9428.51,0.1
I008246,O04967,P0208,2,17414.46,0.1
I008247,O04967,P0407,2,775.43,0.1
I008248,O04968,P0347,3,207.7,0.1
I008249,O04969,P0401,1,18961.41,0.0
I008250,O04970,P0018,1,8521.23,0.25
I008251,O04971,P0033,1,2436.78,0.1
I008252,O04971,P0036,2,22992.46,0.1
I008253,O04971,P0218,1,10519.23,0.1
I008254,O04972,P0438,1,9736.72,0.15
I008255,O04972,P0486,1,7416.01,0.15
I008256,O04972,P0481,1,1854.72,0.15
I008257,O04973,P0208,4,17414.46,0.1
I008258,O04974,P0076,1,12082.97,0.1
I008259,O04974,P0038,1,13981.96,0.1
I008260,O04975,P0014,1,14738.4,0.05
I008261,O04976,P0109,1,7019.11,0.2
I008262,O04977,P0051,1,13023.34,0.05
I008263,O04978,P0101,3,13448.78,0.25
I008264,O04979,P0233,1,9166.88,0.0
I008265,O04980,P0343,2,21720.15,0.0
I008266,O04980,P0427,2,2376.46,0.0
I008267,O04980,P0412,2,14362.31,0.0
I008268,O04981,P0356,2,17911.43,0.15
I008269,O04981,P0362,1,7754.84,0.15
I008270,O04982,P0406,1,1199.98,0.1
I008271,O04983,P0065,1,11896.67,0.15
I008272,O04984,P0070,1,3923.76,0.1
I008273,O04984,P0059,2,7497.65,0.1
I008274,O04984,P0286,1,8678.82,0.1
I008275,O04985,P0239,1,10044.2,0.1
I008276,O04986,P0310,1,6739.9,0.0
I008277,O04986,P0170,2,10734.0,0.0
I008278,O04987,P0420,1,5156.99,0.15
I008279,O04988,P0470,1,16384.1,0.1
I008280,O04989,P0247,2,5866.18,0.0
I008281,O04990,P0166,1,4299.84,0.05
I008282,O04990,P0082,2,8524.01,0.05
I008283,O04991,P0215,1,2961.47,0.15
I008284,O04992,P0286,1,8678.82,0.0
I008285,O04993,P0446,1,18710.12,0.2
I008286,O04994,P0191,1,14335.92,0.15
I008287,O04995,P0436,1,9847.38,0.05
I008288,O04995,P0184,1,5176.95,0.05
I008289,O04996,P0452,1,14623.62,0.2
I008290,O04997,P0226,3,1989.2,0.2
I008291,O04997,P0210,1,3425.1,0.2
I008292,O04998,P0059,1,7497.65,0.2
I008293,O04999,P0334,3,5599.91,0.05
I008294,O04999,P0374,2,20293.37,0.05
I008295,O04999,P0165,2,8775.25,0.05
I008296,O05000,P0324,5,2232.66,0.15
I008297,O05001,P0158,2,9904.7,0.1
I008298,O05002,P0105,1,10085.48,0.1
I008299,O05003,P0205,2,15563.05,0.1
I008300,O05004,P0132,3,8762.43,0.0
I008301,O05004,P0192,3,13132.41,0.0
I008302,O05004,P0130,1,5669.17,0.0
I008303,O05005,P0116,2,14318.59,0.0
I008304,O05005,P0307,1,8542.99,0.0
I008305,O05006,P0411,1,9751.96,0.15
I008306,O05007,P0137,2,2945.06,0.25
I008307,O05007,P0306,1,20887.78,0.25
I008308,O05007,P0151,2,8069.27,0.25
I008309,O05008,P0028,1,2327.59,0.05
I008310,O05009,P0132,4,8762.43,0.1
I008311,O05010,P0175,4,8354.48,0.05
I008312,O05010,P0409,1,8257.04,0.05
I008313,O05010,P0386,3,7920.43,0.05
I008314,O05011,P0050,1,12181.9,0.1
I008315,O05012,P0329,4,6837.04,0.0
I008316,O05013,P0152,2,11257.85,0.15
I008317,O05013,P0392,2,10129.56,0.15
I008318,O05014,P0087,1,5413.54,0.1
I008319,O05015,P0448,2,11150.05,0.05
I008320,O05016,P0341,2,9492.87,0.15
I008321,O05016,P0314,1,5199.64,0.15
I008322,O05017,P0284,2,9183.48,0.1
I008323,O05017,P0377,1,7254.24,0.1
I008324,O05017,P0419,1,11206.88,0.1
I008325,O05017,P0170,3,10734.0,0.1
I008326,O05018,P0210,1,3425.1,0.1
I008327,O05019,P0398,2,15186.38,0.1
I008328,O05020,P0303,3,15132.39,0.25
I008329,O05021,P0171,2,6118.98,0.0
I008330,O05021,P0339,1,8938.6,0.0
I008331,O05022,P0209,1,17935.22,0.25
I008332,O05023,P0342,1,8867.09,0.0
I008333,O05024,P0321,3,15173.01,0.05
I008334,O05024,P0329,1,6837.04,0.05
I008335,O05025,P0080,1,8081.72,0.25
I008336,O05025,P0417,1,7877.14,0.25
I008337,O05026,P0243,1,5300.75,0.15
I008338,O05027,P0292,2,21583.15,0.05
I008339,O05028,P0434,1,15961.32,0.1
I008340,O05028,P0384,1,21014.31,0.1
I008341,O05029,P0383,1,5460.56,0.05
I008342,O05029,P0186,1,14403.22,0.05
I008343,O05030,P0448,3,11150.05,0.05
I008344,O05030,P0297,1,14103.76,0.05
I008345,O05030,P0126,2,12590.35,0.05
I008346,O05031,P0080,2,8081.72,0.0
I008347,O05032,P0089,1,21527.82,0.0
I008348,O05033,P0133,2,16221.29,0.1
I008349,O05034,P0474,4,2142.32,0.1
I008350,O05034,P0045,1,5553.07,0.1
I008351,O05035,P0034,1,3767.39,0.15
I008352,O05036,P0424,1,1099.43,0.0
I008353,O05037,P0121,1,5223.81,0.1
I008354,O05037,P0043,3,230.23,0.1
I008355,O05038,P0430,2,14535.8,0.25
I008356,O05038,P0138,1,9332.54,0.25
I008357,O05039,P0446,1,18710.12,0.2
I008358,O05039,P0026,1,8043.88,0.2
I008359,O05039,P0290,1,5856.65,0.2
I008360,O05040,P0223,1,12111.39,0.1
I008361,O05041,P0169,1,5258.15,0.0
I008362,O05041,P0303,2,15132.39,0.0
I008363,O05042,P0396,1,6181.52,0.0
I008364,O05042,P0221,1,9748.25,0.0
I008365,O05042,P0253,3,10206.89,0.0
I008366,O05042,P0059,1,7497.65,0.0
I008367,O05043,P0012,2,9210.89,0.1
I008368,O05044,P0402,2,5149.65,0.1
I008369,O05044,P0248,1,5481.12,0.1
I008370,O05044,P0201,1,18090.68,0.1
I008371,O05045,P0283,2,10933.03,0.25
I008372,O05045,P0272,3,13853.17,0.25
I008373,O05045,P0152,1,11257.85,0.25
I008374,O05046,P0058,1,10856.44,0.2
I008375,O05047,P0056,1,5412.25,0.1
I008376,O05048,P0086,1,12651.01,0.05
I008377,O05049,P0054,4,22196.9,0.0
I008378,O05049,P0499,2,2390.13,0.0
I008379,O05049,P0164,2,744.63,0.0
I008380,O05050,P0455,1,6841.97,0.0
I008381,O05051,P0231,2,5606.43,0.1
I008382,O05051,P0349,1,17040.15,0.1
I008383,O05052,P0342,1,8867.09,0.0
I008384,O05052,P0407,1,775.43,0.0
I008385,O05053,P0131,1,2329.3,0.0
I008386,O05053,P0165,1,8775.25,0.0
I008387,O05054,P0411,1,9751.96,0.3
I008388,O05055,P0344,2,5745.03,0.15
I008389,O05056,P0385,2,9160.1,0.1
I008390,O05057,P0074,1,20503.04,0.2
I008391,O05058,P0001,1,12680.89,0.0
I008392,O05059,P0231,1,5606.43,0.05
I008393,O05059,P0241,1,9473.89,0.05
I008394,O05059,P0496,1,20624.48,0.05
I008395,O05060,P0314,1,5199.64,0.05
I008396,O05060,P0161,4,4912.94,0.05
I008397,O05061,P0141,1,2669.4,0.3
I008398,O05061,P0125,1,8357.18,0.3
I008399,O05062,P0442,2,12851.94,0.2
I008400,O05063,P0218,1,10519.23,0.1
I008401,O05064,P0166,1,4299.84,0.1
I008402,O05064,P0496,1,20624.48,0.1
I008403,O05064,P0307,2,8542.99,0.1
I008404,O05065,P0060,1,10597.6,0.3
I008405,O05065,P0128,1,11542.08,0.3
I008406,O05065,P0210,1,3425.1,0.3
I008407,O05066,P0354,1,749.54,0.05
I008408,O05067,P0333,2,16891.72,0.1
I008409,O05068,P0074,1,20503.04,0.15
I008410,O05069,P0201,1,18090.68,0.15
I008411,O05070,P0108,2,11560.22,0.1
I008412,O05070,P0213,2,13682.03,0.1
I008413,O05071,P0023,3,8677.28,0.25
I008414,O05071,P0389,2,10740.24,0.25
I008415,O05071,P0491,1,14558.18,0.25
I008416,O05071,P0213,1,13682.03,0.25
I008417,O05072,P0119,2,14136.98,0.05
I008418,O05073,P0096,1,7114.07,0.1
I008419,O05073,P0314,1,5199.64,0.1
I008420,O05074,P0486,4,7416.01,0.15
I008421,O05075,P0437,1,9057.77,0.05
I008422,O05075,P0152,1,11257.85,0.05
I008423,O05075,P0029,1,7973.77,0.05
I008424,O05076,P0349,2,17040.15,0.2
I008425,O05077,P0053,2,11740.23,0.1
I008426,O05078,P0160,1,6251.25,0.05
I008427,O05079,P0099,3,11095.32,0.1
I008428,O05079,P0118,2,11312.75,0.1
I008429,O05080,P0033,4,2436.78,0.25
I008430,O05080,P0146,1,12538.22,0.25
I008431,O05081,P0249,1,11650.12,0.3
I008432,O05081,P0484,1,14051.85,0.3
I008433,O05082,P0042,1,18369.63,0.05
I008434,O05082,P0466,2,7584.85,0.05
I008435,O05082,P0238,1,16729.81,0.05
I008436,O05083,P0409,1,8257.04,0.2
I008437,O05084,P0401,1,18961.41,0.0
I008438,O05084,P0259,1,9091.06,0.0
I008439,O05085,P0342,1,8867.09,0.0
I008440,O05086,P0042,1,18369.63,0.1
I008441,O05086,P0429,3,4623.76,0.1
I008442,O05087,P0357,1,4004.54,0.1
I008443,O05087,P0214,1,3598.9,0.1
I008444,O05088,P0001,3,12680.89,0.1
I008445,O05089,P0284,2,9183.48,0.05
I008446,O05090,P0143,1,2154.67,0.1
I008447,O05091,P0024,1,14146.9,0.0
I008448,O05092,P0175,1,8354.48,0.1
I008449,O05093,P0020,2,16894.73,0.05
I008450,O05094,P0427,2,2376.46,0.05
I008451,O05095,P0205,2,15563.05,0.1
I008452,O05095,P0267,1,13380.29,0.1
I008453,O05096,P0262,2,12660.19,0.15
I008454,O05097,P0439,1,11309.42,0.15
I008455,O05098,P0374,1,20293.37,0.1
I008456,O05099,P0210,4,3425.1,0.05
I008457,O05099,P0389,1,10740.24,0.05
I008458,O05099,P0003,1,14157.19,0.05
I008459,O05100,P0498,1,1038.57,0.05
I008460,O05100,P0217,2,2504.14,0.05
I008461,O05101,P0304,1,5766.34,0.1
I008462,O05101,P0015,1,198.88,0.1
I008463,O05101,P0329,2,6837.04,0.1
I008464,O05102,P0201,1,18090.68,0.05
I008465,O05103,P0399,1,9834.2,0.05
I008466,O05104,P0257,1,8094.05,0.1
I008467,O05104,P0371,1,14987.41,0.1
I008468,O05105,P0240,3,16345.25,0.1
I008469,O05106,P0074,1,20503.04,0.05
I008470,O05106,P0246,1,3212.48,0.05
I008471,O05106,P0364,1,20513.3,0.05
I008472,O05107,P0064,2,18152.26,0.05
I008473,O05108,P0015,1,198.88,0.15
I008474,O05108,P0336,1,5532.6,0.15
I008475,O05109,P0117,1,5812.89,0.05
I008476,O05109,P0233,1,9166.88,0.05
I008477,O05109,P0027,2,6637.92,0.05
I008478,O05110,P0094,1,6917.65,0.1
I008479,O05111,P0251,4,13718.51,0.1
I008480,O05112,P0486,1,7416.01,0.05
I008481,O05113,P0318,1,18336.52,0.2
I008482,O05113,P0384,1,21014.31,0.2
I008483,O05114,P0060,3,10597.6,0.05
I008484,O05115,P0356,1,17911.43,0.15
I008485,O05115,P0103,1,9874.02,0.15
I008486,O05116,P0165,1,8775.25,0.05
I008487,O05117,P0104,1,389.71,0.1
I008488,O05117,P0288,2,16170.77,0.1
I008489,O05118,P0421,2,3134.29,0.05
I008490,O05118,P0257,2,8094.05,0.05
I008491,O05119,P0414,1,3244.46,0.15
I008492,O05120,P0265,2,16102.0,0.0
I008493,O05121,P0450,1,2255.15,0.05
I008494,O05122,P0309,3,879.52,0.1
I008495,O05123,P0392,3,10129.56,0.1
I008496,O05124,P0401,3,18961.41,0.0
I008497,O05125,P0248,1,5481.12,0.05
I008498,O05125,P0398,1,15186.38,0.05
I008499,O05126,P0449,1,3785.19,0.0
I008500,O05127,P0057,1,14313.59,0.2
I008501,O05128,P0350,1,14181.21,0.3
I008502,O05129,P0132,1,8762.43,0.05
I008503,O05130,P0290,3,5856.65,0.1
I008504,O05131,P0064,1,18152.26,0.1
I008505,O05132,P0132,3,8762.43,0.0
I008506,O05132,P0268,1,21182.18,0.0
I008507,O05133,P0151,4,8069.27,0.15
I008508,O05133,P0085,1,14574.29,0.15
I008509,O05134,P0416,1,14378.26,0.1
I008510,O05134,P0105,5,10085.48,0.1
I008511,O05134,P0135,3,13687.78,0.1
I008512,O05135,P0241,2,9473.89,0.1
I008513,O05135,P0317,1,14355.69,0.1
I008514,O05135,P0424,1,1099.43,0.1
I008515,O05136,P0214,1,3598.9,0.0
I008516,O05137,P0032,2,12721.46,0.0
I008517,O05138,P0346,1,17166.81,0.25
I008518,O05139,P0054,2,22196.9,0.25
I008519,O05140,P0282,2,4087.36,0.0
I008520,O05140,P0410,1,8140.59,0.0
I008521,O05141,P0449,2,3785.19,0.1
I008522,O05142,P0158,3,9904.7,0.0
I008523,O05143,P0014,2,14738.4,0.15
I008524,O05144,P0269,3,9853.0,0.0
I008525,O05145,P0478,1,24448.55,0.1
I008526,O05145,P0404,2,7190.22,0.1
I008527,O05145,P0484,1,14051.85,0.1
I008528,O05145,P0440,1,10988.87,0.1
I008529,O05146,P0389,1,10740.24,0.1
I008530,O05146,P0431,1,7800.63,0.1
I008531,O05146,P0063,1,17989.43,0.1
I008532,O05146,P0465,1,7131.53,0.1
I008533,O05147,P0211,1,12771.97,0.0
I008534,O05148,P0144,1,5083.64,0.1
I008535,O05149,P0212,2,15959.35,0.25
I008536,O05149,P0302,2,10139.5,0.25
I008537,O05150,P0317,1,14355.69,0.0
I008538,O05151,P0437,1,9057.77,0.15
I008539,O05152,P0219,4,1340.09,0.05
I008540,O05153,P0347,1,207.7,0.05
I008541,O05153,P0370,1,12293.71,0.05
I008542,O05154,P0031,3,10837.07,0.1
I008543,O05155,P0076,2,12082.97,0.25
I008544,O05156,P0189,2,1077.94,0.05
I008545,O05157,P0235,1,17675.52,0.3
I008546,O05158,P0213,1,13682.03,0.0
I008547,O05158,P0311,3,13470.81,0.0
I008548,O05158,P0301,1,1551.88,0.0
I008549,O05158,P0144,2,5083.64,0.0
I008550,O05159,P0392,1,10129.56,0.25
I008551,O05159,P0067,5,18606.26,0.25
I008552,O05160,P0334,1,5599.91,0.0
I008553,O05161,P0026,1,8043.88,0.0
I008554,O05161,P0314,1,5199.64,0.0
I008555,O05161,P0217,2,2504.14,0.0
I008556,O05161,P0043,1,230.23,0.0
I008557,O05162,P0005,1,2113.83,0.25
I008558,O05163,P0352,2,10103.59,0.05
I008559,O05164,P0465,1,7131.53,0.0
I008560,O05165,P0084,1,10059.02,0.2
I008561,O05166,P0283,4,10933.03,0.2
I008562,O05166,P0495,3,3120.64,0.2
I008563,O05167,P0062,1,2140.31,0.15
I008564,O05168,P0402,3,5149.65,0.25
I008565,O05169,P0249,1,11650.12,0.05
I008566,O05169,P0440,2,10988.87,0.05
I008567,O05169,P0374,1,20293.37,0.05
I008568,O05170,P0169,1,5258.15,0.1
I008569,O05171,P0246,2,3212.48,0.15
I008570,O05172,P0223,1,12111.39,0.25
I008571,O05173,P0034,1,3767.39,0.2
I008572,O05174,P0338,1,9789.99,0.0
I008573,O05175,P0077,1,10405.98,0.05
I008574,O05175,P0370,3,12293.71,0.05
I008575,O05175,P0232,1,14966.59,0.05
I008576,O05176,P0229,2,971.19,0.1
I008577,O05176,P0426,2,17258.9,0.1
I008578,O05176,P0166,4,4299.84,0.1
I008579,O05177,P0499,1,2390.13,0.2
I008580,O05178,P0295,2,12191.72,0.05
I008581,O05178,P0076,1,12082.97,0.05
I008582,O05179,P0153,1,6065.86,0.0
I008583,O05179,P0154,2,13970.67,0.0
I008584,O05180,P0240,1,16345.25,0.05
I008585,O05180,P0077,1,10405.98,0.05
I008586,O05181,P0285,1,11518.27,0.1
I008587,O05182,P0380,1,1803.38,0.0
I008588,O05182,P0356,1,17911.43,0.0
I008589,O05183,P0136,3,10051.62,0.0
I008590,O05183,P0090,3,19317.51,0.0
I008591,O05183,P0108,3,11560.22,0.0
I008592,O05184,P0137,1,2945.06,0.1
I008593,O05185,P0479,1,2007.3,0.1
I008594,O05186,P0196,2,3827.41,0.15
I008595,O05186,P0283,1,10933.03,0.15
I008596,O05186,P0033,1,2436.78,0.15
I008597,O05187,P0004,2,21658.55,0.1
I008598,O05187,P0041,1,11579.02,0.1
I008599,O05188,P0018,1,8521.23,0.1
I008600,O05189,P0199,1,13045.06,0.0
I008601,O05189,P0052,1,22717.29,0.0
I008602,O05190,P0417,1,7877.14,0.05
I008603,O05191,P0144,1,5083.64,0.15
I008604,O05191,P0211,1,12771.97,0.15
I008605,O05191,P0457,1,18511.82,0.15
I008606,O05192,P0164,2,744.63,0.1
I008607,O05193,P0179,2,12189.37,0.05
I008608,O05194,P0483,1,14346.17,0.05
I008609,O05194,P0127,4,12125.3,0.05
I008610,O05195,P0271,1,10464.94,0.0
I008611,O05196,P0489,1,16108.48,0.2
I008612,O05197,P0247,1,5866.18,0.2
I008613,O05198,P0222,1,6948.91,0.05
I008614,O05199,P0138,1,9332.54,0.15
I008615,O05199,P0197,1,5628.38,0.15
I008616,O05200,P0436,2,9847.38,0.0
I008617,O05201,P0051,4,13023.34,0.2
I008618,O05201,P0030,1,18850.92,0.2
I008619,O05201,P0241,1,9473.89,0.2
I008620,O05202,P0115,1,10805.92,0.2
I008621,O05203,P0238,2,16729.81,0.0
I008622,O05203,P0335,3,3821.2,0.0
I008623,O05204,P0200,1,9202.06,0.15
I008624,O05205,P0472,1,6339.28,0.1
I008625,O05206,P0240,2,16345.25,0.15
I008626,O05206,P0354,1,749.54,0.15
I008627,O05206,P0269,1,9853.0,0.15
I008628,O05207,P0089,1,21527.82,0.1
I008629,O05208,P0086,1,12651.01,0.0
I008630,O05209,P0073,1,14367.83,0.2
I008631,O05210,P0436,1,9847.38,0.0
I008632,O05211,P0329,1,6837.04,0.05
I008633,O05212,P0109,3,7019.11,0.3
I008634,O05212,P0028,1,2327.59,0.3
I008635,O05212,P0324,1,2232.66,0.3
I008636,O05213,P0281,5,8647.87,0.1
I008637,O05213,P0113,1,1476.37,0.1
I008638,O05213,P0442,2,12851.94,0.1
I008639,O05214,P0237,1,13454.07,0.2
I008640,O05214,P0159,2,12341.8,0.2
I008641,O05215,P0063,2,17989.43,0.0
I008642,O05216,P0490,1,17879.27,0.2
I008643,O05216,P0280,1,19260.63,0.2
I008644,O05217,P0095,1,708.58,0.1
I008645,O05217,P0370,1,12293.71,0.1
I008646,O05217,P0433,2,11369.56,0.1
I008647,O05217,P0236,1,13763.86,0.1
I008648,O05218,P0091,1,5800.05,0.1
I008649,O05218,P0259,2,9091.06,0.1
I008650,O05218,P0089,1,21527.82,0.1
I008651,O05219,P0264,1,11827.53,0.25
I008652,O05220,P0096,1,7114.07,0.2
I008653,O05220,P0398,1,15186.38,0.2
I008654,O05221,P0329,1,6837.04,0.05
I008655,O05221,P0465,1,7131.53,0.05
I008656,O05222,P0148,1,3827.6,0.25
I008657,O05222,P0210,1,3425.1,0.25
I008658,O05222,P0434,1,15961.32,0.25
I008659,O05223,P0173,4,11347.23,0.0
I008660,O05224,P0066,1,4602.72,0.0
I008661,O05224,P0491,1,14558.18,0.0
I008662,O05225,P0091,1,5800.05,0.1
I008663,O05226,P0039,4,1954.54,0.15
I008664,O05227,P0280,1,19260.63,0.05
I008665,O05228,P0475,1,6070.94,0.0
I008666,O05228,P0084,2,10059.02,0.0
I008667,O05229,P0317,1,14355.69,0.2
I008668,O05230,P0192,1,13132.41,0.3
I008669,O05231,P0380,1,1803.38,0.15
I008670,O05231,P0261,2,9413.55,0.15
I008671,O05231,P0461,5,6940.51,0.15
I008672,O05231,P0335,1,3821.2,0.15
I008673,O05232,P0462,1,8013.86,0.25
I008674,O05233,P0009,3,10894.67,0.2
I008675,O05233,P0195,1,18266.79,0.2
I008676,O05234,P0154,5,13970.67,0.05
I008677,O05235,P0465,3,7131.53,0.0
I008678,O05235,P0076,4,12082.97,0.0
I008679,O05236,P0354,1,749.54,0.15
I008680,O05236,P0084,1,10059.02,0.15
I008681,O05237,P0207,5,9618.99,0.15
I008682,O05238,P0099,3,11095.32,0.15
I008683,O05239,P0066,3,4602.72,0.15
I008684,O05240,P0470,2,16384.1,0.1
I008685,O05240,P0243,2,5300.75,0.1
I008686,O05241,P0411,2,9751.96,0.25
I008687,O05241,P0193,2,3841.48,0.25
I008688,O05241,P0429,1,4623.76,0.25
I008689,O05242,P0189,2,1077.94,0.15
I008690,O05242,P0355,1,15161.64,0.15
I008691,O05243,P0275,1,18205.93,0.0
I008692,O05244,P0090,1,19317.51,0.15
I008693,O05245,P0050,2,12181.9,0.1
I008694,O05246,P0337,2,6259.83,0.0
I008695,O05247,P0368,3,19421.03,0.1
I008696,O05247,P0286,1,8678.82,0.1
I008697,O05248,P0118,1,11312.75,0.1
I008698,O05248,P0206,2,13942.45,0.1
I008699,O05248,P0387,4,11008.74,0.1
I008700,O05249,P0321,1,15173.01,0.1
I008701,O05249,P0315,3,8767.22,0.1
I008702,O05250,P0005,1,2113.83,0.1
I008703,O05250,P0180,1,5738.9,0.1
I008704,O05251,P0193,1,3841.48,0.1
I008705,O05252,P0029,1,7973.77,0.15
I008706,O05253,P0472,2,6339.28,0.15
I008707,O05254,P0422,1,6180.37,0.15
I008708,O05254,P0477,2,13272.75,0.15
I008709,O05255,P0250,1,17490.25,0.2
I008710,O05256,P0374,1,20293.37,0.1
I008711,O05257,P0151,3,8069.27,0.0
I008712,O05257,P0224,2,14337.8,0.0
I008713,O05257,P0247,1,5866.18,0.0
I008714,O05258,P0375,2,1937.18,0.05
I008715,O05259,P0241,3,9473.89,0.0
I008716,O05260,P0025,1,21151.19,0.1
I008717,O05261,P0404,4,7190.22,0.25
I008718,O05262,P0140,1,23423.37,0.2
I008719,O05263,P0293,2,5390.99,0.1
I008720,O05263,P0300,3,11744.09,0.1
I008721,O05263,P0473,2,731.76,0.1
I008722,O05264,P0465,2,7131.53,0.15
I008723,O05264,P0011,4,6896.23,0.15
I008724,O05265,P0190,4,4813.84,0.15
I008725,O05265,P0387,1,11008.74,0.15
I008726,O05266,P0256,1,10413.89,0.1
I008727,O05266,P0314,1,5199.64,0.1
I008728,O05266,P0170,1,10734.0,0.1
I008729,O05267,P0012,1,9210.89,0.2
I008730,O05268,P0020,1,16894.73,0.05
I008731,O05269,P0466,2,7584.85,0.15
I008732,O05269,P0406,1,1199.98,0.15
I008733,O05269,P0286,2,8678.82,0.15
I008734,O05270,P0336,2,5532.6,0.0
I008735,O05271,P0274,2,16208.88,0.0
I008736,O05271,P0497,1,5343.08,0.0
I008737,O05272,P0230,2,16237.69,0.25
I008738,O05273,P0093,5,11807.43,0.1
I008739,O05274,P0466,3,7584.85,0.15
I008740,O05275,P0078,2,18121.01,0.2
I008741,O05276,P0070,1,3923.76,0.25
I008742,O05276,P0385,3,9160.1,0.25
I008743,O05277,P0218,3,10519.23,0.0
I008744,O05277,P0050,1,12181.9,0.0
I008745,O05277,P0390,1,2477.97,0.0
I008746,O05278,P0101,1,13448.78,0.15
I008747,O05279,P0162,2,11199.84,0.1
I008748,O05280,P0036,1,22992.46,0.1
I008749,O05281,P0333,1,16891.72,0.0
I008750,O05282,P0187,4,6663.59,0.15
I008751,O05283,P0358,1,17680.82,0.05
I008752,O05283,P0342,1,8867.09,0.05
I008753,O05284,P0135,1,13687.78,0.05
I008754,O05284,P0170,2,10734.0,0.05
I008755,O05285,P0138,1,9332.54,0.15
I008756,O05285,P0001,1,12680.89,0.15
I008757,O05285,P0282,2,4087.36,0.15
I008758,O05286,P0091,2,5800.05,0.05
I008759,O05287,P0193,4,3841.48,0.1
I008760,O05288,P0074,3,20503.04,0.05
I008761,O05289,P0048,2,881.87,0.2
I008762,O05289,P0371,1,14987.41,0.2
I008763,O05290,P0387,5,11008.74,0.25
I008764,O05291,P0194,1,4785.07,0.2
I008765,O05292,P0064,5,18152.26,0.05
I008766,O05293,P0157,1,1053.8,0.0
I008767,O05294,P0158,3,9904.7,0.15
I008768,O05295,P0192,1,13132.41,0.2
I008769,O05296,P0025,1,21151.19,0.1
I008770,O05297,P0035,3,10869.62,0.0
I008771,O05298,P0229,1,971.19,0.0
I008772,O05298,P0469,1,12828.28,0.0
I008773,O05299,P0332,1,9365.5,0.05
I008774,O05300,P0434,1,15961.32,0.1
I008775,O05300,P0343,1,21720.15,0.1
I008776,O05301,P0306,1,20887.78,0.05
I008777,O05301,P0478,2,24448.55,0.05
I008778,O05301,P0414,5,3244.46,0.05
I008779,O05302,P0021,1,18265.35,0.1
I008780,O05303,P0181,2,6969.81,0.25
I008781,O05304,P0088,1,10596.08,0.0
I008782,O05304,P0259,2,9091.06,0.0
I008783,O05305,P0057,1,14313.59,0.15
I008784,O05305,P0401,2,18961.41,0.15
I008785,O05306,P0407,1,775.43,0.1
I008786,O05307,P0368,3,19421.03,0.15
I008787,O05308,P0349,2,17040.15,0.25
I008788,O05308,P0303,1,15132.39,0.25
I008789,O05309,P0400,3,7063.54,0.1
I008790,O05310,P0424,1,1099.43,0.0
I008791,O05311,P0268,2,21182.18,0.2
I008792,O05311,P0114,1,2768.84,0.2
I008793,O05311,P0056,1,5412.25,0.2
I008794,O05312,P0299,1,9253.96,0.05
I008795,O05313,P0437,1,9057.77,0.2
I008796,O05313,P0362,2,7754.84,0.2
I008797,O05314,P0374,1,20293.37,0.0
I008798,O05314,P0130,1,5669.17,0.0
I008799,O05315,P0375,2,1937.18,0.05
I008800,O05316,P0279,2,820.43,0.25
I008801,O05317,P0359,1,17408.84,0.2
I008802,O05317,P0238,1,16729.81,0.2
I008803,O05318,P0032,1,12721.46,0.05
I008804,O05319,P0418,1,12929.12,0.15
I008805,O05319,P0371,3,14987.41,0.15
I008806,O05319,P0136,1,10051.62,0.15
I008807,O05320,P0489,1,16108.48,0.0
I008808,O05320,P0339,1,8938.6,0.0
I008809,O05321,P0367,2,14116.53,0.0
I008810,O05321,P0047,2,3795.44,0.0
I008811,O05322,P0173,4,11347.23,0.05
I008812,O05322,P0211,1,12771.97,0.05
I008813,O05323,P0109,1,7019.11,0.0
I008814,O05323,P0251,1,13718.51,0.0
I008815,O05323,P0386,3,7920.43,0.0
I008816,O05323,P0350,1,14181.21,0.0
I008817,O05324,P0177,1,5666.47,0.1
I008818,O05325,P0193,3,3841.48,0.05
I008819,O05326,P0049,1,10387.8,0.1
I008820,O05327,P0147,4,5903.16,0.15
I008821,O05328,P0220,1,4537.91,0.1
I008822,O05329,P0134,4,8950.35,0.05
I008823,O05330,P0449,1,3785.19,0.0
I008824,O05330,P0170,3,10734.0,0.0
I008825,O05330,P0097,1,16913.36,0.0
I008826,O05331,P0491,1,14558.18,0.15
I008827,O05332,P0043,1,230.23,0.05
I008828,O05332,P0117,1,5812.89,0.05
I008829,O05332,P0183,1,208.22,0.05
I008830,O05333,P0310,2,6739.9,0.05
I008831,O05334,P0173,3,11347.23,0.15
I008832,O05335,P0269,1,9853.0,0.1
I008833,O05336,P0308,1,10963.13,0.05
I008834,O05337,P0007,2,20905.26,0.15
I008835,O05337,P0074,2,20503.04,0.15
I008836,O05338,P0025,2,21151.19,0.15
I008837,O05339,P0431,2,7800.63,0.3
I008838,O05340,P0073,1,14367.83,0.1
I008839,O05340,P0218,1,10519.23,0.1
I008840,O05340,P0021,1,18265.35,0.1
I008841,O05340,P0159,3,12341.8,0.1
I008842,O05341,P0497,2,5343.08,0.0
I008843,O05341,P0192,1,13132.41,0.0
I008844,O05341,P0197,1,5628.38,0.0
I008845,O05342,P0189,2,1077.94,0.1
I008846,O05343,P0405,1,10874.23,0.0
I008847,O05344,P0166,1,4299.84,0.25
I008848,O05345,P0318,1,18336.52,0.0
I008849,O05346,P0256,1,10413.89,0.25
I008850,O05346,P0121,1,5223.81,0.25
I008851,O05347,P0157,1,1053.8,0.25
I008852,O05347,P0466,5,7584.85,0.25
I008853,O05348,P0091,2,5800.05,0.15
I008854,O05349,P0252,3,18803.98,0.0
I008855,O05349,P0311,1,13470.81,0.0
I008856,O05349,P0268,2,21182.18,0.0
I008857,O05350,P0210,1,3425.1,0.1
I008858,O05351,P0200,4,9202.06,0.05
I008859,O05351,P0189,2,1077.94,0.05
I008860,O05351,P0493,1,17331.35,0.05
I008861,O05352,P0294,1,9318.36,0.2
I008862,O05352,P0224,4,14337.8,0.2
I008863,O05353,P0154,1,13970.67,0.05
I008864,O05354,P0022,1,16227.09,0.1
I008865,O05355,P0228,2,7442.22,0.1
I008866,O05355,P0234,1,6819.79,0.1
I008867,O05356,P0287,1,11017.89,0.0
I008868,O05357,P0491,2,14558.18,0.1
I008869,O05358,P0276,2,15791.95,0.05
I008870,O05359,P0079,3,16242.79,0.1
I008871,O05359,P0247,1,5866.18,0.1
I008872,O05359,P0177,1,5666.47,0.1
I008873,O05360,P0115,1,10805.92,0.0
I008874,O05360,P0125,2,8357.18,0.0
I008875,O05361,P0052,1,22717.29,0.05
I008876,O05361,P0220,1,4537.91,0.05
I008877,O05362,P0362,2,7754.84,0.1
I008878,O05363,P0308,3,10963.13,0.1
I008879,O05364,P0009,1,10894.67,0.0
I008880,O05365,P0435,4,11265.94,0.1
I008881,O05365,P0423,2,13857.3,0.1
I008882,O05365,P0303,1,15132.39,0.1
I008883,O05366,P0061,1,9428.51,0.1
I008884,O05366,P0389,3,10740.24,0.1
I008885,O05367,P0486,1,7416.01,0.0
I008886,O05368,P0349,1,17040.15,0.1
I008887,O05368,P0190,1,4813.84,0.1
I008888,O05368,P0365,1,1546.12,0.1
I008889,O05368,P0023,1,8677.28,0.1
I008890,O05369,P0411,1,9751.96,0.05
I008891,O05369,P0261,1,9413.55,0.05
I008892,O05369,P0162,4,11199.84,0.05
I008893,O05370,P0237,1,13454.07,0.25
I008894,O05370,P0092,1,3959.04,0.25
I008895,O05370,P0304,1,5766.34,0.25
I008896,O05371,P0207,1,9618.99,0.05
I008897,O05372,P0007,1,20905.26,0.15
I008898,O05372,P0383,1,5460.56,0.15
I008899,O05372,P0444,1,4611.38,0.15
I008900,O05373,P0022,1,16227.09,0.1
I008901,O05374,P0223,1,12111.39,0.15
I008902,O05374,P0256,3,10413.89,0.15
I008903,O05375,P0237,1,13454.07,0.2
I008904,O05375,P0323,4,19857.8,0.2
I008905,O05376,P0346,1,17166.81,0.2
I008906,O05376,P0283,4,10933.03,0.2
I008907,O05376,P0233,1,9166.88,0.2
I008908,O05377,P0025,1,21151.19,0.0
I008909,O05378,P0165,2,8775.25,0.25
I008910,O05379,P0012,1,9210.89,0.0
I008911,O05379,P0279,3,820.43,0.0
I008912,O05380,P0140,1,23423.37,0.05
I008913,O05380,P0335,1,3821.2,0.05
I008914,O05380,P0154,4,13970.67,0.05
I008915,O05380,P0412,2,14362.31,0.05
I008916,O05381,P0194,1,4785.07,0.1
I008917,O05382,P0120,1,15630.4,0.25
I008918,O05383,P0227,1,1214.17,0.1
I008919,O05384,P0113,1,1476.37,0.2
I008920,O05384,P0257,1,8094.05,0.2
I008921,O05385,P0479,1,2007.3,0.25
I008922,O05385,P0306,2,20887.78,0.25
I008923,O05386,P0070,1,3923.76,0.15
I008924,O05386,P0199,2,13045.06,0.15
I008925,O05386,P0031,3,10837.07,0.15
I008926,O05387,P0470,1,16384.1,0.1
I008927,O05387,P0172,4,13856.39,0.1
I008928,O05388,P0312,2,8312.33,0.05
I008929,O05388,P0046,2,15363.92,0.05
I008930,O05389,P0053,4,11740.23,0.05
I008931,O05390,P0165,1,8775.25,0.1
I008932,O05390,P0423,1,13857.3,0.1
I008933,O05390,P0275,1,18205.93,0.1
I008934,O05391,P0359,1,17408.84,0.0
I008935,O05392,P0303,1,15132.39,0.05
I008936,O05392,P0080,1,8081.72,0.05
I008937,O05392,P0249,1,11650.12,0.05
I008938,O05393,P0002,2,685.44,0.05
I008939,O05393,P0064,2,18152.26,0.05
I008940,O05394,P0375,1,1937.18,0.2
I008941,O05394,P0294,1,9318.36,0.2
I008942,O05395,P0086,1,12651.01,0.05
I008943,O05396,P0451,1,18517.71,0.05
I008944,O05396,P0142,1,7546.26,0.05
I008945,O05396,P0336,2,5532.6,0.05
I008946,O05396,P0300,1,11744.09,0.05
I008947,O05397,P0331,4,7610.91,0.15
I008948,O05397,P0409,1,8257.04,0.15
I008949,O05398,P0207,1,9618.99,0.25
I008950,O05398,P0028,1,2327.59,0.25
I008951,O05399,P0270,1,15544.12,0.15
I008952,O05400,P0434,1,15961.32,0.0
I008953,O05400,P0162,4,11199.84,0.0
I008954,O05401,P0097,2,16913.36,0.05
I008955,O05402,P0177,1,5666.47,0.1
I008956,O05403,P0330,2,621.58,0.05
I008957,O05404,P0489,3,16108.48,0.1
I008958,O05405,P0170,1,10734.0,0.05
I008959,O05406,P0246,1,3212.48,0.1
I008960,O05406,P0454,1,13398.41,0.1
I008961,O05407,P0441,1,11253.53,0.15
I008962,O05407,P0068,1,658.18,0.15
I008963,O05407,P0148,1,3827.6,0.15
I008964,O05408,P0317,3,14355.69,0.15
I008965,O05408,P0279,1,820.43,0.15
I008966,O05408,P0399,3,9834.2,0.15
I008967,O05408,P0381,3,1646.42,0.15
I008968,O05409,P0033,1,2436.78,0.15
I008969,O05409,P0396,1,6181.52,0.15
I008970,O05410,P0282,1,4087.36,0.15
I008971,O05411,P0362,1,7754.84,0.0
I008972,O05412,P0047,2,3795.44,0.3
I008973,O05413,P0411,1,9751.96,0.15
I008974,O05413,P0227,5,1214.17,0.15
I008975,O05413,P0072,1,8074.69,0.15
I008976,O05414,P0007,1,20905.26,0.0
I008977,O05414,P0359,2,17408.84,0.0
I008978,O05415,P0326,1,1200.34,0.15
I008979,O05416,P0354,1,749.54,0.1
I008980,O05417,P0451,1,18517.71,0.1
I008981,O05417,P0365,1,1546.12,0.1
I008982,O05418,P0479,1,2007.3,0.15
I008983,O05419,P0295,1,12191.72,0.0
I008984,O05419,P0061,1,9428.51,0.0
I008985,O05420,P0117,1,5812.89,0.3
I008986,O05420,P0376,1,21096.71,0.3
I008987,O05420,P0062,1,2140.31,0.3
I008988,O05421,P0232,5,14966.59,0.1
I008989,O05422,P0288,1,16170.77,0.1
I008990,O05423,P0197,2,5628.38,0.1
I008991,O05424,P0283,1,10933.03,0.1
I008992,O05425,P0424,2,1099.43,0.15
I008993,O05426,P0058,3,10856.44,0.05
I008994,O05426,P0266,2,6946.78,0.05
I008995,O05426,P0458,1,11252.82,0.05
I008996,O05427,P0466,1,7584.85,0.1
I008997,O05427,P0060,1,10597.6,0.1
I008998,O05428,P0364,1,20513.3,0.05
I008999,O05428,P0194,3,4785.07,0.05
I009000,O05429,P0350,2,14181.21,0.15
I009001,O05429,P0164,2,744.63,0.15
I009002,O05430,P0173,1,11347.23,0.15
I009003,O05430,P0052,4,22717.29,0.15
I009004,O05431,P0049,4,10387.8,0.15
I009005,O05432,P0062,2,2140.31,0.15
I009006,O05433,P0318,1,18336.52,0.0
I009007,O05433,P0325,2,883.29,0.0
I009008,O05434,P0384,2,21014.31,0.05
I009009,O05435,P0032,1,12721.46,0.05
I009010,O05436,P0058,1,10856.44,0.05
I009011,O05436,P0145,1,5897.75,0.05
I009012,O05436,P0384,3,21014.31,0.05
I009013,O05437,P0431,1,7800.63,0.1
I009014,O05438,P0314,1,5199.64,0.2
I009015,O05438,P0107,1,12811.73,0.2
I009016,O05438,P0280,3,19260.63,0.2
I009017,O05439,P0487,1,2276.61,0.15
I009018,O05439,P0398,1,15186.38,0.15
I009019,O05440,P0262,3,12660.19,0.05
I009020,O05441,P0220,1,4537.91,0.05
I009021,O05442,P0040,1,10694.19,0.0
I009022,O05442,P0483,1,14346.17,0.0
I009023,O05443,P0390,1,2477.97,0.0
I009024,O05444,P0104,1,389.71,0.1
I009025,O05444,P0139,2,11137.68,0.1
I009026,O05444,P0002,2,685.44,0.1
I009027,O05444,P0112,2,10276.51,0.1
I009028,O05445,P0088,2,10596.08,0.15
I009029,O05445,P0205,1,15563.05,0.15
I009030,O05446,P0441,4,11253.53,0.2
I009031,O05447,P0233,1,9166.88,0.1
I009032,O05447,P0310,1,6739.9,0.1
I009033,O05447,P0196,2,3827.41,0.1
I009034,O05447,P0244,3,6694.24,0.1
I009035,O05448,P0025,1,21151.19,0.05
I009036,O05449,P0042,1,18369.63,0.05
I009037,O05449,P0345,1,18312.01,0.05
I009038,O05449,P0208,2,17414.46,0.05
I009039,O05450,P0252,2,18803.98,0.1
I009040,O05451,P0051,1,13023.34,0.1
I009041,O05451,P0392,2,10129.56,0.1
I009042,O05452,P0087,2,5413.54,0.1
I009043,O05453,P0077,1,10405.98,0.2
I009044,O05453,P0358,3,17680.82,0.2
I009045,O05454,P0469,3,12828.28,0.0
I009046,O05455,P0425,4,3871.16,0.3
I009047,O05456,P0308,1,10963.13,0.25
I009048,O05457,P0323,3,19857.8,0.0
I009049,O05458,P0103,3,9874.02,0.0
I009050,O05459,P0061,2,9428.51,0.1
I009051,O05460,P0251,2,13718.51,0.15
I009052,O05460,P0053,1,11740.23,0.15
I009053,O05461,P0142,1,7546.26,0.1
I009054,O05462,P0192,2,13132.41,0.05
I009055,O05463,P0382,1,17253.16,0.1
I009056,O05463,P0420,1,5156.99,0.1
I009057,O05464,P0246,1,3212.48,0.1
I009058,O05465,P0427,2,2376.46,0.0
I009059,O05465,P0387,1,11008.74,0.0
I009060,O05465,P0074,3,20503.04,0.0
I009061,O05466,P0096,1,7114.07,0.15
I009062,O05467,P0393,1,1256.74,0.15
I009063,O05468,P0399,1,9834.2,0.0
I009064,O05469,P0254,3,1468.59,0.1
I009065,O05469,P0023,2,8677.28,0.1
I009066,O05469,P0233,2,9166.88,0.1
I009067,O05470,P0243,2,5300.75,0.05
I009068,O05471,P0284,2,9183.48,0.1
I009069,O05471,P0269,1,9853.0,0.1
I009070,O05472,P0367,2,14116.53,0.1
I009071,O05472,P0099,1,11095.32,0.1
I009072,O05473,P0030,1,18850.92,0.1
I009073,O05474,P0361,4,8061.24,0.05
I009074,O05475,P0123,2,12283.66,0.1
I009075,O05476,P0401,1,18961.41,0.0
I009076,O05476,P0168,2,11374.5,0.0
I009077,O05477,P0495,1,3120.64,0.0
I009078,O05477,P0399,1,9834.2,0.0
I009079,O05478,P0246,2,3212.48,0.0
I009080,O05479,P0424,1,1099.43,0.05
I009081,O05479,P0476,2,1078.88,0.05
I009082,O05480,P0084,1,10059.02,0.0
I009083,O05481,P0024,2,14146.9,0.0
I009084,O05482,P0035,2,10869.62,0.15
I009085,O05483,P0404,3,7190.22,0.05
I009086,O05484,P0103,1,9874.02,0.1
I009087,O05484,P0138,4,9332.54,0.1
I009088,O05484,P0362,2,7754.84,0.1
I009089,O05485,P0213,1,13682.03,0.05
I009090,O05485,P0392,1,10129.56,0.05
I009091,O05486,P0138,4,9332.54,0.05
I009092,O05486,P0207,1,9618.99,0.05
I009093,O05487,P0483,4,14346.17,0.2
I009094,O05488,P0214,2,3598.9,0.1
I009095,O05488,P0197,1,5628.38,0.1
I009096,O05489,P0205,2,15563.05,0.1
I009097,O05489,P0424,1,1099.43,0.1
I009098,O05490,P0215,1,2961.47,0.1
I009099,O05491,P0117,1,5812.89,0.05
I009100,O05492,P0009,1,10894.67,0.15
I009101,O05492,P0282,2,4087.36,0.15
I009102,O05492,P0299,2,9253.96,0.15
I009103,O05493,P0393,1,1256.74,0.0
I009104,O05494,P0142,1,7546.26,0.05
I009105,O05494,P0332,2,9365.5,0.05
I009106,O05495,P0120,1,15630.4,0.15
I009107,O05495,P0142,1,7546.26,0.15
I009108,O05495,P0306,1,20887.78,0.15
I009109,O05496,P0375,1,1937.18,0.0
I009110,O05496,P0441,1,11253.53,0.0
I009111,O05496,P0431,1,7800.63,0.0
I009112,O05497,P0161,1,4912.94,0.0
I009113,O05498,P0314,2,5199.64,0.05
I009114,O05498,P0218,1,10519.23,0.05
I009115,O05498,P0194,1,4785.07,0.05
I009116,O05499,P0224,2,14337.8,0.05
I009117,O05500,P0037,1,5389.2,0.15
I009118,O05501,P0184,1,5176.95,0.15
I009119,O05502,P0435,1,11265.94,0.0
I009120,O05502,P0380,4,1803.38,0.0
I009121,O05503,P0125,1,8357.18,0.1
I009122,O05504,P0042,2,18369.63,0.25
I009123,O05505,P0271,1,10464.94,0.05
I009124,O05506,P0268,1,21182.18,0.05
I009125,O05507,P0462,1,8013.86,0.1
I009126,O05508,P0169,1,5258.15,0.1
I009127,O05508,P0406,1,1199.98,0.1
I009128,O05509,P0307,1,8542.99,0.05
I009129,O05509,P0478,2,24448.55,0.05
I009130,O05510,P0139,4,11137.68,0.05
I009131,O05511,P0035,3,10869.62,0.15
I009132,O05512,P0226,1,1989.2,0.05
I009133,O05513,P0296,1,10086.41,0.3
I009134,O05514,P0273,2,1414.88,0.05
I009135,O05515,P0486,1,7416.01,0.1
I009136,O05516,P0492,1,13278.61,0.0
I009137,O05517,P0249,1,11650.12,0.1
I009138,O05517,P0412,1,14362.31,0.1
I009139,O05518,P0067,2,18606.26,0.1
I009140,O05518,P0150,3,19657.29,0.1
I009141,O05518,P0051,2,13023.34,0.1
I009142,O05518,P0231,1,5606.43,0.1
I009143,O05519,P0006,1,12139.02,0.05
I009144,O05520,P0309,1,879.52,0.1
I009145,O05521,P0205,1,15563.05,0.0
I009146,O05522,P0086,1,12651.01,0.2
I009147,O05522,P0408,2,12252.4,0.2
I009148,O05523,P0495,1,3120.64,0.25
I009149,O05523,P0450,2,2255.15,0.25
I009150,O05524,P0084,2,10059.02,0.2
I009151,O05525,P0188,1,6865.34,0.15
I009152,O05526,P0007,1,20905.26,0.1
I009153,O05526,P0116,1,14318.59,0.1
I009154,O05526,P0151,3,8069.27,0.1
I009155,O05527,P0235,2,17675.52,0.05
I009156,O05528,P0272,1,13853.17,0.0
I009157,O05528,P0332,1,9365.5,0.0
I009158,O05529,P0430,2,14535.8,0.15
I009159,O05530,P0202,3,4958.04,0.0
I009160,O05531,P0066,2,4602.72,0.05
I009161,O05531,P0348,2,19194.75,0.05
I009162,O05532,P0452,1,14623.62,0.1
I009163,O05532,P0499,1,2390.13,0.1
I009164,O05533,P0296,2,10086.41,0.05
I009165,O05534,P0118,1,11312.75,0.1
I009166,O05534,P0048,1,881.87,0.1
I009167,O05534,P0042,3,18369.63,0.1
I009168,O05535,P0108,2,11560.22,0.15
I009169,O05536,P0040,1,10694.19,0.2
I009170,O05536,P0151,1,8069.27,0.2
I009171,O05537,P0346,1,17166.81,0.05
I009172,O05538,P0325,3,883.29,0.05
I009173,O05539,P0416,2,14378.26,0.15
I009174,O05540,P0073,1,14367.83,0.05
I009175,O05540,P0328,2,15667.69,0.05
I009176,O05540,P0181,1,6969.81,0.05
I009177,O05540,P0057,1,14313.59,0.05
I009178,O05541,P0328,2,15667.69,0.05
I009179,O05541,P0343,1,21720.15,0.05
I009180,O05541,P0187,3,6663.59,0.05
I009181,O05542,P0005,1,2113.83,0.15
I009182,O05543,P0314,4,5199.64,0.05
I009183,O05543,P0095,1,708.58,0.05
I009184,O05543,P0439,1,11309.42,0.05
I009185,O05544,P0105,3,10085.48,0.0
I009186,O05545,P0080,3,8081.72,0.05
I009187,O05546,P0230,1,16237.69,0.0
I009188,O05546,P0144,3,5083.64,0.0
I009189,O05547,P0097,1,16913.36,0.15
I009190,O05547,P0145,2,5897.75,0.15
I009191,O05548,P0188,1,6865.34,0.0
I009192,O05549,P0090,1,19317.51,0.1
I009193,O05550,P0146,1,12538.22,0.25
I009194,O05551,P0359,1,17408.84,0.2
I009195,O05551,P0195,2,18266.79,0.2
I009196,O05552,P0463,1,7934.67,0.0
I009197,O05553,P0041,4,11579.02,0.15
I009198,O05553,P0463,1,7934.67,0.15
I009199,O05554,P0108,5,11560.22,0.15
I009200,O05554,P0219,2,1340.09,0.15
I009201,O05554,P0101,4,13448.78,0.15
I009202,O05554,P0429,1,4623.76,0.15
I009203,O05555,P0304,1,5766.34,0.05
I009204,O05556,P0444,1,4611.38,0.0
I009205,O05556,P0011,4,6896.23,0.0
I009206,O05557,P0252,1,18803.98,0.2
I009207,O05557,P0486,1,7416.01,0.2
I009208,O05557,P0227,1,1214.17,0.2
I009209,O05558,P0348,1,19194.75,0.1
I009210,O05559,P0234,1,6819.79,0.15
I009211,O05559,P0148,1,3827.6,0.15
I009212,O05560,P0343,1,21720.15,0.1
I009213,O05560,P0379,1,4596.34,0.1
I009214,O05560,P0245,1,14211.09,0.1
I009215,O05561,P0250,1,17490.25,0.05
I009216,O05561,P0268,2,21182.18,0.05
I009217,O05562,P0371,1,14987.41,0.05
I009218,O05562,P0328,1,15667.69,0.05
I009219,O05563,P0469,3,12828.28,0.1
I009220,O05563,P0499,1,2390.13,0.1
I009221,O05563,P0137,1,2945.06,0.1
I009222,O05563,P0134,3,8950.35,0.1
I009223,O05564,P0163,5,16537.01,0.05
I009224,O05564,P0337,1,6259.83,0.05
I009225,O05564,P0191,1,14335.92,0.05
I009226,O05565,P0231,3,5606.43,0.05
I009227,O05565,P0069,1,6827.67,0.05
I009228,O05566,P0262,1,12660.19,0.0
I009229,O05567,P0483,1,14346.17,0.3
I009230,O05568,P0104,4,389.71,0.1
I009231,O05568,P0112,2,10276.51,0.1
I009232,O05568,P0176,1,13983.62,0.1
I009233,O05569,P0490,3,17879.27,0.0
I009234,O05570,P0400,2,7063.54,0.0
I009235,O05571,P0174,4,14241.6,0.1
I009236,O05572,P0288,2,16170.77,0.0
I009237,O05573,P0185,3,11400.27,0.1
I009238,O05573,P0307,1,8542.99,0.1
I009239,O05574,P0385,3,9160.1,0.25
I009240,O05574,P0308,1,10963.13,0.25
I009241,O05574,P0016,4,4929.52,0.25
I009242,O05574,P0147,2,5903.16,0.25
I009243,O05575,P0045,2,5553.07,0.2
I009244,O05575,P0038,1,13981.96,0.2
I009245,O05576,P0235,1,17675.52,0.25
I009246,O05577,P0407,1,775.43,0.0
I009247,O05577,P0244,1,6694.24,0.0
I009248,O05577,P0148,1,3827.6,0.0
I009249,O05578,P0113,1,1476.37,0.05
I009250,O05578,P0338,1,9789.99,0.05
I009251,O05579,P0265,2,16102.0,0.1
I009252,O05579,P0170,1,10734.0,0.1
I009253,O05579,P0183,1,208.22,0.1
I009254,O05580,P0031,2,10837.07,0.15
I009255,O05581,P0138,1,9332.54,0.05
I009256,O05582,P0290,1,5856.65,0.05
I009257,O05582,P0235,2,17675.52,0.05
I009258,O05583,P0437,2,9057.77,0.05
I009259,O05583,P0289,2,5068.21,0.05
I009260,O05584,P0142,1,7546.26,0.15
I009261,O05584,P0114,1,2768.84,0.15
I009262,O05585,P0314,1,5199.64,0.05
I009263,O05586,P0347,2,207.7,0.0
I009264,O05586,P0345,1,18312.01,0.0
I009265,O05586,P0110,1,239.19,0.0
I009266,O05587,P0173,2,11347.23,0.15
I009267,O05587,P0196,1,3827.41,0.15
I009268,O05588,P0467,1,7857.91,0.0
I009269,O05589,P0191,1,14335.92,0.1
I009270,O05589,P0210,3,3425.1,0.1
I009271,O05590,P0317,4,14355.69,0.0
I009272,O05591,P0236,1,13763.86,0.05
I009273,O05592,P0474,1,2142.32,0.1
I009274,O05593,P0104,3,389.71,0.25
I009275,O05593,P0229,1,971.19,0.25
I009276,O05594,P0454,1,13398.41,0.0
I009277,O05595,P0390,2,2477.97,0.15
I009278,O05596,P0489,1,16108.48,0.25
I009279,O05596,P0072,2,8074.69,0.25
I009280,O05597,P0063,2,17989.43,0.05
I009281,O05598,P0431,3,7800.63,0.05
I009282,O05598,P0092,4,3959.04,0.05
I009283,O05599,P0366,3,12694.5,0.25
I009284,O05599,P0179,1,12189.37,0.25
I009285,O05599,P0205,1,15563.05,0.25
I009286,O05600,P0266,2,6946.78,0.1
I009287,O05601,P0073,1,14367.83,0.2
I009288,O05601,P0336,2,5532.6,0.2
I009289,O05601,P0122,2,20389.93,0.2
I009290,O05602,P0254,1,1468.59,0.15
I009291,O05603,P0121,1,5223.81,0.05
I009292,O05604,P0142,1,7546.26,0.05
I009293,O05604,P0460,1,1760.09,0.05
I009294,O05604,P0431,1,7800.63,0.05
I009295,O05604,P0300,1,11744.09,0.05
I009296,O05605,P0151,1,8069.27,0.15
I009297,O05605,P0488,4,6474.12,0.15
I009298,O05606,P0458,3,11252.82,0.1
I009299,O05607,P0124,2,15514.19,0.1
I009300,O05608,P0385,1,9160.1,0.1
I009301,O05609,P0401,2,18961.41,0.0
I009302,O05610,P0343,2,21720.15,0.0
I009303,O05610,P0178,3,9447.65,0.0
I009304,O05610,P0354,2,749.54,0.0
I009305,O05610,P0391,3,16675.09,0.0
I009306,O05611,P0395,1,16050.27,0.05
I009307,O05612,P0449,1,3785.19,0.05
I009308,O05613,P0411,1,9751.96,0.15
I009309,O05614,P0016,1,4929.52,0.05
I009310,O05614,P0113,1,1476.37,0.05
I009311,O05615,P0157,1,1053.8,0.05
I009312,O05615,P0448,1,11150.05,0.05
I009313,O05615,P0374,1,20293.37,0.05
I009314,O05616,P0162,1,11199.84,0.1
I009315,O05617,P0350,1,14181.21,0.1
I009316,O05618,P0354,2,749.54,0.05
I009317,O05619,P0468,1,17686.56,0.1
I009318,O05619,P0192,2,13132.41,0.1
I009319,O05620,P0361,1,8061.24,0.1
I009320,O05621,P0151,4,8069.27,0.05
I009321,O05622,P0374,2,20293.37,0.05
I009322,O05623,P0131,2,2329.3,0.2
I009323,O05624,P0397,1,18087.88,0.1
I009324,O05624,P0029,3,7973.77,0.1
I009325,O05624,P0239,1,10044.2,0.1
I009326,O05625,P0158,3,9904.7,0.05
I009327,O05626,P0179,2,12189.37,0.1
I009328,O05626,P0342,4,8867.09,0.1
I009329,O05627,P0282,2,4087.36,0.15
I009330,O05628,P0298,1,14301.55,0.0
I009331,O05628,P0242,2,12806.32,0.0
I009332,O05629,P0085,1,14574.29,0.2
I009333,O05629,P0073,2,14367.83,0.2
I009334,O05629,P0471,4,3362.5,0.2
I009335,O05630,P0019,3,7331.38,0.15
I009336,O05631,P0233,1,9166.88,0.05
I009337,O05632,P0340,4,6540.28,0.25
I009338,O05632,P0178,1,9447.65,0.25
I009339,O05633,P0101,1,13448.78,0.0
I009340,O05633,P0465,1,7131.53,0.0
I009341,O05634,P0108,2,11560.22,0.15
I009342,O05634,P0035,1,10869.62,0.15
I009343,O05635,P0239,1,10044.2,0.1
I009344,O05636,P0203,2,14797.26,0.15
I009345,O05636,P0451,1,18517.71,0.15
I009346,O05637,P0083,2,7026.05,0.1
I009347,O05637,P0381,4,1646.42,0.1
I009348,O05637,P0109,1,7019.11,0.1
I009349,O05637,P0110,1,239.19,0.1
I009350,O05638,P0268,1,21182.18,0.0
I009351,O05638,P0073,1,14367.83,0.0
I009352,O05639,P0408,1,12252.4,0.05
I009353,O05640,P0432,1,1677.91,0.1
I009354,O05641,P0160,1,6251.25,0.2
I009355,O05642,P0271,1,10464.94,0.0
I009356,O05642,P0169,2,5258.15,0.0
I009357,O05643,P0356,1,17911.43,0.0
I009358,O05643,P0385,1,9160.1,0.0
I009359,O05643,P0001,2,12680.89,0.0
I009360,O05644,P0466,3,7584.85,0.0
I009361,O05644,P0183,2,208.22,0.0
I009362,O05645,P0111,2,4168.73,0.1
I009363,O05646,P0016,1,4929.52,0.05
I009364,O05647,P0033,1,2436.78,0.0
I009365,O05647,P0296,3,10086.41,0.0
I009366,O05648,P0458,1,11252.82,0.0
I009367,O05648,P0470,1,16384.1,0.0
I009368,O05648,P0266,1,6946.78,0.0
I009369,O05648,P0228,1,7442.22,0.0
I009370,O05649,P0183,1,208.22,0.15
I009371,O05650,P0379,2,4596.34,0.1
I009372,O05651,P0387,2,11008.74,0.2
I009373,O05651,P0329,1,6837.04,0.2
I009374,O05652,P0053,1,11740.23,0.1
I009375,O05653,P0147,5,5903.16,0.15
I009376,O05653,P0020,1,16894.73,0.15
I009377,O05654,P0225,2,925.67,0.15
I009378,O05654,P0485,1,1818.67,0.15
I009379,O05654,P0398,1,15186.38,0.15
I009380,O05654,P0072,1,8074.69,0.15
I009381,O05655,P0364,1,20513.3,0.25
I009382,O05655,P0203,3,14797.26,0.25
I009383,O05656,P0010,2,8507.4,0.2
I009384,O05657,P0363,2,11446.48,0.15
I009385,O05657,P0063,1,17989.43,0.15
I009386,O05657,P0012,2,9210.89,0.15
I009387,O05658,P0015,4,198.88,0.1
I009388,O05658,P0438,1,9736.72,0.1
I009389,O05659,P0033,1,2436.78,0.3
I009390,O05659,P0005,1,2113.83,0.3
I009391,O05660,P0310,3,6739.9,0.05
I009392,O05661,P0361,1,8061.24,0.15
I009393,O05661,P0412,3,14362.31,0.15
I009394,O05662,P0180,1,5738.9,0.0
I009395,O05663,P0347,2,207.7,0.1
I009396,O05664,P0007,4,20905.26,0.15
I009397,O05665,P0017,1,9858.5,0.0
I009398,O05666,P0151,4,8069.27,0.05
I009399,O05667,P0362,1,7754.84,0.1
I009400,O05667,P0166,2,4299.84,0.1
I009401,O05667,P0317,1,14355.69,0.1
I009402,O05668,P0085,1,14574.29,0.1
I009403,O05669,P0065,1,11896.67,0.15
I009404,O05669,P0155,2,16173.54,0.15
I009405,O05670,P0353,1,4627.28,0.0
I009406,O05671,P0179,1,12189.37,0.1
I009407,O05672,P0346,1,17166.81,0.25
I009408,O05673,P0133,1,16221.29,0.25
I009409,O05674,P0283,1,10933.03,0.0
I009410,O05674,P0376,2,21096.71,0.0
I009411,O05675,P0168,1,11374.5,0.2
I009412,O05676,P0486,1,7416.01,0.1
I009413,O05677,P0100,2,7091.79,0.15
I009414,O05678,P0172,1,13856.39,0.0
I009415,O05679,P0012,1,9210.89,0.15
I009416,O05679,P0453,1,2027.99,0.15
I009417,O05680,P0407,1,775.43,0.0
I009418,O05680,P0233,1,9166.88,0.0
I009419,O05681,P0463,1,7934.67,0.1
I009420,O05682,P0336,2,5532.6,0.15
I009421,O05682,P0172,1,13856.39,0.15
I009422,O05683,P0200,1,9202.06,0.15
I009423,O05684,P0399,2,9834.2,0.0
I009424,O05685,P0138,1,9332.54,0.05
I009425,O05685,P0228,2,7442.22,0.05
I009426,O05685,P0456,3,5984.52,0.05
I009427,O05686,P0417,1,7877.14,0.15
I009428,O05687,P0231,3,5606.43,0.15
I009429,O05688,P0008,3,404.42,0.1
I009430,O05688,P0004,1,21658.55,0.1
I009431,O05689,P0388,4,10509.73,0.0
I009432,O05689,P0065,1,11896.67,0.0
I009433,O05690,P0450,1,2255.15,0.1
I009434,O05690,P0128,2,11542.08,0.1
I009435,O05691,P0380,1,1803.38,0.15
I009436,O05692,P0134,1,8950.35,0.25
I009437,O05692,P0405,1,10874.23,0.25
I009438,O05693,P0144,5,5083.64,0.15
I009439,O05694,P0217,1,2504.14,0.2
I009440,O05695,P0289,1,5068.21,0.05
I009441,O05696,P0369,2,2936.18,0.2
I009442,O05696,P0287,1,11017.89,0.2
I009443,O05697,P0046,1,15363.92,0.1
I009444,O05697,P0094,4,6917.65,0.1
I009445,O05698,P0105,2,10085.48,0.1
I009446,O05699,P0189,2,1077.94,0.05
I009447,O05700,P0172,5,13856.39,0.05
I009448,O05701,P0059,1,7497.65,0.1
I009449,O05702,P0075,1,16717.1,0.2
I009450,O05703,P0163,2,16537.01,0.05
I009451,O05703,P0378,3,224.7,0.05
I009452,O05703,P0420,2,5156.99,0.05
I009453,O05703,P0019,5,7331.38,0.05
I009454,O05704,P0150,1,19657.29,0.05
I009455,O05704,P0270,1,15544.12,0.05
I009456,O05705,P0014,1,14738.4,0.25
I009457,O05705,P0485,1,1818.67,0.25
I009458,O05706,P0126,2,12590.35,0.0
I009459,O05706,P0008,1,404.42,0.0
I009460,O05707,P0021,3,18265.35,0.1
I009461,O05708,P0082,4,8524.01,0.1
I009462,O05708,P0151,2,8069.27,0.1
I009463,O05709,P0324,2,2232.66,0.15
I009464,O05710,P0389,2,10740.24,0.05
I009465,O05711,P0243,2,5300.75,0.1
I009466,O05711,P0128,1,11542.08,0.1
I009467,O05711,P0249,1,11650.12,0.1
I009468,O05712,P0246,2,3212.48,0.0
I009469,O05712,P0083,1,7026.05,0.0
I009470,O05712,P0186,2,14403.22,0.0
I009471,O05713,P0191,4,14335.92,0.05
I009472,O05713,P0064,1,18152.26,0.05
I009473,O05714,P0283,1,10933.03,0.0
I009474,O05714,P0292,1,21583.15,0.0
I009475,O05715,P0447,2,13008.01,0.1
I009476,O05715,P0498,2,1038.57,0.1
I009477,O05716,P0357,2,4004.54,0.0
I009478,O05716,P0028,1,2327.59,0.0
I009479,O05717,P0035,1,10869.62,0.0
I009480,O05718,P0400,1,7063.54,0.05
I009481,O05718,P0174,1,14241.6,0.05
I009482,O05719,P0452,1,14623.62,0.0
I009483,O05720,P0111,1,4168.73,0.15
I009484,O05721,P0278,1,4045.44,0.05
I009485,O05721,P0220,1,4537.91,0.05
I009486,O05721,P0089,1,21527.82,0.05
I009487,O05722,P0092,1,3959.04,0.15
I009488,O05723,P0368,3,19421.03,0.2
I009489,O05724,P0458,2,11252.82,0.15
I009490,O05725,P0119,1,14136.98,0.15
I009491,O05725,P0062,1,2140.31,0.15
I009492,O05726,P0369,2,2936.18,0.1
I009493,O05726,P0334,1,5599.91,0.1
I009494,O05726,P0081,1,12661.97,0.1
I009495,O05727,P0097,2,16913.36,0.05
I009496,O05727,P0275,2,18205.93,0.05
I009497,O05727,P0189,2,1077.94,0.05
I009498,O05728,P0148,1,3827.6,0.05
I009499,O05729,P0249,1,11650.12,0.1
I009500,O05730,P0005,2,2113.83,0.05
I009501,O05731,P0266,1,6946.78,0.05
I009502,O05731,P0496,2,20624.48,0.05
I009503,O05732,P0221,1,9748.25,0.0
I009504,O05732,P0080,3,8081.72,0.0
I009505,O05733,P0382,1,17253.16,0.15
I009506,O05734,P0412,1,14362.31,0.15
I009507,O05734,P0409,1,8257.04,0.15
I009508,O05735,P0340,1,6540.28,0.1
I009509,O05735,P0261,1,9413.55,0.1
I009510,O05736,P0192,1,13132.41,0.05
I009511,O05736,P0163,1,16537.01,0.05
I009512,O05736,P0417,2,7877.14,0.05
I009513,O05737,P0182,1,7028.31,0.15
I009514,O05737,P0439,1,11309.42,0.15
I009515,O05738,P0141,1,2669.4,0.0
I009516,O05738,P0399,2,9834.2,0.0
I009517,O05738,P0344,1,5745.03,0.0
I009518,O05739,P0169,2,5258.15,0.0
I009519,O05740,P0383,1,5460.56,0.15
I009520,O05740,P0220,1,4537.91,0.15
I009521,O05741,P0441,1,11253.53,0.1
I009522,O05742,P0019,2,7331.38,0.15
I009523,O05742,P0490,1,17879.27,0.15
I009524,O05742,P0021,1,18265.35,0.15
I009525,O05743,P0047,2,3795.44,0.05
I009526,O05744,P0064,1,18152.26,0.0
I009527,O05744,P0253,2,10206.89,0.0
I009528,O05745,P0374,1,20293.37,0.1
I009529,O05745,P0062,1,2140.31,0.1
I009530,O05745,P0249,2,11650.12,0.1
I009531,O05746,P0465,1,7131.53,0.1
I009532,O05746,P0092,1,3959.04,0.1
I009533,O05747,P0179,1,12189.37,0.15
I009534,O05747,P0257,1,8094.05,0.15
I009535,O05748,P0362,3,7754.84,0.0
I009536,O05748,P0062,1,2140.31,0.0
I009537,O05748,P0383,1,5460.56,0.0
I009538,O05749,P0101,3,13448.78,0.25
I009539,O05750,P0123,1,12283.66,0.0
I009540,O05751,P0437,2,9057.77,0.05
I009541,O05751,P0302,1,10139.5,0.05
I009542,O05751,P0288,3,16170.77,0.05
I009543,O05752,P0235,1,17675.52,0.15
I009544,O05753,P0267,2,13380.29,0.15
I009545,O05754,P0092,2,3959.04,0.1
I009546,O05755,P0245,1,14211.09,0.0
I009547,O05755,P0343,1,21720.15,0.0
I009548,O05756,P0463,1,7934.67,0.2
I009549,O05756,P0366,1,12694.5,0.2
I009550,O05756,P0010,5,8507.4,0.2
I009551,O05756,P0014,1,14738.4,0.2
I009552,O05757,P0168,1,11374.5,0.1
I009553,O05758,P0229,1,971.19,0.15
I009554,O05758,P0401,1,18961.41,0.15
I009555,O05759,P0326,1,1200.34,0.05
I009556,O05760,P0120,3,15630.4,0.05
I009557,O05761,P0261,2,9413.55,0.15
I009558,O05761,P0162,3,11199.84,0.15
I009559,O05762,P0137,1,2945.06,0.15
I009560,O05763,P0184,3,5176.95,0.15
I009561,O05763,P0338,1,9789.99,0.15
I009562,O05764,P0163,5,16537.01,0.15
I009563,O05764,P0217,3,2504.14,0.15
I009564,O05764,P0498,1,1038.57,0.15
I009565,O05764,P0109,1,7019.11,0.15
I009566,O05765,P0186,2,14403.22,0.0
I009567,O05765,P0146,3,12538.22,0.0
I009568,O05765,P0299,2,9253.96,0.0
I009569,O05766,P0326,1,1200.34,0.05
I009570,O05766,P0488,1,6474.12,0.05
I009571,O05766,P0129,3,15750.63,0.05
I009572,O05767,P0477,1,13272.75,0.1
I009573,O05768,P0442,1,12851.94,0.1
I009574,O05769,P0340,1,6540.28,0.1
I009575,O05769,P0188,1,6865.34,0.1
I009576,O05770,P0484,2,14051.85,0.2
I009577,O05770,P0441,3,11253.53,0.2
I009578,O05771,P0333,1,16891.72,0.0
I009579,O05772,P0198,2,15426.36,0.15
I009580,O05773,P0004,1,21658.55,0.0
I009581,O05773,P0179,1,12189.37,0.0
I009582,O05774,P0109,1,7019.11,0.05
I009583,O05775,P0166,1,4299.84,0.05
I009584,O05776,P0233,1,9166.88,0.1
I009585,O05777,P0192,1,13132.41,0.1
I009586,O05778,P0045,1,5553.07,0.1
I009587,O05778,P0479,1,2007.3,0.1
I009588,O05778,P0003,1,14157.19,0.1
I009589,O05778,P0025,2,21151.19,0.1
I009590,O05779,P0336,2,5532.6,0.05
I009591,O05780,P0283,1,10933.03,0.1
I009592,O05780,P0487,2,2276.61,0.1
I009593,O05781,P0080,1,8081.72,0.15
I009594,O05782,P0189,2,1077.94,0.05
I009595,O05782,P0266,1,6946.78,0.05
I009596,O05783,P0052,1,22717.29,0.25
I009597,O05783,P0249,3,11650.12,0.25
I009598,O05784,P0321,1,15173.01,0.0
I009599,O05784,P0377,2,7254.24,0.0
I009600,O05784,P0218,1,10519.23,0.0
I009601,O05785,P0340,1,6540.28,0.3
I009602,O05785,P0084,1,10059.02,0.3
I009603,O05786,P0361,1,8061.24,0.15
I009604,O05786,P0289,1,5068.21,0.15
I009605,O05786,P0309,2,879.52,0.15
I009606,O05787,P0194,1,4785.07,0.1
I009607,O05788,P0211,3,12771.97,0.05
I009608,O05789,P0050,1,12181.9,0.1
I009609,O05789,P0179,1,12189.37,0.1
I009610,O05790,P0416,2,14378.26,0.15
I009611,O05791,P0126,1,12590.35,0.05
I009612,O05791,P0287,1,11017.89,0.05
I009613,O05791,P0165,1,8775.25,0.05
I009614,O05792,P0132,3,8762.43,0.0
I009615,O05793,P0379,1,4596.34,0.1
I009616,O05794,P0494,1,9857.51,0.05
I009617,O05794,P0175,1,8354.48,0.05
I009618,O05794,P0401,1,18961.41,0.05
I009619,O05795,P0195,1,18266.79,0.05
I009620,O05795,P0433,1,11369.56,0.05
I009621,O05796,P0161,1,4912.94,0.15
I009622,O05796,P0164,1,744.63,0.15
I009623,O05797,P0159,2,12341.8,0.0
I009624,O05798,P0058,1,10856.44,0.15
I009625,O05799,P0048,1,881.87,0.0
I009626,O05800,P0032,2,12721.46,0.2
I009627,O05801,P0441,2,11253.53,0.1
I009628,O05801,P0222,2,6948.91,0.1
I009629,O05802,P0250,1,17490.25,0.25
I009630,O05802,P0277,1,14027.28,0.25
I009631,O05803,P0288,2,16170.77,0.2
I009632,O05804,P0067,1,18606.26,0.2
I009633,O05804,P0445,2,5378.95,0.2
I009634,O05805,P0147,1,5903.16,0.0
I009635,O05805,P0217,3,2504.14,0.0
I009636,O05806,P0356,2,17911.43,0.15
I009637,O05807,P0312,1,8312.33,0.1
I009638,O05807,P0494,2,9857.51,0.1
I009639,O05807,P0455,1,6841.97,0.1
I009640,O05807,P0124,1,15514.19,0.1
I009641,O05808,P0129,4,15750.63,0.1
I009642,O05809,P0444,1,4611.38,0.05
I009643,O05809,P0379,1,4596.34,0.05
I009644,O05809,P0478,1,24448.55,0.05
I009645,O05810,P0326,2,1200.34,0.0
I009646,O05811,P0144,3,5083.64,0.05
I009647,O05811,P0198,1,15426.36,0.05
I009648,O05812,P0454,4,13398.41,0.1
I009649,O05813,P0066,1,4602.72,0.1
I009650,O05814,P0288,1,16170.77,0.15
I009651,O05815,P0125,3,8357.18,0.2
I009652,O05815,P0319,1,17097.24,0.2
I009653,O05816,P0434,3,15961.32,0.05
I009654,O05816,P0269,1,9853.0,0.05
I009655,O05816,P0029,1,7973.77,0.05
I009656,O05816,P0467,1,7857.91,0.05
I009657,O05817,P0443,1,3024.24,0.0
I009658,O05817,P0249,2,11650.12,0.0
I009659,O05818,P0241,1,9473.89,0.3
I009660,O05819,P0101,2,13448.78,0.2
I009661,O05819,P0254,1,1468.59,0.2
I009662,O05820,P0284,1,9183.48,0.05
I009663,O05821,P0375,4,1937.18,0.0
I009664,O05822,P0309,1,879.52,0.25
I009665,O05822,P0127,2,12125.3,0.25
I009666,O05823,P0385,1,9160.1,0.05
I009667,O05824,P0188,1,6865.34,0.05
I009668,O05825,P0063,1,17989.43,0.0
I009669,O05826,P0390,1,2477.97,0.05
I009670,O05827,P0031,2,10837.07,0.2
I009671,O05828,P0440,1,10988.87,0.1
I009672,O05829,P0336,1,5532.6,0.0
I009673,O05830,P0215,1,2961.47,0.25
I009674,O05831,P0367,1,14116.53,0.1
I009675,O05831,P0412,1,14362.31,0.1
I009676,O05832,P0425,1,3871.16,0.1
I009677,O05833,P0494,3,9857.51,0.15
I009678,O05833,P0044,1,4750.75,0.15
I009679,O05833,P0421,1,3134.29,0.15
I009680,O05834,P0217,1,2504.14,0.1
I009681,O05835,P0409,1,8257.04,0.2
I009682,O05836,P0486,1,7416.01,0.15
I009683,O05837,P0209,3,17935.22,0.15
I009684,O05838,P0081,1,12661.97,0.05
I009685,O05838,P0082,1,8524.01,0.05
I009686,O05839,P0032,2,12721.46,0.3
I009687,O05839,P0273,3,1414.88,0.3
I009688,O05840,P0017,1,9858.5,0.15
I009689,O05840,P0271,5,10464.94,0.15
I009690,O05841,P0278,4,4045.44,0.1
I009691,O05841,P0037,1,5389.2,0.1
I009692,O05842,P0338,1,9789.99,0.0
I009693,O05843,P0412,1,14362.31,0.1
I009694,O05844,P0436,2,9847.38,0.15
I009695,O05844,P0220,1,4537.91,0.15
I009696,O05844,P0019,4,7331.38,0.15
I009697,O05844,P0445,1,5378.95,0.15
I009698,O05845,P0423,2,13857.3,0.05
I009699,O05845,P0183,5,208.22,0.05
I009700,O05845,P0163,1,16537.01,0.05
I009701,O05845,P0462,1,8013.86,0.05
I009702,O05846,P0398,1,15186.38,0.0
I009703,O05846,P0108,1,11560.22,0.0
I009704,O05847,P0459,1,15147.66,0.15
I009705,O05848,P0191,1,14335.92,0.15
I009706,O05848,P0245,3,14211.09,0.15
I009707,O05848,P0044,2,4750.75,0.15
I009708,O05849,P0039,1,1954.54,0.15
I009709,O05849,P0050,1,12181.9,0.15
I009710,O05850,P0018,2,8521.23,0.05
I009711,O05851,P0290,1,5856.65,0.0
I009712,O05851,P0494,1,9857.51,0.0
I009713,O05852,P0384,1,21014.31,0.1
I009714,O05853,P0384,2,21014.31,0.05
I009715,O05854,P0155,1,16173.54,0.15
I009716,O05855,P0112,1,10276.51,0.1
I009717,O05855,P0454,1,13398.41,0.1
I009718,O05855,P0024,1,14146.9,0.1
I009719,O05856,P0226,2,1989.2,0.0
I009720,O05857,P0003,3,14157.19,0.05
I009721,O05858,P0378,2,224.7,0.2
I009722,O05859,P0174,1,14241.6,0.1
I009723,O05860,P0202,3,4958.04,0.1
I009724,O05860,P0107,3,12811.73,0.1
I009725,O05861,P0426,2,17258.9,0.15
I009726,O05862,P0353,1,4627.28,0.15
I009727,O05862,P0249,1,11650.12,0.15
I009728,O05863,P0214,1,3598.9,0.0
I009729,O05863,P0096,4,7114.07,0.0
I009730,O05863,P0425,5,3871.16,0.0
I009731,O05864,P0288,1,16170.77,0.2
I009732,O05864,P0047,4,3795.44,0.2
I009733,O05864,P0329,1,6837.04,0.2
I009734,O05865,P0424,1,1099.43,0.25
I009735,O05866,P0065,4,11896.67,0.0
I009736,O05867,P0237,2,13454.07,0.05
I009737,O05868,P0114,1,2768.84,0.0
I009738,O05869,P0160,3,6251.25,0.1
I009739,O05870,P0338,1,9789.99,0.05
I009740,O05870,P0348,1,19194.75,0.05
I009741,O05871,P0190,1,4813.84,0.05
I009742,O05872,P0407,4,775.43,0.05
I009743,O05873,P0032,1,12721.46,0.0
I009744,O05874,P0207,1,9618.99,0.0
I009745,O05874,P0027,2,6637.92,0.0
I009746,O05875,P0161,4,4912.94,0.1
I009747,O05876,P0177,3,5666.47,0.1
I009748,O05876,P0070,3,3923.76,0.1
I009749,O05877,P0434,1,15961.32,0.0
I009750,O05878,P0083,1,7026.05,0.15
I009751,O05879,P0356,1,17911.43,0.0
I009752,O05879,P0362,1,7754.84,0.0
I009753,O05880,P0398,2,15186.38,0.1
I009754,O05881,P0128,2,11542.08,0.05
I009755,O05882,P0469,1,12828.28,0.2
I009756,O05883,P0192,2,13132.41,0.1
I009757,O05883,P0127,1,12125.3,0.1
I009758,O05884,P0130,2,5669.17,0.2
I009759,O05884,P0458,2,11252.82,0.2
I009760,O05885,P0047,1,3795.44,0.3
I009761,O05885,P0490,2,17879.27,0.3
I009762,O05885,P0314,1,5199.64,0.3
I009763,O05885,P0026,1,8043.88,0.3
I009764,O05886,P0255,1,2178.42,0.0
I009765,O05886,P0213,3,13682.03,0.0
I009766,O05887,P0222,1,6948.91,0.0
I009767,O05887,P0325,2,883.29,0.0
I009768,O05888,P0419,1,11206.88,0.15
I009769,O05888,P0004,1,21658.55,0.15
I009770,O05889,P0004,5,21658.55,0.1
I009771,O05890,P0369,1,2936.18,0.1
I009772,O05890,P0042,2,18369.63,0.1
I009773,O05891,P0471,4,3362.5,0.05
I009774,O05891,P0127,1,12125.3,0.05
I009775,O05892,P0427,3,2376.46,0.0
I009776,O05893,P0114,1,2768.84,0.15
I009777,O05894,P0083,1,7026.05,0.1
I009778,O05895,P0117,3,5812.89,0.1
I009779,O05895,P0330,1,621.58,0.1
I009780,O05896,P0008,1,404.42,0.15
I009781,O05897,P0390,1,2477.97,0.3
I009782,O05897,P0352,1,10103.59,0.3
I009783,O05898,P0472,1,6339.28,0.15
I009784,O05899,P0082,2,8524.01,0.25
I009785,O05899,P0116,2,14318.59,0.25
I009786,O05900,P0246,1,3212.48,0.05
I009787,O05901,P0348,2,19194.75,0.2
I009788,O05901,P0108,3,11560.22,0.2
I009789,O05902,P0217,3,2504.14,0.15
I009790,O05902,P0154,4,13970.67,0.15
I009791,O05902,P0300,2,11744.09,0.15
I009792,O05903,P0425,1,3871.16,0.05
I009793,O05904,P0085,4,14574.29,0.1
I009794,O05905,P0257,3,8094.05,0.05
I009795,O05906,P0247,1,5866.18,0.0
I009796,O05907,P0491,2,14558.18,0.1
I009797,O05908,P0121,1,5223.81,0.3
I009798,O05908,P0120,2,15630.4,0.3
I009799,O05908,P0450,1,2255.15,0.3
I009800,O05909,P0351,5,6684.2,0.2
I009801,O05910,P0383,2,5460.56,0.0
I009802,O05910,P0244,1,6694.24,0.0
I009803,O05911,P0298,1,14301.55,0.25
I009804,O05912,P0330,1,621.58,0.1
I009805,O05912,P0009,4,10894.67,0.1
I009806,O05913,P0435,2,11265.94,0.0
I009807,O05914,P0134,1,8950.35,0.2
I009808,O05915,P0119,1,14136.98,0.25
I009809,O05915,P0245,3,14211.09,0.25
I009810,O05916,P0256,2,10413.89,0.2
I009811,O05917,P0471,2,3362.5,0.1
I009812,O05918,P0405,1,10874.23,0.05
I009813,O05918,P0251,1,13718.51,0.05
I009814,O05919,P0331,1,7610.91,0.05
I009815,O05920,P0144,3,5083.64,0.25
I009816,O05921,P0272,1,13853.17,0.05
I009817,O05922,P0096,1,7114.07,0.1
I009818,O05922,P0322,1,179.06,0.1
I009819,O05923,P0371,2,14987.41,0.15
I009820,O05924,P0130,1,5669.17,0.2
I009821,O05924,P0423,1,13857.3,0.2
I009822,O05925,P0226,1,1989.2,0.1
I009823,O05926,P0323,1,19857.8,0.05
I009824,O05926,P0136,2,10051.62,0.05
I009825,O05926,P0252,2,18803.98,0.05
I009826,O05927,P0219,1,1340.09,0.05
I009827,O05928,P0015,1,198.88,0.05
I009828,O05928,P0315,1,8767.22,0.05
I009829,O05929,P0033,1,2436.78,0.15
I009830,O05930,P0276,3,15791.95,0.0
I009831,O05930,P0055,4,18288.33,0.0
I009832,O05930,P0315,2,8767.22,0.0
I009833,O05931,P0372,1,5715.65,0.15
I009834,O05932,P0034,4,3767.39,0.05
I009835,O05932,P0269,2,9853.0,0.05
I009836,O05933,P0373,3,8955.67,0.0
I009837,O05933,P0374,1,20293.37,0.0
I009838,O05934,P0058,2,10856.44,0.0
I009839,O05935,P0109,1,7019.11,0.05
I009840,O05935,P0259,1,9091.06,0.05
I009841,O05936,P0206,2,13942.45,0.2
I009842,O05937,P0171,1,6118.98,0.1
I009843,O05937,P0269,5,9853.0,0.1
I009844,O05938,P0397,1,18087.88,0.05
I009845,O05939,P0431,1,7800.63,0.05
I009846,O05939,P0342,1,8867.09,0.05
I009847,O05940,P0133,1,16221.29,0.15
I009848,O05940,P0212,2,15959.35,0.15
I009849,O05941,P0135,1,13687.78,0.1
I009850,O05941,P0450,1,2255.15,0.1
I009851,O05941,P0440,3,10988.87,0.1
I009852,O05942,P0394,1,9719.2,0.0
I009853,O05943,P0449,1,3785.19,0.05
I009854,O05944,P0500,1,14456.78,0.1
I009855,O05945,P0036,1,22992.46,0.05
I009856,O05945,P0188,4,6865.34,0.05
I009857,O05946,P0490,1,17879.27,0.05
I009858,O05947,P0076,2,12082.97,0.05
I009859,O05948,P0057,1,14313.59,0.15
I009860,O05949,P0053,1,11740.23,0.25
I009861,O05949,P0309,1,879.52,0.25
I009862,O05949,P0123,3,12283.66,0.25
I009863,O05949,P0008,1,404.42,0.25
I009864,O05950,P0425,1,3871.16,0.0
I009865,O05950,P0055,2,18288.33,0.0
I009866,O05951,P0366,3,12694.5,0.1
I009867,O05951,P0192,3,13132.41,0.1
I009868,O05951,P0185,1,11400.27,0.1
I009869,O05952,P0338,1,9789.99,0.0
I009870,O05953,P0176,1,13983.62,0.05
I009871,O05953,P0402,1,5149.65,0.05
I009872,O05953,P0107,1,12811.73,0.05
I009873,O05954,P0152,3,11257.85,0.1
I009874,O05954,P0084,1,10059.02,0.1
I009875,O05955,P0031,1,10837.07,0.15
I009876,O05956,P0453,1,2027.99,0.1
I009877,O05957,P0121,1,5223.81,0.2
I009878,O05958,P0352,3,10103.59,0.15
I009879,O05959,P0135,2,13687.78,0.05
I009880,O05960,P0035,3,10869.62,0.15
I009881,O05961,P0190,3,4813.84,0.05
I009882,O05961,P0499,1,2390.13,0.05
I009883,O05961,P0367,2,14116.53,0.05
I009884,O05962,P0414,2,3244.46,0.15
I009885,O05963,P0410,1,8140.59,0.05
I009886,O05964,P0189,1,1077.94,0.0
I009887,O05964,P0385,4,9160.1,0.0
I009888,O05965,P0329,2,6837.04,0.1
I009889,O05965,P0266,3,6946.78,0.1
I009890,O05965,P0036,3,22992.46,0.1
I009891,O05965,P0115,1,10805.92,0.1
I009892,O05966,P0281,1,8647.87,0.1
I009893,O05966,P0167,1,2741.53,0.1
I009894,O05967,P0439,4,11309.42,0.1
I009895,O05968,P0145,2,5897.75,0.05
I009896,O05968,P0294,2,9318.36,0.05
I009897,O05969,P0442,1,12851.94,0.05
I009898,O05969,P0424,1,1099.43,0.05
I009899,O05970,P0233,1,9166.88,0.2
I009900,O05971,P0057,4,14313.59,0.1
I009901,O05972,P0033,1,2436.78,0.1
I009902,O05973,P0439,1,11309.42,0.15
I009903,O05973,P0312,1,8312.33,0.15
I009904,O05973,P0357,1,4004.54,0.15
I009905,O05974,P0355,3,15161.64,0.0
I009906,O05974,P0242,1,12806.32,0.0
I009907,O05974,P0314,3,5199.64,0.0
I009908,O05975,P0340,1,6540.28,0.15
I009909,O05976,P0381,1,1646.42,0.0
I009910,O05977,P0249,2,11650.12,0.05
I009911,O05977,P0042,1,18369.63,0.05
I009912,O05978,P0379,4,4596.34,0.1
I009913,O05979,P0033,1,2436.78,0.05
I009914,O05979,P0114,3,2768.84,0.05
I009915,O05980,P0333,1,16891.72,0.15
I009916,O05980,P0051,1,13023.34,0.15
I009917,O05980,P0445,1,5378.95,0.15
I009918,O05981,P0470,4,16384.1,0.1
I009919,O05981,P0297,1,14103.76,0.1
I009920,O05981,P0032,2,12721.46,0.1
I009921,O05982,P0280,1,19260.63,0.05
I009922,O05982,P0064,1,18152.26,0.05
I009923,O05982,P0377,1,7254.24,0.05
I009924,O05983,P0357,2,4004.54,0.2
I009925,O05984,P0449,1,3785.19,0.1
I009926,O05984,P0371,2,14987.41,0.1
I009927,O05985,P0402,1,5149.65,0.1
I009928,O05985,P0430,1,14535.8,0.1
I009929,O05985,P0051,1,13023.34,0.1
I009930,O05986,P0002,1,685.44,0.1
I009931,O05987,P0157,1,1053.8,0.05
I009932,O05988,P0409,1,8257.04,0.0
I009933,O05989,P0118,1,11312.75,0.05
I009934,O05989,P0024,2,14146.9,0.05
I009935,O05989,P0276,2,15791.95,0.05
I009936,O05990,P0246,1,3212.48,0.05
I009937,O05991,P0359,1,17408.84,0.05
I009938,O05991,P0435,1,11265.94,0.05
I009939,O05992,P0499,2,2390.13,0.1
I009940,O05993,P0484,1,14051.85,0.0
I009941,O05993,P0054,1,22196.9,0.0
I009942,O05993,P0166,1,4299.84,0.0
I009943,O05994,P0281,4,8647.87,0.0
I009944,O05995,P0206,1,13942.45,0.15
I009945,O05996,P0119,2,14136.98,0.05
I009946,O05996,P0258,2,5357.22,0.05
I009947,O05996,P0064,3,18152.26,0.05
I009948,O05997,P0304,4,5766.34,0.05
I009949,O05997,P0244,1,6694.24,0.05
I009950,O05998,P0499,1,2390.13,0.1
I009951,O05998,P0207,1,9618.99,0.1
I009952,O05999,P0489,1,16108.48,0.25
I009953,O05999,P0142,1,7546.26,0.25
I009954,O06000,P0346,1,17166.81,0.0
I009955,O06000,P0268,1,21182.18,0.0
I009956,O06001,P0470,1,16384.1,0.15
I009957,O06001,P0182,1,7028.31,0.15
I009958,O06002,P0475,1,6070.94,0.1
I009959,O06003,P0235,2,17675.52,0.0
I009960,O06003,P0415,1,19105.92,0.0
I009961,O06003,P0099,4,11095.32,0.0
I009962,O06004,P0245,1,14211.09,0.0
I009963,O06005,P0467,2,7857.91,0.15
I009964,O06006,P0138,1,9332.54,0.2
I009965,O06007,P0429,1,4623.76,0.0
I009966,O06008,P0182,1,7028.31,0.05
I009967,O06009,P0294,1,9318.36,0.05
I009968,O06010,P0343,2,21720.15,0.3
I009969,O06010,P0130,1,5669.17,0.3
I009970,O06010,P0143,1,2154.67,0.3
I009971,O06011,P0451,4,18517.71,0.15
I009972,O06011,P0010,1,8507.4,0.15
I009973,O06012,P0268,1,21182.18,0.05
I009974,O06013,P0010,1,8507.4,0.05
I009975,O06013,P0148,1,3827.6,0.05
I009976,O06014,P0157,2,1053.8,0.05
I009977,O06015,P0026,1,8043.88,0.0
I009978,O06016,P0024,1,14146.9,0.3
I009979,O06016,P0334,1,5599.91,0.3
I009980,O06017,P0084,1,10059.02,0.3
I009981,O06018,P0051,4,13023.34,0.0
I009982,O06018,P0110,1,239.19,0.0
I009983,O06019,P0256,1,10413.89,0.05
I009984,O06019,P0401,3,18961.41,0.05
I009985,O06019,P0082,2,8524.01,0.05
I009986,O06019,P0459,1,15147.66,0.05
I009987,O06020,P0325,4,883.29,0.0
I009988,O06020,P0485,1,1818.67,0.0
I009989,O06021,P0366,3,12694.5,0.05
I009990,O06022,P0356,2,17911.43,0.2
I009991,O06022,P0273,1,1414.88,0.2
I009992,O06023,P0413,2,4516.32,0.2
I009993,O06023,P0414,1,3244.46,0.2
I009994,O06024,P0461,1,6940.51,0.15
I009995,O06025,P0016,1,4929.52,0.3
I009996,O06026,P0107,1,12811.73,0.15
I009997,O06026,P0068,2,658.18,0.15
I009998,O06027,P0034,3,3767.39,0.05
I009999,O06027,P0086,1,12651.01,0.05
I010000,O06028,P0464,2,11639.56,0.2
I010001,O06029,P0283,1,10933.03,0.1
I010002,O06030,P0462,2,8013.86,0.1
I010003,O06030,P0262,1,12660.19,0.1
I010004,O06031,P0431,4,7800.63,0.2
I010005,O06031,P0154,5,13970.67,0.2
I010006,O06032,P0212,3,15959.35,0.1
I010007,O06032,P0461,1,6940.51,0.1
I010008,O06033,P0232,2,14966.59,0.05
I010009,O06033,P0274,2,16208.88,0.05
I010010,O06034,P0053,2,11740.23,0.25
I010011,O06035,P0288,1,16170.77,0.0
I010012,O06036,P0440,3,10988.87,0.15
I010013,O06037,P0072,1,8074.69,0.15
I010014,O06038,P0365,1,1546.12,0.0
I010015,O06038,P0405,1,10874.23,0.0
I010016,O06039,P0435,3,11265.94,0.05
I010017,O06039,P0021,1,18265.35,0.05
I010018,O06040,P0124,2,15514.19,0.05
I010019,O06040,P0117,1,5812.89,0.05
I010020,O06040,P0136,1,10051.62,0.05
I010021,O06041,P0289,1,5068.21,0.2
I010022,O06042,P0160,1,6251.25,0.15
I010023,O06043,P0334,3,5599.91,0.05
I010024,O06043,P0069,2,6827.67,0.05
I010025,O06044,P0012,3,9210.89,0.2
I010026,O06045,P0039,3,1954.54,0.05
I010027,O06045,P0393,1,1256.74,0.05
I010028,O06046,P0116,1,14318.59,0.15
I010029,O06047,P0254,1,1468.59,0.1
I010030,O06048,P0016,1,4929.52,0.0
I010031,O06048,P0430,1,14535.8,0.0
I010032,O06049,P0306,1,20887.78,0.15
I010033,O06050,P0314,2,5199.64,0.05
I010034,O06051,P0469,1,12828.28,0.05
I010035,O06052,P0338,1,9789.99,0.05
I010036,O06053,P0326,1,1200.34,0.15
I010037,O06054,P0437,1,9057.77,0.0
I010038,O06054,P0025,1,21151.19,0.0
I010039,O06055,P0384,1,21014.31,0.05
I010040,O06055,P0326,2,1200.34,0.05
I010041,O06056,P0064,1,18152.26,0.1
I010042,O06056,P0401,1,18961.41,0.1
I010043,O06057,P0424,4,1099.43,0.0
I010044,O06058,P0219,2,1340.09,0.0
I010045,O06058,P0369,1,2936.18,0.0
I010046,O06058,P0477,1,13272.75,0.0
I010047,O06059,P0329,1,6837.04,0.1
I010048,O06060,P0407,2,775.43,0.25
I010049,O06060,P0321,1,15173.01,0.25
I010050,O06060,P0356,5,17911.43,0.25
I010051,O06061,P0147,2,5903.16,0.15
I010052,O06062,P0430,1,14535.8,0.0
I010053,O06063,P0062,2,2140.31,0.1
I010054,O06064,P0271,3,10464.94,0.15
I010055,O06065,P0362,1,7754.84,0.0
I010056,O06065,P0052,2,22717.29,0.0
I010057,O06065,P0298,1,14301.55,0.0
I010058,O06066,P0288,1,16170.77,0.0
I010059,O06066,P0167,1,2741.53,0.0
I010060,O06067,P0432,2,1677.91,0.2
I010061,O06067,P0237,1,13454.07,0.2
I010062,O06068,P0312,1,8312.33,0.05
I010063,O06068,P0447,1,13008.01,0.05
I010064,O06068,P0109,3,7019.11,0.05
I010065,O06069,P0366,1,12694.5,0.1
I010066,O06070,P0236,1,13763.86,0.05
I010067,O06070,P0383,1,5460.56,0.05
I010068,O06070,P0442,3,12851.94,0.05
I010069,O06071,P0093,1,11807.43,0.0
I010070,O06071,P0406,2,1199.98,0.0
I010071,O06072,P0162,1,11199.84,0.1
I010072,O06073,P0130,2,5669.17,0.1
I010073,O06074,P0323,1,19857.8,0.15
I010074,O06075,P0085,1,14574.29,0.2
I010075,O06075,P0425,1,3871.16,0.2
I010076,O06076,P0063,1,17989.43,0.0
I010077,O06077,P0067,2,18606.26,0.0
I010078,O06077,P0279,3,820.43,0.0
I010079,O06077,P0182,1,7028.31,0.0
I010080,O06078,P0029,2,7973.77,0.25
I010081,O06078,P0248,1,5481.12,0.25
I010082,O06078,P0423,1,13857.3,0.25
I010083,O06079,P0203,1,14797.26,0.1
I010084,O06079,P0144,1,5083.64,0.1
I010085,O06080,P0261,1,9413.55,0.25
I010086,O06080,P0352,2,10103.59,0.25
I010087,O06080,P0399,3,9834.2,0.25
I010088,O06081,P0139,1,11137.68,0.05
I010089,O06081,P0123,1,12283.66,0.05
I010090,O06081,P0262,1,12660.19,0.05
I010091,O06082,P0021,2,18265.35,0.05
I010092,O06083,P0429,1,4623.76,0.15
I010093,O06084,P0128,4,11542.08,0.0
I010094,O06084,P0163,1,16537.01,0.0
I010095,O06085,P0109,3,7019.11,0.1
I010096,O06086,P0153,1,6065.86,0.05
I010097,O06086,P0394,1,9719.2,0.05
I010098,O06087,P0389,2,10740.24,0.0
I010099,O06087,P0036,3,22992.46,0.0
I010100,O06088,P0421,1,3134.29,0.05
I010101,O06088,P0480,2,12036.43,0.05
I010102,O06088,P0106,1,5470.36,0.05
I010103,O06089,P0026,1,8043.88,0.05
I010104,O06090,P0398,1,15186.38,0.0
I010105,O06090,P0326,1,1200.34,0.0
I010106,O06090,P0467,2,7857.91,0.0
I010107,O06091,P0133,2,16221.29,0.0
I010108,O06092,P0237,1,13454.07,0.1
I010109,O06092,P0331,1,7610.91,0.1
I010110,O06092,P0415,1,19105.92,0.1
I010111,O06093,P0239,1,10044.2,0.05
I010112,O06094,P0446,4,18710.12,0.05
I010113,O06095,P0014,1,14738.4,0.0
I010114,O06095,P0443,1,3024.24,0.0
I010115,O06096,P0131,3,2329.3,0.0
I010116,O06096,P0056,1,5412.25,0.0
I010117,O06096,P0235,1,17675.52,0.0
I010118,O06097,P0472,1,6339.28,0.0
I010119,O06098,P0015,2,198.88,0.0
I010120,O06099,P0460,1,1760.09,0.15
I010121,O06099,P0346,1,17166.81,0.15
I010122,O06099,P0329,1,6837.04,0.15
I010123,O06100,P0340,2,6540.28,0.2
I010124,O06101,P0441,2,11253.53,0.1
I010125,O06102,P0438,2,9736.72,0.15
I010126,O06103,P0024,1,14146.9,0.0
I010127,O06104,P0189,1,1077.94,0.1
I010128,O06104,P0090,1,19317.51,0.1
I010129,O06105,P0387,1,11008.74,0.0
I010130,O06106,P0406,1,1199.98,0.3
I010131,O06107,P0180,3,5738.9,0.0
I010132,O06107,P0248,1,5481.12,0.0
I010133,O06107,P0344,1,5745.03,0.0
I010134,O06107,P0238,2,16729.81,0.0
I010135,O06108,P0373,1,8955.67,0.1
I010136,O06109,P0194,1,4785.07,0.0
I010137,O06110,P0199,1,13045.06,0.0
I010138,O06110,P0194,3,4785.07,0.0
I010139,O06110,P0025,2,21151.19,0.0
I010140,O06110,P0110,1,239.19,0.0
I010141,O06111,P0332,2,9365.5,0.15
I010142,O06112,P0236,1,13763.86,0.0
I010143,O06113,P0085,1,14574.29,0.0
I010144,O06114,P0398,4,15186.38,0.25
I010145,O06115,P0327,1,7197.89,0.05
I010146,O06115,P0408,3,12252.4,0.05
I010147,O06116,P0474,2,2142.32,0.2
I010148,O06117,P0377,1,7254.24,0.25
I010149,O06117,P0292,2,21583.15,0.25
I010150,O06118,P0277,5,14027.28,0.15
I010151,O06119,P0436,1,9847.38,0.0
I010152,O06119,P0439,1,11309.42,0.0
I010153,O06120,P0351,5,6684.2,0.0
I010154,O06120,P0374,1,20293.37,0.0
I010155,O06121,P0351,5,6684.2,0.0
I010156,O06121,P0459,2,15147.66,0.0
I010157,O06122,P0011,3,6896.23,0.15
I010158,O06123,P0433,1,11369.56,0.0
I010159,O06124,P0225,2,925.67,0.0
I010160,O06125,P0262,1,12660.19,0.1
I010161,O06125,P0190,1,4813.84,0.1
I010162,O06126,P0016,1,4929.52,0.1
I010163,O06127,P0431,2,7800.63,0.1
I010164,O06128,P0041,2,11579.02,0.1
I010165,O06128,P0124,3,15514.19,0.1
I010166,O06129,P0225,1,925.67,0.1
I010167,O06130,P0296,1,10086.41,0.05
I010168,O06131,P0040,1,10694.19,0.25
I010169,O06132,P0106,1,5470.36,0.2
I010170,O06133,P0150,3,19657.29,0.05
I010171,O06133,P0088,1,10596.08,0.05
I010172,O06134,P0159,1,12341.8,0.0
I010173,O06134,P0348,1,19194.75,0.0
I010174,O06135,P0171,1,6118.98,0.2
I010175,O06136,P0333,1,16891.72,0.15
I010176,O06137,P0248,1,5481.12,0.0
I010177,O06137,P0344,2,5745.03,0.0
I010178,O06137,P0206,5,13942.45,0.0
I010179,O06138,P0104,1,389.71,0.15
I010180,O06139,P0364,1,20513.3,0.1
I010181,O06139,P0248,1,5481.12,0.1
I010182,O06140,P0095,1,708.58,0.0
I010183,O06140,P0056,1,5412.25,0.0
I010184,O06141,P0129,1,15750.63,0.15
I010185,O06142,P0155,1,16173.54,0.05
I010186,O06142,P0290,1,5856.65,0.05
I010187,O06142,P0230,3,16237.69,0.05
I010188,O06142,P0320,1,22881.56,0.05
I010189,O06143,P0308,4,10963.13,0.2
I010190,O06143,P0179,1,12189.37,0.2
I010191,O06144,P0272,1,13853.17,0.0
I010192,O06145,P0293,1,5390.99,0.25
I010193,O06146,P0398,2,15186.38,0.0
I010194,O06146,P0222,1,6948.91,0.0
I010195,O06146,P0428,3,15197.13,0.0
I010196,O06147,P0225,1,925.67,0.0
I010197,O06147,P0347,4,207.7,0.0
I010198,O06148,P0059,1,7497.65,0.1
I010199,O06149,P0371,1,14987.41,0.1
I010200,O06150,P0442,2,12851.94,0.05
I010201,O06151,P0278,2,4045.44,0.2
I010202,O06151,P0323,1,19857.8,0.2
I010203,O06152,P0203,1,14797.26,0.15
I010204,O06153,P0007,1,20905.26,0.05
I010205,O06154,P0270,1,15544.12,0.1
I010206,O06155,P0190,4,4813.84,0.15
I010207,O06156,P0171,1,6118.98,0.2
I010208,O06156,P0152,1,11257.85,0.2
I010209,O06157,P0257,1,8094.05,0.15
I010210,O06158,P0068,2,658.18,0.05
I010211,O06159,P0039,1,1954.54,0.15
I010212,O06160,P0247,1,5866.18,0.1
I010213,O06160,P0193,1,3841.48,0.1
I010214,O06160,P0473,1,731.76,0.1
I010215,O06160,P0229,1,971.19,0.1
I010216,O06161,P0187,1,6663.59,0.1
I010217,O06162,P0248,1,5481.12,0.25
I010218,O06162,P0374,1,20293.37,0.25
I010219,O06163,P0268,3,21182.18,0.1
I010220,O06163,P0227,1,1214.17,0.1
I010221,O06163,P0122,2,20389.93,0.1
I010222,O06163,P0384,2,21014.31,0.1
I010223,O06164,P0199,1,13045.06,0.2
I010224,O06164,P0405,1,10874.23,0.2
I010225,O06165,P0465,2,7131.53,0.15
I010226,O06166,P0357,1,4004.54,0.0
I010227,O06166,P0441,3,11253.53,0.0
I010228,O06167,P0492,3,13278.61,0.05
I010229,O06168,P0491,2,14558.18,0.1
I010230,O06168,P0007,1,20905.26,0.1
I010231,O06169,P0423,1,13857.3,0.1
I010232,O06169,P0405,1,10874.23,0.1
I010233,O06170,P0207,1,9618.99,0.25
I010234,O06170,P0124,1,15514.19,0.25
I010235,O06170,P0156,2,17438.42,0.25
I010236,O06170,P0370,1,12293.71,0.25
I010237,O06171,P0057,1,14313.59,0.1
I010238,O06171,P0083,1,7026.05,0.1
I010239,O06172,P0497,1,5343.08,0.25
I010240,O06172,P0099,1,11095.32,0.25
I010241,O06173,P0054,1,22196.9,0.05
I010242,O06174,P0045,3,5553.07,0.2
I010243,O06175,P0187,1,6663.59,0.1
I010244,O06176,P0095,1,708.58,0.05
I010245,O06177,P0296,1,10086.41,0.05
I010246,O06177,P0246,1,3212.48,0.05
I010247,O06177,P0096,1,7114.07,0.05
I010248,O06178,P0391,1,16675.09,0.25
I010249,O06178,P0180,1,5738.9,0.25
I010250,O06179,P0318,2,18336.52,0.25
I010251,O06179,P0032,5,12721.46,0.25
I010252,O06180,P0350,1,14181.21,0.0
I010253,O06181,P0060,3,10597.6,0.05
I010254,O06181,P0257,3,8094.05,0.05
I010255,O06182,P0421,2,3134.29,0.2
I010256,O06183,P0299,1,9253.96,0.0
I010257,O06183,P0345,2,18312.01,0.0
I010258,O06184,P0386,3,7920.43,0.25
I010259,O06184,P0468,2,17686.56,0.25
I010260,O06185,P0340,1,6540.28,0.05
I010261,O06186,P0354,2,749.54,0.0
I010262,O06187,P0157,4,1053.8,0.05
I010263,O06188,P0384,3,21014.31,0.15
I010264,O06189,P0182,5,7028.31,0.3
I010265,O06189,P0143,3,2154.67,0.3
I010266,O06190,P0309,1,879.52,0.0
I010267,O06191,P0095,1,708.58,0.1
I010268,O06192,P0299,2,9253.96,0.25
I010269,O06193,P0268,1,21182.18,0.2
I010270,O06194,P0426,2,17258.9,0.05
I010271,O06195,P0068,1,658.18,0.2
I010272,O06196,P0103,2,9874.02,0.05
I010273,O06197,P0103,1,9874.02,0.1
I010274,O06198,P0187,1,6663.59,0.1
I010275,O06199,P0151,1,8069.27,0.15
I010276,O06200,P0414,3,3244.46,0.05
I010277,O06201,P0172,1,13856.39,0.1
I010278,O06202,P0427,3,2376.46,0.1
I010279,O06202,P0385,1,9160.1,0.1
I010280,O06202,P0406,2,1199.98,0.1
I010281,O06203,P0430,2,14535.8,0.0
I010282,O06203,P0380,1,1803.38,0.0
I010283,O06203,P0436,2,9847.38,0.0
I010284,O06204,P0315,2,8767.22,0.05
I010285,O06204,P0485,1,1818.67,0.05
I010286,O06204,P0165,3,8775.25,0.05
I010287,O06205,P0372,1,5715.65,0.05
I010288,O06206,P0245,2,14211.09,0.3
I010289,O06206,P0117,1,5812.89,0.3
I010290,O06206,P0064,1,18152.26,0.3
I010291,O06207,P0234,1,6819.79,0.3
I010292,O06207,P0461,3,6940.51,0.3
I010293,O06207,P0091,2,5800.05,0.3
I010294,O06208,P0363,2,11446.48,0.05
I010295,O06208,P0028,1,2327.59,0.05
I010296,O06208,P0027,2,6637.92,0.05
I010297,O06209,P0291,1,8891.78,0.15
I010298,O06210,P0245,2,14211.09,0.15
I010299,O06210,P0068,3,658.18,0.15
I010300,O06211,P0062,1,2140.31,0.25
I010301,O06212,P0397,2,18087.88,0.0
I010302,O06213,P0427,1,2376.46,0.15
I010303,O06213,P0493,4,17331.35,0.15
I010304,O06214,P0306,2,20887.78,0.05
I010305,O06214,P0459,2,15147.66,0.05
I010306,O06215,P0212,1,15959.35,0.15
I010307,O06215,P0297,2,14103.76,0.15
I010308,O06215,P0245,1,14211.09,0.15
I010309,O06216,P0454,1,13398.41,0.2
I010310,O06216,P0033,1,2436.78,0.2
I010311,O06216,P0009,1,10894.67,0.2
I010312,O06217,P0182,1,7028.31,0.0
I010313,O06217,P0346,2,17166.81,0.0
I010314,O06218,P0468,1,17686.56,0.1
I010315,O06219,P0337,1,6259.83,0.1
I010316,O06220,P0380,2,1803.38,0.0
I010317,O06221,P0156,1,17438.42,0.05
I010318,O06221,P0408,1,12252.4,0.05
I010319,O06221,P0019,3,7331.38,0.05
I010320,O06222,P0027,1,6637.92,0.1
I010321,O06223,P0298,2,14301.55,0.2
I010322,O06223,P0079,2,16242.79,0.2
I010323,O06223,P0208,1,17414.46,0.2
I010324,O06224,P0243,1,5300.75,0.15
I010325,O06224,P0404,2,7190.22,0.15
I010326,O06224,P0436,2,9847.38,0.15
I010327,O06224,P0148,1,3827.6,0.15
I010328,O06225,P0367,2,14116.53,0.0
I010329,O06226,P0176,2,13983.62,0.0
I010330,O06227,P0035,2,10869.62,0.2
I010331,O06228,P0095,3,708.58,0.15
I010332,O06228,P0170,1,10734.0,0.15
I010333,O06229,P0036,2,22992.46,0.0
I010334,O06229,P0111,2,4168.73,0.0
I010335,O06230,P0146,2,12538.22,0.1
I010336,O06230,P0244,1,6694.24,0.1
I010337,O06231,P0240,5,16345.25,0.0
I010338,O06231,P0313,1,15225.55,0.0
I010339,O06232,P0494,2,9857.51,0.2
I010340,O06232,P0313,1,15225.55,0.2
I010341,O06232,P0020,2,16894.73,0.2
I010342,O06233,P0017,2,9858.5,0.0
I010343,O06234,P0338,2,9789.99,0.0
I010344,O06235,P0265,1,16102.0,0.1
I010345,O06236,P0431,1,7800.63,0.15
I010346,O06236,P0395,1,16050.27,0.15
I010347,O06236,P0062,1,2140.31,0.15
I010348,O06237,P0065,1,11896.67,0.05
I010349,O06237,P0025,4,21151.19,0.05
I010350,O06238,P0363,2,11446.48,0.05
I010351,O06239,P0343,2,21720.15,0.05
I010352,O06240,P0210,1,3425.1,0.15
I010353,O06240,P0362,2,7754.84,0.15
I010354,O06240,P0167,1,2741.53,0.15
I010355,O06241,P0049,1,10387.8,0.05
I010356,O06242,P0030,5,18850.92,0.0
I010357,O06242,P0019,2,7331.38,0.0
I010358,O06243,P0423,2,13857.3,0.05
I010359,O06244,P0088,2,10596.08,0.25
I010360,O06244,P0029,3,7973.77,0.25
I010361,O06245,P0391,4,16675.09,0.1
I010362,O06245,P0398,2,15186.38,0.1
I010363,O06245,P0103,2,9874.02,0.1
I010364,O06246,P0470,3,16384.1,0.1
I010365,O06246,P0438,1,9736.72,0.1
I010366,O06246,P0162,3,11199.84,0.1
I010367,O06247,P0110,3,239.19,0.15
I010368,O06248,P0338,1,9789.99,0.1
I010369,O06248,P0242,1,12806.32,0.1
I010370,O06249,P0179,1,12189.37,0.15
I010371,O06249,P0464,2,11639.56,0.15
I010372,O06250,P0216,2,4253.32,0.2
I010373,O06251,P0386,1,7920.43,0.05
I010374,O06252,P0301,1,1551.88,0.0
I010375,O06253,P0222,1,6948.91,0.0
I010376,O06254,P0446,2,18710.12,0.15
I010377,O06254,P0127,2,12125.3,0.15
I010378,O06254,P0231,2,5606.43,0.15
I010379,O06254,P0062,1,2140.31,0.15
I010380,O06255,P0234,1,6819.79,0.15
I010381,O06255,P0130,1,5669.17,0.15
I010382,O06255,P0199,1,13045.06,0.15
I010383,O06256,P0058,1,10856.44,0.1
I010384,O06257,P0028,1,2327.59,0.25
I010385,O06257,P0442,1,12851.94,0.25
I010386,O06257,P0265,1,16102.0,0.25
I010387,O06258,P0476,3,1078.88,0.1
I010388,O06258,P0357,1,4004.54,0.1
I010389,O06259,P0266,1,6946.78,0.0
I010390,O06259,P0084,4,10059.02,0.0
I010391,O06259,P0071,2,1222.75,0.0
I010392,O06259,P0249,5,11650.12,0.0
I010393,O06260,P0123,2,12283.66,0.1
I010394,O06261,P0020,3,16894.73,0.05
I010395,O06261,P0224,2,14337.8,0.05
I010396,O06262,P0458,1,11252.82,0.1
I010397,O06262,P0046,1,15363.92,0.1
I010398,O06263,P0041,1,11579.02,0.05
I010399,O06263,P0098,2,18024.33,0.05
I010400,O06264,P0147,1,5903.16,0.1
I010401,O06264,P0061,5,9428.51,0.1
I010402,O06265,P0185,3,11400.27,0.2
I010403,O06266,P0138,3,9332.54,0.0
I010404,O06266,P0272,3,13853.17,0.0
I010405,O06267,P0498,1,1038.57,0.05
I010406,O06267,P0232,3,14966.59,0.05
I010407,O06268,P0043,1,230.23,0.15
I010408,O06269,P0370,3,12293.71,0.15
I010409,O06270,P0039,1,1954.54,0.1
I010410,O06271,P0446,1,18710.12,0.0
I010411,O06272,P0382,2,17253.16,0.05
I010412,O06272,P0171,2,6118.98,0.05
I010413,O06272,P0449,1,3785.19,0.05
I010414,O06273,P0115,1,10805.92,0.2
I010415,O06274,P0190,1,4813.84,0.15
I010416,O06275,P0268,3,21182.18,0.25
I010417,O06275,P0472,1,6339.28,0.25
I010418,O06275,P0118,1,11312.75,0.25
I010419,O06276,P0455,1,6841.97,0.1
I010420,O06276,P0124,1,15514.19,0.1
I010421,O06276,P0334,1,5599.91,0.1
I010422,O06277,P0146,1,12538.22,0.1
I010423,O06278,P0252,1,18803.98,0.05
I010424,O06278,P0315,3,8767.22,0.05
I010425,O06279,P0053,4,11740.23,0.1
I010426,O06280,P0292,1,21583.15,0.2
I010427,O06280,P0500,1,14456.78,0.2
I010428,O06280,P0272,2,13853.17,0.2
I010429,O06280,P0264,1,11827.53,0.2
I010430,O06281,P0273,1,1414.88,0.05
I010431,O06282,P0157,1,1053.8,0.0
I010432,O06282,P0082,1,8524.01,0.0
I010433,O06282,P0122,1,20389.93,0.0
I010434,O06283,P0402,1,5149.65,0.15
I010435,O06283,P0229,2,971.19,0.15
I010436,O06283,P0218,1,10519.23,0.15
I010437,O06283,P0259,4,9091.06,0.15
I010438,O06284,P0308,1,10963.13,0.15
I010439,O06285,P0251,3,13718.51,0.2
I010440,O06285,P0400,1,7063.54,0.2
I010441,O06286,P0169,3,5258.15,0.15
I010442,O06286,P0366,4,12694.5,0.15
I010443,O06286,P0041,2,11579.02,0.15
I010444,O06287,P0465,1,7131.53,0.1
I010445,O06287,P0324,1,2232.66,0.1
I010446,O06287,P0243,2,5300.75,0.1
I010447,O06288,P0458,2,11252.82,0.0
I010448,O06288,P0339,1,8938.6,0.0
I010449,O06289,P0466,1,7584.85,0.15
I010450,O06289,P0138,1,9332.54,0.15
I010451,O06290,P0139,1,11137.68,0.2
I010452,O06291,P0143,1,2154.67,0.0
I010453,O06292,P0491,1,14558.18,0.1
I010454,O06293,P0396,1,6181.52,0.05
I010455,O06294,P0028,1,2327.59,0.1
I010456,O06295,P0248,1,5481.12,0.0
I010457,O06295,P0049,1,10387.8,0.0
I010458,O06296,P0112,1,10276.51,0.05
I010459,O06297,P0159,2,12341.8,0.1
I010460,O06298,P0499,1,2390.13,0.0
I010461,O06298,P0181,1,6969.81,0.0
I010462,O06299,P0397,1,18087.88,0.1
I010463,O06299,P0300,3,11744.09,0.1
I010464,O06300,P0376,1,21096.71,0.0
I010465,O06301,P0108,1,11560.22,0.05
I010466,O06301,P0435,1,11265.94,0.05
I010467,O06301,P0454,2,13398.41,0.05
I010468,O06302,P0214,1,3598.9,0.25
I010469,O06302,P0146,3,12538.22,0.25
I010470,O06303,P0307,1,8542.99,0.1
I010471,O06303,P0171,2,6118.98,0.1
I010472,O06304,P0127,1,12125.3,0.05
I010473,O06305,P0323,2,19857.8,0.1
I010474,O06305,P0054,1,22196.9,0.1
I010475,O06305,P0451,1,18517.71,0.1
I010476,O06306,P0274,3,16208.88,0.05
I010477,O06307,P0059,2,7497.65,0.1
I010478,O06307,P0308,1,10963.13,0.1
I010479,O06308,P0363,2,11446.48,0.0
I010480,O06308,P0242,1,12806.32,0.0
I010481,O06309,P0017,1,9858.5,0.05
I010482,O06309,P0358,2,17680.82,0.05
I010483,O06309,P0069,1,6827.67,0.05
I010484,O06310,P0269,1,9853.0,0.3
I010485,O06310,P0216,1,4253.32,0.3
I010486,O06310,P0294,1,9318.36,0.3
I010487,O06311,P0347,3,207.7,0.0
I010488,O06312,P0458,1,11252.82,0.0
I010489,O06313,P0107,2,12811.73,0.1
I010490,O06314,P0433,1,11369.56,0.05
I010491,O06314,P0247,1,5866.18,0.05
I010492,O06314,P0125,1,8357.18,0.05
I010493,O06315,P0300,2,11744.09,0.1
I010494,O06315,P0223,3,12111.39,0.1
I010495,O06316,P0297,1,14103.76,0.25
I010496,O06316,P0042,3,18369.63,0.25
I010497,O06316,P0300,2,11744.09,0.25
I010498,O06317,P0281,1,8647.87,0.0
I010499,O06318,P0474,1,2142.32,0.1
I010500,O06319,P0483,2,14346.17,0.15
I010501,O06320,P0142,1,7546.26,0.0
I010502,O06321,P0192,1,13132.41,0.15
I010503,O06321,P0115,2,10805.92,0.15
I010504,O06321,P0472,2,6339.28,0.15
I010505,O06322,P0401,4,18961.41,0.1
I010506,O06322,P0022,1,16227.09,0.1
I010507,O06322,P0243,1,5300.75,0.1
I010508,O06323,P0346,1,17166.81,0.1
I010509,O06323,P0068,4,658.18,0.1
I010510,O06323,P0075,1,16717.1,0.1
I010511,O06324,P0370,1,12293.71,0.1
I010512,O06325,P0388,3,10509.73,0.1
I010513,O06326,P0401,1,18961.41,0.1
I010514,O06327,P0496,1,20624.48,0.0
I010515,O06328,P0035,2,10869.62,0.1
I010516,O06329,P0334,1,5599.91,0.15
I010517,O06329,P0247,1,5866.18,0.15
I010518,O06330,P0407,1,775.43,0.2
I010519,O06331,P0358,2,17680.82,0.1
I010520,O06332,P0452,1,14623.62,0.2
I010521,O06332,P0258,2,5357.22,0.2
I010522,O06332,P0263,1,12622.11,0.2
I010523,O06332,P0171,3,6118.98,0.2
I010524,O06333,P0148,1,3827.6,0.1
I010525,O06333,P0181,1,6969.81,0.1
I010526,O06333,P0428,4,15197.13,0.1
I010527,O06333,P0460,3,1760.09,0.1
I010528,O06334,P0088,1,10596.08,0.05
I010529,O06334,P0204,1,3139.42,0.05
I010530,O06335,P0435,1,11265.94,0.15
I010531,O06336,P0224,1,14337.8,0.15
I010532,O06337,P0315,2,8767.22,0.0
I010533,O06338,P0298,1,14301.55,0.1
I010534,O06339,P0250,1,17490.25,0.25
I010535,O06340,P0376,1,21096.71,0.3
I010536,O06341,P0071,1,1222.75,0.1
I010537,O06341,P0008,1,404.42,0.1
I010538,O06341,P0426,1,17258.9,0.1
I010539,O06342,P0252,2,18803.98,0.15
I010540,O06342,P0084,1,10059.02,0.15
I010541,O06343,P0179,2,12189.37,0.0
I010542,O06344,P0357,2,4004.54,0.05
I010543,O06344,P0343,1,21720.15,0.05
I010544,O06344,P0401,1,18961.41,0.05
I010545,O06345,P0359,1,17408.84,0.15
I010546,O06346,P0497,1,5343.08,0.15
I010547,O06346,P0241,5,9473.89,0.15
I010548,O06346,P0244,4,6694.24,0.15
I010549,O06347,P0058,1,10856.44,0.15
I010550,O06348,P0129,1,15750.63,0.15
I010551,O06348,P0288,1,16170.77,0.15
I010552,O06349,P0023,3,8677.28,0.1
I010553,O06350,P0334,1,5599.91,0.25
I010554,O06351,P0014,3,14738.4,0.05
I010555,O06351,P0046,3,15363.92,0.05
I010556,O06352,P0231,1,5606.43,0.2
I010557,O06353,P0385,1,9160.1,0.0
I010558,O06354,P0249,1,11650.12,0.2
I010559,O06355,P0040,1,10694.19,0.05
I010560,O06355,P0483,3,14346.17,0.05
I010561,O06356,P0351,1,6684.2,0.15
I010562,O06356,P0429,1,4623.76,0.15
I010563,O06357,P0360,1,4434.75,0.0
I010564,O06357,P0244,1,6694.24,0.0
I010565,O06358,P0217,1,2504.14,0.0
I010566,O06358,P0076,1,12082.97,0.0
I010567,O06359,P0139,1,11137.68,0.0
I010568,O06359,P0154,1,13970.67,0.0
I010569,O06359,P0137,1,2945.06,0.0
I010570,O06359,P0289,4,5068.21,0.0
I010571,O06360,P0267,1,13380.29,0.1
I010572,O06360,P0494,3,9857.51,0.1
I010573,O06360,P0296,1,10086.41,0.1
I010574,O06360,P0099,1,11095.32,0.1
I010575,O06361,P0495,4,3120.64,0.1
I010576,O06362,P0489,1,16108.48,0.05
I010577,O06362,P0312,1,8312.33,0.05
I010578,O06363,P0050,5,12181.9,0.1
I010579,O06363,P0466,1,7584.85,0.1
I010580,O06364,P0373,2,8955.67,0.05
I010581,O06365,P0482,1,16166.73,0.2
I010582,O06365,P0214,2,3598.9,0.2
I010583,O06366,P0056,1,5412.25,0.1
I010584,O06366,P0392,2,10129.56,0.1
I010585,O06366,P0190,2,4813.84,0.1
I010586,O06367,P0378,2,224.7,0.05
I010587,O06368,P0166,1,4299.84,0.1
I010588,O06369,P0315,1,8767.22,0.2
I010589,O06370,P0062,2,2140.31,0.1
I010590,O06370,P0452,3,14623.62,0.1
I010591,O06370,P0101,1,13448.78,0.1
I010592,O06371,P0184,3,5176.95,0.1
I010593,O06372,P0036,1,22992.46,0.05
I010594,O06372,P0039,1,1954.54,0.05
I010595,O06373,P0179,1,12189.37,0.05
I010596,O06373,P0195,5,18266.79,0.05
I010597,O06374,P0067,2,18606.26,0.1
I010598,O06375,P0251,2,13718.51,0.15
I010599,O06375,P0289,5,5068.21,0.15
I010600,O06376,P0006,2,12139.02,0.05
I010601,O06377,P0448,2,11150.05,0.05
I010602,O06377,P0289,3,5068.21,0.05
I010603,O06378,P0330,2,621.58,0.15
I010604,O06379,P0316,2,18765.5,0.15
I010605,O06380,P0297,1,14103.76,0.0
I010606,O06381,P0159,2,12341.8,0.1
I010607,O06381,P0305,4,5268.03,0.1
I010608,O06382,P0305,1,5268.03,0.2
I010609,O06382,P0363,1,11446.48,0.2
I010610,O06383,P0142,1,7546.26,0.0
I010611,O06384,P0130,2,5669.17,0.2
I010612,O06385,P0320,1,22881.56,0.0
I010613,O06385,P0349,3,17040.15,0.0
I010614,O06386,P0430,1,14535.8,0.3
I010615,O06387,P0288,2,16170.77,0.1
I010616,O06388,P0388,1,10509.73,0.15
I010617,O06388,P0134,2,8950.35,0.15
I010618,O06388,P0152,1,11257.85,0.15
I010619,O06388,P0294,3,9318.36,0.15
I010620,O06389,P0302,4,10139.5,0.0
I010621,O06389,P0455,1,6841.97,0.0
I010622,O06389,P0493,3,17331.35,0.0
I010623,O06390,P0145,1,5897.75,0.0
I010624,O06391,P0459,1,15147.66,0.25
I010625,O06392,P0394,2,9719.2,0.3
I010626,O06392,P0172,1,13856.39,0.3
I010627,O06393,P0376,1,21096.71,0.05
I010628,O06394,P0329,4,6837.04,0.05
I010629,O06395,P0246,2,3212.48,0.0
I010630,O06396,P0192,1,13132.41,0.25
I010631,O06396,P0053,1,11740.23,0.25
I010632,O06396,P0470,3,16384.1,0.25
I010633,O06396,P0239,1,10044.2,0.25
I010634,O06397,P0236,1,13763.86,0.2
I010635,O06398,P0368,3,19421.03,0.0
I010636,O06398,P0016,3,4929.52,0.0
I010637,O06398,P0409,2,8257.04,0.0
I010638,O06399,P0401,1,18961.41,0.05
I010639,O06399,P0398,1,15186.38,0.05
I010640,O06399,P0495,1,3120.64,0.05
I010641,O06400,P0362,1,7754.84,0.25
I010642,O06400,P0053,1,11740.23,0.25
I010643,O06401,P0477,1,13272.75,0.0
I010644,O06402,P0192,2,13132.41,0.2
I010645,O06403,P0223,1,12111.39,0.05
I010646,O06403,P0354,1,749.54,0.05
I010647,O06404,P0106,1,5470.36,0.0
I010648,O06404,P0428,2,15197.13,0.0
I010649,O06405,P0497,2,5343.08,0.0
I010650,O06405,P0326,1,1200.34,0.0
I010651,O06406,P0149,1,18764.92,0.15
I010652,O06407,P0224,1,14337.8,0.0
I010653,O06407,P0067,2,18606.26,0.0
I010654,O06408,P0273,1,1414.88,0.0
I010655,O06409,P0366,1,12694.5,0.15
I010656,O06410,P0447,5,13008.01,0.15
I010657,O06411,P0228,2,7442.22,0.2
I010658,O06411,P0285,3,11518.27,0.2
I010659,O06412,P0087,1,5413.54,0.1
I010660,O06412,P0156,1,17438.42,0.1
I010661,O06413,P0092,1,3959.04,0.0
I010662,O06413,P0118,2,11312.75,0.0
I010663,O06414,P0416,1,14378.26,0.0
I010664,O06414,P0467,1,7857.91,0.0
I010665,O06415,P0327,1,7197.89,0.15
I010666,O06415,P0132,3,8762.43,0.15
I010667,O06416,P0394,1,9719.2,0.2
I010668,O06417,P0305,2,5268.03,0.15
I010669,O06417,P0354,1,749.54,0.15
I010670,O06418,P0014,2,14738.4,0.05
I010671,O06418,P0445,1,5378.95,0.05
I010672,O06419,P0160,1,6251.25,0.15
I010673,O06420,P0026,1,8043.88,0.0
I010674,O06420,P0270,1,15544.12,0.0
I010675,O06420,P0075,2,16717.1,0.0
I010676,O06421,P0331,3,7610.91,0.15
I010677,O06422,P0422,1,6180.37,0.05
I010678,O06422,P0111,3,4168.73,0.05
I010679,O06423,P0222,3,6948.91,0.25
I010680,O06423,P0254,1,1468.59,0.25
I010681,O06424,P0235,1,17675.52,0.05
I010682,O06425,P0093,1,11807.43,0.05
I010683,O06426,P0273,2,1414.88,0.05
I010684,O06426,P0260,1,9638.98,0.05
I010685,O06426,P0473,2,731.76,0.05
I010686,O06427,P0483,1,14346.17,0.1
I010687,O06427,P0354,2,749.54,0.1
I010688,O06427,P0350,2,14181.21,0.1
I010689,O06428,P0204,1,3139.42,0.0
I010690,O06429,P0156,2,17438.42,0.0
I010691,O06430,P0015,1,198.88,0.15
I010692,O06431,P0479,1,2007.3,0.25
I010693,O06432,P0263,2,12622.11,0.15
I010694,O06432,P0099,2,11095.32,0.15
I010695,O06433,P0249,3,11650.12,0.05
I010696,O06434,P0226,1,1989.2,0.05
I010697,O06434,P0159,2,12341.8,0.05
I010698,O06435,P0231,3,5606.43,0.05
I010699,O06435,P0214,2,3598.9,0.05
I010700,O06436,P0333,1,16891.72,0.15
I010701,O06437,P0325,1,883.29,0.05
I010702,O06437,P0300,1,11744.09,0.05
I010703,O06438,P0207,2,9618.99,0.1
I010704,O06439,P0007,1,20905.26,0.2
I010705,O06440,P0490,2,17879.27,0.1
I010706,O06441,P0355,2,15161.64,0.1
I010707,O06442,P0117,2,5812.89,0.25
I010708,O06442,P0320,1,22881.56,0.25
I010709,O06443,P0321,1,15173.01,0.05
I010710,O06443,P0251,1,13718.51,0.05
I010711,O06444,P0086,1,12651.01,0.15
I010712,O06444,P0343,1,21720.15,0.15
I010713,O06445,P0049,3,10387.8,0.15
I010714,O06445,P0251,2,13718.51,0.15
I010715,O06446,P0217,1,2504.14,0.0
I010716,O06447,P0338,1,9789.99,0.3
I010717,O06448,P0381,1,1646.42,0.15
I010718,O06449,P0006,1,12139.02,0.0
I010719,O06449,P0152,1,11257.85,0.0
I010720,O06449,P0424,1,1099.43,0.0
I010721,O06450,P0288,3,16170.77,0.15
I010722,O06451,P0267,1,13380.29,0.0
I010723,O06452,P0043,1,230.23,0.05
I010724,O06452,P0012,1,9210.89,0.05
I010725,O06453,P0064,5,18152.26,0.05
I010726,O06454,P0321,3,15173.01,0.05
I010727,O06455,P0096,3,7114.07,0.15
I010728,O06455,P0065,1,11896.67,0.15
I010729,O06456,P0007,1,20905.26,0.15
I010730,O06457,P0378,1,224.7,0.1
I010731,O06458,P0259,1,9091.06,0.1
I010732,O06458,P0025,1,21151.19,0.1
I010733,O06459,P0072,4,8074.69,0.05
I010734,O06459,P0247,1,5866.18,0.05
I010735,O06460,P0426,3,17258.9,0.0
I010736,O06461,P0009,1,10894.67,0.05
I010737,O06462,P0074,1,20503.04,0.0
I010738,O06463,P0236,1,13763.86,0.2
I010739,O06463,P0329,2,6837.04,0.2
I010740,O06463,P0287,1,11017.89,0.2
I010741,O06464,P0449,1,3785.19,0.1
I010742,O06465,P0100,1,7091.79,0.25
I010743,O06465,P0069,5,6827.67,0.25
I010744,O06465,P0385,1,9160.1,0.25
I010745,O06466,P0199,2,13045.06,0.05
I010746,O06466,P0207,2,9618.99,0.05
I010747,O06467,P0374,2,20293.37,0.15
I010748,O06468,P0054,1,22196.9,0.05
I010749,O06468,P0303,4,15132.39,0.05
I010750,O06469,P0447,2,13008.01,0.1
I010751,O06470,P0055,1,18288.33,0.1
I010752,O06471,P0267,3,13380.29,0.15
I010753,O06472,P0316,1,18765.5,0.15
I010754,O06472,P0388,1,10509.73,0.15
I010755,O06472,P0432,3,1677.91,0.15
I010756,O06473,P0041,1,11579.02,0.1
I010757,O06473,P0342,1,8867.09,0.1
I010758,O06474,P0295,1,12191.72,0.1
I010759,O06474,P0457,2,18511.82,0.1
I010760,O06474,P0498,5,1038.57,0.1
I010761,O06475,P0060,1,10597.6,0.0
I010762,O06475,P0417,1,7877.14,0.0
I010763,O06476,P0411,1,9751.96,0.05
I010764,O06477,P0078,1,18121.01,0.05
I010765,O06477,P0201,2,18090.68,0.05
I010766,O06477,P0220,2,4537.91,0.05
I010767,O06478,P0392,5,10129.56,0.1
I010768,O06478,P0373,1,8955.67,0.1
I010769,O06479,P0005,2,2113.83,0.05
I010770,O06479,P0422,1,6180.37,0.05
I010771,O06479,P0400,1,7063.54,0.05
I010772,O06480,P0210,1,3425.1,0.05
I010773,O06481,P0118,2,11312.75,0.2
I010774,O06482,P0179,1,12189.37,0.2
I010775,O06483,P0383,1,5460.56,0.05
I010776,O06484,P0446,3,18710.12,0.0
I010777,O06484,P0270,2,15544.12,0.0
I010778,O06485,P0044,1,4750.75,0.1
I010779,O06485,P0413,1,4516.32,0.1
I010780,O06485,P0379,2,4596.34,0.1
I010781,O06486,P0326,1,1200.34,0.1
I010782,O06486,P0126,2,12590.35,0.1
I010783,O06486,P0484,1,14051.85,0.1
I010784,O06487,P0143,3,2154.67,0.2
I010785,O06487,P0120,4,15630.4,0.2
I010786,O06488,P0129,1,15750.63,0.1
I010787,O06489,P0267,2,13380.29,0.25
I010788,O06490,P0018,1,8521.23,0.1
I010789,O06491,P0031,3,10837.07,0.15
I010790,O06492,P0194,2,4785.07,0.1
I010791,O06493,P0411,2,9751.96,0.05
I010792,O06493,P0457,3,18511.82,0.05
I010793,O06493,P0388,3,10509.73,0.05
I010794,O06494,P0034,1,3767.39,0.0
I010795,O06495,P0456,1,5984.52,0.15
I010796,O06495,P0119,2,14136.98,0.15
I010797,O06496,P0082,3,8524.01,0.2
I010798,O06496,P0377,1,7254.24,0.2
I010799,O06497,P0419,1,11206.88,0.15
I010800,O06497,P0310,1,6739.9,0.15
I010801,O06498,P0103,2,9874.02,0.05
I010802,O06498,P0112,1,10276.51,0.05
I010803,O06498,P0443,2,3024.24,0.05
I010804,O06499,P0152,1,11257.85,0.15
I010805,O06499,P0124,4,15514.19,0.15
I010806,O06499,P0329,1,6837.04,0.15
I010807,O06500,P0461,1,6940.51,0.1
I010808,O06501,P0119,1,14136.98,0.15
I010809,O06501,P0436,3,9847.38,0.15
I010810,O06501,P0445,1,5378.95,0.15
I010811,O06502,P0184,1,5176.95,0.0
I010812,O06503,P0378,3,224.7,0.1
I010813,O06504,P0420,3,5156.99,0.1
I010814,O06504,P0227,1,1214.17,0.1
I010815,O06504,P0040,2,10694.19,0.1
I010816,O06505,P0300,1,11744.09,0.15
I010817,O06505,P0125,2,8357.18,0.15
I010818,O06505,P0497,1,5343.08,0.15
I010819,O06506,P0084,1,10059.02,0.15
I010820,O06507,P0329,3,6837.04,0.1
I010821,O06508,P0225,1,925.67,0.0
I010822,O06508,P0448,1,11150.05,0.0
I010823,O06509,P0396,1,6181.52,0.25
I010824,O06509,P0473,1,731.76,0.25
I010825,O06509,P0447,1,13008.01,0.25
I010826,O06510,P0442,2,12851.94,0.15
I010827,O06511,P0042,2,18369.63,0.1
I010828,O06511,P0046,1,15363.92,0.1
I010829,O06511,P0403,2,10949.03,0.1
I010830,O06511,P0082,1,8524.01,0.1
I010831,O06512,P0422,2,6180.37,0.05
I010832,O06512,P0363,3,11446.48,0.05
I010833,O06513,P0462,1,8013.86,0.3
I010834,O06514,P0062,1,2140.31,0.0
I010835,O06515,P0400,2,7063.54,0.25
I010836,O06516,P0497,4,5343.08,0.1
I010837,O06516,P0049,3,10387.8,0.1
I010838,O06517,P0016,1,4929.52,0.0
I010839,O06517,P0419,1,11206.88,0.0
I010840,O06518,P0026,1,8043.88,0.05
I010841,O06518,P0213,1,13682.03,0.05
I010842,O06519,P0420,1,5156.99,0.15
I010843,O06520,P0328,3,15667.69,0.1
I010844,O06521,P0497,1,5343.08,0.1
I010845,O06521,P0473,4,731.76,0.1
I010846,O06521,P0239,2,10044.2,0.1
I010847,O06522,P0041,3,11579.02,0.2
I010848,O06523,P0064,2,18152.26,0.1
I010849,O06523,P0151,1,8069.27,0.1
I010850,O06524,P0109,1,7019.11,0.15
I010851,O06525,P0398,5,15186.38,0.0
I010852,O06526,P0083,1,7026.05,0.05
I010853,O06527,P0386,1,7920.43,0.1
I010854,O06528,P0060,1,10597.6,0.0
I010855,O06529,P0105,1,10085.48,0.05
I010856,O06530,P0092,2,3959.04,0.2
I010857,O06531,P0016,1,4929.52,0.0
I010858,O06532,P0308,1,10963.13,0.0
I010859,O06532,P0336,1,5532.6,0.0
I010860,O06532,P0445,1,5378.95,0.0
I010861,O06532,P0303,2,15132.39,0.0
I010862,O06533,P0128,1,11542.08,0.15
I010863,O06534,P0371,2,14987.41,0.05
I010864,O06535,P0098,1,18024.33,0.15
I010865,O06535,P0107,1,12811.73,0.15
I010866,O06535,P0216,2,4253.32,0.15
I010867,O06536,P0375,3,1937.18,0.25
I010868,O06537,P0320,1,22881.56,0.05
I010869,O06537,P0353,4,4627.28,0.05
I010870,O06538,P0066,1,4602.72,0.0
I010871,O06539,P0198,5,15426.36,0.1
I010872,O06540,P0336,1,5532.6,0.25
I010873,O06541,P0381,1,1646.42,0.1
I010874,O06541,P0394,1,9719.2,0.1
I010875,O06541,P0185,1,11400.27,0.1
I010876,O06542,P0248,1,5481.12,0.05
I010877,O06543,P0252,3,18803.98,0.1
I010878,O06544,P0369,1,2936.18,0.0
I010879,O06545,P0348,1,19194.75,0.15
I010880,O06545,P0490,1,17879.27,0.15
I010881,O06545,P0352,1,10103.59,0.15
I010882,O06546,P0274,1,16208.88,0.15
I010883,O06547,P0427,1,2376.46,0.15
I010884,O06547,P0487,4,2276.61,0.15
I010885,O06547,P0076,2,12082.97,0.15
I010886,O06547,P0013,2,1067.21,0.15
I010887,O06548,P0283,5,10933.03,0.05
I010888,O06549,P0234,1,6819.79,0.15
I010889,O06550,P0332,1,9365.5,0.2
I010890,O06551,P0156,1,17438.42,0.25
I010891,O06552,P0318,1,18336.52,0.1
I010892,O06553,P0291,1,8891.78,0.05
I010893,O06553,P0406,1,1199.98,0.05
I010894,O06553,P0195,1,18266.79,0.05
I010895,O06553,P0378,2,224.7,0.05
I010896,O06554,P0220,1,4537.91,0.05
I010897,O06554,P0391,2,16675.09,0.05
I010898,O06555,P0018,1,8521.23,0.1
I010899,O06556,P0145,3,5897.75,0.1
I010900,O06557,P0175,1,8354.48,0.15
I010901,O06557,P0125,2,8357.18,0.15
I010902,O06558,P0158,2,9904.7,0.0
I010903,O06559,P0412,1,14362.31,0.1
I010904,O06559,P0063,3,17989.43,0.1
I010905,O06559,P0259,1,9091.06,0.1
I010906,O06560,P0097,3,16913.36,0.05
I010907,O06560,P0135,2,13687.78,0.05
I010908,O06561,P0408,4,12252.4,0.2
I010909,O06562,P0403,1,10949.03,0.05
I010910,O06562,P0117,2,5812.89,0.05
I010911,O06563,P0018,1,8521.23,0.1
I010912,O06564,P0110,1,239.19,0.05
I010913,O06564,P0112,3,10276.51,0.05
I010914,O06565,P0269,1,9853.0,0.05
I010915,O06566,P0115,4,10805.92,0.1
I010916,O06567,P0207,1,9618.99,0.1
I010917,O06568,P0189,1,1077.94,0.05
I010918,O06568,P0450,2,2255.15,0.05
I010919,O06569,P0039,1,1954.54,0.1
I010920,O06569,P0437,1,9057.77,0.1
I010921,O06569,P0066,4,4602.72,0.1
I010922,O06570,P0062,3,2140.31,0.0
I010923,O06570,P0169,1,5258.15,0.0
I010924,O06570,P0308,2,10963.13,0.0
I010925,O06571,P0447,5,13008.01,0.2
I010926,O06571,P0422,3,6180.37,0.2
I010927,O06571,P0219,4,1340.09,0.2
I010928,O06572,P0321,1,15173.01,0.25
I010929,O06573,P0498,1,1038.57,0.05
I010930,O06574,P0287,2,11017.89,0.0
I010931,O06575,P0369,2,2936.18,0.25
I010932,O06576,P0111,2,4168.73,0.05
I010933,O06576,P0135,1,13687.78,0.05
I010934,O06577,P0214,2,3598.9,0.05
I010935,O06578,P0128,2,11542.08,0.2
I010936,O06579,P0110,1,239.19,0.2
I010937,O06580,P0164,1,744.63,0.0
I010938,O06580,P0273,1,1414.88,0.0
I010939,O06581,P0257,2,8094.05,0.05
I010940,O06582,P0387,1,11008.74,0.15
I010941,O06582,P0468,2,17686.56,0.15
I010942,O06583,P0220,1,4537.91,0.05
I010943,O06584,P0149,2,18764.92,0.15
I010944,O06584,P0025,2,21151.19,0.15
I010945,O06584,P0364,1,20513.3,0.15
I010946,O06584,P0125,1,8357.18,0.15
I010947,O06585,P0235,1,17675.52,0.0
I010948,O06585,P0292,1,21583.15,0.0
I010949,O06585,P0250,1,17490.25,0.0
I010950,O06586,P0086,2,12651.01,0.2
I010951,O06587,P0026,1,8043.88,0.1
I010952,O06587,P0032,1,12721.46,0.1
I010953,O06588,P0136,1,10051.62,0.1
I010954,O06589,P0001,1,12680.89,0.15
I010955,O06590,P0461,1,6940.51,0.1
I010956,O06591,P0270,2,15544.12,0.0
I010957,O06591,P0027,3,6637.92,0.0
I010958,O06592,P0130,3,5669.17,0.1
I010959,O06593,P0145,2,5897.75,0.1
I010960,O06594,P0201,3,18090.68,0.1
I010961,O06595,P0345,1,18312.01,0.05
I010962,O06596,P0185,1,11400.27,0.0
I010963,O06596,P0225,1,925.67,0.0
I010964,O06597,P0051,2,13023.34,0.15
I010965,O06598,P0209,1,17935.22,0.1
I010966,O06599,P0160,3,6251.25,0.0
I010967,O06600,P0028,3,2327.59,0.2
I010968,O06601,P0088,2,10596.08,0.0
I010969,O06602,P0042,2,18369.63,0.15
I010970,O06603,P0023,5,8677.28,0.0
I010971,O06603,P0364,1,20513.3,0.0
I010972,O06604,P0318,1,18336.52,0.25
I010973,O06604,P0319,4,17097.24,0.25
I010974,O06604,P0177,1,5666.47,0.25
I010975,O06604,P0340,3,6540.28,0.25
I010976,O06605,P0127,1,12125.3,0.2
I010977,O06606,P0070,1,3923.76,0.05
I010978,O06606,P0272,1,13853.17,0.05
I010979,O06607,P0104,1,389.71,0.0
I010980,O06608,P0129,1,15750.63,0.0
I010981,O06608,P0340,3,6540.28,0.0
I010982,O06609,P0305,1,5268.03,0.15
I010983,O06609,P0321,3,15173.01,0.15
I010984,O06609,P0095,1,708.58,0.15
I010985,O06610,P0224,2,14337.8,0.0
I010986,O06610,P0113,1,1476.37,0.0
I010987,O06611,P0178,2,9447.65,0.15
I010988,O06611,P0413,2,4516.32,0.15
I010989,O06612,P0349,2,17040.15,0.15
I010990,O06613,P0500,1,14456.78,0.05
I010991,O06614,P0358,1,17680.82,0.15
I010992,O06615,P0206,1,13942.45,0.2
I010993,O06616,P0292,1,21583.15,0.15
I010994,O06617,P0229,1,971.19,0.05
I010995,O06617,P0445,1,5378.95,0.05
I010996,O06617,P0261,1,9413.55,0.05
I010997,O06618,P0146,4,12538.22,0.1
I010998,O06619,P0292,1,21583.15,0.0
I010999,O06620,P0032,2,12721.46,0.1
I011000,O06620,P0407,2,775.43,0.1
I011001,O06621,P0471,1,3362.5,0.1
I011002,O06622,P0405,1,10874.23,0.2
I011003,O06622,P0381,1,1646.42,0.2
I011004,O06623,P0238,1,16729.81,0.0
I011005,O06623,P0394,1,9719.2,0.0
I011006,O06623,P0033,1,2436.78,0.0
I011007,O06624,P0038,1,13981.96,0.1
I011008,O06624,P0403,1,10949.03,0.1
I011009,O06625,P0461,3,6940.51,0.15
I011010,O06625,P0003,1,14157.19,0.15
I011011,O06626,P0042,1,18369.63,0.1
I011012,O06627,P0171,2,6118.98,0.05
I011013,O06627,P0418,1,12929.12,0.05
I011014,O06628,P0419,1,11206.88,0.1
I011015,O06629,P0484,1,14051.85,0.3
I011016,O06630,P0126,1,12590.35,0.0
I011017,O06630,P0215,1,2961.47,0.0
I011018,O06630,P0078,2,18121.01,0.0
I011019,O06631,P0097,3,16913.36,0.05
I011020,O06631,P0325,1,883.29,0.05
I011021,O06631,P0359,1,17408.84,0.05
I011022,O06632,P0364,1,20513.3,0.1
I011023,O06632,P0174,2,14241.6,0.1
I011024,O06633,P0068,1,658.18,0.1
I011025,O06633,P0399,2,9834.2,0.1
I011026,O06633,P0450,1,2255.15,0.1
I011027,O06634,P0319,2,17097.24,0.1
I011028,O06635,P0490,2,17879.27,0.0
I011029,O06635,P0182,1,7028.31,0.0
I011030,O06636,P0439,2,11309.42,0.0
I011031,O06637,P0141,2,2669.4,0.25
I011032,O06638,P0226,1,1989.2,0.0
I011033,O06638,P0439,3,11309.42,0.0
I011034,O06639,P0413,1,4516.32,0.1
I011035,O06639,P0212,1,15959.35,0.1
I011036,O06640,P0413,2,4516.32,0.1
I011037,O06641,P0377,4,7254.24,0.05
I011038,O06642,P0053,1,11740.23,0.05
I011039,O06643,P0070,1,3923.76,0.05
I011040,O06644,P0124,2,15514.19,0.05
I011041,O06644,P0263,1,12622.11,0.05
I011042,O06645,P0447,1,13008.01,0.05
I011043,O06646,P0359,2,17408.84,0.0
I011044,O06647,P0124,1,15514.19,0.2
I011045,O06648,P0152,3,11257.85,0.15
I011046,O06648,P0067,1,18606.26,0.15
I011047,O06648,P0316,2,18765.5,0.15
I011048,O06648,P0028,1,2327.59,0.15
I011049,O06649,P0492,1,13278.61,0.0
I011050,O06650,P0407,1,775.43,0.15
I011051,O06651,P0256,1,10413.89,0.2
I011052,O06652,P0018,1,8521.23,0.25
I011053,O06652,P0376,1,21096.71,0.25
I011054,O06652,P0303,2,15132.39,0.25
I011055,O06652,P0116,1,14318.59,0.25
I011056,O06653,P0363,2,11446.48,0.1
I011057,O06653,P0134,2,8950.35,0.1
I011058,O06654,P0453,2,2027.99,0.2
I011059,O06654,P0414,1,3244.46,0.2
I011060,O06655,P0199,1,13045.06,0.15
I011061,O06655,P0113,2,1476.37,0.15
I011062,O06656,P0130,1,5669.17,0.0
I011063,O06657,P0227,1,1214.17,0.15
I011064,O06658,P0436,4,9847.38,0.1
I011065,O06659,P0192,5,13132.41,0.15
I011066,O06660,P0450,1,2255.15,0.2
I011067,O06661,P0131,1,2329.3,0.0
I011068,O06662,P0224,2,14337.8,0.0
I011069,O06662,P0159,4,12341.8,0.0
I011070,O06663,P0059,1,7497.65,0.1
I011071,O06664,P0175,4,8354.48,0.1
I011072,O06664,P0068,3,658.18,0.1
I011073,O06665,P0120,1,15630.4,0.1
I011074,O06665,P0091,1,5800.05,0.1
I011075,O06666,P0403,1,10949.03,0.05
I011076,O06667,P0206,1,13942.45,0.15
I011077,O06668,P0259,1,9091.06,0.0
I011078,O06668,P0099,3,11095.32,0.0
I011079,O06669,P0071,1,1222.75,0.1
I011080,O06669,P0389,2,10740.24,0.1
I011081,O06669,P0054,4,22196.9,0.1
I011082,O06670,P0081,3,12661.97,0.1
I011083,O06670,P0251,1,13718.51,0.1
I011084,O06670,P0420,3,5156.99,0.1
I011085,O06671,P0251,2,13718.51,0.1
I011086,O06672,P0259,1,9091.06,0.0
I011087,O06672,P0079,1,16242.79,0.0
I011088,O06672,P0125,1,8357.18,0.0
I011089,O06672,P0364,1,20513.3,0.0
I011090,O06673,P0210,2,3425.1,0.15
I011091,O06674,P0487,1,2276.61,0.0
I011092,O06675,P0410,1,8140.59,0.1
I011093,O06676,P0064,3,18152.26,0.05
I011094,O06677,P0451,2,18517.71,0.05
I011095,O06677,P0089,2,21527.82,0.05
I011096,O06678,P0066,1,4602.72,0.15
I011097,O06679,P0223,1,12111.39,0.3
I011098,O06680,P0436,1,9847.38,0.1
I011099,O06681,P0350,5,14181.21,0.15
I011100,O06681,P0403,2,10949.03,0.15
I011101,O06682,P0173,2,11347.23,0.05
I011102,O06683,P0018,1,8521.23,0.1
I011103,O06683,P0045,1,5553.07,0.1
I011104,O06684,P0384,2,21014.31,0.0
I011105,O06684,P0063,1,17989.43,0.0
I011106,O06685,P0211,1,12771.97,0.2
I011107,O06685,P0192,1,13132.41,0.2
I011108,O06686,P0423,3,13857.3,0.1
I011109,O06686,P0025,1,21151.19,0.1
I011110,O06687,P0466,3,7584.85,0.05
I011111,O06688,P0374,1,20293.37,0.1
I011112,O06689,P0123,1,12283.66,0.2
I011113,O06690,P0056,2,5412.25,0.15
I011114,O06690,P0262,1,12660.19,0.15
I011115,O06690,P0151,1,8069.27,0.15
I011116,O06691,P0061,2,9428.51,0.0
I011117,O06692,P0314,1,5199.64,0.15
I011118,O06692,P0375,1,1937.18,0.15
I011119,O06692,P0001,1,12680.89,0.15
I011120,O06693,P0108,2,11560.22,0.05
I011121,O06693,P0167,3,2741.53,0.05
I011122,O06693,P0492,1,13278.61,0.05
I011123,O06694,P0111,3,4168.73,0.05
I011124,O06694,P0360,2,4434.75,0.05
I011125,O06695,P0468,1,17686.56,0.15
I011126,O06695,P0361,2,8061.24,0.15
I011127,O06696,P0038,2,13981.96,0.1
I011128,O06697,P0053,2,11740.23,0.0
I011129,O06698,P0326,1,1200.34,0.05
I011130,O06699,P0160,3,6251.25,0.2
I011131,O06700,P0266,4,6946.78,0.1
I011132,O06701,P0298,1,14301.55,0.2
I011133,O06701,P0073,1,14367.83,0.2
I011134,O06702,P0213,1,13682.03,0.05
I011135,O06703,P0341,4,9492.87,0.15
I011136,O06704,P0238,1,16729.81,0.15
I011137,O06704,P0146,1,12538.22,0.15
I011138,O06705,P0010,1,8507.4,0.05
I011139,O06705,P0132,3,8762.43,0.05
I011140,O06705,P0350,2,14181.21,0.05
I011141,O06706,P0151,1,8069.27,0.0
I011142,O06706,P0444,1,4611.38,0.0
I011143,O06707,P0239,2,10044.2,0.1
I011144,O06707,P0032,1,12721.46,0.1
I011145,O06708,P0460,1,1760.09,0.1
I011146,O06709,P0241,1,9473.89,0.0
I011147,O06709,P0313,2,15225.55,0.0
I011148,O06710,P0086,1,12651.01,0.1
I011149,O06711,P0106,2,5470.36,0.1
I011150,O06711,P0344,1,5745.03,0.1
I011151,O06712,P0043,2,230.23,0.05
I011152,O06713,P0364,2,20513.3,0.0
I011153,O06713,P0052,3,22717.29,0.0
I011154,O06714,P0347,2,207.7,0.15
I011155,O06715,P0432,2,1677.91,0.25
I011156,O06716,P0059,1,7497.65,0.1
I011157,O06717,P0371,2,14987.41,0.0
I011158,O06717,P0104,2,389.71,0.0
I011159,O06718,P0443,3,3024.24,0.1
I011160,O06719,P0221,1,9748.25,0.05
I011161,O06720,P0031,2,10837.07,0.1
I011162,O06720,P0268,3,21182.18,0.1
I011163,O06721,P0074,1,20503.04,0.0
I011164,O06722,P0174,1,14241.6,0.2
I011165,O06723,P0445,2,5378.95,0.0
I011166,O06724,P0336,4,5532.6,0.1
I011167,O06724,P0468,1,17686.56,0.1
I011168,O06724,P0203,1,14797.26,0.1
I011169,O06725,P0285,2,11518.27,0.15
I011170,O06726,P0473,1,731.76,0.15
I011171,O06726,P0369,1,2936.18,0.15
I011172,O06726,P0259,2,9091.06,0.15
I011173,O06727,P0492,1,13278.61,0.05
I011174,O06727,P0330,3,621.58,0.05
I011175,O06728,P0078,1,18121.01,0.1
I011176,O06729,P0312,1,8312.33,0.1
I011177,O06729,P0125,1,8357.18,0.1
I011178,O06729,P0208,4,17414.46,0.1
I011179,O06730,P0234,1,6819.79,0.0
I011180,O06731,P0386,3,7920.43,0.05
I011181,O06732,P0381,2,1646.42,0.0
I011182,O06732,P0089,2,21527.82,0.0
I011183,O06733,P0039,1,1954.54,0.0
I011184,O06733,P0369,2,2936.18,0.0
I011185,O06734,P0418,2,12929.12,0.0
I011186,O06735,P0217,1,2504.14,0.1
I011187,O06736,P0307,1,8542.99,0.15
I011188,O06736,P0405,1,10874.23,0.15
I011189,O06736,P0285,1,11518.27,0.15
I011190,O06737,P0163,2,16537.01,0.3
I011191,O06738,P0105,1,10085.48,0.1
I011192,O06739,P0340,2,6540.28,0.05
I011193,O06740,P0431,1,7800.63,0.05
I011194,O06741,P0404,2,7190.22,0.15
I011195,O06742,P0233,1,9166.88,0.0
I011196,O06743,P0010,1,8507.4,0.05
I011197,O06744,P0481,1,1854.72,0.15
I011198,O06744,P0134,1,8950.35,0.15
I011199,O06744,P0101,1,13448.78,0.15
I011200,O06745,P0401,1,18961.41,0.1
I011201,O06745,P0048,1,881.87,0.1
I011202,O06745,P0052,1,22717.29,0.1
I011203,O06746,P0254,4,1468.59,0.1
I011204,O06747,P0348,1,19194.75,0.25
I011205,O06748,P0229,2,971.19,0.1
I011206,O06748,P0257,4,8094.05,0.1
I011207,O06748,P0426,1,17258.9,0.1
I011208,O06749,P0194,1,4785.07,0.1
I011209,O06749,P0264,1,11827.53,0.1
I011210,O06750,P0245,1,14211.09,0.3
I011211,O06751,P0112,1,10276.51,0.15
I011212,O06752,P0130,1,5669.17,0.1
I011213,O06752,P0086,1,12651.01,0.1
I011214,O06753,P0203,1,14797.26,0.05
I011215,O06753,P0471,4,3362.5,0.05
I011216,O06754,P0310,2,6739.9,0.25
I011217,O06754,P0416,5,14378.26,0.25
I011218,O06754,P0035,1,10869.62,0.25
I011219,O06755,P0231,2,5606.43,0.05
I011220,O06755,P0134,2,8950.35,0.05
I011221,O06756,P0353,1,4627.28,0.0
I011222,O06756,P0373,1,8955.67,0.0
I011223,O06756,P0083,1,7026.05,0.0
I011224,O06757,P0111,2,4168.73,0.25
I011225,O06758,P0322,1,179.06,0.05
I011226,O06759,P0257,1,8094.05,0.1
I011227,O06760,P0294,1,9318.36,0.1
I011228,O06761,P0247,1,5866.18,0.05
I011229,O06762,P0393,2,1256.74,0.1
I011230,O06762,P0135,4,13687.78,0.1
I011231,O06763,P0075,3,16717.1,0.0
I011232,O06764,P0192,1,13132.41,0.2
I011233,O06764,P0294,1,9318.36,0.2
I011234,O06765,P0133,1,16221.29,0.1
I011235,O06766,P0216,2,4253.32,0.2
I011236,O06767,P0036,2,22992.46,0.05
I011237,O06767,P0487,4,2276.61,0.05
I011238,O06768,P0386,1,7920.43,0.1
I011239,O06768,P0020,1,16894.73,0.1
I011240,O06768,P0291,1,8891.78,0.1
I011241,O06769,P0348,2,19194.75,0.05
I011242,O06769,P0051,2,13023.34,0.05
I011243,O06770,P0434,1,15961.32,0.05
I011244,O06771,P0456,1,5984.52,0.05
I011245,O06772,P0222,1,6948.91,0.1
I011246,O06772,P0082,1,8524.01,0.1
I011247,O06772,P0408,1,12252.4,0.1
I011248,O06773,P0213,1,13682.03,0.1
I011249,O06773,P0415,2,19105.92,0.1
I011250,O06774,P0183,4,208.22,0.05
I011251,O06775,P0252,1,18803.98,0.0
I011252,O06776,P0297,4,14103.76,0.15
I011253,O06776,P0257,3,8094.05,0.15
I011254,O06777,P0252,1,18803.98,0.1
I011255,O06777,P0254,1,1468.59,0.1
I011256,O06778,P0294,2,9318.36,0.05
I011257,O06779,P0486,2,7416.01,0.0
I011258,O06780,P0148,1,3827.6,0.0
I011259,O06780,P0244,1,6694.24,0.0
I011260,O06781,P0493,2,17331.35,0.1
I011261,O06782,P0023,2,8677.28,0.1
I011262,O06783,P0178,4,9447.65,0.05
I011263,O06784,P0477,1,13272.75,0.1
I011264,O06784,P0418,1,12929.12,0.1
I011265,O06785,P0065,5,11896.67,0.15
I011266,O06786,P0310,3,6739.9,0.15
I011267,O06787,P0081,1,12661.97,0.2
I011268,O06787,P0127,5,12125.3,0.2
I011269,O06788,P0500,1,14456.78,0.1
I011270,O06789,P0171,1,6118.98,0.0
I011271,O06789,P0363,1,11446.48,0.0
I011272,O06790,P0325,1,883.29,0.0
I011273,O06790,P0104,1,389.71,0.0
I011274,O06791,P0471,2,3362.5,0.05
I011275,O06792,P0014,3,14738.4,0.05
I011276,O06793,P0008,1,404.42,0.15
I011277,O06793,P0408,1,12252.4,0.15
I011278,O06794,P0303,1,15132.39,0.1
I011279,O06795,P0447,1,13008.01,0.1
I011280,O06796,P0392,2,10129.56,0.1
I011281,O06796,P0341,1,9492.87,0.1
I011282,O06797,P0110,2,239.19,0.2
I011283,O06798,P0074,3,20503.04,0.1
I011284,O06799,P0461,1,6940.51,0.05
I011285,O06800,P0400,3,7063.54,0.1
I011286,O06800,P0479,1,2007.3,0.1
I011287,O06801,P0407,2,775.43,0.0
I011288,O06802,P0477,1,13272.75,0.0
I011289,O06803,P0251,2,13718.51,0.1
I011290,O06803,P0355,1,15161.64,0.1
I011291,O06804,P0476,2,1078.88,0.25
I011292,O06805,P0481,1,1854.72,0.2
I011293,O06806,P0168,1,11374.5,0.15
I011294,O06806,P0270,3,15544.12,0.15
I011295,O06807,P0222,2,6948.91,0.15
I011296,O06808,P0164,1,744.63,0.2
I011297,O06809,P0267,2,13380.29,0.2
I011298,O06810,P0069,2,6827.67,0.15
I011299,O06810,P0013,4,1067.21,0.15
I011300,O06811,P0139,4,11137.68,0.05
I011301,O06812,P0325,5,883.29,0.0
I011302,O06812,P0301,2,1551.88,0.0
I011303,O06812,P0043,1,230.23,0.0
I011304,O06812,P0277,1,14027.28,0.0
I011305,O06813,P0226,1,1989.2,0.0
I011306,O06814,P0319,1,17097.24,0.1
I011307,O06814,P0091,3,5800.05,0.1
I011308,O06814,P0240,1,16345.25,0.1
I011309,O06815,P0309,4,879.52,0.05
I011310,O06815,P0162,2,11199.84,0.05
I011311,O06816,P0192,1,13132.41,0.0
I011312,O06816,P0211,1,12771.97,0.0
I011313,O06816,P0114,4,2768.84,0.0
I011314,O06817,P0126,1,12590.35,0.05
I011315,O06817,P0469,1,12828.28,0.05
I011316,O06818,P0206,1,13942.45,0.1
I011317,O06819,P0391,4,16675.09,0.15
I011318,O06820,P0489,1,16108.48,0.05
I011319,O06820,P0247,1,5866.18,0.05
I011320,O06821,P0446,1,18710.12,0.15
I011321,O06821,P0440,1,10988.87,0.15
I011322,O06822,P0157,2,1053.8,0.0
I011323,O06823,P0168,1,11374.5,0.25
I011324,O06824,P0384,2,21014.31,0.25
I011325,O06824,P0310,2,6739.9,0.25
I011326,O06825,P0397,2,18087.88,0.1
I011327,O06825,P0170,1,10734.0,0.1
I011328,O06826,P0293,1,5390.99,0.15
I011329,O06827,P0341,3,9492.87,0.15
I011330,O06827,P0305,2,5268.03,0.15
I011331,O06827,P0467,2,7857.91,0.15
I011332,O06828,P0172,1,13856.39,0.25
I011333,O06828,P0472,2,6339.28,0.25
I011334,O06829,P0086,1,12651.01,0.1
I011335,O06829,P0020,2,16894.73,0.1
I011336,O06830,P0356,1,17911.43,0.15
I011337,O06831,P0171,1,6118.98,0.05
I011338,O06831,P0108,1,11560.22,0.05
I011339,O06831,P0001,1,12680.89,0.05
I011340,O06832,P0213,1,13682.03,0.0
I011341,O06833,P0032,2,12721.46,0.15
I011342,O06833,P0461,2,6940.51,0.15
I011343,O06834,P0402,1,5149.65,0.25
I011344,O06834,P0274,2,16208.88,0.25
I011345,O06834,P0036,1,22992.46,0.25
I011346,O06834,P0012,1,9210.89,0.25
I011347,O06835,P0359,3,17408.84,0.1
I011348,O06835,P0050,1,12181.9,0.1
I011349,O06836,P0453,3,2027.99,0.1
I011350,O06836,P0489,3,16108.48,0.1
I011351,O06837,P0376,1,21096.71,0.1
I011352,O06837,P0172,1,13856.39,0.1
I011353,O06838,P0400,1,7063.54,0.2
I011354,O06839,P0019,2,7331.38,0.15
I011355,O06840,P0426,4,17258.9,0.15
I011356,O06840,P0448,1,11150.05,0.15
I011357,O06840,P0242,3,12806.32,0.15
I011358,O06841,P0391,1,16675.09,0.0
I011359,O06841,P0401,3,18961.41,0.0
I011360,O06842,P0483,2,14346.17,0.15
I011361,O06842,P0043,1,230.23,0.15
I011362,O06842,P0200,3,9202.06,0.15
I011363,O06842,P0153,1,6065.86,0.15
I011364,O06843,P0245,2,14211.09,0.15
I011365,O06844,P0470,1,16384.1,0.0
I011366,O06845,P0090,1,19317.51,0.1
I011367,O06845,P0199,2,13045.06,0.1
I011368,O06846,P0276,2,15791.95,0.0
I011369,O06847,P0024,1,14146.9,0.05
I011370,O06848,P0186,1,14403.22,0.1
I011371,O06848,P0206,1,13942.45,0.1
I011372,O06848,P0344,1,5745.03,0.1
I011373,O06849,P0187,2,6663.59,0.05
I011374,O06849,P0310,1,6739.9,0.05
I011375,O06850,P0497,2,5343.08,0.0
I011376,O06850,P0111,5,4168.73,0.0
I011377,O06851,P0394,1,9719.2,0.1
I011378,O06852,P0325,2,883.29,0.2
I011379,O06852,P0075,2,16717.1,0.2
I011380,O06853,P0486,1,7416.01,0.0
I011381,O06854,P0414,1,3244.46,0.2
I011382,O06855,P0095,1,708.58,0.15
I011383,O06856,P0024,1,14146.9,0.15
I011384,O06857,P0350,1,14181.21,0.0
I011385,O06858,P0368,1,19421.03,0.25
I011386,O06859,P0484,1,14051.85,0.1
I011387,O06859,P0397,1,18087.88,0.1
I011388,O06860,P0473,2,731.76,0.1
I011389,O06861,P0175,3,8354.48,0.1
I011390,O06861,P0294,1,9318.36,0.1
I011391,O06862,P0059,2,7497.65,0.1
I011392,O06863,P0110,2,239.19,0.2
I011393,O06864,P0447,2,13008.01,0.0
I011394,O06864,P0454,1,13398.41,0.0
I011395,O06865,P0302,1,10139.5,0.1
I011396,O06866,P0085,5,14574.29,0.1
I011397,O06867,P0080,2,8081.72,0.0
I011398,O06868,P0414,2,3244.46,0.1
I011399,O06868,P0341,1,9492.87,0.1
I011400,O06868,P0423,1,13857.3,0.1
I011401,O06869,P0111,1,4168.73,0.1
I011402,O06870,P0495,1,3120.64,0.05
I011403,O06870,P0115,2,10805.92,0.05
I011404,O06871,P0416,1,14378.26,0.05
I011405,O06872,P0370,2,12293.71,0.0
I011406,O06873,P0076,2,12082.97,0.15
I011407,O06873,P0374,2,20293.37,0.15
I011408,O06873,P0253,1,10206.89,0.15
I011409,O06874,P0379,1,4596.34,0.0
I011410,O06874,P0403,1,10949.03,0.0
I011411,O06874,P0050,2,12181.9,0.0
I011412,O06875,P0495,1,3120.64,0.15
I011413,O06876,P0451,1,18517.71,0.2
I011414,O06876,P0456,2,5984.52,0.2
I011415,O06876,P0233,1,9166.88,0.2
I011416,O06877,P0147,1,5903.16,0.05
I011417,O06878,P0453,4,2027.99,0.05
I011418,O06879,P0153,3,6065.86,0.0
I011419,O06880,P0149,3,18764.92,0.1
I011420,O06880,P0258,1,5357.22,0.1
I011421,O06881,P0320,1,22881.56,0.25
I011422,O06882,P0229,2,971.19,0.05
I011423,O06882,P0281,1,8647.87,0.05
I011424,O06883,P0465,1,7131.53,0.0
I011425,O06884,P0328,1,15667.69,0.1
I011426,O06885,P0482,3,16166.73,0.2
I011427,O06885,P0170,1,10734.0,0.2
I011428,O06886,P0268,1,21182.18,0.2
I011429,O06886,P0374,1,20293.37,0.2
I011430,O06886,P0261,1,9413.55,0.2
I011431,O06887,P0212,1,15959.35,0.05
I011432,O06887,P0201,1,18090.68,0.05
I011433,O06888,P0371,1,14987.41,0.15
I011434,O06889,P0071,4,1222.75,0.1
I011435,O06889,P0221,1,9748.25,0.1
I011436,O06889,P0489,1,16108.48,0.1
I011437,O06890,P0405,1,10874.23,0.15
I011438,O06891,P0027,1,6637.92,0.15
I011439,O06891,P0180,1,5738.9,0.15
I011440,O06892,P0046,1,15363.92,0.0
I011441,O06892,P0398,1,15186.38,0.0
I011442,O06893,P0221,1,9748.25,0.05
I011443,O06894,P0130,1,5669.17,0.15
I011444,O06894,P0355,5,15161.64,0.15
I011445,O06895,P0359,2,17408.84,0.15
I011446,O06896,P0139,1,11137.68,0.0
I011447,O06896,P0440,4,10988.87,0.0
I011448,O06896,P0053,2,11740.23,0.0
I011449,O06896,P0208,4,17414.46,0.0
I011450,O06897,P0089,3,21527.82,0.1
I011451,O06898,P0309,1,879.52,0.2
I011452,O06898,P0191,1,14335.92,0.2
I011453,O06898,P0303,1,15132.39,0.2
I011454,O06899,P0110,1,239.19,0.15
I011455,O06900,P0023,1,8677.28,0.1
I011456,O06901,P0463,2,7934.67,0.05
I011457,O06901,P0152,2,11257.85,0.05
I011458,O06902,P0498,3,1038.57,0.05
I011459,O06902,P0050,3,12181.9,0.05
I011460,O06902,P0161,2,4912.94,0.05
I011461,O06903,P0006,1,12139.02,0.15
I011462,O06903,P0249,1,11650.12,0.15
I011463,O06904,P0451,3,18517.71,0.15
I011464,O06905,P0176,4,13983.62,0.1
I011465,O06906,P0269,1,9853.0,0.05
I011466,O06906,P0343,1,21720.15,0.05
I011467,O06907,P0026,3,8043.88,0.1
I011468,O06907,P0198,3,15426.36,0.1
I011469,O06907,P0031,1,10837.07,0.1
I011470,O06907,P0243,1,5300.75,0.1
I011471,O06908,P0486,3,7416.01,0.0
I011472,O06909,P0339,1,8938.6,0.15
I011473,O06910,P0182,1,7028.31,0.2
I011474,O06911,P0257,1,8094.05,0.0
I011475,O06911,P0058,1,10856.44,0.0
I011476,O06911,P0318,2,18336.52,0.0
I011477,O06912,P0284,1,9183.48,0.05
I011478,O06913,P0171,2,6118.98,0.2
I011479,O06913,P0176,1,13983.62,0.2
I011480,O06914,P0265,1,16102.0,0.1
I011481,O06914,P0451,2,18517.71,0.1
I011482,O06914,P0271,1,10464.94,0.1
I011483,O06915,P0204,1,3139.42,0.1
I011484,O06915,P0014,1,14738.4,0.1
I011485,O06915,P0026,2,8043.88,0.1
I011486,O06916,P0109,1,7019.11,0.0
I011487,O06917,P0333,4,16891.72,0.15
I011488,O06917,P0494,1,9857.51,0.15
I011489,O06918,P0433,1,11369.56,0.15
I011490,O06918,P0013,1,1067.21,0.15
I011491,O06918,P0146,2,12538.22,0.15
I011492,O06919,P0454,3,13398.41,0.1
I011493,O06919,P0196,1,3827.41,0.1
I011494,O06920,P0012,1,9210.89,0.0
I011495,O06920,P0139,1,11137.68,0.0
I011496,O06921,P0012,3,9210.89,0.1
I011497,O06922,P0444,2,4611.38,0.0
I011498,O06922,P0115,1,10805.92,0.0
I011499,O06923,P0202,2,4958.04,0.2
I011500,O06923,P0352,1,10103.59,0.2
I011501,O06924,P0389,1,10740.24,0.2
I011502,O06925,P0318,2,18336.52,0.1
I011503,O06926,P0404,1,7190.22,0.2
I011504,O06926,P0065,1,11896.67,0.2
I011505,O06927,P0272,1,13853.17,0.1
I011506,O06927,P0388,1,10509.73,0.1
I011507,O06928,P0097,3,16913.36,0.05
I011508,O06928,P0361,3,8061.24,0.05
I011509,O06929,P0095,2,708.58,0.1
I011510,O06929,P0462,3,8013.86,0.1
I011511,O06929,P0210,1,3425.1,0.1
I011512,O06929,P0031,1,10837.07,0.1
I011513,O06930,P0354,1,749.54,0.1
I011514,O06931,P0122,1,20389.93,0.15
I011515,O06931,P0289,2,5068.21,0.15
I011516,O06931,P0492,1,13278.61,0.15
I011517,O06931,P0065,1,11896.67,0.15
I011518,O06932,P0412,1,14362.31,0.1
I011519,O06933,P0305,1,5268.03,0.2
I011520,O06933,P0318,1,18336.52,0.2
I011521,O06934,P0066,1,4602.72,0.25
I011522,O06934,P0346,4,17166.81,0.25
I011523,O06934,P0288,1,16170.77,0.25
I011524,O06935,P0077,1,10405.98,0.1
I011525,O06936,P0325,1,883.29,0.15
I011526,O06936,P0303,1,15132.39,0.15
I011527,O06936,P0280,3,19260.63,0.15
I011528,O06936,P0413,1,4516.32,0.15
I011529,O06937,P0390,2,2477.97,0.1
I011530,O06937,P0342,1,8867.09,0.1
I011531,O06937,P0386,1,7920.43,0.1
I011532,O06938,P0078,1,18121.01,0.2
I011533,O06938,P0379,1,4596.34,0.2
I011534,O06938,P0382,2,17253.16,0.2
I011535,O06939,P0382,1,17253.16,0.0
I011536,O06940,P0148,3,3827.6,0.15
I011537,O06941,P0039,2,1954.54,0.1
I011538,O06942,P0331,1,7610.91,0.0
I011539,O06943,P0372,1,5715.65,0.15
I011540,O06943,P0061,1,9428.51,0.15
I011541,O06944,P0041,1,11579.02,0.05
I011542,O06944,P0309,1,879.52,0.05
I011543,O06945,P0193,1,3841.48,0.1
I011544,O06946,P0422,2,6180.37,0.15
I011545,O06947,P0226,5,1989.2,0.05
I011546,O06948,P0287,2,11017.89,0.05
I011547,O06948,P0363,3,11446.48,0.05
I011548,O06948,P0064,2,18152.26,0.05
I011549,O06949,P0365,2,1546.12,0.05
I011550,O06950,P0226,1,1989.2,0.15
I011551,O06950,P0238,2,16729.81,0.15
I011552,O06951,P0448,1,11150.05,0.3
I011553,O06951,P0455,1,6841.97,0.3
I011554,O06952,P0341,3,9492.87,0.05
I011555,O06952,P0401,2,18961.41,0.05
I011556,O06953,P0369,3,2936.18,0.1
I011557,O06954,P0376,2,21096.71,0.05
I011558,O06955,P0329,2,6837.04,0.2
I011559,O06955,P0016,1,4929.52,0.2
I011560,O06956,P0455,1,6841.97,0.25
I011561,O06956,P0088,1,10596.08,0.25
I011562,O06957,P0348,1,19194.75,0.05
I011563,O06957,P0187,1,6663.59,0.05
I011564,O06958,P0003,2,14157.19,0.15
I011565,O06958,P0086,3,12651.01,0.15
I011566,O06958,P0106,3,5470.36,0.15
I011567,O06959,P0450,1,2255.15,0.2
I011568,O06960,P0215,1,2961.47,0.1
I011569,O06961,P0372,2,5715.65,0.05
I011570,O06962,P0254,1,1468.59,0.2
I011571,O06963,P0298,1,14301.55,0.05
I011572,O06963,P0151,2,8069.27,0.05
I011573,O06963,P0422,1,6180.37,0.05
I011574,O06964,P0457,2,18511.82,0.05
I011575,O06965,P0400,2,7063.54,0.2
I011576,O06965,P0482,1,16166.73,0.2
I011577,O06965,P0076,1,12082.97,0.2
I011578,O06966,P0077,2,10405.98,0.1
I011579,O06967,P0451,1,18517.71,0.05
I011580,O06968,P0385,1,9160.1,0.1
I011581,O06968,P0299,2,9253.96,0.1
I011582,O06969,P0495,1,3120.64,0.2
I011583,O06969,P0292,1,21583.15,0.2
I011584,O06970,P0350,2,14181.21,0.0
I011585,O06971,P0037,3,5389.2,0.05
I011586,O06972,P0369,5,2936.18,0.1
I011587,O06973,P0284,1,9183.48,0.0
I011588,O06974,P0342,3,8867.09,0.2
I011589,O06974,P0036,2,22992.46,0.2
I011590,O06975,P0144,3,5083.64,0.1
I011591,O06976,P0173,2,11347.23,0.1
I011592,O06977,P0480,1,12036.43,0.0
I011593,O06977,P0096,1,7114.07,0.0
I011594,O06977,P0137,1,2945.06,0.0
I011595,O06978,P0437,1,9057.77,0.1
I011596,O06978,P0180,1,5738.9,0.1
I011597,O06979,P0303,3,15132.39,0.05
I011598,O06980,P0365,1,1546.12,0.15
I011599,O06980,P0192,2,13132.41,0.15
I011600,O06981,P0453,1,2027.99,0.05
I011601,O06981,P0084,2,10059.02,0.05
I011602,O06981,P0259,1,9091.06,0.05
I011603,O06982,P0033,1,2436.78,0.1
I011604,O06983,P0154,1,13970.67,0.1
I011605,O06983,P0116,2,14318.59,0.1
I011606,O06984,P0261,1,9413.55,0.15
I011607,O06985,P0365,1,1546.12,0.15
I011608,O06986,P0340,1,6540.28,0.0
I011609,O06986,P0141,1,2669.4,0.0
I011610,O06986,P0053,2,11740.23,0.0
I011611,O06986,P0012,1,9210.89,0.0
I011612,O06987,P0368,1,19421.03,0.05
I011613,O06988,P0105,3,10085.48,0.0
I011614,O06989,P0017,1,9858.5,0.2
I011615,O06990,P0159,1,12341.8,0.05
I011616,O06990,P0130,3,5669.17,0.05
I011617,O06991,P0386,1,7920.43,0.0
I011618,O06992,P0073,1,14367.83,0.05
I011619,O06993,P0281,1,8647.87,0.0
I011620,O06993,P0121,1,5223.81,0.0
I011621,O06994,P0380,1,1803.38,0.2
I011622,O06994,P0466,1,7584.85,0.2
I011623,O06995,P0119,2,14136.98,0.05
I011624,O06995,P0489,1,16108.48,0.05
I011625,O06996,P0296,2,10086.41,0.05
I011626,O06997,P0236,1,13763.86,0.25
I011627,O06998,P0022,3,16227.09,0.05
I011628,O06998,P0052,1,22717.29,0.05
I011629,O06999,P0085,1,14574.29,0.05
I011630,O07000,P0252,1,18803.98,0.1
I011631,O07001,P0243,4,5300.75,0.25
I011632,O07002,P0169,3,5258.15,0.2
I011633,O07002,P0389,1,10740.24,0.2
I011634,O07002,P0150,1,19657.29,0.2
I011635,O07003,P0166,4,4299.84,0.1
I011636,O07003,P0069,1,6827.67,0.1
I011637,O07003,P0400,2,7063.54,0.1
I011638,O07004,P0199,2,13045.06,0.15
I011639,O07005,P0214,1,3598.9,0.1
I011640,O07005,P0366,1,12694.5,0.1
I011641,O07006,P0113,2,1476.37,0.1
I011642,O07006,P0012,3,9210.89,0.1
I011643,O07007,P0188,1,6865.34,0.1
I011644,O07008,P0086,4,12651.01,0.1
I011645,O07009,P0216,2,4253.32,0.15
I011646,O07009,P0079,4,16242.79,0.15
I011647,O07010,P0424,1,1099.43,0.2
I011648,O07010,P0211,1,12771.97,0.2
I011649,O07011,P0455,1,6841.97,0.1
I011650,O07012,P0202,1,4958.04,0.2
I011651,O07013,P0482,1,16166.73,0.1
I011652,O07013,P0272,1,13853.17,0.1
I011653,O07014,P0331,1,7610.91,0.15
I011654,O07014,P0433,1,11369.56,0.15
I011655,O07015,P0202,1,4958.04,0.15
I011656,O07015,P0156,2,17438.42,0.15
I011657,O07015,P0427,2,2376.46,0.15
I011658,O07015,P0404,1,7190.22,0.15
I011659,O07016,P0189,2,1077.94,0.15
I011660,O07017,P0480,1,12036.43,0.0
I011661,O07017,P0149,1,18764.92,0.0
I011662,O07018,P0123,1,12283.66,0.2
I011663,O07019,P0343,1,21720.15,0.2
I011664,O07019,P0269,2,9853.0,0.2
I011665,O07020,P0388,2,10509.73,0.2
I011666,O07021,P0030,1,18850.92,0.15
I011667,O07022,P0460,1,1760.09,0.15
I011668,O07022,P0100,1,7091.79,0.15
I011669,O07023,P0184,4,5176.95,0.05
I011670,O07024,P0027,3,6637.92,0.0
I011671,O07024,P0429,2,4623.76,0.0
I011672,O07025,P0446,1,18710.12,0.05
I011673,O07025,P0138,1,9332.54,0.05
I011674,O07025,P0428,5,15197.13,0.05
I011675,O07026,P0056,2,5412.25,0.1
I011676,O07027,P0335,2,3821.2,0.05
I011677,O07028,P0012,1,9210.89,0.2
I011678,O07028,P0289,2,5068.21,0.2
I011679,O07029,P0397,1,18087.88,0.25
I011680,O07029,P0349,3,17040.15,0.25
I011681,O07029,P0210,2,3425.1,0.25
I011682,O07029,P0020,3,16894.73,0.25
I011683,O07030,P0279,2,820.43,0.15
I011684,O07031,P0402,1,5149.65,0.1
I011685,O07032,P0412,1,14362.31,0.0
I011686,O07032,P0339,1,8938.6,0.0
I011687,O07032,P0481,1,1854.72,0.0
I011688,O07033,P0082,2,8524.01,0.2
I011689,O07033,P0207,5,9618.99,0.2
I011690,O07033,P0470,4,16384.1,0.2
I011691,O07033,P0385,2,9160.1,0.2
I011692,O07034,P0228,2,7442.22,0.2
I011693,O07034,P0256,4,10413.89,0.2
I011694,O07035,P0030,1,18850.92,0.0
I011695,O07036,P0193,1,3841.48,0.0
I011696,O07036,P0026,1,8043.88,0.0
I011697,O07036,P0339,1,8938.6,0.0
I011698,O07037,P0440,1,10988.87,0.2
I011699,O07037,P0106,1,5470.36,0.2
I011700,O07038,P0297,2,14103.76,0.2
I011701,O07039,P0412,1,14362.31,0.25
I011702,O07039,P0173,1,11347.23,0.25
I011703,O07039,P0331,5,7610.91,0.25
I011704,O07039,P0227,3,1214.17,0.25
I011705,O07040,P0216,1,4253.32,0.05
I011706,O07041,P0293,1,5390.99,0.15
I011707,O07042,P0128,1,11542.08,0.2
I011708,O07042,P0377,5,7254.24,0.2
I011709,O07043,P0353,1,4627.28,0.05
I011710,O07044,P0474,2,2142.32,0.1
I011711,O07044,P0092,1,3959.04,0.1
I011712,O07044,P0137,1,2945.06,0.1
I011713,O07045,P0448,1,11150.05,0.1
I011714,O07045,P0199,2,13045.06,0.1
I011715,O07046,P0034,4,3767.39,0.0
I011716,O07047,P0253,1,10206.89,0.2
I011717,O07048,P0216,2,4253.32,0.25
I011718,O07049,P0138,1,9332.54,0.1
I011719,O07049,P0194,5,4785.07,0.1
I011720,O07049,P0329,1,6837.04,0.1
I011721,O07050,P0174,1,14241.6,0.1
I011722,O07051,P0318,2,18336.52,0.1
I011723,O07052,P0486,4,7416.01,0.05
I011724,O07052,P0404,1,7190.22,0.05
I011725,O07053,P0344,1,5745.03,0.0
I011726,O07053,P0200,2,9202.06,0.0
I011727,O07054,P0401,3,18961.41,0.1
I011728,O07055,P0277,1,14027.28,0.05
I011729,O07055,P0485,2,1818.67,0.05
I011730,O07056,P0394,1,9719.2,0.15
I011731,O07056,P0111,4,4168.73,0.15
I011732,O07056,P0150,2,19657.29,0.15
I011733,O07057,P0394,3,9719.2,0.1
I011734,O07058,P0435,1,11265.94,0.1
I011735,O07059,P0171,1,6118.98,0.1
I011736,O07059,P0343,1,21720.15,0.1
I011737,O07060,P0222,1,6948.91,0.2
I011738,O07060,P0273,1,1414.88,0.2
I011739,O07060,P0054,1,22196.9,0.2
I011740,O07060,P0303,3,15132.39,0.2
I011741,O07061,P0171,2,6118.98,0.0
I011742,O07062,P0174,1,14241.6,0.15
I011743,O07062,P0013,1,1067.21,0.15
I011744,O07063,P0163,2,16537.01,0.25
I011745,O07064,P0399,2,9834.2,0.15
I011746,O07064,P0440,4,10988.87,0.15
I011747,O07065,P0321,2,15173.01,0.0
I011748,O07066,P0224,2,14337.8,0.2
I011749,O07066,P0250,3,17490.25,0.2
I011750,O07067,P0423,1,13857.3,0.15
I011751,O07068,P0118,1,11312.75,0.2
I011752,O07069,P0300,1,11744.09,0.1
I011753,O07070,P0158,1,9904.7,0.2
I011754,O07071,P0240,2,16345.25,0.0
I011755,O07071,P0395,1,16050.27,0.0
I011756,O07071,P0378,1,224.7,0.0
I011757,O07072,P0374,1,20293.37,0.1
I011758,O07073,P0404,1,7190.22,0.1
I011759,O07073,P0472,1,6339.28,0.1
I011760,O07074,P0254,1,1468.59,0.2
I011761,O07074,P0230,1,16237.69,0.2
I011762,O07074,P0284,2,9183.48,0.2
I011763,O07074,P0500,1,14456.78,0.2
I011764,O07075,P0192,1,13132.41,0.2
I011765,O07076,P0462,1,8013.86,0.15
I011766,O07076,P0237,2,13454.07,0.15
I011767,O07076,P0369,1,2936.18,0.15
I011768,O07077,P0219,1,1340.09,0.0
I011769,O07078,P0253,3,10206.89,0.15
I011770,O07078,P0349,1,17040.15,0.15
I011771,O07079,P0343,1,21720.15,0.1
I011772,O07080,P0304,1,5766.34,0.15
I011773,O07081,P0411,4,9751.96,0.25
I011774,O07082,P0064,2,18152.26,0.1
I011775,O07083,P0414,1,3244.46,0.15
I011776,O07083,P0035,2,10869.62,0.15
I011777,O07083,P0386,1,7920.43,0.15
I011778,O07083,P0167,1,2741.53,0.15
I011779,O07084,P0246,1,3212.48,0.25
I011780,O07084,P0441,1,11253.53,0.25
I011781,O07085,P0363,1,11446.48,0.05
I011782,O07086,P0170,3,10734.0,0.2
I011783,O07086,P0434,3,15961.32,0.2
I011784,O07087,P0311,1,13470.81,0.0
I011785,O07088,P0294,1,9318.36,0.0
I011786,O07088,P0451,1,18517.71,0.0
I011787,O07088,P0241,1,9473.89,0.0
I011788,O07089,P0161,1,4912.94,0.2
I011789,O07090,P0277,2,14027.28,0.25
I011790,O07091,P0101,1,13448.78,0.0
I011791,O07092,P0325,1,883.29,0.2
I011792,O07092,P0084,4,10059.02,0.2
I011793,O07093,P0337,2,6259.83,0.15
I011794,O07093,P0157,2,1053.8,0.15
I011795,O07094,P0038,1,13981.96,0.15
I011796,O07094,P0417,2,7877.14,0.15
I011797,O07095,P0321,1,15173.01,0.1
I011798,O07095,P0308,1,10963.13,0.1
I011799,O07096,P0428,2,15197.13,0.1
I011800,O07097,P0008,1,404.42,0.05
I011801,O07098,P0252,4,18803.98,0.05
I011802,O07099,P0404,1,7190.22,0.25
I011803,O07099,P0043,4,230.23,0.25
I011804,O07100,P0244,3,6694.24,0.15
I011805,O07100,P0034,1,3767.39,0.15
I011806,O07100,P0049,2,10387.8,0.15
I011807,O07100,P0030,3,18850.92,0.15
I011808,O07101,P0145,1,5897.75,0.05
I011809,O07102,P0446,2,18710.12,0.15
I011810,O07103,P0420,3,5156.99,0.15
I011811,O07104,P0428,2,15197.13,0.2
I011812,O07105,P0344,3,5745.03,0.0
I011813,O07105,P0435,1,11265.94,0.0
I011814,O07106,P0475,4,6070.94,0.15
I011815,O07106,P0299,1,9253.96,0.15
I011816,O07107,P0112,1,10276.51,0.05
I011817,O07108,P0125,1,8357.18,0.05
I011818,O07108,P0070,1,3923.76,0.05
I011819,O07109,P0080,4,8081.72,0.15
I011820,O07110,P0480,1,12036.43,0.2
I011821,O07111,P0442,1,12851.94,0.1
I011822,O07112,P0121,1,5223.81,0.1
I011823,O07112,P0213,3,13682.03,0.1
I011824,O07112,P0460,2,1760.09,0.1
I011825,O07113,P0367,3,14116.53,0.15
I011826,O07113,P0124,3,15514.19,0.15
I011827,O07114,P0024,1,14146.9,0.0
I011828,O07114,P0487,1,2276.61,0.0
I011829,O07114,P0055,2,18288.33,0.0
I011830,O07115,P0313,1,15225.55,0.15
I011831,O07115,P0349,3,17040.15,0.15
I011832,O07115,P0348,1,19194.75,0.15
I011833,O07116,P0406,1,1199.98,0.0
I011834,O07117,P0011,1,6896.23,0.05
I011835,O07117,P0483,1,14346.17,0.05
I011836,O07117,P0244,1,6694.24,0.05
I011837,O07118,P0381,1,1646.42,0.15
I011838,O07118,P0246,1,3212.48,0.15
I011839,O07119,P0465,1,7131.53,0.05
I011840,O07119,P0130,1,5669.17,0.05
I011841,O07119,P0292,1,21583.15,0.05
I011842,O07119,P0155,1,16173.54,0.05
I011843,O07120,P0094,5,6917.65,0.05
I011844,O07121,P0386,2,7920.43,0.1
I011845,O07122,P0066,1,4602.72,0.2
I011846,O07123,P0399,2,9834.2,0.1
I011847,O07124,P0113,1,1476.37,0.1
I011848,O07125,P0004,1,21658.55,0.0
I011849,O07125,P0131,1,2329.3,0.0
I011850,O07125,P0082,1,8524.01,0.0
I011851,O07126,P0155,1,16173.54,0.1
I011852,O07126,P0328,1,15667.69,0.1
I011853,O07127,P0366,2,12694.5,0.0
I011854,O07128,P0086,1,12651.01,0.2
I011855,O07129,P0399,50,9834.2,0.05
I011856,O07129,P0142,1,7546.26,0.05
I011857,O07129,P0144,1,5083.64,0.05
I011858,O07129,P0258,2,5357.22,0.05
I011859,O07130,P0251,1,13718.51,0.2
I011860,O07131,P0203,1,14797.26,0.05
I011861,O07132,P0426,2,17258.9,0.2
I011862,O07132,P0423,2,13857.3,0.2
I011863,O07132,P0073,1,14367.83,0.2
I011864,O07133,P0230,1,16237.69,0.05
I011865,O07133,P0431,4,7800.63,0.05
I011866,O07134,P0286,3,8678.82,0.0
I011867,O07134,P0061,1,9428.51,0.0
I011868,O07134,P0470,1,16384.1,0.0
I011869,O07134,P0480,1,12036.43,0.0
I011870,O07135,P0419,2,11206.88,0.1
I011871,O07135,P0267,1,13380.29,0.1
I011872,O07135,P0167,2,2741.53,0.1
I011873,O07135,P0120,2,15630.4,0.1
I011874,O07136,P0084,2,10059.02,0.05
I011875,O07136,P0126,1,12590.35,0.05
I011876,O07137,P0459,1,15147.66,0.05
I011877,O07138,P0405,1,10874.23,0.05
I011878,O07138,P0073,1,14367.83,0.05
I011879,O07139,P0215,1,2961.47,0.05
I011880,O07139,P0499,1,2390.13,0.05
I011881,O07140,P0156,1,17438.42,0.1
I011882,O07141,P0014,1,14738.4,0.0
I011883,O07142,P0172,2,13856.39,0.05
I011884,O07142,P0309,4,879.52,0.05
I011885,O07143,P0488,2,6474.12,0.1
I011886,O07144,P0085,1,14574.29,0.15
I011887,O07144,P0242,1,12806.32,0.15
I011888,O07145,P0456,1,5984.52,0.05
I011889,O07146,P0453,1,2027.99,0.05
I011890,O07147,P0105,1,10085.48,0.1
I011891,O07148,P0146,1,12538.22,0.3
I011892,O07148,P0350,1,14181.21,0.3
I011893,O07148,P0386,2,7920.43,0.3
I011894,O07149,P0105,2,10085.48,0.1
I011895,O07150,P0088,4,10596.08,0.15
I011896,O07150,P0423,1,13857.3,0.15
I011897,O07150,P0241,1,9473.89,0.15
I011898,O07151,P0086,1,12651.01,0.2
I011899,O07151,P0275,1,18205.93,0.2
I011900,O07152,P0362,1,7754.84,0.1
I011901,O07153,P0203,2,14797.26,0.1
I011902,O07153,P0173,2,11347.23,0.1
I011903,O07154,P0476,2,1078.88,0.15
I011904,O07155,P0326,1,1200.34,0.05
I011905,O07155,P0499,2,2390.13,0.05
I011906,O07156,P0025,4,21151.19,0.25
I011907,O07156,P0326,1,1200.34,0.25
I011908,O07157,P0343,2,21720.15,0.1
I011909,O07157,P0059,1,7497.65,0.1
I011910,O07158,P0410,3,8140.59,0.25
I011911,O07158,P0264,1,11827.53,0.25
I011912,O07159,P0081,2,12661.97,0.15
I011913,O07160,P0240,1,16345.25,0.05
I011914,O07161,P0287,3,11017.89,0.05
I011915,O07162,P0190,2,4813.84,0.05
I011916,O07163,P0239,4,10044.2,0.05
I011917,O07164,P0039,2,1954.54,0.0
I011918,O07164,P0478,1,24448.55,0.0
I011919,O07165,P0014,1,14738.4,0.2
I011920,O07166,P0362,1,7754.84,0.05
I011921,O07167,P0328,1,15667.69,0.2
I011922,O07167,P0307,2,8542.99,0.2
I011923,O07167,P0320,1,22881.56,0.2
I011924,O07168,P0253,1,10206.89,0.1
I011925,O07168,P0096,1,7114.07,0.1
I011926,O07169,P0444,1,4611.38,0.1
I011927,O07170,P0380,1,1803.38,0.1
I011928,O07170,P0273,2,1414.88,0.1
I011929,O07171,P0355,1,15161.64,0.25
I011930,O07171,P0084,1,10059.02,0.25
I011931,O07172,P0226,1,1989.2,0.1
I011932,O07173,P0228,2,7442.22,0.05
I011933,O07173,P0035,2,10869.62,0.05
I011934,O07174,P0192,1,13132.41,0.1
I011935,O07174,P0048,2,881.87,0.1
I011936,O07174,P0221,1,9748.25,0.1
I011937,O07175,P0040,1,10694.19,0.05
I011938,O07176,P0357,1,4004.54,0.1
I011939,O07177,P0498,1,1038.57,0.1
I011940,O07177,P0363,4,11446.48,0.1
I011941,O07178,P0329,1,6837.04,0.15
I011942,O07179,P0043,5,230.23,0.3
I011943,O07179,P0087,1,5413.54,0.3
I011944,O07180,P0320,2,22881.56,0.25
I011945,O07180,P0334,2,5599.91,0.25
I011946,O07181,P0076,1,12082.97,0.0
I011947,O07181,P0373,1,8955.67,0.0
I011948,O07182,P0387,2,11008.74,0.1
I011949,O07182,P0072,3,8074.69,0.1
I011950,O07183,P0065,2,11896.67,0.1
I011951,O07183,P0097,2,16913.36,0.1
I011952,O07184,P0500,1,14456.78,0.05
I011953,O07185,P0326,1,1200.34,0.15
I011954,O07186,P0076,1,12082.97,0.25
I011955,O07186,P0251,1,13718.51,0.25
I011956,O07186,P0161,3,4912.94,0.25
I011957,O07186,P0431,2,7800.63,0.25
I011958,O07187,P0271,1,10464.94,0.0
I011959,O07187,P0178,1,9447.65,0.0
I011960,O07188,P0296,3,10086.41,0.05
I011961,O07188,P0269,1,9853.0,0.05
I011962,O07189,P0123,1,12283.66,0.2
I011963,O07190,P0135,1,13687.78,0.05
I011964,O07190,P0233,4,9166.88,0.05
I011965,O07191,P0044,1,4750.75,0.1
I011966,O07192,P0109,2,7019.11,0.15
I011967,O07193,P0065,1,11896.67,0.0
I011968,O07193,P0415,1,19105.92,0.0
I011969,O07193,P0290,1,5856.65,0.0
I011970,O07194,P0149,1,18764.92,0.1
I011971,O07195,P0311,1,13470.81,0.0
I011972,O07196,P0430,2,14535.8,0.05
I011973,O07197,P0310,1,6739.9,0.05
I011974,O07197,P0325,3,883.29,0.05
I011975,O07198,P0452,1,14623.62,0.15
I011976,O07199,P0240,1,16345.25,0.0
I011977,O07199,P0132,1,8762.43,0.0
I011978,O07200,P0012,2,9210.89,0.15
I011979,O07201,P0049,3,10387.8,0.1
I011980,O07202,P0278,1,4045.44,0.15
I011981,O07203,P0109,1,7019.11,0.2
I011982,O07204,P0117,1,5812.89,0.1
I011983,O07205,P0035,1,10869.62,0.15
I011984,O07205,P0399,2,9834.2,0.15
I011985,O07205,P0298,2,14301.55,0.15
I011986,O07206,P0028,1,2327.59,0.15
I011987,O07207,P0030,1,18850.92,0.15
I011988,O07208,P0426,1,17258.9,0.05
I011989,O07208,P0466,1,7584.85,0.05
I011990,O07209,P0110,2,239.19,0.25
I011991,O07209,P0270,2,15544.12,0.25
I011992,O07209,P0483,4,14346.17,0.25
I011993,O07210,P0153,2,6065.86,0.0
I011994,O07211,P0106,2,5470.36,0.05
I011995,O07212,P0049,1,10387.8,0.2
I011996,O07213,P0210,4,3425.1,0.05
I011997,O07214,P0497,1,5343.08,0.1
I011998,O07215,P0352,1,10103.59,0.0
I011999,O07215,P0459,1,15147.66,0.0
I012000,O07216,P0337,1,6259.83,0.2
I012001,O07217,P0328,1,15667.69,0.25
I012002,O07217,P0020,2,16894.73,0.25
I012003,O07218,P0016,2,4929.52,0.3
I012004,O07219,P0444,1,4611.38,0.0
I012005,O07220,P0471,3,3362.5,0.05
I012006,O07220,P0215,1,2961.47,0.05
I012007,O07221,P0449,1,3785.19,0.1
I012008,O07221,P0244,2,6694.24,0.1
I012009,O07221,P0422,3,6180.37,0.1
I012010,O07221,P0315,1,8767.22,0.1
I012011,O07222,P0330,1,621.58,0.05
I012012,O07223,P0250,1,17490.25,0.1
I012013,O07224,P0423,1,13857.3,0.2
I012014,O07225,P0303,3,15132.39,0.0
I012015,O07226,P0181,1,6969.81,0.0
I012016,O07226,P0441,1,11253.53,0.0
I012017,O07227,P0410,1,8140.59,0.3
I012018,O07228,P0484,1,14051.85,0.1
I012019,O07229,P0401,1,18961.41,0.0
I012020,O07229,P0380,4,1803.38,0.0
I012021,O07229,P0376,2,21096.71,0.0
I012022,O07230,P0193,1,3841.48,0.1
I012023,O07231,P0329,3,6837.04,0.15
I012024,O07231,P0393,3,1256.74,0.15
I012025,O07232,P0272,2,13853.17,0.15
I012026,O07233,P0318,1,18336.52,0.1
I012027,O07233,P0235,1,17675.52,0.1
I012028,O07234,P0143,1,2154.67,0.15
I012029,O07234,P0476,5,1078.88,0.15
I012030,O07234,P0325,1,883.29,0.15
I012031,O07235,P0472,1,6339.28,0.1
I012032,O07235,P0237,3,13454.07,0.1
I012033,O07236,P0264,3,11827.53,0.1
I012034,O07237,P0478,1,24448.55,0.25
I012035,O07238,P0457,2,18511.82,0.3
I012036,O07239,P0286,2,8678.82,0.1
I012037,O07239,P0259,1,9091.06,0.1
I012038,O07239,P0197,1,5628.38,0.1
I012039,O07240,P0233,1,9166.88,0.1
I012040,O07240,P0409,1,8257.04,0.1
I012041,O07241,P0253,2,10206.89,0.05
I012042,O07242,P0058,5,10856.44,0.05
I012043,O07242,P0084,1,10059.02,0.05
I012044,O07242,P0294,1,9318.36,0.05
I012045,O07243,P0205,2,15563.05,0.25
I012046,O07244,P0182,1,7028.31,0.15
I012047,O07244,P0221,2,9748.25,0.15
I012048,O07245,P0168,1,11374.5,0.1
I012049,O07245,P0489,1,16108.48,0.1
I012050,O07245,P0169,1,5258.15,0.1
I012051,O07246,P0333,1,16891.72,0.15
I012052,O07246,P0183,1,208.22,0.15
I012053,O07247,P0097,3,16913.36,0.0
I012054,O07247,P0148,2,3827.6,0.0
I012055,O07248,P0410,4,8140.59,0.25
I012056,O07248,P0278,4,4045.44,0.25
I012057,O07249,P0480,1,12036.43,0.1
I012058,O07250,P0394,1,9719.2,0.05
I012059,O07251,P0423,2,13857.3,0.0
I012060,O07251,P0071,1,1222.75,0.0
I012061,O07251,P0311,1,13470.81,0.0
I012062,O07252,P0497,2,5343.08,0.15
I012063,O07253,P0402,1,5149.65,0.25
I012064,O07253,P0283,1,10933.03,0.25
I012065,O07253,P0484,1,14051.85,0.25
I012066,O07253,P0449,1,3785.19,0.25
I012067,O07254,P0256,1,10413.89,0.1
I012068,O07255,P0495,1,3120.64,0.05
I012069,O07255,P0363,3,11446.48,0.05
I012070,O07256,P0440,2,10988.87,0.1
I012071,O07257,P0105,4,10085.48,0.1
I012072,O07257,P0348,2,19194.75,0.1
I012073,O07257,P0125,1,8357.18,0.1
I012074,O07257,P0278,1,4045.44,0.1
I012075,O07258,P0158,2,9904.7,0.15
I012076,O07259,P0322,4,179.06,0.05
I012077,O07260,P0441,1,11253.53,0.25
I012078,O07260,P0216,3,4253.32,0.25
I012079,O07260,P0432,2,1677.91,0.25
I012080,O07261,P0233,1,9166.88,0.1
I012081,O07262,P0060,1,10597.6,0.1
I012082,O07262,P0028,1,2327.59,0.1
I012083,O07262,P0001,1,12680.89,0.1
I012084,O07263,P0267,3,13380.29,0.2
I012085,O07264,P0110,2,239.19,0.1
I012086,O07264,P0218,5,10519.23,0.1
I012087,O07264,P0337,1,6259.83,0.1
I012088,O07265,P0160,1,6251.25,0.15
I012089,O07266,P0234,2,6819.79,0.1
I012090,O07266,P0047,1,3795.44,0.1
I012091,O07266,P0013,4,1067.21,0.1
I012092,O07266,P0048,1,881.87,0.1
I012093,O07267,P0008,3,404.42,0.05
I012094,O07268,P0282,1,4087.36,0.25
I012095,O07269,P0153,4,6065.86,0.1
I012096,O07270,P0288,1,16170.77,0.0
I012097,O07271,P0288,3,16170.77,0.3
I012098,O07272,P0077,4,10405.98,0.15
I012099,O07272,P0189,1,1077.94,0.15
I012100,O07273,P0297,2,14103.76,0.1
I012101,O07273,P0018,1,8521.23,0.1
I012102,O07274,P0227,1,1214.17,0.2
I012103,O07274,P0087,2,5413.54,0.2
I012104,O07274,P0063,2,17989.43,0.2
I012105,O07275,P0128,1,11542.08,0.1
I012106,O07275,P0052,1,22717.29,0.1
I012107,O07275,P0018,2,8521.23,0.1
I012108,O07276,P0145,1,5897.75,0.05
I012109,O07276,P0123,1,12283.66,0.05
I012110,O07277,P0196,2,3827.41,0.0
I012111,O07277,P0499,1,2390.13,0.0
I012112,O07278,P0218,2,10519.23,0.15
I012113,O07278,P0409,3,8257.04,0.15
I012114,O07278,P0145,1,5897.75,0.15
I012115,O07279,P0205,2,15563.05,0.05
I012116,O07280,P0124,1,15514.19,0.1
I012117,O07281,P0112,1,10276.51,0.1
I012118,O07281,P0241,1,9473.89,0.1
I012119,O07282,P0136,2,10051.62,0.15
I012120,O07283,P0397,2,18087.88,0.15
I012121,O07284,P0458,1,11252.82,0.1
I012122,O07284,P0160,4,6251.25,0.1
I012123,O07285,P0475,1,6070.94,0.1
I012124,O07285,P0221,3,9748.25,0.1
I012125,O07285,P0385,1,9160.1,0.1
I012126,O07286,P0295,1,12191.72,0.05
I012127,O07286,P0431,1,7800.63,0.05
I012128,O07286,P0448,1,11150.05,0.05
I012129,O07287,P0343,1,21720.15,0.05
I012130,O07287,P0410,2,8140.59,0.05
I012131,O07288,P0035,2,10869.62,0.15
I012132,O07289,P0397,2,18087.88,0.1
I012133,O07289,P0047,1,3795.44,0.1
I012134,O07290,P0185,1,11400.27,0.0
I012135,O07291,P0225,2,925.67,0.1
I012136,O07291,P0453,2,2027.99,0.1
I012137,O07292,P0397,1,18087.88,0.25
I012138,O07293,P0291,1,8891.78,0.0
I012139,O07294,P0314,1,5199.64,0.0
I012140,O07295,P0376,1,21096.71,0.15
I012141,O07295,P0207,1,9618.99,0.15
I012142,O07296,P0333,1,16891.72,0.25
I012143,O07296,P0143,1,2154.67,0.25
I012144,O07297,P0304,1,5766.34,0.0
I012145,O07298,P0158,1,9904.7,0.05
I012146,O07298,P0176,1,13983.62,0.05
I012147,O07299,P0260,1,9638.98,0.0
I012148,O07299,P0187,1,6663.59,0.0
I012149,O07299,P0444,1,4611.38,0.0
I012150,O07300,P0110,1,239.19,0.05
I012151,O07301,P0194,1,4785.07,0.1
I012152,O07302,P0158,2,9904.7,0.1
I012153,O07303,P0052,1,22717.29,0.05
I012154,O07304,P0166,1,4299.84,0.05
I012155,O07305,P0192,5,13132.41,0.1
I012156,O07305,P0325,1,883.29,0.1
I012157,O07306,P0480,1,12036.43,0.1
I012158,O07306,P0042,2,18369.63,0.1
I012159,O07307,P0220,2,4537.91,0.15
I012160,O07307,P0097,1,16913.36,0.15
I012161,O07307,P0299,1,9253.96,0.15
I012162,O07308,P0283,1,10933.03,0.15
I012163,O07309,P0181,2,6969.81,0.15
I012164,O07309,P0375,1,1937.18,0.15
I012165,O07310,P0329,1,6837.04,0.25
I012166,O07311,P0081,1,12661.97,0.0
I012167,O07311,P0448,3,11150.05,0.0
I012168,O07312,P0393,2,1256.74,0.25
I012169,O07313,P0110,1,239.19,0.0
I012170,O07314,P0081,1,12661.97,0.2
I012171,O07315,P0278,1,4045.44,0.15
I012172,O07315,P0412,1,14362.31,0.15
I012173,O07316,P0131,1,2329.3,0.15
I012174,O07317,P0241,2,9473.89,0.15
I012175,O07318,P0130,2,5669.17,0.15
I012176,O07318,P0070,1,3923.76,0.15
I012177,O07319,P0293,1,5390.99,0.1
I012178,O07319,P0490,2,17879.27,0.1
I012179,O07320,P0125,2,8357.18,0.0
I012180,O07321,P0428,1,15197.13,0.1
I012181,O07321,P0148,2,3827.6,0.1
I012182,O07322,P0441,5,11253.53,0.05
I012183,O07323,P0030,3,18850.92,0.05
I012184,O07323,P0444,2,4611.38,0.05
I012185,O07323,P0277,1,14027.28,0.05
I012186,O07323,P0073,2,14367.83,0.05
I012187,O07324,P0183,1,208.22,0.1
I012188,O07325,P0179,1,12189.37,0.2
I012189,O07325,P0058,2,10856.44,0.2
I012190,O07325,P0140,1,23423.37,0.2
I012191,O07326,P0479,1,2007.3,0.1
I012192,O07327,P0351,3,6684.2,0.25
I012193,O07327,P0133,1,16221.29,0.25
I012194,O07328,P0088,3,10596.08,0.1
I012195,O07329,P0020,3,16894.73,0.0
I012196,O07329,P0088,2,10596.08,0.0
I012197,O07329,P0298,2,14301.55,0.0
I012198,O07329,P0419,2,11206.88,0.0
I012199,O07330,P0470,3,16384.1,0.05
I012200,O07331,P0475,1,6070.94,0.0
I012201,O07332,P0058,3,10856.44,0.15
I012202,O07333,P0153,1,6065.86,0.0
I012203,O07333,P0242,1,12806.32,0.0
I012204,O07333,P0084,2,10059.02,0.0
I012205,O07334,P0113,3,1476.37,0.1
I012206,O07335,P0240,2,16345.25,0.25
I012207,O07335,P0343,1,21720.15,0.25
I012208,O07336,P0320,1,22881.56,0.1
I012209,O07337,P0421,3,3134.29,0.1
I012210,O07338,P0245,1,14211.09,0.05
I012211,O07338,P0270,1,15544.12,0.05
I012212,O07338,P0296,3,10086.41,0.05
I012213,O07338,P0120,2,15630.4,0.05
I012214,O07339,P0410,1,8140.59,0.15
I012215,O07339,P0416,1,14378.26,0.15
I012216,O07340,P0175,3,8354.48,0.05
I012217,O07341,P0345,2,18312.01,0.3
I012218,O07342,P0204,1,3139.42,0.0
I012219,O07343,P0255,1,2178.42,0.0
I012220,O07343,P0279,4,820.43,0.0
I012221,O07343,P0434,2,15961.32,0.0
I012222,O07344,P0466,2,7584.85,0.1
I012223,O07344,P0157,1,1053.8,0.1
I012224,O07345,P0242,2,12806.32,0.0
I012225,O07345,P0233,1,9166.88,0.0
I012226,O07346,P0150,1,19657.29,0.05
I012227,O07347,P0111,1,4168.73,0.1
I012228,O07347,P0205,1,15563.05,0.1
I012229,O07348,P0444,1,4611.38,0.05
I012230,O07349,P0480,1,12036.43,0.25
I012231,O07349,P0353,5,4627.28,0.25
I012232,O07350,P0219,1,1340.09,0.05
I012233,O07350,P0207,2,9618.99,0.05
I012234,O07351,P0412,1,14362.31,0.0
I012235,O07351,P0111,2,4168.73,0.0
I012236,O07352,P0489,1,16108.48,0.0
I012237,O07353,P0210,1,3425.1,0.05
I012238,O07354,P0475,2,6070.94,0.2
I012239,O07354,P0487,3,2276.61,0.2
I012240,O07354,P0077,1,10405.98,0.2
I012241,O07354,P0164,1,744.63,0.2
I012242,O07355,P0166,4,4299.84,0.05
I012243,O07356,P0015,1,198.88,0.1
I012244,O07357,P0032,1,12721.46,0.3
I012245,O07357,P0348,4,19194.75,0.3
I012246,O07357,P0485,3,1818.67,0.3
I012247,O07358,P0108,1,11560.22,0.05
I012248,O07358,P0168,1,11374.5,0.05
I012249,O07359,P0346,3,17166.81,0.1
I012250,O07360,P0076,1,12082.97,0.1
I012251,O07361,P0353,2,4627.28,0.1
I012252,O07361,P0111,1,4168.73,0.1
I012253,O07361,P0130,1,5669.17,0.1
I012254,O07362,P0398,1,15186.38,0.25
I012255,O07362,P0225,1,925.67,0.25
I012256,O07362,P0188,1,6865.34,0.25
I012257,O07362,P0278,1,4045.44,0.25
I012258,O07363,P0020,1,16894.73,0.15
I012259,O07363,P0448,3,11150.05,0.15
I012260,O07364,P0280,1,19260.63,0.0
I012261,O07365,P0363,2,11446.48,0.0
I012262,O07365,P0485,1,1818.67,0.0
I012263,O07366,P0172,1,13856.39,0.0
I012264,O07366,P0356,1,17911.43,0.0
I012265,O07367,P0034,1,3767.39,0.05
I012266,O07367,P0264,2,11827.53,0.05
I012267,O07367,P0084,2,10059.02,0.05
I012268,O07368,P0260,1,9638.98,0.1
I012269,O07369,P0352,1,10103.59,0.15
I012270,O07370,P0480,4,12036.43,0.1
I012271,O07371,P0387,1,11008.74,0.3
I012272,O07372,P0492,4,13278.61,0.15
I012273,O07373,P0190,1,4813.84,0.2
I012274,O07374,P0059,1,7497.65,0.05
I012275,O07374,P0281,1,8647.87,0.05
I012276,O07374,P0401,1,18961.41,0.05
I012277,O07375,P0455,1,6841.97,0.1
I012278,O07375,P0306,2,20887.78,0.1
I012279,O07375,P0342,1,8867.09,0.1
I012280,O07376,P0345,1,18312.01,0.0
I012281,O07376,P0301,3,1551.88,0.0
I012282,O07376,P0446,2,18710.12,0.0
I012283,O07377,P0449,1,3785.19,0.15
I012284,O07378,P0173,3,11347.23,0.15
I012285,O07378,P0260,1,9638.98,0.15
I012286,O07379,P0259,3,9091.06,0.05
I012287,O07380,P0203,1,14797.26,0.0
I012288,O07380,P0361,2,8061.24,0.0
I012289,O07381,P0377,1,7254.24,0.05
I012290,O07382,P0026,1,8043.88,0.15
I012291,O07383,P0015,3,198.88,0.1
I012292,O07384,P0387,5,11008.74,0.1
I012293,O07385,P0199,2,13045.06,0.1
I012294,O07386,P0065,2,11896.67,0.1
I012295,O07387,P0431,2,7800.63,0.2
I012296,O07388,P0476,3,1078.88,0.1
I012297,O07388,P0142,4,7546.26,0.1
I012298,O07389,P0179,1,12189.37,0.1
I012299,O07389,P0053,3,11740.23,0.1
I012300,O07389,P0342,3,8867.09,0.1
I012301,O07390,P0071,1,1222.75,0.25
I012302,O07390,P0385,2,9160.1,0.25
I012303,O07390,P0454,1,13398.41,0.25
I012304,O07391,P0433,1,11369.56,0.1
I012305,O07391,P0155,1,16173.54,0.1
I012306,O07392,P0058,5,10856.44,0.05
I012307,O07393,P0033,2,2436.78,0.1
I012308,O07393,P0234,1,6819.79,0.1
I012309,O07394,P0341,1,9492.87,0.15
I012310,O07395,P0068,1,658.18,0.0
I012311,O07396,P0468,1,17686.56,0.0
I012312,O07396,P0272,1,13853.17,0.0
I012313,O07396,P0161,1,4912.94,0.0
I012314,O07397,P0008,1,404.42,0.0
I012315,O07398,P0004,1,21658.55,0.15
I012316,O07398,P0411,2,9751.96,0.15
I012317,O07398,P0337,2,6259.83,0.15
I012318,O07399,P0124,5,15514.19,0.05
I012319,O07400,P0038,1,13981.96,0.2
I012320,O07401,P0090,1,19317.51,0.1
I012321,O07402,P0337,3,6259.83,0.25
I012322,O07402,P0299,1,9253.96,0.25
I012323,O07402,P0052,2,22717.29,0.25
I012324,O07403,P0259,3,9091.06,0.05
I012325,O07404,P0317,1,14355.69,0.25
I012326,O07405,P0026,1,8043.88,0.25
I012327,O07405,P0235,5,17675.52,0.25
I012328,O07406,P0036,1,22992.46,0.0
I012329,O07406,P0479,2,2007.3,0.0
I012330,O07407,P0476,1,1078.88,0.0
I012331,O07408,P0277,2,14027.28,0.1
I012332,O07409,P0344,3,5745.03,0.1
I012333,O07410,P0169,1,5258.15,0.1
I012334,O07410,P0034,2,3767.39,0.1
I012335,O07411,P0332,2,9365.5,0.0
I012336,O07412,P0179,1,12189.37,0.15
I012337,O07412,P0038,1,13981.96,0.15
I012338,O07412,P0312,1,8312.33,0.15
I012339,O07413,P0397,1,18087.88,0.05
I012340,O07413,P0014,1,14738.4,0.05
I012341,O07414,P0339,1,8938.6,0.0
I012342,O07415,P0256,1,10413.89,0.15
I012343,O07416,P0282,3,4087.36,0.0
I012344,O07417,P0451,2,18517.71,0.15
I012345,O07418,P0215,1,2961.47,0.0
I012346,O07418,P0294,1,9318.36,0.0
I012347,O07418,P0299,2,9253.96,0.0
I012348,O07419,P0203,5,14797.26,0.15
I012349,O07419,P0189,2,1077.94,0.15
I012350,O07420,P0443,3,3024.24,0.15
I012351,O07420,P0332,2,9365.5,0.15
I012352,O07421,P0043,2,230.23,0.1
I012353,O07421,P0448,2,11150.05,0.1
I012354,O07422,P0485,1,1818.67,0.05
I012355,O07423,P0248,2,5481.12,0.05
I012356,O07424,P0383,1,5460.56,0.15
I012357,O07425,P0088,5,10596.08,0.0
I012358,O07425,P0417,2,7877.14,0.0
I012359,O07426,P0022,1,16227.09,0.25
I012360,O07427,P0029,1,7973.77,0.15
I012361,O07428,P0324,2,2232.66,0.15
I012362,O07428,P0198,2,15426.36,0.15
I012363,O07429,P0368,2,19421.03,0.3
I012364,O07430,P0229,1,971.19,0.15
I012365,O07430,P0408,2,12252.4,0.15
I012366,O07430,P0328,3,15667.69,0.15
I012367,O07431,P0262,1,12660.19,0.0
I012368,O07432,P0493,3,17331.35,0.05
I012369,O07432,P0495,1,3120.64,0.05
I012370,O07432,P0429,1,4623.76,0.05
I012371,O07433,P0296,2,10086.41,0.1
I012372,O07434,P0027,1,6637.92,0.1
I012373,O07434,P0429,1,4623.76,0.1
I012374,O07435,P0458,1,11252.82,0.0
I012375,O07436,P0318,2,18336.52,0.05
I012376,O07437,P0018,2,8521.23,0.15
I012377,O07437,P0197,1,5628.38,0.15
I012378,O07437,P0268,2,21182.18,0.15
I012379,O07438,P0277,1,14027.28,0.15
I012380,O07439,P0048,1,881.87,0.2
I012381,O07440,P0171,1,6118.98,0.25
I012382,O07440,P0343,1,21720.15,0.25
I012383,O07441,P0451,3,18517.71,0.2
I012384,O07441,P0405,3,10874.23,0.2
I012385,O07441,P0339,2,8938.6,0.2
I012386,O07442,P0488,3,6474.12,0.1
I012387,O07442,P0273,1,1414.88,0.1
I012388,O07443,P0496,2,20624.48,0.1
I012389,O07444,P0256,1,10413.89,0.05
I012390,O07445,P0001,1,12680.89,0.2
I012391,O07445,P0013,1,1067.21,0.2
I012392,O07445,P0229,4,971.19,0.2
I012393,O07446,P0183,1,208.22,0.2
I012394,O07446,P0422,2,6180.37,0.2
I012395,O07447,P0215,1,2961.47,0.15
I012396,O07448,P0432,1,1677.91,0.15
I012397,O07448,P0492,1,13278.61,0.15
I012398,O07449,P0168,1,11374.5,0.2
I012399,O07450,P0306,1,20887.78,0.2
I012400,O07451,P0134,3,8950.35,0.2
I012401,O07451,P0038,2,13981.96,0.2
I012402,O07451,P0306,1,20887.78,0.2
I012403,O07451,P0207,2,9618.99,0.2
I012404,O07452,P0158,1,9904.7,0.15
I012405,O07452,P0228,3,7442.22,0.15
I012406,O07453,P0400,1,7063.54,0.15
I012407,O07454,P0213,2,13682.03,0.1
I012408,O07455,P0313,1,15225.55,0.1
I012409,O07455,P0068,3,658.18,0.1
I012410,O07456,P0266,1,6946.78,0.1
I012411,O07456,P0441,3,11253.53,0.1
I012412,O07456,P0404,1,7190.22,0.1
I012413,O07457,P0487,1,2276.61,0.2
I012414,O07458,P0380,1,1803.38,0.05
I012415,O07459,P0349,2,17040.15,0.05
I012416,O07460,P0244,1,6694.24,0.1
I012417,O07461,P0358,2,17680.82,0.3
I012418,O07462,P0393,1,1256.74,0.1
I012419,O07463,P0144,2,5083.64,0.0
I012420,O07464,P0087,1,5413.54,0.15
I012421,O07465,P0193,1,3841.48,0.1
I012422,O07466,P0303,3,15132.39,0.2
I012423,O07467,P0094,2,6917.65,0.2
I012424,O07468,P0122,1,20389.93,0.05
I012425,O07469,P0100,3,7091.79,0.0
I012426,O07470,P0185,1,11400.27,0.15
I012427,O07471,P0161,1,4912.94,0.15
I012428,O07471,P0282,1,4087.36,0.15
I012429,O07472,P0263,1,12622.11,0.0
I012430,O07472,P0268,3,21182.18,0.0
I012431,O07473,P0405,1,10874.23,0.3
I012432,O07473,P0173,1,11347.23,0.3
I012433,O07474,P0042,3,18369.63,0.25
I012434,O07475,P0137,1,2945.06,0.15
I012435,O07475,P0382,4,17253.16,0.15
I012436,O07475,P0430,1,14535.8,0.15
I012437,O07476,P0190,1,4813.84,0.0
I012438,O07476,P0444,4,4611.38,0.0
I012439,O07477,P0199,3,13045.06,0.05
I012440,O07477,P0325,5,883.29,0.05
I012441,O07478,P0385,3,9160.1,0.05
I012442,O07478,P0229,1,971.19,0.05
I012443,O07479,P0472,1,6339.28,0.0
I012444,O07480,P0276,2,15791.95,0.2
I012445,O07480,P0063,2,17989.43,0.2
I012446,O07481,P0380,1,1803.38,0.0
I012447,O07481,P0489,1,16108.48,0.0
I012448,O07482,P0491,2,14558.18,0.05
I012449,O07483,P0466,2,7584.85,0.05
I012450,O07484,P0140,1,23423.37,0.05
I012451,O07484,P0347,1,207.7,0.05
I012452,O07484,P0465,2,7131.53,0.05
I012453,O07485,P0340,1,6540.28,0.05
I012454,O07486,P0137,1,2945.06,0.25
I012455,O07487,P0411,2,9751.96,0.25
I012456,O07487,P0278,1,4045.44,0.25
I012457,O07487,P0273,4,1414.88,0.25
I012458,O07488,P0432,3,1677.91,0.1
I012459,O07489,P0299,4,9253.96,0.0
I012460,O07490,P0250,2,17490.25,0.15
I012461,O07491,P0228,2,7442.22,0.25
I012462,O07492,P0181,2,6969.81,0.3
I012463,O07492,P0153,2,6065.86,0.3
I012464,O07492,P0043,1,230.23,0.3
I012465,O07492,P0354,1,749.54,0.3
I012466,O07493,P0002,4,685.44,0.1
I012467,O07493,P0234,1,6819.79,0.1
I012468,O07494,P0330,3,621.58,0.05
I012469,O07495,P0089,2,21527.82,0.2
I012470,O07496,P0292,1,21583.15,0.1
I012471,O07496,P0348,1,19194.75,0.1
I012472,O07497,P0206,1,13942.45,0.1
I012473,O07498,P0007,2,20905.26,0.0
I012474,O07499,P0456,1,5984.52,0.05
I012475,O07500,P0442,2,12851.94,0.1
I012476,O07501,P0414,1,3244.46,0.05
I012477,O07501,P0224,2,14337.8,0.05
I012478,O07501,P0398,2,15186.38,0.05
I012479,O07502,P0306,2,20887.78,0.1
I012480,O07502,P0109,1,7019.11,0.1
I012481,O07502,P0340,5,6540.28,0.1
I012482,O07503,P0131,3,2329.3,0.15
I012483,O07504,P0468,1,17686.56,0.3
I012484,O07504,P0379,2,4596.34,0.3
I012485,O07504,P0304,1,5766.34,0.3
I012486,O07504,P0264,1,11827.53,0.3
I012487,O07505,P0307,1,8542.99,0.0
I012488,O07505,P0182,1,7028.31,0.0
I012489,O07506,P0391,2,16675.09,0.15
I012490,O07507,P0400,1,7063.54,0.0
I012491,O07508,P0187,1,6663.59,0.25
I012492,O07509,P0378,1,224.7,0.15
I012493,O07510,P0130,1,5669.17,0.05
I012494,O07511,P0470,1,16384.1,0.1
I012495,O07511,P0418,1,12929.12,0.1
I012496,O07511,P0027,1,6637.92,0.1
I012497,O07512,P0208,1,17414.46,0.15
I012498,O07512,P0307,2,8542.99,0.15
I012499,O07512,P0255,2,2178.42,0.15
I012500,O07513,P0482,1,16166.73,0.1
I012501,O07514,P0185,1,11400.27,0.3
I012502,O07515,P0146,1,12538.22,0.3
I012503,O07516,P0344,2,5745.03,0.0
I012504,O07517,P0294,1,9318.36,0.15
I012505,O07517,P0452,2,14623.62,0.15
I012506,O07518,P0023,1,8677.28,0.15
I012507,O07519,P0183,2,208.22,0.15
I012508,O07519,P0089,2,21527.82,0.15
I012509,O07520,P0450,1,2255.15,0.2
I012510,O07521,P0172,1,13856.39,0.1
I012511,O07521,P0415,1,19105.92,0.1
I012512,O07522,P0208,3,17414.46,0.05
I012513,O07522,P0130,1,5669.17,0.05
I012514,O07523,P0090,1,19317.51,0.15
I012515,O07524,P0282,2,4087.36,0.05
I012516,O07525,P0214,1,3598.9,0.05
I012517,O07526,P0359,3,17408.84,0.1
I012518,O07527,P0178,2,9447.65,0.05
I012519,O07527,P0060,2,10597.6,0.05
I012520,O07528,P0247,5,5866.18,0.15
I012521,O07529,P0258,2,5357.22,0.2
I012522,O07530,P0204,1,3139.42,0.3
I012523,O07530,P0051,2,13023.34,0.3
I012524,O07531,P0420,1,5156.99,0.0
I012525,O07531,P0286,1,8678.82,0.0
I012526,O07531,P0220,1,4537.91,0.0
I012527,O07532,P0002,3,685.44,0.1
I012528,O07532,P0068,1,658.18,0.1
I012529,O07533,P0336,2,5532.6,0.15
I012530,O07534,P0389,1,10740.24,0.1
I012531,O07535,P0089,3,21527.82,0.0
I012532,O07535,P0451,1,18517.71,0.0
I012533,O07535,P0229,4,971.19,0.0
I012534,O07535,P0130,1,5669.17,0.0
I012535,O07536,P0497,1,5343.08,0.05
I012536,O07537,P0071,1,1222.75,0.15
I012537,O07538,P0285,5,11518.27,0.1
I012538,O07539,P0291,2,8891.78,0.15
I012539,O07539,P0006,1,12139.02,0.15
I012540,O07540,P0211,1,12771.97,0.1
I012541,O07541,P0313,1,15225.55,0.25
I012542,O07541,P0028,1,2327.59,0.25
I012543,O07541,P0153,1,6065.86,0.25
I012544,O07542,P0467,1,7857.91,0.2
I012545,O07542,P0487,3,2276.61,0.2
I012546,O07542,P0348,1,19194.75,0.2
I012547,O07543,P0009,2,10894.67,0.05
I012548,O07544,P0295,2,12191.72,0.1
I012549,O07544,P0248,2,5481.12,0.1
I012550,O07544,P0082,3,8524.01,0.1
I012551,O07545,P0199,1,13045.06,0.1
I012552,O07546,P0027,1,6637.92,0.05
I012553,O07547,P0336,4,5532.6,0.1
I012554,O07548,P0316,1,18765.5,0.05
I012555,O07548,P0317,1,14355.69,0.05
I012556,O07548,P0274,4,16208.88,0.05
I012557,O07548,P0263,2,12622.11,0.05
I012558,O07549,P0470,5,16384.1,0.0
I012559,O07550,P0173,1,11347.23,0.0
I012560,O07551,P0326,2,1200.34,0.05
I012561,O07552,P0074,1,20503.04,0.1
I012562,O07553,P0464,1,11639.56,0.0
I012563,O07553,P0332,1,9365.5,0.0
I012564,O07553,P0189,1,1077.94,0.0
I012565,O07554,P0364,1,20513.3,0.15
I012566,O07554,P0495,1,3120.64,0.15
I012567,O07554,P0206,4,13942.45,0.15
I012568,O07555,P0249,5,11650.12,0.2
I012569,O07555,P0013,1,1067.21,0.2
I012570,O07556,P0239,3,10044.2,0.1
I012571,O07557,P0279,1,820.43,0.2
I012572,O07558,P0444,2,4611.38,0.0
I012573,O07559,P0229,2,971.19,0.0
I012574,O07559,P0223,1,12111.39,0.0
I012575,O07559,P0362,1,7754.84,0.0
I012576,O07559,P0318,1,18336.52,0.0
I012577,O07560,P0239,1,10044.2,0.15
I012578,O07561,P0055,1,18288.33,0.25
I012579,O07562,P0189,1,1077.94,0.05
I012580,O07563,P0465,1,7131.53,0.15
I012581,O07563,P0084,1,10059.02,0.15
I012582,O07564,P0042,1,18369.63,0.15
I012583,O07564,P0266,1,6946.78,0.15
I012584,O07565,P0328,1,15667.69,0.15
I012585,O07565,P0332,2,9365.5,0.15
I012586,O07565,P0025,1,21151.19,0.15
I012587,O07566,P0476,5,1078.88,0.1
I012588,O07567,P0173,1,11347.23,0.05
I012589,O07568,P0381,1,1646.42,0.0
I012590,O07568,P0012,2,9210.89,0.0
I012591,O07569,P0149,2,18764.92,0.0
I012592,O07570,P0065,4,11896.67,0.05
I012593,O07571,P0182,3,7028.31,0.0
I012594,O07571,P0195,1,18266.79,0.0
I012595,O07572,P0274,1,16208.88,0.0
I012596,O07573,P0321,2,15173.01,0.0
I012597,O07574,P0467,1,7857.91,0.0
I012598,O07575,P0088,2,10596.08,0.1
I012599,O07575,P0008,1,404.42,0.1
I012600,O07575,P0237,1,13454.07,0.1
I012601,O07576,P0440,2,10988.87,0.0
I012602,O07577,P0446,1,18710.12,0.3
I012603,O07578,P0347,3,207.7,0.1
I012604,O07579,P0260,1,9638.98,0.2
I012605,O07579,P0153,2,6065.86,0.2
I012606,O07580,P0008,2,404.42,0.1
I012607,O07580,P0076,1,12082.97,0.1
I012608,O07580,P0027,1,6637.92,0.1
I012609,O07581,P0430,2,14535.8,0.0
I012610,O07581,P0443,2,3024.24,0.0
I012611,O07582,P0079,1,16242.79,0.2
I012612,O07583,P0368,2,19421.03,0.05
I012613,O07584,P0457,1,18511.82,0.0
I012614,O07585,P0303,1,15132.39,0.05
I012615,O07585,P0089,2,21527.82,0.05
I012616,O07585,P0157,1,1053.8,0.05
I012617,O07586,P0042,3,18369.63,0.1
I012618,O07587,P0243,1,5300.75,0.1
I012619,O07588,P0358,1,17680.82,0.0
I012620,O07589,P0336,1,5532.6,0.1
I012621,O07590,P0027,1,6637.92,0.25
I012622,O07591,P0027,2,6637.92,0.15
I012623,O07591,P0071,1,1222.75,0.15
I012624,O07592,P0058,1,10856.44,0.0
I012625,O07592,P0428,1,15197.13,0.0
I012626,O07593,P0314,3,5199.64,0.05
I012627,O07594,P0316,2,18765.5,0.15
I012628,O07594,P0163,3,16537.01,0.15
I012629,O07595,P0065,2,11896.67,0.0
I012630,O07595,P0367,1,14116.53,0.0
I012631,O07596,P0206,1,13942.45,0.1
I012632,O07596,P0091,1,5800.05,0.1
I012633,O07597,P0119,3,14136.98,0.1
I012634,O07597,P0456,2,5984.52,0.1
I012635,O07598,P0155,1,16173.54,0.0
I012636,O07599,P0315,1,8767.22,0.1
I012637,O07599,P0021,2,18265.35,0.1
I012638,O07599,P0115,1,10805.92,0.1
I012639,O07600,P0479,1,2007.3,0.2
I012640,O07601,P0210,1,3425.1,0.15
I012641,O07602,P0448,1,11150.05,0.2
I012642,O07603,P0249,1,11650.12,0.1
I012643,O07603,P0139,1,11137.68,0.1
I012644,O07604,P0085,3,14574.29,0.15
I012645,O07604,P0093,1,11807.43,0.15
I012646,O07604,P0365,1,1546.12,0.15
I012647,O07605,P0467,1,7857.91,0.2
I012648,O07606,P0490,1,17879.27,0.1
I012649,O07607,P0417,3,7877.14,0.0
I012650,O07608,P0284,2,9183.48,0.0
I012651,O07609,P0181,1,6969.81,0.25
I012652,O07609,P0482,1,16166.73,0.25
I012653,O07610,P0411,3,9751.96,0.1
I012654,O07611,P0495,2,3120.64,0.15
I012655,O07611,P0228,1,7442.22,0.15
I012656,O07612,P0106,3,5470.36,0.1
I012657,O07612,P0337,2,6259.83,0.1
I012658,O07612,P0173,2,11347.23,0.1
I012659,O07613,P0331,1,7610.91,0.1
I012660,O07614,P0033,2,2436.78,0.1
I012661,O07615,P0063,3,17989.43,0.1
I012662,O07615,P0406,5,1199.98,0.1
I012663,O07616,P0273,1,1414.88,0.2
I012664,O07617,P0130,1,5669.17,0.0
I012665,O07617,P0105,2,10085.48,0.0
I012666,O07618,P0168,1,11374.5,0.15
I012667,O07618,P0154,1,13970.67,0.15
I012668,O07618,P0114,1,2768.84,0.15
I012669,O07619,P0492,1,13278.61,0.15
I012670,O07619,P0241,1,9473.89,0.15
I012671,O07620,P0407,1,775.43,0.0
I012672,O07621,P0118,2,11312.75,0.05
I012673,O07622,P0162,1,11199.84,0.15
I012674,O07623,P0417,4,7877.14,0.05
I012675,O07623,P0113,4,1476.37,0.05
I012676,O07624,P0395,1,16050.27,0.1
I012677,O07625,P0121,3,5223.81,0.0
I012678,O07625,P0435,1,11265.94,0.0
I012679,O07626,P0174,2,14241.6,0.05
I012680,O07626,P0350,1,14181.21,0.05
I012681,O07627,P0019,1,7331.38,0.2
I012682,O07628,P0311,1,13470.81,0.05
I012683,O07628,P0251,1,13718.51,0.05
I012684,O07628,P0482,1,16166.73,0.05
I012685,O07629,P0081,1,12661.97,0.15
I012686,O07629,P0129,2,15750.63,0.15
I012687,O07630,P0015,3,198.88,0.1
I012688,O07631,P0129,1,15750.63,0.05
I012689,O07632,P0350,2,14181.21,0.1
I012690,O07633,P0124,1,15514.19,0.1
I012691,O07633,P0395,1,16050.27,0.1
I012692,O07633,P0130,1,5669.17,0.1
I012693,O07633,P0056,2,5412.25,0.1
I012694,O07634,P0003,2,14157.19,0.3
I012695,O07634,P0207,1,9618.99,0.3
I012696,O07634,P0335,1,3821.2,0.3
I012697,O07635,P0498,1,1038.57,0.05
I012698,O07635,P0437,1,9057.77,0.05
I012699,O07636,P0238,1,16729.81,0.15
I012700,O07637,P0303,1,15132.39,0.15
I012701,O07637,P0259,1,9091.06,0.15
I012702,O07637,P0237,1,13454.07,0.15
I012703,O07638,P0203,1,14797.26,0.1
I012704,O07638,P0033,1,2436.78,0.1
I012705,O07639,P0338,3,9789.99,0.1
I012706,O07639,P0353,1,4627.28,0.1
I012707,O07640,P0256,1,10413.89,0.15
I012708,O07640,P0154,2,13970.67,0.15
I012709,O07641,P0313,4,15225.55,0.15
I012710,O07642,P0470,1,16384.1,0.25
I012711,O07642,P0456,1,5984.52,0.25
I012712,O07642,P0231,2,5606.43,0.25
I012713,O07643,P0458,1,11252.82,0.25
I012714,O07644,P0398,1,15186.38,0.05
I012715,O07644,P0049,2,10387.8,0.05
I012716,O07644,P0159,2,12341.8,0.05
I012717,O07645,P0297,1,14103.76,0.15
I012718,O07646,P0062,2,2140.31,0.2
I012719,O07647,P0427,2,2376.46,0.25
I012720,O07647,P0184,2,5176.95,0.25
I012721,O07648,P0206,2,13942.45,0.0
I012722,O07649,P0076,1,12082.97,0.25
I012723,O07649,P0201,1,18090.68,0.25
I012724,O07649,P0034,1,3767.39,0.25
I012725,O07649,P0225,3,925.67,0.25
I012726,O07650,P0140,1,23423.37,0.05
I012727,O07650,P0280,1,19260.63,0.05
I012728,O07651,P0425,1,3871.16,0.1
I012729,O07652,P0214,3,3598.9,0.15
I012730,O07652,P0238,1,16729.81,0.15
I012731,O07652,P0007,1,20905.26,0.15
I012732,O07653,P0356,1,17911.43,0.2
I012733,O07654,P0480,5,12036.43,0.15
I012734,O07655,P0387,1,11008.74,0.25
I012735,O07656,P0402,2,5149.65,0.15
I012736,O07657,P0307,1,8542.99,0.05
I012737,O07657,P0040,4,10694.19,0.05
I012738,O07658,P0031,1,10837.07,0.0
I012739,O07659,P0257,3,8094.05,0.0
I012740,O07659,P0324,1,2232.66,0.0
I012741,O07660,P0078,2,18121.01,0.0
I012742,O07660,P0244,1,6694.24,0.0
I012743,O07661,P0034,4,3767.39,0.25
I012744,O07662,P0113,3,1476.37,0.1
I012745,O07662,P0367,1,14116.53,0.1
I012746,O07662,P0192,1,13132.41,0.1
I012747,O07662,P0209,1,17935.22,0.1
I012748,O07663,P0446,1,18710.12,0.25
I012749,O07663,P0413,3,4516.32,0.25
I012750,O07664,P0363,1,11446.48,0.15
I012751,O07665,P0146,1,12538.22,0.25
I012752,O07666,P0185,1,11400.27,0.2
I012753,O07666,P0230,1,16237.69,0.2
I012754,O07666,P0001,2,12680.89,0.2
I012755,O07667,P0449,2,3785.19,0.1
I012756,O07667,P0055,2,18288.33,0.1
I012757,O07667,P0498,1,1038.57,0.1
I012758,O07668,P0474,1,2142.32,0.05
I012759,O07668,P0319,4,17097.24,0.05
I012760,O07669,P0449,2,3785.19,0.05
I012761,O07669,P0083,2,7026.05,0.05
I012762,O07669,P0088,1,10596.08,0.05
I012763,O07669,P0156,1,17438.42,0.05
I012764,O07670,P0107,1,12811.73,0.05
I012765,O07671,P0465,1,7131.53,0.0
I012766,O07672,P0064,1,18152.26,0.15
I012767,O07673,P0021,1,18265.35,0.1
I012768,O07674,P0145,2,5897.75,0.0
I012769,O07674,P0307,2,8542.99,0.0
I012770,O07674,P0040,5,10694.19,0.0
I012771,O07675,P0470,1,16384.1,0.2
I012772,O07676,P0289,4,5068.21,0.2
I012773,O07677,P0028,1,2327.59,0.0
I012774,O07677,P0382,1,17253.16,0.0
I012775,O07677,P0355,2,15161.64,0.0
I012776,O07677,P0065,2,11896.67,0.0
I012777,O07678,P0486,1,7416.01,0.05
I012778,O07678,P0377,2,7254.24,0.05
I012779,O07679,P0419,1,11206.88,0.05
I012780,O07680,P0261,1,9413.55,0.1
I012781,O07680,P0457,2,18511.82,0.1
I012782,O07680,P0089,2,21527.82,0.1
I012783,O07681,P0219,1,1340.09,0.25
I012784,O07682,P0195,3,18266.79,0.15
I012785,O07682,P0410,1,8140.59,0.15
I012786,O07683,P0496,1,20624.48,0.15
I012787,O07684,P0161,3,4912.94,0.05
I012788,O07685,P0314,1,5199.64,0.1
I012789,O07685,P0194,2,4785.07,0.1
I012790,O07686,P0211,1,12771.97,0.05
I012791,O07686,P0168,2,11374.5,0.05
I012792,O07687,P0097,1,16913.36,0.15
I012793,O07687,P0336,1,5532.6,0.15
I012794,O07687,P0169,2,5258.15,0.15
I012795,O07688,P0470,1,16384.1,0.05
I012796,O07688,P0026,2,8043.88,0.05
I012797,O07689,P0310,5,6739.9,0.0
I012798,O07690,P0100,4,7091.79,0.1
I012799,O07690,P0224,1,14337.8,0.1
I012800,O07690,P0498,4,1038.57,0.1
I012801,O07691,P0433,1,11369.56,0.05
I012802,O07692,P0231,3,5606.43,0.1
I012803,O07692,P0322,2,179.06,0.1
I012804,O07693,P0130,1,5669.17,0.15
I012805,O07694,P0069,1,6827.67,0.15
I012806,O07695,P0209,4,17935.22,0.3
I012807,O07695,P0170,1,10734.0,0.3
I012808,O07696,P0147,2,5903.16,0.1
I012809,O07697,P0316,2,18765.5,0.1
I012810,O07697,P0455,1,6841.97,0.1
I012811,O07697,P0474,2,2142.32,0.1
I012812,O07698,P0149,1,18764.92,0.05
I012813,O07699,P0297,1,14103.76,0.15
I012814,O07699,P0276,1,15791.95,0.15
I012815,O07700,P0320,1,22881.56,0.1
I012816,O07701,P0363,2,11446.48,0.05
I012817,O07701,P0075,2,16717.1,0.05
I012818,O07702,P0040,1,10694.19,0.1
I012819,O07702,P0381,5,1646.42,0.1
I012820,O07702,P0393,1,1256.74,0.1
I012821,O07703,P0106,1,5470.36,0.05
I012822,O07703,P0265,1,16102.0,0.05
I012823,O07704,P0280,2,19260.63,0.25
I012824,O07705,P0348,2,19194.75,0.05
I012825,O07705,P0463,1,7934.67,0.05
I012826,O07706,P0028,1,2327.59,0.1
I012827,O07706,P0042,2,18369.63,0.1
I012828,O07707,P0088,4,10596.08,0.05
I012829,O07707,P0009,1,10894.67,0.05
I012830,O07707,P0400,1,7063.54,0.05
I012831,O07708,P0346,1,17166.81,0.0
I012832,O07709,P0081,1,12661.97,0.05
I012833,O07709,P0099,1,11095.32,0.05
I012834,O07709,P0063,2,17989.43,0.05
I012835,O07709,P0415,1,19105.92,0.05
I012836,O07710,P0039,1,1954.54,0.1
I012837,O07710,P0499,4,2390.13,0.1
I012838,O07711,P0038,2,13981.96,0.1
I012839,O07712,P0217,1,2504.14,0.1
I012840,O07713,P0297,1,14103.76,0.15
I012841,O07713,P0238,1,16729.81,0.15
I012842,O07714,P0370,4,12293.71,0.0
I012843,O07715,P0407,2,775.43,0.05
I012844,O07716,P0135,2,13687.78,0.05
I012845,O07716,P0198,1,15426.36,0.05
I012846,O07716,P0170,1,10734.0,0.05
I012847,O07717,P0072,1,8074.69,0.15
I012848,O07718,P0398,1,15186.38,0.05
I012849,O07719,P0037,2,5389.2,0.05
I012850,O07719,P0307,1,8542.99,0.05
I012851,O07720,P0317,1,14355.69,0.0
I012852,O07721,P0455,1,6841.97,0.1
I012853,O07722,P0063,1,17989.43,0.15
I012854,O07722,P0277,3,14027.28,0.15
I012855,O07722,P0402,3,5149.65,0.15
I012856,O07723,P0210,1,3425.1,0.15
I012857,O07724,P0355,1,15161.64,0.15
I012858,O07725,P0365,4,1546.12,0.0
I012859,O07725,P0290,1,5856.65,0.0
I012860,O07725,P0466,2,7584.85,0.0
I012861,O07726,P0366,1,12694.5,0.1
I012862,O07727,P0367,3,14116.53,0.0
I012863,O07728,P0125,1,8357.18,0.25
I012864,O07728,P0323,1,19857.8,0.25
I012865,O07729,P0129,1,15750.63,0.0
I012866,O07729,P0035,1,10869.62,0.0
I012867,O07729,P0281,1,8647.87,0.0
I012868,O07729,P0009,2,10894.67,0.0
I012869,O07730,P0111,1,4168.73,0.2
I012870,O07731,P0455,1,6841.97,0.0
I012871,O07732,P0210,2,3425.1,0.1
I012872,O07732,P0066,1,4602.72,0.1
I012873,O07733,P0499,1,2390.13,0.2
I012874,O07733,P0370,2,12293.71,0.2
I012875,O07734,P0477,1,13272.75,0.1
I012876,O07734,P0151,2,8069.27,0.1
I012877,O07734,P0418,1,12929.12,0.1
I012878,O07734,P0036,2,22992.46,0.1
I012879,O07735,P0322,1,179.06,0.1
I012880,O07735,P0138,2,9332.54,0.1
I012881,O07736,P0470,3,16384.1,0.0
I012882,O07737,P0333,2,16891.72,0.15
I012883,O07738,P0127,2,12125.3,0.1
I012884,O07738,P0420,3,5156.99,0.1
I012885,O07738,P0152,3,11257.85,0.1
I012886,O07738,P0258,2,5357.22,0.1
I012887,O07739,P0286,2,8678.82,0.1
I012888,O07739,P0125,5,8357.18,0.1
I012889,O07740,P0337,1,6259.83,0.05
I012890,O07740,P0284,1,9183.48,0.05
I012891,O07741,P0397,1,18087.88,0.05
I012892,O07742,P0308,2,10963.13,0.25
I012893,O07743,P0228,1,7442.22,0.25
I012894,O07744,P0339,3,8938.6,0.25
I012895,O07745,P0373,3,8955.67,0.1
I012896,O07746,P0434,3,15961.32,0.3
I012897,O07747,P0106,1,5470.36,0.05
I012898,O07748,P0290,2,5856.65,0.1
I012899,O07748,P0225,1,925.67,0.1
I012900,O07749,P0081,3,12661.97,0.0
I012901,O07750,P0400,1,7063.54,0.1
I012902,O07750,P0498,2,1038.57,0.1
I012903,O07750,P0164,2,744.63,0.1
I012904,O07751,P0328,3,15667.69,0.05
I012905,O07751,P0387,3,11008.74,0.05
I012906,O07752,P0471,2,3362.5,0.0
I012907,O07753,P0116,5,14318.59,0.0
I012908,O07753,P0329,5,6837.04,0.0
I012909,O07753,P0234,3,6819.79,0.0
I012910,O07753,P0272,1,13853.17,0.0
I012911,O07754,P0418,1,12929.12,0.05
I012912,O07755,P0163,3,16537.01,0.2
I012913,O07756,P0171,1,6118.98,0.1
I012914,O07757,P0481,1,1854.72,0.1
I012915,O07757,P0300,2,11744.09,0.1
I012916,O07757,P0051,2,13023.34,0.1
I012917,O07758,P0150,4,19657.29,0.15
I012918,O07759,P0329,5,6837.04,0.1
I012919,O07759,P0460,2,1760.09,0.1
I012920,O07759,P0403,1,10949.03,0.1
I012921,O07760,P0227,1,1214.17,0.1
I012922,O07761,P0109,1,7019.11,0.1
I012923,O07761,P0475,1,6070.94,0.1
I012924,O07761,P0148,1,3827.6,0.1
I012925,O07762,P0496,1,20624.48,0.0
I012926,O07762,P0289,1,5068.21,0.0
I012927,O07762,P0478,1,24448.55,0.0
I012928,O07763,P0391,1,16675.09,0.1
I012929,O07764,P0496,1,20624.48,0.15
I012930,O07765,P0130,4,5669.17,0.0
I012931,O07766,P0156,1,17438.42,0.0
I012932,O07767,P0018,2,8521.23,0.1
I012933,O07767,P0022,1,16227.09,0.1
I012934,O07768,P0098,1,18024.33,0.2
I012935,O07769,P0488,1,6474.12,0.1
I012936,O07770,P0354,1,749.54,0.1
I012937,O07771,P0162,1,11199.84,0.25
I012938,O07771,P0165,1,8775.25,0.25
I012939,O07772,P0336,1,5532.6,0.0
I012940,O07773,P0454,2,13398.41,0.0
I012941,O07773,P0081,3,12661.97,0.0
I012942,O07774,P0212,2,15959.35,0.15
I012943,O07774,P0369,2,2936.18,0.15
I012944,O07775,P0035,3,10869.62,0.0
I012945,O07775,P0156,3,17438.42,0.0
I012946,O07776,P0159,1,12341.8,0.0
I012947,O07777,P0123,1,12283.66,0.2
I012948,O07778,P0266,2,6946.78,0.05
I012949,O07779,P0331,4,7610.91,0.1
I012950,O07779,P0098,1,18024.33,0.1
I012951,O07779,P0175,1,8354.48,0.1
I012952,O07780,P0107,1,12811.73,0.05
I012953,O07781,P0355,2,15161.64,0.0
I012954,O07782,P0192,1,13132.41,0.05
I012955,O07782,P0194,2,4785.07,0.05
I012956,O07782,P0049,1,10387.8,0.05
I012957,O07783,P0417,1,7877.14,0.1
I012958,O07783,P0306,2,20887.78,0.1
I012959,O07783,P0145,1,5897.75,0.1
I012960,O07784,P0030,1,18850.92,0.1
I012961,O07785,P0041,1,11579.02,0.0
I012962,O07786,P0486,1,7416.01,0.0
I012963,O07787,P0271,2,10464.94,0.1
I012964,O07787,P0099,1,11095.32,0.1
I012965,O07788,P0405,1,10874.23,0.0
I012966,O07789,P0233,1,9166.88,0.0
I012967,O07790,P0174,2,14241.6,0.3
I012968,O07790,P0246,2,3212.48,0.3
I012969,O07790,P0482,4,16166.73,0.3
I012970,O07791,P0264,1,11827.53,0.0
I012971,O07792,P0015,1,198.88,0.1
I012972,O07793,P0324,2,2232.66,0.0
I012973,O07793,P0429,1,4623.76,0.0
I012974,O07794,P0378,3,224.7,0.2
I012975,O07794,P0190,1,4813.84,0.2
I012976,O07795,P0452,1,14623.62,0.1
I012977,O07795,P0448,2,11150.05,0.1
I012978,O07796,P0460,3,1760.09,0.1
I012979,O07796,P0217,1,2504.14,0.1
I012980,O07796,P0053,1,11740.23,0.1
I012981,O07797,P0182,1,7028.31,0.1
I012982,O07797,P0389,1,10740.24,0.1
I012983,O07797,P0406,1,1199.98,0.1
I012984,O07798,P0370,2,12293.71,0.15
I012985,O07799,P0249,1,11650.12,0.2
I012986,O07800,P0418,1,12929.12,0.0
I012987,O07801,P0008,1,404.42,0.0
I012988,O07802,P0297,2,14103.76,0.05
I012989,O07802,P0275,1,18205.93,0.05
I012990,O07803,P0203,1,14797.26,0.15
I012991,O07804,P0436,3,9847.38,0.05
I012992,O07804,P0355,1,15161.64,0.05
I012993,O07805,P0301,1,1551.88,0.1
I012994,O07805,P0082,1,8524.01,0.1
I012995,O07806,P0266,1,6946.78,0.1
I012996,O07807,P0414,1,3244.46,0.05
I012997,O07808,P0071,2,1222.75,0.1
I012998,O07808,P0356,2,17911.43,0.1
I012999,O07809,P0270,1,15544.12,0.15
I013000,O07810,P0494,1,9857.51,0.05
I013001,O07810,P0105,1,10085.48,0.05
I013002,O07811,P0323,1,19857.8,0.05
I013003,O07812,P0045,2,5553.07,0.1
I013004,O07812,P0258,3,5357.22,0.1
I013005,O07813,P0480,1,12036.43,0.2
I013006,O07814,P0372,5,5715.65,0.05
I013007,O07815,P0117,1,5812.89,0.1
I013008,O07816,P0222,1,6948.91,0.2
I013009,O07816,P0366,1,12694.5,0.2
I013010,O07817,P0327,1,7197.89,0.0
I013011,O07818,P0417,1,7877.14,0.15
I013012,O07818,P0165,4,8775.25,0.15
I013013,O07818,P0359,2,17408.84,0.15
I013014,O07819,P0323,1,19857.8,0.05
I013015,O07820,P0420,3,5156.99,0.0
I013016,O07821,P0430,1,14535.8,0.05
I013017,O07822,P0401,1,18961.41,0.1
I013018,O07822,P0243,3,5300.75,0.1
I013019,O07823,P0372,2,5715.65,0.1
I013020,O07824,P0349,1,17040.15,0.05
I013021,O07825,P0343,4,21720.15,0.0
I013022,O07826,P0118,1,11312.75,0.1
I013023,O07826,P0407,1,775.43,0.1
I013024,O07827,P0460,1,1760.09,0.0
I013025,O07828,P0110,1,239.19,0.1
I013026,O07828,P0192,2,13132.41,0.1
I013027,O07829,P0189,5,1077.94,0.15
I013028,O07829,P0342,2,8867.09,0.15
I013029,O07829,P0472,1,6339.28,0.15
I013030,O07830,P0422,1,6180.37,0.25
I013031,O07831,P0084,3,10059.02,0.0
I013032,O07831,P0266,2,6946.78,0.0
I013033,O07831,P0422,3,6180.37,0.0
I013034,O07832,P0217,1,2504.14,0.1
I013035,O07833,P0337,1,6259.83,0.05
I013036,O07834,P0250,2,17490.25,0.05
I013037,O07835,P0160,1,6251.25,0.1
I013038,O07836,P0435,1,11265.94,0.0
I013039,O07837,P0231,1,5606.43,0.0
I013040,O07838,P0407,2,775.43,0.0
I013041,O07839,P0245,1,14211.09,0.05
I013042,O07840,P0429,3,4623.76,0.0
I013043,O07841,P0133,1,16221.29,0.2
I013044,O07841,P0278,2,4045.44,0.2
I013045,O07841,P0091,5,5800.05,0.2
I013046,O07842,P0184,1,5176.95,0.1
I013047,O07842,P0256,3,10413.89,0.1
I013048,O07843,P0486,1,7416.01,0.0
I013049,O07844,P0177,1,5666.47,0.05
I013050,O07845,P0208,2,17414.46,0.15
I013051,O07846,P0449,2,3785.19,0.0
I013052,O07847,P0366,1,12694.5,0.05
I013053,O07847,P0343,2,21720.15,0.05
I013054,O07848,P0246,1,3212.48,0.0
I013055,O07849,P0298,1,14301.55,0.05
I013056,O07849,P0398,2,15186.38,0.05
I013057,O07850,P0026,1,8043.88,0.25
I013058,O07851,P0285,2,11518.27,0.1
I013059,O07852,P0265,1,16102.0,0.1
I013060,O07853,P0146,1,12538.22,0.1
I013061,O07854,P0419,1,11206.88,0.05
I013062,O07855,P0483,3,14346.17,0.1
I013063,O07855,P0194,2,4785.07,0.1
I013064,O07856,P0473,2,731.76,0.1
I013065,O07857,P0069,1,6827.67,0.1
I013066,O07857,P0124,1,15514.19,0.1
I013067,O07858,P0160,3,6251.25,0.0
I013068,O07858,P0466,3,7584.85,0.0
I013069,O07859,P0412,2,14362.31,0.15
I013070,O07860,P0326,1,1200.34,0.15
I013071,O07861,P0431,1,7800.63,0.0
I013072,O07861,P0224,1,14337.8,0.0
I013073,O07862,P0450,1,2255.15,0.05
I013074,O07863,P0206,2,13942.45,0.1
I013075,O07864,P0046,1,15363.92,0.05
I013076,O07865,P0320,2,22881.56,0.1
I013077,O07866,P0013,1,1067.21,0.15
I013078,O07866,P0201,1,18090.68,0.15
I013079,O07867,P0009,1,10894.67,0.1
I013080,O07868,P0340,1,6540.28,0.1
I013081,O07869,P0386,3,7920.43,0.05
I013082,O07869,P0077,1,10405.98,0.05
I013083,O07869,P0170,1,10734.0,0.05
I013084,O07870,P0250,4,17490.25,0.1
I013085,O07871,P0125,1,8357.18,0.2
I013086,O07872,P0164,1,744.63,0.05
I013087,O07872,P0447,2,13008.01,0.05
I013088,O07873,P0419,1,11206.88,0.15
I013089,O07874,P0461,1,6940.51,0.1
I013090,O07875,P0161,3,4912.94,0.0
I013091,O07875,P0093,3,11807.43,0.0
I013092,O07875,P0409,1,8257.04,0.0
I013093,O07875,P0040,1,10694.19,0.0
I013094,O07876,P0187,1,6663.59,0.2
I013095,O07877,P0292,2,21583.15,0.15
I013096,O07878,P0151,2,8069.27,0.2
I013097,O07878,P0441,4,11253.53,0.2
I013098,O07879,P0417,3,7877.14,0.15
I013099,O07880,P0498,1,1038.57,0.0
I013100,O07880,P0148,3,3827.6,0.0
I013101,O07880,P0270,2,15544.12,0.0
I013102,O07881,P0210,5,3425.1,0.1
I013103,O07881,P0293,1,5390.99,0.1
I013104,O07882,P0433,1,11369.56,0.1
I013105,O07883,P0373,1,8955.67,0.05
I013106,O07884,P0420,3,5156.99,0.1
I013107,O07884,P0308,2,10963.13,0.1
I013108,O07884,P0300,2,11744.09,0.1
I013109,O07885,P0045,1,5553.07,0.1
I013110,O07885,P0377,1,7254.24,0.1
I013111,O07885,P0450,3,2255.15,0.1
I013112,O07886,P0420,2,5156.99,0.0
I013113,O07887,P0485,2,1818.67,0.2
I013114,O07887,P0018,3,8521.23,0.2
I013115,O07887,P0321,1,15173.01,0.2
I013116,O07887,P0424,1,1099.43,0.2
I013117,O07888,P0469,1,12828.28,0.1
I013118,O07889,P0051,2,13023.34,0.1
I013119,O07889,P0422,1,6180.37,0.1
I013120,O07890,P0163,1,16537.01,0.0
I013121,O07891,P0458,1,11252.82,0.15
I013122,O07892,P0338,1,9789.99,0.1
I013123,O07893,P0493,1,17331.35,0.0
I013124,O07893,P0445,2,5378.95,0.0
I013125,O07893,P0399,1,9834.2,0.0
I013126,O07893,P0343,1,21720.15,0.0
I013127,O07894,P0003,2,14157.19,0.15
I013128,O07894,P0171,2,6118.98,0.15
I013129,O07895,P0186,2,14403.22,0.1
I013130,O07896,P0452,1,14623.62,0.05
I013131,O07896,P0272,5,13853.17,0.05
I013132,O07897,P0050,1,12181.9,0.25
I013133,O07898,P0302,3,10139.5,0.2
I013134,O07899,P0022,1,16227.09,0.0
I013135,O07900,P0171,1,6118.98,0.15
I013136,O07900,P0209,1,17935.22,0.15
I013137,O07901,P0376,3,21096.71,0.0
I013138,O07902,P0269,2,9853.0,0.0
I013139,O07902,P0097,5,16913.36,0.0
I013140,O07903,P0231,3,5606.43,0.05
I013141,O07904,P0227,1,1214.17,0.0
I013142,O07904,P0011,2,6896.23,0.0
I013143,O07904,P0434,2,15961.32,0.0
I013144,O07904,P0264,1,11827.53,0.0
I013145,O07905,P0215,1,2961.47,0.1
I013146,O07906,P0131,1,2329.3,0.15
I013147,O07907,P0315,2,8767.22,0.0
I013148,O07908,P0088,1,10596.08,0.05
I013149,O07908,P0008,2,404.42,0.05
I013150,O07909,P0323,1,19857.8,0.0
I013151,O07909,P0190,2,4813.84,0.0
I013152,O07910,P0194,2,4785.07,0.1
I013153,O07911,P0094,1,6917.65,0.1
I013154,O07911,P0391,1,16675.09,0.1
I013155,O07912,P0073,2,14367.83,0.0
I013156,O07913,P0324,1,2232.66,0.05
I013157,O07914,P0350,1,14181.21,0.0
I013158,O07915,P0205,1,15563.05,0.1
I013159,O07915,P0432,1,1677.91,0.1
I013160,O07916,P0460,1,1760.09,0.1
I013161,O07917,P0075,2,16717.1,0.1
I013162,O07918,P0367,4,14116.53,0.15
I013163,O07918,P0183,1,208.22,0.15
I013164,O07918,P0186,1,14403.22,0.15
I013165,O07919,P0436,1,9847.38,0.1
I013166,O07920,P0448,2,11150.05,0.1
I013167,O07920,P0037,1,5389.2,0.1
I013168,O07920,P0097,3,16913.36,0.1
I013169,O07920,P0013,5,1067.21,0.1
I013170,O07921,P0458,1,11252.82,0.1
I013171,O07922,P0185,2,11400.27,0.05
I013172,O07922,P0170,2,10734.0,0.05
I013173,O07923,P0098,5,18024.33,0.25
I013174,O07924,P0489,1,16108.48,0.05
I013175,O07925,P0052,4,22717.29,0.2
I013176,O07925,P0481,1,1854.72,0.2
I013177,O07926,P0459,1,15147.66,0.15
I013178,O07926,P0115,1,10805.92,0.15
I013179,O07926,P0159,1,12341.8,0.15
I013180,O07927,P0433,1,11369.56,0.2
I013181,O07927,P0339,3,8938.6,0.2
I013182,O07927,P0030,1,18850.92,0.2
I013183,O07928,P0201,2,18090.68,0.05
I013184,O07928,P0103,2,9874.02,0.05
I013185,O07928,P0076,3,12082.97,0.05
I013186,O07929,P0254,1,1468.59,0.05
I013187,O07929,P0064,4,18152.26,0.05
I013188,O07930,P0174,1,14241.6,0.2
I013189,O07931,P0308,1,10963.13,0.25
I013190,O07932,P0246,2,3212.48,0.15
I013191,O07933,P0069,1,6827.67,0.1
I013192,O07934,P0352,2,10103.59,0.15
I013193,O07934,P0170,2,10734.0,0.15
I013194,O07934,P0350,1,14181.21,0.15
I013195,O07934,P0175,1,8354.48,0.15
I013196,O07935,P0198,1,15426.36,0.0
I013197,O07936,P0238,1,16729.81,0.2
I013198,O07937,P0440,1,10988.87,0.05
I013199,O07937,P0317,2,14355.69,0.05
I013200,O07937,P0050,3,12181.9,0.05
I013201,O07938,P0396,3,6181.52,0.0
I013202,O07939,P0003,2,14157.19,0.15
I013203,O07939,P0058,1,10856.44,0.15
I013204,O07940,P0075,1,16717.1,0.15
I013205,O07940,P0360,1,4434.75,0.15
I013206,O07941,P0407,2,775.43,0.1
I013207,O07942,P0229,1,971.19,0.05
I013208,O07942,P0425,3,3871.16,0.05
I013209,O07942,P0215,2,2961.47,0.05
I013210,O07943,P0190,1,4813.84,0.0
I013211,O07944,P0237,3,13454.07,0.15
I013212,O07945,P0367,1,14116.53,0.0
I013213,O07945,P0474,3,2142.32,0.0
I013214,O07946,P0344,3,5745.03,0.15
I013215,O07947,P0005,2,2113.83,0.25
I013216,O07948,P0230,1,16237.69,0.3
I013217,O07948,P0143,1,2154.67,0.3
I013218,O07948,P0225,1,925.67,0.3
I013219,O07949,P0360,1,4434.75,0.05
I013220,O07950,P0359,1,17408.84,0.0
I013221,O07950,P0297,1,14103.76,0.0
I013222,O07951,P0491,1,14558.18,0.0
I013223,O07951,P0483,3,14346.17,0.0
I013224,O07952,P0302,2,10139.5,0.1
I013225,O07953,P0450,1,2255.15,0.15
I013226,O07954,P0116,3,14318.59,0.0
I013227,O07955,P0068,1,658.18,0.0
I013228,O07956,P0287,1,11017.89,0.1
I013229,O07957,P0068,2,658.18,0.0
I013230,O07958,P0108,1,11560.22,0.2
I013231,O07958,P0485,1,1818.67,0.2
I013232,O07959,P0058,1,10856.44,0.1
I013233,O07960,P0364,1,20513.3,0.05
I013234,O07960,P0358,1,17680.82,0.05
I013235,O07961,P0126,2,12590.35,0.0
I013236,O07962,P0329,2,6837.04,0.0
I013237,O07962,P0258,1,5357.22,0.0
I013238,O07963,P0260,1,9638.98,0.2
I013239,O07964,P0031,2,10837.07,0.15
I013240,O07964,P0347,4,207.7,0.15
I013241,O07964,P0088,1,10596.08,0.15
I013242,O07965,P0325,1,883.29,0.0
I013243,O07965,P0013,1,1067.21,0.0
I013244,O07965,P0470,1,16384.1,0.0
I013245,O07966,P0471,2,3362.5,0.25
I013246,O07966,P0104,1,389.71,0.25
I013247,O07967,P0047,3,3795.44,0.05
I013248,O07968,P0324,1,2232.66,0.1
I013249,O07968,P0190,1,4813.84,0.1
I013250,O07968,P0493,1,17331.35,0.1
I013251,O07969,P0495,1,3120.64,0.15
I013252,O07969,P0350,1,14181.21,0.15
I013253,O07970,P0090,1,19317.51,0.25
I013254,O07970,P0383,1,5460.56,0.25
I013255,O07970,P0071,1,1222.75,0.25
I013256,O07971,P0110,1,239.19,0.2
I013257,O07972,P0141,1,2669.4,0.1
I013258,O07973,P0413,3,4516.32,0.0
I013259,O07973,P0479,2,2007.3,0.0
I013260,O07974,P0215,1,2961.47,0.2
I013261,O07975,P0235,1,17675.52,0.15
I013262,O07976,P0213,2,13682.03,0.1
I013263,O07976,P0410,2,8140.59,0.1
I013264,O07977,P0389,1,10740.24,0.3
I013265,O07978,P0103,2,9874.02,0.1
I013266,O07978,P0088,1,10596.08,0.1
I013267,O07979,P0419,2,11206.88,0.05
I013268,O07979,P0026,1,8043.88,0.05
I013269,O07979,P0189,1,1077.94,0.05
I013270,O07980,P0467,1,7857.91,0.05
I013271,O07981,P0259,2,9091.06,0.1
I013272,O07982,P0303,1,15132.39,0.1
I013273,O07983,P0444,5,4611.38,0.2
I013274,O07983,P0183,5,208.22,0.2
I013275,O07984,P0420,4,5156.99,0.2
I013276,O07984,P0081,1,12661.97,0.2
I013277,O07985,P0125,2,8357.18,0.05
I013278,O07985,P0377,2,7254.24,0.05
I013279,O07986,P0117,1,5812.89,0.25
I013280,O07986,P0275,1,18205.93,0.25
I013281,O07986,P0445,3,5378.95,0.25
I013282,O07987,P0010,4,8507.4,0.25
I013283,O07988,P0144,4,5083.64,0.1
I013284,O07988,P0207,1,9618.99,0.1
I013285,O07989,P0494,2,9857.51,0.2
I013286,O07990,P0025,1,21151.19,0.0
I013287,O07991,P0240,2,16345.25,0.1
I013288,O07992,P0254,3,1468.59,0.15
I013289,O07992,P0093,1,11807.43,0.15
I013290,O07993,P0293,2,5390.99,0.05
I013291,O07993,P0403,3,10949.03,0.05
I013292,O07993,P0389,1,10740.24,0.05
I013293,O07993,P0094,1,6917.65,0.05
I013294,O07994,P0028,2,2327.59,0.0
I013295,O07994,P0197,3,5628.38,0.0
I013296,O07995,P0069,2,6827.67,0.0
I013297,O07995,P0155,1,16173.54,0.0
I013298,O07995,P0441,1,11253.53,0.0
I013299,O07996,P0397,3,18087.88,0.2
I013300,O07996,P0020,2,16894.73,0.2
I013301,O07997,P0497,1,5343.08,0.1
I013302,O07997,P0436,1,9847.38,0.1
I013303,O07997,P0089,1,21527.82,0.1
I013304,O07998,P0324,2,2232.66,0.0
I013305,O07998,P0064,1,18152.26,0.0
I013306,O07998,P0424,1,1099.43,0.0
I013307,O07999,P0034,1,3767.39,0.2
I013308,O08000,P0383,1,5460.56,0.25
I013309,O08001,P0414,1,3244.46,0.05
I013310,O08002,P0199,2,13045.06,0.1
I013311,O08003,P0131,2,2329.3,0.05
I013312,O08003,P0242,1,12806.32,0.05
I013313,O08004,P0444,1,4611.38,0.15
I013314,O08005,P0033,2,2436.78,0.25
I013315,O08006,P0431,1,7800.63,0.0
I013316,O08007,P0233,1,9166.88,0.1
I013317,O08008,P0054,1,22196.9,0.15
I013318,O08009,P0034,1,3767.39,0.15
I013319,O08009,P0459,2,15147.66,0.15
I013320,O08010,P0031,1,10837.07,0.05
I013321,O08010,P0414,2,3244.46,0.05
I013322,O08011,P0429,2,4623.76,0.05
I013323,O08012,P0116,1,14318.59,0.1
I013324,O08013,P0136,1,10051.62,0.15
I013325,O08014,P0140,1,23423.37,0.1
I013326,O08015,P0146,2,12538.22,0.05
I013327,O08015,P0217,1,2504.14,0.05
I013328,O08015,P0299,2,9253.96,0.05
I013329,O08016,P0319,2,17097.24,0.1
I013330,O08016,P0267,1,13380.29,0.1
I013331,O08017,P0280,5,19260.63,0.25
I013332,O08018,P0208,5,17414.46,0.0
I013333,O08018,P0178,1,9447.65,0.0
I013334,O08019,P0434,2,15961.32,0.05
I013335,O08019,P0204,1,3139.42,0.05
I013336,O08020,P0020,4,16894.73,0.05
I013337,O08020,P0263,3,12622.11,0.05
I013338,O08020,P0267,1,13380.29,0.05
I013339,O08021,P0225,2,925.67,0.1
I013340,O08021,P0357,1,4004.54,0.1
I013341,O08022,P0170,3,10734.0,0.1
I013342,O08023,P0069,2,6827.67,0.05
I013343,O08023,P0486,1,7416.01,0.05
I013344,O08023,P0392,1,10129.56,0.05
I013345,O08024,P0222,1,6948.91,0.1
I013346,O08024,P0141,1,2669.4,0.1
I013347,O08025,P0437,2,9057.77,0.2
I013348,O08025,P0424,1,1099.43,0.2
I013349,O08026,P0315,1,8767.22,0.1
I013350,O08027,P0276,1,15791.95,0.15
I013351,O08027,P0126,1,12590.35,0.15
I013352,O08028,P0353,2,4627.28,0.25
I013353,O08028,P0391,1,16675.09,0.25
I013354,O08029,P0321,1,15173.01,0.1
I013355,O08029,P0066,2,4602.72,0.1
I013356,O08029,P0005,3,2113.83,0.1
I013357,O08030,P0233,1,9166.88,0.3
I013358,O08031,P0282,1,4087.36,0.05
I013359,O08031,P0196,1,3827.41,0.05
I013360,O08031,P0248,3,5481.12,0.05
I013361,O08032,P0205,1,15563.05,0.05
I013362,O08032,P0225,1,925.67,0.05
I013363,O08033,P0152,1,11257.85,0.15
I013364,O08034,P0302,1,10139.5,0.1
I013365,O08034,P0254,1,1468.59,0.1
I013366,O08034,P0303,1,15132.39,0.1
I013367,O08035,P0470,1,16384.1,0.05
I013368,O08035,P0128,3,11542.08,0.05
I013369,O08036,P0113,1,1476.37,0.05
I013370,O08037,P0295,2,12191.72,0.2
I013371,O08038,P0355,1,15161.64,0.1
I013372,O08039,P0226,1,1989.2,0.1
I013373,O08040,P0361,1,8061.24,0.1
I013374,O08040,P0384,1,21014.31,0.1
I013375,O08041,P0245,2,14211.09,0.05
I013376,O08042,P0194,2,4785.07,0.05
I013377,O08043,P0163,2,16537.01,0.0
I013378,O08043,P0084,2,10059.02,0.0
I013379,O08043,P0293,3,5390.99,0.0
I013380,O08044,P0359,2,17408.84,0.05
I013381,O08044,P0065,3,11896.67,0.05
I013382,O08045,P0315,2,8767.22,0.2
I013383,O08045,P0464,4,11639.56,0.2
I013384,O08045,P0440,1,10988.87,0.2
I013385,O08046,P0017,1,9858.5,0.1
I013386,O08047,P0406,1,1199.98,0.0
I013387,O08048,P0231,1,5606.43,0.15
I013388,O08049,P0167,1,2741.53,0.15
I013389,O08050,P0327,2,7197.89,0.15
I013390,O08050,P0020,1,16894.73,0.15
I013391,O08051,P0022,3,16227.09,0.1
I013392,O08052,P0118,2,11312.75,0.0
I013393,O08053,P0075,1,16717.1,0.05
I013394,O08054,P0080,1,8081.72,0.05
I013395,O08055,P0323,1,19857.8,0.0
I013396,O08055,P0205,1,15563.05,0.0
I013397,O08056,P0299,1,9253.96,0.0
I013398,O08057,P0318,2,18336.52,0.1
I013399,O08057,P0438,1,9736.72,0.1
I013400,O08058,P0154,5,13970.67,0.2
I013401,O08059,P0471,3,3362.5,0.25
I013402,O08059,P0029,2,7973.77,0.25
I013403,O08060,P0254,1,1468.59,0.15
I013404,O08061,P0056,1,5412.25,0.05
I013405,O08061,P0140,4,23423.37,0.05
I013406,O08061,P0183,1,208.22,0.05
I013407,O08062,P0059,1,7497.65,0.25
I013408,O08063,P0170,2,10734.0,0.25
I013409,O08064,P0153,4,6065.86,0.1
I013410,O08064,P0439,1,11309.42,0.1
I013411,O08065,P0341,2,9492.87,0.1
I013412,O08066,P0126,3,12590.35,0.05
I013413,O08067,P0306,1,20887.78,0.2
I013414,O08067,P0154,1,13970.67,0.2
I013415,O08068,P0199,1,13045.06,0.05
I013416,O08068,P0203,1,14797.26,0.05
I013417,O08069,P0010,2,8507.4,0.0
I013418,O08070,P0471,2,3362.5,0.1
I013419,O08071,P0157,1,1053.8,0.0
I013420,O08072,P0050,1,12181.9,0.1
I013421,O08072,P0478,2,24448.55,0.1
I013422,O08072,P0012,2,9210.89,0.1
I013423,O08072,P0375,1,1937.18,0.1
I013424,O08073,P0155,2,16173.54,0.1
I013425,O08073,P0159,1,12341.8,0.1
I013426,O08074,P0123,1,12283.66,0.15
I013427,O08075,P0221,1,9748.25,0.15
I013428,O08076,P0207,2,9618.99,0.15
I013429,O08077,P0373,1,8955.67,0.1
I013430,O08077,P0224,2,14337.8,0.1
I013431,O08077,P0158,1,9904.7,0.1
I013432,O08077,P0350,1,14181.21,0.1
I013433,O08078,P0099,1,11095.32,0.0
I013434,O08078,P0013,1,1067.21,0.0
I013435,O08079,P0403,3,10949.03,0.2
I013436,O08079,P0125,2,8357.18,0.2
I013437,O08080,P0027,1,6637.92,0.15
I013438,O08081,P0382,2,17253.16,0.15
I013439,O08081,P0253,1,10206.89,0.15
I013440,O08082,P0363,1,11446.48,0.25
I013441,O08083,P0045,1,5553.07,0.25
I013442,O08083,P0111,1,4168.73,0.25
I013443,O08084,P0197,1,5628.38,0.25
I013444,O08084,P0336,2,5532.6,0.25
I013445,O08084,P0421,1,3134.29,0.25
I013446,O08085,P0350,3,14181.21,0.05
I013447,O08086,P0053,1,11740.23,0.2
I013448,O08086,P0171,1,6118.98,0.2
I013449,O08086,P0414,3,3244.46,0.2
I013450,O08087,P0133,4,16221.29,0.25
I013451,O08088,P0373,3,8955.67,0.15
I013452,O08088,P0485,2,1818.67,0.15
I013453,O08089,P0404,3,7190.22,0.15
I013454,O08090,P0044,1,4750.75,0.2
I013455,O08091,P0167,1,2741.53,0.05
I013456,O08091,P0054,3,22196.9,0.05
I013457,O08092,P0126,1,12590.35,0.05
I013458,O08093,P0480,2,12036.43,0.1
I013459,O08094,P0145,1,5897.75,0.25
I013460,O08094,P0175,1,8354.48,0.25
I013461,O08095,P0461,1,6940.51,0.0
I013462,O08095,P0108,3,11560.22,0.0
I013463,O08096,P0068,1,658.18,0.1
I013464,O08096,P0377,1,7254.24,0.1
I013465,O08096,P0479,1,2007.3,0.1
I013466,O08097,P0050,1,12181.9,0.15
I013467,O08098,P0388,1,10509.73,0.15
I013468,O08099,P0143,1,2154.67,0.15
I013469,O08100,P0453,1,2027.99,0.05
I013470,O08101,P0211,2,12771.97,0.05
I013471,O08101,P0415,1,19105.92,0.05
I013472,O08101,P0377,1,7254.24,0.05
I013473,O08102,P0257,1,8094.05,0.2
I013474,O08102,P0032,1,12721.46,0.2
I013475,O08102,P0372,5,5715.65,0.2
I013476,O08103,P0318,1,18336.52,0.2
I013477,O08104,P0121,2,5223.81,0.05
I013478,O08104,P0194,1,4785.07,0.05
I013479,O08105,P0470,3,16384.1,0.1
I013480,O08106,P0115,3,10805.92,0.1
I013481,O08106,P0107,5,12811.73,0.1
I013482,O08107,P0045,5,5553.07,0.1
I013483,O08107,P0390,1,2477.97,0.1
I013484,O08107,P0188,1,6865.34,0.1
I013485,O08108,P0181,1,6969.81,0.2
I013486,O08109,P0281,1,8647.87,0.1
I013487,O08109,P0197,3,5628.38,0.1
I013488,O08109,P0087,1,5413.54,0.1
I013489,O08110,P0347,1,207.7,0.1
I013490,O08110,P0087,1,5413.54,0.1
I013491,O08110,P0383,1,5460.56,0.1
I013492,O08110,P0372,4,5715.65,0.1
I013493,O08111,P0462,1,8013.86,0.05
I013494,O08111,P0034,1,3767.39,0.05
I013495,O08112,P0140,3,23423.37,0.0
I013496,O08112,P0171,1,6118.98,0.0
I013497,O08113,P0238,1,16729.81,0.2
I013498,O08114,P0341,1,9492.87,0.15
I013499,O08114,P0386,2,7920.43,0.15
I013500,O08115,P0147,2,5903.16,0.0
I013501,O08115,P0430,1,14535.8,0.0
I013502,O08116,P0500,2,14456.78,0.05
I013503,O08117,P0258,2,5357.22,0.1
I013504,O08118,P0226,1,1989.2,0.05
I013505,O08119,P0393,1,1256.74,0.0
I013506,O08119,P0365,1,1546.12,0.0
I013507,O08120,P0186,2,14403.22,0.1
I013508,O08121,P0497,1,5343.08,0.05
I013509,O08122,P0266,1,6946.78,0.2
I013510,O08122,P0383,1,5460.56,0.2
I013511,O08123,P0461,1,6940.51,0.25
I013512,O08123,P0443,1,3024.24,0.25
I013513,O08124,P0388,4,10509.73,0.1
I013514,O08125,P0366,2,12694.5,0.15
I013515,O08125,P0442,2,12851.94,0.15
I013516,O08125,P0307,1,8542.99,0.15
I013517,O08126,P0411,1,9751.96,0.3
I013518,O08127,P0240,3,16345.25,0.05
I013519,O08128,P0107,5,12811.73,0.2
I013520,O08128,P0390,1,2477.97,0.2
I013521,O08129,P0049,2,10387.8,0.1
I013522,O08130,P0150,2,19657.29,0.05
I013523,O08131,P0105,5,10085.48,0.05
I013524,O08132,P0154,3,13970.67,0.15
I013525,O08132,P0150,1,19657.29,0.15
I013526,O08133,P0353,2,4627.28,0.25
I013527,O08134,P0412,2,14362.31,0.0
I013528,O08134,P0272,2,13853.17,0.0
I013529,O08134,P0433,2,11369.56,0.0
I013530,O08135,P0448,1,11150.05,0.1
I013531,O08136,P0284,2,9183.48,0.05
I013532,O08136,P0440,1,10988.87,0.05
I013533,O08136,P0046,2,15363.92,0.05
I013534,O08137,P0326,1,1200.34,0.05
I013535,O08138,P0235,3,17675.52,0.05
I013536,O08138,P0457,1,18511.82,0.05
I013537,O08139,P0256,3,10413.89,0.2
I013538,O08139,P0027,2,6637.92,0.2
I013539,O08139,P0005,1,2113.83,0.2
I013540,O08140,P0121,2,5223.81,0.05
I013541,O08141,P0488,1,6474.12,0.1
I013542,O08142,P0207,1,9618.99,0.05
I013543,O08142,P0131,2,2329.3,0.05
I013544,O08143,P0160,3,6251.25,0.1
I013545,O08144,P0406,1,1199.98,0.1
I013546,O08145,P0444,4,4611.38,0.05
I013547,O08146,P0089,4,21527.82,0.05
I013548,O08147,P0363,4,11446.48,0.05
I013549,O08148,P0032,2,12721.46,0.0
I013550,O08149,P0486,1,7416.01,0.0
I013551,O08149,P0490,1,17879.27,0.0
I013552,O08150,P0213,1,13682.03,0.3
I013553,O08151,P0035,2,10869.62,0.25
I013554,O08151,P0176,1,13983.62,0.25
I013555,O08151,P0456,1,5984.52,0.25
I013556,O08151,P0387,1,11008.74,0.25
I013557,O08152,P0379,5,4596.34,0.1
I013558,O08153,P0258,2,5357.22,0.05
I013559,O08153,P0058,1,10856.44,0.05
I013560,O08154,P0094,1,6917.65,0.05
I013561,O08155,P0444,1,4611.38,0.1
I013562,O08155,P0199,1,13045.06,0.1
I013563,O08156,P0126,2,12590.35,0.05
I013564,O08156,P0470,1,16384.1,0.05
I013565,O08156,P0105,1,10085.48,0.05
I013566,O08157,P0099,1,11095.32,0.15
I013567,O08157,P0085,3,14574.29,0.15
I013568,O08157,P0445,2,5378.95,0.15
I013569,O08158,P0171,1,6118.98,0.1
I013570,O08159,P0342,1,8867.09,0.25
I013571,O08159,P0449,1,3785.19,0.25
I013572,O08159,P0436,2,9847.38,0.25
I013573,O08160,P0399,1,9834.2,0.05
I013574,O08161,P0120,3,15630.4,0.0
I013575,O08162,P0060,2,10597.6,0.1
I013576,O08163,P0452,1,14623.62,0.3
I013577,O08164,P0276,2,15791.95,0.2
I013578,O08165,P0101,1,13448.78,0.0
I013579,O08166,P0490,2,17879.27,0.1
I013580,O08166,P0261,2,9413.55,0.1
I013581,O08166,P0411,1,9751.96,0.1
I013582,O08167,P0064,1,18152.26,0.1
I013583,O08167,P0442,2,12851.94,0.1
I013584,O08168,P0154,1,13970.67,0.15
I013585,O08169,P0428,2,15197.13,0.05
I013586,O08170,P0246,2,3212.48,0.05
I013587,O08171,P0200,2,9202.06,0.05
I013588,O08172,P0281,2,8647.87,0.05
I013589,O08172,P0094,1,6917.65,0.05
I013590,O08173,P0259,1,9091.06,0.0
I013591,O08174,P0454,1,13398.41,0.1
I013592,O08175,P0237,2,13454.07,0.1
I013593,O08175,P0054,1,22196.9,0.1
I013594,O08175,P0177,1,5666.47,0.1
I013595,O08176,P0432,2,1677.91,0.2
I013596,O08177,P0232,1,14966.59,0.15
I013597,O08177,P0041,3,11579.02,0.15
I013598,O08177,P0341,2,9492.87,0.15
I013599,O08178,P0395,1,16050.27,0.1
I013600,O08178,P0004,1,21658.55,0.1
I013601,O08179,P0084,1,10059.02,0.05
I013602,O08180,P0065,1,11896.67,0.15
I013603,O08180,P0403,2,10949.03,0.15
I013604,O08181,P0250,3,17490.25,0.2
I013605,O08181,P0248,1,5481.12,0.2
I013606,O08181,P0079,5,16242.79,0.2
I013607,O08181,P0423,1,13857.3,0.2
I013608,O08182,P0247,2,5866.18,0.1
I013609,O08182,P0396,1,6181.52,0.1
I013610,O08183,P0105,1,10085.48,0.1
I013611,O08184,P0068,1,658.18,0.15
I013612,O08184,P0196,1,3827.41,0.15
I013613,O08185,P0242,2,12806.32,0.1
I013614,O08186,P0272,3,13853.17,0.15
I013615,O08187,P0269,1,9853.0,0.05
I013616,O08188,P0259,1,9091.06,0.1
I013617,O08189,P0090,1,19317.51,0.0
I013618,O08190,P0182,2,7028.31,0.05
I013619,O08191,P0240,3,16345.25,0.25
I013620,O08191,P0203,1,14797.26,0.25
I013621,O08192,P0300,1,11744.09,0.1
I013622,O08193,P0138,1,9332.54,0.1
I013623,O08194,P0349,3,17040.15,0.1
I013624,O08194,P0403,1,10949.03,0.1
I013625,O08194,P0496,2,20624.48,0.1
I013626,O08195,P0297,1,14103.76,0.0
I013627,O08195,P0165,1,8775.25,0.0
I013628,O08196,P0358,2,17680.82,0.1
I013629,O08196,P0303,1,15132.39,0.1
I013630,O08196,P0188,3,6865.34,0.1
I013631,O08197,P0042,4,18369.63,0.0
I013632,O08197,P0342,1,8867.09,0.0
I013633,O08198,P0429,2,4623.76,0.2
I013634,O08199,P0170,1,10734.0,0.1
I013635,O08200,P0295,2,12191.72,0.05
I013636,O08200,P0061,2,9428.51,0.05
I013637,O08201,P0399,1,9834.2,0.1
I013638,O08202,P0308,1,10963.13,0.05
I013639,O08202,P0178,3,9447.65,0.05
I013640,O08203,P0033,1,2436.78,0.1
I013641,O08203,P0296,2,10086.41,0.1
I013642,O08204,P0219,4,1340.09,0.15
I013643,O08205,P0030,5,18850.92,0.1
I013644,O08205,P0268,1,21182.18,0.1
I013645,O08205,P0327,1,7197.89,0.1
I013646,O08205,P0440,4,10988.87,0.1
I013647,O08206,P0360,2,4434.75,0.2
I013648,O08207,P0130,1,5669.17,0.05
I013649,O08207,P0073,4,14367.83,0.05
I013650,O08208,P0482,1,16166.73,0.05
I013651,O08209,P0111,3,4168.73,0.15
I013652,O08209,P0061,4,9428.51,0.15
I013653,O08209,P0226,1,1989.2,0.15
I013654,O08209,P0263,2,12622.11,0.15
I013655,O08210,P0382,1,17253.16,0.15
I013656,O08211,P0058,2,10856.44,0.25
I013657,O08212,P0207,1,9618.99,0.1
I013658,O08213,P0414,1,3244.46,0.1
I013659,O08213,P0415,1,19105.92,0.1
I013660,O08213,P0128,2,11542.08,0.1
I013661,O08214,P0027,1,6637.92,0.1
I013662,O08215,P0469,1,12828.28,0.05
I013663,O08215,P0462,2,8013.86,0.05
I013664,O08216,P0365,2,1546.12,0.05
I013665,O08217,P0348,2,19194.75,0.05
I013666,O08217,P0280,4,19260.63,0.05
I013667,O08217,P0194,2,4785.07,0.05
I013668,O08218,P0052,1,22717.29,0.1
I013669,O08219,P0019,1,7331.38,0.2
I013670,O08220,P0414,1,3244.46,0.1
I013671,O08221,P0394,1,9719.2,0.1
I013672,O08222,P0322,2,179.06,0.0
I013673,O08223,P0239,2,10044.2,0.05
I013674,O08224,P0010,1,8507.4,0.2
I013675,O08225,P0062,1,2140.31,0.05
I013676,O08226,P0337,1,6259.83,0.2
I013677,O08227,P0402,2,5149.65,0.05
I013678,O08227,P0014,1,14738.4,0.05
I013679,O08228,P0089,1,21527.82,0.1
I013680,O08228,P0320,2,22881.56,0.1
I013681,O08229,P0273,1,1414.88,0.25
I013682,O08230,P0290,1,5856.65,0.1
I013683,O08230,P0169,1,5258.15,0.1
I013684,O08231,P0019,1,7331.38,0.05
I013685,O08232,P0114,2,2768.84,0.05
I013686,O08233,P0340,1,6540.28,0.0
I013687,O08233,P0280,1,19260.63,0.0
I013688,O08234,P0275,1,18205.93,0.0
I013689,O08234,P0013,1,1067.21,0.0
I013690,O08234,P0090,2,19317.51,0.0
I013691,O08235,P0203,1,14797.26,0.15
I013692,O08236,P0212,1,15959.35,0.15
I013693,O08236,P0181,1,6969.81,0.15
I013694,O08236,P0430,1,14535.8,0.15
I013695,O08237,P0250,1,17490.25,0.2
I013696,O08237,P0454,2,13398.41,0.2
I013697,O08238,P0249,3,11650.12,0.0
I013698,O08238,P0162,2,11199.84,0.0
I013699,O08239,P0040,2,10694.19,0.25
I013700,O08239,P0043,3,230.23,0.25
I013701,O08240,P0139,1,11137.68,0.1
I013702,O08240,P0060,3,10597.6,0.1
I013703,O08240,P0500,2,14456.78,0.1
I013704,O08241,P0099,1,11095.32,0.0
I013705,O08242,P0114,1,2768.84,0.0
I013706,O08242,P0404,1,7190.22,0.0
I013707,O08242,P0259,2,9091.06,0.0
I013708,O08242,P0284,1,9183.48,0.0
I013709,O08243,P0128,1,11542.08,0.1
I013710,O08243,P0315,2,8767.22,0.1
I013711,O08243,P0125,1,8357.18,0.1
I013712,O08244,P0362,1,7754.84,0.05
I013713,O08245,P0211,1,12771.97,0.05
I013714,O08246,P0257,2,8094.05,0.0
I013715,O08247,P0480,1,12036.43,0.1
I013716,O08247,P0253,1,10206.89,0.1
I013717,O08247,P0319,1,17097.24,0.1
I013718,O08248,P0187,2,6663.59,0.0
I013719,O08249,P0195,1,18266.79,0.0
I013720,O08250,P0104,5,389.71,0.0
I013721,O08250,P0183,1,208.22,0.0
I013722,O08251,P0146,1,12538.22,0.0
I013723,O08252,P0183,1,208.22,0.0
I013724,O08252,P0129,4,15750.63,0.0
I013725,O08253,P0138,3,9332.54,0.1
I013726,O08254,P0419,1,11206.88,0.05
I013727,O08254,P0266,1,6946.78,0.05
I013728,O08255,P0247,1,5866.18,0.0
I013729,O08256,P0263,1,12622.11,0.0
I013730,O08257,P0293,4,5390.99,0.0
I013731,O08257,P0327,2,7197.89,0.0
I013732,O08257,P0352,1,10103.59,0.0
I013733,O08258,P0006,2,12139.02,0.15
I013734,O08259,P0064,3,18152.26,0.1
I013735,O08259,P0500,1,14456.78,0.1
I013736,O08260,P0120,2,15630.4,0.1
I013737,O08260,P0232,2,14966.59,0.1
I013738,O08261,P0120,1,15630.4,0.2
I013739,O08261,P0491,1,14558.18,0.2
I013740,O08262,P0021,2,18265.35,0.0
I013741,O08263,P0282,1,4087.36,0.0
I013742,O08263,P0383,2,5460.56,0.0
I013743,O08264,P0137,1,2945.06,0.1
I013744,O08265,P0123,1,12283.66,0.05
I013745,O08265,P0168,5,11374.5,0.05
I013746,O08266,P0131,1,2329.3,0.1
I013747,O08267,P0036,1,22992.46,0.2
I013748,O08268,P0269,3,9853.0,0.1
I013749,O08269,P0332,1,9365.5,0.0
I013750,O08270,P0062,3,2140.31,0.15
I013751,O08270,P0351,2,6684.2,0.15
I013752,O08270,P0489,2,16108.48,0.15
I013753,O08271,P0420,5,5156.99,0.05
I013754,O08272,P0257,1,8094.05,0.15
I013755,O08273,P0109,1,7019.11,0.0
I013756,O08274,P0136,2,10051.62,0.05
I013757,O08274,P0048,3,881.87,0.05
I013758,O08275,P0297,1,14103.76,0.0
I013759,O08276,P0033,1,2436.78,0.05
I013760,O08277,P0223,1,12111.39,0.1
I013761,O08278,P0181,1,6969.81,0.05
I013762,O08278,P0224,2,14337.8,0.05
I013763,O08278,P0357,1,4004.54,0.05
I013764,O08278,P0047,2,3795.44,0.05
I013765,O08279,P0103,2,9874.02,0.0
I013766,O08279,P0194,2,4785.07,0.0
I013767,O08280,P0148,2,3827.6,0.0
I013768,O08281,P0406,1,1199.98,0.1
I013769,O08282,P0492,2,13278.61,0.0
I013770,O08283,P0143,1,2154.67,0.15
I013771,O08284,P0089,1,21527.82,0.05
I013772,O08284,P0297,1,14103.76,0.05
I013773,O08285,P0320,2,22881.56,0.05
I013774,O08286,P0036,5,22992.46,0.1
I013775,O08286,P0438,1,9736.72,0.1
I013776,O08286,P0325,1,883.29,0.1
I013777,O08287,P0317,2,14355.69,0.1
I013778,O08287,P0263,1,12622.11,0.1
I013779,O08288,P0006,2,12139.02,0.3
I013780,O08289,P0289,1,5068.21,0.0
I013781,O08290,P0451,1,18517.71,0.2
I013782,O08291,P0260,2,9638.98,0.1
I013783,O08292,P0152,1,11257.85,0.2
I013784,O08293,P0133,3,16221.29,0.15
I013785,O08294,P0419,1,11206.88,0.15
I013786,O08295,P0432,1,1677.91,0.15
I013787,O08295,P0317,2,14355.69,0.15
I013788,O08296,P0321,4,15173.01,0.0
I013789,O08297,P0175,1,8354.48,0.2
I013790,O08298,P0098,1,18024.33,0.15
I013791,O08299,P0225,2,925.67,0.25
I013792,O08299,P0285,2,11518.27,0.25
I013793,O08300,P0147,1,5903.16,0.0
I013794,O08301,P0328,3,15667.69,0.25
I013795,O08301,P0144,1,5083.64,0.25
I013796,O08302,P0245,1,14211.09,0.2
I013797,O08303,P0046,1,15363.92,0.05
I013798,O08303,P0336,2,5532.6,0.05
I013799,O08304,P0171,3,6118.98,0.0
I013800,O08304,P0395,4,16050.27,0.0
I013801,O08305,P0364,2,20513.3,0.1
I013802,O08306,P0308,3,10963.13,0.15
I013803,O08306,P0018,2,8521.23,0.15
I013804,O08306,P0108,1,11560.22,0.15
I013805,O08307,P0110,2,239.19,0.15
I013806,O08307,P0337,1,6259.83,0.15
I013807,O08308,P0265,1,16102.0,0.2
I013808,O08308,P0056,1,5412.25,0.2
I013809,O08308,P0154,1,13970.67,0.2
I013810,O08309,P0248,2,5481.12,0.1
I013811,O08310,P0200,2,9202.06,0.05
I013812,O08310,P0409,1,8257.04,0.05
I013813,O08310,P0446,1,18710.12,0.05
I013814,O08311,P0083,1,7026.05,0.2
I013815,O08312,P0293,1,5390.99,0.1
I013816,O08313,P0256,2,10413.89,0.1
I013817,O08313,P0158,2,9904.7,0.1
I013818,O08314,P0404,2,7190.22,0.1
I013819,O08314,P0042,1,18369.63,0.1
I013820,O08315,P0098,2,18024.33,0.2
I013821,O08315,P0332,1,9365.5,0.2
I013822,O08315,P0110,5,239.19,0.2
I013823,O08316,P0089,2,21527.82,0.25
I013824,O08317,P0151,3,8069.27,0.0
I013825,O08317,P0299,4,9253.96,0.0
I013826,O08318,P0180,1,5738.9,0.0
I013827,O08318,P0159,1,12341.8,0.0
I013828,O08318,P0354,4,749.54,0.0
I013829,O08318,P0036,2,22992.46,0.0
I013830,O08319,P0138,2,9332.54,0.05
I013831,O08319,P0392,2,10129.56,0.05
I013832,O08319,P0287,2,11017.89,0.05
I013833,O08320,P0493,1,17331.35,0.2
I013834,O08320,P0274,1,16208.88,0.2
I013835,O08321,P0485,2,1818.67,0.1
I013836,O08321,P0146,1,12538.22,0.1
I013837,O08321,P0182,2,7028.31,0.1
I013838,O08322,P0399,1,9834.2,0.0
I013839,O08322,P0276,2,15791.95,0.0
I013840,O08322,P0491,2,14558.18,0.0
I013841,O08323,P0177,1,5666.47,0.1
I013842,O08324,P0116,1,14318.59,0.1
I013843,O08325,P0229,1,971.19,0.0
I013844,O08325,P0166,2,4299.84,0.0
I013845,O08325,P0426,2,17258.9,0.0
I013846,O08325,P0382,1,17253.16,0.0
I013847,O08326,P0058,1,10856.44,0.0
I013848,O08326,P0281,1,8647.87,0.0
I013849,O08327,P0266,1,6946.78,0.0
I013850,O08328,P0072,1,8074.69,0.1
I013851,O08328,P0093,1,11807.43,0.1
I013852,O08329,P0300,2,11744.09,0.1
I013853,O08330,P0151,3,8069.27,0.1
I013854,O08331,P0098,1,18024.33,0.1
I013855,O08331,P0071,1,1222.75,0.1
I013856,O08332,P0278,2,4045.44,0.1
I013857,O08333,P0289,1,5068.21,0.15
I013858,O08333,P0450,4,2255.15,0.15
I013859,O08333,P0051,2,13023.34,0.15
I013860,O08333,P0244,2,6694.24,0.15
I013861,O08334,P0319,1,17097.24,0.25
I013862,O08334,P0402,2,5149.65,0.25
I013863,O08334,P0086,1,12651.01,0.25
I013864,O08335,P0322,1,179.06,0.1
I013865,O08335,P0402,1,5149.65,0.1
I013866,O08336,P0333,2,16891.72,0.05
I013867,O08337,P0291,1,8891.78,0.25
I013868,O08338,P0263,1,12622.11,0.0
I013869,O08338,P0381,1,1646.42,0.0
I013870,O08339,P0377,1,7254.24,0.05
I013871,O08339,P0196,1,3827.41,0.05
I013872,O08340,P0155,1,16173.54,0.2
I013873,O08341,P0324,3,2232.66,0.25
I013874,O08341,P0005,1,2113.83,0.25
I013875,O08342,P0085,3,14574.29,0.1
I013876,O08342,P0304,2,5766.34,0.1
I013877,O08343,P0440,1,10988.87,0.0
I013878,O08344,P0091,1,5800.05,0.1
I013879,O08345,P0216,2,4253.32,0.25
I013880,O08345,P0245,1,14211.09,0.25
I013881,O08345,P0018,1,8521.23,0.25
I013882,O08346,P0403,1,10949.03,0.2
I013883,O08347,P0273,1,1414.88,0.2
I013884,O08348,P0091,1,5800.05,0.05
I013885,O08349,P0411,2,9751.96,0.2
I013886,O08350,P0379,4,4596.34,0.15
I013887,O08351,P0241,1,9473.89,0.2
I013888,O08351,P0461,1,6940.51,0.2
I013889,O08352,P0238,1,16729.81,0.1
I013890,O08352,P0170,2,10734.0,0.1
I013891,O08353,P0417,1,7877.14,0.05
I013892,O08354,P0244,1,6694.24,0.1
I013893,O08354,P0027,1,6637.92,0.1
I013894,O08355,P0274,2,16208.88,0.05
I013895,O08356,P0159,1,12341.8,0.0
I013896,O08356,P0428,4,15197.13,0.0
I013897,O08357,P0291,2,8891.78,0.15
I013898,O08357,P0303,2,15132.39,0.15
I013899,O08357,P0008,1,404.42,0.15
I013900,O08358,P0349,1,17040.15,0.2
I013901,O08359,P0103,1,9874.02,0.15
I013902,O08360,P0217,1,2504.14,0.05
I013903,O08361,P0498,2,1038.57,0.0
I013904,O08361,P0347,2,207.7,0.0
I013905,O08362,P0238,2,16729.81,0.0
I013906,O08363,P0386,1,7920.43,0.1
I013907,O08363,P0306,2,20887.78,0.1
I013908,O08364,P0322,1,179.06,0.05
I013909,O08365,P0303,3,15132.39,0.2
I013910,O08366,P0472,1,6339.28,0.1
I013911,O08367,P0452,1,14623.62,0.1
I013912,O08367,P0484,2,14051.85,0.1
I013913,O08368,P0376,2,21096.71,0.2
I013914,O08368,P0497,2,5343.08,0.2
I013915,O08368,P0222,4,6948.91,0.2
I013916,O08369,P0447,4,13008.01,0.0
I013917,O08369,P0199,1,13045.06,0.0
I013918,O08369,P0475,2,6070.94,0.0
I013919,O08370,P0171,4,6118.98,0.2
I013920,O08370,P0127,2,12125.3,0.2
I013921,O08370,P0395,1,16050.27,0.2
I013922,O08371,P0165,2,8775.25,0.15
I013923,O08371,P0361,1,8061.24,0.15
I013924,O08372,P0138,1,9332.54,0.15
I013925,O08373,P0209,1,17935.22,0.0
I013926,O08374,P0282,3,4087.36,0.0
I013927,O08374,P0167,1,2741.53,0.0
I013928,O08375,P0331,2,7610.91,0.0
I013929,O08376,P0482,2,16166.73,0.05
I013930,O08377,P0408,2,12252.4,0.1
I013931,O08378,P0255,1,2178.42,0.0
I013932,O08379,P0460,4,1760.09,0.05
I013933,O08380,P0446,1,18710.12,0.05
I013934,O08381,P0464,1,11639.56,0.15
I013935,O08381,P0299,2,9253.96,0.15
I013936,O08382,P0068,2,658.18,0.05
I013937,O08383,P0272,1,13853.17,0.05
I013938,O08384,P0048,2,881.87,0.0
I013939,O08385,P0277,1,14027.28,0.0
I013940,O08386,P0433,1,11369.56,0.1
I013941,O08387,P0467,1,7857.91,0.1
I013942,O08387,P0473,1,731.76,0.1
I013943,O08388,P0113,1,1476.37,0.15
I013944,O08389,P0374,3,20293.37,0.1
I013945,O08389,P0030,1,18850.92,0.1
I013946,O08390,P0482,1,16166.73,0.05
I013947,O08391,P0234,2,6819.79,0.05
I013948,O08392,P0321,1,15173.01,0.15
I013949,O08393,P0044,1,4750.75,0.1
I013950,O08394,P0478,1,24448.55,0.0
I013951,O08395,P0111,1,4168.73,0.0
I013952,O08396,P0158,2,9904.7,0.05
I013953,O08397,P0469,1,12828.28,0.15
I013954,O08398,P0429,1,4623.76,0.15
I013955,O08399,P0372,1,5715.65,0.0
I013956,O08400,P0243,1,5300.75,0.1
I013957,O08401,P0063,1,17989.43,0.0
I013958,O08402,P0282,1,4087.36,0.1
I013959,O08403,P0028,4,2327.59,0.0
I013960,O08404,P0186,1,14403.22,0.15
I013961,O08404,P0165,1,8775.25,0.15
I013962,O08404,P0490,2,17879.27,0.15
I013963,O08405,P0297,1,14103.76,0.1
I013964,O08405,P0282,2,4087.36,0.1
I013965,O08406,P0386,1,7920.43,0.05
I013966,O08407,P0164,1,744.63,0.3
I013967,O08408,P0243,3,5300.75,0.1
I013968,O08408,P0323,2,19857.8,0.1
I013969,O08409,P0003,5,14157.19,0.05
I013970,O08410,P0172,1,13856.39,0.05
I013971,O08411,P0101,2,13448.78,0.2
I013972,O08411,P0242,2,12806.32,0.2
I013973,O08412,P0153,1,6065.86,0.05
I013974,O08412,P0372,2,5715.65,0.05
I013975,O08413,P0186,1,14403.22,0.05
I013976,O08414,P0252,1,18803.98,0.1
I013977,O08414,P0069,3,6827.67,0.1
I013978,O08415,P0246,1,3212.48,0.05
I013979,O08415,P0212,4,15959.35,0.05
I013980,O08416,P0296,1,10086.41,0.05
I013981,O08416,P0431,1,7800.63,0.05
I013982,O08417,P0485,1,1818.67,0.1
I013983,O08417,P0395,2,16050.27,0.1
I013984,O08417,P0146,1,12538.22,0.1
I013985,O08418,P0061,1,9428.51,0.2
I013986,O08419,P0226,2,1989.2,0.2
I013987,O08420,P0241,1,9473.89,0.15
I013988,O08420,P0465,1,7131.53,0.15
I013989,O08421,P0051,4,13023.34,0.1
I013990,O08421,P0251,3,13718.51,0.1
I013991,O08422,P0055,1,18288.33,0.0
I013992,O08423,P0065,1,11896.67,0.1
I013993,O08424,P0426,1,17258.9,0.25
I013994,O08424,P0118,1,11312.75,0.25
I013995,O08425,P0094,1,6917.65,0.2
I013996,O08425,P0426,2,17258.9,0.2
I013997,O08426,P0468,1,17686.56,0.0
I013998,O08427,P0304,2,5766.34,0.25
I013999,O08428,P0056,4,5412.25,0.05
I014000,O08428,P0308,2,10963.13,0.05
I014001,O08429,P0137,1,2945.06,0.0
I014002,O08430,P0119,3,14136.98,0.05
I014003,O08430,P0257,3,8094.05,0.05
I014004,O08431,P0358,1,17680.82,0.0
I014005,O08432,P0200,1,9202.06,0.05
I014006,O08433,P0072,1,8074.69,0.05
I014007,O08434,P0398,1,15186.38,0.1
I014008,O08435,P0046,3,15363.92,0.1
I014009,O08435,P0047,1,3795.44,0.1
I014010,O08436,P0300,3,11744.09,0.1
I014011,O08437,P0110,1,239.19,0.05
I014012,O08438,P0408,1,12252.4,0.25
I014013,O08438,P0435,1,11265.94,0.25
I014014,O08439,P0232,4,14966.59,0.05
I014015,O08440,P0138,1,9332.54,0.1
I014016,O08440,P0372,1,5715.65,0.1
I014017,O08440,P0035,3,10869.62,0.1
I014018,O08441,P0285,1,11518.27,0.1
I014019,O08442,P0104,1,389.71,0.0
I014020,O08443,P0497,1,5343.08,0.1
I014021,O08443,P0389,1,10740.24,0.1
I014022,O08444,P0362,1,7754.84,0.05
I014023,O08444,P0383,1,5460.56,0.05
I014024,O08444,P0143,2,2154.67,0.05
I014025,O08444,P0373,1,8955.67,0.05
I014026,O08445,P0367,2,14116.53,0.0
I014027,O08445,P0309,2,879.52,0.0
I014028,O08445,P0038,1,13981.96,0.0
I014029,O08445,P0383,1,5460.56,0.0
I014030,O08446,P0322,2,179.06,0.15
I014031,O08447,P0489,1,16108.48,0.15
I014032,O08447,P0209,1,17935.22,0.15
I014033,O08448,P0302,2,10139.5,0.05
I014034,O08448,P0439,1,11309.42,0.05
I014035,O08448,P0261,1,9413.55,0.05
I014036,O08449,P0193,2,3841.48,0.05
I014037,O08449,P0156,1,17438.42,0.05
I014038,O08449,P0474,1,2142.32,0.05
I014039,O08449,P0106,1,5470.36,0.05
I014040,O08450,P0216,3,4253.32,0.2
I014041,O08451,P0157,1,1053.8,0.05
I014042,O08452,P0455,1,6841.97,0.2
I014043,O08452,P0010,2,8507.4,0.2
I014044,O08453,P0244,3,6694.24,0.0
I014045,O08453,P0393,2,1256.74,0.0
I014046,O08454,P0346,4,17166.81,0.2
I014047,O08454,P0190,2,4813.84,0.2
I014048,O08455,P0271,4,10464.94,0.1
I014049,O08456,P0464,1,11639.56,0.15
I014050,O08456,P0292,1,21583.15,0.15
I014051,O08456,P0153,1,6065.86,0.15
I014052,O08457,P0060,1,10597.6,0.0
I014053,O08458,P0037,2,5389.2,0.1
I014054,O08459,P0405,3,10874.23,0.1
I014055,O08459,P0214,1,3598.9,0.1
I014056,O08460,P0447,1,13008.01,0.1
I014057,O08460,P0313,1,15225.55,0.1
I014058,O08461,P0001,2,12680.89,0.1
I014059,O08461,P0237,2,13454.07,0.1
I014060,O08461,P0394,2,9719.2,0.1
I014061,O08461,P0363,1,11446.48,0.1
I014062,O08462,P0027,3,6637.92,0.05
I014063,O08463,P0077,2,10405.98,0.1
I014064,O08464,P0307,1,8542.99,0.05
I014065,O08465,P0464,1,11639.56,0.15
I014066,O08466,P0236,2,13763.86,0.2
I014067,O08467,P0237,3,13454.07,0.0
I014068,O08468,P0143,3,2154.67,0.05
I014069,O08469,P0004,1,21658.55,0.05
I014070,O08470,P0166,2,4299.84,0.25
I014071,O08471,P0299,3,9253.96,0.1
I014072,O08471,P0363,1,11446.48,0.1
I014073,O08472,P0318,1,18336.52,0.0
I014074,O08472,P0121,1,5223.81,0.0
I014075,O08472,P0449,3,3785.19,0.0
I014076,O08473,P0283,2,10933.03,0.05
I014077,O08473,P0494,1,9857.51,0.05
I014078,O08474,P0117,1,5812.89,0.1
I014079,O08475,P0124,1,15514.19,0.1
I014080,O08476,P0425,1,3871.16,0.05
I014081,O08477,P0056,1,5412.25,0.1
I014082,O08477,P0223,1,12111.39,0.1
I014083,O08477,P0234,1,6819.79,0.1
I014084,O08477,P0375,1,1937.18,0.1
I014085,O08478,P0255,2,2178.42,0.15
I014086,O08479,P0370,3,12293.71,0.15
I014087,O08480,P0082,2,8524.01,0.0
I014088,O08481,P0339,2,8938.6,0.2
I014089,O08481,P0472,1,6339.28,0.2
I014090,O08482,P0226,1,1989.2,0.05
I014091,O08482,P0256,1,10413.89,0.05
I014092,O08483,P0498,4,1038.57,0.1
I014093,O08483,P0118,1,11312.75,0.1
I014094,O08483,P0381,2,1646.42,0.1
I014095,O08484,P0331,1,7610.91,0.15
I014096,O08485,P0020,1,16894.73,0.1
I014097,O08485,P0099,1,11095.32,0.1
I014098,O08485,P0097,2,16913.36,0.1
I014099,O08485,P0137,2,2945.06,0.1
I014100,O08486,P0332,2,9365.5,0.1
I014101,O08486,P0150,2,19657.29,0.1
I014102,O08487,P0481,1,1854.72,0.1
I014103,O08487,P0406,2,1199.98,0.1
I014104,O08487,P0183,2,208.22,0.1
I014105,O08488,P0182,1,7028.31,0.05
I014106,O08488,P0362,2,7754.84,0.05
I014107,O08489,P0148,5,3827.6,0.1
I014108,O08489,P0109,3,7019.11,0.1
I014109,O08489,P0393,1,1256.74,0.1
I014110,O08489,P0291,1,8891.78,0.1
I014111,O08490,P0136,2,10051.62,0.05
I014112,O08491,P0093,1,11807.43,0.1
I014113,O08492,P0113,2,1476.37,0.05
I014114,O08492,P0258,1,5357.22,0.05
I014115,O08492,P0079,3,16242.79,0.05
I014116,O08493,P0392,1,10129.56,0.0
I014117,O08494,P0495,1,3120.64,0.15
I014118,O08494,P0312,2,8312.33,0.15
I014119,O08495,P0101,4,13448.78,0.0
I014120,O08495,P0216,2,4253.32,0.0
I014121,O08495,P0346,1,17166.81,0.0
I014122,O08496,P0034,1,3767.39,0.2
I014123,O08497,P0165,1,8775.25,0.05
I014124,O08498,P0499,2,2390.13,0.05
I014125,O08498,P0271,1,10464.94,0.05
I014126,O08498,P0285,2,11518.27,0.05
I014127,O08499,P0189,2,1077.94,0.1
I014128,O08499,P0186,2,14403.22,0.1
I014129,O08500,P0346,2,17166.81,0.0
I014130,O08501,P0043,2,230.23,0.2
I014131,O08502,P0218,1,10519.23,0.0
I014132,O08503,P0342,1,8867.09,0.1
I014133,O08504,P0144,3,5083.64,0.0
I014134,O08505,P0272,5,13853.17,0.0
I014135,O08505,P0096,1,7114.07,0.0
I014136,O08505,P0226,1,1989.2,0.0
I014137,O08506,P0368,2,19421.03,0.15
I014138,O08506,P0494,1,9857.51,0.15
I014139,O08506,P0168,1,11374.5,0.15
I014140,O08507,P0090,1,19317.51,0.1
I014141,O08508,P0282,1,4087.36,0.0
I014142,O08509,P0180,2,5738.9,0.2
I014143,O08509,P0111,1,4168.73,0.2
I014144,O08509,P0145,1,5897.75,0.2
I014145,O08510,P0110,1,239.19,0.05
I014146,O08511,P0497,2,5343.08,0.1
I014147,O08512,P0493,1,17331.35,0.1
I014148,O08513,P0421,1,3134.29,0.05
I014149,O08514,P0359,1,17408.84,0.1
I014150,O08514,P0220,2,4537.91,0.1
I014151,O08514,P0259,2,9091.06,0.1
I014152,O08515,P0130,2,5669.17,0.05
I014153,O08515,P0001,1,12680.89,0.05
I014154,O08515,P0283,1,10933.03,0.05
I014155,O08516,P0485,1,1818.67,0.2
I014156,O08516,P0071,3,1222.75,0.2
I014157,O08517,P0480,1,12036.43,0.2
I014158,O08517,P0030,1,18850.92,0.2
I014159,O08517,P0101,1,13448.78,0.2
I014160,O08518,P0405,1,10874.23,0.1
I014161,O08519,P0411,2,9751.96,0.1
I014162,O08520,P0467,1,7857.91,0.3
I014163,O08520,P0010,3,8507.4,0.3
I014164,O08521,P0372,1,5715.65,0.15
I014165,O08521,P0495,4,3120.64,0.15
I014166,O08521,P0365,1,1546.12,0.15
I014167,O08522,P0406,1,1199.98,0.0
I014168,O08523,P0153,2,6065.86,0.0
I014169,O08523,P0465,2,7131.53,0.0
I014170,O08524,P0261,2,9413.55,0.1
I014171,O08524,P0217,4,2504.14,0.1
I014172,O08525,P0183,1,208.22,0.05
I014173,O08526,P0238,5,16729.81,0.15
I014174,O08527,P0489,1,16108.48,0.1
I014175,O08528,P0459,1,15147.66,0.3
I014176,O08529,P0331,3,7610.91,0.0
I014177,O08530,P0142,1,7546.26,0.1
I014178,O08530,P0251,1,13718.51,0.1
I014179,O08531,P0430,1,14535.8,0.1
I014180,O08532,P0333,1,16891.72,0.1
I014181,O08533,P0406,1,1199.98,0.2
I014182,O08534,P0439,2,11309.42,0.1
I014183,O08534,P0407,1,775.43,0.1
I014184,O08534,P0110,1,239.19,0.1
I014185,O08535,P0333,4,16891.72,0.15
I014186,O08535,P0462,1,8013.86,0.15
I014187,O08535,P0041,1,11579.02,0.15
I014188,O08536,P0323,2,19857.8,0.1
I014189,O08536,P0406,4,1199.98,0.1
I014190,O08537,P0153,1,6065.86,0.1
I014191,O08538,P0263,1,12622.11,0.15
I014192,O08539,P0108,1,11560.22,0.05
I014193,O08540,P0317,2,14355.69,0.0
I014194,O08540,P0393,1,1256.74,0.0
I014195,O08541,P0009,1,10894.67,0.25
I014196,O08541,P0057,1,14313.59,0.25
I014197,O08542,P0403,1,10949.03,0.05
I014198,O08543,P0206,2,13942.45,0.05
I014199,O08544,P0321,1,15173.01,0.05
I014200,O08545,P0169,1,5258.15,0.1
I014201,O08546,P0222,1,6948.91,0.3
I014202,O08547,P0453,2,2027.99,0.2
I014203,O08548,P0051,1,13023.34,0.1
I014204,O08548,P0332,2,9365.5,0.1
I014205,O08549,P0246,1,3212.48,0.2
I014206,O08549,P0073,1,14367.83,0.2
I014207,O08549,P0187,2,6663.59,0.2
I014208,O08550,P0315,1,8767.22,0.1
I014209,O08551,P0479,2,2007.3,0.0
I014210,O08552,P0181,1,6969.81,0.05
I014211,O08553,P0286,3,8678.82,0.05
I014212,O08554,P0132,1,8762.43,0.2
I014213,O08554,P0368,1,19421.03,0.2
I014214,O08554,P0313,1,15225.55,0.2
I014215,O08555,P0031,1,10837.07,0.25
I014216,O08555,P0328,1,15667.69,0.25
I014217,O08556,P0292,1,21583.15,0.05
I014218,O08556,P0311,1,13470.81,0.05
I014219,O08556,P0302,1,10139.5,0.05
I014220,O08557,P0020,2,16894.73,0.1
I014221,O08558,P0303,1,15132.39,0.3
I014222,O08559,P0090,1,19317.51,0.2
I014223,O08560,P0340,1,6540.28,0.1
I014224,O08561,P0060,1,10597.6,0.1
I014225,O08561,P0443,1,3024.24,0.1
I014226,O08562,P0422,1,6180.37,0.2
I014227,O08563,P0375,3,1937.18,0.0
I014228,O08564,P0063,1,17989.43,0.25
I014229,O08564,P0017,2,9858.5,0.25
I014230,O08565,P0328,1,15667.69,0.0
I014231,O08566,P0286,1,8678.82,0.2
I014232,O08566,P0159,3,12341.8,0.2
I014233,O08567,P0237,1,13454.07,0.0
I014234,O08568,P0237,1,13454.07,0.25
I014235,O08568,P0476,4,1078.88,0.25
I014236,O08569,P0271,1,10464.94,0.0
I014237,O08569,P0494,2,9857.51,0.0
I014238,O08570,P0169,1,5258.15,0.25
I014239,O08570,P0372,1,5715.65,0.25
I014240,O08570,P0405,1,10874.23,0.25
I014241,O08571,P0072,4,8074.69,0.0
I014242,O08571,P0071,1,1222.75,0.0
I014243,O08571,P0409,1,8257.04,0.0
I014244,O08572,P0386,1,7920.43,0.0
I014245,O08573,P0233,1,9166.88,0.25
I014246,O08573,P0153,1,6065.86,0.25
I014247,O08574,P0408,2,12252.4,0.15
I014248,O08574,P0159,2,12341.8,0.15
I014249,O08575,P0404,1,7190.22,0.2
I014250,O08575,P0038,1,13981.96,0.2
I014251,O08576,P0389,1,10740.24,0.1
I014252,O08576,P0234,1,6819.79,0.1
I014253,O08576,P0357,1,4004.54,0.1
I014254,O08576,P0299,1,9253.96,0.1
I014255,O08577,P0411,2,9751.96,0.0
I014256,O08578,P0402,1,5149.65,0.0
I014257,O08578,P0263,2,12622.11,0.0
I014258,O08579,P0212,1,15959.35,0.25
I014259,O08579,P0388,5,10509.73,0.25
I014260,O08580,P0159,3,12341.8,0.05
I014261,O08581,P0334,2,5599.91,0.15
I014262,O08581,P0115,1,10805.92,0.15
I014263,O08582,P0070,1,3923.76,0.15
I014264,O08583,P0059,2,7497.65,0.1
I014265,O08583,P0299,1,9253.96,0.1
I014266,O08584,P0232,1,14966.59,0.2
I014267,O08584,P0307,2,8542.99,0.2
I014268,O08585,P0177,1,5666.47,0.15
I014269,O08586,P0125,1,8357.18,0.15
I014270,O08586,P0265,2,16102.0,0.15
I014271,O08587,P0397,1,18087.88,0.2
I014272,O08587,P0038,1,13981.96,0.2
I014273,O08587,P0426,5,17258.9,0.2
I014274,O08588,P0156,1,17438.42,0.05
I014275,O08588,P0330,1,621.58,0.05
I014276,O08589,P0138,1,9332.54,0.05
I014277,O08589,P0119,1,14136.98,0.05
I014278,O08589,P0270,3,15544.12,0.05
I014279,O08590,P0425,5,3871.16,0.15
I014280,O08591,P0402,2,5149.65,0.2
I014281,O08591,P0032,3,12721.46,0.2
I014282,O08591,P0193,2,3841.48,0.2
I014283,O08592,P0160,3,6251.25,0.1
I014284,O08592,P0486,3,7416.01,0.1
I014285,O08592,P0057,2,14313.59,0.1
I014286,O08593,P0361,3,8061.24,0.3
I014287,O08594,P0356,1,17911.43,0.2
I014288,O08595,P0423,1,13857.3,0.15
I014289,O08595,P0041,1,11579.02,0.15
I014290,O08596,P0341,1,9492.87,0.05
I014291,O08597,P0071,3,1222.75,0.05
I014292,O08597,P0361,5,8061.24,0.05
I014293,O08597,P0321,1,15173.01,0.05
I014294,O08597,P0119,1,14136.98,0.05
I014295,O08598,P0280,2,19260.63,0.05
I014296,O08599,P0119,5,14136.98,0.0
I014297,O08600,P0271,1,10464.94,0.15
I014298,O08600,P0174,2,14241.6,0.15
I014299,O08601,P0165,1,8775.25,0.1
I014300,O08602,P0288,1,16170.77,0.1
I014301,O08602,P0462,1,8013.86,0.1
I014302,O08602,P0363,2,11446.48,0.1
I014303,O08602,P0016,1,4929.52,0.1
I014304,O08603,P0366,2,12694.5,0.15
I014305,O08603,P0297,2,14103.76,0.15
I014306,O08604,P0069,1,6827.67,0.0
I014307,O08605,P0381,3,1646.42,0.0
I014308,O08605,P0138,1,9332.54,0.0
I014309,O08606,P0350,2,14181.21,0.05
I014310,O08606,P0328,3,15667.69,0.05
I014311,O08607,P0363,1,11446.48,0.15
I014312,O08608,P0121,1,5223.81,0.1
I014313,O08609,P0456,1,5984.52,0.25
I014314,O08609,P0197,3,5628.38,0.25
I014315,O08609,P0191,1,14335.92,0.25
I014316,O08610,P0445,1,5378.95,0.05
I014317,O08610,P0310,2,6739.9,0.05
I014318,O08610,P0027,1,6637.92,0.05
I014319,O08611,P0484,2,14051.85,0.0
I014320,O08611,P0233,1,9166.88,0.0
I014321,O08611,P0261,1,9413.55,0.0
I014322,O08611,P0203,1,14797.26,0.0
I014323,O08612,P0200,1,9202.06,0.0
I014324,O08613,P0412,2,14362.31,0.05
I014325,O08613,P0177,2,5666.47,0.05
I014326,O08614,P0241,1,9473.89,0.05
I014327,O08614,P0305,1,5268.03,0.05
I014328,O08614,P0298,2,14301.55,0.05
I014329,O08614,P0178,1,9447.65,0.05
I014330,O08615,P0400,3,7063.54,0.05
I014331,O08616,P0091,2,5800.05,0.1
I014332,O08616,P0415,2,19105.92,0.1
I014333,O08617,P0454,2,13398.41,0.05
I014334,O08617,P0030,2,18850.92,0.05
I014335,O08617,P0371,1,14987.41,0.05
I014336,O08618,P0124,1,15514.19,0.1
I014337,O08619,P0276,2,15791.95,0.1
I014338,O08619,P0468,2,17686.56,0.1
I014339,O08620,P0438,3,9736.72,0.05
I014340,O08620,P0091,1,5800.05,0.05
I014341,O08621,P0115,1,10805.92,0.1
I014342,O08622,P0322,2,179.06,0.05
I014343,O08622,P0353,3,4627.28,0.05
I014344,O08622,P0155,2,16173.54,0.05
I014345,O08622,P0027,2,6637.92,0.05
I014346,O08623,P0174,1,14241.6,0.25
I014347,O08623,P0482,1,16166.73,0.25
I014348,O08623,P0073,1,14367.83,0.25
I014349,O08624,P0430,3,14535.8,0.0
I014350,O08624,P0436,1,9847.38,0.0
I014351,O08624,P0305,1,5268.03,0.0
I014352,O08624,P0156,1,17438.42,0.0
I014353,O08625,P0103,1,9874.02,0.15
I014354,O08625,P0337,1,6259.83,0.15
I014355,O08626,P0478,4,24448.55,0.05
I014356,O08627,P0499,4,2390.13,0.05
I014357,O08628,P0196,1,3827.41,0.2
I014358,O08628,P0333,4,16891.72,0.2
I014359,O08629,P0258,3,5357.22,0.1
I014360,O08630,P0388,1,10509.73,0.1
I014361,O08631,P0312,3,8312.33,0.1
I014362,O08631,P0315,2,8767.22,0.1
I014363,O08631,P0420,1,5156.99,0.1
I014364,O08632,P0069,1,6827.67,0.1
I014365,O08633,P0135,2,13687.78,0.15
I014366,O08634,P0262,1,12660.19,0.15
I014367,O08634,P0485,2,1818.67,0.15
I014368,O08635,P0059,3,7497.65,0.15
I014369,O08635,P0441,1,11253.53,0.15
I014370,O08636,P0098,1,18024.33,0.1
I014371,O08637,P0454,1,13398.41,0.15
I014372,O08638,P0398,1,15186.38,0.15
I014373,O08639,P0405,2,10874.23,0.15
I014374,O08640,P0407,3,775.43,0.05
I014375,O08641,P0108,1,11560.22,0.15
I014376,O08641,P0457,2,18511.82,0.15
I014377,O08641,P0483,2,14346.17,0.15
I014378,O08641,P0224,1,14337.8,0.15
I014379,O08642,P0074,2,20503.04,0.1
I014380,O08642,P0121,3,5223.81,0.1
I014381,O08642,P0395,2,16050.27,0.1
I014382,O08642,P0195,1,18266.79,0.1
I014383,O08643,P0288,1,16170.77,0.0
I014384,O08644,P0252,2,18803.98,0.1
I014385,O08644,P0239,1,10044.2,0.1
I014386,O08644,P0017,1,9858.5,0.1
I014387,O08645,P0172,1,13856.39,0.2
I014388,O08646,P0313,3,15225.55,0.1
I014389,O08647,P0027,1,6637.92,0.0
I014390,O08648,P0273,1,1414.88,0.1
I014391,O08648,P0494,5,9857.51,0.1
I014392,O08648,P0396,2,6181.52,0.1
I014393,O08649,P0012,2,9210.89,0.05
I014394,O08650,P0317,1,14355.69,0.1
I014395,O08651,P0191,2,14335.92,0.15
I014396,O08651,P0211,3,12771.97,0.15
I014397,O08651,P0014,2,14738.4,0.15
I014398,O08652,P0453,1,2027.99,0.1
I014399,O08652,P0018,1,8521.23,0.1
I014400,O08652,P0324,1,2232.66,0.1
I014401,O08652,P0141,2,2669.4,0.1
I014402,O08653,P0447,1,13008.01,0.05
I014403,O08654,P0170,4,10734.0,0.2
I014404,O08655,P0070,1,3923.76,0.0
I014405,O08656,P0421,4,3134.29,0.0
I014406,O08657,P0202,1,4958.04,0.2
I014407,O08658,P0027,2,6637.92,0.0
I014408,O08658,P0247,1,5866.18,0.0
I014409,O08659,P0115,1,10805.92,0.1
I014410,O08660,P0473,1,731.76,0.1
I014411,O08661,P0171,1,6118.98,0.05
I014412,O08661,P0182,2,7028.31,0.05
I014413,O08661,P0041,1,11579.02,0.05
I014414,O08662,P0202,3,4958.04,0.05
I014415,O08662,P0474,1,2142.32,0.05
I014416,O08663,P0044,2,4750.75,0.15
I014417,O08663,P0084,3,10059.02,0.15
I014418,O08663,P0011,1,6896.23,0.15
I014419,O08664,P0350,4,14181.21,0.05
I014420,O08665,P0118,1,11312.75,0.0
I014421,O08665,P0469,2,12828.28,0.0
I014422,O08665,P0015,3,198.88,0.0
I014423,O08666,P0351,4,6684.2,0.1
I014424,O08666,P0180,3,5738.9,0.1
I014425,O08666,P0486,1,7416.01,0.1
I014426,O08667,P0118,1,11312.75,0.15
I014427,O08667,P0161,2,4912.94,0.15
I014428,O08667,P0195,1,18266.79,0.15
I014429,O08668,P0082,2,8524.01,0.05
I014430,O08668,P0131,2,2329.3,0.05
I014431,O08669,P0284,3,9183.48,0.0
I014432,O08669,P0494,2,9857.51,0.0
I014433,O08670,P0041,2,11579.02,0.05
I014434,O08670,P0341,1,9492.87,0.05
I014435,O08670,P0258,3,5357.22,0.05
I014436,O08671,P0458,1,11252.82,0.1
I014437,O08671,P0443,3,3024.24,0.1
I014438,O08671,P0273,2,1414.88,0.1
I014439,O08672,P0177,2,5666.47,0.0
I014440,O08673,P0027,3,6637.92,0.05
I014441,O08674,P0128,5,11542.08,0.25
I014442,O08675,P0498,1,1038.57,0.05
I014443,O08676,P0125,2,8357.18,0.0
I014444,O08676,P0012,1,9210.89,0.0
I014445,O08676,P0234,5,6819.79,0.0
I014446,O08677,P0429,2,4623.76,0.1
I014447,O08677,P0054,2,22196.9,0.1
I014448,O08677,P0081,1,12661.97,0.1
I014449,O08677,P0268,5,21182.18,0.1
I014450,O08678,P0212,3,15959.35,0.0
I014451,O08679,P0262,1,12660.19,0.0
I014452,O08680,P0021,3,18265.35,0.0
I014453,O08681,P0128,1,11542.08,0.05
I014454,O08681,P0364,1,20513.3,0.05
I014455,O08682,P0271,2,10464.94,0.0
I014456,O08683,P0347,1,207.7,0.05
I014457,O08683,P0149,1,18764.92,0.05
I014458,O08684,P0240,1,16345.25,0.1
I014459,O08685,P0491,5,14558.18,0.05
I014460,O08686,P0444,2,4611.38,0.1
I014461,O08687,P0268,1,21182.18,0.1
I014462,O08688,P0001,3,12680.89,0.2
I014463,O08688,P0041,1,11579.02,0.2
I014464,O08689,P0499,1,2390.13,0.15
I014465,O08690,P0449,1,3785.19,0.2
I014466,O08690,P0091,1,5800.05,0.2
I014467,O08691,P0098,3,18024.33,0.1
I014468,O08692,P0140,1,23423.37,0.15
I014469,O08693,P0121,4,5223.81,0.1
I014470,O08694,P0069,1,6827.67,0.15
I014471,O08694,P0406,2,1199.98,0.15
I014472,O08694,P0272,3,13853.17,0.15
I014473,O08695,P0350,1,14181.21,0.15
I014474,O08696,P0001,3,12680.89,0.05
I014475,O08697,P0289,1,5068.21,0.0
I014476,O08697,P0120,1,15630.4,0.0
I014477,O08698,P0055,2,18288.33,0.15
I014478,O08698,P0045,1,5553.07,0.15
I014479,O08699,P0085,2,14574.29,0.0
I014480,O08699,P0166,1,4299.84,0.0
I014481,O08700,P0324,1,2232.66,0.1
I014482,O08701,P0301,1,1551.88,0.3
I014483,O08701,P0235,1,17675.52,0.3
I014484,O08701,P0306,1,20887.78,0.3
I014485,O08702,P0154,1,13970.67,0.05
I014486,O08702,P0494,4,9857.51,0.05
I014487,O08702,P0027,2,6637.92,0.05
I014488,O08703,P0471,2,3362.5,0.15
I014489,O08703,P0180,2,5738.9,0.15
I014490,O08704,P0062,1,2140.31,0.25
I014491,O08705,P0083,1,7026.05,0.1
I014492,O08705,P0406,4,1199.98,0.1
I014493,O08706,P0288,1,16170.77,0.1
I014494,O08707,P0499,2,2390.13,0.05
I014495,O08708,P0087,2,5413.54,0.1
I014496,O08709,P0067,2,18606.26,0.1
I014497,O08710,P0268,1,21182.18,0.2
I014498,O08710,P0208,1,17414.46,0.2
I014499,O08710,P0396,3,6181.52,0.2
I014500,O08711,P0041,1,11579.02,0.25
I014501,O08711,P0028,3,2327.59,0.25
I014502,O08711,P0309,1,879.52,0.25
I014503,O08712,P0250,4,17490.25,0.1
I014504,O08713,P0478,1,24448.55,0.15
I014505,O08713,P0372,1,5715.65,0.15
I014506,O08714,P0179,1,12189.37,0.15
I014507,O08715,P0005,3,2113.83,0.05
I014508,O08716,P0350,1,14181.21,0.1
I014509,O08716,P0465,2,7131.53,0.1
I014510,O08717,P0483,1,14346.17,0.15
I014511,O08718,P0298,2,14301.55,0.0
I014512,O08719,P0345,2,18312.01,0.2
I014513,O08720,P0082,1,8524.01,0.1
I014514,O08721,P0252,1,18803.98,0.1
I014515,O08722,P0134,2,8950.35,0.2
I014516,O08723,P0489,1,16108.48,0.0
I014517,O08724,P0190,1,4813.84,0.0
I014518,O08725,P0233,1,9166.88,0.05
I014519,O08725,P0128,1,11542.08,0.05
I014520,O08725,P0365,5,1546.12,0.05
I014521,O08725,P0221,1,9748.25,0.05
I014522,O08726,P0354,1,749.54,0.0
I014523,O08726,P0066,1,4602.72,0.0
I014524,O08726,P0098,1,18024.33,0.0
I014525,O08727,P0166,1,4299.84,0.3
I014526,O08728,P0220,1,4537.91,0.1
I014527,O08728,P0016,1,4929.52,0.1
I014528,O08728,P0174,2,14241.6,0.1
I014529,O08729,P0065,1,11896.67,0.1
I014530,O08730,P0053,1,11740.23,0.15
I014531,O08731,P0463,3,7934.67,0.05
I014532,O08732,P0072,1,8074.69,0.1
I014533,O08733,P0099,1,11095.32,0.0
I014534,O08733,P0162,1,11199.84,0.0
I014535,O08734,P0482,1,16166.73,0.0
I014536,O08734,P0076,2,12082.97,0.0
I014537,O08735,P0180,1,5738.9,0.1
I014538,O08735,P0422,1,6180.37,0.1
I014539,O08735,P0174,1,14241.6,0.1
I014540,O08735,P0350,1,14181.21,0.1
I014541,O08736,P0188,3,6865.34,0.2
I014542,O08736,P0155,2,16173.54,0.2
I014543,O08737,P0478,1,24448.55,0.1
I014544,O08738,P0369,1,2936.18,0.1
I014545,O08739,P0317,1,14355.69,0.2
I014546,O08740,P0268,3,21182.18,0.05
I014547,O08741,P0054,4,22196.9,0.1
I014548,O08742,P0417,2,7877.14,0.0
I014549,O08742,P0002,3,685.44,0.0
I014550,O08742,P0409,1,8257.04,0.0
I014551,O08743,P0323,1,19857.8,0.2
I014552,O08744,P0090,1,19317.51,0.0
I014553,O08744,P0373,1,8955.67,0.0
I014554,O08745,P0319,1,17097.24,0.1
I014555,O08745,P0151,1,8069.27,0.1
I014556,O08746,P0500,1,14456.78,0.05
I014557,O08747,P0043,1,230.23,0.05
I014558,O08748,P0325,1,883.29,0.05
I014559,O08749,P0451,2,18517.71,0.05
I014560,O08749,P0078,1,18121.01,0.05
I014561,O08749,P0209,1,17935.22,0.05
I014562,O08750,P0202,1,4958.04,0.2
I014563,O08750,P0244,1,6694.24,0.2
I014564,O08751,P0237,2,13454.07,0.15
I014565,O08751,P0413,3,4516.32,0.15
I014566,O08751,P0449,2,3785.19,0.15
I014567,O08752,P0099,1,11095.32,0.2
I014568,O08753,P0316,2,18765.5,0.05
I014569,O08754,P0424,2,1099.43,0.2
I014570,O08755,P0298,1,14301.55,0.1
I014571,O08756,P0139,1,11137.68,0.3
I014572,O08757,P0335,4,3821.2,0.1
I014573,O08757,P0337,2,6259.83,0.1
I014574,O08757,P0406,1,1199.98,0.1
I014575,O08758,P0436,3,9847.38,0.1
I014576,O08758,P0361,2,8061.24,0.1
I014577,O08759,P0338,2,9789.99,0.25
I014578,O08759,P0450,2,2255.15,0.25
I014579,O08760,P0235,1,17675.52,0.05
I014580,O08761,P0423,1,13857.3,0.15
I014581,O08762,P0217,1,2504.14,0.1
I014582,O08763,P0311,1,13470.81,0.15
I014583,O08763,P0230,1,16237.69,0.15
I014584,O08763,P0164,1,744.63,0.15
I014585,O08764,P0469,1,12828.28,0.05
I014586,O08765,P0114,1,2768.84,0.1
I014587,O08766,P0284,1,9183.48,0.05
I014588,O08766,P0401,1,18961.41,0.05
I014589,O08766,P0306,1,20887.78,0.05
I014590,O08766,P0425,1,3871.16,0.05
I014591,O08767,P0400,2,7063.54,0.2
I014592,O08768,P0403,1,10949.03,0.25
I014593,O08769,P0200,4,9202.06,0.15
I014594,O08769,P0315,1,8767.22,0.15
I014595,O08770,P0204,1,3139.42,0.2
I014596,O08771,P0238,2,16729.81,0.05
I014597,O08772,P0224,3,14337.8,0.0
I014598,O08772,P0423,2,13857.3,0.0
I014599,O08773,P0168,1,11374.5,0.15
I014600,O08774,P0500,3,14456.78,0.1
I014601,O08775,P0144,1,5083.64,0.05
I014602,O08775,P0142,1,7546.26,0.05
I014603,O08776,P0204,4,3139.42,0.2
I014604,O08776,P0447,1,13008.01,0.2
I014605,O08777,P0175,1,8354.48,0.05
I014606,O08778,P0246,1,3212.48,0.15
I014607,O08778,P0079,1,16242.79,0.15
I014608,O08778,P0201,1,18090.68,0.15
I014609,O08779,P0379,1,4596.34,0.0
I014610,O08779,P0252,1,18803.98,0.0
I014611,O08780,P0240,2,16345.25,0.05
I014612,O08781,P0155,1,16173.54,0.1
I014613,O08781,P0166,1,4299.84,0.1
I014614,O08781,P0251,2,13718.51,0.1
I014615,O08782,P0416,2,14378.26,0.05
I014616,O08783,P0272,2,13853.17,0.25
I014617,O08783,P0029,1,7973.77,0.25
I014618,O08783,P0131,1,2329.3,0.25
I014619,O08783,P0073,1,14367.83,0.25
I014620,O08784,P0441,1,11253.53,0.1
I014621,O08784,P0016,3,4929.52,0.1
I014622,O08784,P0055,4,18288.33,0.1
I014623,O08785,P0122,1,20389.93,0.15
I014624,O08786,P0465,1,7131.53,0.1
I014625,O08786,P0136,1,10051.62,0.1
I014626,O08787,P0194,1,4785.07,0.1
I014627,O08788,P0284,2,9183.48,0.2
I014628,O08788,P0105,2,10085.48,0.2
I014629,O08789,P0166,4,4299.84,0.0
I014630,O08789,P0141,2,2669.4,0.0
I014631,O08789,P0296,1,10086.41,0.0
I014632,O08790,P0240,2,16345.25,0.1
I014633,O08790,P0156,1,17438.42,0.1
I014634,O08791,P0294,1,9318.36,0.2
I014635,O08791,P0296,3,10086.41,0.2
I014636,O08792,P0402,3,5149.65,0.0
I014637,O08793,P0327,1,7197.89,0.05
I014638,O08793,P0384,1,21014.31,0.05
I014639,O08793,P0191,1,14335.92,0.05
I014640,O08794,P0173,1,11347.23,0.25
I014641,O08794,P0448,1,11150.05,0.25
I014642,O08795,P0089,1,21527.82,0.25
I014643,O08796,P0027,1,6637.92,0.05
I014644,O08796,P0308,1,10963.13,0.05
I014645,O08797,P0174,2,14241.6,0.15
I014646,O08798,P0079,1,16242.79,0.1
I014647,O08799,P0278,1,4045.44,0.1
I014648,O08799,P0119,1,14136.98,0.1
I014649,O08799,P0496,3,20624.48,0.1
I014650,O08799,P0449,1,3785.19,0.1
I014651,O08800,P0024,1,14146.9,0.15
I014652,O08800,P0204,1,3139.42,0.15
I014653,O08800,P0471,2,3362.5,0.15
I014654,O08801,P0253,2,10206.89,0.15
I014655,O08801,P0209,1,17935.22,0.15
I014656,O08802,P0409,1,8257.04,0.0
I014657,O08802,P0087,1,5413.54,0.0
I014658,O08803,P0318,1,18336.52,0.2
I014659,O08804,P0447,1,13008.01,0.05
I014660,O08805,P0325,2,883.29,0.1
I014661,O08806,P0252,1,18803.98,0.15
I014662,O08807,P0203,2,14797.26,0.2
I014663,O08808,P0095,1,708.58,0.25
I014664,O08809,P0469,1,12828.28,0.25
I014665,O08809,P0327,3,7197.89,0.25
I014666,O08809,P0093,1,11807.43,0.25
I014667,O08810,P0141,1,2669.4,0.15
I014668,O08810,P0022,1,16227.09,0.15
I014669,O08811,P0104,1,389.71,0.1
I014670,O08811,P0304,2,5766.34,0.1
I014671,O08812,P0120,2,15630.4,0.0
I014672,O08813,P0073,2,14367.83,0.0
I014673,O08813,P0409,2,8257.04,0.0
I014674,O08814,P0094,1,6917.65,0.05
I014675,O08815,P0039,2,1954.54,0.15
I014676,O08816,P0473,1,731.76,0.1
I014677,O08816,P0223,3,12111.39,0.1
I014678,O08816,P0080,2,8081.72,0.1
I014679,O08817,P0124,1,15514.19,0.05
I014680,O08817,P0148,1,3827.6,0.05
I014681,O08817,P0086,1,12651.01,0.05
I014682,O08818,P0159,5,12341.8,0.0
I014683,O08818,P0495,1,3120.64,0.0
I014684,O08819,P0414,1,3244.46,0.1
I014685,O08820,P0418,1,12929.12,0.2
I014686,O08820,P0057,1,14313.59,0.2
I014687,O08820,P0461,1,6940.51,0.2
I014688,O08821,P0164,1,744.63,0.0
I014689,O08821,P0086,3,12651.01,0.0
I014690,O08822,P0133,1,16221.29,0.1
I014691,O08822,P0301,2,1551.88,0.1
I014692,O08823,P0325,2,883.29,0.0
I014693,O08823,P0329,2,6837.04,0.0
I014694,O08824,P0453,1,2027.99,0.05
I014695,O08824,P0393,1,1256.74,0.05
I014696,O08824,P0442,1,12851.94,0.05
I014697,O08825,P0363,1,11446.48,0.25
I014698,O08826,P0202,4,4958.04,0.0
I014699,O08827,P0461,1,6940.51,0.0
I014700,O08827,P0278,1,4045.44,0.0
I014701,O08828,P0284,3,9183.48,0.0
I014702,O08829,P0079,1,16242.79,0.15
I014703,O08830,P0405,2,10874.23,0.0
I014704,O08830,P0401,2,18961.41,0.0
I014705,O08830,P0252,1,18803.98,0.0
I014706,O08830,P0295,5,12191.72,0.0
I014707,O08831,P0156,1,17438.42,0.05
I014708,O08831,P0384,1,21014.31,0.05
I014709,O08831,P0442,1,12851.94,0.05
I014710,O08832,P0481,1,1854.72,0.25
I014711,O08833,P0156,1,17438.42,0.0
I014712,O08833,P0269,4,9853.0,0.0
I014713,O08833,P0163,2,16537.01,0.0
I014714,O08834,P0422,2,6180.37,0.25
I014715,O08835,P0122,1,20389.93,0.0
I014716,O08836,P0277,1,14027.28,0.0
I014717,O08837,P0076,4,12082.97,0.1
I014718,O08838,P0006,1,12139.02,0.05
I014719,O08839,P0233,1,9166.88,0.0
I014720,O08839,P0439,1,11309.42,0.0
I014721,O08840,P0075,1,16717.1,0.15
I014722,O08841,P0123,2,12283.66,0.05
I014723,O08842,P0495,2,3120.64,0.2
I014724,O08842,P0195,3,18266.79,0.2
I014725,O08843,P0010,2,8507.4,0.05
I014726,O08844,P0070,1,3923.76,0.15
I014727,O08845,P0048,2,881.87,0.05
I014728,O08846,P0476,1,1078.88,0.0
I014729,O08846,P0189,3,1077.94,0.0
I014730,O08847,P0180,2,5738.9,0.25
I014731,O08848,P0074,1,20503.04,0.1
I014732,O08849,P0058,1,10856.44,0.2
I014733,O08850,P0292,1,21583.15,0.05
I014734,O08851,P0391,1,16675.09,0.05
I014735,O08852,P0495,3,3120.64,0.1
I014736,O08852,P0035,1,10869.62,0.1
I014737,O08853,P0046,2,15363.92,0.1
I014738,O08854,P0173,1,11347.23,0.05
I014739,O08854,P0170,1,10734.0,0.05
I014740,O08855,P0063,3,17989.43,0.05
I014741,O08855,P0123,2,12283.66,0.05
I014742,O08856,P0384,1,21014.31,0.05
I014743,O08856,P0079,1,16242.79,0.05
I014744,O08857,P0288,3,16170.77,0.1
I014745,O08858,P0466,3,7584.85,0.05
I014746,O08858,P0383,1,5460.56,0.05
I014747,O08858,P0003,1,14157.19,0.05
I014748,O08859,P0145,1,5897.75,0.05
I014749,O08860,P0318,4,18336.52,0.0
I014750,O08860,P0407,2,775.43,0.0
I014751,O08860,P0009,1,10894.67,0.0
I014752,O08861,P0268,2,21182.18,0.05
I014753,O08861,P0364,1,20513.3,0.05
I014754,O08862,P0068,2,658.18,0.1
I014755,O08863,P0020,1,16894.73,0.15
I014756,O08863,P0033,1,2436.78,0.15
I014757,O08863,P0291,1,8891.78,0.15
I014758,O08863,P0170,1,10734.0,0.15
I014759,O08864,P0173,4,11347.23,0.05
I014760,O08865,P0471,2,3362.5,0.05
I014761,O08865,P0372,4,5715.65,0.05
I014762,O08866,P0181,2,6969.81,0.1
I014763,O08866,P0203,1,14797.26,0.1
I014764,O08866,P0361,2,8061.24,0.1
I014765,O08867,P0189,1,1077.94,0.0
I014766,O08868,P0047,1,3795.44,0.05
I014767,O08868,P0411,1,9751.96,0.05
I014768,O08869,P0210,1,3425.1,0.0
I014769,O08869,P0372,2,5715.65,0.0
I014770,O08870,P0210,3,3425.1,0.05
I014771,O08870,P0246,4,3212.48,0.05
I014772,O08871,P0442,1,12851.94,0.05
I014773,O08872,P0233,1,9166.88,0.0
I014774,O08873,P0470,1,16384.1,0.15
I014775,O08874,P0468,1,17686.56,0.05
I014776,O08875,P0288,1,16170.77,0.05
I014777,O08876,P0075,3,16717.1,0.05
I014778,O08877,P0047,1,3795.44,0.05
I014779,O08878,P0378,1,224.7,0.15
I014780,O08879,P0177,2,5666.47,0.05
I014781,O08880,P0314,3,5199.64,0.1
I014782,O08880,P0114,2,2768.84,0.1
I014783,O08881,P0178,1,9447.65,0.1
I014784,O08881,P0274,2,16208.88,0.1
I014785,O08881,P0290,1,5856.65,0.1
I014786,O08882,P0299,1,9253.96,0.05
I014787,O08883,P0427,4,2376.46,0.15
I014788,O08883,P0433,1,11369.56,0.15
I014789,O08883,P0304,1,5766.34,0.15
I014790,O08884,P0369,2,2936.18,0.1
I014791,O08884,P0259,1,9091.06,0.1
I014792,O08885,P0466,1,7584.85,0.15
I014793,O08886,P0455,1,6841.97,0.0
I014794,O08886,P0244,1,6694.24,0.0
I014795,O08887,P0220,2,4537.91,0.15
I014796,O08887,P0374,1,20293.37,0.15
I014797,O08888,P0164,3,744.63,0.05
I014798,O08888,P0093,2,11807.43,0.05
I014799,O08888,P0123,1,12283.66,0.05
I014800,O08889,P0374,4,20293.37,0.0
I014801,O08889,P0172,2,13856.39,0.0
I014802,O08889,P0453,1,2027.99,0.0
I014803,O08890,P0127,2,12125.3,0.15
I014804,O08890,P0398,1,15186.38,0.15
I014805,O08891,P0458,1,11252.82,0.05
I014806,O08891,P0215,2,2961.47,0.05
I014807,O08891,P0209,1,17935.22,0.05
I014808,O08892,P0144,1,5083.64,0.1
I014809,O08893,P0394,1,9719.2,0.15
I014810,O08894,P0355,1,15161.64,0.0
I014811,O08895,P0067,2,18606.26,0.0
I014812,O08895,P0362,3,7754.84,0.0
I014813,O08896,P0327,1,7197.89,0.15
I014814,O08897,P0150,2,19657.29,0.1
I014815,O08897,P0453,1,2027.99,0.1
I014816,O08898,P0279,1,820.43,0.05
I014817,O08898,P0480,1,12036.43,0.05
I014818,O08899,P0469,3,12828.28,0.1
I014819,O08899,P0177,1,5666.47,0.1
I014820,O08899,P0223,2,12111.39,0.1
I014821,O08900,P0259,1,9091.06,0.1
I014822,O08901,P0250,1,17490.25,0.1
I014823,O08901,P0454,2,13398.41,0.1
I014824,O08902,P0178,2,9447.65,0.0
I014825,O08903,P0490,1,17879.27,0.1
I014826,O08904,P0445,1,5378.95,0.0
I014827,O08904,P0085,1,14574.29,0.0
I014828,O08904,P0205,1,15563.05,0.0
I014829,O08905,P0408,4,12252.4,0.15
I014830,O08906,P0218,2,10519.23,0.05
I014831,O08907,P0388,1,10509.73,0.0
I014832,O08907,P0046,3,15363.92,0.0
I014833,O08907,P0237,3,13454.07,0.0
I014834,O08908,P0303,1,15132.39,0.1
I014835,O08909,P0146,1,12538.22,0.05
I014836,O08909,P0416,2,14378.26,0.05
I014837,O08909,P0045,2,5553.07,0.05
I014838,O08910,P0038,2,13981.96,0.05
I014839,O08910,P0479,1,2007.3,0.05
I014840,O08911,P0139,1,11137.68,0.1
I014841,O08912,P0251,1,13718.51,0.05
I014842,O08913,P0475,1,6070.94,0.05
I014843,O08913,P0107,1,12811.73,0.05
I014844,O08914,P0496,5,20624.48,0.15
I014845,O08914,P0398,2,15186.38,0.15
I014846,O08915,P0180,1,5738.9,0.0
I014847,O08916,P0395,2,16050.27,0.05
I014848,O08917,P0245,2,14211.09,0.05
I014849,O08917,P0415,3,19105.92,0.05
I014850,O08917,P0195,1,18266.79,0.05
I014851,O08918,P0324,1,2232.66,0.05
I014852,O08919,P0246,3,3212.48,0.1
I014853,O08919,P0290,1,5856.65,0.1
I014854,O08920,P0161,1,4912.94,0.25
I014855,O08920,P0035,1,10869.62,0.25
I014856,O08920,P0439,1,11309.42,0.25
I014857,O08921,P0125,1,8357.18,0.15
I014858,O08922,P0209,4,17935.22,0.05
I014859,O08923,P0304,1,5766.34,0.1
I014860,O08923,P0460,2,1760.09,0.1
I014861,O08924,P0327,1,7197.89,0.0
I014862,O08924,P0125,1,8357.18,0.0
I014863,O08925,P0343,1,21720.15,0.2
I014864,O08926,P0403,2,10949.03,0.1
I014865,O08927,P0201,1,18090.68,0.25
I014866,O08927,P0195,1,18266.79,0.25
I014867,O08928,P0038,2,13981.96,0.15
I014868,O08928,P0001,1,12680.89,0.15
I014869,O08929,P0157,1,1053.8,0.2
I014870,O08929,P0188,2,6865.34,0.2
I014871,O08930,P0354,1,749.54,0.0
I014872,O08931,P0324,2,2232.66,0.2
I014873,O08932,P0073,1,14367.83,0.05
I014874,O08932,P0115,1,10805.92,0.05
I014875,O08933,P0234,1,6819.79,0.25
I014876,O08934,P0136,1,10051.62,0.05
I014877,O08935,P0401,1,18961.41,0.15
I014878,O08935,P0222,4,6948.91,0.15
I014879,O08935,P0489,1,16108.48,0.15
I014880,O08936,P0063,2,17989.43,0.1
I014881,O08937,P0321,1,15173.01,0.1
I014882,O08938,P0155,1,16173.54,0.1
I014883,O08938,P0480,5,12036.43,0.1
I014884,O08939,P0266,4,6946.78,0.05
I014885,O08939,P0054,1,22196.9,0.05
I014886,O08939,P0285,1,11518.27,0.05
I014887,O08940,P0490,1,17879.27,0.05
I014888,O08940,P0476,1,1078.88,0.05
I014889,O08940,P0123,1,12283.66,0.05
I014890,O08940,P0458,2,11252.82,0.05
I014891,O08941,P0412,1,14362.31,0.1
I014892,O08941,P0279,4,820.43,0.1
I014893,O08941,P0072,1,8074.69,0.1
I014894,O08942,P0374,1,20293.37,0.3
I014895,O08942,P0257,1,8094.05,0.3
I014896,O08943,P0327,3,7197.89,0.15
I014897,O08943,P0056,1,5412.25,0.15
I014898,O08943,P0432,1,1677.91,0.15
I014899,O08944,P0221,1,9748.25,0.15
I014900,O08945,P0416,1,14378.26,0.15
I014901,O08946,P0357,1,4004.54,0.1
I014902,O08946,P0015,3,198.88,0.1
I014903,O08947,P0444,3,4611.38,0.15
I014904,O08948,P0109,2,7019.11,0.05
I014905,O08949,P0449,2,3785.19,0.05
I014906,O08950,P0248,2,5481.12,0.05
I014907,O08950,P0227,2,1214.17,0.05
I014908,O08951,P0093,1,11807.43,0.1
I014909,O08951,P0246,1,3212.48,0.1
I014910,O08951,P0032,1,12721.46,0.1
I014911,O08952,P0326,1,1200.34,0.0
I014912,O08952,P0269,3,9853.0,0.0
I014913,O08952,P0040,5,10694.19,0.0
I014914,O08953,P0421,1,3134.29,0.2
I014915,O08953,P0127,2,12125.3,0.2
I014916,O08954,P0289,2,5068.21,0.05
I014917,O08955,P0398,1,15186.38,0.1
I014918,O08956,P0450,1,2255.15,0.0
I014919,O08957,P0237,3,13454.07,0.1
I014920,O08957,P0201,1,18090.68,0.1
I014921,O08958,P0267,1,13380.29,0.0
I014922,O08959,P0444,1,4611.38,0.0
I014923,O08959,P0021,1,18265.35,0.0
I014924,O08960,P0396,3,6181.52,0.15
I014925,O08960,P0451,2,18517.71,0.15
I014926,O08961,P0070,1,3923.76,0.1
I014927,O08962,P0455,2,6841.97,0.15
I014928,O08963,P0167,1,2741.53,0.05
I014929,O08964,P0444,3,4611.38,0.1
I014930,O08964,P0204,1,3139.42,0.1
I014931,O08965,P0143,1,2154.67,0.0
I014932,O08966,P0124,2,15514.19,0.05
I014933,O08967,P0289,2,5068.21,0.1
I014934,O08968,P0283,1,10933.03,0.1
I014935,O08968,P0320,1,22881.56,0.1
I014936,O08969,P0197,2,5628.38,0.05
I014937,O08970,P0001,2,12680.89,0.2
I014938,O08971,P0411,1,9751.96,0.05
I014939,O08972,P0153,2,6065.86,0.1
I014940,O08973,P0052,4,22717.29,0.05
I014941,O08974,P0482,1,16166.73,0.3
I014942,O08975,P0157,1,1053.8,0.05
I014943,O08975,P0094,3,6917.65,0.05
I014944,O08976,P0329,1,6837.04,0.05
I014945,O08977,P0309,4,879.52,0.2
I014946,O08978,P0314,2,5199.64,0.0
I014947,O08978,P0344,4,5745.03,0.0
I014948,O08979,P0002,2,685.44,0.2
I014949,O08980,P0287,1,11017.89,0.1
I014950,O08981,P0019,2,7331.38,0.05
I014951,O08981,P0410,1,8140.59,0.05
I014952,O08981,P0290,1,5856.65,0.05
I014953,O08982,P0498,1,1038.57,0.05
I014954,O08982,P0487,3,2276.61,0.05
I014955,O08983,P0148,1,3827.6,0.15
I014956,O08983,P0198,1,15426.36,0.15
I014957,O08983,P0110,5,239.19,0.15
I014958,O08984,P0284,5,9183.48,0.0
I014959,O08985,P0055,1,18288.33,0.15
I014960,O08985,P0182,4,7028.31,0.15
I014961,O08986,P0222,1,6948.91,0.05
I014962,O08987,P0348,2,19194.75,0.15
I014963,O08987,P0431,3,7800.63,0.15
I014964,O08988,P0300,1,11744.09,0.0
I014965,O08989,P0309,1,879.52,0.05
I014966,O08989,P0401,1,18961.41,0.05
I014967,O08990,P0038,2,13981.96,0.1
I014968,O08991,P0215,1,2961.47,0.2
I014969,O08992,P0365,4,1546.12,0.05
I014970,O08992,P0065,3,11896.67,0.05
I014971,O08993,P0395,5,16050.27,0.2
I014972,O08993,P0439,1,11309.42,0.2
I014973,O08994,P0266,1,6946.78,0.0
I014974,O08994,P0231,1,5606.43,0.0
I014975,O08994,P0248,1,5481.12,0.0
I014976,O08995,P0317,2,14355.69,0.0
I014977,O08996,P0403,2,10949.03,0.0
I014978,O08996,P0367,1,14116.53,0.0
I014979,O08996,P0222,1,6948.91,0.0
I014980,O08996,P0363,1,11446.48,0.0
I014981,O08997,P0213,2,13682.03,0.1
I014982,O08997,P0442,4,12851.94,0.1
I014983,O08997,P0136,1,10051.62,0.1
I014984,O08998,P0141,1,2669.4,0.05
I014985,O08998,P0475,2,6070.94,0.05
I014986,O08999,P0050,1,12181.9,0.2
I014987,O09000,P0153,1,6065.86,0.1
I014988,O09001,P0053,2,11740.23,0.2
I014989,O09002,P0027,1,6637.92,0.05
I014990,O09002,P0267,2,13380.29,0.05
I014991,O09002,P0399,1,9834.2,0.05
I014992,O09003,P0059,1,7497.65,0.25
I014993,O09004,P0006,1,12139.02,0.1
I014994,O09005,P0435,1,11265.94,0.1
I014995,O09006,P0201,1,18090.68,0.1
I014996,O09007,P0127,3,12125.3,0.2
I014997,O09008,P0299,1,9253.96,0.05
I014998,O09008,P0456,3,5984.52,0.05
I014999,O09009,P0186,1,14403.22,0.05
I015000,O09009,P0232,1,14966.59,0.05
I015001,O09010,P0353,4,4627.28,0.05
I015002,O09011,P0121,2,5223.81,0.25
I015003,O09011,P0413,1,4516.32,0.25
I015004,O09012,P0176,1,13983.62,0.05
I015005,O09012,P0099,2,11095.32,0.05
I015006,O09013,P0101,3,13448.78,0.2
I015007,O09014,P0260,4,9638.98,0.0
I015008,O09015,P0469,2,12828.28,0.1
I015009,O09016,P0024,1,14146.9,0.1
I015010,O09017,P0213,2,13682.03,0.25
I015011,O09017,P0260,2,9638.98,0.25
I015012,O09017,P0458,2,11252.82,0.25
I015013,O09017,P0107,1,12811.73,0.25
I015014,O09018,P0011,1,6896.23,0.15
I015015,O09018,P0486,1,7416.01,0.15
I015016,O09018,P0196,2,3827.41,0.15
I015017,O09019,P0224,1,14337.8,0.0
I015018,O09019,P0346,1,17166.81,0.0
I015019,O09019,P0257,1,8094.05,0.0
I015020,O09020,P0344,1,5745.03,0.15
I015021,O09021,P0265,2,16102.0,0.1
I015022,O09021,P0378,2,224.7,0.1
I015023,O09021,P0420,2,5156.99,0.1
I015024,O09022,P0193,1,3841.48,0.05
I015025,O09023,P0089,1,21527.82,0.1
I015026,O09023,P0079,4,16242.79,0.1
I015027,O09024,P0181,2,6969.81,0.25
I015028,O09025,P0260,1,9638.98,0.0
I015029,O09026,P0293,1,5390.99,0.25
I015030,O09026,P0352,2,10103.59,0.25
I015031,O09027,P0427,1,2376.46,0.05
I015032,O09027,P0128,3,11542.08,0.05
I015033,O09028,P0002,1,685.44,0.1
I015034,O09029,P0496,1,20624.48,0.05
I015035,O09029,P0082,1,8524.01,0.05
I015036,O09030,P0234,4,6819.79,0.15
I015037,O09030,P0343,1,21720.15,0.15
I015038,O09031,P0124,1,15514.19,0.1
I015039,O09031,P0386,1,7920.43,0.1
I015040,O09031,P0182,2,7028.31,0.1
I015041,O09032,P0323,1,19857.8,0.05
I015042,O09033,P0386,1,7920.43,0.1
I015043,O09034,P0288,1,16170.77,0.05
I015044,O09035,P0173,1,11347.23,0.05
I015045,O09036,P0202,4,4958.04,0.1
I015046,O09037,P0089,2,21527.82,0.1
I015047,O09037,P0145,1,5897.75,0.1
I015048,O09038,P0127,1,12125.3,0.0
I015049,O09038,P0497,1,5343.08,0.0
I015050,O09039,P0499,1,2390.13,0.25
I015051,O09040,P0144,1,5083.64,0.0
I015052,O09040,P0486,1,7416.01,0.0
I015053,O09041,P0401,1,18961.41,0.05
I015054,O09042,P0238,1,16729.81,0.05
I015055,O09043,P0041,2,11579.02,0.0
I015056,O09044,P0001,5,12680.89,0.0
I015057,O09045,P0069,1,6827.67,0.2
I015058,O09045,P0419,2,11206.88,0.2
I015059,O09046,P0071,1,1222.75,0.05
I015060,O09046,P0469,1,12828.28,0.05
I015061,O09047,P0158,2,9904.7,0.05
I015062,O09048,P0386,2,7920.43,0.15
I015063,O09048,P0095,1,708.58,0.15
I015064,O09048,P0419,1,11206.88,0.15
I015065,O09049,P0490,5,17879.27,0.15
I015066,O09049,P0071,1,1222.75,0.15
I015067,O09050,P0354,1,749.54,0.15
I015068,O09050,P0007,2,20905.26,0.15
I015069,O09050,P0454,2,13398.41,0.15
I015070,O09050,P0249,1,11650.12,0.15
I015071,O09051,P0112,1,10276.51,0.1
I015072,O09051,P0414,1,3244.46,0.1
I015073,O09052,P0284,1,9183.48,0.15
I015074,O09053,P0468,2,17686.56,0.25
I015075,O09053,P0165,3,8775.25,0.25
I015076,O09054,P0413,1,4516.32,0.0
I015077,O09055,P0462,3,8013.86,0.1
I015078,O09056,P0328,2,15667.69,0.2
I015079,O09057,P0076,2,12082.97,0.25
I015080,O09058,P0002,2,685.44,0.0
I015081,O09059,P0073,2,14367.83,0.25
I015082,O09059,P0005,2,2113.83,0.25
I015083,O09060,P0039,1,1954.54,0.15
I015084,O09060,P0007,1,20905.26,0.15
I015085,O09061,P0134,1,8950.35,0.15
I015086,O09062,P0309,2,879.52,0.0
I015087,O09063,P0488,2,6474.12,0.1
I015088,O09064,P0475,1,6070.94,0.05
I015089,O09065,P0098,2,18024.33,0.1
I015090,O09066,P0158,4,9904.7,0.15
I015091,O09067,P0151,3,8069.27,0.05
I015092,O09067,P0180,2,5738.9,0.05
I015093,O09068,P0070,1,3923.76,0.0
I015094,O09069,P0213,1,13682.03,0.05
I015095,O09070,P0325,2,883.29,0.1
I015096,O09071,P0213,1,13682.03,0.15
I015097,O09072,P0491,2,14558.18,0.1
I015098,O09073,P0023,1,8677.28,0.2
I015099,O09073,P0057,3,14313.59,0.2
I015100,O09073,P0425,1,3871.16,0.2
I015101,O09074,P0497,4,5343.08,0.15
I015102,O09075,P0331,1,7610.91,0.1
I015103,O09076,P0404,3,7190.22,0.1
I015104,O09077,P0215,2,2961.47,0.15
I015105,O09077,P0143,4,2154.67,0.15
I015106,O09078,P0245,1,14211.09,0.2
I015107,O09079,P0009,1,10894.67,0.2
I015108,O09080,P0316,2,18765.5,0.1
I015109,O09080,P0056,1,5412.25,0.1
I015110,O09081,P0247,1,5866.18,0.1
I015111,O09082,P0112,4,10276.51,0.15
I015112,O09082,P0327,1,7197.89,0.15
I015113,O09082,P0417,1,7877.14,0.15
I015114,O09083,P0005,1,2113.83,0.1
I015115,O09084,P0234,1,6819.79,0.05
I015116,O09084,P0230,1,16237.69,0.05
I015117,O09085,P0426,1,17258.9,0.2
I015118,O09086,P0251,1,13718.51,0.1
I015119,O09087,P0207,1,9618.99,0.3
I015120,O09088,P0099,1,11095.32,0.1
I015121,O09089,P0144,2,5083.64,0.05
I015122,O09090,P0391,1,16675.09,0.05
I015123,O09090,P0296,3,10086.41,0.05
I015124,O09090,P0109,3,7019.11,0.05
I015125,O09091,P0432,1,1677.91,0.05
I015126,O09092,P0438,1,9736.72,0.05
I015127,O09093,P0343,3,21720.15,0.25
I015128,O09094,P0057,1,14313.59,0.1
I015129,O09094,P0056,3,5412.25,0.1
I015130,O09094,P0313,1,15225.55,0.1
I015131,O09094,P0396,1,6181.52,0.1
I015132,O09095,P0144,1,5083.64,0.2
I015133,O09095,P0406,1,1199.98,0.2
I015134,O09096,P0004,1,21658.55,0.05
I015135,O09096,P0244,1,6694.24,0.05
I015136,O09097,P0398,1,15186.38,0.0
I015137,O09098,P0215,1,2961.47,0.1
I015138,O09098,P0275,1,18205.93,0.1
I015139,O09099,P0396,1,6181.52,0.25
I015140,O09099,P0023,1,8677.28,0.25
I015141,O09100,P0102,2,4552.64,0.0
I015142,O09100,P0131,3,2329.3,0.0
I015143,O09100,P0297,2,14103.76,0.0
I015144,O09101,P0487,2,2276.61,0.15
I015145,O09102,P0411,3,9751.96,0.0
I015146,O09102,P0134,1,8950.35,0.0
I015147,O09102,P0233,1,9166.88,0.0
I015148,O09103,P0269,3,9853.0,0.0
I015149,O09104,P0349,1,17040.15,0.15
I015150,O09105,P0094,1,6917.65,0.05
I015151,O09105,P0329,1,6837.04,0.05
I015152,O09106,P0397,2,18087.88,0.0
I015153,O09107,P0088,2,10596.08,0.05
I015154,O09107,P0059,3,7497.65,0.05
I015155,O09107,P0004,1,21658.55,0.05
I015156,O09108,P0103,1,9874.02,0.15
I015157,O09109,P0108,2,11560.22,0.1
I015158,O09110,P0450,1,2255.15,0.1
I015159,O09111,P0221,1,9748.25,0.1
I015160,O09112,P0032,1,12721.46,0.0
I015161,O09112,P0457,2,18511.82,0.0
I015162,O09112,P0411,1,9751.96,0.0
I015163,O09113,P0132,1,8762.43,0.05
I015164,O09114,P0193,1,3841.48,0.05
I015165,O09115,P0182,2,7028.31,0.15
I015166,O09116,P0267,1,13380.29,0.2
I015167,O09116,P0311,1,13470.81,0.2
I015168,O09116,P0195,3,18266.79,0.2
I015169,O09117,P0339,2,8938.6,0.05
I015170,O09118,P0001,1,12680.89,0.0
I015171,O09118,P0201,3,18090.68,0.0
I015172,O09119,P0267,1,13380.29,0.05
I015173,O09120,P0193,1,3841.48,0.25
I015174,O09120,P0350,2,14181.21,0.25
I015175,O09121,P0313,2,15225.55,0.05
I015176,O09121,P0246,1,3212.48,0.05
I015177,O09122,P0058,2,10856.44,0.15
I015178,O09122,P0083,1,7026.05,0.15
I015179,O09122,P0186,2,14403.22,0.15
I015180,O09123,P0206,1,13942.45,0.0
I015181,O09124,P0247,2,5866.18,0.15
I015182,O09125,P0459,3,15147.66,0.05
I015183,O09125,P0224,1,14337.8,0.05
I015184,O09126,P0315,3,8767.22,0.2
I015185,O09127,P0101,2,13448.78,0.0
I015186,O09127,P0103,3,9874.02,0.0
I015187,O09128,P0258,1,5357.22,0.1
I015188,O09128,P0056,2,5412.25,0.1
I015189,O09129,P0107,1,12811.73,0.15
I015190,O09129,P0394,2,9719.2,0.15
I015191,O09129,P0301,1,1551.88,0.15
I015192,O09130,P0166,1,4299.84,0.15
I015193,O09130,P0280,3,19260.63,0.15
I015194,O09131,P0337,1,6259.83,0.2
I015195,O09132,P0386,1,7920.43,0.1
I015196,O09133,P0338,1,9789.99,0.0
I015197,O09134,P0300,2,11744.09,0.15
I015198,O09134,P0164,4,744.63,0.15
I015199,O09135,P0136,1,10051.62,0.1
I015200,O09135,P0064,1,18152.26,0.1
I015201,O09136,P0184,1,5176.95,0.0
I015202,O09137,P0136,2,10051.62,0.0
I015203,O09137,P0451,1,18517.71,0.0
I015204,O09137,P0104,2,389.71,0.0
I015205,O09137,P0373,1,8955.67,0.0
I015206,O09138,P0006,5,12139.02,0.2
I015207,O09139,P0496,1,20624.48,0.1
I015208,O09139,P0407,1,775.43,0.1
I015209,O09139,P0110,2,239.19,0.1
I015210,O09140,P0424,1,1099.43,0.0
I015211,O09141,P0001,1,12680.89,0.15
I015212,O09141,P0307,2,8542.99,0.15
I015213,O09141,P0330,1,621.58,0.15
I015214,O09142,P0225,1,925.67,0.1
I015215,O09143,P0248,1,5481.12,0.0
I015216,O09143,P0136,4,10051.62,0.0
I015217,O09144,P0157,2,1053.8,0.1
I015218,O09145,P0264,1,11827.53,0.25
I015219,O09146,P0316,1,18765.5,0.15
I015220,O09146,P0027,2,6637.92,0.15
I015221,O09146,P0271,1,10464.94,0.15
I015222,O09146,P0209,1,17935.22,0.15
I015223,O09147,P0013,1,1067.21,0.05
I015224,O09148,P0381,3,1646.42,0.0
I015225,O09148,P0090,1,19317.51,0.0
I015226,O09149,P0015,1,198.88,0.05
I015227,O09150,P0205,2,15563.05,0.05
I015228,O09150,P0169,1,5258.15,0.05
I015229,O09151,P0437,1,9057.77,0.05
I015230,O09151,P0089,3,21527.82,0.05
I015231,O09152,P0229,1,971.19,0.2
I015232,O09152,P0402,1,5149.65,0.2
I015233,O09153,P0491,2,14558.18,0.0
I015234,O09154,P0166,3,4299.84,0.0
I015235,O09155,P0175,1,8354.48,0.0
I015236,O09156,P0275,2,18205.93,0.1
I015237,O09156,P0065,1,11896.67,0.1
I015238,O09157,P0212,1,15959.35,0.0
I015239,O09157,P0210,1,3425.1,0.0
I015240,O09158,P0446,5,18710.12,0.1
I015241,O09158,P0294,1,9318.36,0.1
I015242,O09159,P0075,1,16717.1,0.05
I015243,O09159,P0148,1,3827.6,0.05
I015244,O09159,P0442,1,12851.94,0.05
I015245,O09160,P0107,1,12811.73,0.05
I015246,O09161,P0138,4,9332.54,0.0
I015247,O09161,P0314,2,5199.64,0.0
I015248,O09161,P0248,1,5481.12,0.0
I015249,O09162,P0339,1,8938.6,0.15
I015250,O09163,P0448,2,11150.05,0.05
I015251,O09164,P0011,2,6896.23,0.0
I015252,O09165,P0233,3,9166.88,0.05
I015253,O09166,P0467,1,7857.91,0.3
I015254,O09167,P0328,1,15667.69,0.15
I015255,O09168,P0413,1,4516.32,0.2
I015256,O09168,P0072,1,8074.69,0.2
I015257,O09168,P0226,1,1989.2,0.2
I015258,O09168,P0004,1,21658.55,0.2
I015259,O09169,P0018,5,8521.23,0.2
I015260,O09170,P0463,1,7934.67,0.1
I015261,O09171,P0133,1,16221.29,0.1
I015262,O09171,P0428,3,15197.13,0.1
I015263,O09172,P0196,1,3827.41,0.2
I015264,O09173,P0496,3,20624.48,0.2
I015265,O09174,P0035,1,10869.62,0.15
I015266,O09174,P0256,2,10413.89,0.15
I015267,O09175,P0274,5,16208.88,0.2
I015268,O09176,P0412,1,14362.31,0.15
I015269,O09176,P0214,1,3598.9,0.15
I015270,O09176,P0410,1,8140.59,0.15
I015271,O09176,P0073,1,14367.83,0.15
I015272,O09177,P0281,1,8647.87,0.05
I015273,O09177,P0226,2,1989.2,0.05
I015274,O09178,P0475,1,6070.94,0.0
I015275,O09179,P0051,2,13023.34,0.15
I015276,O09179,P0175,1,8354.48,0.15
I015277,O09179,P0009,2,10894.67,0.15
I015278,O09179,P0099,2,11095.32,0.15
I015279,O09180,P0085,1,14574.29,0.2
I015280,O09180,P0103,2,9874.02,0.2
I015281,O09180,P0065,1,11896.67,0.2
I015282,O09181,P0397,1,18087.88,0.25
I015283,O09182,P0361,3,8061.24,0.0
I015284,O09183,P0135,1,13687.78,0.1
I015285,O09184,P0245,1,14211.09,0.1
I015286,O09185,P0087,3,5413.54,0.05
I015287,O09185,P0303,1,15132.39,0.05
I015288,O09186,P0191,1,14335.92,0.1
I015289,O09187,P0358,2,17680.82,0.1
I015290,O09188,P0200,1,9202.06,0.25
I015291,O09189,P0359,3,17408.84,0.05
I015292,O09189,P0112,1,10276.51,0.05
I015293,O09190,P0093,3,11807.43,0.0
I015294,O09190,P0078,4,18121.01,0.0
I015295,O09190,P0011,1,6896.23,0.0
I015296,O09191,P0159,1,12341.8,0.15
I015297,O09192,P0179,2,12189.37,0.05
I015298,O09193,P0101,1,13448.78,0.0
I015299,O09194,P0339,1,8938.6,0.15
I015300,O09195,P0035,2,10869.62,0.05
I015301,O09196,P0461,2,6940.51,0.3
I015302,O09197,P0275,1,18205.93,0.05
I015303,O09197,P0435,1,11265.94,0.05
I015304,O09198,P0415,1,19105.92,0.1
I015305,O09198,P0101,5,13448.78,0.1
I015306,O09198,P0257,2,8094.05,0.1
I015307,O09199,P0268,1,21182.18,0.0
I015308,O09199,P0069,3,6827.67,0.0
I015309,O09200,P0463,1,7934.67,0.1
I015310,O09201,P0188,2,6865.34,0.05
I015311,O09201,P0202,2,4958.04,0.05
I015312,O09201,P0038,2,13981.96,0.05
I015313,O09202,P0274,1,16208.88,0.15
I015314,O09202,P0002,2,685.44,0.15
I015315,O09202,P0447,1,13008.01,0.15
I015316,O09203,P0045,3,5553.07,0.0
I015317,O09204,P0152,1,11257.85,0.15
I015318,O09205,P0240,1,16345.25,0.1
I015319,O09206,P0407,1,775.43,0.05
I015320,O09207,P0253,2,10206.89,0.0
I015321,O09208,P0116,4,14318.59,0.0
I015322,O09208,P0313,1,15225.55,0.0
I015323,O09208,P0262,1,12660.19,0.0
I015324,O09208,P0053,1,11740.23,0.0
I015325,O09209,P0031,2,10837.07,0.15
I015326,O09209,P0310,1,6739.9,0.15
I015327,O09209,P0224,1,14337.8,0.15
I015328,O09210,P0053,4,11740.23,0.15
I015329,O09211,P0070,1,3923.76,0.1
I015330,O09211,P0026,1,8043.88,0.1
I015331,O09212,P0231,4,5606.43,0.0
I015332,O09213,P0099,2,11095.32,0.15
I015333,O09213,P0096,1,7114.07,0.15
I015334,O09214,P0426,1,17258.9,0.15
I015335,O09214,P0424,3,1099.43,0.15
I015336,O09214,P0383,1,5460.56,0.15
I015337,O09215,P0446,1,18710.12,0.0
I015338,O09216,P0459,1,15147.66,0.05
I015339,O09217,P0192,1,13132.41,0.0
I015340,O09217,P0259,2,9091.06,0.0
I015341,O09218,P0422,2,6180.37,0.2
I015342,O09219,P0277,1,14027.28,0.1
I015343,O09219,P0349,2,17040.15,0.1
I015344,O09220,P0295,1,12191.72,0.05
I015345,O09220,P0063,1,17989.43,0.05
I015346,O09221,P0214,2,3598.9,0.1
I015347,O09221,P0451,1,18517.71,0.1
I015348,O09221,P0265,2,16102.0,0.1
I015349,O09222,P0189,2,1077.94,0.15
I015350,O09223,P0383,2,5460.56,0.15
I015351,O09224,P0387,1,11008.74,0.2
I015352,O09224,P0144,1,5083.64,0.2
I015353,O09224,P0428,1,15197.13,0.2
I015354,O09225,P0470,3,16384.1,0.1
I015355,O09225,P0126,1,12590.35,0.1
I015356,O09225,P0338,1,9789.99,0.1
I015357,O09226,P0454,2,13398.41,0.0
I015358,O09227,P0186,2,14403.22,0.0
I015359,O09227,P0155,1,16173.54,0.0
I015360,O09227,P0044,1,4750.75,0.0
I015361,O09228,P0076,2,12082.97,0.2
I015362,O09228,P0402,3,5149.65,0.2
I015363,O09228,P0347,3,207.7,0.2
I015364,O09229,P0178,3,9447.65,0.0
I015365,O09230,P0232,2,14966.59,0.1
I015366,O09230,P0395,1,16050.27,0.1
I015367,O09230,P0219,1,1340.09,0.1
I015368,O09231,P0285,2,11518.27,0.05
I015369,O09232,P0283,1,10933.03,0.25
I015370,O09233,P0294,2,9318.36,0.05
I015371,O09234,P0379,2,4596.34,0.05
I015372,O09234,P0077,4,10405.98,0.05
I015373,O09234,P0375,2,1937.18,0.05
I015374,O09235,P0109,3,7019.11,0.15
I015375,O09236,P0494,1,9857.51,0.15
I015376,O09237,P0381,2,1646.42,0.05
I015377,O09238,P0068,1,658.18,0.15
I015378,O09239,P0423,1,13857.3,0.25
I015379,O09239,P0064,2,18152.26,0.25
I015380,O09240,P0170,1,10734.0,0.0
I015381,O09240,P0089,1,21527.82,0.0
I015382,O09241,P0135,1,13687.78,0.05
I015383,O09241,P0238,3,16729.81,0.05
I015384,O09242,P0012,3,9210.89,0.1
I015385,O09243,P0054,1,22196.9,0.05
I015386,O09243,P0102,1,4552.64,0.05
I015387,O09243,P0145,1,5897.75,0.05
I015388,O09244,P0263,1,12622.11,0.05
I015389,O09244,P0166,1,4299.84,0.05
I015390,O09244,P0070,1,3923.76,0.05
I015391,O09245,P0137,1,2945.06,0.1
I015392,O09246,P0497,2,5343.08,0.15
I015393,O09246,P0006,1,12139.02,0.15
I015394,O09247,P0021,1,18265.35,0.05
I015395,O09248,P0009,3,10894.67,0.05
I015396,O09249,P0201,1,18090.68,0.1
I015397,O09250,P0206,2,13942.45,0.2
I015398,O09250,P0453,1,2027.99,0.2
I015399,O09250,P0174,1,14241.6,0.2
I015400,O09251,P0409,1,8257.04,0.15
I015401,O09251,P0271,1,10464.94,0.15
I015402,O09251,P0300,2,11744.09,0.15
I015403,O09252,P0438,1,9736.72,0.05
I015404,O09252,P0019,2,7331.38,0.05
I015405,O09253,P0146,1,12538.22,0.25
I015406,O09254,P0014,1,14738.4,0.15
I015407,O09255,P0253,1,10206.89,0.0
I015408,O09256,P0422,1,6180.37,0.15
I015409,O09257,P0132,1,8762.43,0.2
I015410,O09257,P0084,3,10059.02,0.2
I015411,O09258,P0033,3,2436.78,0.1
I015412,O09259,P0494,1,9857.51,0.15
I015413,O09260,P0277,3,14027.28,0.0
I015414,O09260,P0313,1,15225.55,0.0
I015415,O09261,P0431,1,7800.63,0.0
I015416,O09262,P0151,4,8069.27,0.1
I015417,O09262,P0080,2,8081.72,0.1
I015418,O09263,P0163,1,16537.01,0.1
I015419,O09264,P0140,3,23423.37,0.1
I015420,O09264,P0262,2,12660.19,0.1
I015421,O09264,P0380,1,1803.38,0.1
I015422,O09265,P0286,1,8678.82,0.05
I015423,O09265,P0334,1,5599.91,0.05
I015424,O09265,P0418,1,12929.12,0.05
I015425,O09266,P0017,1,9858.5,0.1
I015426,O09266,P0341,1,9492.87,0.1
I015427,O09266,P0480,1,12036.43,0.1
I015428,O09267,P0296,1,10086.41,0.0
I015429,O09268,P0159,1,12341.8,0.0
I015430,O09268,P0205,3,15563.05,0.0
I015431,O09268,P0161,1,4912.94,0.0
I015432,O09268,P0032,1,12721.46,0.0
I015433,O09269,P0179,1,12189.37,0.1
I015434,O09270,P0005,3,2113.83,0.1
I015435,O09270,P0362,2,7754.84,0.1
I015436,O09270,P0482,2,16166.73,0.1
I015437,O09271,P0487,2,2276.61,0.2
I015438,O09272,P0269,1,9853.0,0.05
I015439,O09272,P0394,1,9719.2,0.05
I015440,O09272,P0153,1,6065.86,0.05
I015441,O09273,P0079,1,16242.79,0.15
I015442,O09274,P0142,5,7546.26,0.05
I015443,O09274,P0178,1,9447.65,0.05
I015444,O09275,P0270,2,15544.12,0.05
I015445,O09275,P0007,1,20905.26,0.05
I015446,O09275,P0059,1,7497.65,0.05
I015447,O09275,P0309,1,879.52,0.05
I015448,O09276,P0024,1,14146.9,0.15
I015449,O09276,P0337,1,6259.83,0.15
I015450,O09277,P0340,1,6540.28,0.1
I015451,O09277,P0391,2,16675.09,0.1
I015452,O09278,P0196,1,3827.41,0.05
I015453,O09278,P0084,2,10059.02,0.05
I015454,O09279,P0362,2,7754.84,0.1
I015455,O09279,P0314,1,5199.64,0.1
I015456,O09279,P0200,1,9202.06,0.1
I015457,O09279,P0161,2,4912.94,0.1
I015458,O09280,P0278,3,4045.44,0.2
I015459,O09280,P0290,1,5856.65,0.2
I015460,O09281,P0125,1,8357.18,0.15
I015461,O09282,P0214,1,3598.9,0.25
I015462,O09283,P0041,1,11579.02,0.2
I015463,O09283,P0249,2,11650.12,0.2
I015464,O09284,P0059,1,7497.65,0.15
I015465,O09285,P0451,5,18517.71,0.05
I015466,O09286,P0448,3,11150.05,0.05
I015467,O09286,P0103,2,9874.02,0.05
I015468,O09287,P0492,1,13278.61,0.1
I015469,O09288,P0034,2,3767.39,0.0
I015470,O09289,P0488,1,6474.12,0.15
I015471,O09289,P0094,2,6917.65,0.15
I015472,O09290,P0386,3,7920.43,0.3
I015473,O09290,P0130,4,5669.17,0.3
I015474,O09290,P0358,1,17680.82,0.3
I015475,O09291,P0063,1,17989.43,0.2
I015476,O09292,P0246,1,3212.48,0.15
I015477,O09293,P0005,3,2113.83,0.15
I015478,O09294,P0405,1,10874.23,0.2
I015479,O09294,P0169,1,5258.15,0.2
I015480,O09295,P0475,1,6070.94,0.05
I015481,O09296,P0005,1,2113.83,0.1
I015482,O09297,P0433,3,11369.56,0.15
I015483,O09297,P0220,2,4537.91,0.15
I015484,O09297,P0029,2,7973.77,0.15
I015485,O09298,P0223,1,12111.39,0.1
I015486,O09298,P0108,2,11560.22,0.1
I015487,O09299,P0017,2,9858.5,0.2
I015488,O09299,P0201,1,18090.68,0.2
I015489,O09300,P0278,1,4045.44,0.05
I015490,O09301,P0022,3,16227.09,0.1
I015491,O09302,P0470,1,16384.1,0.05
I015492,O09303,P0044,1,4750.75,0.1
I015493,O09303,P0180,1,5738.9,0.1
I015494,O09304,P0046,2,15363.92,0.05
I015495,O09305,P0185,2,11400.27,0.1
I015496,O09306,P0032,1,12721.46,0.0
I015497,O09306,P0026,1,8043.88,0.0
I015498,O09306,P0352,1,10103.59,0.0
I015499,O09306,P0086,2,12651.01,0.0
I015500,O09307,P0226,3,1989.2,0.15
I015501,O09308,P0414,3,3244.46,0.1
I015502,O09308,P0042,1,18369.63,0.1
I015503,O09309,P0125,2,8357.18,0.15
I015504,O09309,P0423,1,13857.3,0.15
I015505,O09310,P0205,1,15563.05,0.05
I015506,O09311,P0255,1,2178.42,0.2
I015507,O09311,P0115,2,10805.92,0.2
I015508,O09312,P0249,2,11650.12,0.2
I015509,O09313,P0114,1,2768.84,0.1
I015510,O09314,P0308,1,10963.13,0.0
I015511,O09315,P0420,1,5156.99,0.1
I015512,O09315,P0354,1,749.54,0.1
I015513,O09316,P0179,1,12189.37,0.1
I015514,O09316,P0147,3,5903.16,0.1
I015515,O09316,P0181,1,6969.81,0.1
I015516,O09316,P0500,2,14456.78,0.1
I015517,O09317,P0133,1,16221.29,0.1
I015518,O09318,P0055,1,18288.33,0.2
I015519,O09318,P0298,1,14301.55,0.2
I015520,O09318,P0352,1,10103.59,0.2
I015521,O09319,P0205,1,15563.05,0.2
I015522,O09319,P0277,1,14027.28,0.2
I015523,O09319,P0488,2,6474.12,0.2
I015524,O09320,P0075,4,16717.1,0.1
I015525,O09321,P0371,1,14987.41,0.1
I015526,O09322,P0416,1,14378.26,0.0
I015527,O09323,P0176,1,13983.62,0.05
I015528,O09324,P0103,1,9874.02,0.05
I015529,O09325,P0184,1,5176.95,0.05
I015530,O09325,P0173,2,11347.23,0.05
I015531,O09326,P0463,1,7934.67,0.15
I015532,O09326,P0138,2,9332.54,0.15
I015533,O09327,P0451,1,18517.71,0.1
I015534,O09328,P0246,3,3212.48,0.1
I015535,O09329,P0175,2,8354.48,0.05
I015536,O09330,P0010,2,8507.4,0.0
I015537,O09331,P0379,1,4596.34,0.1
I015538,O09331,P0465,1,7131.53,0.1
I015539,O09332,P0253,4,10206.89,0.0
I015540,O09333,P0343,3,21720.15,0.0
I015541,O09334,P0241,1,9473.89,0.15
I015542,O09335,P0197,1,5628.38,0.1
I015543,O09336,P0183,1,208.22,0.25
I015544,O09336,P0383,3,5460.56,0.25
I015545,O09337,P0309,1,879.52,0.0
I015546,O09337,P0293,1,5390.99,0.0
I015547,O09337,P0126,1,12590.35,0.0
I015548,O09338,P0190,3,4813.84,0.25
I015549,O09338,P0156,2,17438.42,0.25
I015550,O09339,P0327,2,7197.89,0.15
I015551,O09339,P0039,1,1954.54,0.15
I015552,O09340,P0071,4,1222.75,0.1
I015553,O09341,P0160,1,6251.25,0.2
I015554,O09341,P0371,1,14987.41,0.2
I015555,O09341,P0011,1,6896.23,0.2
I015556,O09342,P0407,1,775.43,0.1
I015557,O09343,P0185,5,11400.27,0.0
I015558,O09344,P0065,1,11896.67,0.2
I015559,O09345,P0365,2,1546.12,0.2
I015560,O09345,P0362,2,7754.84,0.2
I015561,O09346,P0210,1,3425.1,0.1
I015562,O09347,P0063,1,17989.43,0.0
I015563,O09347,P0382,2,17253.16,0.0
I015564,O09348,P0036,1,22992.46,0.2
I015565,O09349,P0248,1,5481.12,0.1
I015566,O09350,P0113,1,1476.37,0.05
I015567,O09350,P0357,1,4004.54,0.05
I015568,O09351,P0360,2,4434.75,0.3
I015569,O09352,P0403,1,10949.03,0.0
I015570,O09352,P0483,1,14346.17,0.0
I015571,O09352,P0165,3,8775.25,0.0
I015572,O09353,P0144,4,5083.64,0.0
I015573,O09354,P0244,1,6694.24,0.1
I015574,O09355,P0337,1,6259.83,0.05
I015575,O09355,P0289,1,5068.21,0.05
I015576,O09355,P0159,1,12341.8,0.05
I015577,O09356,P0130,1,5669.17,0.1
I015578,O09357,P0071,2,1222.75,0.05
I015579,O09358,P0378,1,224.7,0.15
I015580,O09358,P0092,1,3959.04,0.15
I015581,O09358,P0054,4,22196.9,0.15
I015582,O09358,P0492,2,13278.61,0.15
I015583,O09359,P0213,3,13682.03,0.05
I015584,O09360,P0002,1,685.44,0.2
I015585,O09360,P0175,1,8354.48,0.2
I015586,O09361,P0164,1,744.63,0.15
I015587,O09361,P0284,1,9183.48,0.15
I015588,O09361,P0005,3,2113.83,0.15
I015589,O09362,P0306,1,20887.78,0.05
I015590,O09363,P0315,2,8767.22,0.15
I015591,O09363,P0452,2,14623.62,0.15
I015592,O09364,P0489,1,16108.48,0.05
I015593,O09364,P0165,3,8775.25,0.05
I015594,O09365,P0371,2,14987.41,0.1
I015595,O09366,P0079,1,16242.79,0.0
I015596,O09366,P0074,1,20503.04,0.0
I015597,O09367,P0498,1,1038.57,0.1
I015598,O09367,P0431,2,7800.63,0.1
I015599,O09368,P0204,1,3139.42,0.15
I015600,O09369,P0326,1,1200.34,0.1
I015601,O09370,P0305,2,5268.03,0.1
I015602,O09371,P0229,1,971.19,0.2
I015603,O09371,P0325,1,883.29,0.2
I015604,O09371,P0096,1,7114.07,0.2
I015605,O09372,P0261,4,9413.55,0.1
I015606,O09373,P0388,1,10509.73,0.3
I015607,O09374,P0138,1,9332.54,0.1
I015608,O09375,P0056,2,5412.25,0.1
I015609,O09376,P0203,1,14797.26,0.0
I015610,O09377,P0272,2,13853.17,0.15
I015611,O09378,P0152,1,11257.85,0.05
I015612,O09378,P0048,4,881.87,0.05
I015613,O09379,P0464,1,11639.56,0.0
I015614,O09379,P0234,1,6819.79,0.0
I015615,O09380,P0397,2,18087.88,0.0
I015616,O09381,P0187,1,6663.59,0.1
I015617,O09382,P0260,1,9638.98,0.1
I015618,O09383,P0235,3,17675.52,0.15
I015619,O09384,P0111,1,4168.73,0.1
I015620,O09385,P0385,2,9160.1,0.2
I015621,O09386,P0373,4,8955.67,0.0
I015622,O09387,P0436,2,9847.38,0.0
I015623,O09388,P0202,1,4958.04,0.05
I015624,O09389,P0123,1,12283.66,0.0
I015625,O09390,P0043,1,230.23,0.15
I015626,O09391,P0130,2,5669.17,0.05
I015627,O09392,P0051,1,13023.34,0.1
I015628,O09392,P0269,2,9853.0,0.1
I015629,O09393,P0395,1,16050.27,0.15
I015630,O09394,P0098,1,18024.33,0.1
I015631,O09395,P0265,2,16102.0,0.1
I015632,O09395,P0486,2,7416.01,0.1
I015633,O09396,P0108,1,11560.22,0.1
I015634,O09397,P0316,1,18765.5,0.15
I015635,O09398,P0258,1,5357.22,0.1
I015636,O09399,P0348,2,19194.75,0.1
I015637,O09399,P0439,1,11309.42,0.1
I015638,O09399,P0366,1,12694.5,0.1
I015639,O09400,P0499,1,2390.13,0.1
I015640,O09401,P0255,4,2178.42,0.25
I015641,O09401,P0444,1,4611.38,0.25
I015642,O09401,P0330,2,621.58,0.25
I015643,O09402,P0177,1,5666.47,0.15
I015644,O09402,P0147,2,5903.16,0.15
I015645,O09403,P0212,1,15959.35,0.1
I015646,O09403,P0221,1,9748.25,0.1
I015647,O09403,P0373,1,8955.67,0.1
I015648,O09404,P0320,3,22881.56,0.1
I015649,O09404,P0334,1,5599.91,0.1
I015650,O09405,P0311,1,13470.81,0.05
I015651,O09406,P0074,3,20503.04,0.1
I015652,O09406,P0340,1,6540.28,0.1
I015653,O09407,P0459,3,15147.66,0.15
I015654,O09407,P0319,1,17097.24,0.15
I015655,O09408,P0348,2,19194.75,0.2
I015656,O09408,P0258,2,5357.22,0.2
I015657,O09409,P0003,2,14157.19,0.0
I015658,O09409,P0216,5,4253.32,0.0
I015659,O09410,P0119,2,14136.98,0.0
I015660,O09411,P0447,1,13008.01,0.1
I015661,O09412,P0100,2,7091.79,0.15
I015662,O09412,P0384,2,21014.31,0.15
I015663,O09412,P0294,2,9318.36,0.15
I015664,O09412,P0082,2,8524.01,0.15
I015665,O09413,P0187,1,6663.59,0.15
I015666,O09413,P0097,1,16913.36,0.15
I015667,O09413,P0411,1,9751.96,0.15
I015668,O09414,P0271,1,10464.94,0.05
I015669,O09415,P0243,4,5300.75,0.15
I015670,O09415,P0278,2,4045.44,0.15
I015671,O09415,P0331,2,7610.91,0.15
I015672,O09415,P0292,1,21583.15,0.15
I015673,O09416,P0387,2,11008.74,0.1
I015674,O09417,P0461,1,6940.51,0.05
I015675,O09418,P0093,2,11807.43,0.2
I015676,O09418,P0121,1,5223.81,0.2
I015677,O09419,P0311,2,13470.81,0.1
I015678,O09419,P0353,2,4627.28,0.1
I015679,O09420,P0331,2,7610.91,0.2
I015680,O09420,P0383,2,5460.56,0.2
I015681,O09421,P0299,1,9253.96,0.1
I015682,O09421,P0469,1,12828.28,0.1
I015683,O09422,P0379,1,4596.34,0.1
I015684,O09422,P0093,1,11807.43,0.1
I015685,O09423,P0225,2,925.67,0.15
I015686,O09423,P0088,1,10596.08,0.15
I015687,O09423,P0377,1,7254.24,0.15
I015688,O09423,P0009,1,10894.67,0.15
I015689,O09424,P0468,2,17686.56,0.05
I015690,O09424,P0433,1,11369.56,0.05
I015691,O09425,P0057,1,14313.59,0.2
I015692,O09426,P0398,1,15186.38,0.05
I015693,O09426,P0078,5,18121.01,0.05
I015694,O09427,P0101,3,13448.78,0.05
I015695,O09427,P0276,1,15791.95,0.05
I015696,O09428,P0320,1,22881.56,0.15
I015697,O09428,P0134,1,8950.35,0.15
I015698,O09428,P0038,1,13981.96,0.15
I015699,O09429,P0141,2,2669.4,0.05
I015700,O09430,P0455,1,6841.97,0.25
I015701,O09431,P0471,1,3362.5,0.15
I015702,O09432,P0253,2,10206.89,0.05
I015703,O09432,P0412,2,14362.31,0.05
I015704,O09432,P0025,3,21151.19,0.05
I015705,O09433,P0457,1,18511.82,0.3
I015706,O09433,P0447,1,13008.01,0.3
I015707,O09433,P0319,1,17097.24,0.3
I015708,O09434,P0402,1,5149.65,0.05
I015709,O09435,P0070,5,3923.76,0.1
I015710,O09435,P0474,2,2142.32,0.1
I015711,O09436,P0479,1,2007.3,0.0
I015712,O09437,P0405,3,10874.23,0.0
I015713,O09437,P0330,2,621.58,0.0
I015714,O09438,P0007,1,20905.26,0.05
I015715,O09439,P0160,1,6251.25,0.0
I015716,O09439,P0192,1,13132.41,0.0
I015717,O09439,P0028,1,2327.59,0.0
I015718,O09439,P0034,1,3767.39,0.0
I015719,O09440,P0436,1,9847.38,0.05
I015720,O09441,P0156,2,17438.42,0.1
I015721,O09441,P0253,1,10206.89,0.1
I015722,O09442,P0372,1,5715.65,0.15
I015723,O09443,P0038,1,13981.96,0.05
I015724,O09443,P0447,2,13008.01,0.05
I015725,O09443,P0453,2,2027.99,0.05
I015726,O09444,P0038,1,13981.96,0.1
I015727,O09444,P0097,1,16913.36,0.1
I015728,O09445,P0335,2,3821.2,0.05
I015729,O09446,P0404,5,7190.22,0.05
I015730,O09447,P0268,1,21182.18,0.05
I015731,O09447,P0424,1,1099.43,0.05
I015732,O09448,P0317,2,14355.69,0.1
I015733,O09449,P0162,1,11199.84,0.05
I015734,O09449,P0131,2,2329.3,0.05
I015735,O09450,P0213,1,13682.03,0.1
I015736,O09450,P0291,1,8891.78,0.1
I015737,O09451,P0201,4,18090.68,0.05
I015738,O09452,P0477,1,13272.75,0.0
I015739,O09452,P0162,2,11199.84,0.0
I015740,O09452,P0418,1,12929.12,0.0
I015741,O09453,P0330,1,621.58,0.05
I015742,O09454,P0117,2,5812.89,0.25
I015743,O09454,P0064,3,18152.26,0.25
I015744,O09454,P0468,1,17686.56,0.25
I015745,O09455,P0496,2,20624.48,0.1
I015746,O09456,P0500,1,14456.78,0.3
I015747,O09456,P0043,4,230.23,0.3
I015748,O09456,P0447,3,13008.01,0.3
I015749,O09457,P0340,1,6540.28,0.05
I015750,O09457,P0194,2,4785.07,0.05
I015751,O09458,P0017,1,9858.5,0.05
I015752,O09458,P0165,1,8775.25,0.05
I015753,O09459,P0190,2,4813.84,0.1
I015754,O09459,P0429,1,4623.76,0.1
I015755,O09460,P0338,1,9789.99,0.05
I015756,O09460,P0116,1,14318.59,0.05
I015757,O09461,P0083,2,7026.05,0.05
I015758,O09461,P0374,1,20293.37,0.05
I015759,O09461,P0424,1,1099.43,0.05
I015760,O09462,P0310,1,6739.9,0.2
I015761,O09462,P0129,2,15750.63,0.2
I015762,O09462,P0093,2,11807.43,0.2
I015763,O09462,P0391,1,16675.09,0.2
I015764,O09463,P0243,3,5300.75,0.0
I015765,O09464,P0397,1,18087.88,0.15
I015766,O09464,P0156,1,17438.42,0.15
I015767,O09465,P0138,2,9332.54,0.2
I015768,O09466,P0136,1,10051.62,0.0
I015769,O09467,P0110,2,239.19,0.1
I015770,O09468,P0314,1,5199.64,0.15
I015771,O09469,P0449,1,3785.19,0.1
I015772,O09469,P0110,1,239.19,0.1
I015773,O09470,P0421,1,3134.29,0.05
I015774,O09471,P0391,1,16675.09,0.1
I015775,O09471,P0050,1,12181.9,0.1
I015776,O09471,P0235,1,17675.52,0.1
I015777,O09472,P0195,3,18266.79,0.05
I015778,O09473,P0415,1,19105.92,0.1
I015779,O09473,P0331,1,7610.91,0.1
I015780,O09474,P0425,1,3871.16,0.0
I015781,O09475,P0198,1,15426.36,0.05
I015782,O09475,P0377,1,7254.24,0.05
I015783,O09475,P0238,4,16729.81,0.05
I015784,O09476,P0203,1,14797.26,0.0
I015785,O09476,P0188,1,6865.34,0.0
I015786,O09476,P0491,5,14558.18,0.0
I015787,O09477,P0010,1,8507.4,0.05
I015788,O09478,P0443,3,3024.24,0.0
I015789,O09478,P0495,1,3120.64,0.0
I015790,O09478,P0076,1,12082.97,0.0
I015791,O09479,P0208,2,17414.46,0.1
I015792,O09480,P0277,1,14027.28,0.25
I015793,O09481,P0128,2,11542.08,0.05
I015794,O09482,P0066,1,4602.72,0.0
I015795,O09482,P0152,1,11257.85,0.0
I015796,O09483,P0094,1,6917.65,0.1
I015797,O09484,P0478,4,24448.55,0.05
I015798,O09485,P0240,1,16345.25,0.1
I015799,O09486,P0107,1,12811.73,0.1
I015800,O09486,P0128,1,11542.08,0.1
I015801,O09486,P0052,2,22717.29,0.1
I015802,O09487,P0164,2,744.63,0.0
I015803,O09487,P0304,2,5766.34,0.0
I015804,O09488,P0012,1,9210.89,0.25
I015805,O09489,P0166,1,4299.84,0.05
I015806,O09489,P0107,1,12811.73,0.05
I015807,O09489,P0255,1,2178.42,0.05
I015808,O09490,P0314,4,5199.64,0.2
I015809,O09490,P0375,2,1937.18,0.2
I015810,O09491,P0483,1,14346.17,0.05
I015811,O09491,P0006,1,12139.02,0.05
I015812,O09492,P0205,1,15563.05,0.0
I015813,O09493,P0485,1,1818.67,0.0
I015814,O09493,P0172,2,13856.39,0.0
I015815,O09494,P0185,2,11400.27,0.1
I015816,O09494,P0199,1,13045.06,0.1
I015817,O09495,P0174,1,14241.6,0.05
I015818,O09495,P0228,2,7442.22,0.05
I015819,O09496,P0335,2,3821.2,0.2
I015820,O09497,P0157,1,1053.8,0.05
I015821,O09498,P0035,1,10869.62,0.15
I015822,O09499,P0403,3,10949.03,0.05
I015823,O09500,P0367,1,14116.53,0.2
I015824,O09500,P0274,1,16208.88,0.2
I015825,O09500,P0364,2,20513.3,0.2
I015826,O09501,P0043,2,230.23,0.1
I015827,O09501,P0073,1,14367.83,0.1
I015828,O09502,P0500,1,14456.78,0.2
I015829,O09502,P0214,3,3598.9,0.2
I015830,O09503,P0234,1,6819.79,0.1
I015831,O09503,P0089,5,21527.82,0.1
I015832,O09504,P0467,2,7857.91,0.0
I015833,O09505,P0275,1,18205.93,0.1
I015834,O09505,P0300,1,11744.09,0.1
I015835,O09506,P0126,2,12590.35,0.05
I015836,O09507,P0099,1,11095.32,0.05
I015837,O09507,P0473,1,731.76,0.05
I015838,O09508,P0125,1,8357.18,0.2
I015839,O09508,P0026,1,8043.88,0.2
I015840,O09509,P0410,1,8140.59,0.1
I015841,O09510,P0375,4,1937.18,0.15
I015842,O09511,P0462,1,8013.86,0.15
I015843,O09512,P0251,1,13718.51,0.0
I015844,O09513,P0253,1,10206.89,0.2
I015845,O09514,P0169,1,5258.15,0.15
I015846,O09515,P0372,1,5715.65,0.05
I015847,O09516,P0137,1,2945.06,0.05
I015848,O09516,P0126,1,12590.35,0.05
I015849,O09516,P0317,1,14355.69,0.05
I015850,O09516,P0457,1,18511.82,0.05
I015851,O09517,P0455,5,6841.97,0.0
I015852,O09518,P0073,4,14367.83,0.0
I015853,O09518,P0106,1,5470.36,0.0
I015854,O09518,P0117,1,5812.89,0.0
I015855,O09519,P0431,1,7800.63,0.05
I015856,O09519,P0119,1,14136.98,0.05
I015857,O09520,P0128,3,11542.08,0.0
I015858,O09521,P0447,4,13008.01,0.05
I015859,O09521,P0138,3,9332.54,0.05
I015860,O09521,P0498,1,1038.57,0.05
I015861,O09522,P0033,1,2436.78,0.25
I015862,O09523,P0455,1,6841.97,0.1
I015863,O09524,P0443,2,3024.24,0.1
I015864,O09525,P0018,1,8521.23,0.05
I015865,O09526,P0410,1,8140.59,0.05
I015866,O09527,P0134,1,8950.35,0.05
I015867,O09527,P0499,1,2390.13,0.05
I015868,O09528,P0435,4,11265.94,0.05
I015869,O09529,P0193,1,3841.48,0.2
I015870,O09530,P0420,3,5156.99,0.0
I015871,O09531,P0090,2,19317.51,0.15
I015872,O09531,P0364,2,20513.3,0.15
I015873,O09532,P0372,3,5715.65,0.1
I015874,O09533,P0451,1,18517.71,0.15
I015875,O09534,P0373,2,8955.67,0.2
I015876,O09535,P0277,3,14027.28,0.05
I015877,O09536,P0051,1,13023.34,0.1
I015878,O09536,P0117,3,5812.89,0.1
I015879,O09536,P0350,1,14181.21,0.1
I015880,O09537,P0371,1,14987.41,0.1
I015881,O09537,P0279,1,820.43,0.1
I015882,O09538,P0365,4,1546.12,0.05
I015883,O09538,P0465,3,7131.53,0.05
I015884,O09539,P0035,2,10869.62,0.15
I015885,O09540,P0130,3,5669.17,0.0
I015886,O09541,P0244,2,6694.24,0.05
I015887,O09542,P0475,4,6070.94,0.2
I015888,O09542,P0132,2,8762.43,0.2
I015889,O09542,P0446,1,18710.12,0.2
I015890,O09543,P0271,1,10464.94,0.2
I015891,O09544,P0484,2,14051.85,0.15
I015892,O09545,P0392,1,10129.56,0.05
I015893,O09546,P0031,1,10837.07,0.2
I015894,O09546,P0246,3,3212.48,0.2
I015895,O09547,P0485,1,1818.67,0.0
I015896,O09548,P0047,2,3795.44,0.05
I015897,O09548,P0439,1,11309.42,0.05
I015898,O09549,P0344,1,5745.03,0.0
I015899,O09550,P0458,1,11252.82,0.0
I015900,O09551,P0409,2,8257.04,0.1
I015901,O09552,P0266,1,6946.78,0.0
I015902,O09553,P0479,1,2007.3,0.15
I015903,O09554,P0051,1,13023.34,0.05
I015904,O09555,P0359,4,17408.84,0.0
I015905,O09555,P0426,2,17258.9,0.0
I015906,O09555,P0137,1,2945.06,0.0
I015907,O09556,P0063,1,17989.43,0.05
I015908,O09557,P0033,1,2436.78,0.05
I015909,O09557,P0410,1,8140.59,0.05
I015910,O09557,P0289,1,5068.21,0.05
I015911,O09558,P0129,2,15750.63,0.05
I015912,O09558,P0050,1,12181.9,0.05
I015913,O09559,P0038,2,13981.96,0.1
I015914,O09559,P0023,1,8677.28,0.1
I015915,O09560,P0349,1,17040.15,0.1
I015916,O09560,P0449,2,3785.19,0.1
I015917,O09561,P0331,1,7610.91,0.05
I015918,O09561,P0211,2,12771.97,0.05
I015919,O09562,P0485,1,1818.67,0.2
I015920,O09563,P0191,2,14335.92,0.05
I015921,O09563,P0427,2,2376.46,0.05
I015922,O09563,P0405,1,10874.23,0.05
I015923,O09564,P0190,2,4813.84,0.05
I015924,O09565,P0406,1,1199.98,0.1
I015925,O09566,P0488,1,6474.12,0.05
I015926,O09566,P0204,2,3139.42,0.05
I015927,O09566,P0031,2,10837.07,0.05
I015928,O09567,P0412,2,14362.31,0.0
I015929,O09567,P0360,1,4434.75,0.0
I015930,O09568,P0321,1,15173.01,0.0
I015931,O09569,P0331,1,7610.91,0.25
I015932,O09569,P0308,2,10963.13,0.25
I015933,O09569,P0495,2,3120.64,0.25
I015934,O09570,P0384,2,21014.31,0.15
I015935,O09571,P0193,1,3841.48,0.2
I015936,O09572,P0395,2,16050.27,0.0
I015937,O09573,P0259,1,9091.06,0.0
I015938,O09573,P0305,1,5268.03,0.0
I015939,O09573,P0099,1,11095.32,0.0
I015940,O09574,P0468,2,17686.56,0.1
I015941,O09575,P0126,1,12590.35,0.0
I015942,O09576,P0056,1,5412.25,0.05
I015943,O09577,P0348,2,19194.75,0.25
I015944,O09578,P0347,1,207.7,0.05
I015945,O09579,P0169,1,5258.15,0.25
I015946,O09580,P0213,1,13682.03,0.0
I015947,O09580,P0309,1,879.52,0.0
I015948,O09581,P0045,2,5553.07,0.05
I015949,O09582,P0384,2,21014.31,0.0
I015950,O09582,P0481,2,1854.72,0.0
I015951,O09583,P0322,1,179.06,0.1
I015952,O09583,P0328,2,15667.69,0.1
I015953,O09584,P0497,3,5343.08,0.05
I015954,O09585,P0485,1,1818.67,0.1
I015955,O09585,P0487,1,2276.61,0.1
I015956,O09586,P0150,2,19657.29,0.15
I015957,O09587,P0135,1,13687.78,0.1
I015958,O09588,P0089,5,21527.82,0.15
I015959,O09589,P0145,1,5897.75,0.1
I015960,O09590,P0005,4,2113.83,0.15
I015961,O09591,P0155,1,16173.54,0.1
I015962,O09592,P0021,2,18265.35,0.2
I015963,O09592,P0224,1,14337.8,0.2
I015964,O09593,P0167,1,2741.53,0.15
I015965,O09593,P0249,1,11650.12,0.15
I015966,O09594,P0107,1,12811.73,0.05
I015967,O09594,P0411,1,9751.96,0.05
I015968,O09594,P0378,1,224.7,0.05
I015969,O09595,P0418,1,12929.12,0.1
I015970,O09596,P0461,1,6940.51,0.2
I015971,O09596,P0102,3,4552.64,0.2
I015972,O09596,P0410,1,8140.59,0.2
I015973,O09597,P0116,2,14318.59,0.2
I015974,O09597,P0141,1,2669.4,0.2
I015975,O09598,P0137,3,2945.06,0.1
I015976,O09598,P0167,1,2741.53,0.1
I015977,O09599,P0239,3,10044.2,0.05
I015978,O09599,P0259,1,9091.06,0.05
I015979,O09599,P0188,2,6865.34,0.05
I015980,O09599,P0175,1,8354.48,0.05
I015981,O09600,P0188,3,6865.34,0.05
I015982,O09601,P0409,1,8257.04,0.05
I015983,O09601,P0443,1,3024.24,0.05
I015984,O09602,P0492,5,13278.61,0.0
I015985,O09602,P0004,1,21658.55,0.0
I015986,O09603,P0135,3,13687.78,0.3
I015987,O09604,P0234,4,6819.79,0.15
I015988,O09604,P0033,1,2436.78,0.15
I015989,O09605,P0321,2,15173.01,0.05
I015990,O09606,P0268,1,21182.18,0.05
I015991,O09607,P0485,2,1818.67,0.05
I015992,O09607,P0105,2,10085.48,0.05
I015993,O09608,P0304,1,5766.34,0.2
I015994,O09609,P0339,2,8938.6,0.1
I015995,O09610,P0425,1,3871.16,0.05
I015996,O09610,P0372,2,5715.65,0.05
I015997,O09611,P0462,1,8013.86,0.15
I015998,O09612,P0154,1,13970.67,0.15
I015999,O09613,P0408,1,12252.4,0.1
I016000,O09614,P0453,1,2027.99,0.15
I016001,O09615,P0342,2,8867.09,0.15
I016002,O09616,P0306,1,20887.78,0.0
I016003,O09617,P0454,1,13398.41,0.2
I016004,O09618,P0168,2,11374.5,0.05
I016005,O09619,P0121,2,5223.81,0.3
I016006,O09620,P0262,4,12660.19,0.2
I016007,O09621,P0086,2,12651.01,0.0
I016008,O09621,P0273,1,1414.88,0.0
I016009,O09621,P0204,1,3139.42,0.0
I016010,O09622,P0115,2,10805.92,0.1
I016011,O09623,P0435,2,11265.94,0.25
I016012,O09624,P0168,1,11374.5,0.1
I016013,O09624,P0064,2,18152.26,0.1
I016014,O09625,P0395,1,16050.27,0.1
I016015,O09625,P0470,1,16384.1,0.1
I016016,O09626,P0051,2,13023.34,0.25
I016017,O09627,P0380,1,1803.38,0.1
I016018,O09627,P0333,1,16891.72,0.1
I016019,O09628,P0116,1,14318.59,0.05
I016020,O09629,P0328,3,15667.69,0.1
I016021,O09629,P0339,1,8938.6,0.1
I016022,O09629,P0289,2,5068.21,0.1
I016023,O09630,P0469,1,12828.28,0.05
I016024,O09630,P0096,2,7114.07,0.05
I016025,O09630,P0348,1,19194.75,0.05
I016026,O09631,P0091,3,5800.05,0.0
I016027,O09631,P0295,1,12191.72,0.0
I016028,O09632,P0322,1,179.06,0.05
I016029,O09633,P0298,5,14301.55,0.0
I016030,O09634,P0329,1,6837.04,0.0
I016031,O09634,P0133,2,16221.29,0.0
I016032,O09635,P0093,1,11807.43,0.05
I016033,O09636,P0274,3,16208.88,0.15
I016034,O09636,P0113,2,1476.37,0.15
I016035,O09637,P0186,1,14403.22,0.05
I016036,O09638,P0125,4,8357.18,0.15
I016037,O09638,P0054,3,22196.9,0.15
I016038,O09639,P0032,1,12721.46,0.3
I016039,O09639,P0323,1,19857.8,0.3
I016040,O09639,P0324,1,2232.66,0.3
I016041,O09640,P0010,1,8507.4,0.1
I016042,O09641,P0172,4,13856.39,0.1
I016043,O09641,P0475,1,6070.94,0.1
I016044,O09642,P0157,1,1053.8,0.1
I016045,O09643,P0248,4,5481.12,0.05
I016046,O09643,P0437,1,9057.77,0.05
I016047,O09644,P0275,1,18205.93,0.05
I016048,O09644,P0127,1,12125.3,0.05
I016049,O09645,P0487,2,2276.61,0.25
I016050,O09646,P0200,1,9202.06,0.1
I016051,O09647,P0069,1,6827.67,0.25
I016052,O09647,P0033,2,2436.78,0.25
I016053,O09648,P0481,1,1854.72,0.05
I016054,O09649,P0062,1,2140.31,0.0
I016055,O09649,P0054,2,22196.9,0.0
I016056,O09650,P0453,1,2027.99,0.1
I016057,O09650,P0457,2,18511.82,0.1
I016058,O09651,P0152,3,11257.85,0.2
I016059,O09652,P0114,2,2768.84,0.15
I016060,O09653,P0337,1,6259.83,0.15
I016061,O09654,P0123,1,12283.66,0.1
I016062,O09655,P0288,1,16170.77,0.15
I016063,O09655,P0278,1,4045.44,0.15
I016064,O09655,P0200,1,9202.06,0.15
I016065,O09656,P0138,1,9332.54,0.05
I016066,O09656,P0398,1,15186.38,0.05
I016067,O09657,P0242,1,12806.32,0.05
I016068,O09658,P0185,1,11400.27,0.15
I016069,O09658,P0466,2,7584.85,0.15
I016070,O09658,P0359,3,17408.84,0.15
I016071,O09659,P0185,1,11400.27,0.15
I016072,O09660,P0269,2,9853.0,0.0
I016073,O09660,P0263,2,12622.11,0.0
I016074,O09660,P0076,1,12082.97,0.0
I016075,O09661,P0498,1,1038.57,0.0
I016076,O09662,P0293,2,5390.99,0.15
I016077,O09663,P0358,4,17680.82,0.0
I016078,O09664,P0437,2,9057.77,0.0
I016079,O09665,P0430,1,14535.8,0.05
I016080,O09665,P0142,1,7546.26,0.05
I016081,O09666,P0093,1,11807.43,0.1
I016082,O09666,P0338,1,9789.99,0.1
I016083,O09667,P0075,2,16717.1,0.05
I016084,O09667,P0099,3,11095.32,0.05
I016085,O09668,P0183,1,208.22,0.05
I016086,O09668,P0321,1,15173.01,0.05
I016087,O09668,P0024,2,14146.9,0.05
I016088,O09669,P0047,3,3795.44,0.0
I016089,O09670,P0490,1,17879.27,0.15
I016090,O09670,P0090,1,19317.51,0.15
I016091,O09671,P0359,5,17408.84,0.0
I016092,O09672,P0064,1,18152.26,0.1
I016093,O09672,P0394,5,9719.2,0.1
I016094,O09672,P0045,2,5553.07,0.1
I016095,O09673,P0144,1,5083.64,0.05
I016096,O09673,P0387,1,11008.74,0.05
I016097,O09673,P0316,3,18765.5,0.05
I016098,O09674,P0156,2,17438.42,0.05
I016099,O09675,P0390,1,2477.97,0.05
I016100,O09675,P0033,1,2436.78,0.05
I016101,O09676,P0091,1,5800.05,0.05
I016102,O09677,P0260,1,9638.98,0.1
I016103,O09677,P0033,3,2436.78,0.1
I016104,O09678,P0441,3,11253.53,0.15
I016105,O09679,P0372,1,5715.65,0.0
I016106,O09679,P0086,1,12651.01,0.0
I016107,O09679,P0358,1,17680.82,0.0
I016108,O09680,P0343,3,21720.15,0.05
I016109,O09680,P0225,2,925.67,0.05
I016110,O09681,P0438,2,9736.72,0.0
I016111,O09681,P0230,1,16237.69,0.0
I016112,O09681,P0046,2,15363.92,0.0
I016113,O09682,P0161,1,4912.94,0.25
I016114,O09682,P0013,2,1067.21,0.25
I016115,O09683,P0338,1,9789.99,0.1
I016116,O09684,P0027,1,6637.92,0.2
I016117,O09685,P0305,1,5268.03,0.05
I016118,O09686,P0252,1,18803.98,0.2
I016119,O09686,P0466,1,7584.85,0.2
I016120,O09687,P0092,1,3959.04,0.1
I016121,O09687,P0031,1,10837.07,0.1
I016122,O09688,P0328,3,15667.69,0.1
I016123,O09689,P0271,1,10464.94,0.1
I016124,O09689,P0333,2,16891.72,0.1
I016125,O09690,P0269,3,9853.0,0.0
I016126,O09690,P0221,2,9748.25,0.0
I016127,O09691,P0039,1,1954.54,0.05
I016128,O09691,P0290,1,5856.65,0.05
I016129,O09692,P0339,3,8938.6,0.1
I016130,O09693,P0473,2,731.76,0.1
I016131,O09693,P0116,1,14318.59,0.1
I016132,O09694,P0110,1,239.19,0.05
I016133,O09694,P0058,1,10856.44,0.05
I016134,O09694,P0204,1,3139.42,0.05
I016135,O09694,P0041,1,11579.02,0.05
I016136,O09695,P0120,1,15630.4,0.3
I016137,O09696,P0074,1,20503.04,0.2
I016138,O09697,P0459,2,15147.66,0.1
I016139,O09697,P0250,1,17490.25,0.1
I016140,O09698,P0492,1,13278.61,0.25
I016141,O09699,P0495,2,3120.64,0.1
I016142,O09700,P0433,3,11369.56,0.25
I016143,O09700,P0408,1,12252.4,0.25
I016144,O09701,P0198,1,15426.36,0.15
I016145,O09702,P0115,1,10805.92,0.05
I016146,O09703,P0266,2,6946.78,0.1
I016147,O09703,P0069,2,6827.67,0.1
I016148,O09704,P0161,1,4912.94,0.05
I016149,O09705,P0229,1,971.19,0.15
I016150,O09706,P0455,2,6841.97,0.15
I016151,O09707,P0204,2,3139.42,0.15
I016152,O09708,P0246,2,3212.48,0.1
I016153,O09709,P0388,2,10509.73,0.1
I016154,O09709,P0038,1,13981.96,0.1
I016155,O09710,P0136,1,10051.62,0.3
I016156,O09710,P0184,2,5176.95,0.3
I016157,O09711,P0223,1,12111.39,0.0
I016158,O09712,P0433,1,11369.56,0.0
I016159,O09713,P0341,1,9492.87,0.1
I016160,O09713,P0229,1,971.19,0.1
I016161,O09713,P0239,1,10044.2,0.1
I016162,O09714,P0076,1,12082.97,0.15
I016163,O09714,P0338,4,9789.99,0.15
I016164,O09715,P0323,2,19857.8,0.25
I016165,O09716,P0108,1,11560.22,0.1
I016166,O09717,P0403,3,10949.03,0.05
I016167,O09718,P0312,1,8312.33,0.2
I016168,O09718,P0004,2,21658.55,0.2
I016169,O09718,P0422,5,6180.37,0.2
I016170,O09719,P0226,4,1989.2,0.1
I016171,O09719,P0238,2,16729.81,0.1
I016172,O09719,P0185,1,11400.27,0.1
I016173,O09720,P0230,1,16237.69,0.0
I016174,O09721,P0396,1,6181.52,0.1
I016175,O09722,P0408,1,12252.4,0.1
I016176,O09723,P0344,4,5745.03,0.05
I016177,O09724,P0135,1,13687.78,0.0
I016178,O09724,P0323,1,19857.8,0.0
I016179,O09724,P0279,1,820.43,0.0
I016180,O09725,P0089,1,21527.82,0.0
I016181,O09726,P0348,1,19194.75,0.2
I016182,O09727,P0448,1,11150.05,0.1
I016183,O09728,P0282,2,4087.36,0.15
I016184,O09728,P0315,4,8767.22,0.15
I016185,O09729,P0269,5,9853.0,0.25
I016186,O09730,P0312,1,8312.33,0.15
I016187,O09731,P0075,1,16717.1,0.0
I016188,O09731,P0079,2,16242.79,0.0
I016189,O09731,P0161,1,4912.94,0.0
I016190,O09731,P0342,1,8867.09,0.0
I016191,O09732,P0288,1,16170.77,0.1
I016192,O09733,P0390,1,2477.97,0.1
I016193,O09734,P0420,2,5156.99,0.15
I016194,O09735,P0138,1,9332.54,0.25
I016195,O09735,P0228,2,7442.22,0.25
I016196,O09736,P0273,1,1414.88,0.05
I016197,O09736,P0357,2,4004.54,0.05
I016198,O09737,P0191,1,14335.92,0.2
I016199,O09738,P0097,1,16913.36,0.0
I016200,O09739,P0368,1,19421.03,0.2
I016201,O09740,P0435,1,11265.94,0.15
I016202,O09740,P0235,2,17675.52,0.15
I016203,O09740,P0150,1,19657.29,0.15
I016204,O09741,P0235,1,17675.52,0.0
I016205,O09742,P0478,1,24448.55,0.1
I016206,O09743,P0148,3,3827.6,0.25
I016207,O09743,P0115,1,10805.92,0.25
I016208,O09744,P0468,1,17686.56,0.1
I016209,O09745,P0164,2,744.63,0.0
I016210,O09745,P0459,1,15147.66,0.0
I016211,O09745,P0043,1,230.23,0.0
I016212,O09746,P0053,1,11740.23,0.3
I016213,O09747,P0302,1,10139.5,0.1
I016214,O09747,P0360,2,4434.75,0.1
I016215,O09748,P0440,4,10988.87,0.1
I016216,O09748,P0010,1,8507.4,0.1
I016217,O09748,P0210,4,3425.1,0.1
I016218,O09748,P0253,1,10206.89,0.1
I016219,O09749,P0225,1,925.67,0.25
I016220,O09750,P0399,5,9834.2,0.1
I016221,O09751,P0203,1,14797.26,0.15
I016222,O09751,P0410,2,8140.59,0.15
I016223,O09752,P0469,1,12828.28,0.15
I016224,O09753,P0047,4,3795.44,0.15
I016225,O09754,P0478,2,24448.55,0.15
I016226,O09755,P0489,2,16108.48,0.0
I016227,O09756,P0039,2,1954.54,0.25
I016228,O09757,P0023,3,8677.28,0.1
I016229,O09758,P0228,1,7442.22,0.1
I016230,O09759,P0432,2,1677.91,0.2
I016231,O09760,P0313,1,15225.55,0.05
I016232,O09761,P0461,2,6940.51,0.15
I016233,O09762,P0433,1,11369.56,0.05
I016234,O09762,P0224,1,14337.8,0.05
I016235,O09763,P0397,2,18087.88,0.15
I016236,O09764,P0304,1,5766.34,0.1
I016237,O09765,P0477,1,13272.75,0.05
I016238,O09766,P0289,1,5068.21,0.2
I016239,O09767,P0304,4,5766.34,0.15
I016240,O09768,P0410,1,8140.59,0.0
I016241,O09769,P0115,1,10805.92,0.0
I016242,O09769,P0479,2,2007.3,0.0
I016243,O09769,P0400,2,7063.54,0.0
I016244,O09769,P0383,1,5460.56,0.0
I016245,O09770,P0036,5,22992.46,0.05
I016246,O09770,P0262,4,12660.19,0.05
I016247,O09771,P0018,1,8521.23,0.15
I016248,O09772,P0039,1,1954.54,0.05
I016249,O09773,P0039,3,1954.54,0.3
I016250,O09773,P0217,4,2504.14,0.3
I016251,O09774,P0077,2,10405.98,0.2
I016252,O09775,P0419,5,11206.88,0.2
I016253,O09775,P0179,3,12189.37,0.2
I016254,O09775,P0098,2,18024.33,0.2
I016255,O09776,P0304,1,5766.34,0.0
I016256,O09776,P0432,1,1677.91,0.0
I016257,O09777,P0083,3,7026.05,0.25
I016258,O09778,P0256,1,10413.89,0.1
I016259,O09779,P0283,1,10933.03,0.1
I016260,O09779,P0200,1,9202.06,0.1
I016261,O09780,P0387,1,11008.74,0.0
I016262,O09781,P0366,1,12694.5,0.1
I016263,O09782,P0196,1,3827.41,0.1
I016264,O09782,P0241,1,9473.89,0.1
I016265,O09783,P0063,1,17989.43,0.1
I016266,O09784,P0492,1,13278.61,0.05
I016267,O09785,P0408,1,12252.4,0.1
I016268,O09786,P0238,1,16729.81,0.0
I016269,O09786,P0079,1,16242.79,0.0
I016270,O09787,P0331,2,7610.91,0.0
I016271,O09787,P0386,3,7920.43,0.0
I016272,O09787,P0415,3,19105.92,0.0
I016273,O09788,P0185,1,11400.27,0.05
I016274,O09789,P0407,2,775.43,0.15
I016275,O09790,P0296,1,10086.41,0.1
I016276,O09790,P0489,1,16108.48,0.1
I016277,O09790,P0249,2,11650.12,0.1
I016278,O09790,P0191,3,14335.92,0.1
I016279,O09791,P0283,1,10933.03,0.2
I016280,O09791,P0122,1,20389.93,0.2
I016281,O09792,P0256,2,10413.89,0.05
I016282,O09793,P0309,1,879.52,0.05
I016283,O09793,P0287,1,11017.89,0.05
I016284,O09793,P0374,2,20293.37,0.05
I016285,O09794,P0470,1,16384.1,0.15
I016286,O09795,P0390,1,2477.97,0.1
I016287,O09795,P0345,3,18312.01,0.1
I016288,O09796,P0177,1,5666.47,0.05
I016289,O09797,P0392,1,10129.56,0.1
I016290,O09798,P0004,1,21658.55,0.0
I016291,O09798,P0464,2,11639.56,0.0
I016292,O09799,P0448,1,11150.05,0.05
I016293,O09800,P0206,1,13942.45,0.1
I016294,O09801,P0472,2,6339.28,0.1
I016295,O09801,P0486,1,7416.01,0.1
I016296,O09802,P0323,1,19857.8,0.1
I016297,O09802,P0242,2,12806.32,0.1
I016298,O09803,P0045,2,5553.07,0.05
I016299,O09803,P0410,4,8140.59,0.05
I016300,O09803,P0134,1,8950.35,0.05
I016301,O09804,P0219,1,1340.09,0.1
I016302,O09805,P0293,2,5390.99,0.25
I016303,O09806,P0070,1,3923.76,0.2
I016304,O09807,P0430,3,14535.8,0.1
I016305,O09808,P0442,1,12851.94,0.2
I016306,O09809,P0295,3,12191.72,0.15
I016307,O09810,P0476,1,1078.88,0.1
I016308,O09811,P0107,1,12811.73,0.15
I016309,O09812,P0498,2,1038.57,0.05
I016310,O09812,P0280,4,19260.63,0.05
I016311,O09812,P0393,1,1256.74,0.05
I016312,O09813,P0377,1,7254.24,0.2
I016313,O09814,P0200,1,9202.06,0.05
I016314,O09815,P0166,1,4299.84,0.15
I016315,O09816,P0420,3,5156.99,0.05
I016316,O09817,P0389,1,10740.24,0.2
I016317,O09818,P0416,1,14378.26,0.05
I016318,O09818,P0310,1,6739.9,0.05
I016319,O09819,P0259,1,9091.06,0.15
I016320,O09819,P0002,1,685.44,0.15
I016321,O09819,P0037,2,5389.2,0.15
I016322,O09820,P0086,2,12651.01,0.1
I016323,O09821,P0076,1,12082.97,0.0
I016324,O09821,P0499,1,2390.13,0.0
I016325,O09822,P0462,2,8013.86,0.05
I016326,O09823,P0354,3,749.54,0.05
I016327,O09824,P0328,2,15667.69,0.1
I016328,O09824,P0484,1,14051.85,0.1
I016329,O09825,P0201,1,18090.68,0.05
I016330,O09825,P0195,2,18266.79,0.05
I016331,O09826,P0124,3,15514.19,0.0
I016332,O09827,P0383,4,5460.56,0.25
I016333,O09827,P0214,1,3598.9,0.25
I016334,O09828,P0436,1,9847.38,0.2
I016335,O09829,P0338,1,9789.99,0.0
I016336,O09830,P0142,1,7546.26,0.05
I016337,O09831,P0429,1,4623.76,0.1
I016338,O09831,P0146,2,12538.22,0.1
I016339,O09832,P0428,1,15197.13,0.05
I016340,O09832,P0261,3,9413.55,0.05
I016341,O09833,P0361,3,8061.24,0.05
I016342,O09833,P0205,3,15563.05,0.05
I016343,O09834,P0099,2,11095.32,0.1
I016344,O09835,P0198,1,15426.36,0.05
I016345,O09836,P0468,2,17686.56,0.1
I016346,O09836,P0126,1,12590.35,0.1
I016347,O09837,P0460,3,1760.09,0.0
I016348,O09837,P0035,1,10869.62,0.0
I016349,O09837,P0366,2,12694.5,0.0
I016350,O09837,P0264,2,11827.53,0.0
I016351,O09838,P0408,1,12252.4,0.05
I016352,O09838,P0331,2,7610.91,0.05
I016353,O09839,P0074,1,20503.04,0.0
I016354,O09840,P0123,2,12283.66,0.05
I016355,O09841,P0321,1,15173.01,0.15
I016356,O09841,P0015,3,198.88,0.15
I016357,O09841,P0242,2,12806.32,0.15
I016358,O09842,P0299,1,9253.96,0.15
I016359,O09843,P0324,1,2232.66,0.0
I016360,O09843,P0094,1,6917.65,0.0
I016361,O09844,P0250,3,17490.25,0.15
I016362,O09845,P0468,2,17686.56,0.0
I016363,O09846,P0144,1,5083.64,0.05
I016364,O09847,P0150,1,19657.29,0.1
I016365,O09848,P0166,1,4299.84,0.25
I016366,O09849,P0078,2,18121.01,0.25
I016367,O09849,P0322,1,179.06,0.25
I016368,O09849,P0111,2,4168.73,0.25
I016369,O09850,P0351,2,6684.2,0.1
I016370,O09850,P0377,1,7254.24,0.1
I016371,O09850,P0058,1,10856.44,0.1
I016372,O09851,P0043,1,230.23,0.15
I016373,O09851,P0210,1,3425.1,0.15
I016374,O09852,P0313,1,15225.55,0.1
I016375,O09852,P0276,1,15791.95,0.1
I016376,O09853,P0066,1,4602.72,0.15
I016377,O09854,P0123,2,12283.66,0.15
I016378,O09855,P0306,1,20887.78,0.15
I016379,O09855,P0004,3,21658.55,0.15
I016380,O09856,P0432,2,1677.91,0.1
I016381,O09856,P0222,2,6948.91,0.1
I016382,O09856,P0270,1,15544.12,0.1
I016383,O09857,P0249,1,11650.12,0.2
I016384,O09857,P0088,1,10596.08,0.2
I016385,O09858,P0027,1,6637.92,0.1
I016386,O09859,P0019,2,7331.38,0.15
I016387,O09860,P0149,1,18764.92,0.2
I016388,O09861,P0245,1,14211.09,0.15
I016389,O09861,P0235,1,17675.52,0.15
I016390,O09862,P0390,2,2477.97,0.1
I016391,O09862,P0104,1,389.71,0.1
I016392,O09863,P0288,1,16170.77,0.1
I016393,O09863,P0487,1,2276.61,0.1
I016394,O09864,P0428,3,15197.13,0.15
I016395,O09865,P0348,2,19194.75,0.0
I016396,O09865,P0313,2,15225.55,0.0
I016397,O09866,P0438,1,9736.72,0.1
I016398,O09866,P0044,1,4750.75,0.1
I016399,O09867,P0369,1,2936.18,0.05
I016400,O09868,P0206,1,13942.45,0.0
I016401,O09869,P0300,3,11744.09,0.2
I016402,O09870,P0240,4,16345.25,0.1
I016403,O09870,P0370,3,12293.71,0.1
I016404,O09871,P0363,1,11446.48,0.1
I016405,O09872,P0489,2,16108.48,0.1
I016406,O09873,P0196,3,3827.41,0.1
I016407,O09874,P0432,1,1677.91,0.05
I016408,O09875,P0006,3,12139.02,0.1
I016409,O09876,P0328,1,15667.69,0.05
I016410,O09877,P0337,1,6259.83,0.15
I016411,O09877,P0099,1,11095.32,0.15
I016412,O09878,P0263,1,12622.11,0.15
I016413,O09878,P0484,4,14051.85,0.15
I016414,O09878,P0185,1,11400.27,0.15
I016415,O09879,P0061,1,9428.51,0.0
I016416,O09880,P0211,1,12771.97,0.15
I016417,O09880,P0008,1,404.42,0.15
I016418,O09881,P0125,1,8357.18,0.05
I016419,O09882,P0068,1,658.18,0.05
I016420,O09882,P0421,1,3134.29,0.05
I016421,O09883,P0295,2,12191.72,0.05
I016422,O09884,P0369,1,2936.18,0.1
I016423,O09885,P0110,2,239.19,0.0
I016424,O09885,P0310,4,6739.9,0.0
I016425,O09886,P0317,2,14355.69,0.15
I016426,O09887,P0147,2,5903.16,0.1
I016427,O09888,P0066,1,4602.72,0.0
I016428,O09889,P0320,3,22881.56,0.1
I016429,O09889,P0487,1,2276.61,0.1
I016430,O09890,P0092,1,3959.04,0.1
I016431,O09890,P0074,1,20503.04,0.1
I016432,O09891,P0216,1,4253.32,0.05
I016433,O09891,P0280,1,19260.63,0.05
I016434,O09892,P0226,1,1989.2,0.2
I016435,O09892,P0464,2,11639.56,0.2
I016436,O09892,P0415,5,19105.92,0.2
I016437,O09893,P0219,1,1340.09,0.15
I016438,O09893,P0477,2,13272.75,0.15
I016439,O09893,P0079,1,16242.79,0.15
I016440,O09893,P0038,1,13981.96,0.15
I016441,O09894,P0435,1,11265.94,0.15
I016442,O09895,P0242,1,12806.32,0.0
I016443,O09896,P0150,1,19657.29,0.1
I016444,O09897,P0264,1,11827.53,0.2
I016445,O09897,P0379,1,4596.34,0.2
I016446,O09898,P0232,1,14966.59,0.15
I016447,O09899,P0494,1,9857.51,0.05
I016448,O09900,P0449,2,3785.19,0.2
I016449,O09901,P0046,1,15363.92,0.05
I016450,O09901,P0183,2,208.22,0.05
I016451,O09901,P0150,4,19657.29,0.05
I016452,O09902,P0404,2,7190.22,0.2
I016453,O09902,P0186,1,14403.22,0.2
I016454,O09902,P0035,1,10869.62,0.2
I016455,O09903,P0124,3,15514.19,0.1
I016456,O09904,P0338,1,9789.99,0.15
I016457,O09904,P0347,2,207.7,0.15
I016458,O09904,P0403,3,10949.03,0.15
I016459,O09905,P0499,2,2390.13,0.1
I016460,O09905,P0185,2,11400.27,0.1
I016461,O09905,P0012,5,9210.89,0.1
I016462,O09906,P0127,1,12125.3,0.05
I016463,O09906,P0340,2,6540.28,0.05
I016464,O09907,P0465,1,7131.53,0.15
I016465,O09908,P0084,1,10059.02,0.0
I016466,O09909,P0329,1,6837.04,0.2
I016467,O09910,P0307,1,8542.99,0.25
I016468,O09911,P0333,1,16891.72,0.05
I016469,O09911,P0253,2,10206.89,0.05
I016470,O09912,P0005,1,2113.83,0.2
I016471,O09913,P0493,1,17331.35,0.0
I016472,O09913,P0321,2,15173.01,0.0
I016473,O09914,P0212,3,15959.35,0.1
I016474,O09914,P0236,3,13763.86,0.1
I016475,O09915,P0123,2,12283.66,0.05
I016476,O09916,P0450,2,2255.15,0.05
I016477,O09917,P0397,1,18087.88,0.15
I016478,O09918,P0115,1,10805.92,0.15
I016479,O09919,P0150,2,19657.29,0.2
I016480,O09919,P0325,1,883.29,0.2
I016481,O09920,P0446,1,18710.12,0.0
I016482,O09920,P0064,2,18152.26,0.0
I016483,O09921,P0019,2,7331.38,0.2
I016484,O09921,P0137,2,2945.06,0.2
I016485,O09921,P0325,1,883.29,0.2
I016486,O09922,P0141,4,2669.4,0.0
I016487,O09922,P0224,1,14337.8,0.0
I016488,O09923,P0177,1,5666.47,0.1
I016489,O09923,P0427,4,2376.46,0.1
I016490,O09924,P0373,2,8955.67,0.0
I016491,O09925,P0068,1,658.18,0.2
I016492,O09926,P0122,4,20389.93,0.1
I016493,O09927,P0204,2,3139.42,0.1
I016494,O09927,P0074,1,20503.04,0.1
I016495,O09928,P0041,4,11579.02,0.1
I016496,O09928,P0348,2,19194.75,0.1
I016497,O09928,P0398,2,15186.38,0.1
I016498,O09929,P0291,1,8891.78,0.1
I016499,O09929,P0394,4,9719.2,0.1
I016500,O09930,P0467,1,7857.91,0.1
I016501,O09930,P0383,1,5460.56,0.1
I016502,O09930,P0498,1,1038.57,0.1
I016503,O09931,P0190,1,4813.84,0.1
I016504,O09931,P0441,1,11253.53,0.1
I016505,O09931,P0386,4,7920.43,0.1
I016506,O09931,P0030,1,18850.92,0.1
I016507,O09932,P0120,1,15630.4,0.15
I016508,O09932,P0061,1,9428.51,0.15
I016509,O09933,P0145,1,5897.75,0.05
I016510,O09933,P0459,1,15147.66,0.05
I016511,O09934,P0018,1,8521.23,0.15
I016512,O09935,P0236,1,13763.86,0.2
I016513,O09936,P0406,1,1199.98,0.2
I016514,O09936,P0485,1,1818.67,0.2
I016515,O09936,P0199,1,13045.06,0.2
I016516,O09937,P0251,1,13718.51,0.25
I016517,O09937,P0386,1,7920.43,0.25
I016518,O09938,P0457,1,18511.82,0.25
I016519,O09938,P0405,1,10874.23,0.25
I016520,O09938,P0263,3,12622.11,0.25
I016521,O09938,P0335,1,3821.2,0.25
I016522,O09939,P0052,4,22717.29,0.0
I016523,O09940,P0217,2,2504.14,0.2
I016524,O09940,P0290,4,5856.65,0.2
I016525,O09941,P0101,1,13448.78,0.2
I016526,O09942,P0039,1,1954.54,0.05
I016527,O09943,P0225,2,925.67,0.15
I016528,O09944,P0172,2,13856.39,0.25
I016529,O09945,P0394,1,9719.2,0.0
I016530,O09945,P0070,3,3923.76,0.0
I016531,O09945,P0477,1,13272.75,0.0
I016532,O09946,P0127,1,12125.3,0.05
I016533,O09947,P0140,4,23423.37,0.25
I016534,O09947,P0157,1,1053.8,0.25
I016535,O09947,P0108,2,11560.22,0.25
I016536,O09948,P0078,1,18121.01,0.1
I016537,O09948,P0413,1,4516.32,0.1
I016538,O09949,P0207,1,9618.99,0.0
I016539,O09950,P0358,1,17680.82,0.25
I016540,O09950,P0190,2,4813.84,0.25
I016541,O09951,P0462,1,8013.86,0.2
I016542,O09951,P0426,3,17258.9,0.2
I016543,O09951,P0123,2,12283.66,0.2
I016544,O09952,P0134,1,8950.35,0.15
I016545,O09952,P0167,3,2741.53,0.15
I016546,O09953,P0108,2,11560.22,0.15
I016547,O09954,P0153,3,6065.86,0.1
I016548,O09955,P0066,1,4602.72,0.2
I016549,O09956,P0084,1,10059.02,0.05
I016550,O09956,P0456,3,5984.52,0.05
I016551,O09957,P0234,2,6819.79,0.05
I016552,O09958,P0265,1,16102.0,0.05
I016553,O09958,P0435,1,11265.94,0.05
I016554,O09959,P0153,3,6065.86,0.1
I016555,O09960,P0231,1,5606.43,0.05
I016556,O09960,P0234,2,6819.79,0.05
I016557,O09961,P0296,1,10086.41,0.05
I016558,O09962,P0496,1,20624.48,0.15
I016559,O09962,P0092,1,3959.04,0.15
I016560,O09962,P0241,1,9473.89,0.15
I016561,O09963,P0051,1,13023.34,0.1
I016562,O09964,P0455,5,6841.97,0.15
I016563,O09965,P0095,1,708.58,0.1
I016564,O09965,P0475,2,6070.94,0.1
I016565,O09966,P0049,1,10387.8,0.0
I016566,O09967,P0275,4,18205.93,0.15
I016567,O09968,P0360,1,4434.75,0.0
I016568,O09968,P0147,1,5903.16,0.0
I016569,O09969,P0155,2,16173.54,0.25
I016570,O09969,P0294,2,9318.36,0.25
I016571,O09970,P0197,2,5628.38,0.2
I016572,O09971,P0018,1,8521.23,0.25
I016573,O09971,P0358,2,17680.82,0.25
I016574,O09971,P0475,1,6070.94,0.25
I016575,O09972,P0209,2,17935.22,0.05
I016576,O09973,P0152,2,11257.85,0.1
I016577,O09973,P0055,1,18288.33,0.1
I016578,O09974,P0302,1,10139.5,0.05
I016579,O09975,P0183,1,208.22,0.1
I016580,O09976,P0256,1,10413.89,0.05
I016581,O09977,P0023,2,8677.28,0.2
I016582,O09977,P0077,1,10405.98,0.2
I016583,O09978,P0404,1,7190.22,0.0
I016584,O09979,P0455,1,6841.97,0.05
I016585,O09980,P0158,2,9904.7,0.05
I016586,O09981,P0004,1,21658.55,0.15
I016587,O09981,P0042,1,18369.63,0.15
I016588,O09981,P0423,1,13857.3,0.15
I016589,O09982,P0121,2,5223.81,0.1
I016590,O09982,P0070,1,3923.76,0.1
I016591,O09983,P0030,1,18850.92,0.0
I016592,O09984,P0419,2,11206.88,0.1
I016593,O09984,P0379,2,4596.34,0.1
I016594,O09984,P0161,2,4912.94,0.1
I016595,O09984,P0218,2,10519.23,0.1
I016596,O09985,P0001,1,12680.89,0.2
I016597,O09985,P0254,1,1468.59,0.2
I016598,O09985,P0173,1,11347.23,0.2
I016599,O09986,P0358,1,17680.82,0.1
I016600,O09986,P0004,1,21658.55,0.1
I016601,O09987,P0239,1,10044.2,0.1
I016602,O09988,P0098,1,18024.33,0.1
I016603,O09988,P0310,1,6739.9,0.1
I016604,O09988,P0010,3,8507.4,0.1
I016605,O09989,P0209,1,17935.22,0.05
I016606,O09989,P0073,2,14367.83,0.05
I016607,O09989,P0264,1,11827.53,0.05
I016608,O09990,P0480,4,12036.43,0.0
I016609,O09991,P0047,1,3795.44,0.05
I016610,O09991,P0403,2,10949.03,0.05
I016611,O09992,P0334,3,5599.91,0.25
I016612,O09992,P0312,1,8312.33,0.25
I016613,O09993,P0350,1,14181.21,0.05
I016614,O09993,P0395,1,16050.27,0.05
I016615,O09994,P0131,3,2329.3,0.05
I016616,O09994,P0458,4,11252.82,0.05
I016617,O09994,P0374,1,20293.37,0.05
I016618,O09994,P0200,2,9202.06,0.05
I016619,O09995,P0050,1,12181.9,0.1
I016620,O09995,P0252,1,18803.98,0.1
I016621,O09996,P0316,1,18765.5,0.2
I016622,O09996,P0341,1,9492.87,0.2
I016623,O09997,P0068,5,658.18,0.05
I016624,O09997,P0462,1,8013.86,0.05
I016625,O09998,P0071,1,1222.75,0.05
I016626,O09999,P0160,1,6251.25,0.2
I016627,O10000,P0344,3,5745.03,0.15
I016628,O10001,P0150,2,19657.29,0.15
I016629,O10002,P0147,4,5903.16,0.1
I016630,O10002,P0206,1,13942.45,0.1
I016631,O10003,P0378,1,224.7,0.1
I016632,O10004,P0444,1,4611.38,0.1
I016633,O10005,P0260,1,9638.98,0.05
I016634,O10005,P0089,2,21527.82,0.05
I016635,O10006,P0371,4,14987.41,0.15
I016636,O10007,P0310,5,6739.9,0.1
I016637,O10008,P0336,2,5532.6,0.15
I016638,O10009,P0059,1,7497.65,0.15
I016639,O10009,P0430,2,14535.8,0.15
I016640,O10010,P0347,5,207.7,0.0
I016641,O10010,P0233,2,9166.88,0.0
I016642,O10010,P0114,3,2768.84,0.0
I016643,O10011,P0007,2,20905.26,0.15
I016644,O10012,P0040,2,10694.19,0.05
I016645,O10013,P0444,3,4611.38,0.05
I016646,O10014,P0206,4,13942.45,0.15
I016647,O10014,P0397,2,18087.88,0.15
I016648,O10014,P0225,1,925.67,0.15
I016649,O10015,P0360,3,4434.75,0.25
I016650,O10015,P0310,2,6739.9,0.25
I016651,O10015,P0263,3,12622.11,0.25
I016652,O10016,P0187,2,6663.59,0.15
I016653,O10017,P0361,1,8061.24,0.05
I016654,O10017,P0402,1,5149.65,0.05
I016655,O10017,P0243,1,5300.75,0.05
I016656,O10018,P0392,1,10129.56,0.15
I016657,O10019,P0082,2,8524.01,0.05
I016658,O10020,P0063,1,17989.43,0.1
I016659,O10020,P0197,3,5628.38,0.1
I016660,O10021,P0140,1,23423.37,0.0
I016661,O10022,P0443,1,3024.24,0.2
I016662,O10022,P0173,1,11347.23,0.2
I016663,O10022,P0079,1,16242.79,0.2
I016664,O10023,P0215,1,2961.47,0.1
I016665,O10024,P0289,2,5068.21,0.2
I016666,O10024,P0455,3,6841.97,0.2
I016667,O10024,P0305,3,5268.03,0.2
I016668,O10024,P0007,1,20905.26,0.2
I016669,O10025,P0140,1,23423.37,0.05
I016670,O10025,P0454,2,13398.41,0.05
I016671,O10025,P0407,1,775.43,0.05
I016672,O10026,P0443,3,3024.24,0.0
I016673,O10027,P0150,1,19657.29,0.15
I016674,O10027,P0213,1,13682.03,0.15
I016675,O10028,P0025,3,21151.19,0.2
I016676,O10029,P0118,2,11312.75,0.0
I016677,O10029,P0346,2,17166.81,0.0
I016678,O10030,P0239,1,10044.2,0.1
I016679,O10031,P0465,1,7131.53,0.0
I016680,O10031,P0332,1,9365.5,0.0
I016681,O10032,P0455,1,6841.97,0.0
I016682,O10033,P0299,4,9253.96,0.1
I016683,O10034,P0004,1,21658.55,0.25
I016684,O10034,P0344,1,5745.03,0.25
I016685,O10035,P0153,2,6065.86,0.1
I016686,O10035,P0297,2,14103.76,0.1
I016687,O10035,P0202,2,4958.04,0.1
I016688,O10036,P0386,1,7920.43,0.1
I016689,O10037,P0010,2,8507.4,0.05
I016690,O10037,P0035,1,10869.62,0.05
I016691,O10038,P0430,1,14535.8,0.05
I016692,O10038,P0195,1,18266.79,0.05
I016693,O10039,P0336,2,5532.6,0.05
I016694,O10040,P0220,1,4537.91,0.05
I016695,O10041,P0211,5,12771.97,0.0
I016696,O10042,P0322,2,179.06,0.15
I016697,O10043,P0091,1,5800.05,0.05
I016698,O10044,P0448,1,11150.05,0.0
I016699,O10045,P0158,4,9904.7,0.1
I016700,O10046,P0355,1,15161.64,0.25
I016701,O10047,P0046,2,15363.92,0.15
I016702,O10047,P0296,2,10086.41,0.15
I016703,O10048,P0332,1,9365.5,0.05
I016704,O10049,P0398,1,15186.38,0.1
I016705,O10050,P0114,2,2768.84,0.2
I016706,O10051,P0398,4,15186.38,0.0
I016707,O10051,P0498,1,1038.57,0.0
I016708,O10052,P0389,2,10740.24,0.05
I016709,O10052,P0483,1,14346.17,0.05
I016710,O10052,P0272,1,13853.17,0.05
I016711,O10053,P0466,1,7584.85,0.05
I016712,O10053,P0482,1,16166.73,0.05
I016713,O10054,P0142,2,7546.26,0.1
I016714,O10054,P0466,1,7584.85,0.1
I016715,O10054,P0326,1,1200.34,0.1
I016716,O10055,P0203,1,14797.26,0.1
I016717,O10056,P0306,1,20887.78,0.1
I016718,O10057,P0123,1,12283.66,0.0
I016719,O10058,P0429,1,4623.76,0.1
I016720,O10059,P0220,1,4537.91,0.05
I016721,O10060,P0298,1,14301.55,0.25
I016722,O10060,P0437,1,9057.77,0.25
I016723,O10060,P0423,1,13857.3,0.25
I016724,O10061,P0484,3,14051.85,0.15
I016725,O10062,P0455,1,6841.97,0.2
I016726,O10063,P0326,3,1200.34,0.15
I016727,O10064,P0373,1,8955.67,0.0
I016728,O10065,P0272,1,13853.17,0.1
I016729,O10065,P0163,1,16537.01,0.1
I016730,O10066,P0106,3,5470.36,0.15
I016731,O10066,P0242,1,12806.32,0.15
I016732,O10066,P0417,1,7877.14,0.15
I016733,O10066,P0103,1,9874.02,0.15
I016734,O10067,P0273,1,1414.88,0.1
I016735,O10067,P0175,2,8354.48,0.1
I016736,O10067,P0302,1,10139.5,0.1
I016737,O10068,P0493,1,17331.35,0.15
I016738,O10068,P0232,1,14966.59,0.15
I016739,O10068,P0378,2,224.7,0.15
I016740,O10069,P0257,1,8094.05,0.25
I016741,O10070,P0064,3,18152.26,0.05
I016742,O10071,P0101,1,13448.78,0.3
I016743,O10072,P0051,3,13023.34,0.0
I016744,O10073,P0255,4,2178.42,0.25
I016745,O10073,P0457,2,18511.82,0.25
I016746,O10074,P0061,4,9428.51,0.05
I016747,O10075,P0284,1,9183.48,0.15
I016748,O10075,P0144,1,5083.64,0.15
I016749,O10076,P0358,1,17680.82,0.15
I016750,O10076,P0180,3,5738.9,0.15
I016751,O10077,P0140,1,23423.37,0.15
I016752,O10077,P0385,1,9160.1,0.15
I016753,O10077,P0306,2,20887.78,0.15
I016754,O10077,P0321,1,15173.01,0.15
I016755,O10078,P0066,2,4602.72,0.1
I016756,O10078,P0152,1,11257.85,0.1
I016757,O10079,P0380,3,1803.38,0.0
I016758,O10079,P0258,1,5357.22,0.0
I016759,O10079,P0264,1,11827.53,0.0
I016760,O10079,P0216,1,4253.32,0.0
I016761,O10080,P0040,2,10694.19,0.15
I016762,O10081,P0018,1,8521.23,0.1
I016763,O10082,P0146,1,12538.22,0.05
I016764,O10083,P0418,1,12929.12,0.05
I016765,O10084,P0047,2,3795.44,0.05
I016766,O10085,P0210,1,3425.1,0.2
I016767,O10085,P0153,2,6065.86,0.2
I016768,O10085,P0166,1,4299.84,0.2
I016769,O10086,P0359,4,17408.84,0.15
I016770,O10086,P0222,1,6948.91,0.15
I016771,O10087,P0309,1,879.52,0.2
I016772,O10088,P0331,3,7610.91,0.0
I016773,O10088,P0102,1,4552.64,0.0
I016774,O10089,P0316,1,18765.5,0.15
I016775,O10090,P0162,1,11199.84,0.05
I016776,O10091,P0361,3,8061.24,0.15
I016777,O10091,P0335,1,3821.2,0.15
I016778,O10091,P0263,1,12622.11,0.15
I016779,O10092,P0192,1,13132.41,0.2
I016780,O10093,P0056,1,5412.25,0.15
I016781,O10093,P0259,1,9091.06,0.15
I016782,O10093,P0329,1,6837.04,0.15
I016783,O10093,P0401,2,18961.41,0.15
I016784,O10094,P0278,1,4045.44,0.2
I016785,O10095,P0442,1,12851.94,0.05
I016786,O10096,P0400,1,7063.54,0.1
I016787,O10097,P0446,1,18710.12,0.1
I016788,O10097,P0400,1,7063.54,0.1
I016789,O10097,P0021,2,18265.35,0.1
I016790,O10098,P0254,1,1468.59,0.2
I016791,O10099,P0029,4,7973.77,0.1
I016792,O10100,P0486,5,7416.01,0.15
I016793,O10101,P0123,2,12283.66,0.1
I016794,O10101,P0406,1,1199.98,0.1
I016795,O10102,P0160,1,6251.25,0.2
I016796,O10102,P0357,3,4004.54,0.2
I016797,O10103,P0045,2,5553.07,0.1
I016798,O10104,P0268,1,21182.18,0.0
I016799,O10105,P0391,1,16675.09,0.25
I016800,O10106,P0327,1,7197.89,0.1
I016801,O10107,P0131,1,2329.3,0.15
I016802,O10107,P0202,2,4958.04,0.15
I016803,O10107,P0175,3,8354.48,0.15
I016804,O10107,P0358,2,17680.82,0.15
I016805,O10108,P0146,2,12538.22,0.15
I016806,O10108,P0295,2,12191.72,0.15
I016807,O10108,P0198,1,15426.36,0.15
I016808,O10108,P0449,2,3785.19,0.15
I016809,O10109,P0411,1,9751.96,0.1
I016810,O10109,P0001,1,12680.89,0.1
I016811,O10109,P0065,2,11896.67,0.1
I016812,O10109,P0105,1,10085.48,0.1
I016813,O10110,P0435,1,11265.94,0.25
I016814,O10111,P0367,3,14116.53,0.15
I016815,O10111,P0456,1,5984.52,0.15
I016816,O10112,P0266,1,6946.78,0.05
I016817,O10112,P0211,3,12771.97,0.05
I016818,O10112,P0232,1,14966.59,0.05
I016819,O10113,P0289,2,5068.21,0.3
I016820,O10114,P0024,2,14146.9,0.3
I016821,O10115,P0426,1,17258.9,0.05
I016822,O10115,P0465,1,7131.53,0.05
I016823,O10116,P0183,1,208.22,0.3
I016824,O10117,P0206,4,13942.45,0.1
I016825,O10117,P0007,1,20905.26,0.1
I016826,O10118,P0021,1,18265.35,0.05
I016827,O10119,P0451,2,18517.71,0.25
I016828,O10119,P0495,2,3120.64,0.25
I016829,O10120,P0166,1,4299.84,0.0
I016830,O10120,P0154,1,13970.67,0.0
I016831,O10120,P0459,2,15147.66,0.0
I016832,O10121,P0473,1,731.76,0.1
I016833,O10122,P0452,1,14623.62,0.2
I016834,O10123,P0300,2,11744.09,0.2
I016835,O10123,P0002,4,685.44,0.2
I016836,O10123,P0346,2,17166.81,0.2
I016837,O10124,P0420,1,5156.99,0.0
I016838,O10124,P0020,4,16894.73,0.0
I016839,O10125,P0137,2,2945.06,0.1
I016840,O10126,P0005,4,2113.83,0.0
I016841,O10126,P0292,1,21583.15,0.0
I016842,O10126,P0232,2,14966.59,0.0
I016843,O10126,P0156,5,17438.42,0.0
I016844,O10127,P0107,1,12811.73,0.05
I016845,O10128,P0056,3,5412.25,0.25
I016846,O10128,P0179,1,12189.37,0.25
I016847,O10129,P0047,1,3795.44,0.2
I016848,O10130,P0135,2,13687.78,0.15
I016849,O10131,P0262,2,12660.19,0.2
I016850,O10132,P0389,1,10740.24,0.05
I016851,O10133,P0432,1,1677.91,0.2
I016852,O10133,P0150,1,19657.29,0.2
I016853,O10133,P0455,1,6841.97,0.2
I016854,O10134,P0069,3,6827.67,0.15
I016855,O10135,P0005,3,2113.83,0.15
I016856,O10135,P0331,1,7610.91,0.15
I016857,O10136,P0415,1,19105.92,0.0
I016858,O10137,P0423,1,13857.3,0.05
I016859,O10137,P0428,1,15197.13,0.05
I016860,O10137,P0191,2,14335.92,0.05
I016861,O10137,P0008,1,404.42,0.05
I016862,O10138,P0367,3,14116.53,0.0
I016863,O10138,P0498,1,1038.57,0.0
I016864,O10138,P0060,1,10597.6,0.0
I016865,O10138,P0428,2,15197.13,0.0
I016866,O10139,P0346,2,17166.81,0.0
I016867,O10139,P0405,3,10874.23,0.0
I016868,O10139,P0185,1,11400.27,0.0
I016869,O10140,P0232,3,14966.59,0.05
I016870,O10140,P0268,1,21182.18,0.05
I016871,O10141,P0102,4,4552.64,0.1
I016872,O10142,P0346,1,17166.81,0.15
I016873,O10143,P0144,3,5083.64,0.0
I016874,O10143,P0420,2,5156.99,0.0
I016875,O10143,P0319,1,17097.24,0.0
I016876,O10144,P0348,5,19194.75,0.0
I016877,O10145,P0242,1,12806.32,0.2
I016878,O10145,P0422,4,6180.37,0.2
I016879,O10146,P0276,1,15791.95,0.0
I016880,O10147,P0336,1,5532.6,0.1
I016881,O10147,P0150,1,19657.29,0.1
I016882,O10148,P0400,3,7063.54,0.0
I016883,O10148,P0244,1,6694.24,0.0
I016884,O10149,P0291,1,8891.78,0.1
I016885,O10150,P0432,1,1677.91,0.0
I016886,O10151,P0098,2,18024.33,0.15
I016887,O10151,P0157,2,1053.8,0.15
I016888,O10152,P0342,2,8867.09,0.0
I016889,O10152,P0253,2,10206.89,0.0
I016890,O10152,P0409,2,8257.04,0.0
I016891,O10153,P0425,1,3871.16,0.1
I016892,O10154,P0200,4,9202.06,0.1
I016893,O10154,P0307,2,8542.99,0.1
I016894,O10154,P0373,2,8955.67,0.1
I016895,O10155,P0104,5,389.71,0.25
I016896,O10156,P0134,1,8950.35,0.1
I016897,O10156,P0012,1,9210.89,0.1
I016898,O10157,P0173,1,11347.23,0.0
I016899,O10158,P0178,1,9447.65,0.1
I016900,O10159,P0397,2,18087.88,0.15
I016901,O10160,P0218,1,10519.23,0.05
I016902,O10161,P0078,2,18121.01,0.1
I016903,O10161,P0095,1,708.58,0.1
I016904,O10161,P0440,1,10988.87,0.1
I016905,O10162,P0419,1,11206.88,0.0
I016906,O10163,P0159,1,12341.8,0.1
I016907,O10163,P0288,1,16170.77,0.1
I016908,O10163,P0424,1,1099.43,0.1
I016909,O10164,P0429,1,4623.76,0.0
I016910,O10164,P0220,2,4537.91,0.0
I016911,O10165,P0384,1,21014.31,0.05
I016912,O10166,P0232,1,14966.59,0.1
I016913,O10167,P0265,3,16102.0,0.15
I016914,O10168,P0363,2,11446.48,0.05
I016915,O10168,P0295,3,12191.72,0.05
I016916,O10168,P0233,2,9166.88,0.05
I016917,O10169,P0006,1,12139.02,0.3
I016918,O10169,P0492,2,13278.61,0.3
I016919,O10170,P0015,1,198.88,0.05
I016920,O10171,P0368,2,19421.03,0.0
I016921,O10172,P0132,2,8762.43,0.2
I016922,O10172,P0312,1,8312.33,0.2
I016923,O10172,P0292,1,21583.15,0.2
I016924,O10173,P0276,3,15791.95,0.1
I016925,O10174,P0181,1,6969.81,0.15
I016926,O10175,P0057,1,14313.59,0.15
I016927,O10176,P0467,1,7857.91,0.3
I016928,O10176,P0296,1,10086.41,0.3
I016929,O10177,P0205,2,15563.05,0.05
I016930,O10177,P0419,1,11206.88,0.05
I016931,O10177,P0026,2,8043.88,0.05
I016932,O10177,P0119,3,14136.98,0.05
I016933,O10178,P0329,2,6837.04,0.1
I016934,O10179,P0314,1,5199.64,0.15
I016935,O10179,P0386,1,7920.43,0.15
I016936,O10179,P0410,1,8140.59,0.15
I016937,O10180,P0056,1,5412.25,0.0
I016938,O10180,P0078,1,18121.01,0.0
I016939,O10181,P0207,2,9618.99,0.05
I016940,O10181,P0143,2,2154.67,0.05
I016941,O10182,P0184,3,5176.95,0.05
I016942,O10182,P0259,1,9091.06,0.05
I016943,O10183,P0490,2,17879.27,0.05
I016944,O10183,P0352,2,10103.59,0.05
I016945,O10184,P0310,2,6739.9,0.15
I016946,O10185,P0200,1,9202.06,0.1
I016947,O10185,P0326,4,1200.34,0.1
I016948,O10185,P0096,2,7114.07,0.1
I016949,O10186,P0016,1,4929.52,0.15
I016950,O10186,P0352,3,10103.59,0.15
I016951,O10186,P0490,2,17879.27,0.15
I016952,O10186,P0049,1,10387.8,0.15
I016953,O10187,P0298,1,14301.55,0.1
I016954,O10188,P0300,1,11744.09,0.25
I016955,O10189,P0145,1,5897.75,0.1
I016956,O10190,P0473,1,731.76,0.1
I016957,O10190,P0139,1,11137.68,0.1
I016958,O10191,P0223,2,12111.39,0.05
I016959,O10192,P0193,2,3841.48,0.0
I016960,O10193,P0152,4,11257.85,0.15
I016961,O10193,P0391,1,16675.09,0.15
I016962,O10194,P0287,2,11017.89,0.2
I016963,O10194,P0281,1,8647.87,0.2
I016964,O10195,P0462,1,8013.86,0.2
I016965,O10195,P0168,1,11374.5,0.2
I016966,O10196,P0478,2,24448.55,0.15
I016967,O10196,P0158,1,9904.7,0.15
I016968,O10196,P0224,1,14337.8,0.15
I016969,O10196,P0021,3,18265.35,0.15
I016970,O10197,P0263,2,12622.11,0.05
I016971,O10198,P0432,1,1677.91,0.1
I016972,O10198,P0181,1,6969.81,0.1
I016973,O10199,P0138,2,9332.54,0.15
I016974,O10199,P0062,2,2140.31,0.15
I016975,O10200,P0402,1,5149.65,0.1
I016976,O10201,P0386,4,7920.43,0.25
I016977,O10202,P0022,1,16227.09,0.15
I016978,O10202,P0135,1,13687.78,0.15
I016979,O10203,P0361,3,8061.24,0.1
I016980,O10204,P0196,1,3827.41,0.3
I016981,O10205,P0139,4,11137.68,0.1
I016982,O10205,P0112,4,10276.51,0.1
I016983,O10205,P0138,3,9332.54,0.1
I016984,O10205,P0370,1,12293.71,0.1
I016985,O10206,P0092,3,3959.04,0.25
I016986,O10207,P0493,1,17331.35,0.0
I016987,O10208,P0157,2,1053.8,0.1
I016988,O10208,P0021,1,18265.35,0.1
I016989,O10208,P0034,1,3767.39,0.1
I016990,O10209,P0199,4,13045.06,0.05
I016991,O10210,P0039,1,1954.54,0.05
I016992,O10211,P0167,3,2741.53,0.0
I016993,O10212,P0371,5,14987.41,0.05
I016994,O10212,P0295,1,12191.72,0.05
I016995,O10213,P0446,1,18710.12,0.1
I016996,O10214,P0395,1,16050.27,0.15
I016997,O10214,P0352,1,10103.59,0.15
I016998,O10214,P0087,1,5413.54,0.15
I016999,O10215,P0326,3,1200.34,0.2
I017000,O10216,P0463,1,7934.67,0.05
I017001,O10217,P0073,1,14367.83,0.15
I017002,O10218,P0264,2,11827.53,0.0
I017003,O10219,P0132,2,8762.43,0.2
I017004,O10219,P0111,2,4168.73,0.2
I017005,O10219,P0175,1,8354.48,0.2
I017006,O10219,P0379,1,4596.34,0.2
I017007,O10220,P0412,1,14362.31,0.1
I017008,O10220,P0075,1,16717.1,0.1
I017009,O10220,P0388,1,10509.73,0.1
I017010,O10221,P0159,1,12341.8,0.2
I017011,O10222,P0079,2,16242.79,0.05
I017012,O10223,P0428,3,15197.13,0.05
I017013,O10224,P0321,1,15173.01,0.0
I017014,O10224,P0336,1,5532.6,0.0
I017015,O10225,P0470,2,16384.1,0.0
I017016,O10225,P0033,1,2436.78,0.0
I017017,O10226,P0002,1,685.44,0.2
I017018,O10226,P0468,2,17686.56,0.2
I017019,O10226,P0289,1,5068.21,0.2
I017020,O10227,P0355,1,15161.64,0.05
I017021,O10227,P0417,3,7877.14,0.05
I017022,O10228,P0113,2,1476.37,0.05
I017023,O10228,P0126,1,12590.35,0.05
I017024,O10229,P0409,1,8257.04,0.1
I017025,O10230,P0058,1,10856.44,0.15
I017026,O10231,P0196,3,3827.41,0.0
I017027,O10231,P0316,2,18765.5,0.0
I017028,O10232,P0203,1,14797.26,0.1
I017029,O10232,P0276,1,15791.95,0.1
I017030,O10233,P0358,1,17680.82,0.1
I017031,O10234,P0017,1,9858.5,0.2
I017032,O10234,P0395,1,16050.27,0.2
I017033,O10234,P0013,1,1067.21,0.2
I017034,O10234,P0391,5,16675.09,0.2
I017035,O10235,P0195,1,18266.79,0.0
I017036,O10235,P0273,1,1414.88,0.0
I017037,O10236,P0030,2,18850.92,0.1
I017038,O10237,P0368,1,19421.03,0.1
I017039,O10237,P0425,1,3871.16,0.1
I017040,O10238,P0232,3,14966.59,0.2
I017041,O10239,P0213,2,13682.03,0.05
I017042,O10240,P0396,1,6181.52,0.0
I017043,O10240,P0030,1,18850.92,0.0
I017044,O10241,P0155,1,16173.54,0.1
I017045,O10241,P0201,1,18090.68,0.1
I017046,O10241,P0297,1,14103.76,0.1
I017047,O10242,P0404,1,7190.22,0.15
I017048,O10243,P0451,1,18517.71,0.1
I017049,O10243,P0489,1,16108.48,0.1
I017050,O10244,P0037,2,5389.2,0.1
I017051,O10245,P0323,1,19857.8,0.05
I017052,O10246,P0071,2,1222.75,0.1
I017053,O10247,P0205,1,15563.05,0.0
I017054,O10247,P0253,1,10206.89,0.0
I017055,O10248,P0440,1,10988.87,0.1
I017056,O10248,P0457,1,18511.82,0.1
I017057,O10249,P0249,3,11650.12,0.1
I017058,O10250,P0294,5,9318.36,0.25
I017059,O10251,P0245,1,14211.09,0.05
I017060,O10251,P0158,1,9904.7,0.05
I017061,O10252,P0097,1,16913.36,0.0
I017062,O10253,P0474,1,2142.32,0.15
I017063,O10253,P0119,1,14136.98,0.15
I017064,O10254,P0006,1,12139.02,0.0
I017065,O10254,P0012,1,9210.89,0.0
I017066,O10255,P0338,1,9789.99,0.1
I017067,O10255,P0424,4,1099.43,0.1
I017068,O10255,P0461,1,6940.51,0.1
I017069,O10256,P0461,1,6940.51,0.05
I017070,O10256,P0444,1,4611.38,0.05
I017071,O10257,P0197,1,5628.38,0.1
I017072,O10258,P0271,2,10464.94,0.1
I017073,O10259,P0102,5,4552.64,0.15
I017074,O10260,P0059,2,7497.65,0.05
I017075,O10260,P0042,2,18369.63,0.05
I017076,O10260,P0292,1,21583.15,0.05
I017077,O10261,P0014,1,14738.4,0.0
I017078,O10262,P0375,1,1937.18,0.1
I017079,O10263,P0358,1,17680.82,0.2
I017080,O10264,P0446,1,18710.12,0.1
I017081,O10264,P0470,1,16384.1,0.1
I017082,O10264,P0078,1,18121.01,0.1
I017083,O10265,P0127,1,12125.3,0.05
I017084,O10265,P0108,4,11560.22,0.05
I017085,O10266,P0082,2,8524.01,0.1
I017086,O10266,P0198,1,15426.36,0.1
I017087,O10267,P0478,2,24448.55,0.1
I017088,O10268,P0338,3,9789.99,0.0
I017089,O10269,P0364,2,20513.3,0.1
I017090,O10269,P0101,1,13448.78,0.1
I017091,O10269,P0332,3,9365.5,0.1
I017092,O10270,P0179,1,12189.37,0.0
I017093,O10271,P0132,2,8762.43,0.0
I017094,O10271,P0243,1,5300.75,0.0
I017095,O10271,P0337,1,6259.83,0.0
I017096,O10271,P0252,2,18803.98,0.0
I017097,O10272,P0120,1,15630.4,0.05
I017098,O10272,P0484,3,14051.85,0.05
I017099,O10272,P0367,1,14116.53,0.05
I017100,O10273,P0005,1,2113.83,0.15
I017101,O10274,P0434,2,15961.32,0.2
I017102,O10274,P0041,2,11579.02,0.2
I017103,O10274,P0116,4,14318.59,0.2
I017104,O10274,P0094,2,6917.65,0.2
I017105,O10275,P0130,1,5669.17,0.05
I017106,O10275,P0188,2,6865.34,0.05
I017107,O10276,P0432,5,1677.91,0.1
I017108,O10276,P0361,1,8061.24,0.1
I017109,O10276,P0429,1,4623.76,0.1
I017110,O10277,P0472,1,6339.28,0.0
I017111,O10277,P0420,1,5156.99,0.0
I017112,O10278,P0244,2,6694.24,0.3
I017113,O10278,P0046,2,15363.92,0.3
I017114,O10278,P0498,3,1038.57,0.3
I017115,O10279,P0253,1,10206.89,0.15
I017116,O10279,P0409,2,8257.04,0.15
I017117,O10280,P0241,1,9473.89,0.05
I017118,O10281,P0223,1,12111.39,0.2
I017119,O10282,P0360,1,4434.75,0.05
I017120,O10283,P0217,1,2504.14,0.05
I017121,O10283,P0343,3,21720.15,0.05
I017122,O10284,P0226,2,1989.2,0.05
I017123,O10285,P0442,1,12851.94,0.1
I017124,O10286,P0423,1,13857.3,0.0
I017125,O10287,P0142,2,7546.26,0.15
I017126,O10287,P0221,1,9748.25,0.15
I017127,O10287,P0160,1,6251.25,0.15
I017128,O10287,P0298,4,14301.55,0.15
I017129,O10288,P0209,1,17935.22,0.25
I017130,O10289,P0075,1,16717.1,0.15
I017131,O10290,P0461,1,6940.51,0.15
I017132,O10290,P0350,2,14181.21,0.15
I017133,O10291,P0236,1,13763.86,0.15
I017134,O10291,P0239,4,10044.2,0.15
I017135,O10292,P0083,1,7026.05,0.05
I017136,O10293,P0207,3,9618.99,0.05
I017137,O10294,P0342,3,8867.09,0.05
I017138,O10294,P0276,1,15791.95,0.05
I017139,O10294,P0041,1,11579.02,0.05
I017140,O10295,P0194,1,4785.07,0.0
I017141,O10296,P0181,1,6969.81,0.2
I017142,O10297,P0283,1,10933.03,0.1
I017143,O10297,P0467,1,7857.91,0.1
I017144,O10297,P0363,1,11446.48,0.1
I017145,O10298,P0055,3,18288.33,0.15
I017146,O10298,P0340,2,6540.28,0.15
I017147,O10298,P0068,2,658.18,0.15
I017148,O10299,P0060,3,10597.6,0.05
I017149,O10300,P0099,1,11095.32,0.0
I017150,O10301,P0060,1,10597.6,0.2
I017151,O10302,P0049,1,10387.8,0.15
I017152,O10302,P0146,1,12538.22,0.15
I017153,O10303,P0311,4,13470.81,0.1
I017154,O10303,P0415,2,19105.92,0.1
I017155,O10304,P0109,2,7019.11,0.0
I017156,O10305,P0449,1,3785.19,0.05
I017157,O10305,P0122,1,20389.93,0.05
I017158,O10306,P0346,1,17166.81,0.0
I017159,O10306,P0453,1,2027.99,0.0
I017160,O10306,P0149,1,18764.92,0.0
I017161,O10307,P0124,1,15514.19,0.2
I017162,O10308,P0081,4,12661.97,0.05
I017163,O10309,P0177,1,5666.47,0.1
I017164,O10310,P0249,1,11650.12,0.25
I017165,O10310,P0385,1,9160.1,0.25
I017166,O10311,P0074,1,20503.04,0.1
I017167,O10312,P0405,3,10874.23,0.1
I017168,O10313,P0427,1,2376.46,0.2
I017169,O10314,P0378,2,224.7,0.15
I017170,O10314,P0138,1,9332.54,0.15
I017171,O10314,P0289,2,5068.21,0.15
I017172,O10315,P0268,1,21182.18,0.1
I017173,O10315,P0327,2,7197.89,0.1
I017174,O10315,P0322,1,179.06,0.1
I017175,O10315,P0052,4,22717.29,0.1
I017176,O10316,P0030,3,18850.92,0.0
I017177,O10317,P0073,1,14367.83,0.1
I017178,O10318,P0258,1,5357.22,0.05
I017179,O10318,P0097,4,16913.36,0.05
I017180,O10318,P0279,1,820.43,0.05
I017181,O10319,P0494,2,9857.51,0.1
I017182,O10320,P0311,1,13470.81,0.0
I017183,O10321,P0297,2,14103.76,0.05
I017184,O10321,P0101,2,13448.78,0.05
I017185,O10322,P0113,4,1476.37,0.0
I017186,O10323,P0463,1,7934.67,0.0
I017187,O10324,P0410,2,8140.59,0.15
I017188,O10325,P0017,1,9858.5,0.25
I017189,O10325,P0208,1,17414.46,0.25
I017190,O10325,P0250,1,17490.25,0.25
I017191,O10326,P0073,2,14367.83,0.1
I017192,O10327,P0025,1,21151.19,0.0
I017193,O10327,P0369,2,2936.18,0.0
I017194,O10327,P0188,3,6865.34,0.0
I017195,O10328,P0213,1,13682.03,0.05
I017196,O10329,P0234,2,6819.79,0.05
I017197,O10329,P0129,1,15750.63,0.05
I017198,O10330,P0255,1,2178.42,0.0
I017199,O10330,P0038,1,13981.96,0.0
I017200,O10331,P0063,1,17989.43,0.2
I017201,O10332,P0116,3,14318.59,0.1
I017202,O10332,P0416,1,14378.26,0.1
I017203,O10332,P0302,1,10139.5,0.1
I017204,O10333,P0453,1,2027.99,0.0
I017205,O10333,P0439,2,11309.42,0.0
I017206,O10333,P0205,1,15563.05,0.0
I017207,O10334,P0192,3,13132.41,0.15
I017208,O10334,P0108,1,11560.22,0.15
I017209,O10335,P0069,3,6827.67,0.0
I017210,O10336,P0254,1,1468.59,0.05
I017211,O10336,P0488,1,6474.12,0.05
I017212,O10337,P0433,1,11369.56,0.1
I017213,O10338,P0495,1,3120.64,0.1
I017214,O10339,P0167,5,2741.53,0.2
I017215,O10339,P0385,1,9160.1,0.2
I017216,O10340,P0292,2,21583.15,0.1
I017217,O10341,P0278,2,4045.44,0.05
I017218,O10342,P0336,1,5532.6,0.1
I017219,O10343,P0410,1,8140.59,0.15
I017220,O10344,P0028,1,2327.59,0.1
I017221,O10344,P0115,1,10805.92,0.1
I017222,O10344,P0111,3,4168.73,0.1
I017223,O10344,P0372,1,5715.65,0.1
I017224,O10345,P0256,1,10413.89,0.05
I017225,O10345,P0271,2,10464.94,0.05
I017226,O10345,P0013,4,1067.21,0.05
I017227,O10346,P0047,3,3795.44,0.05
I017228,O10347,P0206,2,13942.45,0.15
I017229,O10348,P0331,1,7610.91,0.1
I017230,O10349,P0125,1,8357.18,0.0
I017231,O10349,P0234,1,6819.79,0.0
I017232,O10349,P0135,1,13687.78,0.0
I017233,O10350,P0173,1,11347.23,0.1
I017234,O10351,P0410,1,8140.59,0.1
I017235,O10351,P0003,2,14157.19,0.1
I017236,O10351,P0380,3,1803.38,0.1
I017237,O10351,P0377,1,7254.24,0.1
I017238,O10352,P0414,2,3244.46,0.15
I017239,O10353,P0435,2,11265.94,0.0
I017240,O10353,P0295,1,12191.72,0.0
I017241,O10354,P0122,3,20389.93,0.0
I017242,O10354,P0108,3,11560.22,0.0
I017243,O10354,P0162,2,11199.84,0.0
I017244,O10354,P0100,1,7091.79,0.0
I017245,O10355,P0127,3,12125.3,0.2
I017246,O10356,P0427,3,2376.46,0.05
I017247,O10357,P0301,1,1551.88,0.0
I017248,O10357,P0233,1,9166.88,0.0
I017249,O10358,P0431,2,7800.63,0.05
I017250,O10358,P0383,3,5460.56,0.05
I017251,O10359,P0422,1,6180.37,0.2
I017252,O10359,P0352,2,10103.59,0.2
I017253,O10360,P0315,2,8767.22,0.0
I017254,O10360,P0133,1,16221.29,0.0
I017255,O10361,P0352,3,10103.59,0.05
I017256,O10362,P0055,1,18288.33,0.1
I017257,O10362,P0457,1,18511.82,0.1
I017258,O10363,P0495,3,3120.64,0.0
I017259,O10364,P0393,4,1256.74,0.1
I017260,O10365,P0010,2,8507.4,0.15
I017261,O10365,P0201,1,18090.68,0.15
I017262,O10366,P0485,4,1818.67,0.05
I017263,O10367,P0492,2,13278.61,0.0
I017264,O10368,P0478,1,24448.55,0.1
I017265,O10368,P0293,1,5390.99,0.1
I017266,O10368,P0470,1,16384.1,0.1
I017267,O10369,P0078,1,18121.01,0.15
I017268,O10369,P0140,1,23423.37,0.15
I017269,O10370,P0152,2,11257.85,0.15
I017270,O10370,P0258,1,5357.22,0.15
I017271,O10371,P0393,1,1256.74,0.0
I017272,O10371,P0392,1,10129.56,0.0
I017273,O10372,P0466,2,7584.85,0.1
I017274,O10372,P0128,1,11542.08,0.1
I017275,O10373,P0494,1,9857.51,0.05
I017276,O10373,P0485,1,1818.67,0.05
I017277,O10374,P0478,1,24448.55,0.1
I017278,O10375,P0067,1,18606.26,0.1
I017279,O10375,P0102,3,4552.64,0.1
I017280,O10375,P0019,1,7331.38,0.1
I017281,O10376,P0006,2,12139.02,0.15
I017282,O10377,P0054,2,22196.9,0.0
I017283,O10378,P0495,1,3120.64,0.0
I017284,O10379,P0298,1,14301.55,0.1
I017285,O10379,P0491,5,14558.18,0.1
I017286,O10380,P0095,4,708.58,0.1
I017287,O10381,P0159,2,12341.8,0.05
I017288,O10382,P0097,1,16913.36,0.0
I017289,O10382,P0473,1,731.76,0.0
I017290,O10382,P0256,1,10413.89,0.0
I017291,O10383,P0297,1,14103.76,0.2
I017292,O10383,P0007,1,20905.26,0.2
I017293,O10383,P0074,3,20503.04,0.2
I017294,O10383,P0155,1,16173.54,0.2
I017295,O10384,P0461,2,6940.51,0.05
I017296,O10384,P0345,2,18312.01,0.05
I017297,O10385,P0340,1,6540.28,0.1
I017298,O10386,P0484,1,14051.85,0.0
I017299,O10387,P0016,1,4929.52,0.15
I017300,O10387,P0307,1,8542.99,0.15
I017301,O10388,P0251,1,13718.51,0.3
I017302,O10388,P0349,1,17040.15,0.3
I017303,O10389,P0424,1,1099.43,0.25
I017304,O10390,P0080,1,8081.72,0.05
I017305,O10390,P0182,1,7028.31,0.05
I017306,O10391,P0247,3,5866.18,0.25
I017307,O10392,P0154,1,13970.67,0.1
I017308,O10392,P0076,1,12082.97,0.1
I017309,O10392,P0078,1,18121.01,0.1
I017310,O10392,P0487,2,2276.61,0.1
I017311,O10393,P0311,1,13470.81,0.05
I017312,O10394,P0430,1,14535.8,0.2
I017313,O10394,P0130,1,5669.17,0.2
I017314,O10395,P0343,2,21720.15,0.15
I017315,O10396,P0030,1,18850.92,0.1
I017316,O10397,P0125,2,8357.18,0.1
I017317,O10397,P0356,2,17911.43,0.1
I017318,O10398,P0206,2,13942.45,0.25
I017319,O10399,P0287,1,11017.89,0.1
I017320,O10399,P0445,1,5378.95,0.1
I017321,O10399,P0285,5,11518.27,0.1
I017322,O10400,P0312,2,8312.33,0.2
I017323,O10401,P0243,2,5300.75,0.15
I017324,O10401,P0459,2,15147.66,0.15
I017325,O10402,P0212,2,15959.35,0.0
I017326,O10403,P0258,2,5357.22,0.0
I017327,O10404,P0499,1,2390.13,0.0
I017328,O10404,P0369,1,2936.18,0.0
I017329,O10405,P0049,1,10387.8,0.0
I017330,O10406,P0005,1,2113.83,0.1
I017331,O10407,P0412,1,14362.31,0.0
I017332,O10407,P0211,1,12771.97,0.0
I017333,O10408,P0035,2,10869.62,0.0
I017334,O10409,P0316,2,18765.5,0.05
I017335,O10410,P0065,1,11896.67,0.1
I017336,O10410,P0052,1,22717.29,0.1
I017337,O10411,P0267,1,13380.29,0.05
I017338,O10411,P0358,1,17680.82,0.05
I017339,O10412,P0427,4,2376.46,0.05
I017340,O10413,P0188,1,6865.34,0.05
I017341,O10413,P0086,1,12651.01,0.05
I017342,O10414,P0357,1,4004.54,0.05
I017343,O10415,P0436,2,9847.38,0.25
I017344,O10415,P0280,1,19260.63,0.25
I017345,O10415,P0243,3,5300.75,0.25
I017346,O10416,P0065,1,11896.67,0.25
I017347,O10416,P0230,3,16237.69,0.25
I017348,O10416,P0262,2,12660.19,0.25
I017349,O10416,P0161,2,4912.94,0.25
I017350,O10417,P0222,1,6948.91,0.0
I017351,O10418,P0092,1,3959.04,0.0
I017352,O10419,P0106,1,5470.36,0.0
I017353,O10420,P0488,5,6474.12,0.05
I017354,O10421,P0149,2,18764.92,0.2
I017355,O10421,P0166,1,4299.84,0.2
I017356,O10422,P0070,1,3923.76,0.15
I017357,O10423,P0115,1,10805.92,0.05
I017358,O10424,P0013,2,1067.21,0.15
I017359,O10425,P0334,1,5599.91,0.25
I017360,O10425,P0038,3,13981.96,0.25
I017361,O10426,P0079,2,16242.79,0.05
I017362,O10427,P0363,2,11446.48,0.25
I017363,O10428,P0126,1,12590.35,0.15
I017364,O10429,P0051,1,13023.34,0.0
I017365,O10429,P0387,3,11008.74,0.0
I017366,O10430,P0467,1,7857.91,0.15
I017367,O10431,P0232,1,14966.59,0.0
I017368,O10432,P0189,1,1077.94,0.0
I017369,O10432,P0190,1,4813.84,0.0
I017370,O10432,P0054,1,22196.9,0.0
I017371,O10433,P0209,2,17935.22,0.15
I017372,O10434,P0174,1,14241.6,0.2
I017373,O10435,P0438,5,9736.72,0.1
I017374,O10435,P0301,2,1551.88,0.1
I017375,O10435,P0002,1,685.44,0.1
I017376,O10436,P0111,2,4168.73,0.0
I017377,O10437,P0043,1,230.23,0.1
I017378,O10438,P0268,3,21182.18,0.05
I017379,O10438,P0355,1,15161.64,0.05
I017380,O10438,P0211,1,12771.97,0.05
I017381,O10438,P0287,3,11017.89,0.05
I017382,O10439,P0384,1,21014.31,0.1
I017383,O10439,P0451,4,18517.71,0.1
I017384,O10440,P0079,4,16242.79,0.05
I017385,O10440,P0138,1,9332.54,0.05
I017386,O10440,P0092,1,3959.04,0.05
I017387,O10441,P0302,1,10139.5,0.1
I017388,O10442,P0427,1,2376.46,0.05
I017389,O10442,P0365,1,1546.12,0.05
I017390,O10443,P0277,2,14027.28,0.0
I017391,O10444,P0212,3,15959.35,0.15
I017392,O10444,P0491,1,14558.18,0.15
I017393,O10444,P0014,3,14738.4,0.15
I017394,O10444,P0279,2,820.43,0.15
I017395,O10445,P0271,1,10464.94,0.1
I017396,O10446,P0416,1,14378.26,0.05
I017397,O10446,P0477,2,13272.75,0.05
I017398,O10447,P0295,2,12191.72,0.1
I017399,O10448,P0280,1,19260.63,0.05
I017400,O10449,P0453,2,2027.99,0.05
I017401,O10450,P0384,3,21014.31,0.05
I017402,O10450,P0423,1,13857.3,0.05
I017403,O10451,P0128,3,11542.08,0.05
I017404,O10451,P0017,2,9858.5,0.05
I017405,O10451,P0256,1,10413.89,0.05
I017406,O10452,P0149,3,18764.92,0.1
I017407,O10452,P0357,2,4004.54,0.1
I017408,O10452,P0373,1,8955.67,0.1
I017409,O10453,P0343,2,21720.15,0.15
I017410,O10454,P0090,3,19317.51,0.25
I017411,O10454,P0479,1,2007.3,0.25
I017412,O10455,P0376,1,21096.71,0.05
I017413,O10455,P0306,2,20887.78,0.05
I017414,O10455,P0396,5,6181.52,0.05
I017415,O10456,P0104,4,389.71,0.25
I017416,O10456,P0199,2,13045.06,0.25
I017417,O10457,P0452,1,14623.62,0.05
I017418,O10458,P0410,1,8140.59,0.1
I017419,O10458,P0097,1,16913.36,0.1
I017420,O10459,P0309,3,879.52,0.0
I017421,O10460,P0472,1,6339.28,0.1
I017422,O10460,P0361,1,8061.24,0.1
I017423,O10461,P0407,2,775.43,0.1
I017424,O10462,P0094,1,6917.65,0.15
I017425,O10462,P0006,3,12139.02,0.15
I017426,O10463,P0030,2,18850.92,0.1
I017427,O10464,P0162,1,11199.84,0.3
I017428,O10465,P0266,1,6946.78,0.15
I017429,O10465,P0122,1,20389.93,0.15
I017430,O10465,P0127,4,12125.3,0.15
I017431,O10466,P0149,1,18764.92,0.25
I017432,O10466,P0129,2,15750.63,0.25
I017433,O10467,P0471,2,3362.5,0.1
I017434,O10467,P0333,1,16891.72,0.1
I017435,O10467,P0123,1,12283.66,0.1
I017436,O10468,P0251,2,13718.51,0.05
I017437,O10468,P0088,2,10596.08,0.05
I017438,O10469,P0328,2,15667.69,0.1
I017439,O10470,P0371,1,14987.41,0.1
I017440,O10470,P0295,4,12191.72,0.1
I017441,O10471,P0231,1,5606.43,0.1
I017442,O10471,P0282,2,4087.36,0.1
I017443,O10472,P0429,2,4623.76,0.1
I017444,O10473,P0120,2,15630.4,0.15
I017445,O10473,P0479,2,2007.3,0.15
I017446,O10473,P0013,1,1067.21,0.15
I017447,O10474,P0267,1,13380.29,0.15
I017448,O10474,P0364,1,20513.3,0.15
I017449,O10475,P0458,4,11252.82,0.1
I017450,O10476,P0114,1,2768.84,0.1
I017451,O10476,P0101,1,13448.78,0.1
I017452,O10477,P0385,3,9160.1,0.05
I017453,O10477,P0342,2,8867.09,0.05
I017454,O10478,P0044,2,4750.75,0.1
I017455,O10479,P0318,2,18336.52,0.0
I017456,O10479,P0118,2,11312.75,0.0
I017457,O10479,P0421,2,3134.29,0.0
I017458,O10479,P0444,2,4611.38,0.0
I017459,O10480,P0081,2,12661.97,0.1
I017460,O10480,P0243,1,5300.75,0.1
I017461,O10481,P0271,1,10464.94,0.0
I017462,O10481,P0011,1,6896.23,0.0
I017463,O10481,P0006,3,12139.02,0.0
I017464,O10482,P0190,2,4813.84,0.2
I017465,O10483,P0088,1,10596.08,0.1
I017466,O10484,P0152,1,11257.85,0.0
I017467,O10484,P0485,1,1818.67,0.0
I017468,O10484,P0482,1,16166.73,0.0
I017469,O10485,P0231,2,5606.43,0.0
I017470,O10486,P0011,1,6896.23,0.15
I017471,O10486,P0476,2,1078.88,0.15
I017472,O10487,P0142,2,7546.26,0.1
I017473,O10487,P0035,2,10869.62,0.1
I017474,O10488,P0257,1,8094.05,0.15
I017475,O10489,P0084,1,10059.02,0.15
I017476,O10490,P0292,3,21583.15,0.0
I017477,O10491,P0071,1,1222.75,0.0
I017478,O10492,P0457,1,18511.82,0.05
I017479,O10493,P0231,2,5606.43,0.0
I017480,O10493,P0188,1,6865.34,0.0
I017481,O10494,P0295,1,12191.72,0.0
I017482,O10495,P0138,1,9332.54,0.1
I017483,O10496,P0016,2,4929.52,0.1
I017484,O10497,P0266,2,6946.78,0.2
I017485,O10497,P0296,1,10086.41,0.2
I017486,O10498,P0387,1,11008.74,0.05
I017487,O10498,P0229,1,971.19,0.05
I017488,O10498,P0411,1,9751.96,0.05
I017489,O10499,P0312,1,8312.33,0.1
I017490,O10500,P0292,3,21583.15,0.2
I017491,O10501,P0044,2,4750.75,0.0
I017492,O10501,P0431,1,7800.63,0.0
I017493,O10502,P0447,2,13008.01,0.2
I017494,O10502,P0477,1,13272.75,0.2
I017495,O10503,P0443,3,3024.24,0.05
I017496,O10504,P0041,1,11579.02,0.2
I017497,O10505,P0009,2,10894.67,0.15
I017498,O10505,P0327,1,7197.89,0.15
I017499,O10506,P0004,1,21658.55,0.15
I017500,O10506,P0329,3,6837.04,0.15
I017501,O10507,P0340,2,6540.28,0.0
I017502,O10507,P0070,5,3923.76,0.0
I017503,O10508,P0163,2,16537.01,0.25
I017504,O10509,P0317,2,14355.69,0.1
I017505,O10510,P0196,4,3827.41,0.0
I017506,O10510,P0086,4,12651.01,0.0
I017507,O10511,P0437,2,9057.77,0.15
I017508,O10512,P0051,1,13023.34,0.2
I017509,O10512,P0402,1,5149.65,0.2
I017510,O10512,P0005,2,2113.83,0.2
I017511,O10512,P0481,1,1854.72,0.2
I017512,O10513,P0095,3,708.58,0.25
I017513,O10513,P0453,1,2027.99,0.25
I017514,O10514,P0093,2,11807.43,0.1
I017515,O10515,P0282,1,4087.36,0.1
I017516,O10515,P0134,1,8950.35,0.1
I017517,O10516,P0259,2,9091.06,0.1
I017518,O10516,P0388,2,10509.73,0.1
I017519,O10516,P0144,1,5083.64,0.1
I017520,O10516,P0006,1,12139.02,0.1
I017521,O10517,P0264,2,11827.53,0.05
I017522,O10518,P0041,1,11579.02,0.05
I017523,O10519,P0025,1,21151.19,0.1
I017524,O10520,P0052,1,22717.29,0.2
I017525,O10520,P0391,2,16675.09,0.2
I017526,O10521,P0445,1,5378.95,0.2
I017527,O10521,P0490,2,17879.27,0.2
I017528,O10522,P0139,1,11137.68,0.0
I017529,O10522,P0011,1,6896.23,0.0
I017530,O10523,P0244,1,6694.24,0.0
I017531,O10523,P0029,1,7973.77,0.0
I017532,O10524,P0336,1,5532.6,0.05
I017533,O10524,P0371,2,14987.41,0.05
I017534,O10524,P0344,2,5745.03,0.05
I017535,O10525,P0291,2,8891.78,0.1
I017536,O10526,P0125,5,8357.18,0.05
I017537,O10527,P0394,1,9719.2,0.1
I017538,O10528,P0086,3,12651.01,0.15
I017539,O10529,P0267,2,13380.29,0.2
I017540,O10530,P0331,1,7610.91,0.2
I017541,O10531,P0489,1,16108.48,0.05
I017542,O10532,P0015,1,198.88,0.05
I017543,O10533,P0282,1,4087.36,0.05
I017544,O10534,P0436,1,9847.38,0.15
I017545,O10535,P0157,2,1053.8,0.15
I017546,O10536,P0063,2,17989.43,0.0
I017547,O10536,P0377,3,7254.24,0.0
I017548,O10537,P0465,4,7131.53,0.0
I017549,O10538,P0137,1,2945.06,0.05
I017550,O10539,P0350,1,14181.21,0.05
I017551,O10540,P0252,1,18803.98,0.1
I017552,O10540,P0462,1,8013.86,0.1
I017553,O10540,P0398,2,15186.38,0.1
I017554,O10541,P0133,1,16221.29,0.0
I017555,O10542,P0436,2,9847.38,0.2
I017556,O10543,P0492,1,13278.61,0.1
I017557,O10544,P0440,1,10988.87,0.1
I017558,O10545,P0074,2,20503.04,0.1
I017559,O10545,P0404,1,7190.22,0.1
I017560,O10546,P0122,1,20389.93,0.1
I017561,O10546,P0228,1,7442.22,0.1
I017562,O10547,P0188,4,6865.34,0.1
I017563,O10548,P0053,1,11740.23,0.0
I017564,O10549,P0243,1,5300.75,0.05
I017565,O10549,P0281,1,8647.87,0.05
I017566,O10550,P0445,3,5378.95,0.15
I017567,O10550,P0133,1,16221.29,0.15
I017568,O10550,P0474,2,2142.32,0.15
I017569,O10551,P0118,1,11312.75,0.05
I017570,O10552,P0191,5,14335.92,0.05
I017571,O10552,P0431,1,7800.63,0.05
I017572,O10553,P0159,1,12341.8,0.1
I017573,O10554,P0442,1,12851.94,0.1
I017574,O10554,P0475,4,6070.94,0.1
I017575,O10554,P0498,1,1038.57,0.1
I017576,O10554,P0231,1,5606.43,0.1
I017577,O10555,P0460,1,1760.09,0.1
I017578,O10556,P0311,1,13470.81,0.25
I017579,O10557,P0104,4,389.71,0.0
I017580,O10558,P0330,1,621.58,0.1
I017581,O10559,P0113,3,1476.37,0.0
I017582,O10560,P0164,2,744.63,0.1
I017583,O10561,P0487,1,2276.61,0.05
I017584,O10561,P0465,1,7131.53,0.05
I017585,O10562,P0293,4,5390.99,0.15
I017586,O10563,P0147,1,5903.16,0.05
I017587,O10563,P0143,1,2154.67,0.05
I017588,O10564,P0216,1,4253.32,0.1
I017589,O10565,P0424,3,1099.43,0.1
I017590,O10565,P0452,3,14623.62,0.1
I017591,O10565,P0500,1,14456.78,0.1
I017592,O10566,P0336,2,5532.6,0.1
I017593,O10567,P0357,1,4004.54,0.05
I017594,O10567,P0150,1,19657.29,0.05
I017595,O10568,P0359,2,17408.84,0.0
I017596,O10569,P0448,1,11150.05,0.1
I017597,O10570,P0123,4,12283.66,0.1
I017598,O10571,P0049,1,10387.8,0.0
I017599,O10571,P0354,4,749.54,0.0
I017600,O10572,P0028,1,2327.59,0.1
I017601,O10573,P0317,2,14355.69,0.1
I017602,O10574,P0090,1,19317.51,0.1
I017603,O10574,P0404,2,7190.22,0.1
I017604,O10575,P0469,3,12828.28,0.0
I017605,O10576,P0128,1,11542.08,0.1
I017606,O10576,P0203,1,14797.26,0.1
I017607,O10577,P0010,1,8507.4,0.15
I017608,O10577,P0053,1,11740.23,0.15
I017609,O10578,P0401,1,18961.41,0.0
I017610,O10579,P0198,1,15426.36,0.1
I017611,O10580,P0364,1,20513.3,0.0
I017612,O10581,P0409,1,8257.04,0.05
I017613,O10582,P0135,2,13687.78,0.05
I017614,O10582,P0306,1,20887.78,0.05
I017615,O10583,P0267,2,13380.29,0.15
I017616,O10584,P0057,1,14313.59,0.05
I017617,O10584,P0462,1,8013.86,0.05
I017618,O10585,P0293,1,5390.99,0.05
I017619,O10586,P0377,3,7254.24,0.2
I017620,O10586,P0159,1,12341.8,0.2
I017621,O10586,P0065,1,11896.67,0.2
I017622,O10586,P0341,1,9492.87,0.2
I017623,O10587,P0095,2,708.58,0.15
I017624,O10587,P0141,1,2669.4,0.15
I017625,O10588,P0056,1,5412.25,0.1
I017626,O10589,P0090,1,19317.51,0.05
I017627,O10590,P0361,1,8061.24,0.15
I017628,O10591,P0092,1,3959.04,0.1
I017629,O10591,P0075,1,16717.1,0.1
I017630,O10592,P0236,1,13763.86,0.05
I017631,O10592,P0011,1,6896.23,0.05
I017632,O10593,P0179,1,12189.37,0.05
I017633,O10594,P0032,1,12721.46,0.1
I017634,O10595,P0047,1,3795.44,0.25
I017635,O10596,P0186,2,14403.22,0.1
I017636,O10596,P0091,3,5800.05,0.1
I017637,O10597,P0059,3,7497.65,0.15
I017638,O10597,P0403,1,10949.03,0.15
I017639,O10598,P0343,2,21720.15,0.05
I017640,O10599,P0394,1,9719.2,0.25
I017641,O10599,P0025,1,21151.19,0.25
I017642,O10599,P0160,1,6251.25,0.25
I017643,O10600,P0321,2,15173.01,0.1
I017644,O10601,P0190,2,4813.84,0.0
I017645,O10601,P0269,2,9853.0,0.0
I017646,O10601,P0063,2,17989.43,0.0
I017647,O10602,P0190,1,4813.84,0.15
I017648,O10603,P0024,3,14146.9,0.1
I017649,O10603,P0276,1,15791.95,0.1
I017650,O10603,P0085,1,14574.29,0.1
I017651,O10604,P0015,3,198.88,0.0
I017652,O10605,P0053,1,11740.23,0.0
I017653,O10606,P0262,1,12660.19,0.3
I017654,O10606,P0356,1,17911.43,0.3
I017655,O10606,P0248,1,5481.12,0.3
I017656,O10606,P0480,2,12036.43,0.3
I017657,O10607,P0450,1,2255.15,0.1
I017658,O10607,P0100,2,7091.79,0.1
I017659,O10608,P0417,1,7877.14,0.1
I017660,O10609,P0363,2,11446.48,0.05
I017661,O10610,P0282,1,4087.36,0.0
I017662,O10611,P0195,1,18266.79,0.1
I017663,O10611,P0241,1,9473.89,0.1
I017664,O10612,P0179,1,12189.37,0.05
I017665,O10613,P0362,1,7754.84,0.3
I017666,O10614,P0268,1,21182.18,0.0
I017667,O10615,P0366,2,12694.5,0.05
I017668,O10615,P0262,2,12660.19,0.05
I017669,O10616,P0033,1,2436.78,0.1
I017670,O10616,P0475,1,6070.94,0.1
I017671,O10616,P0236,3,13763.86,0.1
I017672,O10617,P0285,3,11518.27,0.15
I017673,O10617,P0282,1,4087.36,0.15
I017674,O10617,P0012,1,9210.89,0.15
I017675,O10618,P0037,2,5389.2,0.15
I017676,O10618,P0360,2,4434.75,0.15
I017677,O10618,P0374,1,20293.37,0.15
I017678,O10619,P0243,3,5300.75,0.05
I017679,O10620,P0442,1,12851.94,0.05
I017680,O10621,P0389,1,10740.24,0.0
I017681,O10621,P0177,1,5666.47,0.0
I017682,O10622,P0443,3,3024.24,0.05
I017683,O10622,P0142,1,7546.26,0.05
I017684,O10622,P0363,1,11446.48,0.05
I017685,O10622,P0171,1,6118.98,0.05
I017686,O10623,P0372,1,5715.65,0.0
I017687,O10623,P0079,1,16242.79,0.0
I017688,O10624,P0444,1,4611.38,0.2
I017689,O10625,P0197,1,5628.38,0.15
I017690,O10625,P0068,1,658.18,0.15
I017691,O10625,P0363,1,11446.48,0.15
I017692,O10626,P0415,1,19105.92,0.0
I017693,O10626,P0285,1,11518.27,0.0
I017694,O10627,P0492,1,13278.61,0.1
I017695,O10628,P0354,3,749.54,0.25
I017696,O10628,P0194,1,4785.07,0.25
I017697,O10629,P0069,1,6827.67,0.1
I017698,O10630,P0012,4,9210.89,0.1
I017699,O10631,P0104,1,389.71,0.05
I017700,O10632,P0232,1,14966.59,0.1
I017701,O10632,P0046,1,15363.92,0.1
I017702,O10633,P0374,1,20293.37,0.1
I017703,O10634,P0458,2,11252.82,0.0
I017704,O10635,P0106,3,5470.36,0.0
I017705,O10636,P0183,1,208.22,0.15
I017706,O10636,P0273,3,1414.88,0.15
I017707,O10637,P0479,2,2007.3,0.3
I017708,O10637,P0025,2,21151.19,0.3
I017709,O10638,P0101,2,13448.78,0.1
I017710,O10639,P0100,3,7091.79,0.2
I017711,O10640,P0466,2,7584.85,0.2
I017712,O10641,P0306,1,20887.78,0.05
I017713,O10642,P0378,2,224.7,0.05
I017714,O10643,P0142,1,7546.26,0.15
I017715,O10643,P0228,1,7442.22,0.15
I017716,O10643,P0458,1,11252.82,0.15
I017717,O10644,P0189,1,1077.94,0.2
I017718,O10645,P0370,1,12293.71,0.2
I017719,O10646,P0331,1,7610.91,0.05
I017720,O10646,P0001,1,12680.89,0.05
I017721,O10646,P0225,1,925.67,0.05
I017722,O10647,P0353,1,4627.28,0.05
I017723,O10648,P0299,3,9253.96,0.15
I017724,O10648,P0310,4,6739.9,0.15
I017725,O10649,P0410,1,8140.59,0.05
I017726,O10650,P0471,1,3362.5,0.2
I017727,O10650,P0485,2,1818.67,0.2
I017728,O10650,P0159,1,12341.8,0.2
I017729,O10651,P0309,3,879.52,0.1
I017730,O10652,P0350,1,14181.21,0.05
I017731,O10652,P0094,3,6917.65,0.05
I017732,O10652,P0043,1,230.23,0.05
I017733,O10653,P0331,3,7610.91,0.05
I017734,O10654,P0376,1,21096.71,0.15
I017735,O10654,P0077,3,10405.98,0.15
I017736,O10655,P0089,1,21527.82,0.0
I017737,O10656,P0439,3,11309.42,0.25
I017738,O10656,P0051,1,13023.34,0.25
I017739,O10657,P0367,1,14116.53,0.1
I017740,O10658,P0152,1,11257.85,0.2
I017741,O10658,P0448,2,11150.05,0.2
I017742,O10658,P0032,1,12721.46,0.2
I017743,O10659,P0274,3,16208.88,0.15
I017744,O10659,P0184,1,5176.95,0.15
I017745,O10659,P0413,2,4516.32,0.15
I017746,O10659,P0384,1,21014.31,0.15
I017747,O10660,P0011,4,6896.23,0.15
I017748,O10661,P0446,3,18710.12,0.15
I017749,O10661,P0303,2,15132.39,0.15
I017750,O10662,P0287,1,11017.89,0.1
I017751,O10663,P0091,2,5800.05,0.05
I017752,O10663,P0102,1,4552.64,0.05
I017753,O10664,P0329,1,6837.04,0.1
I017754,O10665,P0041,2,11579.02,0.1
I017755,O10665,P0057,1,14313.59,0.1
I017756,O10666,P0456,1,5984.52,0.05
I017757,O10667,P0380,1,1803.38,0.1
I017758,O10667,P0112,2,10276.51,0.1
I017759,O10668,P0214,4,3598.9,0.05
I017760,O10669,P0294,1,9318.36,0.15
I017761,O10669,P0053,2,11740.23,0.15
I017762,O10669,P0462,1,8013.86,0.15
I017763,O10669,P0067,1,18606.26,0.15
I017764,O10670,P0055,1,18288.33,0.2
I017765,O10671,P0346,1,17166.81,0.15
I017766,O10671,P0055,1,18288.33,0.15
I017767,O10672,P0125,1,8357.18,0.05
I017768,O10672,P0408,1,12252.4,0.05
I017769,O10673,P0009,1,10894.67,0.1
I017770,O10673,P0156,2,17438.42,0.1
I017771,O10673,P0181,3,6969.81,0.1
I017772,O10674,P0169,1,5258.15,0.0
I017773,O10675,P0193,1,3841.48,0.2
I017774,O10676,P0340,1,6540.28,0.05
I017775,O10677,P0125,2,8357.18,0.1
I017776,O10678,P0325,2,883.29,0.0
I017777,O10678,P0105,1,10085.48,0.0
I017778,O10679,P0269,4,9853.0,0.15
I017779,O10679,P0255,1,2178.42,0.15
I017780,O10679,P0313,3,15225.55,0.15
I017781,O10679,P0406,2,1199.98,0.15
I017782,O10680,P0379,2,4596.34,0.1
I017783,O10681,P0157,2,1053.8,0.05
I017784,O10682,P0250,1,17490.25,0.1
I017785,O10683,P0261,2,9413.55,0.0
I017786,O10684,P0314,2,5199.64,0.15
I017787,O10684,P0336,3,5532.6,0.15
I017788,O10685,P0362,1,7754.84,0.05
I017789,O10686,P0045,3,5553.07,0.1
I017790,O10686,P0389,2,10740.24,0.1
I017791,O10686,P0440,2,10988.87,0.1
I017792,O10687,P0019,1,7331.38,0.2
I017793,O10688,P0187,2,6663.59,0.0
I017794,O10688,P0207,1,9618.99,0.0
I017795,O10688,P0332,1,9365.5,0.0
I017796,O10689,P0090,1,19317.51,0.05
I017797,O10689,P0267,3,13380.29,0.05
I017798,O10690,P0437,1,9057.77,0.0
I017799,O10690,P0105,1,10085.48,0.0
I017800,O10691,P0070,2,3923.76,0.2
I017801,O10692,P0140,1,23423.37,0.05
I017802,O10692,P0339,3,8938.6,0.05
I017803,O10693,P0267,2,13380.29,0.05
I017804,O10693,P0335,1,3821.2,0.05
I017805,O10694,P0059,1,7497.65,0.15
I017806,O10695,P0109,1,7019.11,0.1
I017807,O10695,P0056,1,5412.25,0.1
I017808,O10695,P0460,1,1760.09,0.1
I017809,O10696,P0064,1,18152.26,0.15
I017810,O10697,P0462,1,8013.86,0.15
I017811,O10697,P0116,1,14318.59,0.15
I017812,O10697,P0480,2,12036.43,0.15
I017813,O10698,P0350,1,14181.21,0.25
I017814,O10698,P0484,3,14051.85,0.25
I017815,O10699,P0485,1,1818.67,0.0
I017816,O10700,P0493,1,17331.35,0.0
I017817,O10700,P0177,2,5666.47,0.0
I017818,O10701,P0009,2,10894.67,0.2
I017819,O10702,P0035,1,10869.62,0.25
I017820,O10703,P0424,1,1099.43,0.1
I017821,O10704,P0080,1,8081.72,0.1
I017822,O10704,P0183,2,208.22,0.1
I017823,O10705,P0429,2,4623.76,0.05
I017824,O10706,P0037,3,5389.2,0.15
I017825,O10707,P0196,1,3827.41,0.15
I017826,O10708,P0029,1,7973.77,0.05
I017827,O10709,P0199,1,13045.06,0.05
I017828,O10709,P0003,1,14157.19,0.05
I017829,O10710,P0149,2,18764.92,0.05
I017830,O10711,P0177,1,5666.47,0.0
I017831,O10712,P0259,1,9091.06,0.0
I017832,O10712,P0112,1,10276.51,0.0
I017833,O10712,P0203,4,14797.26,0.0
I017834,O10712,P0040,1,10694.19,0.0
I017835,O10713,P0204,1,3139.42,0.0
I017836,O10713,P0267,3,13380.29,0.0
I017837,O10713,P0105,1,10085.48,0.0
I017838,O10714,P0255,1,2178.42,0.0
I017839,O10714,P0026,1,8043.88,0.0
I017840,O10715,P0092,1,3959.04,0.1
I017841,O10715,P0300,1,11744.09,0.1
I017842,O10715,P0393,3,1256.74,0.1
I017843,O10716,P0448,1,11150.05,0.0
I017844,O10716,P0066,1,4602.72,0.0
I017845,O10717,P0261,3,9413.55,0.2
I017846,O10717,P0236,2,13763.86,0.2
I017847,O10718,P0313,1,15225.55,0.15
I017848,O10719,P0484,1,14051.85,0.15
I017849,O10720,P0118,5,11312.75,0.1
I017850,O10721,P0469,2,12828.28,0.15
I017851,O10722,P0100,1,7091.79,0.0
I017852,O10723,P0120,1,15630.4,0.0
I017853,O10724,P0309,1,879.52,0.3
I017854,O10724,P0441,1,11253.53,0.3
I017855,O10725,P0402,2,5149.65,0.05
I017856,O10726,P0450,3,2255.15,0.0
I017857,O10727,P0411,1,9751.96,0.0
I017858,O10728,P0464,2,11639.56,0.2
I017859,O10729,P0296,2,10086.41,0.05
I017860,O10729,P0122,4,20389.93,0.05
I017861,O10730,P0063,3,17989.43,0.1
I017862,O10730,P0418,1,12929.12,0.1
I017863,O10731,P0394,1,9719.2,0.15
I017864,O10731,P0027,1,6637.92,0.15
I017865,O10731,P0179,2,12189.37,0.15
I017866,O10732,P0464,1,11639.56,0.25
I017867,O10732,P0235,3,17675.52,0.25
I017868,O10733,P0252,2,18803.98,0.0
I017869,O10734,P0386,2,7920.43,0.1
I017870,O10735,P0164,1,744.63,0.3
I017871,O10736,P0072,3,8074.69,0.0
I017872,O10736,P0343,1,21720.15,0.0
I017873,O10736,P0092,3,3959.04,0.0
I017874,O10737,P0237,2,13454.07,0.0
I017875,O10737,P0071,1,1222.75,0.0
I017876,O10738,P0331,2,7610.91,0.0
I017877,O10739,P0404,2,7190.22,0.1
I017878,O10739,P0314,1,5199.64,0.1
I017879,O10740,P0244,1,6694.24,0.05
I017880,O10740,P0424,3,1099.43,0.05
I017881,O10740,P0099,2,11095.32,0.05
I017882,O10741,P0186,1,14403.22,0.15
I017883,O10742,P0225,1,925.67,0.1
I017884,O10742,P0392,2,10129.56,0.1
I017885,O10743,P0063,1,17989.43,0.1
I017886,O10743,P0393,1,1256.74,0.1
I017887,O10744,P0351,2,6684.2,0.1
I017888,O10745,P0041,1,11579.02,0.3
I017889,O10745,P0287,2,11017.89,0.3
I017890,O10745,P0374,1,20293.37,0.3
I017891,O10746,P0041,2,11579.02,0.1
I017892,O10746,P0010,1,8507.4,0.1
I017893,O10746,P0321,3,15173.01,0.1
I017894,O10747,P0411,1,9751.96,0.0
I017895,O10748,P0240,4,16345.25,0.05
I017896,O10749,P0174,1,14241.6,0.15
I017897,O10749,P0354,1,749.54,0.15
I017898,O10749,P0349,1,17040.15,0.15
I017899,O10750,P0215,1,2961.47,0.1
I017900,O10750,P0180,3,5738.9,0.1
I017901,O10750,P0284,1,9183.48,0.1
I017902,O10751,P0418,4,12929.12,0.15
I017903,O10751,P0310,2,6739.9,0.15
I017904,O10752,P0137,3,2945.06,0.25
I017905,O10752,P0360,2,4434.75,0.25
I017906,O10752,P0369,3,2936.18,0.25
I017907,O10752,P0250,1,17490.25,0.25
I017908,O10753,P0320,3,22881.56,0.1
I017909,O10754,P0210,1,3425.1,0.0
I017910,O10755,P0408,1,12252.4,0.3
I017911,O10756,P0175,2,8354.48,0.1
I017912,O10756,P0063,1,17989.43,0.1
I017913,O10756,P0231,1,5606.43,0.1
I017914,O10757,P0471,2,3362.5,0.0
I017915,O10758,P0129,1,15750.63,0.1
I017916,O10758,P0084,1,10059.02,0.1
I017917,O10758,P0014,2,14738.4,0.1
I017918,O10759,P0058,2,10856.44,0.1
I017919,O10760,P0035,1,10869.62,0.1
I017920,O10760,P0197,4,5628.38,0.1
I017921,O10761,P0146,1,12538.22,0.25
I017922,O10762,P0495,1,3120.64,0.05
I017923,O10762,P0243,2,5300.75,0.05
I017924,O10763,P0083,1,7026.05,0.0
I017925,O10764,P0355,1,15161.64,0.2
I017926,O10765,P0266,1,6946.78,0.05
I017927,O10765,P0428,1,15197.13,0.05
I017928,O10765,P0208,1,17414.46,0.05
I017929,O10766,P0453,1,2027.99,0.15
I017930,O10767,P0259,1,9091.06,0.05
I017931,O10768,P0054,1,22196.9,0.2
I017932,O10769,P0077,1,10405.98,0.2
I017933,O10770,P0400,1,7063.54,0.0
I017934,O10771,P0085,5,14574.29,0.0
I017935,O10772,P0248,2,5481.12,0.25
I017936,O10773,P0461,1,6940.51,0.15
I017937,O10774,P0252,1,18803.98,0.0
I017938,O10774,P0271,1,10464.94,0.0
I017939,O10775,P0495,1,3120.64,0.05
I017940,O10775,P0242,1,12806.32,0.05
I017941,O10776,P0322,3,179.06,0.1
I017942,O10776,P0181,1,6969.81,0.1
I017943,O10776,P0280,1,19260.63,0.1
I017944,O10777,P0140,1,23423.37,0.2
I017945,O10778,P0300,1,11744.09,0.0
I017946,O10779,P0106,2,5470.36,0.15
I017947,O10779,P0102,1,4552.64,0.15
I017948,O10780,P0480,2,12036.43,0.0
I017949,O10781,P0252,1,18803.98,0.1
I017950,O10781,P0247,1,5866.18,0.1
I017951,O10782,P0063,3,17989.43,0.15
I017952,O10782,P0019,1,7331.38,0.15
I017953,O10783,P0108,1,11560.22,0.0
I017954,O10784,P0286,2,8678.82,0.05
I017955,O10785,P0424,1,1099.43,0.15
I017956,O10786,P0408,3,12252.4,0.0
I017957,O10786,P0117,1,5812.89,0.0
I017958,O10787,P0471,1,3362.5,0.15
I017959,O10787,P0100,1,7091.79,0.15
I017960,O10787,P0110,1,239.19,0.15
I017961,O10788,P0162,1,11199.84,0.1
I017962,O10789,P0292,3,21583.15,0.1
I017963,O10790,P0429,1,4623.76,0.05
I017964,O10791,P0373,1,8955.67,0.1
I017965,O10792,P0049,1,10387.8,0.1
I017966,O10792,P0424,2,1099.43,0.1
I017967,O10793,P0138,2,9332.54,0.2
I017968,O10794,P0396,3,6181.52,0.15
I017969,O10795,P0167,1,2741.53,0.1
I017970,O10795,P0239,3,10044.2,0.1
I017971,O10795,P0471,1,3362.5,0.1
I017972,O10796,P0134,3,8950.35,0.05
I017973,O10797,P0432,2,1677.91,0.05
I017974,O10797,P0470,1,16384.1,0.05
I017975,O10798,P0227,1,1214.17,0.15
I017976,O10799,P0228,4,7442.22,0.15
I017977,O10799,P0243,4,5300.75,0.15
I017978,O10800,P0052,3,22717.29,0.05
I017979,O10801,P0134,1,8950.35,0.25
I017980,O10801,P0346,1,17166.81,0.25
I017981,O10802,P0047,1,3795.44,0.2
I017982,O10802,P0211,2,12771.97,0.2
I017983,O10803,P0013,1,1067.21,0.15
I017984,O10804,P0493,1,17331.35,0.05
I017985,O10804,P0367,2,14116.53,0.05
I017986,O10804,P0034,1,3767.39,0.05
I017987,O10805,P0320,1,22881.56,0.05
I017988,O10806,P0124,1,15514.19,0.25
I017989,O10806,P0054,1,22196.9,0.25
I017990,O10807,P0127,2,12125.3,0.1
I017991,O10807,P0330,2,621.58,0.1
I017992,O10808,P0075,4,16717.1,0.15
I017993,O10809,P0098,4,18024.33,0.25
I017994,O10810,P0228,3,7442.22,0.1
I017995,O10811,P0064,2,18152.26,0.15
I017996,O10812,P0414,1,3244.46,0.0
I017997,O10813,P0276,1,15791.95,0.15
I017998,O10814,P0399,3,9834.2,0.05
I017999,O10814,P0053,5,11740.23,0.05
I018000,O10815,P0124,1,15514.19,0.15
I018001,O10816,P0367,3,14116.53,0.0
I018002,O10816,P0486,3,7416.01,0.0
I018003,O10817,P0073,2,14367.83,0.1
I018004,O10818,P0469,1,12828.28,0.1
I018005,O10819,P0300,2,11744.09,0.1
I018006,O10820,P0287,1,11017.89,0.15
I018007,O10820,P0286,4,8678.82,0.15
I018008,O10820,P0478,1,24448.55,0.15
I018009,O10821,P0029,1,7973.77,0.15
I018010,O10821,P0136,1,10051.62,0.15
I018011,O10822,P0115,1,10805.92,0.15
I018012,O10823,P0347,2,207.7,0.1
I018013,O10824,P0023,1,8677.28,0.2
I018014,O10825,P0049,2,10387.8,0.1
I018015,O10825,P0280,1,19260.63,0.1
I018016,O10825,P0460,1,1760.09,0.1
I018017,O10826,P0191,4,14335.92,0.05
I018018,O10827,P0266,1,6946.78,0.0
I018019,O10828,P0072,2,8074.69,0.1
I018020,O10829,P0466,1,7584.85,0.05
I018021,O10830,P0162,1,11199.84,0.05
I018022,O10831,P0333,1,16891.72,0.0
I018023,O10831,P0436,2,9847.38,0.0
I018024,O10832,P0179,2,12189.37,0.1
I018025,O10833,P0151,1,8069.27,0.2
I018026,O10833,P0119,1,14136.98,0.2
I018027,O10834,P0136,2,10051.62,0.05
I018028,O10834,P0443,1,3024.24,0.05
I018029,O10835,P0298,4,14301.55,0.15
I018030,O10835,P0483,1,14346.17,0.15
I018031,O10835,P0159,1,12341.8,0.15
I018032,O10836,P0159,2,12341.8,0.0
I018033,O10836,P0191,2,14335.92,0.0
I018034,O10836,P0167,1,2741.53,0.0
I018035,O10837,P0216,2,4253.32,0.15
I018036,O10838,P0174,1,14241.6,0.0
I018037,O10838,P0180,1,5738.9,0.0
I018038,O10838,P0305,1,5268.03,0.0
I018039,O10839,P0326,1,1200.34,0.05
I018040,O10839,P0470,1,16384.1,0.05
I018041,O10839,P0499,1,2390.13,0.05
I018042,O10839,P0034,1,3767.39,0.05
I018043,O10840,P0202,2,4958.04,0.05
I018044,O10840,P0370,1,12293.71,0.05
I018045,O10840,P0446,1,18710.12,0.05
I018046,O10841,P0399,1,9834.2,0.0
I018047,O10842,P0170,2,10734.0,0.05
I018048,O10843,P0077,1,10405.98,0.15
I018049,O10844,P0026,1,8043.88,0.0
I018050,O10844,P0207,2,9618.99,0.0
I018051,O10845,P0081,1,12661.97,0.25
I018052,O10846,P0302,2,10139.5,0.15
I018053,O10847,P0181,1,6969.81,0.05
I018054,O10848,P0497,4,5343.08,0.1
I018055,O10849,P0151,1,8069.27,0.15
I018056,O10849,P0155,2,16173.54,0.15
I018057,O10850,P0444,3,4611.38,0.1
I018058,O10850,P0489,2,16108.48,0.1
I018059,O10851,P0153,2,6065.86,0.1
I018060,O10852,P0069,1,6827.67,0.2
I018061,O10852,P0427,2,2376.46,0.2
I018062,O10852,P0104,2,389.71,0.2
I018063,O10852,P0314,1,5199.64,0.2
I018064,O10853,P0001,2,12680.89,0.2
I018065,O10854,P0010,1,8507.4,0.2
I018066,O10854,P0207,2,9618.99,0.2
I018067,O10854,P0217,1,2504.14,0.2
I018068,O10854,P0126,1,12590.35,0.2
I018069,O10855,P0431,1,7800.63,0.2
I018070,O10856,P0464,1,11639.56,0.15
I018071,O10856,P0052,3,22717.29,0.15
I018072,O10856,P0059,1,7497.65,0.15
I018073,O10857,P0145,1,5897.75,0.1
I018074,O10857,P0240,1,16345.25,0.1
I018075,O10857,P0418,1,12929.12,0.1
I018076,O10858,P0209,1,17935.22,0.1
I018077,O10859,P0145,1,5897.75,0.15
I018078,O10859,P0199,1,13045.06,0.15
I018079,O10860,P0047,1,3795.44,0.25
I018080,O10860,P0041,1,11579.02,0.25
I018081,O10861,P0051,3,13023.34,0.0
I018082,O10861,P0126,1,12590.35,0.0
I018083,O10862,P0372,4,5715.65,0.2
I018084,O10862,P0376,1,21096.71,0.2
I018085,O10863,P0271,3,10464.94,0.2
I018086,O10864,P0473,1,731.76,0.0
I018087,O10865,P0269,2,9853.0,0.15
I018088,O10866,P0159,1,12341.8,0.25
I018089,O10867,P0220,2,4537.91,0.2
I018090,O10867,P0480,2,12036.43,0.2
I018091,O10867,P0356,1,17911.43,0.2
I018092,O10867,P0287,1,11017.89,0.2
I018093,O10868,P0469,1,12828.28,0.0
I018094,O10869,P0325,1,883.29,0.25
I018095,O10869,P0112,3,10276.51,0.25
I018096,O10870,P0317,1,14355.69,0.0
I018097,O10871,P0313,1,15225.55,0.0
I018098,O10871,P0220,3,4537.91,0.0
I018099,O10872,P0450,1,2255.15,0.05
I018100,O10873,P0318,2,18336.52,0.1
I018101,O10873,P0292,1,21583.15,0.1
I018102,O10874,P0349,3,17040.15,0.15
I018103,O10875,P0181,1,6969.81,0.05
I018104,O10875,P0221,1,9748.25,0.05
I018105,O10875,P0440,1,10988.87,0.05
I018106,O10875,P0242,1,12806.32,0.05
I018107,O10876,P0476,1,1078.88,0.05
I018108,O10877,P0104,1,389.71,0.0
I018109,O10878,P0389,2,10740.24,0.05
I018110,O10879,P0495,1,3120.64,0.2
I018111,O10880,P0290,2,5856.65,0.15
I018112,O10881,P0443,1,3024.24,0.15
I018113,O10882,P0467,3,7857.91,0.05
I018114,O10883,P0406,1,1199.98,0.0
I018115,O10883,P0265,4,16102.0,0.0
I018116,O10883,P0350,1,14181.21,0.0
I018117,O10884,P0344,1,5745.03,0.2
I018118,O10885,P0432,1,1677.91,0.25
I018119,O10885,P0407,3,775.43,0.25
I018120,O10886,P0387,1,11008.74,0.0
I018121,O10887,P0316,3,18765.5,0.1
I018122,O10887,P0144,1,5083.64,0.1
I018123,O10888,P0174,1,14241.6,0.1
I018124,O10889,P0187,1,6663.59,0.15
I018125,O10890,P0382,2,17253.16,0.05
I018126,O10891,P0482,3,16166.73,0.1
I018127,O10891,P0398,1,15186.38,0.1
I018128,O10892,P0257,3,8094.05,0.0
I018129,O10892,P0065,3,11896.67,0.0
I018130,O10892,P0478,2,24448.55,0.0
I018131,O10893,P0485,2,1818.67,0.2
I018132,O10893,P0229,1,971.19,0.2
I018133,O10894,P0255,1,2178.42,0.05
I018134,O10894,P0154,2,13970.67,0.05
I018135,O10894,P0239,1,10044.2,0.05
I018136,O10895,P0408,1,12252.4,0.05
I018137,O10895,P0369,1,2936.18,0.05
I018138,O10896,P0164,2,744.63,0.05
I018139,O10896,P0373,2,8955.67,0.05
I018140,O10896,P0003,2,14157.19,0.05
I018141,O10896,P0378,2,224.7,0.05
I018142,O10897,P0475,1,6070.94,0.05
I018143,O10897,P0084,1,10059.02,0.05
I018144,O10898,P0020,1,16894.73,0.15
I018145,O10898,P0446,1,18710.12,0.15
I018146,O10899,P0238,1,16729.81,0.0
I018147,O10900,P0018,5,8521.23,0.25
I018148,O10901,P0274,2,16208.88,0.25
I018149,O10902,P0410,1,8140.59,0.2
I018150,O10903,P0415,1,19105.92,0.25
I018151,O10904,P0040,4,10694.19,0.15
I018152,O10905,P0496,5,20624.48,0.1
I018153,O10906,P0060,2,10597.6,0.15
I018154,O10907,P0130,1,5669.17,0.0
I018155,O10908,P0258,3,5357.22,0.15
I018156,O10909,P0166,1,4299.84,0.0
I018157,O10910,P0354,3,749.54,0.2
I018158,O10910,P0123,1,12283.66,0.2
I018159,O10910,P0121,1,5223.81,0.2
I018160,O10910,P0136,3,10051.62,0.2
I018161,O10911,P0168,1,11374.5,0.2
I018162,O10912,P0039,2,1954.54,0.0
I018163,O10913,P0371,1,14987.41,0.15
I018164,O10913,P0453,1,2027.99,0.15
I018165,O10914,P0212,1,15959.35,0.15
I018166,O10915,P0420,1,5156.99,0.1
I018167,O10916,P0199,1,13045.06,0.0
I018168,O10916,P0484,1,14051.85,0.0
I018169,O10916,P0280,1,19260.63,0.0
I018170,O10917,P0083,4,7026.05,0.0
I018171,O10918,P0267,3,13380.29,0.15
I018172,O10918,P0389,1,10740.24,0.15
I018173,O10918,P0471,2,3362.5,0.15
I018174,O10919,P0245,2,14211.09,0.1
I018175,O10919,P0006,2,12139.02,0.1
I018176,O10920,P0486,3,7416.01,0.0
I018177,O10920,P0440,1,10988.87,0.0
I018178,O10921,P0048,2,881.87,0.1
I018179,O10921,P0122,1,20389.93,0.1
I018180,O10922,P0010,5,8507.4,0.2
I018181,O10923,P0064,2,18152.26,0.2
I018182,O10924,P0412,1,14362.31,0.15
I018183,O10924,P0106,2,5470.36,0.15
I018184,O10924,P0379,2,4596.34,0.15
I018185,O10925,P0228,2,7442.22,0.15
I018186,O10925,P0323,1,19857.8,0.15
I018187,O10925,P0322,1,179.06,0.15
I018188,O10926,P0133,1,16221.29,0.15
I018189,O10927,P0112,1,10276.51,0.0
I018190,O10928,P0118,3,11312.75,0.05
I018191,O10929,P0251,3,13718.51,0.1
I018192,O10930,P0039,1,1954.54,0.1
I018193,O10931,P0331,1,7610.91,0.05
I018194,O10931,P0161,1,4912.94,0.05
I018195,O10932,P0331,1,7610.91,0.15
I018196,O10933,P0055,1,18288.33,0.15
I018197,O10933,P0405,2,10874.23,0.15
I018198,O10934,P0168,1,11374.5,0.05
I018199,O10935,P0223,1,12111.39,0.05
I018200,O10935,P0394,2,9719.2,0.05
I018201,O10935,P0043,1,230.23,0.05
I018202,O10936,P0441,2,11253.53,0.05
I018203,O10936,P0380,2,1803.38,0.05
I018204,O10937,P0264,2,11827.53,0.05
I018205,O10938,P0169,1,5258.15,0.05
I018206,O10939,P0454,2,13398.41,0.1
I018207,O10940,P0215,1,2961.47,0.1
I018208,O10941,P0337,1,6259.83,0.1
I018209,O10941,P0229,1,971.19,0.1
I018210,O10942,P0428,1,15197.13,0.1
I018211,O10942,P0105,2,10085.48,0.1
I018212,O10943,P0488,1,6474.12,0.05
I018213,O10944,P0237,1,13454.07,0.1
I018214,O10945,P0034,3,3767.39,0.1
I018215,O10946,P0025,1,21151.19,0.0
I018216,O10947,P0342,1,8867.09,0.1
I018217,O10947,P0392,1,10129.56,0.1
I018218,O10948,P0013,1,1067.21,0.05
I018219,O10949,P0279,2,820.43,0.0
I018220,O10950,P0270,1,15544.12,0.1
I018221,O10951,P0445,1,5378.95,0.0
I018222,O10952,P0018,2,8521.23,0.1
I018223,O10952,P0296,2,10086.41,0.1
I018224,O10952,P0306,1,20887.78,0.1
I018225,O10953,P0500,1,14456.78,0.1
I018226,O10954,P0381,2,1646.42,0.3
I018227,O10954,P0252,1,18803.98,0.3
I018228,O10954,P0248,1,5481.12,0.3
I018229,O10955,P0043,2,230.23,0.1
I018230,O10956,P0288,2,16170.77,0.05
I018231,O10956,P0363,4,11446.48,0.05
I018232,O10957,P0251,2,13718.51,0.1
I018233,O10958,P0458,1,11252.82,0.05
I018234,O10958,P0317,1,14355.69,0.05
I018235,O10958,P0044,1,4750.75,0.05
I018236,O10959,P0453,3,2027.99,0.1
I018237,O10959,P0366,4,12694.5,0.1
I018238,O10959,P0042,1,18369.63,0.1
I018239,O10960,P0265,1,16102.0,0.2
I018240,O10960,P0187,1,6663.59,0.2
I018241,O10960,P0329,1,6837.04,0.2
I018242,O10961,P0238,1,16729.81,0.0
I018243,O10961,P0022,1,16227.09,0.0
I018244,O10961,P0202,1,4958.04,0.0
I018245,O10962,P0458,3,11252.82,0.1
I018246,O10962,P0340,1,6540.28,0.1
I018247,O10963,P0353,2,4627.28,0.1
I018248,O10963,P0072,1,8074.69,0.1
I018249,O10963,P0199,2,13045.06,0.1
I018250,O10964,P0270,1,15544.12,0.05
I018251,O10965,P0496,1,20624.48,0.15
I018252,O10966,P0368,2,19421.03,0.15
I018253,O10967,P0030,2,18850.92,0.1
I018254,O10968,P0328,1,15667.69,0.1
I018255,O10969,P0145,4,5897.75,0.2
I018256,O10969,P0348,2,19194.75,0.2
I018257,O10969,P0417,1,7877.14,0.2
I018258,O10970,P0001,1,12680.89,0.1
I018259,O10971,P0236,1,13763.86,0.1
I018260,O10971,P0403,3,10949.03,0.1
I018261,O10971,P0467,1,7857.91,0.1
I018262,O10972,P0440,1,10988.87,0.1
I018263,O10973,P0499,3,2390.13,0.15
I018264,O10974,P0221,1,9748.25,0.1
I018265,O10974,P0357,1,4004.54,0.1
I018266,O10975,P0114,1,2768.84,0.2
I018267,O10976,P0444,1,4611.38,0.25
I018268,O10976,P0497,1,5343.08,0.25
I018269,O10977,P0052,1,22717.29,0.1
I018270,O10977,P0311,3,13470.81,0.1
I018271,O10977,P0447,1,13008.01,0.1
I018272,O10978,P0175,1,8354.48,0.2
I018273,O10979,P0329,3,6837.04,0.15
I018274,O10979,P0466,1,7584.85,0.15
I018275,O10980,P0120,3,15630.4,0.1
I018276,O10980,P0481,4,1854.72,0.1
I018277,O10980,P0426,1,17258.9,0.1
I018278,O10981,P0100,1,7091.79,0.1
I018279,O10982,P0037,1,5389.2,0.1
I018280,O10982,P0006,1,12139.02,0.1
I018281,O10983,P0031,1,10837.07,0.25
I018282,O10984,P0253,1,10206.89,0.1
I018283,O10984,P0198,2,15426.36,0.1
I018284,O10984,P0093,4,11807.43,0.1
I018285,O10985,P0093,1,11807.43,0.1
I018286,O10986,P0129,1,15750.63,0.0
I018287,O10987,P0170,2,10734.0,0.15
I018288,O10988,P0454,1,13398.41,0.1
I018289,O10989,P0353,1,4627.28,0.25
I018290,O10989,P0475,1,6070.94,0.25
I018291,O10990,P0326,1,1200.34,0.05
I018292,O10991,P0331,1,7610.91,0.15
I018293,O10992,P0244,1,6694.24,0.05
I018294,O10993,P0272,1,13853.17,0.0
I018295,O10994,P0321,3,15173.01,0.0
I018296,O10995,P0266,1,6946.78,0.2
I018297,O10995,P0241,1,9473.89,0.2
I018298,O10996,P0468,1,17686.56,0.1
I018299,O10997,P0258,1,5357.22,0.05
I018300,O10997,P0068,3,658.18,0.05
I018301,O10998,P0453,1,2027.99,0.1
I018302,O10998,P0031,1,10837.07,0.1
I018303,O10999,P0403,1,10949.03,0.15
I018304,O10999,P0124,1,15514.19,0.15
I018305,O11000,P0223,1,12111.39,0.05
I018306,O11000,P0165,1,8775.25,0.05
I018307,O11001,P0279,1,820.43,0.05
I018308,O11001,P0412,2,14362.31,0.05
I018309,O11001,P0493,1,17331.35,0.05
I018310,O11002,P0451,3,18517.71,0.0
I018311,O11003,P0447,1,13008.01,0.1
I018312,O11003,P0036,2,22992.46,0.1
I018313,O11003,P0151,1,8069.27,0.1
I018314,O11004,P0311,4,13470.81,0.25
I018315,O11005,P0487,4,2276.61,0.1
I018316,O11006,P0338,1,9789.99,0.25
I018317,O11006,P0409,2,8257.04,0.25
I018318,O11006,P0319,2,17097.24,0.25
I018319,O11007,P0197,1,5628.38,0.2
I018320,O11007,P0022,1,16227.09,0.2
I018321,O11008,P0362,1,7754.84,0.0
I018322,O11009,P0193,3,3841.48,0.2
I018323,O11010,P0374,3,20293.37,0.0
I018324,O11010,P0057,1,14313.59,0.0
I018325,O11010,P0138,3,9332.54,0.0
I018326,O11011,P0419,3,11206.88,0.1
I018327,O11012,P0005,1,2113.83,0.1
I018328,O11013,P0282,1,4087.36,0.15
I018329,O11014,P0428,1,15197.13,0.15
I018330,O11014,P0261,2,9413.55,0.15
I018331,O11015,P0254,1,1468.59,0.05
I018332,O11015,P0023,1,8677.28,0.05
I018333,O11015,P0444,3,4611.38,0.05
I018334,O11015,P0146,2,12538.22,0.05
I018335,O11016,P0227,1,1214.17,0.2
I018336,O11017,P0414,1,3244.46,0.0
I018337,O11018,P0291,3,8891.78,0.25
I018338,O11019,P0100,1,7091.79,0.3
I018339,O11020,P0342,2,8867.09,0.15
I018340,O11020,P0290,1,5856.65,0.15
I018341,O11020,P0184,2,5176.95,0.15
I018342,O11020,P0379,2,4596.34,0.15
I018343,O11021,P0148,2,3827.6,0.1
I018344,O11022,P0417,1,7877.14,0.25
I018345,O11023,P0178,1,9447.65,0.05
I018346,O11024,P0208,1,17414.46,0.1
I018347,O11024,P0498,3,1038.57,0.1
I018348,O11025,P0309,4,879.52,0.1
I018349,O11026,P0160,2,6251.25,0.0
I018350,O11026,P0330,3,621.58,0.0
I018351,O11027,P0474,3,2142.32,0.0
I018352,O11028,P0248,2,5481.12,0.15
I018353,O11029,P0314,1,5199.64,0.05
I018354,O11029,P0400,2,7063.54,0.05
I018355,O11030,P0256,1,10413.89,0.1
I018356,O11031,P0125,1,8357.18,0.05
I018357,O11032,P0248,1,5481.12,0.1
I018358,O11032,P0288,1,16170.77,0.1
I018359,O11032,P0116,4,14318.59,0.1
I018360,O11032,P0347,2,207.7,0.1
I018361,O11033,P0192,3,13132.41,0.15
I018362,O11034,P0349,1,17040.15,0.1
I018363,O11035,P0390,1,2477.97,0.2
I018364,O11035,P0223,1,12111.39,0.2
I018365,O11036,P0277,2,14027.28,0.1
I018366,O11037,P0026,3,8043.88,0.05
I018367,O11037,P0050,2,12181.9,0.05
I018368,O11037,P0061,3,9428.51,0.05
I018369,O11038,P0283,1,10933.03,0.2
I018370,O11039,P0281,1,8647.87,0.1
I018371,O11039,P0445,3,5378.95,0.1
I018372,O11039,P0247,4,5866.18,0.1
I018373,O11040,P0398,4,15186.38,0.2
I018374,O11041,P0469,1,12828.28,0.05
I018375,O11041,P0365,1,1546.12,0.05
I018376,O11041,P0076,1,12082.97,0.05
I018377,O11041,P0129,1,15750.63,0.05
I018378,O11042,P0084,1,10059.02,0.1
I018379,O11043,P0280,2,19260.63,0.0
I018380,O11043,P0036,4,22992.46,0.0
I018381,O11044,P0414,1,3244.46,0.0
I018382,O11045,P0227,1,1214.17,0.3
I018383,O11046,P0359,1,17408.84,0.0
I018384,O11046,P0477,2,13272.75,0.0
I018385,O11046,P0208,2,17414.46,0.0
I018386,O11047,P0124,1,15514.19,0.1
I018387,O11047,P0162,3,11199.84,0.1
I018388,O11047,P0159,2,12341.8,0.1
I018389,O11048,P0361,3,8061.24,0.0
I018390,O11048,P0071,1,1222.75,0.0
I018391,O11049,P0099,1,11095.32,0.1
I018392,O11049,P0067,1,18606.26,0.1
I018393,O11049,P0042,1,18369.63,0.1
I018394,O11050,P0014,1,14738.4,0.0
I018395,O11050,P0482,2,16166.73,0.0
I018396,O11051,P0447,1,13008.01,0.15
I018397,O11052,P0110,1,239.19,0.05
I018398,O11052,P0301,2,1551.88,0.05
I018399,O11052,P0355,1,15161.64,0.05
I018400,O11053,P0472,2,6339.28,0.05
I018401,O11054,P0327,1,7197.89,0.05
I018402,O11054,P0033,1,2436.78,0.05
I018403,O11054,P0138,1,9332.54,0.05
I018404,O11055,P0361,1,8061.24,0.0
I018405,O11056,P0450,2,2255.15,0.1
I018406,O11056,P0219,1,1340.09,0.1
I018407,O11057,P0330,3,621.58,0.1
I018408,O11057,P0334,1,5599.91,0.1
I018409,O11058,P0172,4,13856.39,0.1
I018410,O11058,P0039,3,1954.54,0.1
I018411,O11059,P0163,3,16537.01,0.1
I018412,O11060,P0389,1,10740.24,0.0
I018413,O11060,P0048,2,881.87,0.0
I018414,O11060,P0091,1,5800.05,0.0
I018415,O11061,P0021,1,18265.35,0.1
I018416,O11061,P0287,2,11017.89,0.1
I018417,O11062,P0364,1,20513.3,0.1
I018418,O11062,P0440,1,10988.87,0.1
I018419,O11063,P0299,2,9253.96,0.05
I018420,O11064,P0309,2,879.52,0.05
I018421,O11064,P0198,1,15426.36,0.05
I018422,O11065,P0085,1,14574.29,0.1
I018423,O11066,P0092,3,3959.04,0.15
I018424,O11067,P0383,3,5460.56,0.15
I018425,O11067,P0329,1,6837.04,0.15
I018426,O11067,P0168,1,11374.5,0.15
I018427,O11068,P0250,1,17490.25,0.05
I018428,O11068,P0414,1,3244.46,0.05
I018429,O11069,P0266,1,6946.78,0.0
I018430,O11069,P0454,1,13398.41,0.0
I018431,O11069,P0263,2,12622.11,0.0
I018432,O11070,P0365,1,1546.12,0.2
I018433,O11070,P0494,1,9857.51,0.2
I018434,O11071,P0083,1,7026.05,0.15
I018435,O11072,P0129,1,15750.63,0.25
I018436,O11073,P0215,1,2961.47,0.0
I018437,O11073,P0500,2,14456.78,0.0
I018438,O11074,P0240,1,16345.25,0.15
I018439,O11075,P0118,2,11312.75,0.05
I018440,O11076,P0242,1,12806.32,0.2
I018441,O11077,P0325,1,883.29,0.1
I018442,O11078,P0241,1,9473.89,0.1
I018443,O11079,P0038,3,13981.96,0.25
I018444,O11079,P0024,1,14146.9,0.25
I018445,O11080,P0405,1,10874.23,0.05
I018446,O11080,P0420,1,5156.99,0.05
I018447,O11080,P0097,1,16913.36,0.05
I018448,O11081,P0025,3,21151.19,0.1
I018449,O11081,P0493,1,17331.35,0.1
I018450,O11082,P0033,1,2436.78,0.0
I018451,O11083,P0483,1,14346.17,0.05
I018452,O11084,P0002,3,685.44,0.05
I018453,O11085,P0322,1,179.06,0.05
I018454,O11086,P0419,1,11206.88,0.15
I018455,O11086,P0411,4,9751.96,0.15
I018456,O11087,P0197,1,5628.38,0.05
I018457,O11088,P0281,1,8647.87,0.05
I018458,O11088,P0428,1,15197.13,0.05
I018459,O11089,P0359,2,17408.84,0.15
I018460,O11089,P0118,2,11312.75,0.15
I018461,O11090,P0008,1,404.42,0.1
I018462,O11090,P0256,1,10413.89,0.1
I018463,O11090,P0334,3,5599.91,0.1
I018464,O11090,P0183,3,208.22,0.1
I018465,O11091,P0312,2,8312.33,0.05
I018466,O11092,P0420,1,5156.99,0.15
I018467,O11093,P0004,1,21658.55,0.1
I018468,O11094,P0196,1,3827.41,0.15
I018469,O11094,P0247,1,5866.18,0.15
I018470,O11094,P0354,3,749.54,0.15
I018471,O11095,P0409,4,8257.04,0.05
I018472,O11096,P0275,2,18205.93,0.25
I018473,O11096,P0171,1,6118.98,0.25
I018474,O11096,P0444,1,4611.38,0.25
I018475,O11097,P0377,1,7254.24,0.25
I018476,O11098,P0322,1,179.06,0.2
I018477,O11099,P0320,1,22881.56,0.05
I018478,O11099,P0157,2,1053.8,0.05
I018479,O11100,P0278,1,4045.44,0.15
I018480,O11101,P0434,2,15961.32,0.15
I018481,O11101,P0325,1,883.29,0.15
I018482,O11101,P0146,4,12538.22,0.15
I018483,O11102,P0235,1,17675.52,0.05
I018484,O11103,P0361,1,8061.24,0.0
I018485,O11103,P0465,1,7131.53,0.0
I018486,O11104,P0193,1,3841.48,0.05
I018487,O11105,P0163,3,16537.01,0.1
I018488,O11106,P0377,1,7254.24,0.05
I018489,O11106,P0087,2,5413.54,0.05
I018490,O11107,P0494,1,9857.51,0.15
I018491,O11107,P0281,1,8647.87,0.15
I018492,O11108,P0401,1,18961.41,0.05
I018493,O11108,P0391,1,16675.09,0.05
I018494,O11109,P0498,5,1038.57,0.05
I018495,O11110,P0381,2,1646.42,0.1
I018496,O11110,P0498,1,1038.57,0.1
I018497,O11110,P0161,1,4912.94,0.1
I018498,O11111,P0028,1,2327.59,0.0
I018499,O11112,P0010,2,8507.4,0.1
I018500,O11113,P0422,1,6180.37,0.25
I018501,O11114,P0466,1,7584.85,0.15
I018502,O11115,P0469,1,12828.28,0.05
I018503,O11116,P0036,1,22992.46,0.2
I018504,O11117,P0443,1,3024.24,0.1
I018505,O11118,P0493,1,17331.35,0.1
I018506,O11118,P0018,2,8521.23,0.1
I018507,O11118,P0446,1,18710.12,0.1
I018508,O11119,P0363,1,11446.48,0.05
I018509,O11119,P0201,1,18090.68,0.05
I018510,O11120,P0267,1,13380.29,0.0
I018511,O11121,P0450,2,2255.15,0.05
I018512,O11122,P0320,4,22881.56,0.15
I018513,O11122,P0188,2,6865.34,0.15
I018514,O11122,P0169,2,5258.15,0.15
I018515,O11122,P0350,3,14181.21,0.15
I018516,O11123,P0153,4,6065.86,0.05
I018517,O11123,P0367,1,14116.53,0.05
I018518,O11124,P0198,1,15426.36,0.1
I018519,O11124,P0400,1,7063.54,0.1
I018520,O11125,P0004,1,21658.55,0.1
I018521,O11125,P0340,1,6540.28,0.1
I018522,O11125,P0191,1,14335.92,0.1
I018523,O11125,P0108,2,11560.22,0.1
I018524,O11126,P0259,1,9091.06,0.05
I018525,O11126,P0431,1,7800.63,0.05
I018526,O11127,P0122,1,20389.93,0.15
I018527,O11128,P0396,3,6181.52,0.2
I018528,O11129,P0166,1,4299.84,0.0
I018529,O11130,P0274,2,16208.88,0.1
I018530,O11131,P0046,2,15363.92,0.05
I018531,O11132,P0084,1,10059.02,0.1
I018532,O11133,P0080,2,8081.72,0.1
I018533,O11133,P0473,2,731.76,0.1
I018534,O11134,P0436,1,9847.38,0.0
I018535,O11135,P0408,1,12252.4,0.1
I018536,O11135,P0384,3,21014.31,0.1
I018537,O11136,P0260,1,9638.98,0.05
I018538,O11137,P0353,1,4627.28,0.1
I018539,O11138,P0495,1,3120.64,0.2
I018540,O11138,P0154,1,13970.67,0.2
I018541,O11138,P0092,1,3959.04,0.2
I018542,O11139,P0369,3,2936.18,0.05
I018543,O11140,P0188,2,6865.34,0.05
I018544,O11140,P0007,2,20905.26,0.05
I018545,O11141,P0441,1,11253.53,0.0
I018546,O11141,P0377,5,7254.24,0.0
I018547,O11142,P0182,1,7028.31,0.1
I018548,O11143,P0090,1,19317.51,0.2
I018549,O11144,P0331,3,7610.91,0.1
I018550,O11145,P0059,1,7497.65,0.05
I018551,O11146,P0064,1,18152.26,0.2
I018552,O11147,P0078,1,18121.01,0.1
I018553,O11147,P0216,2,4253.32,0.1
I018554,O11148,P0291,1,8891.78,0.25
I018555,O11148,P0339,1,8938.6,0.25
I018556,O11149,P0162,2,11199.84,0.15
I018557,O11150,P0035,2,10869.62,0.2
I018558,O11150,P0033,1,2436.78,0.2
I018559,O11150,P0002,2,685.44,0.2
I018560,O11151,P0399,1,9834.2,0.1
I018561,O11151,P0212,4,15959.35,0.1
I018562,O11151,P0130,3,5669.17,0.1
I018563,O11152,P0174,1,14241.6,0.3
I018564,O11153,P0489,1,16108.48,0.1
I018565,O11153,P0032,1,12721.46,0.1
I018566,O11154,P0393,1,1256.74,0.1
I018567,O11155,P0297,1,14103.76,0.0
I018568,O11155,P0067,1,18606.26,0.0
I018569,O11156,P0022,1,16227.09,0.25
I018570,O11157,P0092,4,3959.04,0.05
I018571,O11157,P0288,2,16170.77,0.05
I018572,O11158,P0247,3,5866.18,0.15
I018573,O11158,P0080,1,8081.72,0.15
I018574,O11159,P0193,3,3841.48,0.05
I018575,O11160,P0360,2,4434.75,0.2
I018576,O11161,P0443,1,3024.24,0.0
I018577,O11162,P0477,1,13272.75,0.2
I018578,O11163,P0192,1,13132.41,0.1
I018579,O11163,P0298,3,14301.55,0.1
I018580,O11164,P0028,1,2327.59,0.25
I018581,O11164,P0045,1,5553.07,0.25
I018582,O11164,P0209,2,17935.22,0.25
I018583,O11165,P0210,1,3425.1,0.1
I018584,O11166,P0216,2,4253.32,0.1
I018585,O11166,P0109,1,7019.11,0.1
I018586,O11167,P0484,2,14051.85,0.05
I018587,O11167,P0352,1,10103.59,0.05
I018588,O11168,P0109,1,7019.11,0.05
I018589,O11168,P0078,1,18121.01,0.05
I018590,O11168,P0488,1,6474.12,0.05
I018591,O11169,P0318,1,18336.52,0.0
I018592,O11169,P0491,2,14558.18,0.0
I018593,O11169,P0242,1,12806.32,0.0
I018594,O11170,P0353,3,4627.28,0.05
I018595,O11170,P0089,3,21527.82,0.05
I018596,O11170,P0171,1,6118.98,0.05
I018597,O11171,P0367,1,14116.53,0.1
I018598,O11171,P0038,2,13981.96,0.1
I018599,O11171,P0005,1,2113.83,0.1
I018600,O11172,P0179,4,12189.37,0.0
I018601,O11173,P0270,2,15544.12,0.05
I018602,O11174,P0262,1,12660.19,0.2
I018603,O11174,P0310,1,6739.9,0.2
I018604,O11175,P0223,1,12111.39,0.0
I018605,O11175,P0129,1,15750.63,0.0
I018606,O11176,P0333,1,16891.72,0.05
I018607,O11177,P0275,1,18205.93,0.0
I018608,O11178,P0111,3,4168.73,0.15
I018609,O11179,P0179,1,12189.37,0.2
I018610,O11179,P0227,5,1214.17,0.2
I018611,O11179,P0178,1,9447.65,0.2
I018612,O11180,P0273,1,1414.88,0.2
I018613,O11180,P0418,3,12929.12,0.2
I018614,O11181,P0430,1,14535.8,0.2
I018615,O11181,P0431,1,7800.63,0.2
I018616,O11182,P0320,1,22881.56,0.1
I018617,O11183,P0228,1,7442.22,0.1
I018618,O11184,P0360,2,4434.75,0.15
I018619,O11185,P0180,1,5738.9,0.2
I018620,O11186,P0148,1,3827.6,0.15
I018621,O11186,P0083,1,7026.05,0.15
I018622,O11187,P0243,2,5300.75,0.1
I018623,O11187,P0217,4,2504.14,0.1
I018624,O11188,P0441,1,11253.53,0.1
I018625,O11189,P0209,1,17935.22,0.05
I018626,O11189,P0486,1,7416.01,0.05
I018627,O11189,P0322,1,179.06,0.05
I018628,O11190,P0454,2,13398.41,0.0
I018629,O11191,P0465,4,7131.53,0.0
I018630,O11192,P0401,2,18961.41,0.05
I018631,O11192,P0389,1,10740.24,0.05
I018632,O11192,P0278,1,4045.44,0.05
I018633,O11193,P0499,2,2390.13,0.1
I018634,O11194,P0248,2,5481.12,0.15
I018635,O11194,P0140,1,23423.37,0.15
I018636,O11194,P0025,1,21151.19,0.15
I018637,O11195,P0290,1,5856.65,0.2
I018638,O11195,P0348,1,19194.75,0.2
I018639,O11196,P0350,3,14181.21,0.1
I018640,O11196,P0242,3,12806.32,0.1
I018641,O11197,P0474,2,2142.32,0.05
I018642,O11198,P0460,2,1760.09,0.15
I018643,O11199,P0176,2,13983.62,0.05
I018644,O11200,P0497,1,5343.08,0.0
I018645,O11200,P0294,2,9318.36,0.0
I018646,O11200,P0017,3,9858.5,0.0
I018647,O11201,P0460,1,1760.09,0.0
I018648,O11202,P0329,1,6837.04,0.15
I018649,O11202,P0340,1,6540.28,0.15
I018650,O11203,P0124,4,15514.19,0.2
I018651,O11204,P0496,1,20624.48,0.15
I018652,O11204,P0198,2,15426.36,0.15
I018653,O11205,P0459,1,15147.66,0.0
I018654,O11205,P0339,1,8938.6,0.0
I018655,O11205,P0381,1,1646.42,0.0
I018656,O11206,P0178,1,9447.65,0.05
I018657,O11207,P0195,2,18266.79,0.25
I018658,O11208,P0252,1,18803.98,0.15
I018659,O11209,P0126,3,12590.35,0.15
I018660,O11209,P0479,3,2007.3,0.15
I018661,O11210,P0045,1,5553.07,0.15
I018662,O11210,P0122,4,20389.93,0.15
I018663,O11211,P0243,2,5300.75,0.2
I018664,O11212,P0275,4,18205.93,0.1
I018665,O11213,P0323,1,19857.8,0.1
I018666,O11214,P0049,2,10387.8,0.0
I018667,O11214,P0393,2,1256.74,0.0
I018668,O11215,P0427,2,2376.46,0.25
I018669,O11216,P0172,3,13856.39,0.0
I018670,O11216,P0225,1,925.67,0.0
I018671,O11217,P0247,1,5866.18,0.1
I018672,O11217,P0248,2,5481.12,0.1
I018673,O11218,P0157,1,1053.8,0.1
I018674,O11218,P0189,1,1077.94,0.1
I018675,O11219,P0073,3,14367.83,0.3
I018676,O11219,P0048,2,881.87,0.3
I018677,O11220,P0142,1,7546.26,0.05
I018678,O11221,P0315,1,8767.22,0.15
I018679,O11221,P0208,1,17414.46,0.15
I018680,O11222,P0296,1,10086.41,0.25
I018681,O11222,P0292,1,21583.15,0.25
I018682,O11222,P0487,2,2276.61,0.25
I018683,O11223,P0109,1,7019.11,0.1
I018684,O11223,P0307,1,8542.99,0.1
I018685,O11224,P0075,2,16717.1,0.1
I018686,O11225,P0310,3,6739.9,0.1
I018687,O11226,P0411,2,9751.96,0.15
I018688,O11226,P0442,1,12851.94,0.15
I018689,O11226,P0435,2,11265.94,0.15
I018690,O11227,P0025,2,21151.19,0.0
I018691,O11227,P0161,1,4912.94,0.0
I018692,O11228,P0293,1,5390.99,0.15
I018693,O11228,P0273,2,1414.88,0.15
I018694,O11229,P0346,1,17166.81,0.0
I018695,O11229,P0151,1,8069.27,0.0
I018696,O11229,P0252,1,18803.98,0.0
I018697,O11230,P0153,1,6065.86,0.15
I018698,O11231,P0422,1,6180.37,0.15
I018699,O11231,P0006,1,12139.02,0.15
I018700,O11231,P0104,1,389.71,0.15
I018701,O11232,P0328,1,15667.69,0.1
I018702,O11233,P0456,1,5984.52,0.1
I018703,O11234,P0178,1,9447.65,0.15
I018704,O11235,P0129,5,15750.63,0.0
I018705,O11236,P0128,3,11542.08,0.1
I018706,O11237,P0051,1,13023.34,0.05
I018707,O11237,P0227,3,1214.17,0.05
I018708,O11238,P0356,1,17911.43,0.15
I018709,O11239,P0319,1,17097.24,0.0
I018710,O11239,P0474,1,2142.32,0.0
I018711,O11240,P0189,2,1077.94,0.0
I018712,O11240,P0008,1,404.42,0.0
I018713,O11241,P0235,3,17675.52,0.1
I018714,O11242,P0070,1,3923.76,0.1
I018715,O11242,P0469,3,12828.28,0.1
I018716,O11242,P0191,2,14335.92,0.1
I018717,O11243,P0436,1,9847.38,0.1
I018718,O11244,P0036,3,22992.46,0.1
I018719,O11245,P0129,2,15750.63,0.0
I018720,O11246,P0390,2,2477.97,0.05
I018721,O11247,P0324,2,2232.66,0.0
I018722,O11248,P0329,1,6837.04,0.1
I018723,O11248,P0236,2,13763.86,0.1
I018724,O11249,P0202,2,4958.04,0.15
I018725,O11250,P0165,4,8775.25,0.1
I018726,O11250,P0076,2,12082.97,0.1
I018727,O11250,P0212,3,15959.35,0.1
I018728,O11251,P0116,2,14318.59,0.1
I018729,O11251,P0427,1,2376.46,0.1
I018730,O11252,P0183,1,208.22,0.1
I018731,O11252,P0288,1,16170.77,0.1
I018732,O11252,P0136,1,10051.62,0.1
I018733,O11253,P0168,1,11374.5,0.05
I018734,O11254,P0165,1,8775.25,0.1
I018735,O11254,P0124,1,15514.19,0.1
I018736,O11255,P0228,2,7442.22,0.0
I018737,O11255,P0381,1,1646.42,0.0
I018738,O11255,P0061,3,9428.51,0.0
I018739,O11255,P0007,1,20905.26,0.0
I018740,O11256,P0336,1,5532.6,0.1
I018741,O11257,P0150,1,19657.29,0.1
I018742,O11257,P0028,1,2327.59,0.1
I018743,O11258,P0019,1,7331.38,0.1
I018744,O11259,P0392,5,10129.56,0.2
I018745,O11259,P0128,3,11542.08,0.2
I018746,O11259,P0409,2,8257.04,0.2
I018747,O11259,P0369,1,2936.18,0.2
I018748,O11260,P0114,1,2768.84,0.2
I018749,O11260,P0367,1,14116.53,0.2
I018750,O11261,P0217,1,2504.14,0.15
I018751,O11262,P0318,4,18336.52,0.1
I018752,O11263,P0046,1,15363.92,0.05
I018753,O11263,P0355,2,15161.64,0.05
I018754,O11263,P0097,1,16913.36,0.05
I018755,O11264,P0133,2,16221.29,0.05
I018756,O11265,P0230,1,16237.69,0.0
I018757,O11266,P0330,2,621.58,0.1
I018758,O11267,P0021,1,18265.35,0.25
I018759,O11267,P0055,2,18288.33,0.25
I018760,O11267,P0410,1,8140.59,0.25
I018761,O11267,P0480,4,12036.43,0.25
I018762,O11268,P0451,3,18517.71,0.15
I018763,O11269,P0204,1,3139.42,0.1
I018764,O11269,P0269,2,9853.0,0.1
I018765,O11270,P0308,1,10963.13,0.05
I018766,O11271,P0172,1,13856.39,0.0
I018767,O11272,P0355,1,15161.64,0.05
I018768,O11272,P0234,3,6819.79,0.05
I018769,O11273,P0156,1,17438.42,0.1
I018770,O11274,P0280,1,19260.63,0.1
I018771,O11275,P0181,1,6969.81,0.05
I018772,O11275,P0347,1,207.7,0.05
I018773,O11276,P0261,3,9413.55,0.0
I018774,O11276,P0255,3,2178.42,0.0
I018775,O11277,P0333,2,16891.72,0.05
I018776,O11277,P0475,1,6070.94,0.05
I018777,O11278,P0228,1,7442.22,0.05
I018778,O11279,P0471,1,3362.5,0.1
I018779,O11279,P0322,1,179.06,0.1
I018780,O11280,P0261,1,9413.55,0.0
I018781,O11280,P0113,1,1476.37,0.0
I018782,O11280,P0335,4,3821.2,0.0
I018783,O11281,P0493,1,17331.35,0.05
I018784,O11281,P0473,1,731.76,0.05
I018785,O11281,P0148,2,3827.6,0.05
I018786,O11282,P0018,3,8521.23,0.05
I018787,O11283,P0385,3,9160.1,0.1
I018788,O11284,P0261,3,9413.55,0.05
I018789,O11285,P0151,5,8069.27,0.0
I018790,O11285,P0088,1,10596.08,0.0
I018791,O11285,P0289,1,5068.21,0.0
I018792,O11286,P0126,1,12590.35,0.0
I018793,O11287,P0023,1,8677.28,0.0
I018794,O11288,P0373,1,8955.67,0.2
I018795,O11288,P0371,2,14987.41,0.2
I018796,O11289,P0059,1,7497.65,0.05
I018797,O11289,P0027,2,6637.92,0.05
I018798,O11290,P0216,3,4253.32,0.1
I018799,O11291,P0330,2,621.58,0.1
I018800,O11291,P0046,1,15363.92,0.1
I018801,O11292,P0049,1,10387.8,0.05
I018802,O11293,P0496,1,20624.48,0.2
I018803,O11293,P0036,1,22992.46,0.2
I018804,O11293,P0258,1,5357.22,0.2
I018805,O11294,P0483,1,14346.17,0.25
I018806,O11294,P0347,1,207.7,0.25
I018807,O11294,P0045,1,5553.07,0.25
I018808,O11295,P0435,1,11265.94,0.05
I018809,O11295,P0392,1,10129.56,0.05
I018810,O11295,P0279,2,820.43,0.05
I018811,O11296,P0366,1,12694.5,0.15
I018812,O11296,P0267,1,13380.29,0.15
I018813,O11297,P0087,3,5413.54,0.15
I018814,O11298,P0331,2,7610.91,0.2
I018815,O11298,P0096,3,7114.07,0.2
I018816,O11299,P0407,1,775.43,0.1
I018817,O11300,P0389,1,10740.24,0.15
I018818,O11301,P0296,1,10086.41,0.05
I018819,O11302,P0360,1,4434.75,0.25
I018820,O11302,P0204,3,3139.42,0.25
I018821,O11302,P0170,2,10734.0,0.25
I018822,O11303,P0226,1,1989.2,0.15
I018823,O11303,P0274,1,16208.88,0.15
I018824,O11303,P0358,1,17680.82,0.15
I018825,O11304,P0061,1,9428.51,0.0
I018826,O11305,P0319,1,17097.24,0.2
I018827,O11305,P0216,1,4253.32,0.2
I018828,O11305,P0073,2,14367.83,0.2
I018829,O11305,P0095,1,708.58,0.2
I018830,O11306,P0385,1,9160.1,0.25
I018831,O11307,P0072,2,8074.69,0.05
I018832,O11307,P0281,3,8647.87,0.05
I018833,O11307,P0332,2,9365.5,0.05
I018834,O11308,P0018,2,8521.23,0.1
I018835,O11308,P0223,1,12111.39,0.1
I018836,O11309,P0459,1,15147.66,0.3
I018837,O11310,P0399,1,9834.2,0.1
I018838,O11310,P0157,3,1053.8,0.1
I018839,O11310,P0244,2,6694.24,0.1
I018840,O11310,P0293,1,5390.99,0.1
I018841,O11311,P0362,1,7754.84,0.15
I018842,O11311,P0479,2,2007.3,0.15
I018843,O11312,P0263,2,12622.11,0.1
I018844,O11312,P0188,2,6865.34,0.1
I018845,O11312,P0474,3,2142.32,0.1
I018846,O11313,P0334,1,5599.91,0.0
I018847,O11314,P0049,3,10387.8,0.1
I018848,O11315,P0148,1,3827.6,0.2
I018849,O11316,P0077,1,10405.98,0.0
I018850,O11316,P0134,3,8950.35,0.0
I018851,O11316,P0280,3,19260.63,0.0
I018852,O11316,P0170,1,10734.0,0.0
I018853,O11317,P0434,2,15961.32,0.1
I018854,O11317,P0429,5,4623.76,0.1
I018855,O11318,P0155,3,16173.54,0.2
I018856,O11318,P0189,1,1077.94,0.2
I018857,O11318,P0333,1,16891.72,0.2
I018858,O11319,P0489,3,16108.48,0.05
I018859,O11319,P0440,1,10988.87,0.05
I018860,O11320,P0285,2,11518.27,0.25
I018861,O11321,P0008,1,404.42,0.05
I018862,O11322,P0491,2,14558.18,0.15
I018863,O11323,P0355,3,15161.64,0.05
I018864,O11323,P0198,1,15426.36,0.05
I018865,O11323,P0216,4,4253.32,0.05
I018866,O11324,P0198,1,15426.36,0.05
I018867,O11325,P0227,2,1214.17,0.15
I018868,O11326,P0218,2,10519.23,0.0
I018869,O11326,P0176,5,13983.62,0.0
I018870,O11327,P0270,1,15544.12,0.0
I018871,O11328,P0169,2,5258.15,0.05
I018872,O11329,P0104,2,389.71,0.05
I018873,O11330,P0467,3,7857.91,0.0
I018874,O11331,P0393,1,1256.74,0.25
I018875,O11331,P0075,1,16717.1,0.25
I018876,O11332,P0110,1,239.19,0.05
I018877,O11332,P0499,1,2390.13,0.05
I018878,O11333,P0375,3,1937.18,0.15
I018879,O11333,P0274,4,16208.88,0.15
I018880,O11334,P0016,2,4929.52,0.05
I018881,O11335,P0033,2,2436.78,0.3
I018882,O11336,P0349,1,17040.15,0.0
I018883,O11336,P0456,4,5984.52,0.0
I018884,O11337,P0017,1,9858.5,0.05
I018885,O11338,P0149,2,18764.92,0.1
I018886,O11338,P0135,1,13687.78,0.1
I018887,O11339,P0132,3,8762.43,0.15
I018888,O11339,P0271,3,10464.94,0.15
I018889,O11339,P0023,4,8677.28,0.15
I018890,O11340,P0430,1,14535.8,0.1
I018891,O11340,P0009,1,10894.67,0.1
I018892,O11341,P0121,2,5223.81,0.15
I018893,O11342,P0337,1,6259.83,0.2
I018894,O11343,P0023,1,8677.28,0.05
I018895,O11344,P0379,1,4596.34,0.15
I018896,O11344,P0159,5,12341.8,0.15
I018897,O11345,P0042,2,18369.63,0.1
I018898,O11346,P0381,1,1646.42,0.0
I018899,O11346,P0099,1,11095.32,0.0
I018900,O11346,P0261,1,9413.55,0.0
I018901,O11347,P0098,1,18024.33,0.05
I018902,O11348,P0113,1,1476.37,0.15
I018903,O11349,P0305,1,5268.03,0.05
I018904,O11349,P0188,3,6865.34,0.05
I018905,O11350,P0056,1,5412.25,0.0
I018906,O11351,P0429,1,4623.76,0.1
I018907,O11351,P0114,1,2768.84,0.1
I018908,O11351,P0169,1,5258.15,0.1
I018909,O11352,P0444,5,4611.38,0.2
I018910,O11353,P0209,1,17935.22,0.0
I018911,O11354,P0013,1,1067.21,0.1
I018912,O11355,P0078,1,18121.01,0.05
I018913,O11356,P0206,2,13942.45,0.05
I018914,O11357,P0378,1,224.7,0.1
I018915,O11358,P0425,2,3871.16,0.0
I018916,O11359,P0241,1,9473.89,0.05
I018917,O11360,P0045,1,5553.07,0.05
I018918,O11361,P0189,1,1077.94,0.15
I018919,O11362,P0471,2,3362.5,0.2
I018920,O11363,P0181,1,6969.81,0.0
I018921,O11364,P0349,1,17040.15,0.1
I018922,O11364,P0130,1,5669.17,0.1
I018923,O11364,P0403,2,10949.03,0.1
I018924,O11364,P0421,1,3134.29,0.1
I018925,O11365,P0121,1,5223.81,0.05
I018926,O11366,P0411,1,9751.96,0.3
I018927,O11366,P0235,1,17675.52,0.3
I018928,O11366,P0291,4,8891.78,0.3
I018929,O11367,P0177,3,5666.47,0.15
I018930,O11368,P0297,1,14103.76,0.0
I018931,O11368,P0218,1,10519.23,0.0
I018932,O11369,P0016,1,4929.52,0.05
I018933,O11369,P0304,1,5766.34,0.05
I018934,O11370,P0238,1,16729.81,0.0
I018935,O11371,P0108,3,11560.22,0.15
I018936,O11372,P0041,1,11579.02,0.1
I018937,O11373,P0467,1,7857.91,0.1
I018938,O11374,P0121,3,5223.81,0.1
I018939,O11375,P0148,2,3827.6,0.05
I018940,O11375,P0245,3,14211.09,0.05
I018941,O11376,P0457,2,18511.82,0.0
I018942,O11376,P0165,1,8775.25,0.0
I018943,O11377,P0196,1,3827.41,0.2
I018944,O11377,P0389,1,10740.24,0.2
I018945,O11377,P0420,1,5156.99,0.2
I018946,O11378,P0377,1,7254.24,0.0
I018947,O11379,P0169,1,5258.15,0.15
I018948,O11379,P0001,1,12680.89,0.15
I018949,O11380,P0393,1,1256.74,0.05
I018950,O11381,P0401,1,18961.41,0.2
I018951,O11381,P0174,2,14241.6,0.2
I018952,O11381,P0368,1,19421.03,0.2
I018953,O11382,P0250,3,17490.25,0.1
I018954,O11382,P0470,1,16384.1,0.1
I018955,O11383,P0300,1,11744.09,0.05
I018956,O11383,P0221,2,9748.25,0.05
I018957,O11383,P0245,1,14211.09,0.05
I018958,O11384,P0175,1,8354.48,0.15
I018959,O11385,P0403,1,10949.03,0.05
I018960,O11386,P0056,2,5412.25,0.1
I018961,O11387,P0228,1,7442.22,0.2
I018962,O11387,P0148,2,3827.6,0.2
I018963,O11388,P0047,2,3795.44,0.0
I018964,O11388,P0192,50,13132.41,0.0
I018965,O11388,P0341,1,9492.87,0.0
I018966,O11388,P0380,1,1803.38,0.0
I018967,O11389,P0014,3,14738.4,0.05
I018968,O11390,P0047,4,3795.44,0.15
I018969,O11390,P0241,1,9473.89,0.15
I018970,O11391,P0460,2,1760.09,0.15
I018971,O11392,P0099,1,11095.32,0.0
I018972,O11393,P0009,1,10894.67,0.3
I018973,O11393,P0431,1,7800.63,0.3
I018974,O11393,P0038,5,13981.96,0.3
I018975,O11394,P0335,1,3821.2,0.15
I018976,O11394,P0202,2,4958.04,0.15
I018977,O11395,P0025,1,21151.19,0.05
I018978,O11395,P0299,1,9253.96,0.05
I018979,O11395,P0400,1,7063.54,0.05
I018980,O11396,P0217,2,2504.14,0.05
I018981,O11396,P0414,2,3244.46,0.05
I018982,O11397,P0480,1,12036.43,0.1
I018983,O11397,P0153,1,6065.86,0.1
I018984,O11397,P0249,2,11650.12,0.1
I018985,O11398,P0045,1,5553.07,0.0
I018986,O11398,P0208,4,17414.46,0.0
I018987,O11399,P0357,1,4004.54,0.15
I018988,O11399,P0145,1,5897.75,0.15
I018989,O11400,P0397,1,18087.88,0.0
I018990,O11400,P0345,1,18312.01,0.0
I018991,O11401,P0016,1,4929.52,0.15
I018992,O11401,P0085,2,14574.29,0.15
I018993,O11402,P0018,1,8521.23,0.15
I018994,O11402,P0281,2,8647.87,0.15
I018995,O11402,P0474,3,2142.32,0.15
I018996,O11403,P0241,1,9473.89,0.2
I018997,O11404,P0106,1,5470.36,0.0
I018998,O11405,P0315,2,8767.22,0.15
I018999,O11405,P0104,1,389.71,0.15
I019000,O11406,P0392,1,10129.56,0.3
I019001,O11406,P0435,2,11265.94,0.3
I019002,O11407,P0272,1,13853.17,0.0
I019003,O11408,P0121,1,5223.81,0.0
I019004,O11409,P0216,2,4253.32,0.05
I019005,O11410,P0044,1,4750.75,0.05
I019006,O11410,P0143,2,2154.67,0.05
I019007,O11411,P0279,1,820.43,0.05
I019008,O11411,P0454,2,13398.41,0.05
I019009,O11412,P0400,2,7063.54,0.25
I019010,O11413,P0316,1,18765.5,0.15
I019011,O11414,P0421,1,3134.29,0.0
I019012,O11415,P0244,1,6694.24,0.1
I019013,O11416,P0357,1,4004.54,0.2
I019014,O11417,P0450,2,2255.15,0.1
I019015,O11418,P0024,1,14146.9,0.05
I019016,O11419,P0397,1,18087.88,0.25
I019017,O11419,P0111,1,4168.73,0.25
I019018,O11419,P0434,1,15961.32,0.25
I019019,O11420,P0474,2,2142.32,0.05
I019020,O11420,P0383,2,5460.56,0.05
I019021,O11421,P0153,3,6065.86,0.05
I019022,O11421,P0459,3,15147.66,0.05
I019023,O11422,P0319,1,17097.24,0.05
I019024,O11423,P0224,1,14337.8,0.05
I019025,O11423,P0433,2,11369.56,0.05
I019026,O11423,P0387,1,11008.74,0.05
I019027,O11424,P0448,5,11150.05,0.15
I019028,O11424,P0449,1,3785.19,0.15
I019029,O11425,P0454,2,13398.41,0.05
I019030,O11426,P0137,2,2945.06,0.1
I019031,O11427,P0416,2,14378.26,0.05
I019032,O11428,P0171,2,6118.98,0.1
I019033,O11428,P0437,2,9057.77,0.1
I019034,O11429,P0018,1,8521.23,0.25
I019035,O11430,P0193,1,3841.48,0.05
I019036,O11430,P0053,1,11740.23,0.05
I019037,O11430,P0302,1,10139.5,0.05
I019038,O11431,P0192,5,13132.41,0.15
I019039,O11431,P0276,4,15791.95,0.15
I019040,O11432,P0051,1,13023.34,0.05
I019041,O11433,P0112,1,10276.51,0.0
I019042,O11433,P0389,1,10740.24,0.0
I019043,O11434,P0033,1,2436.78,0.0
I019044,O11435,P0045,2,5553.07,0.25
I019045,O11435,P0222,5,6948.91,0.25
I019046,O11436,P0281,1,8647.87,0.1
I019047,O11436,P0231,1,5606.43,0.1
I019048,O11436,P0400,4,7063.54,0.1
I019049,O11437,P0376,2,21096.71,0.1
I019050,O11437,P0283,1,10933.03,0.1
I019051,O11437,P0361,1,8061.24,0.1
I019052,O11438,P0409,3,8257.04,0.0
I019053,O11439,P0175,1,8354.48,0.1
I019054,O11440,P0129,1,15750.63,0.15
I019055,O11441,P0488,1,6474.12,0.1
I019056,O11441,P0082,1,8524.01,0.1
I019057,O11442,P0230,1,16237.69,0.0
I019058,O11443,P0076,5,12082.97,0.05
I019059,O11444,P0023,2,8677.28,0.15
I019060,O11444,P0378,1,224.7,0.15
I019061,O11445,P0207,1,9618.99,0.1
I019062,O11445,P0386,1,7920.43,0.1
I019063,O11445,P0370,2,12293.71,0.1
I019064,O11446,P0381,3,1646.42,0.1
I019065,O11446,P0159,5,12341.8,0.1
I019066,O11447,P0495,1,3120.64,0.0
I019067,O11448,P0027,1,6637.92,0.1
I019068,O11449,P0431,3,7800.63,0.1
I019069,O11449,P0281,3,8647.87,0.1
I019070,O11450,P0320,1,22881.56,0.2
I019071,O11450,P0272,1,13853.17,0.2
I019072,O11451,P0325,1,883.29,0.05
I019073,O11452,P0385,2,9160.1,0.1
I019074,O11452,P0316,4,18765.5,0.1
I019075,O11453,P0333,1,16891.72,0.25
I019076,O11454,P0458,3,11252.82,0.1
I019077,O11454,P0323,2,19857.8,0.1
I019078,O11455,P0227,2,1214.17,0.0
I019079,O11456,P0355,2,15161.64,0.0
I019080,O11456,P0412,2,14362.31,0.0
I019081,O11456,P0285,1,11518.27,0.0
I019082,O11457,P0150,2,19657.29,0.25
I019083,O11458,P0354,2,749.54,0.1
I019084,O11458,P0256,1,10413.89,0.1
I019085,O11459,P0164,2,744.63,0.05
I019086,O11460,P0218,1,10519.23,0.1
I019087,O11460,P0352,1,10103.59,0.1
I019088,O11460,P0319,2,17097.24,0.1
I019089,O11461,P0210,4,3425.1,0.25
I019090,O11461,P0455,1,6841.97,0.25
I019091,O11461,P0134,1,8950.35,0.25
I019092,O11461,P0104,1,389.71,0.25
I019093,O11462,P0072,1,8074.69,0.0
I019094,O11463,P0327,1,7197.89,0.1
I019095,O11464,P0477,2,13272.75,0.0
I019096,O11465,P0087,2,5413.54,0.1
I019097,O11465,P0231,1,5606.43,0.1
I019098,O11465,P0131,2,2329.3,0.1
I019099,O11466,P0426,1,17258.9,0.15
I019100,O11466,P0168,2,11374.5,0.15
I019101,O11467,P0422,3,6180.37,0.1
I019102,O11467,P0398,1,15186.38,0.1
I019103,O11467,P0132,1,8762.43,0.1
I019104,O11467,P0001,2,12680.89,0.1
I019105,O11468,P0461,1,6940.51,0.25
I019106,O11468,P0394,2,9719.2,0.25
I019107,O11468,P0282,1,4087.36,0.25
I019108,O11469,P0344,1,5745.03,0.1
I019109,O11469,P0476,2,1078.88,0.1
I019110,O11470,P0219,1,1340.09,0.25
I019111,O11471,P0132,1,8762.43,0.05
I019112,O11471,P0249,1,11650.12,0.05
I019113,O11471,P0030,1,18850.92,0.05
I019114,O11472,P0199,1,13045.06,0.0
I019115,O11472,P0171,2,6118.98,0.0
I019116,O11473,P0324,1,2232.66,0.0
I019117,O11474,P0172,1,13856.39,0.0
I019118,O11475,P0407,1,775.43,0.15
I019119,O11475,P0143,2,2154.67,0.15
I019120,O11475,P0299,3,9253.96,0.15
I019121,O11475,P0406,1,1199.98,0.15
I019122,O11476,P0009,1,10894.67,0.05
I019123,O11477,P0066,1,4602.72,0.15
I019124,O11477,P0465,2,7131.53,0.15
I019125,O11478,P0396,2,6181.52,0.1
I019126,O11478,P0487,2,2276.61,0.1
I019127,O11479,P0035,2,10869.62,0.05
I019128,O11480,P0301,1,1551.88,0.1
I019129,O11480,P0494,2,9857.51,0.1
I019130,O11480,P0474,1,2142.32,0.1
I019131,O11480,P0024,4,14146.9,0.1
I019132,O11481,P0092,4,3959.04,0.0
I019133,O11482,P0448,2,11150.05,0.05
I019134,O11482,P0280,1,19260.63,0.05
I019135,O11483,P0418,1,12929.12,0.15
I019136,O11484,P0170,1,10734.0,0.15
I019137,O11485,P0246,1,3212.48,0.15
I019138,O11485,P0134,1,8950.35,0.15
I019139,O11486,P0053,2,11740.23,0.1
I019140,O11486,P0250,2,17490.25,0.1
I019141,O11486,P0185,1,11400.27,0.1
I019142,O11487,P0453,1,2027.99,0.1
I019143,O11487,P0262,1,12660.19,0.1
I019144,O11488,P0010,1,8507.4,0.1
I019145,O11488,P0148,1,3827.6,0.1
I019146,O11489,P0077,2,10405.98,0.25
I019147,O11490,P0233,1,9166.88,0.25
I019148,O11491,P0383,4,5460.56,0.0
I019149,O11491,P0215,2,2961.47,0.0
I019150,O11492,P0480,4,12036.43,0.25
I019151,O11493,P0404,1,7190.22,0.2
I019152,O11494,P0373,1,8955.67,0.1
I019153,O11495,P0246,2,3212.48,0.05
I019154,O11495,P0415,1,19105.92,0.05
I019155,O11496,P0144,1,5083.64,0.1
I019156,O11497,P0370,2,12293.71,0.2
I019157,O11498,P0033,1,2436.78,0.0
I019158,O11498,P0269,1,9853.0,0.0
I019159,O11499,P0415,1,19105.92,0.1
I019160,O11499,P0420,1,5156.99,0.1
I019161,O11500,P0410,3,8140.59,0.05
I019162,O11501,P0468,2,17686.56,0.05
I019163,O11502,P0367,1,14116.53,0.0
I019164,O11502,P0239,5,10044.2,0.0
I019165,O11502,P0141,1,2669.4,0.0
I019166,O11503,P0185,2,11400.27,0.25
I019167,O11504,P0163,1,16537.01,0.0
I019168,O11504,P0428,3,15197.13,0.0
I019169,O11504,P0420,2,5156.99,0.0
I019170,O11504,P0441,1,11253.53,0.0
I019171,O11505,P0429,3,4623.76,0.15
I019172,O11506,P0119,1,14136.98,0.1
I019173,O11507,P0090,1,19317.51,0.2
I019174,O11508,P0201,1,18090.68,0.1
I019175,O11508,P0161,3,4912.94,0.1
I019176,O11508,P0046,1,15363.92,0.1
I019177,O11509,P0125,2,8357.18,0.3
I019178,O11509,P0393,1,1256.74,0.3
I019179,O11509,P0200,1,9202.06,0.3
I019180,O11510,P0416,1,14378.26,0.1
I019181,O11510,P0267,1,13380.29,0.1
I019182,O11511,P0285,1,11518.27,0.1
I019183,O11511,P0352,5,10103.59,0.1
I019184,O11512,P0249,2,11650.12,0.25
I019185,O11513,P0442,1,12851.94,0.05
I019186,O11513,P0202,1,4958.04,0.05
I019187,O11513,P0392,1,10129.56,0.05
I019188,O11514,P0382,5,17253.16,0.05
I019189,O11515,P0097,2,16913.36,0.15
I019190,O11516,P0134,1,8950.35,0.0
I019191,O11516,P0195,1,18266.79,0.0
I019192,O11517,P0484,1,14051.85,0.15
I019193,O11517,P0339,1,8938.6,0.15
I019194,O11518,P0067,2,18606.26,0.1
I019195,O11518,P0170,4,10734.0,0.1
I019196,O11519,P0356,1,17911.43,0.15
I019197,O11520,P0024,2,14146.9,0.3
I019198,O11521,P0017,2,9858.5,0.25
I019199,O11521,P0362,1,7754.84,0.25
I019200,O11522,P0164,1,744.63,0.1
I019201,O11522,P0054,2,22196.9,0.1
I019202,O11523,P0342,4,8867.09,0.05
I019203,O11523,P0415,2,19105.92,0.05
I019204,O11524,P0097,2,16913.36,0.1
I019205,O11525,P0138,1,9332.54,0.15
I019206,O11525,P0102,2,4552.64,0.15
I019207,O11526,P0221,1,9748.25,0.05
I019208,O11526,P0344,1,5745.03,0.05
I019209,O11526,P0013,1,1067.21,0.05
I019210,O11527,P0369,1,2936.18,0.05
I019211,O11527,P0400,2,7063.54,0.05
I019212,O11528,P0183,1,208.22,0.05
I019213,O11529,P0226,2,1989.2,0.2
I019214,O11530,P0230,1,16237.69,0.0
I019215,O11530,P0264,1,11827.53,0.0
I019216,O11531,P0360,2,4434.75,0.05
I019217,O11532,P0123,1,12283.66,0.1
I019218,O11533,P0189,2,1077.94,0.1
I019219,O11533,P0347,1,207.7,0.1
I019220,O11534,P0350,2,14181.21,0.0
I019221,O11535,P0378,2,224.7,0.05
I019222,O11536,P0359,2,17408.84,0.1
I019223,O11536,P0224,1,14337.8,0.1
I019224,O11537,P0056,3,5412.25,0.25
I019225,O11538,P0321,3,15173.01,0.05
I019226,O11539,P0440,2,10988.87,0.0
I019227,O11539,P0138,4,9332.54,0.0
I019228,O11540,P0185,2,11400.27,0.25
I019229,O11541,P0273,1,1414.88,0.1
I019230,O11542,P0207,1,9618.99,0.0
I019231,O11542,P0391,4,16675.09,0.0
I019232,O11543,P0179,2,12189.37,0.1
I019233,O11543,P0089,1,21527.82,0.1
I019234,O11543,P0430,1,14535.8,0.1
I019235,O11544,P0034,5,3767.39,0.15
I019236,O11545,P0482,1,16166.73,0.15
I019237,O11546,P0472,1,6339.28,0.05
I019238,O11546,P0026,2,8043.88,0.05
I019239,O11547,P0197,2,5628.38,0.05
I019240,O11547,P0184,1,5176.95,0.05
I019241,O11548,P0468,1,17686.56,0.2
I019242,O11548,P0128,2,11542.08,0.2
I019243,O11548,P0388,1,10509.73,0.2
I019244,O11549,P0048,3,881.87,0.05
I019245,O11549,P0223,2,12111.39,0.05
I019246,O11549,P0098,1,18024.33,0.05
I019247,O11549,P0321,1,15173.01,0.05
I019248,O11550,P0168,1,11374.5,0.15
I019249,O11551,P0111,1,4168.73,0.0
I019250,O11551,P0203,1,14797.26,0.0
I019251,O11552,P0483,3,14346.17,0.1
I019252,O11552,P0002,2,685.44,0.1
I019253,O11552,P0422,1,6180.37,0.1
I019254,O11553,P0209,1,17935.22,0.3
I019255,O11553,P0461,2,6940.51,0.3
I019256,O11554,P0389,2,10740.24,0.1
I019257,O11554,P0245,1,14211.09,0.1
I019258,O11554,P0047,2,3795.44,0.1
I019259,O11555,P0477,2,13272.75,0.05
I019260,O11556,P0482,3,16166.73,0.15
I019261,O11556,P0303,1,15132.39,0.15
I019262,O11557,P0314,1,5199.64,0.05
I019263,O11558,P0046,4,15363.92,0.25
I019264,O11559,P0477,5,13272.75,0.05
I019265,O11560,P0088,1,10596.08,0.05
I019266,O11560,P0217,1,2504.14,0.05
I019267,O11561,P0026,2,8043.88,0.15
I019268,O11562,P0271,1,10464.94,0.15
I019269,O11562,P0419,1,11206.88,0.15
I019270,O11562,P0246,1,3212.48,0.15
I019271,O11563,P0256,2,10413.89,0.1
I019272,O11564,P0360,1,4434.75,0.05
I019273,O11565,P0144,2,5083.64,0.1
I019274,O11566,P0047,3,3795.44,0.05
I019275,O11566,P0447,2,13008.01,0.05
I019276,O11566,P0154,4,13970.67,0.05
I019277,O11566,P0485,2,1818.67,0.05
I019278,O11567,P0271,2,10464.94,0.0
I019279,O11567,P0054,1,22196.9,0.0
I019280,O11567,P0491,1,14558.18,0.0
I019281,O11567,P0344,2,5745.03,0.0
I019282,O11568,P0065,2,11896.67,0.2
I019283,O11568,P0183,2,208.22,0.2
I019284,O11569,P0311,1,13470.81,0.1
I019285,O11570,P0249,1,11650.12,0.1
I019286,O11571,P0140,1,23423.37,0.15
I019287,O11571,P0031,1,10837.07,0.15
I019288,O11571,P0343,1,21720.15,0.15
I019289,O11571,P0161,1,4912.94,0.15
I019290,O11572,P0418,2,12929.12,0.1
I019291,O11572,P0124,2,15514.19,0.1
I019292,O11573,P0039,1,1954.54,0.1
I019293,O11573,P0225,2,925.67,0.1
I019294,O11574,P0455,3,6841.97,0.15
I019295,O11574,P0479,1,2007.3,0.15
I019296,O11574,P0438,1,9736.72,0.15
I019297,O11575,P0376,3,21096.71,0.1
I019298,O11575,P0115,1,10805.92,0.1
I019299,O11576,P0340,1,6540.28,0.2
I019300,O11577,P0221,1,9748.25,0.05
I019301,O11577,P0215,1,2961.47,0.05
I019302,O11578,P0068,3,658.18,0.0
I019303,O11579,P0400,1,7063.54,0.0
I019304,O11579,P0187,3,6663.59,0.0
I019305,O11580,P0073,1,14367.83,0.15
I019306,O11580,P0092,1,3959.04,0.15
I019307,O11580,P0277,1,14027.28,0.15
I019308,O11580,P0387,1,11008.74,0.15
I019309,O11581,P0471,1,3362.5,0.25
I019310,O11582,P0451,1,18517.71,0.0
I019311,O11583,P0488,2,6474.12,0.2
I019312,O11584,P0304,1,5766.34,0.25
I019313,O11585,P0299,1,9253.96,0.15
I019314,O11586,P0058,4,10856.44,0.15
I019315,O11586,P0302,1,10139.5,0.15
I019316,O11587,P0073,3,14367.83,0.0
I019317,O11587,P0096,3,7114.07,0.0
I019318,O11588,P0089,1,21527.82,0.05
I019319,O11589,P0024,2,14146.9,0.05
I019320,O11589,P0207,1,9618.99,0.05
I019321,O11589,P0376,3,21096.71,0.05
I019322,O11590,P0160,1,6251.25,0.1
I019323,O11590,P0386,1,7920.43,0.1
I019324,O11591,P0446,1,18710.12,0.15
I019325,O11592,P0157,1,1053.8,0.2
I019326,O11593,P0247,1,5866.18,0.1
I019327,O11594,P0105,1,10085.48,0.1
I019328,O11595,P0317,1,14355.69,0.0
I019329,O11596,P0249,4,11650.12,0.3
I019330,O11596,P0227,1,1214.17,0.3
I019331,O11597,P0383,4,5460.56,0.25
I019332,O11598,P0134,1,8950.35,0.0
I019333,O11599,P0499,1,2390.13,0.1
I019334,O11600,P0317,1,14355.69,0.05
I019335,O11600,P0262,1,12660.19,0.05
I019336,O11600,P0274,3,16208.88,0.05
I019337,O11601,P0027,3,6637.92,0.1
I019338,O11601,P0496,1,20624.48,0.1
I019339,O11602,P0260,1,9638.98,0.15
I019340,O11603,P0264,1,11827.53,0.1
I019341,O11604,P0339,1,8938.6,0.1
I019342,O11604,P0058,1,10856.44,0.1
I019343,O11604,P0101,4,13448.78,0.1
I019344,O11605,P0192,5,13132.41,0.05
I019345,O11606,P0454,2,13398.41,0.0
I019346,O11607,P0491,1,14558.18,0.15
I019347,O11607,P0166,1,4299.84,0.15
I019348,O11608,P0437,1,9057.77,0.05
I019349,O11608,P0471,1,3362.5,0.05
I019350,O11609,P0341,2,9492.87,0.2
I019351,O11610,P0232,1,14966.59,0.25
I019352,O11610,P0469,3,12828.28,0.25
I019353,O11611,P0105,1,10085.48,0.0
I019354,O11612,P0348,1,19194.75,0.15
I019355,O11613,P0112,3,10276.51,0.2
I019356,O11614,P0259,1,9091.06,0.1
I019357,O11614,P0331,1,7610.91,0.1
I019358,O11614,P0491,2,14558.18,0.1
I019359,O11614,P0480,1,12036.43,0.1
I019360,O11615,P0304,1,5766.34,0.05
I019361,O11616,P0366,1,12694.5,0.05
I019362,O11617,P0036,2,22992.46,0.1
I019363,O11618,P0205,2,15563.05,0.05
I019364,O11619,P0124,1,15514.19,0.2
I019365,O11619,P0020,2,16894.73,0.2
I019366,O11620,P0048,4,881.87,0.0
I019367,O11621,P0420,1,5156.99,0.0
I019368,O11622,P0407,1,775.43,0.1
I019369,O11622,P0385,2,9160.1,0.1
I019370,O11623,P0433,1,11369.56,0.15
I019371,O11624,P0074,1,20503.04,0.15
I019372,O11624,P0447,1,13008.01,0.15
I019373,O11624,P0487,1,2276.61,0.15
I019374,O11624,P0286,1,8678.82,0.15
I019375,O11625,P0402,1,5149.65,0.05
I019376,O11626,P0202,1,4958.04,0.05
I019377,O11627,P0314,1,5199.64,0.1
I019378,O11628,P0230,1,16237.69,0.05
I019379,O11628,P0229,1,971.19,0.05
I019380,O11629,P0331,1,7610.91,0.05
I019381,O11630,P0215,5,2961.47,0.15
I019382,O11630,P0055,3,18288.33,0.15
I019383,O11631,P0206,1,13942.45,0.1
I019384,O11631,P0289,2,5068.21,0.1
I019385,O11632,P0184,1,5176.95,0.25
I019386,O11632,P0467,1,7857.91,0.25
I019387,O11632,P0034,1,3767.39,0.25
I019388,O11632,P0391,2,16675.09,0.25
I019389,O11633,P0159,3,12341.8,0.1
I019390,O11634,P0115,1,10805.92,0.05
I019391,O11634,P0204,1,3139.42,0.05
I019392,O11635,P0434,2,15961.32,0.05
I019393,O11635,P0275,1,18205.93,0.05
I019394,O11636,P0093,3,11807.43,0.05
I019395,O11637,P0128,4,11542.08,0.0
I019396,O11637,P0094,1,6917.65,0.0
I019397,O11638,P0326,1,1200.34,0.1
I019398,O11639,P0366,2,12694.5,0.25
I019399,O11640,P0466,3,7584.85,0.15
I019400,O11641,P0480,2,12036.43,0.05
I019401,O11642,P0439,1,11309.42,0.15
I019402,O11642,P0389,1,10740.24,0.15
I019403,O11643,P0167,1,2741.53,0.25
I019404,O11643,P0040,2,10694.19,0.25
I019405,O11643,P0253,1,10206.89,0.25
I019406,O11643,P0352,1,10103.59,0.25
I019407,O11644,P0027,3,6637.92,0.15
I019408,O11644,P0250,1,17490.25,0.15
I019409,O11645,P0416,1,14378.26,0.1
I019410,O11646,P0107,1,12811.73,0.0
I019411,O11647,P0300,1,11744.09,0.0
I019412,O11648,P0295,3,12191.72,0.05
I019413,O11648,P0489,1,16108.48,0.05
I019414,O11649,P0031,1,10837.07,0.15
I019415,O11649,P0265,2,16102.0,0.15
I019416,O11649,P0154,3,13970.67,0.15
I019417,O11650,P0484,1,14051.85,0.0
I019418,O11651,P0442,1,12851.94,0.1
I019419,O11652,P0444,1,4611.38,0.1
I019420,O11653,P0354,5,749.54,0.1
I019421,O11653,P0329,1,6837.04,0.1
I019422,O11654,P0144,2,5083.64,0.0
I019423,O11654,P0260,1,9638.98,0.0
I019424,O11655,P0091,1,5800.05,0.3
I019425,O11656,P0476,1,1078.88,0.15
I019426,O11657,P0121,2,5223.81,0.15
I019427,O11657,P0029,2,7973.77,0.15
I019428,O11658,P0433,1,11369.56,0.0
I019429,O11659,P0239,2,10044.2,0.0
I019430,O11660,P0471,1,3362.5,0.15
I019431,O11660,P0099,3,11095.32,0.15
I019432,O11661,P0401,4,18961.41,0.0
I019433,O11662,P0415,1,19105.92,0.2
I019434,O11663,P0345,1,18312.01,0.1
I019435,O11664,P0322,1,179.06,0.0
I019436,O11664,P0042,2,18369.63,0.0
I019437,O11664,P0124,3,15514.19,0.0
I019438,O11665,P0419,2,11206.88,0.1
I019439,O11666,P0495,1,3120.64,0.15
I019440,O11666,P0349,1,17040.15,0.15
I019441,O11667,P0032,1,12721.46,0.15
I019442,O11668,P0314,1,5199.64,0.1
I019443,O11669,P0007,1,20905.26,0.1
I019444,O11670,P0054,1,22196.9,0.15
I019445,O11670,P0474,1,2142.32,0.15
I019446,O11670,P0187,2,6663.59,0.15
I019447,O11671,P0032,3,12721.46,0.2
I019448,O11671,P0280,1,19260.63,0.2
I019449,O11672,P0300,2,11744.09,0.15
I019450,O11673,P0253,1,10206.89,0.1
I019451,O11674,P0387,3,11008.74,0.15
I019452,O11674,P0462,4,8013.86,0.15
I019453,O11675,P0187,1,6663.59,0.15
I019454,O11676,P0320,3,22881.56,0.1
I019455,O11676,P0241,1,9473.89,0.1
I019456,O11676,P0304,1,5766.34,0.1
I019457,O11677,P0302,4,10139.5,0.2
I019458,O11678,P0009,4,10894.67,0.1
I019459,O11678,P0228,1,7442.22,0.1
I019460,O11678,P0089,2,21527.82,0.1
I019461,O11679,P0070,1,3923.76,0.05
I019462,O11680,P0383,3,5460.56,0.25
I019463,O11680,P0140,4,23423.37,0.25
I019464,O11681,P0059,1,7497.65,0.25
I019465,O11682,P0029,1,7973.77,0.15
I019466,O11683,P0249,1,11650.12,0.0
I019467,O11684,P0106,1,5470.36,0.15
I019468,O11685,P0124,1,15514.19,0.0
I019469,O11686,P0452,3,14623.62,0.0
I019470,O11686,P0073,2,14367.83,0.0
I019471,O11687,P0487,1,2276.61,0.05
I019472,O11688,P0443,1,3024.24,0.05
I019473,O11689,P0487,1,2276.61,0.1
I019474,O11690,P0331,2,7610.91,0.05
I019475,O11691,P0216,1,4253.32,0.05
I019476,O11692,P0229,3,971.19,0.15
I019477,O11693,P0144,1,5083.64,0.1
I019478,O11694,P0319,1,17097.24,0.0
I019479,O11694,P0189,1,1077.94,0.0
I019480,O11695,P0168,5,11374.5,0.1
I019481,O11696,P0402,1,5149.65,0.15
I019482,O11697,P0366,2,12694.5,0.0
I019483,O11698,P0177,1,5666.47,0.2
I019484,O11699,P0495,1,3120.64,0.1
I019485,O11700,P0297,2,14103.76,0.1
I019486,O11701,P0051,1,13023.34,0.05
I019487,O11702,P0020,2,16894.73,0.1
I019488,O11702,P0331,2,7610.91,0.1
I019489,O11702,P0489,2,16108.48,0.1
I019490,O11703,P0325,1,883.29,0.0
I019491,O11704,P0166,1,4299.84,0.15
I019492,O11705,P0179,1,12189.37,0.0
I019493,O11705,P0037,1,5389.2,0.0
I019494,O11705,P0301,2,1551.88,0.0
I019495,O11706,P0492,2,13278.61,0.1
I019496,O11706,P0422,2,6180.37,0.1
I019497,O11707,P0089,2,21527.82,0.0
I019498,O11707,P0276,1,15791.95,0.0
I019499,O11707,P0150,3,19657.29,0.0
I019500,O11708,P0458,2,11252.82,0.0
I019501,O11708,P0305,1,5268.03,0.0
I019502,O11709,P0169,1,5258.15,0.1
I019503,O11709,P0150,1,19657.29,0.1
I019504,O11710,P0489,1,16108.48,0.0
I019505,O11711,P0247,3,5866.18,0.0
I019506,O11711,P0090,1,19317.51,0.0
I019507,O11712,P0266,3,6946.78,0.1
I019508,O11712,P0281,3,8647.87,0.1
I019509,O11713,P0307,1,8542.99,0.15
I019510,O11714,P0156,3,17438.42,0.05
I019511,O11715,P0463,4,7934.67,0.2
I019512,O11715,P0301,3,1551.88,0.2
I019513,O11716,P0266,2,6946.78,0.0
I019514,O11717,P0060,1,10597.6,0.1
I019515,O11718,P0474,1,2142.32,0.0
I019516,O11719,P0103,2,9874.02,0.0
I019517,O11720,P0274,1,16208.88,0.2
I019518,O11720,P0031,3,10837.07,0.2
I019519,O11720,P0005,4,2113.83,0.2
I019520,O11721,P0416,1,14378.26,0.3
I019521,O11721,P0176,1,13983.62,0.3
I019522,O11722,P0195,1,18266.79,0.3
I019523,O11723,P0206,2,13942.45,0.15
I019524,O11724,P0442,1,12851.94,0.05
I019525,O11725,P0117,2,5812.89,0.05
I019526,O11725,P0345,2,18312.01,0.05
I019527,O11726,P0498,3,1038.57,0.0
I019528,O11727,P0265,4,16102.0,0.0
I019529,O11728,P0046,2,15363.92,0.15
I019530,O11728,P0034,1,3767.39,0.15
I019531,O11729,P0481,1,1854.72,0.1
I019532,O11729,P0158,3,9904.7,0.1
I019533,O11730,P0203,2,14797.26,0.15
I019534,O11730,P0322,4,179.06,0.15
I019535,O11730,P0192,1,13132.41,0.15
I019536,O11731,P0030,3,18850.92,0.1
I019537,O11732,P0094,1,6917.65,0.0
I019538,O11732,P0021,2,18265.35,0.0
I019539,O11732,P0391,1,16675.09,0.0
I019540,O11733,P0420,2,5156.99,0.05
I019541,O11733,P0422,1,6180.37,0.05
I019542,O11734,P0057,1,14313.59,0.15
I019543,O11735,P0478,1,24448.55,0.2
I019544,O11735,P0263,1,12622.11,0.2
I019545,O11736,P0320,1,22881.56,0.0
I019546,O11736,P0333,1,16891.72,0.0
I019547,O11737,P0500,1,14456.78,0.0
I019548,O11738,P0435,1,11265.94,0.25
I019549,O11739,P0312,4,8312.33,0.25
I019550,O11739,P0256,1,10413.89,0.25
I019551,O11739,P0080,2,8081.72,0.25
I019552,O11740,P0228,1,7442.22,0.15
I019553,O11740,P0300,1,11744.09,0.15
I019554,O11740,P0266,1,6946.78,0.15
I019555,O11741,P0311,2,13470.81,0.0
I019556,O11741,P0023,2,8677.28,0.0
I019557,O11742,P0353,1,4627.28,0.1
I019558,O11742,P0449,3,3785.19,0.1
I019559,O11742,P0415,1,19105.92,0.1
I019560,O11743,P0114,3,2768.84,0.0
I019561,O11744,P0267,1,13380.29,0.2
I019562,O11745,P0063,3,17989.43,0.05
I019563,O11745,P0114,1,2768.84,0.05
I019564,O11745,P0209,3,17935.22,0.05
I019565,O11745,P0096,2,7114.07,0.05
I019566,O11746,P0215,2,2961.47,0.1
I019567,O11746,P0179,1,12189.37,0.1
I019568,O11747,P0004,1,21658.55,0.05
I019569,O11748,P0470,4,16384.1,0.15
I019570,O11749,P0276,1,15791.95,0.1
I019571,O11749,P0394,3,9719.2,0.1
I019572,O11750,P0441,1,11253.53,0.15
I019573,O11751,P0270,1,15544.12,0.05
I019574,O11752,P0310,1,6739.9,0.05
I019575,O11753,P0094,2,6917.65,0.2
I019576,O11753,P0386,1,7920.43,0.2
I019577,O11753,P0329,1,6837.04,0.2
I019578,O11754,P0109,1,7019.11,0.05
I019579,O11755,P0002,1,685.44,0.2
I019580,O11756,P0486,1,7416.01,0.0
I019581,O11757,P0391,3,16675.09,0.0
I019582,O11758,P0494,2,9857.51,0.15
I019583,O11759,P0060,1,10597.6,0.3
I019584,O11759,P0056,1,5412.25,0.3
I019585,O11760,P0320,1,22881.56,0.25
I019586,O11761,P0396,2,6181.52,0.1
I019587,O11761,P0353,1,4627.28,0.1
I019588,O11762,P0313,1,15225.55,0.1
I019589,O11763,P0086,5,12651.01,0.1
I019590,O11763,P0020,1,16894.73,0.1
I019591,O11764,P0464,1,11639.56,0.15
I019592,O11764,P0003,4,14157.19,0.15
I019593,O11764,P0222,1,6948.91,0.15
I019594,O11765,P0314,1,5199.64,0.1
I019595,O11766,P0366,1,12694.5,0.0
I019596,O11766,P0274,1,16208.88,0.0
I019597,O11766,P0126,4,12590.35,0.0
I019598,O11766,P0350,2,14181.21,0.0
I019599,O11767,P0095,4,708.58,0.2
I019600,O11767,P0082,1,8524.01,0.2
I019601,O11768,P0371,1,14987.41,0.2
I019602,O11768,P0421,1,3134.29,0.2
I019603,O11769,P0305,2,5268.03,0.2
I019604,O11770,P0117,1,5812.89,0.1
I019605,O11771,P0177,2,5666.47,0.05
I019606,O11771,P0452,3,14623.62,0.05
I019607,O11771,P0222,1,6948.91,0.05
I019608,O11772,P0109,4,7019.11,0.0
I019609,O11772,P0477,1,13272.75,0.0
I019610,O11772,P0279,1,820.43,0.0
I019611,O11772,P0391,2,16675.09,0.0
I019612,O11773,P0192,1,13132.41,0.1
I019613,O11773,P0147,3,5903.16,0.1
I019614,O11773,P0326,1,1200.34,0.1
I019615,O11774,P0027,1,6637.92,0.05
I019616,O11775,P0124,1,15514.19,0.1
I019617,O11776,P0399,1,9834.2,0.0
I019618,O11777,P0277,1,14027.28,0.05
I019619,O11778,P0124,1,15514.19,0.1
I019620,O11779,P0347,3,207.7,0.0
I019621,O11779,P0466,2,7584.85,0.0
I019622,O11779,P0240,1,16345.25,0.0
I019623,O11780,P0200,1,9202.06,0.05
I019624,O11781,P0073,2,14367.83,0.0
I019625,O11781,P0496,3,20624.48,0.0
I019626,O11781,P0007,3,20905.26,0.0
I019627,O11782,P0345,1,18312.01,0.0
I019628,O11782,P0214,1,3598.9,0.0
I019629,O11783,P0412,2,14362.31,0.0
I019630,O11784,P0113,2,1476.37,0.15
I019631,O11784,P0418,3,12929.12,0.15
I019632,O11785,P0486,1,7416.01,0.0
I019633,O11785,P0037,1,5389.2,0.0
I019634,O11785,P0339,1,8938.6,0.0
I019635,O11785,P0491,2,14558.18,0.0
I019636,O11786,P0313,2,15225.55,0.2
I019637,O11786,P0160,1,6251.25,0.2
I019638,O11787,P0233,4,9166.88,0.15
I019639,O11788,P0422,2,6180.37,0.15
I019640,O11789,P0270,1,15544.12,0.05
I019641,O11789,P0105,1,10085.48,0.05
I019642,O11790,P0139,4,11137.68,0.0
I019643,O11790,P0212,1,15959.35,0.0
I019644,O11790,P0210,5,3425.1,0.0
I019645,O11790,P0003,1,14157.19,0.0
I019646,O11791,P0334,1,5599.91,0.0
I019647,O11792,P0113,4,1476.37,0.15
I019648,O11792,P0328,2,15667.69,0.15
I019649,O11793,P0403,2,10949.03,0.25
I019650,O11794,P0030,1,18850.92,0.0
I019651,O11794,P0051,1,13023.34,0.0
I019652,O11795,P0027,3,6637.92,0.2
I019653,O11795,P0497,1,5343.08,0.2
I019654,O11796,P0242,1,12806.32,0.15
I019655,O11797,P0333,3,16891.72,0.15
I019656,O11797,P0401,1,18961.41,0.15
I019657,O11798,P0112,1,10276.51,0.15
I019658,O11799,P0156,1,17438.42,0.0
I019659,O11800,P0039,1,1954.54,0.1
I019660,O11800,P0449,1,3785.19,0.1
I019661,O11801,P0475,2,6070.94,0.1
I019662,O11802,P0155,1,16173.54,0.2
I019663,O11803,P0089,1,21527.82,0.1
I019664,O11803,P0142,1,7546.26,0.1
I019665,O11804,P0137,2,2945.06,0.1
I019666,O11805,P0294,2,9318.36,0.1
I019667,O11806,P0487,2,2276.61,0.1
I019668,O11806,P0103,3,9874.02,0.1
I019669,O11806,P0212,3,15959.35,0.1
I019670,O11807,P0140,2,23423.37,0.05
I019671,O11808,P0496,1,20624.48,0.0
I019672,O11808,P0311,1,13470.81,0.0
I019673,O11809,P0334,2,5599.91,0.05
I019674,O11810,P0393,1,1256.74,0.1
I019675,O11811,P0074,1,20503.04,0.1
I019676,O11812,P0298,5,14301.55,0.1
I019677,O11813,P0222,1,6948.91,0.15
I019678,O11814,P0464,4,11639.56,0.1
I019679,O11815,P0149,1,18764.92,0.05
I019680,O11815,P0071,1,1222.75,0.05
I019681,O11816,P0184,4,5176.95,0.1
I019682,O11816,P0245,1,14211.09,0.1
I019683,O11816,P0284,2,9183.48,0.1
I019684,O11817,P0052,1,22717.29,0.05
I019685,O11818,P0257,1,8094.05,0.0
I019686,O11819,P0065,3,11896.67,0.05
I019687,O11819,P0330,1,621.58,0.05
I019688,O11820,P0216,1,4253.32,0.1
I019689,O11821,P0122,2,20389.93,0.05
I019690,O11821,P0128,1,11542.08,0.05
I019691,O11822,P0107,1,12811.73,0.15
I019692,O11822,P0327,1,7197.89,0.15
I019693,O11823,P0386,4,7920.43,0.2
I019694,O11823,P0118,2,11312.75,0.2
I019695,O11823,P0382,2,17253.16,0.2
I019696,O11824,P0257,2,8094.05,0.05
I019697,O11825,P0103,1,9874.02,0.0
I019698,O11825,P0218,1,10519.23,0.0
I019699,O11825,P0303,1,15132.39,0.0
I019700,O11826,P0005,2,2113.83,0.2
I019701,O11826,P0204,5,3139.42,0.2
I019702,O11826,P0046,1,15363.92,0.2
I019703,O11827,P0221,1,9748.25,0.1
I019704,O11827,P0443,1,3024.24,0.1
I019705,O11828,P0045,1,5553.07,0.0
I019706,O11828,P0124,2,15514.19,0.0
I019707,O11829,P0207,1,9618.99,0.1
I019708,O11830,P0391,2,16675.09,0.0
I019709,O11830,P0291,1,8891.78,0.0
I019710,O11830,P0499,3,2390.13,0.0
I019711,O11830,P0220,2,4537.91,0.0
I019712,O11831,P0106,1,5470.36,0.15
I019713,O11831,P0013,3,1067.21,0.15
I019714,O11832,P0497,4,5343.08,0.1
I019715,O11833,P0164,2,744.63,0.2
I019716,O11834,P0431,2,7800.63,0.05
I019717,O11835,P0058,1,10856.44,0.25
I019718,O11835,P0087,1,5413.54,0.25
I019719,O11836,P0001,1,12680.89,0.2
I019720,O11836,P0215,1,2961.47,0.2
I019721,O11836,P0363,2,11446.48,0.2
I019722,O11837,P0400,2,7063.54,0.15
I019723,O11838,P0167,1,2741.53,0.1
I019724,O11838,P0271,1,10464.94,0.1
I019725,O11839,P0488,1,6474.12,0.1
I019726,O11840,P0242,1,12806.32,0.05
I019727,O11840,P0126,2,12590.35,0.05
I019728,O11841,P0294,1,9318.36,0.0
I019729,O11841,P0444,1,4611.38,0.0
I019730,O11841,P0180,2,5738.9,0.0
I019731,O11842,P0002,2,685.44,0.1
I019732,O11843,P0004,1,21658.55,0.15
I019733,O11844,P0454,1,13398.41,0.15
I019734,O11845,P0325,3,883.29,0.1
I019735,O11845,P0461,1,6940.51,0.1
I019736,O11845,P0399,2,9834.2,0.1
I019737,O11845,P0282,1,4087.36,0.1
I019738,O11846,P0372,2,5715.65,0.05
I019739,O11846,P0064,1,18152.26,0.05
I019740,O11847,P0252,2,18803.98,0.15
I019741,O11848,P0100,1,7091.79,0.1
I019742,O11849,P0154,5,13970.67,0.2
I019743,O11849,P0109,2,7019.11,0.2
I019744,O11850,P0498,4,1038.57,0.05
I019745,O11851,P0028,1,2327.59,0.0
I019746,O11851,P0479,1,2007.3,0.0
I019747,O11852,P0274,1,16208.88,0.0
I019748,O11852,P0120,1,15630.4,0.0
I019749,O11853,P0323,2,19857.8,0.15
I019750,O11854,P0362,3,7754.84,0.1
I019751,O11855,P0011,1,6896.23,0.0
I019752,O11856,P0101,1,13448.78,0.2
I019753,O11857,P0258,1,5357.22,0.1
I019754,O11858,P0263,2,12622.11,0.1
I019755,O11858,P0206,1,13942.45,0.1
I019756,O11858,P0482,1,16166.73,0.1
I019757,O11858,P0278,3,4045.44,0.1
I019758,O11859,P0114,3,2768.84,0.15
I019759,O11859,P0424,1,1099.43,0.15
I019760,O11859,P0403,5,10949.03,0.15
I019761,O11859,P0167,2,2741.53,0.15
I019762,O11860,P0128,1,11542.08,0.1
I019763,O11861,P0044,1,4750.75,0.05
I019764,O11861,P0065,1,11896.67,0.05
I019765,O11862,P0452,1,14623.62,0.1
I019766,O11863,P0392,1,10129.56,0.2
I019767,O11863,P0076,1,12082.97,0.2
I019768,O11863,P0067,2,18606.26,0.2
I019769,O11863,P0125,1,8357.18,0.2
I019770,O11864,P0288,2,16170.77,0.05
I019771,O11865,P0150,1,19657.29,0.05
I019772,O11865,P0225,1,925.67,0.05
I019773,O11866,P0451,3,18517.71,0.0
I019774,O11867,P0461,2,6940.51,0.1
I019775,O11868,P0310,1,6739.9,0.15
I019776,O11869,P0284,1,9183.48,0.25
I019777,O11869,P0171,1,6118.98,0.25
I019778,O11869,P0129,1,15750.63,0.25
I019779,O11870,P0273,1,1414.88,0.1
I019780,O11870,P0329,1,6837.04,0.1
I019781,O11871,P0351,2,6684.2,0.1
I019782,O11871,P0250,1,17490.25,0.1
I019783,O11871,P0135,3,13687.78,0.1
I019784,O11871,P0039,1,1954.54,0.1
I019785,O11872,P0284,1,9183.48,0.25
I019786,O11873,P0377,2,7254.24,0.0
I019787,O11874,P0057,1,14313.59,0.15
I019788,O11875,P0072,1,8074.69,0.05
I019789,O11876,P0070,1,3923.76,0.2
I019790,O11876,P0234,1,6819.79,0.2
I019791,O11877,P0117,1,5812.89,0.15
I019792,O11878,P0253,1,10206.89,0.05
I019793,O11878,P0323,1,19857.8,0.05
I019794,O11879,P0014,1,14738.4,0.15
I019795,O11880,P0018,1,8521.23,0.2
I019796,O11880,P0054,1,22196.9,0.2
I019797,O11880,P0428,2,15197.13,0.2
I019798,O11881,P0334,2,5599.91,0.05
I019799,O11881,P0081,1,12661.97,0.05
I019800,O11881,P0237,1,13454.07,0.05
I019801,O11882,P0141,1,2669.4,0.1
I019802,O11882,P0306,1,20887.78,0.1
I019803,O11883,P0188,1,6865.34,0.1
I019804,O11883,P0489,1,16108.48,0.1
I019805,O11884,P0063,1,17989.43,0.25
I019806,O11884,P0160,1,6251.25,0.25
I019807,O11885,P0304,1,5766.34,0.25
I019808,O11885,P0399,1,9834.2,0.25
I019809,O11885,P0440,1,10988.87,0.25
I019810,O11886,P0244,1,6694.24,0.0
I019811,O11886,P0019,1,7331.38,0.0
I019812,O11886,P0362,1,7754.84,0.0
I019813,O11887,P0303,1,15132.39,0.1
I019814,O11888,P0157,2,1053.8,0.1
I019815,O11888,P0170,4,10734.0,0.1
I019816,O11889,P0119,2,14136.98,0.2
I019817,O11889,P0228,1,7442.22,0.2
I019818,O11889,P0377,1,7254.24,0.2
I019819,O11890,P0410,3,8140.59,0.15
I019820,O11890,P0323,1,19857.8,0.15
I019821,O11891,P0123,2,12283.66,0.05
I019822,O11892,P0016,3,4929.52,0.1
I019823,O11892,P0326,1,1200.34,0.1
I019824,O11893,P0094,2,6917.65,0.05
I019825,O11894,P0348,1,19194.75,0.05
I019826,O11894,P0290,4,5856.65,0.05
I019827,O11895,P0299,3,9253.96,0.15
I019828,O11895,P0013,1,1067.21,0.15
I019829,O11896,P0285,1,11518.27,0.1
I019830,O11897,P0416,1,14378.26,0.05
I019831,O11898,P0296,2,10086.41,0.1
I019832,O11898,P0323,1,19857.8,0.1
I019833,O11898,P0233,1,9166.88,0.1
I019834,O11899,P0243,2,5300.75,0.1
I019835,O11900,P0300,1,11744.09,0.05
I019836,O11901,P0366,5,12694.5,0.0
I019837,O11902,P0450,2,2255.15,0.25
I019838,O11903,P0175,1,8354.48,0.2
I019839,O11904,P0183,1,208.22,0.05
I019840,O11905,P0129,1,15750.63,0.1
I019841,O11906,P0029,3,7973.77,0.2
I019842,O11907,P0307,1,8542.99,0.1
I019843,O11907,P0022,1,16227.09,0.1
I019844,O11907,P0216,1,4253.32,0.1
I019845,O11907,P0414,2,3244.46,0.1
I019846,O11908,P0445,2,5378.95,0.0
I019847,O11909,P0441,1,11253.53,0.1
I019848,O11910,P0215,1,2961.47,0.05
I019849,O11910,P0358,1,17680.82,0.05
I019850,O11911,P0220,1,4537.91,0.1
I019851,O11911,P0199,2,13045.06,0.1
I019852,O11911,P0040,1,10694.19,0.1
I019853,O11912,P0065,2,11896.67,0.2
I019854,O11912,P0229,2,971.19,0.2
I019855,O11913,P0341,2,9492.87,0.1
I019856,O11914,P0399,1,9834.2,0.15
I019857,O11914,P0014,1,14738.4,0.15
I019858,O11915,P0417,2,7877.14,0.05
I019859,O11916,P0060,1,10597.6,0.1
I019860,O11916,P0373,2,8955.67,0.1
I019861,O11916,P0441,2,11253.53,0.1
I019862,O11917,P0306,1,20887.78,0.1
I019863,O11917,P0352,1,10103.59,0.1
I019864,O11918,P0002,1,685.44,0.25
I019865,O11918,P0299,2,9253.96,0.25
I019866,O11918,P0370,2,12293.71,0.25
I019867,O11919,P0009,1,10894.67,0.0
I019868,O11919,P0007,2,20905.26,0.0
I019869,O11919,P0098,1,18024.33,0.0
I019870,O11920,P0483,3,14346.17,0.05
I019871,O11921,P0406,1,1199.98,0.15
I019872,O11921,P0206,2,13942.45,0.15
I019873,O11921,P0294,1,9318.36,0.15
I019874,O11922,P0449,1,3785.19,0.05
I019875,O11922,P0065,3,11896.67,0.05
I019876,O11923,P0001,1,12680.89,0.05
I019877,O11924,P0122,4,20389.93,0.2
I019878,O11924,P0374,3,20293.37,0.2
I019879,O11925,P0094,1,6917.65,0.1
I019880,O11926,P0328,4,15667.69,0.1
I019881,O11927,P0270,3,15544.12,0.1
I019882,O11928,P0340,1,6540.28,0.0
I019883,O11929,P0388,3,10509.73,0.1
I019884,O11929,P0090,1,19317.51,0.1
I019885,O11930,P0441,1,11253.53,0.1
I019886,O11930,P0028,1,2327.59,0.1
I019887,O11931,P0005,1,2113.83,0.1
I019888,O11932,P0204,1,3139.42,0.0
I019889,O11933,P0271,1,10464.94,0.15
I019890,O11933,P0197,2,5628.38,0.15
I019891,O11934,P0232,1,14966.59,0.1
I019892,O11935,P0239,1,10044.2,0.1
I019893,O11936,P0080,1,8081.72,0.0
I019894,O11936,P0296,1,10086.41,0.0
I019895,O11937,P0059,1,7497.65,0.05
I019896,O11938,P0344,1,5745.03,0.1
I019897,O11938,P0481,1,1854.72,0.1
I019898,O11938,P0318,1,18336.52,0.1
I019899,O11938,P0125,1,8357.18,0.1
I019900,O11939,P0425,2,3871.16,0.15
I019901,O11939,P0221,1,9748.25,0.15
I019902,O11940,P0291,3,8891.78,0.05
I019903,O11941,P0437,4,9057.77,0.15
I019904,O11942,P0004,1,21658.55,0.05
I019905,O11943,P0232,2,14966.59,0.15
I019906,O11944,P0381,1,1646.42,0.25
I019907,O11944,P0264,1,11827.53,0.25
I019908,O11945,P0499,1,2390.13,0.15
I019909,O11946,P0337,1,6259.83,0.0
I019910,O11946,P0135,1,13687.78,0.0
I019911,O11946,P0366,1,12694.5,0.0
I019912,O11947,P0247,1,5866.18,0.05
I019913,O11948,P0116,3,14318.59,0.1
I019914,O11949,P0499,2,2390.13,0.15
I019915,O11949,P0253,1,10206.89,0.15
I019916,O11950,P0025,3,21151.19,0.05
I019917,O11951,P0442,4,12851.94,0.1
I019918,O11951,P0397,1,18087.88,0.1
I019919,O11952,P0179,1,12189.37,0.05
I019920,O11952,P0078,2,18121.01,0.05
I019921,O11952,P0016,2,4929.52,0.05
I019922,O11953,P0372,1,5715.65,0.15
I019923,O11954,P0395,2,16050.27,0.2
I019924,O11955,P0007,1,20905.26,0.15
I019925,O11956,P0084,1,10059.02,0.05
I019926,O11957,P0491,2,14558.18,0.1
I019927,O11958,P0410,1,8140.59,0.1
I019928,O11958,P0245,2,14211.09,0.1
I019929,O11958,P0076,1,12082.97,0.1
I019930,O11958,P0439,2,11309.42,0.1
I019931,O11959,P0304,1,5766.34,0.0
I019932,O11960,P0043,1,230.23,0.25
I019933,O11960,P0281,1,8647.87,0.25
I019934,O11960,P0496,2,20624.48,0.25
I019935,O11961,P0413,3,4516.32,0.1
I019936,O11962,P0344,4,5745.03,0.25
I019937,O11962,P0022,3,16227.09,0.25
I019938,O11962,P0081,2,12661.97,0.25
I019939,O11963,P0475,1,6070.94,0.15
I019940,O11963,P0179,2,12189.37,0.15
I019941,O11964,P0032,1,12721.46,0.15
I019942,O11964,P0006,1,12139.02,0.15
I019943,O11964,P0415,1,19105.92,0.15
I019944,O11965,P0292,1,21583.15,0.1
I019945,O11965,P0004,1,21658.55,0.1
I019946,O11965,P0241,2,9473.89,0.1
I019947,O11966,P0138,1,9332.54,0.2
I019948,O11966,P0276,1,15791.95,0.2
I019949,O11966,P0449,1,3785.19,0.2
I019950,O11967,P0325,2,883.29,0.05
I019951,O11968,P0200,1,9202.06,0.25
I019952,O11968,P0181,2,6969.81,0.25
I019953,O11969,P0037,1,5389.2,0.1
I019954,O11970,P0165,2,8775.25,0.05
I019955,O11971,P0274,1,16208.88,0.15
I019956,O11972,P0033,2,2436.78,0.15
I019957,O11972,P0175,2,8354.48,0.15
I019958,O11972,P0373,1,8955.67,0.15
I019959,O11973,P0244,1,6694.24,0.15
I019960,O11974,P0271,2,10464.94,0.05
I019961,O11974,P0338,1,9789.99,0.05
I019962,O11974,P0156,1,17438.42,0.05
I019963,O11975,P0060,1,10597.6,0.0
I019964,O11975,P0424,4,1099.43,0.0
I019965,O11975,P0071,1,1222.75,0.0
I019966,O11976,P0198,3,15426.36,0.2
I019967,O11977,P0226,1,1989.2,0.15
I019968,O11978,P0085,1,14574.29,0.1
I019969,O11979,P0350,1,14181.21,0.0
I019970,O11979,P0053,2,11740.23,0.0
I019971,O11980,P0378,1,224.7,0.1
I019972,O11981,P0124,1,15514.19,0.05
I019973,O11982,P0297,2,14103.76,0.05
I019974,O11983,P0279,4,820.43,0.1
I019975,O11984,P0218,2,10519.23,0.2
I019976,O11984,P0414,3,3244.46,0.2
I019977,O11985,P0134,1,8950.35,0.1
I019978,O11986,P0267,3,13380.29,0.1
I019979,O11987,P0408,1,12252.4,0.3
I019980,O11987,P0476,1,1078.88,0.3
I019981,O11988,P0393,2,1256.74,0.15
I019982,O11989,P0206,3,13942.45,0.0
I019983,O11990,P0334,2,5599.91,0.1
I019984,O11991,P0450,1,2255.15,0.1
I019985,O11992,P0302,1,10139.5,0.1
I019986,O11993,P0069,1,6827.67,0.15
I019987,O11993,P0480,1,12036.43,0.15
I019988,O11993,P0406,3,1199.98,0.15
I019989,O11994,P0066,1,4602.72,0.05
I019990,O11994,P0344,3,5745.03,0.05
I019991,O11994,P0086,2,12651.01,0.05
I019992,O11995,P0002,2,685.44,0.05
I019993,O11995,P0256,3,10413.89,0.05
I019994,O11995,P0033,2,2436.78,0.05
I019995,O11996,P0025,1,21151.19,0.0
I019996,O11997,P0425,1,3871.16,0.0
I019997,O11997,P0498,2,1038.57,0.0
I019998,O11997,P0381,1,1646.42,0.0
I019999,O11998,P0466,2,7584.85,0.15
I020000,O11999,P0143,2,2154.67,0.25
I020001,O11999,P0390,1,2477.97,0.25
I020002,O12000,P0077,1,10405.98,0.05
I020003,O12000,P0192,1,13132.41,0.05
I020004,O12001,P0332,1,9365.5,0.25
I020005,O12002,P0328,1,15667.69,0.05
I020006,O12003,P0078,4,18121.01,0.2
I020007,O12004,P0206,1,13942.45,0.0
I020008,O12005,P0195,1,18266.79,0.0
I020009,O12006,P0328,1,15667.69,0.1
I020010,O12007,P0089,2,21527.82,0.2
I020011,O12008,P0337,2,6259.83,0.1
I020012,O12008,P0075,1,16717.1,0.1
I020013,O12009,P0053,1,11740.23,0.2
I020014,O12010,P0015,4,198.88,0.05
I020015,O12010,P0333,1,16891.72,0.05
I020016,O12010,P0100,2,7091.79,0.05
I020017,O12011,P0070,1,3923.76,0.0
I020018,O12011,P0012,1,9210.89,0.0
I020019,O12011,P0215,1,2961.47,0.0
I020020,O12012,P0224,1,14337.8,0.25
I020021,O12013,P0075,1,16717.1,0.0
I020022,O12014,P0006,1,12139.02,0.15
I020023,O12014,P0116,1,14318.59,0.15
I020024,O12015,P0153,1,6065.86,0.2
I020025,O12016,P0246,1,3212.48,0.0
I020026,O12017,P0219,2,1340.09,0.1
I020027,O12017,P0391,2,16675.09,0.1
I020028,O12017,P0364,1,20513.3,0.1
I020029,O12017,P0488,2,6474.12,0.1
I020030,O12018,P0455,2,6841.97,0.0
I020031,O12018,P0432,2,1677.91,0.0
I020032,O12019,P0186,2,14403.22,0.1
I020033,O12020,P0368,2,19421.03,0.15
I020034,O12020,P0220,1,4537.91,0.15
I020035,O12021,P0447,1,13008.01,0.05
I020036,O12021,P0446,1,18710.12,0.05
I020037,O12022,P0403,2,10949.03,0.05
I020038,O12023,P0343,2,21720.15,0.05
I020039,O12024,P0367,1,14116.53,0.15
I020040,O12025,P0308,2,10963.13,0.25
I020041,O12025,P0493,1,17331.35,0.25
I020042,O12025,P0284,2,9183.48,0.25
I020043,O12026,P0036,1,22992.46,0.05
I020044,O12027,P0010,1,8507.4,0.0
I020045,O12027,P0124,1,15514.19,0.0
I020046,O12028,P0046,2,15363.92,0.0
I020047,O12029,P0020,2,16894.73,0.1
I020048,O12030,P0099,2,11095.32,0.15
I020049,O12030,P0072,1,8074.69,0.15
I020050,O12031,P0323,1,19857.8,0.1
I020051,O12031,P0137,2,2945.06,0.1
I020052,O12032,P0267,2,13380.29,0.0
I020053,O12033,P0196,1,3827.41,0.25
I020054,O12033,P0337,1,6259.83,0.25
I020055,O12034,P0241,5,9473.89,0.25
I020056,O12035,P0404,2,7190.22,0.05
I020057,O12036,P0173,1,11347.23,0.2
I020058,O12037,P0007,1,20905.26,0.2
I020059,O12038,P0169,1,5258.15,0.1
I020060,O12039,P0468,2,17686.56,0.1
I020061,O12039,P0103,1,9874.02,0.1
I020062,O12039,P0386,2,7920.43,0.1
I020063,O12040,P0336,1,5532.6,0.15
I020064,O12041,P0265,2,16102.0,0.2
I020065,O12041,P0029,3,7973.77,0.2
I020066,O12042,P0413,2,4516.32,0.0
I020067,O12043,P0247,1,5866.18,0.0
I020068,O12044,P0003,4,14157.19,0.15
I020069,O12045,P0455,1,6841.97,0.0
I020070,O12046,P0401,2,18961.41,0.0
I020071,O12047,P0119,1,14136.98,0.1
I020072,O12048,P0214,1,3598.9,0.05
I020073,O12049,P0392,1,10129.56,0.2
I020074,O12049,P0182,3,7028.31,0.2
I020075,O12050,P0289,1,5068.21,0.05
I020076,O12051,P0012,2,9210.89,0.1
I020077,O12052,P0107,2,12811.73,0.0
I020078,O12053,P0166,4,4299.84,0.1
I020079,O12054,P0360,1,4434.75,0.15
I020080,O12054,P0003,2,14157.19,0.15
I020081,O12054,P0168,1,11374.5,0.15
I020082,O12055,P0236,1,13763.86,0.25
I020083,O12055,P0475,1,6070.94,0.25
I020084,O12056,P0394,1,9719.2,0.15
I020085,O12056,P0141,2,2669.4,0.15
I020086,O12057,P0170,1,10734.0,0.05
I020087,O12058,P0017,2,9858.5,0.05
I020088,O12059,P0276,1,15791.95,0.0
I020089,O12060,P0142,1,7546.26,0.05
I020090,O12061,P0280,1,19260.63,0.1
I020091,O12061,P0054,4,22196.9,0.1
I020092,O12062,P0106,1,5470.36,0.1
I020093,O12062,P0426,3,17258.9,0.1
I020094,O12062,P0365,3,1546.12,0.1
I020095,O12062,P0029,1,7973.77,0.1
I020096,O12063,P0425,2,3871.16,0.2
I020097,O12064,P0123,4,12283.66,0.05
I020098,O12065,P0263,1,12622.11,0.1
I020099,O12065,P0295,3,12191.72,0.1
I020100,O12066,P0405,3,10874.23,0.1
I020101,O12066,P0153,2,6065.86,0.1
I020102,O12067,P0423,2,13857.3,0.3
I020103,O12068,P0460,3,1760.09,0.05
I020104,O12069,P0002,3,685.44,0.2
I020105,O12069,P0454,4,13398.41,0.2
I020106,O12070,P0163,1,16537.01,0.1
I020107,O12071,P0453,1,2027.99,0.0
I020108,O12071,P0078,1,18121.01,0.0
I020109,O12072,P0223,1,12111.39,0.15
I020110,O12072,P0283,1,10933.03,0.15
I020111,O12072,P0368,1,19421.03,0.15
I020112,O12073,P0153,1,6065.86,0.0
I020113,O12074,P0255,1,2178.42,0.15
I020114,O12075,P0152,2,11257.85,0.05
I020115,O12076,P0184,1,5176.95,0.1
I020116,O12077,P0338,2,9789.99,0.15
I020117,O12077,P0308,1,10963.13,0.15
I020118,O12078,P0497,1,5343.08,0.1
I020119,O12079,P0199,2,13045.06,0.15
I020120,O12079,P0041,2,11579.02,0.15
I020121,O12079,P0415,2,19105.92,0.15
I020122,O12080,P0372,1,5715.65,0.15
I020123,O12081,P0352,5,10103.59,0.0
I020124,O12082,P0154,5,13970.67,0.1
I020125,O12083,P0078,2,18121.01,0.3
I020126,O12083,P0228,1,7442.22,0.3
I020127,O12083,P0042,2,18369.63,0.3
I020128,O12083,P0329,2,6837.04,0.3
I020129,O12084,P0011,1,6896.23,0.15
I020130,O12084,P0133,2,16221.29,0.15
I020131,O12085,P0191,1,14335.92,0.05
I020132,O12086,P0346,2,17166.81,0.05
I020133,O12086,P0297,1,14103.76,0.05
I020134,O12086,P0011,2,6896.23,0.05
I020135,O12087,P0360,2,4434.75,0.15
I020136,O12088,P0152,1,11257.85,0.0
I020137,O12088,P0021,1,18265.35,0.0
I020138,O12089,P0082,2,8524.01,0.2
I020139,O12089,P0287,1,11017.89,0.2
I020140,O12089,P0405,1,10874.23,0.2
I020141,O12090,P0144,1,5083.64,0.0
I020142,O12090,P0269,1,9853.0,0.0
I020143,O12091,P0131,1,2329.3,0.1
I020144,O12092,P0204,3,3139.42,0.2
I020145,O12092,P0074,1,20503.04,0.2
I020146,O12092,P0326,2,1200.34,0.2
I020147,O12093,P0055,2,18288.33,0.15
I020148,O12094,P0084,1,10059.02,0.1
I020149,O12094,P0242,2,12806.32,0.1
I020150,O12094,P0088,1,10596.08,0.1
I020151,O12095,P0124,1,15514.19,0.05
I020152,O12095,P0138,2,9332.54,0.05
I020153,O12095,P0253,1,10206.89,0.05
I020154,O12095,P0031,1,10837.07,0.05
I020155,O12096,P0325,2,883.29,0.1
I020156,O12097,P0271,1,10464.94,0.25
I020157,O12098,P0229,4,971.19,0.0
I020158,O12098,P0008,2,404.42,0.0
I020159,O12098,P0001,2,12680.89,0.0
I020160,O12099,P0464,2,11639.56,0.0
I020161,O12100,P0466,1,7584.85,0.1
I020162,O12100,P0061,1,9428.51,0.1
I020163,O12101,P0183,2,208.22,0.1
I020164,O12102,P0018,1,8521.23,0.05
I020165,O12103,P0336,1,5532.6,0.15
I020166,O12103,P0012,2,9210.89,0.15
I020167,O12104,P0127,2,12125.3,0.1
I020168,O12105,P0095,3,708.58,0.05
I020169,O12106,P0435,2,11265.94,0.15
I020170,O12107,P0053,1,11740.23,0.0
I020171,O12108,P0339,1,8938.6,0.0
I020172,O12109,P0226,2,1989.2,0.0
I020173,O12109,P0115,2,10805.92,0.0
I020174,O12110,P0470,1,16384.1,0.15
I020175,O12110,P0201,2,18090.68,0.15
I020176,O12111,P0361,3,8061.24,0.15
I020177,O12112,P0287,1,11017.89,0.2
I020178,O12113,P0023,1,8677.28,0.05
I020179,O12113,P0453,3,2027.99,0.05
I020180,O12114,P0382,2,17253.16,0.1
I020181,O12115,P0123,2,12283.66,0.05
I020182,O12116,P0498,1,1038.57,0.1
I020183,O12117,P0406,2,1199.98,0.2
I020184,O12117,P0312,2,8312.33,0.2
I020185,O12118,P0187,1,6663.59,0.0
I020186,O12119,P0122,1,20389.93,0.1
I020187,O12120,P0314,3,5199.64,0.05
I020188,O12120,P0201,4,18090.68,0.05
I020189,O12121,P0465,2,7131.53,0.2
I020190,O12121,P0084,1,10059.02,0.2
I020191,O12122,P0093,4,11807.43,0.25
I020192,O12123,P0254,4,1468.59,0.2
I020193,O12124,P0435,1,11265.94,0.0
I020194,O12124,P0454,1,13398.41,0.0
I020195,O12124,P0318,2,18336.52,0.0
I020196,O12125,P0471,2,3362.5,0.05
I020197,O12126,P0369,1,2936.18,0.05
I020198,O12126,P0163,3,16537.01,0.05
I020199,O12126,P0325,1,883.29,0.05
I020200,O12127,P0289,1,5068.21,0.2
I020201,O12127,P0150,1,19657.29,0.2
I020202,O12127,P0487,1,2276.61,0.2
I020203,O12128,P0118,1,11312.75,0.0
I020204,O12129,P0473,3,731.76,0.25
I020205,O12130,P0360,2,4434.75,0.1
I020206,O12130,P0466,1,7584.85,0.1
I020207,O12130,P0181,1,6969.81,0.1
I020208,O12131,P0015,4,198.88,0.15
I020209,O12132,P0394,1,9719.2,0.1
I020210,O12133,P0232,1,14966.59,0.15
I020211,O12133,P0375,3,1937.18,0.15
I020212,O12134,P0376,1,21096.71,0.05
I020213,O12135,P0207,1,9618.99,0.15
I020214,O12135,P0237,2,13454.07,0.15
I020215,O12136,P0279,2,820.43,0.1
I020216,O12136,P0118,2,11312.75,0.1
I020217,O12137,P0011,1,6896.23,0.25
I020218,O12137,P0173,1,11347.23,0.25
I020219,O12138,P0172,1,13856.39,0.25
I020220,O12139,P0307,2,8542.99,0.1
I020221,O12140,P0023,1,8677.28,0.15
I020222,O12141,P0427,1,2376.46,0.15
I020223,O12142,P0458,1,11252.82,0.15
I020224,O12142,P0139,2,11137.68,0.15
I020225,O12143,P0209,1,17935.22,0.25
I020226,O12144,P0109,1,7019.11,0.2
I020227,O12145,P0149,2,18764.92,0.15
I020228,O12145,P0479,1,2007.3,0.15
I020229,O12146,P0207,1,9618.99,0.0
I020230,O12147,P0045,5,5553.07,0.05
I020231,O12148,P0413,2,4516.32,0.05
I020232,O12149,P0480,1,12036.43,0.1
I020233,O12149,P0465,1,7131.53,0.1
I020234,O12150,P0025,2,21151.19,0.2
I020235,O12151,P0441,1,11253.53,0.15
I020236,O12152,P0352,1,10103.59,0.15
I020237,O12153,P0248,1,5481.12,0.0
I020238,O12153,P0346,1,17166.81,0.0
I020239,O12153,P0351,1,6684.2,0.0
I020240,O12153,P0185,2,11400.27,0.0
I020241,O12154,P0220,1,4537.91,0.0
I020242,O12155,P0085,1,14574.29,0.25
I020243,O12155,P0479,1,2007.3,0.25
I020244,O12156,P0272,2,13853.17,0.05
I020245,O12156,P0023,1,8677.28,0.05
I020246,O12156,P0072,3,8074.69,0.05
I020247,O12157,P0277,1,14027.28,0.15
I020248,O12158,P0335,1,3821.2,0.1
I020249,O12159,P0302,2,10139.5,0.05
I020250,O12159,P0374,1,20293.37,0.05
I020251,O12159,P0299,3,9253.96,0.05
I020252,O12160,P0480,1,12036.43,0.15
I020253,O12161,P0079,2,16242.79,0.25
I020254,O12162,P0387,1,11008.74,0.05
I020255,O12162,P0236,1,13763.86,0.05
I020256,O12163,P0214,3,3598.9,0.05
I020257,O12164,P0424,3,1099.43,0.05
I020258,O12164,P0260,2,9638.98,0.05
I020259,O12164,P0063,1,17989.43,0.05
I020260,O12164,P0332,1,9365.5,0.05
I020261,O12165,P0191,1,14335.92,0.1
I020262,O12166,P0203,1,14797.26,0.15
I020263,O12166,P0123,2,12283.66,0.15
I020264,O12166,P0125,2,8357.18,0.15
I020265,O12167,P0271,1,10464.94,0.1
I020266,O12167,P0165,1,8775.25,0.1
I020267,O12167,P0272,1,13853.17,0.1
I020268,O12167,P0235,2,17675.52,0.1
I020269,O12168,P0442,5,12851.94,0.05
I020270,O12169,P0396,1,6181.52,0.05
I020271,O12170,P0017,1,9858.5,0.15
I020272,O12170,P0346,1,17166.81,0.15
I020273,O12170,P0028,1,2327.59,0.15
I020274,O12170,P0122,1,20389.93,0.15
I020275,O12171,P0100,3,7091.79,0.2
I020276,O12171,P0155,5,16173.54,0.2
I020277,O12171,P0293,1,5390.99,0.2
I020278,O12172,P0103,1,9874.02,0.1
I020279,O12173,P0426,1,17258.9,0.05
I020280,O12174,P0406,1,1199.98,0.15
I020281,O12174,P0333,3,16891.72,0.15
I020282,O12175,P0464,1,11639.56,0.1
I020283,O12176,P0160,3,6251.25,0.2
I020284,O12177,P0117,1,5812.89,0.05
I020285,O12178,P0211,1,12771.97,0.15
I020286,O12179,P0352,1,10103.59,0.15
I020287,O12180,P0076,2,12082.97,0.2
I020288,O12181,P0297,1,14103.76,0.0
I020289,O12181,P0111,3,4168.73,0.0
I020290,O12182,P0164,1,744.63,0.2
I020291,O12182,P0176,1,13983.62,0.2
I020292,O12183,P0004,2,21658.55,0.1
I020293,O12184,P0157,1,1053.8,0.15
I020294,O12184,P0195,3,18266.79,0.15
I020295,O12185,P0208,3,17414.46,0.05
I020296,O12185,P0084,2,10059.02,0.05
I020297,O12185,P0489,1,16108.48,0.05
I020298,O12186,P0322,1,179.06,0.05
I020299,O12186,P0439,1,11309.42,0.05
I020300,O12187,P0133,1,16221.29,0.1
I020301,O12187,P0408,2,12252.4,0.1
I020302,O12188,P0499,1,2390.13,0.1
I020303,O12189,P0003,1,14157.19,0.1
I020304,O12189,P0057,1,14313.59,0.1
I020305,O12189,P0250,1,17490.25,0.1
I020306,O12190,P0029,2,7973.77,0.05
I020307,O12190,P0401,1,18961.41,0.05
I020308,O12191,P0180,1,5738.9,0.2
I020309,O12191,P0425,1,3871.16,0.2
I020310,O12192,P0097,3,16913.36,0.25
I020311,O12193,P0206,2,13942.45,0.05
I020312,O12193,P0204,4,3139.42,0.05
I020313,O12194,P0329,1,6837.04,0.05
I020314,O12195,P0137,1,2945.06,0.15
I020315,O12196,P0280,1,19260.63,0.15
I020316,O12196,P0433,2,11369.56,0.15
I020317,O12197,P0113,1,1476.37,0.25
I020318,O12197,P0487,1,2276.61,0.25
I020319,O12198,P0029,1,7973.77,0.25
I020320,O12199,P0422,1,6180.37,0.2
I020321,O12199,P0500,1,14456.78,0.2
I020322,O12200,P0052,1,22717.29,0.1
I020323,O12200,P0395,1,16050.27,0.1
I020324,O12201,P0065,2,11896.67,0.05
I020325,O12201,P0124,1,15514.19,0.05
I020326,O12201,P0317,2,14355.69,0.05
I020327,O12202,P0117,1,5812.89,0.1
I020328,O12202,P0163,1,16537.01,0.1
I020329,O12202,P0093,5,11807.43,0.1
I020330,O12203,P0147,1,5903.16,0.15
I020331,O12203,P0398,1,15186.38,0.15
I020332,O12203,P0049,2,10387.8,0.15
I020333,O12204,P0320,1,22881.56,0.0
I020334,O12204,P0414,1,3244.46,0.0
I020335,O12205,P0004,1,21658.55,0.15
I020336,O12206,P0422,1,6180.37,0.2
I020337,O12207,P0360,1,4434.75,0.05
I020338,O12207,P0310,1,6739.9,0.05
I020339,O12207,P0416,1,14378.26,0.05
I020340,O12208,P0218,1,10519.23,0.15
I020341,O12209,P0032,1,12721.46,0.2
I020342,O12209,P0118,2,11312.75,0.2
I020343,O12209,P0418,2,12929.12,0.2
I020344,O12210,P0147,1,5903.16,0.0
I020345,O12211,P0312,2,8312.33,0.25
I020346,O12212,P0083,1,7026.05,0.1
I020347,O12213,P0106,2,5470.36,0.1
I020348,O12213,P0187,2,6663.59,0.1
I020349,O12214,P0450,1,2255.15,0.1
I020350,O12215,P0226,1,1989.2,0.05
I020351,O12215,P0404,3,7190.22,0.05
I020352,O12215,P0436,1,9847.38,0.05
I020353,O12215,P0389,1,10740.24,0.05
I020354,O12216,P0113,1,1476.37,0.15
I020355,O12216,P0426,5,17258.9,0.15
I020356,O12217,P0235,2,17675.52,0.15
I020357,O12217,P0459,1,15147.66,0.15
I020358,O12218,P0371,2,14987.41,0.05
I020359,O12218,P0196,2,3827.41,0.05
I020360,O12219,P0372,2,5715.65,0.05
I020361,O12219,P0144,3,5083.64,0.05
I020362,O12219,P0335,3,3821.2,0.05
I020363,O12220,P0422,3,6180.37,0.2
I020364,O12220,P0227,1,1214.17,0.2
I020365,O12220,P0440,3,10988.87,0.2
I020366,O12221,P0393,1,1256.74,0.1
I020367,O12222,P0475,2,6070.94,0.1
I020368,O12222,P0277,2,14027.28,0.1
I020369,O12223,P0179,1,12189.37,0.2
I020370,O12224,P0360,4,4434.75,0.15
I020371,O12224,P0073,2,14367.83,0.15
I020372,O12224,P0028,2,2327.59,0.15
I020373,O12225,P0494,2,9857.51,0.05
I020374,O12226,P0011,2,6896.23,0.0
I020375,O12227,P0086,2,12651.01,0.1
I020376,O12228,P0298,1,14301.55,0.05
I020377,O12228,P0461,1,6940.51,0.05
I020378,O12228,P0460,2,1760.09,0.05
I020379,O12229,P0246,2,3212.48,0.1
I020380,O12230,P0419,2,11206.88,0.1
I020381,O12231,P0060,1,10597.6,0.2
I020382,O12231,P0183,2,208.22,0.2
I020383,O12232,P0157,1,1053.8,0.15
I020384,O12232,P0387,1,11008.74,0.15
I020385,O12232,P0312,2,8312.33,0.15
I020386,O12233,P0148,1,3827.6,0.05
I020387,O12234,P0037,1,5389.2,0.05
I020388,O12234,P0065,5,11896.67,0.05
I020389,O12235,P0255,2,2178.42,0.1
I020390,O12236,P0283,1,10933.03,0.1
I020391,O12236,P0260,2,9638.98,0.1
I020392,O12237,P0248,1,5481.12,0.1
I020393,O12238,P0434,2,15961.32,0.25
I020394,O12239,P0072,1,8074.69,0.15
I020395,O12240,P0009,1,10894.67,0.0
I020396,O12241,P0022,1,16227.09,0.25
I020397,O12242,P0095,2,708.58,0.1
I020398,O12242,P0093,2,11807.43,0.1
I020399,O12242,P0175,1,8354.48,0.1
I020400,O12243,P0184,1,5176.95,0.1
I020401,O12243,P0194,3,4785.07,0.1
I020402,O12243,P0433,3,11369.56,0.1
I020403,O12244,P0464,1,11639.56,0.15
I020404,O12245,P0097,1,16913.36,0.05
I020405,O12245,P0255,2,2178.42,0.05
I020406,O12245,P0013,4,1067.21,0.05
I020407,O12246,P0336,1,5532.6,0.1
I020408,O12246,P0392,1,10129.56,0.1
I020409,O12246,P0405,4,10874.23,0.1
I020410,O12247,P0364,1,20513.3,0.2
I020411,O12248,P0021,3,18265.35,0.15
I020412,O12248,P0015,2,198.88,0.15
I020413,O12249,P0020,2,16894.73,0.05
I020414,O12250,P0077,2,10405.98,0.1
I020415,O12250,P0364,1,20513.3,0.1
I020416,O12251,P0376,1,21096.71,0.0
I020417,O12252,P0201,2,18090.68,0.0
I020418,O12252,P0422,1,6180.37,0.0
I020419,O12252,P0060,3,10597.6,0.0
I020420,O12253,P0160,2,6251.25,0.0
I020421,O12253,P0157,1,1053.8,0.0
I020422,O12254,P0426,1,17258.9,0.15
I020423,O12255,P0353,1,4627.28,0.1
I020424,O12256,P0480,1,12036.43,0.2
I020425,O12257,P0484,2,14051.85,0.15
I020426,O12258,P0151,3,8069.27,0.1
I020427,O12259,P0027,2,6637.92,0.2
I020428,O12260,P0347,4,207.7,0.0
I020429,O12260,P0290,4,5856.65,0.0
I020430,O12260,P0144,1,5083.64,0.0
I020431,O12261,P0105,4,10085.48,0.0
I020432,O12261,P0456,1,5984.52,0.0
I020433,O12261,P0353,1,4627.28,0.0
I020434,O12262,P0490,3,17879.27,0.05
I020435,O12263,P0235,2,17675.52,0.0
I020436,O12264,P0477,1,13272.75,0.05
I020437,O12265,P0343,3,21720.15,0.05
I020438,O12265,P0099,1,11095.32,0.05
I020439,O12266,P0046,1,15363.92,0.1
I020440,O12267,P0089,2,21527.82,0.1
I020441,O12267,P0005,1,2113.83,0.1
I020442,O12268,P0038,1,13981.96,0.05
I020443,O12269,P0028,1,2327.59,0.25
I020444,O12270,P0160,1,6251.25,0.1
I020445,O12271,P0404,1,7190.22,0.2
I020446,O12271,P0202,1,4958.04,0.2
I020447,O12272,P0216,1,4253.32,0.15
I020448,O12272,P0074,2,20503.04,0.15
I020449,O12273,P0266,2,6946.78,0.0
I020450,O12274,P0222,2,6948.91,0.1
I020451,O12274,P0229,3,971.19,0.1
I020452,O12274,P0259,3,9091.06,0.1
I020453,O12274,P0354,1,749.54,0.1
I020454,O12275,P0138,1,9332.54,0.15
I020455,O12276,P0209,1,17935.22,0.2
I020456,O12277,P0046,1,15363.92,0.1
I020457,O12278,P0469,2,12828.28,0.25
I020458,O12278,P0067,2,18606.26,0.25
I020459,O12279,P0453,3,2027.99,0.15
I020460,O12280,P0098,1,18024.33,0.05
I020461,O12280,P0224,1,14337.8,0.05
I020462,O12281,P0167,1,2741.53,0.1
I020463,O12281,P0064,1,18152.26,0.1
I020464,O12281,P0181,2,6969.81,0.1
I020465,O12282,P0067,3,18606.26,0.15
I020466,O12283,P0099,1,11095.32,0.15
I020467,O12283,P0011,3,6896.23,0.15
I020468,O12283,P0171,1,6118.98,0.15
I020469,O12283,P0160,1,6251.25,0.15
I020470,O12284,P0034,2,3767.39,0.0
I020471,O12284,P0321,2,15173.01,0.0
I020472,O12284,P0255,2,2178.42,0.0
I020473,O12285,P0298,1,14301.55,0.05
I020474,O12285,P0132,1,8762.43,0.05
I020475,O12286,P0248,1,5481.12,0.15
I020476,O12286,P0465,1,7131.53,0.15
I020477,O12287,P0074,3,20503.04,0.1
I020478,O12287,P0274,1,16208.88,0.1
I020479,O12288,P0374,3,20293.37,0.0
I020480,O12288,P0201,4,18090.68,0.0
I020481,O12288,P0091,1,5800.05,0.0
I020482,O12289,P0194,1,4785.07,0.15
I020483,O12289,P0133,1,16221.29,0.15
I020484,O12289,P0144,2,5083.64,0.15
I020485,O12290,P0347,4,207.7,0.0
I020486,O12290,P0129,2,15750.63,0.0
I020487,O12291,P0010,2,8507.4,0.05
I020488,O12291,P0442,1,12851.94,0.05
I020489,O12292,P0240,1,16345.25,0.2
I020490,O12293,P0494,2,9857.51,0.05
I020491,O12294,P0032,2,12721.46,0.0
I020492,O12294,P0287,2,11017.89,0.0
I020493,O12294,P0347,1,207.7,0.0
I020494,O12295,P0400,1,7063.54,0.0
I020495,O12296,P0156,2,17438.42,0.25
I020496,O12296,P0471,1,3362.5,0.25
I020497,O12297,P0146,1,12538.22,0.05
I020498,O12297,P0085,2,14574.29,0.05
I020499,O12298,P0069,2,6827.67,0.1
I020500,O12299,P0476,3,1078.88,0.1
I020501,O12300,P0081,1,12661.97,0.05
I020502,O12300,P0151,2,8069.27,0.05
I020503,O12301,P0094,4,6917.65,0.2
I020504,O12301,P0162,1,11199.84,0.2
I020505,O12302,P0053,1,11740.23,0.25
I020506,O12302,P0077,1,10405.98,0.25
I020507,O12303,P0426,1,17258.9,0.3
I020508,O12304,P0346,1,17166.81,0.0
I020509,O12304,P0382,1,17253.16,0.0
I020510,O12305,P0412,2,14362.31,0.0
I020511,O12306,P0462,3,8013.86,0.2
I020512,O12306,P0423,1,13857.3,0.2
I020513,O12306,P0427,2,2376.46,0.2
I020514,O12306,P0343,1,21720.15,0.2
I020515,O12307,P0317,1,14355.69,0.0
I020516,O12308,P0202,1,4958.04,0.1
I020517,O12308,P0041,3,11579.02,0.1
I020518,O12309,P0296,1,10086.41,0.1
I020519,O12309,P0155,1,16173.54,0.1
I020520,O12310,P0256,1,10413.89,0.15
I020521,O12311,P0037,2,5389.2,0.0
I020522,O12311,P0403,3,10949.03,0.0
I020523,O12312,P0168,2,11374.5,0.05
I020524,O12313,P0160,1,6251.25,0.1
I020525,O12314,P0439,1,11309.42,0.0
I020526,O12315,P0102,1,4552.64,0.25
I020527,O12316,P0290,1,5856.65,0.2
I020528,O12316,P0043,1,230.23,0.2
I020529,O12317,P0123,1,12283.66,0.0
I020530,O12317,P0331,1,7610.91,0.0
I020531,O12317,P0185,2,11400.27,0.0
I020532,O12317,P0012,1,9210.89,0.0
I020533,O12318,P0207,2,9618.99,0.15
I020534,O12318,P0443,4,3024.24,0.15
I020535,O12319,P0366,2,12694.5,0.1
I020536,O12319,P0288,1,16170.77,0.1
I020537,O12320,P0319,5,17097.24,0.05
I020538,O12321,P0026,1,8043.88,0.05
I020539,O12322,P0138,2,9332.54,0.15
I020540,O12322,P0292,1,21583.15,0.15
I020541,O12323,P0359,1,17408.84,0.2
I020542,O12324,P0330,1,621.58,0.2
I020543,O12324,P0182,4,7028.31,0.2
I020544,O12325,P0033,1,2436.78,0.05
I020545,O12325,P0477,1,13272.75,0.05
I020546,O12325,P0318,1,18336.52,0.05
I020547,O12326,P0257,2,8094.05,0.15
I020548,O12327,P0223,1,12111.39,0.1
I020549,O12327,P0101,4,13448.78,0.1
I020550,O12328,P0253,1,10206.89,0.1
I020551,O12328,P0330,1,621.58,0.1
I020552,O12328,P0427,1,2376.46,0.1
I020553,O12329,P0107,3,12811.73,0.05
I020554,O12329,P0038,1,13981.96,0.05
I020555,O12330,P0102,2,4552.64,0.0
I020556,O12331,P0385,1,9160.1,0.05
I020557,O12331,P0407,1,775.43,0.05
I020558,O12332,P0154,1,13970.67,0.1
I020559,O12332,P0239,2,10044.2,0.1
I020560,O12333,P0163,1,16537.01,0.15
I020561,O12333,P0146,1,12538.22,0.15
I020562,O12334,P0042,1,18369.63,0.0
I020563,O12334,P0476,1,1078.88,0.0
I020564,O12335,P0047,3,3795.44,0.05
I020565,O12336,P0119,1,14136.98,0.0
I020566,O12337,P0057,1,14313.59,0.1
I020567,O12338,P0390,1,2477.97,0.2
I020568,O12339,P0185,2,11400.27,0.25
I020569,O12339,P0098,3,18024.33,0.25
I020570,O12340,P0211,1,12771.97,0.2
I020571,O12341,P0365,1,1546.12,0.2
I020572,O12341,P0490,1,17879.27,0.2
I020573,O12342,P0205,1,15563.05,0.1
I020574,O12343,P0395,1,16050.27,0.05
I020575,O12343,P0317,2,14355.69,0.05
I020576,O12344,P0361,1,8061.24,0.15
I020577,O12345,P0318,1,18336.52,0.15
I020578,O12346,P0311,1,13470.81,0.0
I020579,O12347,P0059,2,7497.65,0.05
I020580,O12348,P0242,3,12806.32,0.0
I020581,O12349,P0204,1,3139.42,0.1
I020582,O12349,P0246,2,3212.48,0.1
I020583,O12349,P0201,2,18090.68,0.1
I020584,O12350,P0410,1,8140.59,0.05
I020585,O12351,P0349,3,17040.15,0.2
I020586,O12351,P0002,1,685.44,0.2
I020587,O12351,P0134,2,8950.35,0.2
I020588,O12351,P0431,1,7800.63,0.2
I020589,O12352,P0061,1,9428.51,0.0
I020590,O12352,P0156,1,17438.42,0.0
I020591,O12352,P0290,3,5856.65,0.0
I020592,O12353,P0487,4,2276.61,0.05
I020593,O12354,P0070,1,3923.76,0.2
I020594,O12354,P0297,2,14103.76,0.2
I020595,O12354,P0146,1,12538.22,0.2
I020596,O12355,P0195,1,18266.79,0.3
I020597,O12355,P0309,1,879.52,0.3
I020598,O12356,P0340,2,6540.28,0.15
I020599,O12356,P0255,1,2178.42,0.15
I020600,O12356,P0421,1,3134.29,0.15
I020601,O12356,P0160,1,6251.25,0.15
I020602,O12357,P0044,2,4750.75,0.2
I020603,O12357,P0060,1,10597.6,0.2
I020604,O12357,P0404,5,7190.22,0.2
I020605,O12358,P0058,1,10856.44,0.0
I020606,O12359,P0451,2,18517.71,0.15
I020607,O12359,P0227,1,1214.17,0.15
I020608,O12360,P0460,1,1760.09,0.1
I020609,O12360,P0402,3,5149.65,0.1
I020610,O12361,P0137,1,2945.06,0.15
I020611,O12361,P0140,2,23423.37,0.15
I020612,O12361,P0034,1,3767.39,0.15
I020613,O12362,P0233,1,9166.88,0.1
I020614,O12363,P0002,2,685.44,0.1
I020615,O12364,P0312,1,8312.33,0.05
I020616,O12364,P0020,2,16894.73,0.05
I020617,O12365,P0291,1,8891.78,0.1
I020618,O12366,P0024,3,14146.9,0.05
I020619,O12367,P0079,5,16242.79,0.05
I020620,O12367,P0017,1,9858.5,0.05
I020621,O12368,P0380,1,1803.38,0.05
I020622,O12369,P0449,3,3785.19,0.05
I020623,O12370,P0202,1,4958.04,0.05
I020624,O12371,P0158,1,9904.7,0.25
I020625,O12371,P0290,1,5856.65,0.25
I020626,O12372,P0322,1,179.06,0.1
I020627,O12373,P0181,3,6969.81,0.1
I020628,O12374,P0156,2,17438.42,0.1
I020629,O12375,P0046,1,15363.92,0.05
I020630,O12375,P0430,1,14535.8,0.05
I020631,O12376,P0416,1,14378.26,0.0
I020632,O12377,P0127,3,12125.3,0.0
I020633,O12378,P0374,2,20293.37,0.2
I020634,O12379,P0349,2,17040.15,0.0
I020635,O12380,P0066,1,4602.72,0.05
I020636,O12380,P0177,1,5666.47,0.05
I020637,O12381,P0137,1,2945.06,0.2
I020638,O12382,P0455,1,6841.97,0.15
I020639,O12382,P0457,2,18511.82,0.15
I020640,O12382,P0233,3,9166.88,0.15
I020641,O12383,P0232,1,14966.59,0.0
I020642,O12384,P0026,1,8043.88,0.1
I020643,O12384,P0082,2,8524.01,0.1
I020644,O12384,P0391,1,16675.09,0.1
I020645,O12385,P0092,4,3959.04,0.1
I020646,O12386,P0446,1,18710.12,0.05
I020647,O12386,P0165,1,8775.25,0.05
I020648,O12386,P0270,1,15544.12,0.05
I020649,O12386,P0414,4,3244.46,0.05
I020650,O12387,P0160,1,6251.25,0.1
I020651,O12387,P0197,1,5628.38,0.1
I020652,O12388,P0055,1,18288.33,0.0
I020653,O12389,P0041,2,11579.02,0.25
I020654,O12389,P0082,1,8524.01,0.25
I020655,O12390,P0442,1,12851.94,0.0
I020656,O12391,P0261,2,9413.55,0.05
I020657,O12392,P0045,3,5553.07,0.05
I020658,O12392,P0119,1,14136.98,0.05
I020659,O12393,P0489,1,16108.48,0.05
I020660,O12394,P0140,2,23423.37,0.05
I020661,O12395,P0084,2,10059.02,0.0
I020662,O12395,P0476,4,1078.88,0.0
I020663,O12396,P0231,1,5606.43,0.1
I020664,O12397,P0350,1,14181.21,0.05
I020665,O12397,P0076,1,12082.97,0.05
I020666,O12397,P0027,1,6637.92,0.05
I020667,O12398,P0336,1,5532.6,0.25
I020668,O12398,P0248,1,5481.12,0.25
I020669,O12399,P0431,4,7800.63,0.0
I020670,O12400,P0210,3,3425.1,0.0
I020671,O12401,P0335,1,3821.2,0.0
I020672,O12401,P0230,1,16237.69,0.0
I020673,O12401,P0364,1,20513.3,0.0
I020674,O12402,P0116,1,14318.59,0.1
I020675,O12402,P0067,1,18606.26,0.1
I020676,O12403,P0470,1,16384.1,0.15
I020677,O12404,P0335,2,3821.2,0.1
I020678,O12405,P0482,1,16166.73,0.2
I020679,O12406,P0157,1,1053.8,0.1
I020680,O12406,P0009,2,10894.67,0.1
I020681,O12407,P0138,1,9332.54,0.0
I020682,O12408,P0387,2,11008.74,0.05
I020683,O12409,P0477,2,13272.75,0.05
I020684,O12409,P0166,1,4299.84,0.05
I020685,O12409,P0299,1,9253.96,0.05
I020686,O12409,P0183,2,208.22,0.05
I020687,O12410,P0094,1,6917.65,0.25
I020688,O12411,P0439,1,11309.42,0.1
I020689,O12412,P0053,1,11740.23,0.2
I020690,O12413,P0073,2,14367.83,0.0
I020691,O12414,P0381,1,1646.42,0.15
I020692,O12414,P0435,3,11265.94,0.15
I020693,O12415,P0421,1,3134.29,0.1
I020694,O12416,P0103,1,9874.02,0.0
I020695,O12417,P0450,1,2255.15,0.0
I020696,O12418,P0396,3,6181.52,0.05
I020697,O12419,P0499,2,2390.13,0.2
I020698,O12420,P0127,2,12125.3,0.1
I020699,O12421,P0331,3,7610.91,0.1
I020700,O12422,P0057,1,14313.59,0.2
I020701,O12423,P0226,4,1989.2,0.05
I020702,O12423,P0264,3,11827.53,0.05
I020703,O12423,P0271,2,10464.94,0.05
I020704,O12424,P0283,1,10933.03,0.05
I020705,O12425,P0423,1,13857.3,0.1
I020706,O12426,P0202,1,4958.04,0.1
I020707,O12427,P0196,3,3827.41,0.05
I020708,O12428,P0286,3,8678.82,0.1
I020709,O12428,P0117,1,5812.89,0.1
I020710,O12429,P0391,1,16675.09,0.0
I020711,O12429,P0086,2,12651.01,0.0
I020712,O12429,P0314,2,5199.64,0.0
I020713,O12430,P0492,1,13278.61,0.0
I020714,O12431,P0279,3,820.43,0.2
I020715,O12431,P0409,1,8257.04,0.2
I020716,O12431,P0091,1,5800.05,0.2
I020717,O12431,P0164,1,744.63,0.2
I020718,O12432,P0384,2,21014.31,0.1
I020719,O12433,P0008,1,404.42,0.05
I020720,O12433,P0282,1,4087.36,0.05
I020721,O12433,P0372,4,5715.65,0.05
I020722,O12434,P0409,4,8257.04,0.05
I020723,O12434,P0327,1,7197.89,0.05
I020724,O12435,P0303,1,15132.39,0.1
I020725,O12436,P0403,2,10949.03,0.25
I020726,O12437,P0146,1,12538.22,0.15
I020727,O12437,P0139,1,11137.68,0.15
I020728,O12437,P0083,1,7026.05,0.15
I020729,O12437,P0409,1,8257.04,0.15
I020730,O12438,P0091,4,5800.05,0.25
I020731,O12439,P0014,2,14738.4,0.0
I020732,O12440,P0447,1,13008.01,0.0
I020733,O12441,P0301,2,1551.88,0.05
I020734,O12442,P0315,1,8767.22,0.05
I020735,O12443,P0482,3,16166.73,0.25
I020736,O12443,P0306,2,20887.78,0.25
I020737,O12444,P0020,2,16894.73,0.0
I020738,O12444,P0312,1,8312.33,0.0
I020739,O12444,P0077,3,10405.98,0.0
I020740,O12445,P0150,1,19657.29,0.0
I020741,O12446,P0325,1,883.29,0.1
I020742,O12446,P0032,2,12721.46,0.1
I020743,O12447,P0137,3,2945.06,0.15
I020744,O12447,P0228,3,7442.22,0.15
I020745,O12448,P0191,2,14335.92,0.05
I020746,O12449,P0224,2,14337.8,0.0
I020747,O12450,P0201,1,18090.68,0.15
I020748,O12450,P0359,1,17408.84,0.15
I020749,O12451,P0236,4,13763.86,0.25
I020750,O12452,P0058,2,10856.44,0.15
I020751,O12453,P0037,1,5389.2,0.2
I020752,O12454,P0028,1,2327.59,0.2
I020753,O12455,P0142,1,7546.26,0.15
I020754,O12456,P0211,1,12771.97,0.15
I020755,O12457,P0349,4,17040.15,0.0
I020756,O12458,P0147,1,5903.16,0.0
I020757,O12459,P0033,5,2436.78,0.0
I020758,O12460,P0013,1,1067.21,0.1
I020759,O12460,P0253,2,10206.89,0.1
I020760,O12460,P0444,3,4611.38,0.1
I020761,O12461,P0011,1,6896.23,0.05
I020762,O12461,P0049,1,10387.8,0.05
I020763,O12461,P0302,1,10139.5,0.05
I020764,O12462,P0033,1,2436.78,0.0
I020765,O12463,P0292,3,21583.15,0.0
I020766,O12463,P0113,1,1476.37,0.0
I020767,O12463,P0184,2,5176.95,0.0
I020768,O12463,P0352,1,10103.59,0.0
I020769,O12464,P0459,1,15147.66,0.0
I020770,O12465,P0105,2,10085.48,0.1
I020771,O12465,P0188,2,6865.34,0.1
I020772,O12465,P0148,2,3827.6,0.1
I020773,O12466,P0224,1,14337.8,0.0
I020774,O12467,P0141,1,2669.4,0.2
I020775,O12468,P0440,2,10988.87,0.3
I020776,O12469,P0418,1,12929.12,0.1
I020777,O12470,P0435,1,11265.94,0.1
I020778,O12471,P0162,1,11199.84,0.05
I020779,O12472,P0074,1,20503.04,0.15
I020780,O12472,P0102,2,4552.64,0.15
I020781,O12473,P0051,1,13023.34,0.2
I020782,O12473,P0487,1,2276.61,0.2
I020783,O12474,P0059,2,7497.65,0.05
I020784,O12475,P0487,1,2276.61,0.25
I020785,O12476,P0013,3,1067.21,0.05
I020786,O12477,P0284,1,9183.48,0.05
I020787,O12477,P0008,2,404.42,0.05
I020788,O12477,P0198,1,15426.36,0.05
I020789,O12478,P0469,2,12828.28,0.2
I020790,O12478,P0481,3,1854.72,0.2
I020791,O12478,P0320,1,22881.56,0.2
I020792,O12479,P0358,1,17680.82,0.1
I020793,O12479,P0105,4,10085.48,0.1
I020794,O12480,P0280,3,19260.63,0.0
I020795,O12481,P0003,3,14157.19,0.15
I020796,O12481,P0381,1,1646.42,0.15
I020797,O12481,P0380,1,1803.38,0.15
I020798,O12482,P0483,2,14346.17,0.1
I020799,O12482,P0066,1,4602.72,0.1
I020800,O12483,P0447,1,13008.01,0.15
I020801,O12484,P0389,4,10740.24,0.0
I020802,O12484,P0002,1,685.44,0.0
I020803,O12485,P0409,1,8257.04,0.2
I020804,O12485,P0165,5,8775.25,0.2
I020805,O12486,P0352,2,10103.59,0.15
I020806,O12486,P0475,2,6070.94,0.15
I020807,O12487,P0214,1,3598.9,0.25
I020808,O12488,P0326,3,1200.34,0.1
I020809,O12489,P0338,1,9789.99,0.1
I020810,O12490,P0221,1,9748.25,0.15
I020811,O12490,P0254,1,1468.59,0.15
I020812,O12490,P0438,2,9736.72,0.15
I020813,O12491,P0115,1,10805.92,0.0
I020814,O12491,P0294,2,9318.36,0.0
I020815,O12492,P0231,1,5606.43,0.05
I020816,O12492,P0420,2,5156.99,0.05
I020817,O12493,P0216,1,4253.32,0.05
I020818,O12493,P0474,2,2142.32,0.05
I020819,O12494,P0340,1,6540.28,0.25
I020820,O12495,P0415,2,19105.92,0.0
I020821,O12496,P0020,1,16894.73,0.3
I020822,O12497,P0439,1,11309.42,0.05
I020823,O12497,P0441,1,11253.53,0.05
I020824,O12497,P0027,1,6637.92,0.05
I020825,O12498,P0199,1,13045.06,0.1
I020826,O12498,P0031,2,10837.07,0.1
I020827,O12499,P0175,1,8354.48,0.1
I020828,O12500,P0451,1,18517.71,0.15
I020829,O12500,P0385,1,9160.1,0.15
I020830,O12501,P0400,2,7063.54,0.25
I020831,O12501,P0439,3,11309.42,0.25
I020832,O12501,P0168,1,11374.5,0.25
I020833,O12502,P0307,2,8542.99,0.1
I020834,O12502,P0352,1,10103.59,0.1
I020835,O12503,P0425,1,3871.16,0.05
I020836,O12504,P0014,1,14738.4,0.05
I020837,O12505,P0415,1,19105.92,0.05
I020838,O12506,P0398,5,15186.38,0.05
I020839,O12507,P0019,3,7331.38,0.0
I020840,O12507,P0204,2,3139.42,0.0
I020841,O12507,P0475,2,6070.94,0.0
I020842,O12508,P0404,1,7190.22,0.2
I020843,O12509,P0184,1,5176.95,0.15
I020844,O12510,P0193,3,3841.48,0.1
I020845,O12511,P0463,4,7934.67,0.0
I020846,O12511,P0077,2,10405.98,0.0
I020847,O12511,P0409,1,8257.04,0.0
I020848,O12512,P0252,2,18803.98,0.0
I020849,O12512,P0379,1,4596.34,0.0
I020850,O12513,P0018,3,8521.23,0.05
I020851,O12514,P0207,1,9618.99,0.0
I020852,O12515,P0187,1,6663.59,0.0
I020853,O12515,P0269,1,9853.0,0.0
I020854,O12516,P0415,1,19105.92,0.0
I020855,O12517,P0180,1,5738.9,0.15
I020856,O12517,P0276,3,15791.95,0.15
I020857,O12517,P0351,2,6684.2,0.15
I020858,O12517,P0208,1,17414.46,0.15
I020859,O12518,P0093,2,11807.43,0.15
I020860,O12519,P0410,1,8140.59,0.05
I020861,O12520,P0284,3,9183.48,0.05
I020862,O12520,P0057,1,14313.59,0.05
I020863,O12520,P0013,2,1067.21,0.05
I020864,O12521,P0121,2,5223.81,0.05
I020865,O12521,P0286,1,8678.82,0.05
I020866,O12521,P0410,1,8140.59,0.05
I020867,O12522,P0023,3,8677.28,0.1
I020868,O12523,P0240,2,16345.25,0.2
I020869,O12523,P0315,1,8767.22,0.2
I020870,O12524,P0413,1,4516.32,0.1
I020871,O12525,P0302,2,10139.5,0.0
I020872,O12526,P0046,1,15363.92,0.0
I020873,O12526,P0357,2,4004.54,0.0
I020874,O12527,P0038,1,13981.96,0.0
I020875,O12527,P0431,2,7800.63,0.0
I020876,O12527,P0283,1,10933.03,0.0
I020877,O12528,P0128,1,11542.08,0.15
I020878,O12529,P0141,2,2669.4,0.05
I020879,O12530,P0293,2,5390.99,0.2
I020880,O12530,P0126,2,12590.35,0.2
I020881,O12531,P0151,5,8069.27,0.05
I020882,O12531,P0475,2,6070.94,0.05
I020883,O12532,P0171,2,6118.98,0.15
I020884,O12532,P0030,1,18850.92,0.15
I020885,O12532,P0092,3,3959.04,0.15
I020886,O12532,P0088,2,10596.08,0.15
I020887,O12533,P0132,2,8762.43,0.1
I020888,O12534,P0393,1,1256.74,0.2
I020889,O12535,P0453,1,2027.99,0.1
I020890,O12535,P0343,1,21720.15,0.1
I020891,O12536,P0424,1,1099.43,0.05
I020892,O12536,P0334,1,5599.91,0.05
I020893,O12537,P0148,1,3827.6,0.15
I020894,O12537,P0004,3,21658.55,0.15
I020895,O12537,P0081,2,12661.97,0.15
I020896,O12538,P0296,1,10086.41,0.0
I020897,O12539,P0493,1,17331.35,0.1
I020898,O12540,P0241,1,9473.89,0.05
I020899,O12540,P0113,3,1476.37,0.05
I020900,O12541,P0406,1,1199.98,0.05
I020901,O12541,P0300,1,11744.09,0.05
I020902,O12542,P0100,1,7091.79,0.1
I020903,O12543,P0480,3,12036.43,0.1
I020904,O12543,P0411,2,9751.96,0.1
I020905,O12544,P0494,1,9857.51,0.05
I020906,O12545,P0075,1,16717.1,0.1
I020907,O12546,P0009,1,10894.67,0.05
I020908,O12547,P0459,1,15147.66,0.15
I020909,O12547,P0161,2,4912.94,0.15
I020910,O12548,P0085,1,14574.29,0.1
I020911,O12548,P0132,1,8762.43,0.1
I020912,O12549,P0466,1,7584.85,0.05
I020913,O12550,P0104,1,389.71,0.1
I020914,O12551,P0378,2,224.7,0.1
I020915,O12551,P0153,1,6065.86,0.1
I020916,O12551,P0388,1,10509.73,0.1
I020917,O12552,P0052,2,22717.29,0.2
I020918,O12553,P0296,1,10086.41,0.1
I020919,O12554,P0102,1,4552.64,0.15
I020920,O12555,P0144,3,5083.64,0.15
I020921,O12556,P0025,1,21151.19,0.15
I020922,O12556,P0412,2,14362.31,0.15
I020923,O12557,P0103,1,9874.02,0.15
I020924,O12557,P0123,1,12283.66,0.15
I020925,O12558,P0254,1,1468.59,0.05
I020926,O12559,P0375,1,1937.18,0.2
I020927,O12560,P0268,1,21182.18,0.15
I020928,O12561,P0413,4,4516.32,0.0
I020929,O12562,P0279,1,820.43,0.1
I020930,O12562,P0288,1,16170.77,0.1
I020931,O12562,P0378,1,224.7,0.1
I020932,O12562,P0092,2,3959.04,0.1
I020933,O12563,P0434,1,15961.32,0.1
I020934,O12564,P0191,1,14335.92,0.0
I020935,O12565,P0383,1,5460.56,0.1
I020936,O12566,P0385,2,9160.1,0.25
I020937,O12566,P0193,1,3841.48,0.25
I020938,O12567,P0297,1,14103.76,0.2
I020939,O12567,P0425,1,3871.16,0.2
I020940,O12567,P0345,3,18312.01,0.2
I020941,O12568,P0054,1,22196.9,0.0
I020942,O12569,P0061,1,9428.51,0.1
I020943,O12570,P0329,1,6837.04,0.1
I020944,O12571,P0311,1,13470.81,0.15
I020945,O12571,P0131,1,2329.3,0.15
I020946,O12572,P0430,2,14535.8,0.15
I020947,O12573,P0428,1,15197.13,0.2
I020948,O12574,P0465,2,7131.53,0.1
I020949,O12574,P0030,1,18850.92,0.1
I020950,O12575,P0476,1,1078.88,0.2
I020951,O12576,P0005,1,2113.83,0.1
I020952,O12576,P0176,1,13983.62,0.1
I020953,O12577,P0275,1,18205.93,0.0
I020954,O12578,P0092,1,3959.04,0.1
I020955,O12578,P0020,2,16894.73,0.1
I020956,O12579,P0176,2,13983.62,0.0
I020957,O12580,P0331,1,7610.91,0.1
I020958,O12580,P0150,4,19657.29,0.1
I020959,O12581,P0321,1,15173.01,0.15
I020960,O12582,P0297,1,14103.76,0.15
I020961,O12582,P0099,3,11095.32,0.15
I020962,O12583,P0427,1,2376.46,0.1
I020963,O12583,P0067,2,18606.26,0.1
I020964,O12584,P0211,3,12771.97,0.15
I020965,O12584,P0234,1,6819.79,0.15
I020966,O12585,P0473,2,731.76,0.0
I020967,O12586,P0240,3,16345.25,0.25
I020968,O12587,P0495,1,3120.64,0.2
I020969,O12588,P0164,1,744.63,0.2
I020970,O12589,P0040,4,10694.19,0.0
I020971,O12589,P0325,2,883.29,0.0
I020972,O12589,P0088,1,10596.08,0.0
I020973,O12590,P0453,2,2027.99,0.05
I020974,O12590,P0409,3,8257.04,0.05
I020975,O12591,P0237,3,13454.07,0.0
I020976,O12591,P0418,3,12929.12,0.0
I020977,O12591,P0293,1,5390.99,0.0
I020978,O12592,P0344,4,5745.03,0.2
I020979,O12593,P0068,2,658.18,0.15
I020980,O12594,P0079,1,16242.79,0.0
I020981,O12594,P0083,2,7026.05,0.0
I020982,O12595,P0094,1,6917.65,0.1
I020983,O12595,P0322,3,179.06,0.1
I020984,O12595,P0042,1,18369.63,0.1
I020985,O12596,P0146,1,12538.22,0.1
I020986,O12596,P0149,1,18764.92,0.1
I020987,O12596,P0482,2,16166.73,0.1
I020988,O12597,P0323,1,19857.8,0.15
I020989,O12598,P0138,3,9332.54,0.05
I020990,O12598,P0494,1,9857.51,0.05
I020991,O12599,P0139,1,11137.68,0.05
I020992,O12599,P0433,5,11369.56,0.05
I020993,O12600,P0196,1,3827.41,0.1
I020994,O12600,P0465,1,7131.53,0.1
I020995,O12600,P0337,1,6259.83,0.1
I020996,O12601,P0322,1,179.06,0.1
I020997,O12601,P0050,2,12181.9,0.1
I020998,O12602,P0433,1,11369.56,0.0
I020999,O12603,P0029,1,7973.77,0.15
I021000,O12603,P0480,5,12036.43,0.15
I021001,O12604,P0148,1,3827.6,0.0
I021002,O12605,P0467,2,7857.91,0.2
I021003,O12605,P0107,1,12811.73,0.2
I021004,O12605,P0304,1,5766.34,0.2
I021005,O12605,P0148,2,3827.6,0.2
I021006,O12606,P0363,1,11446.48,0.15
I021007,O12607,P0062,3,2140.31,0.3
I021008,O12608,P0161,1,4912.94,0.0
I021009,O12608,P0328,2,15667.69,0.0
I021010,O12609,P0368,1,19421.03,0.25
I021011,O12610,P0009,2,10894.67,0.15
I021012,O12610,P0192,1,13132.41,0.15
I021013,O12611,P0378,2,224.7,0.2
I021014,O12612,P0077,1,10405.98,0.0
I021015,O12612,P0086,2,12651.01,0.0
I021016,O12612,P0137,2,2945.06,0.0
I021017,O12612,P0215,1,2961.47,0.0
I021018,O12613,P0407,1,775.43,0.05
I021019,O12613,P0494,3,9857.51,0.05
I021020,O12614,P0388,1,10509.73,0.0
I021021,O12614,P0231,1,5606.43,0.0
I021022,O12615,P0106,1,5470.36,0.05
I021023,O12615,P0060,3,10597.6,0.05
I021024,O12616,P0001,1,12680.89,0.2
I021025,O12617,P0073,1,14367.83,0.1
I021026,O12618,P0067,2,18606.26,0.15
I021027,O12619,P0153,2,6065.86,0.1
I021028,O12619,P0488,2,6474.12,0.1
I021029,O12620,P0002,2,685.44,0.1
I021030,O12620,P0131,1,2329.3,0.1
I021031,O12621,P0314,2,5199.64,0.1
I021032,O12621,P0392,1,10129.56,0.1
I021033,O12621,P0104,2,389.71,0.1
I021034,O12622,P0287,1,11017.89,0.1
I021035,O12622,P0311,3,13470.81,0.1
I021036,O12623,P0350,1,14181.21,0.0
I021037,O12624,P0347,2,207.7,0.15
I021038,O12624,P0040,1,10694.19,0.15
I021039,O12624,P0144,1,5083.64,0.15
I021040,O12625,P0012,1,9210.89,0.05
I021041,O12625,P0288,2,16170.77,0.05
I021042,O12626,P0473,1,731.76,0.15
I021043,O12627,P0352,2,10103.59,0.15
I021044,O12627,P0330,4,621.58,0.15
I021045,O12627,P0380,1,1803.38,0.15
I021046,O12628,P0277,1,14027.28,0.0
I021047,O12628,P0229,2,971.19,0.0
I021048,O12628,P0266,2,6946.78,0.0
I021049,O12629,P0289,3,5068.21,0.0
I021050,O12629,P0202,1,4958.04,0.0
I021051,O12630,P0371,1,14987.41,0.1
I021052,O12630,P0197,2,5628.38,0.1
I021053,O12630,P0177,1,5666.47,0.1
I021054,O12631,P0214,1,3598.9,0.05
I021055,O12632,P0171,1,6118.98,0.05
I021056,O12632,P0340,4,6540.28,0.05
I021057,O12632,P0154,2,13970.67,0.05
I021058,O12633,P0055,1,18288.33,0.05
I021059,O12633,P0314,1,5199.64,0.05
I021060,O12633,P0348,2,19194.75,0.05
I021061,O12634,P0406,1,1199.98,0.05
I021062,O12634,P0016,1,4929.52,0.05
I021063,O12635,P0435,1,11265.94,0.0
I021064,O12635,P0068,2,658.18,0.0
I021065,O12636,P0256,4,10413.89,0.0
I021066,O12637,P0400,1,7063.54,0.2
I021067,O12638,P0359,3,17408.84,0.15
I021068,O12638,P0232,1,14966.59,0.15
I021069,O12638,P0018,1,8521.23,0.15
I021070,O12639,P0248,1,5481.12,0.1
I021071,O12640,P0240,1,16345.25,0.05
I021072,O12641,P0471,1,3362.5,0.15
I021073,O12641,P0049,2,10387.8,0.15
I021074,O12642,P0006,1,12139.02,0.0
I021075,O12643,P0486,1,7416.01,0.0
I021076,O12643,P0339,2,8938.6,0.0
I021077,O12644,P0304,1,5766.34,0.0
I021078,O12644,P0176,2,13983.62,0.0
I021079,O12644,P0412,1,14362.31,0.0
I021080,O12644,P0420,2,5156.99,0.0
I021081,O12645,P0194,1,4785.07,0.15
I021082,O12646,P0064,2,18152.26,0.2
I021083,O12647,P0278,1,4045.44,0.1
I021084,O12647,P0462,1,8013.86,0.1
I021085,O12648,P0154,1,13970.67,0.0
I021086,O12648,P0284,1,9183.48,0.0
I021087,O12649,P0466,2,7584.85,0.05
I021088,O12649,P0323,1,19857.8,0.05
I021089,O12649,P0364,1,20513.3,0.05
I021090,O12649,P0042,2,18369.63,0.05
I021091,O12650,P0330,3,621.58,0.2
I021092,O12651,P0337,1,6259.83,0.1
I021093,O12652,P0314,1,5199.64,0.1
I021094,O12652,P0303,1,15132.39,0.1
I021095,O12652,P0237,1,13454.07,0.1
I021096,O12653,P0034,4,3767.39,0.15
I021097,O12653,P0219,2,1340.09,0.15
I021098,O12654,P0083,2,7026.05,0.05
I021099,O12654,P0274,1,16208.88,0.05
I021100,O12655,P0407,1,775.43,0.0
I021101,O12655,P0416,1,14378.26,0.0
I021102,O12655,P0398,1,15186.38,0.0
I021103,O12656,P0098,1,18024.33,0.25
I021104,O12657,P0213,2,13682.03,0.15
I021105,O12658,P0408,2,12252.4,0.25
I021106,O12658,P0252,5,18803.98,0.25
I021107,O12658,P0458,1,11252.82,0.25
I021108,O12659,P0036,1,22992.46,0.2
I021109,O12660,P0456,1,5984.52,0.05
I021110,O12660,P0495,2,3120.64,0.05
I021111,O12661,P0061,3,9428.51,0.05
I021112,O12662,P0336,1,5532.6,0.0
I021113,O12662,P0272,2,13853.17,0.0
I021114,O12663,P0248,1,5481.12,0.15
I021115,O12664,P0259,1,9091.06,0.1
I021116,O12665,P0224,1,14337.8,0.05
I021117,O12666,P0110,1,239.19,0.25
I021118,O12667,P0320,1,22881.56,0.15
I021119,O12668,P0143,1,2154.67,0.2
I021120,O12669,P0438,1,9736.72,0.0
I021121,O12670,P0411,1,9751.96,0.1
I021122,O12671,P0174,2,14241.6,0.3
I021123,O12672,P0175,1,8354.48,0.05
I021124,O12672,P0373,1,8955.67,0.05
I021125,O12673,P0494,4,9857.51,0.1
I021126,O12674,P0277,1,14027.28,0.1
I021127,O12674,P0402,2,5149.65,0.1
I021128,O12674,P0041,1,11579.02,0.1
I021129,O12675,P0030,3,18850.92,0.0
I021130,O12676,P0266,1,6946.78,0.05
I021131,O12676,P0364,1,20513.3,0.05
I021132,O12676,P0074,1,20503.04,0.05
I021133,O12677,P0469,2,12828.28,0.05
I021134,O12678,P0317,4,14355.69,0.0
I021135,O12679,P0005,2,2113.83,0.05
I021136,O12679,P0400,3,7063.54,0.05
I021137,O12680,P0177,1,5666.47,0.1
I021138,O12680,P0213,2,13682.03,0.1
I021139,O12681,P0494,2,9857.51,0.0
I021140,O12681,P0387,4,11008.74,0.0
I021141,O12682,P0159,2,12341.8,0.1
I021142,O12683,P0132,1,8762.43,0.15
I021143,O12684,P0157,1,1053.8,0.0
I021144,O12685,P0246,1,3212.48,0.25
I021145,O12686,P0294,1,9318.36,0.1
I021146,O12687,P0096,1,7114.07,0.1
I021147,O12687,P0280,2,19260.63,0.1
I021148,O12687,P0012,3,9210.89,0.1
I021149,O12688,P0065,1,11896.67,0.1
I021150,O12688,P0408,3,12252.4,0.1
I021151,O12688,P0377,2,7254.24,0.1
I021152,O12688,P0060,1,10597.6,0.1
I021153,O12689,P0078,2,18121.01,0.05
I021154,O12690,P0440,2,10988.87,0.15
I021155,O12690,P0478,2,24448.55,0.15
I021156,O12690,P0423,2,13857.3,0.15
I021157,O12691,P0181,4,6969.81,0.0
I021158,O12691,P0060,1,10597.6,0.0
I021159,O12692,P0361,4,8061.24,0.25
I021160,O12693,P0302,2,10139.5,0.2
I021161,O12693,P0405,1,10874.23,0.2
I021162,O12694,P0083,1,7026.05,0.1
I021163,O12695,P0226,1,1989.2,0.15
I021164,O12695,P0119,1,14136.98,0.15
I021165,O12696,P0209,1,17935.22,0.15
I021166,O12697,P0108,3,11560.22,0.1
I021167,O12697,P0168,3,11374.5,0.1
I021168,O12697,P0307,1,8542.99,0.1
I021169,O12698,P0417,1,7877.14,0.0
I021170,O12698,P0162,1,11199.84,0.0
I021171,O12699,P0039,2,1954.54,0.05
I021172,O12699,P0077,1,10405.98,0.05
I021173,O12700,P0043,1,230.23,0.2
I021174,O12700,P0293,1,5390.99,0.2
I021175,O12700,P0244,1,6694.24,0.2
I021176,O12701,P0171,2,6118.98,0.15
I021177,O12701,P0172,1,13856.39,0.15
I021178,O12702,P0439,1,11309.42,0.2
I021179,O12703,P0481,3,1854.72,0.2
I021180,O12703,P0353,2,4627.28,0.2
I021181,O12704,P0319,5,17097.24,0.1
I021182,O12704,P0167,1,2741.53,0.1
I021183,O12704,P0226,1,1989.2,0.1
I021184,O12705,P0161,1,4912.94,0.1
I021185,O12705,P0168,1,11374.5,0.1
I021186,O12705,P0388,2,10509.73,0.1
I021187,O12706,P0134,1,8950.35,0.1
I021188,O12707,P0197,1,5628.38,0.1
I021189,O12708,P0395,1,16050.27,0.25
I021190,O12708,P0442,1,12851.94,0.25
I021191,O12709,P0138,1,9332.54,0.0
I021192,O12709,P0029,1,7973.77,0.0
I021193,O12709,P0197,1,5628.38,0.0
I021194,O12709,P0404,1,7190.22,0.0
I021195,O12710,P0346,2,17166.81,0.0
I021196,O12711,P0049,2,10387.8,0.05
I021197,O12711,P0197,2,5628.38,0.05
I021198,O12712,P0167,1,2741.53,0.15
I021199,O12713,P0047,2,3795.44,0.2
I021200,O12713,P0035,1,10869.62,0.2
I021201,O12713,P0359,2,17408.84,0.2
I021202,O12714,P0351,1,6684.2,0.2
I021203,O12714,P0052,1,22717.29,0.2
I021204,O12715,P0347,1,207.7,0.1
I021205,O12716,P0435,1,11265.94,0.2
I021206,O12716,P0175,1,8354.48,0.2
I021207,O12716,P0433,2,11369.56,0.2
I021208,O12717,P0279,2,820.43,0.05
I021209,O12718,P0278,2,4045.44,0.1
I021210,O12719,P0075,3,16717.1,0.05
I021211,O12719,P0342,1,8867.09,0.05
I021212,O12720,P0033,1,2436.78,0.05
I021213,O12721,P0333,1,16891.72,0.0
I021214,O12721,P0338,1,9789.99,0.0
I021215,O12722,P0276,2,15791.95,0.05
I021216,O12722,P0001,1,12680.89,0.05
I021217,O12723,P0312,2,8312.33,0.0
I021218,O12723,P0260,1,9638.98,0.0
I021219,O12724,P0381,3,1646.42,0.05
I021220,O12725,P0163,1,16537.01,0.1
I021221,O12726,P0134,4,8950.35,0.05
I021222,O12726,P0196,1,3827.41,0.05
I021223,O12727,P0026,1,8043.88,0.15
I021224,O12728,P0418,50,12929.12,0.05
I021225,O12729,P0096,1,7114.07,0.0
I021226,O12730,P0141,2,2669.4,0.05
I021227,O12731,P0055,1,18288.33,0.2
I021228,O12731,P0388,2,10509.73,0.2
I021229,O12731,P0208,3,17414.46,0.2
I021230,O12732,P0092,4,3959.04,0.1
I021231,O12733,P0028,1,2327.59,0.1
I021232,O12733,P0080,1,8081.72,0.1
I021233,O12734,P0162,1,11199.84,0.1
I021234,O12735,P0145,1,5897.75,0.15
I021235,O12735,P0158,4,9904.7,0.15
I021236,O12736,P0142,3,7546.26,0.05
I021237,O12736,P0272,2,13853.17,0.05
I021238,O12736,P0364,2,20513.3,0.05
I021239,O12736,P0042,1,18369.63,0.05
I021240,O12737,P0089,1,21527.82,0.05
I021241,O12738,P0040,5,10694.19,0.0
I021242,O12739,P0321,1,15173.01,0.05
I021243,O12740,P0228,1,7442.22,0.05
I021244,O12740,P0432,2,1677.91,0.05
I021245,O12740,P0047,1,3795.44,0.05
I021246,O12741,P0085,1,14574.29,0.2
I021247,O12742,P0294,3,9318.36,0.0
I021248,O12743,P0374,3,20293.37,0.1
I021249,O12744,P0129,1,15750.63,0.15
I021250,O12744,P0482,1,16166.73,0.15
I021251,O12744,P0103,4,9874.02,0.15
I021252,O12745,P0447,2,13008.01,0.2
I021253,O12745,P0281,1,8647.87,0.2
I021254,O12746,P0207,1,9618.99,0.25
I021255,O12746,P0391,1,16675.09,0.25
I021256,O12747,P0142,1,7546.26,0.0
I021257,O12748,P0462,1,8013.86,0.05
I021258,O12748,P0332,3,9365.5,0.05
I021259,O12748,P0258,1,5357.22,0.05
I021260,O12748,P0338,1,9789.99,0.05
I021261,O12749,P0436,1,9847.38,0.3
I021262,O12750,P0493,1,17331.35,0.05
I021263,O12751,P0485,3,1818.67,0.0
I021264,O12752,P0288,1,16170.77,0.25
I021265,O12752,P0422,3,6180.37,0.25
I021266,O12753,P0488,2,6474.12,0.1
I021267,O12754,P0500,1,14456.78,0.05
I021268,O12755,P0369,1,2936.18,0.0
I021269,O12756,P0440,2,10988.87,0.1
I021270,O12757,P0411,1,9751.96,0.05
I021271,O12757,P0120,2,15630.4,0.05
I021272,O12758,P0197,2,5628.38,0.25
I021273,O12759,P0419,5,11206.88,0.05
I021274,O12760,P0343,1,21720.15,0.0
I021275,O12761,P0426,2,17258.9,0.05
I021276,O12762,P0147,1,5903.16,0.1
I021277,O12763,P0062,1,2140.31,0.05
I021278,O12764,P0437,3,9057.77,0.05
I021279,O12764,P0032,1,12721.46,0.05
I021280,O12764,P0194,1,4785.07,0.05
I021281,O12765,P0307,1,8542.99,0.05
I021282,O12766,P0360,1,4434.75,0.2
I021283,O12767,P0310,3,6739.9,0.15
I021284,O12768,P0269,2,9853.0,0.1
I021285,O12769,P0364,1,20513.3,0.1
I021286,O12769,P0313,1,15225.55,0.1
I021287,O12769,P0068,1,658.18,0.1
I021288,O12770,P0364,3,20513.3,0.0
I021289,O12770,P0307,1,8542.99,0.0
I021290,O12771,P0309,1,879.52,0.2
I021291,O12771,P0283,3,10933.03,0.2
I021292,O12772,P0171,1,6118.98,0.0
I021293,O12772,P0236,2,13763.86,0.0
I021294,O12773,P0338,3,9789.99,0.05
I021295,O12774,P0271,1,10464.94,0.1
I021296,O12775,P0194,2,4785.07,0.0
I021297,O12775,P0410,2,8140.59,0.0
I021298,O12776,P0292,1,21583.15,0.1
I021299,O12777,P0369,1,2936.18,0.1
I021300,O12778,P0068,1,658.18,0.1
I021301,O12778,P0465,1,7131.53,0.1
I021302,O12778,P0090,1,19317.51,0.1
I021303,O12779,P0146,1,12538.22,0.25
I021304,O12779,P0110,3,239.19,0.25
I021305,O12780,P0170,5,10734.0,0.15
I021306,O12780,P0057,1,14313.59,0.15
I021307,O12781,P0223,2,12111.39,0.15
I021308,O12782,P0176,1,13983.62,0.1
I021309,O12783,P0002,2,685.44,0.05
I021310,O12783,P0227,1,1214.17,0.05
I021311,O12784,P0343,1,21720.15,0.0
I021312,O12785,P0173,5,11347.23,0.1
I021313,O12786,P0348,1,19194.75,0.1
I021314,O12786,P0231,4,5606.43,0.1
I021315,O12786,P0175,1,8354.48,0.1
I021316,O12787,P0070,1,3923.76,0.0
I021317,O12788,P0045,1,5553.07,0.2
I021318,O12789,P0398,1,15186.38,0.1
I021319,O12790,P0394,1,9719.2,0.1
I021320,O12791,P0490,1,17879.27,0.1
I021321,O12791,P0024,1,14146.9,0.1
I021322,O12792,P0246,1,3212.48,0.15
I021323,O12793,P0161,1,4912.94,0.0
I021324,O12794,P0302,1,10139.5,0.05
I021325,O12795,P0032,3,12721.46,0.2
I021326,O12796,P0294,2,9318.36,0.0
I021327,O12796,P0005,1,2113.83,0.0
I021328,O12796,P0020,1,16894.73,0.0
I021329,O12797,P0309,1,879.52,0.1
I021330,O12797,P0424,4,1099.43,0.1
I021331,O12798,P0227,2,1214.17,0.05
I021332,O12799,P0439,1,11309.42,0.1
I021333,O12800,P0478,1,24448.55,0.1
I021334,O12800,P0333,1,16891.72,0.1
I021335,O12801,P0150,2,19657.29,0.15
I021336,O12802,P0124,1,15514.19,0.0
I021337,O12803,P0213,2,13682.03,0.1
I021338,O12804,P0007,1,20905.26,0.15
I021339,O12804,P0101,1,13448.78,0.15
I021340,O12804,P0104,4,389.71,0.15
I021341,O12805,P0292,1,21583.15,0.0
I021342,O12806,P0382,1,17253.16,0.15
I021343,O12806,P0042,1,18369.63,0.15
I021344,O12806,P0472,1,6339.28,0.15
I021345,O12807,P0253,2,10206.89,0.0
I021346,O12808,P0088,1,10596.08,0.05
I021347,O12809,P0170,1,10734.0,0.05
I021348,O12809,P0304,1,5766.34,0.05
I021349,O12810,P0297,1,14103.76,0.05
I021350,O12811,P0476,2,1078.88,0.15
I021351,O12812,P0157,4,1053.8,0.05
I021352,O12813,P0305,2,5268.03,0.15
I021353,O12814,P0470,1,16384.1,0.0
I021354,O12814,P0438,2,9736.72,0.0
I021355,O12814,P0149,1,18764.92,0.0
I021356,O12815,P0303,1,15132.39,0.05
I021357,O12816,P0110,1,239.19,0.2
I021358,O12817,P0480,2,12036.43,0.05
I021359,O12817,P0267,2,13380.29,0.05
I021360,O12818,P0061,1,9428.51,0.1
I021361,O12819,P0127,1,12125.3,0.15
I021362,O12819,P0390,1,2477.97,0.15
I021363,O12819,P0237,1,13454.07,0.15
I021364,O12820,P0448,1,11150.05,0.0
I021365,O12821,P0109,2,7019.11,0.15
I021366,O12822,P0039,4,1954.54,0.0
I021367,O12823,P0349,1,17040.15,0.1
I021368,O12824,P0355,1,15161.64,0.1
I021369,O12825,P0436,1,9847.38,0.0
I021370,O12826,P0072,3,8074.69,0.2
I021371,O12827,P0433,1,11369.56,0.1
I021372,O12827,P0147,2,5903.16,0.1
I021373,O12828,P0400,1,7063.54,0.0
I021374,O12828,P0155,1,16173.54,0.0
I021375,O12828,P0071,1,1222.75,0.0
I021376,O12829,P0479,2,2007.3,0.2
I021377,O12829,P0029,1,7973.77,0.2
I021378,O12830,P0197,3,5628.38,0.2
I021379,O12831,P0368,3,19421.03,0.15
I021380,O12832,P0011,2,6896.23,0.1
I021381,O12832,P0050,1,12181.9,0.1
I021382,O12832,P0331,4,7610.91,0.1
I021383,O12832,P0493,5,17331.35,0.1
I021384,O12833,P0147,2,5903.16,0.1
I021385,O12833,P0361,1,8061.24,0.1
I021386,O12833,P0042,4,18369.63,0.1
I021387,O12834,P0311,2,13470.81,0.15
I021388,O12835,P0098,3,18024.33,0.05
I021389,O12835,P0100,1,7091.79,0.05
I021390,O12836,P0017,2,9858.5,0.1
I021391,O12837,P0235,1,17675.52,0.1
I021392,O12838,P0278,2,4045.44,0.05
I021393,O12838,P0406,1,1199.98,0.05
I021394,O12838,P0256,1,10413.89,0.05
I021395,O12839,P0251,1,13718.51,0.0
I021396,O12840,P0118,1,11312.75,0.0
I021397,O12841,P0360,3,4434.75,0.0
I021398,O12842,P0176,1,13983.62,0.15
I021399,O12843,P0185,1,11400.27,0.15
I021400,O12844,P0241,1,9473.89,0.15
I021401,O12844,P0095,2,708.58,0.15
I021402,O12844,P0204,2,3139.42,0.15
I021403,O12845,P0320,1,22881.56,0.25
I021404,O12846,P0392,1,10129.56,0.0
I021405,O12846,P0436,1,9847.38,0.0
I021406,O12847,P0445,5,5378.95,0.25
I021407,O12848,P0469,1,12828.28,0.1
I021408,O12849,P0325,1,883.29,0.05
I021409,O12850,P0203,2,14797.26,0.0
I021410,O12851,P0377,4,7254.24,0.1
I021411,O12852,P0061,2,9428.51,0.15
I021412,O12853,P0147,2,5903.16,0.0
I021413,O12853,P0283,2,10933.03,0.0
I021414,O12854,P0158,1,9904.7,0.25
I021415,O12855,P0487,2,2276.61,0.2
I021416,O12856,P0070,3,3923.76,0.2
I021417,O12857,P0307,1,8542.99,0.1
I021418,O12858,P0042,1,18369.63,0.2
I021419,O12858,P0447,1,13008.01,0.2
I021420,O12859,P0183,2,208.22,0.0
I021421,O12860,P0185,1,11400.27,0.2
I021422,O12860,P0004,1,21658.55,0.2
I021423,O12860,P0456,2,5984.52,0.2
I021424,O12861,P0139,1,11137.68,0.2
I021425,O12862,P0268,1,21182.18,0.1
I021426,O12863,P0305,1,5268.03,0.15
I021427,O12864,P0251,3,13718.51,0.05
I021428,O12864,P0430,1,14535.8,0.05
I021429,O12864,P0472,1,6339.28,0.05
I021430,O12865,P0267,2,13380.29,0.25
I021431,O12866,P0386,1,7920.43,0.0
I021432,O12867,P0156,1,17438.42,0.2
I021433,O12867,P0143,2,2154.67,0.2
I021434,O12868,P0103,1,9874.02,0.05
I021435,O12869,P0294,4,9318.36,0.15
I021436,O12870,P0060,2,10597.6,0.0
I021437,O12870,P0086,1,12651.01,0.0
I021438,O12870,P0246,1,3212.48,0.0
I021439,O12870,P0429,2,4623.76,0.0
I021440,O12871,P0459,1,15147.66,0.05
I021441,O12872,P0372,1,5715.65,0.05
I021442,O12873,P0304,1,5766.34,0.25
I021443,O12873,P0120,1,15630.4,0.25
I021444,O12874,P0104,1,389.71,0.05
I021445,O12875,P0139,2,11137.68,0.05
I021446,O12876,P0081,2,12661.97,0.05
I021447,O12876,P0449,1,3785.19,0.05
I021448,O12877,P0067,2,18606.26,0.3
I021449,O12877,P0105,1,10085.48,0.3
I021450,O12877,P0302,3,10139.5,0.3
I021451,O12878,P0191,1,14335.92,0.1
I021452,O12878,P0058,2,10856.44,0.1
I021453,O12879,P0459,1,15147.66,0.05
I021454,O12880,P0008,3,404.42,0.2
I021455,O12881,P0387,1,11008.74,0.15
I021456,O12882,P0474,1,2142.32,0.15
I021457,O12883,P0265,1,16102.0,0.1
I021458,O12883,P0313,3,15225.55,0.1
I021459,O12883,P0269,1,9853.0,0.1
I021460,O12884,P0483,1,14346.17,0.1
I021461,O12884,P0420,1,5156.99,0.1
I021462,O12885,P0388,1,10509.73,0.15
I021463,O12886,P0368,1,19421.03,0.0
I021464,O12887,P0497,2,5343.08,0.1
I021465,O12887,P0160,2,6251.25,0.1
I021466,O12888,P0212,1,15959.35,0.3
I021467,O12888,P0143,1,2154.67,0.3
I021468,O12889,P0115,1,10805.92,0.15
I021469,O12889,P0365,1,1546.12,0.15
I021470,O12890,P0369,1,2936.18,0.05
I021471,O12891,P0458,2,11252.82,0.0
I021472,O12891,P0424,4,1099.43,0.0
I021473,O12892,P0492,1,13278.61,0.05
I021474,O12892,P0451,2,18517.71,0.05
I021475,O12893,P0087,2,5413.54,0.1
I021476,O12894,P0340,3,6540.28,0.1
I021477,O12894,P0348,1,19194.75,0.1
I021478,O12895,P0380,1,1803.38,0.3
I021479,O12895,P0164,1,744.63,0.3
I021480,O12896,P0477,1,13272.75,0.1
I021481,O12897,P0342,1,8867.09,0.05
I021482,O12898,P0173,5,11347.23,0.05
I021483,O12899,P0175,2,8354.48,0.15
I021484,O12899,P0460,1,1760.09,0.15
I021485,O12899,P0492,1,13278.61,0.15
I021486,O12900,P0350,3,14181.21,0.1
I021487,O12901,P0159,1,12341.8,0.15
I021488,O12901,P0050,1,12181.9,0.15
I021489,O12901,P0203,1,14797.26,0.15
I021490,O12901,P0347,1,207.7,0.15
I021491,O12902,P0195,1,18266.79,0.05
I021492,O12902,P0193,1,3841.48,0.05
I021493,O12903,P0150,1,19657.29,0.05
I021494,O12903,P0413,2,4516.32,0.05
I021495,O12904,P0255,4,2178.42,0.25
I021496,O12904,P0121,1,5223.81,0.25
I021497,O12905,P0003,2,14157.19,0.05
I021498,O12906,P0155,2,16173.54,0.05
I021499,O12907,P0012,1,9210.89,0.1
I021500,O12907,P0314,1,5199.64,0.1
I021501,O12908,P0032,1,12721.46,0.1
I021502,O12908,P0154,1,13970.67,0.1
I021503,O12908,P0058,1,10856.44,0.1
I021504,O12909,P0166,1,4299.84,0.0
I021505,O12909,P0155,3,16173.54,0.0
I021506,O12910,P0173,1,11347.23,0.25
I021507,O12911,P0220,1,4537.91,0.05
I021508,O12912,P0008,3,404.42,0.0
I021509,O12912,P0309,2,879.52,0.0
I021510,O12913,P0417,1,7877.14,0.05
I021511,O12914,P0080,1,8081.72,0.05
I021512,O12915,P0054,3,22196.9,0.05
I021513,O12916,P0107,3,12811.73,0.0
I021514,O12916,P0032,3,12721.46,0.0
I021515,O12916,P0035,2,10869.62,0.0
I021516,O12917,P0423,2,13857.3,0.1
I021517,O12917,P0444,2,4611.38,0.1
I021518,O12918,P0467,4,7857.91,0.15
I021519,O12919,P0301,1,1551.88,0.15
I021520,O12920,P0353,1,4627.28,0.1
I021521,O12920,P0127,1,12125.3,0.1
I021522,O12921,P0356,1,17911.43,0.0
I021523,O12922,P0332,2,9365.5,0.25
I021524,O12922,P0383,2,5460.56,0.25
I021525,O12923,P0390,1,2477.97,0.05
I021526,O12923,P0313,2,15225.55,0.05
I021527,O12924,P0149,1,18764.92,0.0
I021528,O12925,P0089,1,21527.82,0.05
I021529,O12925,P0244,3,6694.24,0.05
I021530,O12925,P0342,1,8867.09,0.05
I021531,O12926,P0132,1,8762.43,0.15
I021532,O12926,P0453,4,2027.99,0.15
I021533,O12927,P0377,1,7254.24,0.05
I021534,O12927,P0445,2,5378.95,0.05
I021535,O12928,P0220,1,4537.91,0.05
I021536,O12929,P0333,1,16891.72,0.05
I021537,O12929,P0160,1,6251.25,0.05
I021538,O12930,P0088,1,10596.08,0.1
I021539,O12930,P0026,1,8043.88,0.1
I021540,O12931,P0413,1,4516.32,0.2
I021541,O12931,P0181,1,6969.81,0.2
I021542,O12931,P0493,3,17331.35,0.2
I021543,O12932,P0288,2,16170.77,0.0
I021544,O12933,P0271,2,10464.94,0.0
I021545,O12933,P0374,1,20293.37,0.0
I021546,O12934,P0391,2,16675.09,0.1
I021547,O12934,P0233,1,9166.88,0.1
I021548,O12935,P0436,2,9847.38,0.0
I021549,O12935,P0013,1,1067.21,0.0
I021550,O12936,P0130,1,5669.17,0.25
I021551,O12936,P0472,1,6339.28,0.25
I021552,O12937,P0304,2,5766.34,0.2
I021553,O12938,P0029,1,7973.77,0.0
I021554,O12938,P0425,1,3871.16,0.0
I021555,O12939,P0499,1,2390.13,0.2
I021556,O12940,P0154,3,13970.67,0.05
I021557,O12941,P0453,1,2027.99,0.05
I021558,O12942,P0034,3,3767.39,0.05
I021559,O12943,P0016,3,4929.52,0.0
I021560,O12944,P0289,2,5068.21,0.15
I021561,O12945,P0066,5,4602.72,0.05
I021562,O12946,P0165,3,8775.25,0.05
I021563,O12947,P0239,2,10044.2,0.15
I021564,O12948,P0449,1,3785.19,0.0
I021565,O12948,P0248,4,5481.12,0.0
I021566,O12949,P0424,2,1099.43,0.05
I021567,O12949,P0102,1,4552.64,0.05
I021568,O12950,P0180,5,5738.9,0.1
I021569,O12950,P0022,1,16227.09,0.1
I021570,O12950,P0443,1,3024.24,0.1
I021571,O12951,P0406,1,1199.98,0.0
I021572,O12951,P0314,1,5199.64,0.0
I021573,O12951,P0437,1,9057.77,0.0
I021574,O12952,P0477,1,13272.75,0.1
I021575,O12952,P0125,1,8357.18,0.1
I021576,O12953,P0055,2,18288.33,0.05
I021577,O12953,P0169,1,5258.15,0.05
I021578,O12954,P0158,2,9904.7,0.05
I021579,O12954,P0287,1,11017.89,0.05
I021580,O12954,P0441,5,11253.53,0.05
I021581,O12955,P0092,1,3959.04,0.05
I021582,O12956,P0496,2,20624.48,0.05
I021583,O12957,P0136,4,10051.62,0.05
I021584,O12957,P0281,1,8647.87,0.05
I021585,O12958,P0261,3,9413.55,0.0
I021586,O12958,P0357,3,4004.54,0.0
I021587,O12958,P0276,4,15791.95,0.0
I021588,O12959,P0041,1,11579.02,0.05
I021589,O12960,P0009,1,10894.67,0.2
I021590,O12960,P0028,2,2327.59,0.2
I021591,O12961,P0479,3,2007.3,0.25
I021592,O12962,P0275,1,18205.93,0.3
I021593,O12963,P0023,1,8677.28,0.1
I021594,O12963,P0408,2,12252.4,0.1
I021595,O12964,P0019,1,7331.38,0.0
I021596,O12964,P0337,3,6259.83,0.0
I021597,O12965,P0069,2,6827.67,0.15
I021598,O12965,P0420,2,5156.99,0.15
I021599,O12965,P0334,1,5599.91,0.15
I021600,O12966,P0145,1,5897.75,0.25
I021601,O12966,P0382,2,17253.16,0.25
I021602,O12967,P0315,3,8767.22,0.0
I021603,O12968,P0002,1,685.44,0.0
I021604,O12968,P0094,1,6917.65,0.0
I021605,O12968,P0220,1,4537.91,0.0
I021606,O12969,P0366,1,12694.5,0.1
I021607,O12969,P0416,1,14378.26,0.1
I021608,O12969,P0387,1,11008.74,0.1
I021609,O12970,P0204,2,3139.42,0.0
I021610,O12970,P0373,4,8955.67,0.0
I021611,O12970,P0071,2,1222.75,0.0
I021612,O12971,P0175,2,8354.48,0.05
I021613,O12971,P0152,1,11257.85,0.05
I021614,O12972,P0414,1,3244.46,0.05
I021615,O12972,P0052,1,22717.29,0.05
I021616,O12972,P0010,1,8507.4,0.05
I021617,O12973,P0273,1,1414.88,0.0
I021618,O12974,P0212,1,15959.35,0.15
I021619,O12974,P0452,1,14623.62,0.15
I021620,O12975,P0480,3,12036.43,0.0
I021621,O12976,P0406,1,1199.98,0.05
I021622,O12977,P0398,5,15186.38,0.15
I021623,O12977,P0484,2,14051.85,0.15
I021624,O12978,P0312,1,8312.33,0.1
I021625,O12978,P0271,1,10464.94,0.1
I021626,O12979,P0383,1,5460.56,0.1
I021627,O12979,P0252,1,18803.98,0.1
I021628,O12979,P0354,1,749.54,0.1
I021629,O12980,P0039,1,1954.54,0.0
I021630,O12980,P0119,2,14136.98,0.0
I021631,O12981,P0362,2,7754.84,0.15
I021632,O12982,P0446,1,18710.12,0.2
I021633,O12982,P0019,2,7331.38,0.2
I021634,O12982,P0413,4,4516.32,0.2
I021635,O12983,P0279,3,820.43,0.0
I021636,O12984,P0276,1,15791.95,0.3
I021637,O12985,P0183,3,208.22,0.05
I021638,O12986,P0179,1,12189.37,0.1
I021639,O12986,P0080,2,8081.72,0.1
I021640,O12987,P0106,1,5470.36,0.1
I021641,O12987,P0237,2,13454.07,0.1
I021642,O12987,P0148,1,3827.6,0.1
I021643,O12988,P0275,2,18205.93,0.1
I021644,O12988,P0099,1,11095.32,0.1
I021645,O12989,P0229,2,971.19,0.1
I021646,O12989,P0334,1,5599.91,0.1
I021647,O12989,P0164,1,744.63,0.1
I021648,O12990,P0456,1,5984.52,0.1
I021649,O12990,P0128,2,11542.08,0.1
I021650,O12991,P0323,1,19857.8,0.15
I021651,O12991,P0054,2,22196.9,0.15
I021652,O12991,P0052,1,22717.29,0.15
I021653,O12992,P0380,2,1803.38,0.25
I021654,O12993,P0289,2,5068.21,0.2
I021655,O12993,P0478,2,24448.55,0.2
I021656,O12993,P0421,1,3134.29,0.2
I021657,O12993,P0061,1,9428.51,0.2
I021658,O12994,P0088,3,10596.08,0.15
I021659,O12995,P0446,1,18710.12,0.0
I021660,O12996,P0479,1,2007.3,0.05
I021661,O12997,P0010,1,8507.4,0.0
I021662,O12998,P0027,1,6637.92,0.2
I021663,O12999,P0022,1,16227.09,0.15
I021664,O13000,P0271,1,10464.94,0.0
I021665,O13000,P0258,3,5357.22,0.0
I021666,O13001,P0075,1,16717.1,0.15
I021667,O13002,P0231,1,5606.43,0.05
I021668,O13002,P0079,1,16242.79,0.05
I021669,O13002,P0250,2,17490.25,0.05
I021670,O13003,P0296,1,10086.41,0.1
I021671,O13003,P0390,3,2477.97,0.1
I021672,O13003,P0403,1,10949.03,0.1
I021673,O13004,P0369,3,2936.18,0.1
I021674,O13004,P0216,2,4253.32,0.1
I021675,O13005,P0134,1,8950.35,0.0
I021676,O13005,P0467,3,7857.91,0.0
I021677,O13005,P0202,2,4958.04,0.0
I021678,O13005,P0477,1,13272.75,0.0
I021679,O13006,P0100,1,7091.79,0.05
I021680,O13007,P0135,2,13687.78,0.1
I021681,O13007,P0410,1,8140.59,0.1
I021682,O13007,P0276,2,15791.95,0.1
I021683,O13007,P0289,1,5068.21,0.1
I021684,O13008,P0461,1,6940.51,0.1
I021685,O13009,P0117,1,5812.89,0.2
I021686,O13010,P0340,2,6540.28,0.1
I021687,O13011,P0037,1,5389.2,0.15
I021688,O13011,P0290,1,5856.65,0.15
I021689,O13012,P0452,1,14623.62,0.15
I021690,O13013,P0358,2,17680.82,0.0
I021691,O13014,P0081,2,12661.97,0.05
I021692,O13015,P0145,2,5897.75,0.1
I021693,O13016,P0194,1,4785.07,0.1
I021694,O13016,P0495,1,3120.64,0.1
I021695,O13016,P0333,1,16891.72,0.1
I021696,O13017,P0025,4,21151.19,0.2
I021697,O13018,P0173,1,11347.23,0.1
I021698,O13019,P0011,2,6896.23,0.15
I021699,O13020,P0462,4,8013.86,0.2
I021700,O13021,P0185,3,11400.27,0.15
I021701,O13022,P0016,2,4929.52,0.0
I021702,O13022,P0219,1,1340.09,0.0
I021703,O13023,P0295,2,12191.72,0.05
I021704,O13024,P0063,3,17989.43,0.2
I021705,O13024,P0301,5,1551.88,0.2
I021706,O13025,P0272,2,13853.17,0.1
I021707,O13026,P0467,3,7857.91,0.1
I021708,O13027,P0009,2,10894.67,0.25
I021709,O13028,P0176,3,13983.62,0.05
I021710,O13028,P0168,2,11374.5,0.05
I021711,O13029,P0266,1,6946.78,0.0
I021712,O13029,P0427,3,2376.46,0.0
I021713,O13030,P0467,3,7857.91,0.05
I021714,O13031,P0348,1,19194.75,0.05
I021715,O13032,P0166,1,4299.84,0.1
I021716,O13033,P0465,1,7131.53,0.0
I021717,O13033,P0123,2,12283.66,0.0
I021718,O13034,P0317,1,14355.69,0.3
I021719,O13035,P0051,1,13023.34,0.0
I021720,O13035,P0014,1,14738.4,0.0
I021721,O13035,P0428,1,15197.13,0.0
I021722,O13036,P0135,1,13687.78,0.05
I021723,O13037,P0032,3,12721.46,0.15
I021724,O13038,P0446,1,18710.12,0.25
I021725,O13039,P0158,1,9904.7,0.1
I021726,O13039,P0469,1,12828.28,0.1
I021727,O13039,P0184,1,5176.95,0.1
I021728,O13040,P0158,2,9904.7,0.05
I021729,O13040,P0240,2,16345.25,0.05
I021730,O13040,P0022,2,16227.09,0.05
I021731,O13041,P0150,1,19657.29,0.0
I021732,O13041,P0431,2,7800.63,0.0
I021733,O13041,P0269,4,9853.0,0.0
I021734,O13042,P0009,1,10894.67,0.2
I021735,O13042,P0061,1,9428.51,0.2
I021736,O13043,P0087,2,5413.54,0.0
I021737,O13044,P0170,2,10734.0,0.0
I021738,O13044,P0257,1,8094.05,0.0
I021739,O13045,P0034,2,3767.39,0.0
I021740,O13046,P0160,2,6251.25,0.1
I021741,O13047,P0014,2,14738.4,0.25
I021742,O13048,P0063,1,17989.43,0.1
I021743,O13049,P0047,2,3795.44,0.05
I021744,O13049,P0359,1,17408.84,0.05
I021745,O13050,P0376,2,21096.71,0.05
I021746,O13050,P0211,1,12771.97,0.05
I021747,O13051,P0276,3,15791.95,0.1
I021748,O13052,P0003,1,14157.19,0.1
I021749,O13052,P0296,1,10086.41,0.1
I021750,O13053,P0492,2,13278.61,0.0
I021751,O13053,P0060,1,10597.6,0.0
I021752,O13054,P0304,1,5766.34,0.0
I021753,O13055,P0127,1,12125.3,0.1
I021754,O13056,P0449,2,3785.19,0.2
I021755,O13057,P0003,1,14157.19,0.1
I021756,O13058,P0453,1,2027.99,0.05
I021757,O13058,P0176,1,13983.62,0.05
I021758,O13058,P0061,1,9428.51,0.05
I021759,O13059,P0388,1,10509.73,0.0
I021760,O13059,P0116,3,14318.59,0.0
I021761,O13059,P0086,2,12651.01,0.0
I021762,O13060,P0392,1,10129.56,0.15
I021763,O13061,P0222,4,6948.91,0.15
I021764,O13062,P0446,1,18710.12,0.2
I021765,O13063,P0273,1,1414.88,0.3
I021766,O13063,P0231,1,5606.43,0.3
I021767,O13064,P0153,1,6065.86,0.0
I021768,O13065,P0416,1,14378.26,0.05
I021769,O13065,P0147,1,5903.16,0.05
I021770,O13065,P0011,1,6896.23,0.05
I021771,O13066,P0378,3,224.7,0.05
I021772,O13066,P0394,2,9719.2,0.05
I021773,O13067,P0083,1,7026.05,0.1
I021774,O13068,P0013,1,1067.21,0.0
I021775,O13068,P0234,1,6819.79,0.0
I021776,O13068,P0427,2,2376.46,0.0
I021777,O13069,P0300,1,11744.09,0.05
I021778,O13070,P0196,1,3827.41,0.15
I021779,O13071,P0384,1,21014.31,0.0
I021780,O13071,P0244,3,6694.24,0.0
I021781,O13072,P0191,2,14335.92,0.15
I021782,O13073,P0207,3,9618.99,0.05
I021783,O13073,P0106,1,5470.36,0.05
I021784,O13074,P0050,1,12181.9,0.05
I021785,O13075,P0325,1,883.29,0.15
I021786,O13076,P0263,2,12622.11,0.15
I021787,O13076,P0187,1,6663.59,0.15
I021788,O13076,P0339,1,8938.6,0.15
I021789,O13077,P0185,1,11400.27,0.05
I021790,O13077,P0394,1,9719.2,0.05
I021791,O13077,P0103,2,9874.02,0.05
I021792,O13078,P0216,1,4253.32,0.1
I021793,O13078,P0128,1,11542.08,0.1
I021794,O13078,P0389,2,10740.24,0.1
I021795,O13079,P0160,2,6251.25,0.05
I021796,O13080,P0200,1,9202.06,0.1
I021797,O13080,P0287,1,11017.89,0.1
I021798,O13081,P0432,1,1677.91,0.15
I021799,O13081,P0112,3,10276.51,0.15
I021800,O13081,P0122,2,20389.93,0.15
I021801,O13082,P0181,2,6969.81,0.05
I021802,O13082,P0196,3,3827.41,0.05
I021803,O13082,P0047,3,3795.44,0.05
I021804,O13082,P0165,1,8775.25,0.05
I021805,O13083,P0238,2,16729.81,0.1
I021806,O13084,P0251,1,13718.51,0.1
I021807,O13085,P0161,1,4912.94,0.1
I021808,O13086,P0042,1,18369.63,0.1
I021809,O13086,P0111,1,4168.73,0.1
I021810,O13086,P0248,2,5481.12,0.1
I021811,O13087,P0383,3,5460.56,0.0
I021812,O13088,P0268,1,21182.18,0.0
I021813,O13088,P0245,1,14211.09,0.0
I021814,O13089,P0084,2,10059.02,0.0
I021815,O13090,P0213,1,13682.03,0.25
I021816,O13090,P0222,3,6948.91,0.25
I021817,O13091,P0487,2,2276.61,0.0
I021818,O13092,P0126,1,12590.35,0.05
I021819,O13092,P0394,2,9719.2,0.05
I021820,O13093,P0096,1,7114.07,0.15
I021821,O13093,P0357,1,4004.54,0.15
I021822,O13094,P0316,1,18765.5,0.2
I021823,O13095,P0326,2,1200.34,0.05
I021824,O13095,P0068,1,658.18,0.05
I021825,O13095,P0052,2,22717.29,0.05
I021826,O13096,P0153,1,6065.86,0.1
I021827,O13097,P0201,1,18090.68,0.15
I021828,O13097,P0366,1,12694.5,0.15
I021829,O13098,P0110,4,239.19,0.2
I021830,O13098,P0121,1,5223.81,0.2
I021831,O13098,P0185,1,11400.27,0.2
I021832,O13099,P0088,2,10596.08,0.2
I021833,O13099,P0368,1,19421.03,0.2
I021834,O13100,P0092,50,3959.04,0.1
I021835,O13101,P0063,1,17989.43,0.1
I021836,O13102,P0121,3,5223.81,0.15
I021837,O13103,P0324,1,2232.66,0.1
I021838,O13104,P0403,1,10949.03,0.05
I021839,O13105,P0467,1,7857.91,0.25
I021840,O13106,P0033,2,2436.78,0.3
I021841,O13106,P0085,4,14574.29,0.3
I021842,O13106,P0167,1,2741.53,0.3
I021843,O13107,P0006,1,12139.02,0.25
I021844,O13108,P0186,2,14403.22,0.05
I021845,O13108,P0127,1,12125.3,0.05
I021846,O13109,P0496,1,20624.48,0.05
I021847,O13109,P0004,2,21658.55,0.05
I021848,O13109,P0213,2,13682.03,0.05
I021849,O13110,P0154,2,13970.67,0.1
I021850,O13110,P0364,2,20513.3,0.1
I021851,O13110,P0419,1,11206.88,0.1
I021852,O13110,P0352,1,10103.59,0.1
I021853,O13111,P0336,1,5532.6,0.15
I021854,O13111,P0448,4,11150.05,0.15
I021855,O13111,P0264,1,11827.53,0.15
I021856,O13112,P0200,2,9202.06,0.05
I021857,O13113,P0356,2,17911.43,0.1
I021858,O13114,P0170,1,10734.0,0.0
I021859,O13115,P0031,1,10837.07,0.15
I021860,O13115,P0090,1,19317.51,0.15
I021861,O13116,P0465,2,7131.53,0.15
I021862,O13117,P0322,1,179.06,0.1
I021863,O13118,P0176,1,13983.62,0.15
I021864,O13118,P0038,3,13981.96,0.15
I021865,O13119,P0327,1,7197.89,0.1
I021866,O13120,P0492,1,13278.61,0.25
I021867,O13121,P0171,2,6118.98,0.1
I021868,O13122,P0460,1,1760.09,0.05
I021869,O13122,P0064,1,18152.26,0.05
I021870,O13123,P0144,2,5083.64,0.15
I021871,O13123,P0049,3,10387.8,0.15
I021872,O13124,P0261,2,9413.55,0.0
I021873,O13125,P0432,1,1677.91,0.1
I021874,O13125,P0160,1,6251.25,0.1
I021875,O13125,P0241,1,9473.89,0.1
I021876,O13126,P0494,2,9857.51,0.25
I021877,O13126,P0179,1,12189.37,0.25
I021878,O13127,P0041,1,11579.02,0.15
I021879,O13127,P0347,1,207.7,0.15
I021880,O13128,P0113,2,1476.37,0.3
I021881,O13128,P0399,1,9834.2,0.3
I021882,O13129,P0184,1,5176.95,0.05
I021883,O13130,P0372,1,5715.65,0.05
I021884,O13131,P0048,1,881.87,0.0
I021885,O13132,P0025,1,21151.19,0.05
I021886,O13132,P0363,1,11446.48,0.05
I021887,O13132,P0106,1,5470.36,0.05
I021888,O13133,P0477,1,13272.75,0.0
I021889,O13133,P0097,1,16913.36,0.0
I021890,O13133,P0445,1,5378.95,0.0
I021891,O13134,P0495,2,3120.64,0.05
I021892,O13135,P0220,1,4537.91,0.0
I021893,O13135,P0414,1,3244.46,0.0
I021894,O13135,P0071,1,1222.75,0.0
I021895,O13136,P0357,2,4004.54,0.1
I021896,O13136,P0110,1,239.19,0.1
I021897,O13137,P0125,1,8357.18,0.25
I021898,O13137,P0300,1,11744.09,0.25
I021899,O13138,P0229,2,971.19,0.15
I021900,O13138,P0211,5,12771.97,0.15
I021901,O13139,P0434,2,15961.32,0.05
I021902,O13139,P0069,1,6827.67,0.05
I021903,O13139,P0170,1,10734.0,0.05
I021904,O13140,P0039,1,1954.54,0.05
I021905,O13141,P0497,1,5343.08,0.05
I021906,O13141,P0115,2,10805.92,0.05
I021907,O13142,P0062,1,2140.31,0.0
I021908,O13142,P0403,1,10949.03,0.0
I021909,O13142,P0197,2,5628.38,0.0
I021910,O13143,P0366,1,12694.5,0.3
I021911,O13144,P0083,1,7026.05,0.15
I021912,O13145,P0451,1,18517.71,0.15
I021913,O13145,P0436,1,9847.38,0.15
I021914,O13146,P0082,1,8524.01,0.15
I021915,O13147,P0319,3,17097.24,0.1
I021916,O13148,P0328,2,15667.69,0.15
I021917,O13148,P0336,1,5532.6,0.15
I021918,O13149,P0319,1,17097.24,0.05
I021919,O13149,P0026,3,8043.88,0.05
I021920,O13150,P0353,1,4627.28,0.05
I021921,O13151,P0438,1,9736.72,0.05
I021922,O13152,P0484,1,14051.85,0.25
I021923,O13152,P0249,2,11650.12,0.25
I021924,O13152,P0430,2,14535.8,0.25
I021925,O13152,P0233,2,9166.88,0.25
I021926,O13153,P0438,1,9736.72,0.0
I021927,O13153,P0494,1,9857.51,0.0
I021928,O13153,P0049,2,10387.8,0.0
I021929,O13154,P0106,1,5470.36,0.0
I021930,O13154,P0111,1,4168.73,0.0
I021931,O13154,P0209,3,17935.22,0.0
I021932,O13154,P0370,1,12293.71,0.0
I021933,O13155,P0036,1,22992.46,0.25
I021934,O13155,P0365,2,1546.12,0.25
I021935,O13156,P0356,4,17911.43,0.15
I021936,O13157,P0063,2,17989.43,0.1
I021937,O13158,P0118,2,11312.75,0.15
I021938,O13159,P0060,2,10597.6,0.2
I021939,O13160,P0186,1,14403.22,0.2
I021940,O13161,P0172,1,13856.39,0.2
I021941,O13162,P0454,3,13398.41,0.2
I021942,O13163,P0148,3,3827.6,0.0
I021943,O13164,P0215,2,2961.47,0.1
I021944,O13164,P0499,1,2390.13,0.1
I021945,O13165,P0445,2,5378.95,0.1
I021946,O13165,P0089,1,21527.82,0.1
I021947,O13166,P0007,1,20905.26,0.15
I021948,O13167,P0438,1,9736.72,0.25
I021949,O13168,P0231,4,5606.43,0.05
I021950,O13168,P0145,4,5897.75,0.05
I021951,O13168,P0014,2,14738.4,0.05
I021952,O13169,P0246,1,3212.48,0.15
I021953,O13169,P0175,4,8354.48,0.15
I021954,O13170,P0078,1,18121.01,0.05
I021955,O13170,P0381,2,1646.42,0.05
I021956,O13171,P0398,1,15186.38,0.1
I021957,O13171,P0474,1,2142.32,0.1
I021958,O13171,P0020,1,16894.73,0.1
I021959,O13172,P0311,1,13470.81,0.15
I021960,O13172,P0090,3,19317.51,0.15
I021961,O13172,P0357,2,4004.54,0.15
I021962,O13173,P0251,1,13718.51,0.0
I021963,O13174,P0003,2,14157.19,0.2
I021964,O13175,P0061,1,9428.51,0.2
I021965,O13176,P0279,1,820.43,0.2
I021966,O13176,P0290,2,5856.65,0.2
I021967,O13177,P0298,1,14301.55,0.0
I021968,O13177,P0455,1,6841.97,0.0
I021969,O13178,P0407,1,775.43,0.15
I021970,O13179,P0109,1,7019.11,0.2
I021971,O13180,P0439,1,11309.42,0.3
I021972,O13180,P0460,2,1760.09,0.3
I021973,O13181,P0192,1,13132.41,0.0
I021974,O13181,P0231,2,5606.43,0.0
I021975,O13182,P0095,1,708.58,0.1
I021976,O13182,P0453,1,2027.99,0.1
I021977,O13183,P0265,1,16102.0,0.2
I021978,O13184,P0302,1,10139.5,0.15
I021979,O13185,P0310,2,6739.9,0.2
I021980,O13186,P0075,4,16717.1,0.15
I021981,O13187,P0216,1,4253.32,0.0
I021982,O13187,P0115,1,10805.92,0.0
I021983,O13188,P0016,2,4929.52,0.2
I021984,O13188,P0126,2,12590.35,0.2
I021985,O13189,P0385,1,9160.1,0.1
I021986,O13190,P0376,1,21096.71,0.05
I021987,O13191,P0247,1,5866.18,0.15
I021988,O13191,P0245,1,14211.09,0.15
I021989,O13191,P0238,1,16729.81,0.15
I021990,O13191,P0176,3,13983.62,0.15
I021991,O13192,P0237,2,13454.07,0.1
I021992,O13193,P0156,4,17438.42,0.15
I021993,O13193,P0004,1,21658.55,0.15
I021994,O13194,P0416,2,14378.26,0.1
I021995,O13195,P0213,3,13682.03,0.0
I021996,O13196,P0226,3,1989.2,0.2
I021997,O13197,P0242,1,12806.32,0.15
I021998,O13197,P0290,1,5856.65,0.15
I021999,O13198,P0370,1,12293.71,0.15
I022000,O13198,P0167,1,2741.53,0.15
I022001,O13199,P0160,2,6251.25,0.15
I022002,O13200,P0115,1,10805.92,0.1
I022003,O13201,P0411,2,9751.96,0.15
I022004,O13202,P0271,1,10464.94,0.05
I022005,O13202,P0085,2,14574.29,0.05
I022006,O13203,P0336,1,5532.6,0.1
I022007,O13204,P0188,1,6865.34,0.15
I022008,O13204,P0128,2,11542.08,0.15
I022009,O13205,P0137,1,2945.06,0.15
I022010,O13206,P0313,1,15225.55,0.25
I022011,O13207,P0264,1,11827.53,0.2
I022012,O13208,P0361,1,8061.24,0.0
I022013,O13209,P0143,1,2154.67,0.0
I022014,O13210,P0344,1,5745.03,0.15
I022015,O13211,P0082,1,8524.01,0.0
I022016,O13212,P0152,2,11257.85,0.3
I022017,O13212,P0061,1,9428.51,0.3
I022018,O13212,P0075,2,16717.1,0.3
I022019,O13213,P0209,2,17935.22,0.1
I022020,O13214,P0357,1,4004.54,0.15
I022021,O13214,P0046,2,15363.92,0.15
I022022,O13214,P0362,2,7754.84,0.15
I022023,O13215,P0360,2,4434.75,0.0
I022024,O13215,P0186,1,14403.22,0.0
I022025,O13216,P0159,2,12341.8,0.1
I022026,O13217,P0091,1,5800.05,0.05
I022027,O13217,P0202,1,4958.04,0.05
I022028,O13218,P0233,2,9166.88,0.0
I022029,O13219,P0036,2,22992.46,0.15
I022030,O13219,P0254,1,1468.59,0.15
I022031,O13220,P0498,1,1038.57,0.25
I022032,O13220,P0364,2,20513.3,0.25
I022033,O13221,P0339,3,8938.6,0.05
I022034,O13221,P0070,1,3923.76,0.05
I022035,O13222,P0268,2,21182.18,0.25
I022036,O13222,P0002,3,685.44,0.25
I022037,O13223,P0236,1,13763.86,0.0
I022038,O13224,P0186,1,14403.22,0.15
I022039,O13224,P0383,1,5460.56,0.15
I022040,O13224,P0117,2,5812.89,0.15
I022041,O13224,P0440,1,10988.87,0.15
I022042,O13225,P0370,1,12293.71,0.1
I022043,O13226,P0002,1,685.44,0.05
I022044,O13226,P0348,1,19194.75,0.05
I022045,O13226,P0141,1,2669.4,0.05
I022046,O13227,P0460,2,1760.09,0.1
I022047,O13228,P0310,3,6739.9,0.1
I022048,O13229,P0195,1,18266.79,0.1
I022049,O13229,P0120,1,15630.4,0.1
I022050,O13229,P0281,1,8647.87,0.1
I022051,O13229,P0287,2,11017.89,0.1
I022052,O13230,P0074,2,20503.04,0.1
I022053,O13230,P0421,1,3134.29,0.1
I022054,O13230,P0023,1,8677.28,0.1
I022055,O13231,P0132,2,8762.43,0.3
I022056,O13231,P0409,2,8257.04,0.3
I022057,O13232,P0343,2,21720.15,0.15
I022058,O13233,P0174,3,14241.6,0.0
I022059,O13233,P0457,2,18511.82,0.0
I022060,O13234,P0333,1,16891.72,0.2
I022061,O13235,P0246,3,3212.48,0.1
I022062,O13235,P0121,1,5223.81,0.1
I022063,O13236,P0479,1,2007.3,0.0
I022064,O13236,P0317,4,14355.69,0.0
I022065,O13236,P0291,2,8891.78,0.0
I022066,O13236,P0281,1,8647.87,0.0
I022067,O13237,P0129,2,15750.63,0.15
I022068,O13238,P0310,1,6739.9,0.05
I022069,O13239,P0035,2,10869.62,0.3
I022070,O13240,P0379,1,4596.34,0.1
I022071,O13241,P0275,1,18205.93,0.05
I022072,O13241,P0284,2,9183.48,0.05
I022073,O13241,P0326,1,1200.34,0.05
I022074,O13242,P0372,2,5715.65,0.15
I022075,O13243,P0489,1,16108.48,0.05
I022076,O13243,P0025,1,21151.19,0.05
I022077,O13243,P0148,2,3827.6,0.05
I022078,O13243,P0437,2,9057.77,0.05
I022079,O13244,P0384,2,21014.31,0.0
I022080,O13244,P0439,2,11309.42,0.0
I022081,O13245,P0199,4,13045.06,0.0
I022082,O13246,P0480,1,12036.43,0.15
I022083,O13246,P0039,2,1954.54,0.15
I022084,O13247,P0463,1,7934.67,0.05
I022085,O13248,P0345,1,18312.01,0.05
I022086,O13249,P0296,2,10086.41,0.0
I022087,O13250,P0178,1,9447.65,0.05
I022088,O13251,P0249,2,11650.12,0.15
I022089,O13251,P0038,5,13981.96,0.15
I022090,O13252,P0313,1,15225.55,0.1
I022091,O13253,P0123,1,12283.66,0.05
I022092,O13253,P0317,2,14355.69,0.05
I022093,O13254,P0031,1,10837.07,0.05
I022094,O13255,P0318,1,18336.52,0.05
I022095,O13255,P0300,1,11744.09,0.05
I022096,O13255,P0151,2,8069.27,0.05
I022097,O13256,P0375,1,1937.18,0.3
I022098,O13257,P0282,1,4087.36,0.0
I022099,O13258,P0096,2,7114.07,0.15
I022100,O13259,P0250,1,17490.25,0.2
I022101,O13259,P0468,4,17686.56,0.2
I022102,O13260,P0211,1,12771.97,0.25
I022103,O13260,P0164,1,744.63,0.25
I022104,O13260,P0137,1,2945.06,0.25
I022105,O13260,P0020,5,16894.73,0.25
I022106,O13261,P0257,2,8094.05,0.1
I022107,O13262,P0273,4,1414.88,0.0
I022108,O13262,P0285,2,11518.27,0.0
I022109,O13263,P0128,1,11542.08,0.0
I022110,O13263,P0040,3,10694.19,0.0
I022111,O13264,P0311,1,13470.81,0.1
I022112,O13265,P0413,1,4516.32,0.05
I022113,O13266,P0099,1,11095.32,0.2
I022114,O13267,P0466,3,7584.85,0.1
I022115,O13267,P0480,4,12036.43,0.1
I022116,O13267,P0440,2,10988.87,0.1
I022117,O13268,P0032,3,12721.46,0.2
I022118,O13269,P0008,5,404.42,0.1
I022119,O13270,P0469,5,12828.28,0.05
I022120,O13270,P0027,1,6637.92,0.05
I022121,O13270,P0361,1,8061.24,0.05
I022122,O13271,P0388,1,10509.73,0.05
I022123,O13272,P0088,1,10596.08,0.05
I022124,O13272,P0057,1,14313.59,0.05
I022125,O13273,P0331,2,7610.91,0.0
I022126,O13274,P0441,1,11253.53,0.1
I022127,O13274,P0113,1,1476.37,0.1
I022128,O13275,P0076,2,12082.97,0.05
I022129,O13275,P0457,2,18511.82,0.05
I022130,O13276,P0374,1,20293.37,0.0
I022131,O13276,P0302,1,10139.5,0.0
I022132,O13277,P0346,1,17166.81,0.1
I022133,O13277,P0227,1,1214.17,0.1
I022134,O13278,P0194,3,4785.07,0.1
I022135,O13279,P0061,2,9428.51,0.0
I022136,O13279,P0016,1,4929.52,0.0
I022137,O13279,P0182,1,7028.31,0.0
I022138,O13280,P0357,2,4004.54,0.1
I022139,O13281,P0128,5,11542.08,0.25
I022140,O13281,P0406,1,1199.98,0.25
I022141,O13281,P0321,1,15173.01,0.25
I022142,O13282,P0499,2,2390.13,0.05
I022143,O13283,P0023,4,8677.28,0.3
I022144,O13284,P0259,1,9091.06,0.15
I022145,O13284,P0161,1,4912.94,0.15
I022146,O13285,P0255,1,2178.42,0.0
I022147,O13286,P0401,1,18961.41,0.25
I022148,O13287,P0336,1,5532.6,0.1
I022149,O13287,P0251,1,13718.51,0.1
I022150,O13288,P0429,1,4623.76,0.1
I022151,O13289,P0296,1,10086.41,0.1
I022152,O13290,P0476,1,1078.88,0.05
I022153,O13290,P0160,1,6251.25,0.05
I022154,O13291,P0368,1,19421.03,0.1
I022155,O13291,P0280,1,19260.63,0.1
I022156,O13292,P0173,1,11347.23,0.1
I022157,O13293,P0290,1,5856.65,0.25
I022158,O13293,P0267,2,13380.29,0.25
I022159,O13294,P0037,4,5389.2,0.05
I022160,O13294,P0445,2,5378.95,0.05
I022161,O13294,P0072,1,8074.69,0.05
I022162,O13295,P0486,2,7416.01,0.2
I022163,O13296,P0338,3,9789.99,0.25
I022164,O13296,P0373,1,8955.67,0.25
I022165,O13296,P0271,1,10464.94,0.25
I022166,O13297,P0397,1,18087.88,0.1
I022167,O13298,P0057,3,14313.59,0.05
I022168,O13299,P0061,1,9428.51,0.1
I022169,O13299,P0393,2,1256.74,0.1
I022170,O13299,P0040,1,10694.19,0.1
I022171,O13300,P0363,4,11446.48,0.0
I022172,O13301,P0033,2,2436.78,0.2
I022173,O13301,P0130,2,5669.17,0.2
I022174,O13302,P0327,1,7197.89,0.05
I022175,O13303,P0037,3,5389.2,0.05
I022176,O13304,P0397,2,18087.88,0.15
I022177,O13304,P0171,1,6118.98,0.15
I022178,O13305,P0070,2,3923.76,0.1
I022179,O13306,P0231,1,5606.43,0.1
I022180,O13307,P0268,2,21182.18,0.1
I022181,O13308,P0123,1,12283.66,0.1
I022182,O13309,P0487,2,2276.61,0.05
I022183,O13310,P0062,3,2140.31,0.05
I022184,O13311,P0323,2,19857.8,0.3
I022185,O13311,P0480,4,12036.43,0.3
I022186,O13311,P0081,1,12661.97,0.3
I022187,O13312,P0290,1,5856.65,0.1
I022188,O13313,P0015,2,198.88,0.1
I022189,O13314,P0181,1,6969.81,0.05
I022190,O13314,P0004,1,21658.55,0.05
I022191,O13315,P0017,3,9858.5,0.15
I022192,O13316,P0279,2,820.43,0.0
I022193,O13317,P0080,1,8081.72,0.0
I022194,O13317,P0245,1,14211.09,0.0
I022195,O13318,P0208,3,17414.46,0.25
I022196,O13318,P0317,2,14355.69,0.25
I022197,O13318,P0268,1,21182.18,0.25
I022198,O13319,P0132,2,8762.43,0.1
I022199,O13319,P0264,2,11827.53,0.1
I022200,O13320,P0290,2,5856.65,0.1
I022201,O13320,P0421,1,3134.29,0.1
I022202,O13320,P0154,1,13970.67,0.1
I022203,O13320,P0442,1,12851.94,0.1
I022204,O13321,P0275,1,18205.93,0.1
I022205,O13322,P0294,1,9318.36,0.0
I022206,O13322,P0470,1,16384.1,0.0
I022207,O13323,P0428,3,15197.13,0.15
I022208,O13324,P0318,2,18336.52,0.1
I022209,O13324,P0163,1,16537.01,0.1
I022210,O13324,P0455,3,6841.97,0.1
I022211,O13324,P0264,1,11827.53,0.1
I022212,O13325,P0041,2,11579.02,0.0
I022213,O13326,P0403,2,10949.03,0.1
I022214,O13326,P0251,1,13718.51,0.1
I022215,O13326,P0385,1,9160.1,0.1
I022216,O13327,P0256,3,10413.89,0.05
I022217,O13328,P0046,1,15363.92,0.1
I022218,O13328,P0383,1,5460.56,0.1
I022219,O13329,P0088,1,10596.08,0.15
I022220,O13329,P0262,1,12660.19,0.15
I022221,O13329,P0407,4,775.43,0.15
I022222,O13330,P0407,1,775.43,0.05
I022223,O13331,P0060,1,10597.6,0.0
I022224,O13331,P0307,1,8542.99,0.0
I022225,O13332,P0083,1,7026.05,0.15
I022226,O13332,P0371,3,14987.41,0.15
I022227,O13332,P0188,4,6865.34,0.15
I022228,O13333,P0101,2,13448.78,0.1
I022229,O13333,P0225,1,925.67,0.1
I022230,O13334,P0220,1,4537.91,0.1
I022231,O13334,P0085,4,14574.29,0.1
I022232,O13335,P0004,1,21658.55,0.1
I022233,O13336,P0333,2,16891.72,0.15
I022234,O13337,P0226,1,1989.2,0.05
I022235,O13338,P0076,1,12082.97,0.1
I022236,O13338,P0173,2,11347.23,0.1
I022237,O13339,P0248,1,5481.12,0.05
I022238,O13340,P0064,1,18152.26,0.0
I022239,O13341,P0054,4,22196.9,0.2
I022240,O13342,P0345,1,18312.01,0.0
I022241,O13343,P0082,1,8524.01,0.0
I022242,O13343,P0490,1,17879.27,0.0
I022243,O13344,P0154,1,13970.67,0.05
I022244,O13345,P0308,1,10963.13,0.05
I022245,O13346,P0284,1,9183.48,0.0
I022246,O13347,P0273,2,1414.88,0.15
I022247,O13347,P0226,4,1989.2,0.15
I022248,O13348,P0354,1,749.54,0.0
I022249,O13349,P0472,2,6339.28,0.0
I022250,O13350,P0169,1,5258.15,0.0
I022251,O13350,P0144,1,5083.64,0.0
I022252,O13351,P0142,1,7546.26,0.1
I022253,O13352,P0036,1,22992.46,0.0
I022254,O13353,P0431,3,7800.63,0.1
I022255,O13354,P0368,1,19421.03,0.05
I022256,O13355,P0091,3,5800.05,0.2
I022257,O13355,P0498,2,1038.57,0.2
I022258,O13355,P0473,1,731.76,0.2
I022259,O13356,P0236,5,13763.86,0.05
I022260,O13356,P0423,3,13857.3,0.05
I022261,O13356,P0067,3,18606.26,0.05
I022262,O13357,P0291,1,8891.78,0.1
I022263,O13358,P0204,1,3139.42,0.1
I022264,O13359,P0470,2,16384.1,0.2
I022265,O13360,P0495,1,3120.64,0.05
I022266,O13360,P0391,1,16675.09,0.05
I022267,O13360,P0248,1,5481.12,0.05
I022268,O13361,P0289,3,5068.21,0.1
I022269,O13361,P0021,1,18265.35,0.1
I022270,O13362,P0042,4,18369.63,0.0
I022271,O13362,P0357,1,4004.54,0.0
I022272,O13362,P0495,1,3120.64,0.0
I022273,O13362,P0076,4,12082.97,0.0
I022274,O13363,P0204,1,3139.42,0.15
I022275,O13364,P0388,1,10509.73,0.1
I022276,O13365,P0385,2,9160.1,0.25
I022277,O13365,P0102,3,4552.64,0.25
I022278,O13365,P0464,1,11639.56,0.25
I022279,O13366,P0357,1,4004.54,0.15
I022280,O13367,P0488,2,6474.12,0.1
I022281,O13367,P0040,1,10694.19,0.1
I022282,O13367,P0444,2,4611.38,0.1
I022283,O13368,P0104,1,389.71,0.1
I022284,O13369,P0172,2,13856.39,0.0
I022285,O13369,P0240,3,16345.25,0.0
I022286,O13369,P0287,2,11017.89,0.0
I022287,O13369,P0259,1,9091.06,0.0
I022288,O13370,P0403,1,10949.03,0.2
I022289,O13371,P0405,2,10874.23,0.15
I022290,O13372,P0402,4,5149.65,0.1
I022291,O13373,P0098,1,18024.33,0.05
I022292,O13373,P0476,1,1078.88,0.05
I022293,O13374,P0431,2,7800.63,0.15
I022294,O13375,P0375,2,1937.18,0.1
I022295,O13376,P0224,1,14337.8,0.05
I022296,O13376,P0109,3,7019.11,0.05
I022297,O13377,P0165,1,8775.25,0.05
I022298,O13378,P0141,1,2669.4,0.1
I022299,O13378,P0283,2,10933.03,0.1
I022300,O13378,P0189,1,1077.94,0.1
I022301,O13378,P0166,1,4299.84,0.1
I022302,O13379,P0069,3,6827.67,0.15
I022303,O13380,P0287,1,11017.89,0.0
I022304,O13381,P0102,2,4552.64,0.2
I022305,O13382,P0453,2,2027.99,0.1
I022306,O13383,P0124,1,15514.19,0.05
I022307,O13383,P0077,1,10405.98,0.05
I022308,O13383,P0028,2,2327.59,0.05
I022309,O13384,P0440,1,10988.87,0.1
I022310,O13384,P0091,1,5800.05,0.1
I022311,O13384,P0172,1,13856.39,0.1
I022312,O13385,P0136,1,10051.62,0.2
I022313,O13386,P0487,2,2276.61,0.0
I022314,O13387,P0416,1,14378.26,0.05
I022315,O13388,P0338,2,9789.99,0.1
I022316,O13388,P0010,2,8507.4,0.1
I022317,O13389,P0288,3,16170.77,0.0
I022318,O13390,P0492,1,13278.61,0.0
I022319,O13390,P0486,2,7416.01,0.0
I022320,O13391,P0122,1,20389.93,0.05
I022321,O13391,P0250,1,17490.25,0.05
I022322,O13391,P0209,1,17935.22,0.05
I022323,O13392,P0262,1,12660.19,0.2
I022324,O13392,P0392,2,10129.56,0.2
I022325,O13393,P0288,1,16170.77,0.1
I022326,O13393,P0111,4,4168.73,0.1
I022327,O13394,P0253,1,10206.89,0.1
I022328,O13395,P0071,1,1222.75,0.0
I022329,O13395,P0007,5,20905.26,0.0
I022330,O13396,P0415,3,19105.92,0.05
I022331,O13397,P0178,1,9447.65,0.1
I022332,O13397,P0165,2,8775.25,0.1
I022333,O13398,P0010,1,8507.4,0.2
I022334,O13399,P0028,4,2327.59,0.05
I022335,O13399,P0400,1,7063.54,0.05
I022336,O13400,P0042,2,18369.63,0.0
I022337,O13401,P0066,1,4602.72,0.2
I022338,O13401,P0293,2,5390.99,0.2
I022339,O13402,P0484,2,14051.85,0.05
I022340,O13403,P0295,1,12191.72,0.15
I022341,O13403,P0336,1,5532.6,0.15
I022342,O13403,P0016,1,4929.52,0.15
I022343,O13403,P0299,1,9253.96,0.15
I022344,O13404,P0313,1,15225.55,0.0
I022345,O13405,P0088,2,10596.08,0.15
I022346,O13406,P0095,1,708.58,0.1
I022347,O13407,P0293,1,5390.99,0.25
I022348,O13407,P0326,1,1200.34,0.25
I022349,O13407,P0237,2,13454.07,0.25
I022350,O13407,P0139,1,11137.68,0.25
I022351,O13408,P0181,1,6969.81,0.05
I022352,O13409,P0132,3,8762.43,0.0
I022353,O13409,P0092,3,3959.04,0.0
I022354,O13410,P0086,1,12651.01,0.1
I022355,O13411,P0482,1,16166.73,0.2
I022356,O13412,P0496,1,20624.48,0.05
I022357,O13412,P0337,2,6259.83,0.05
I022358,O13413,P0101,1,13448.78,0.2
I022359,O13414,P0066,2,4602.72,0.05
I022360,O13415,P0008,1,404.42,0.0
I022361,O13415,P0453,1,2027.99,0.0
I022362,O13416,P0191,1,14335.92,0.1
I022363,O13417,P0108,2,11560.22,0.1
I022364,O13418,P0266,2,6946.78,0.2
I022365,O13419,P0198,2,15426.36,0.0
I022366,O13420,P0089,1,21527.82,0.1
I022367,O13420,P0042,3,18369.63,0.1
I022368,O13421,P0455,1,6841.97,0.1
I022369,O13421,P0354,5,749.54,0.1
I022370,O13422,P0159,1,12341.8,0.3
I022371,O13423,P0451,2,18517.71,0.05
I022372,O13424,P0384,4,21014.31,0.0
I022373,O13425,P0400,1,7063.54,0.1
I022374,O13425,P0368,1,19421.03,0.1
I022375,O13425,P0401,1,18961.41,0.1
I022376,O13426,P0403,2,10949.03,0.1
I022377,O13427,P0177,2,5666.47,0.05
I022378,O13427,P0379,2,4596.34,0.05
I022379,O13427,P0316,1,18765.5,0.05
I022380,O13428,P0314,1,5199.64,0.1
I022381,O13429,P0067,1,18606.26,0.05
I022382,O13430,P0057,1,14313.59,0.05
I022383,O13430,P0104,1,389.71,0.05
I022384,O13430,P0035,2,10869.62,0.05
I022385,O13431,P0058,2,10856.44,0.1
I022386,O13431,P0254,3,1468.59,0.1
I022387,O13432,P0373,2,8955.67,0.15
I022388,O13433,P0097,1,16913.36,0.2
I022389,O13434,P0078,1,18121.01,0.15
I022390,O13435,P0148,3,3827.6,0.05
I022391,O13436,P0008,1,404.42,0.15
I022392,O13437,P0164,1,744.63,0.05
I022393,O13437,P0131,1,2329.3,0.05
I022394,O13437,P0170,1,10734.0,0.05
I022395,O13438,P0061,1,9428.51,0.15
I022396,O13439,P0404,2,7190.22,0.1
I022397,O13439,P0259,1,9091.06,0.1
I022398,O13440,P0149,1,18764.92,0.05
I022399,O13441,P0314,1,5199.64,0.15
I022400,O13442,P0085,1,14574.29,0.1
I022401,O13443,P0277,2,14027.28,0.1
I022402,O13444,P0247,1,5866.18,0.15
I022403,O13444,P0415,1,19105.92,0.15
I022404,O13445,P0085,1,14574.29,0.05
I022405,O13446,P0130,3,5669.17,0.3
I022406,O13446,P0395,1,16050.27,0.3
I022407,O13447,P0148,1,3827.6,0.1
I022408,O13447,P0351,1,6684.2,0.1
I022409,O13447,P0375,4,1937.18,0.1
I022410,O13448,P0445,1,5378.95,0.3
I022411,O13449,P0211,4,12771.97,0.05
I022412,O13449,P0312,2,8312.33,0.05
I022413,O13449,P0127,1,12125.3,0.05
I022414,O13450,P0392,4,10129.56,0.0
I022415,O13450,P0232,2,14966.59,0.0
I022416,O13451,P0164,1,744.63,0.1
I022417,O13451,P0468,1,17686.56,0.1
I022418,O13452,P0043,1,230.23,0.1
I022419,O13452,P0209,1,17935.22,0.1
I022420,O13453,P0156,1,17438.42,0.1
I022421,O13454,P0137,2,2945.06,0.3
I022422,O13454,P0268,1,21182.18,0.3
I022423,O13455,P0327,3,7197.89,0.0
I022424,O13456,P0150,3,19657.29,0.1
I022425,O13456,P0215,4,2961.47,0.1
I022426,O13456,P0456,2,5984.52,0.1
I022427,O13456,P0176,2,13983.62,0.1
I022428,O13457,P0407,1,775.43,0.05
I022429,O13457,P0057,4,14313.59,0.05
I022430,O13458,P0200,4,9202.06,0.1
I022431,O13458,P0198,1,15426.36,0.1
I022432,O13459,P0315,2,8767.22,0.25
I022433,O13459,P0126,1,12590.35,0.25
I022434,O13459,P0428,1,15197.13,0.25
I022435,O13459,P0350,1,14181.21,0.25
I022436,O13460,P0260,2,9638.98,0.15
I022437,O13461,P0171,1,6118.98,0.05
I022438,O13461,P0308,1,10963.13,0.05
I022439,O13462,P0458,1,11252.82,0.15
I022440,O13463,P0310,3,6739.9,0.1
I022441,O13464,P0052,1,22717.29,0.1
I022442,O13464,P0176,1,13983.62,0.1
I022443,O13465,P0287,1,11017.89,0.05
I022444,O13466,P0063,1,17989.43,0.1
I022445,O13467,P0386,1,7920.43,0.1
I022446,O13468,P0430,1,14535.8,0.1
I022447,O13469,P0322,1,179.06,0.15
I022448,O13469,P0444,2,4611.38,0.15
I022449,O13470,P0010,1,8507.4,0.25
I022450,O13470,P0232,1,14966.59,0.25
I022451,O13471,P0065,2,11896.67,0.1
I022452,O13472,P0041,1,11579.02,0.1
I022453,O13473,P0256,4,10413.89,0.2
I022454,O13473,P0137,1,2945.06,0.2
I022455,O13473,P0032,1,12721.46,0.2
I022456,O13474,P0467,1,7857.91,0.0
I022457,O13475,P0176,1,13983.62,0.15
I022458,O13476,P0033,3,2436.78,0.05
I022459,O13476,P0184,2,5176.95,0.05
I022460,O13477,P0064,1,18152.26,0.1
I022461,O13477,P0028,1,2327.59,0.1
I022462,O13478,P0300,1,11744.09,0.05
I022463,O13478,P0015,1,198.88,0.05
I022464,O13478,P0115,1,10805.92,0.05
I022465,O13479,P0283,1,10933.03,0.0
I022466,O13479,P0478,4,24448.55,0.0
I022467,O13479,P0328,1,15667.69,0.0
I022468,O13480,P0333,2,16891.72,0.15
I022469,O13481,P0338,1,9789.99,0.2
I022470,O13481,P0241,1,9473.89,0.2
I022471,O13482,P0359,1,17408.84,0.1
I022472,O13483,P0190,1,4813.84,0.05
I022473,O13483,P0181,1,6969.81,0.05
I022474,O13484,P0278,1,4045.44,0.05
I022475,O13485,P0401,2,18961.41,0.0
I022476,O13486,P0433,1,11369.56,0.2
I022477,O13487,P0388,1,10509.73,0.1
I022478,O13488,P0158,1,9904.7,0.25
I022479,O13488,P0041,3,11579.02,0.25
I022480,O13489,P0156,1,17438.42,0.15
I022481,O13490,P0442,2,12851.94,0.15
I022482,O13491,P0233,3,9166.88,0.1
I022483,O13492,P0063,1,17989.43,0.05
I022484,O13493,P0035,1,10869.62,0.05
I022485,O13494,P0386,5,7920.43,0.3
I022486,O13494,P0449,1,3785.19,0.3
I022487,O13495,P0030,1,18850.92,0.05
I022488,O13496,P0213,4,13682.03,0.0
I022489,O13497,P0307,2,8542.99,0.1
I022490,O13498,P0499,3,2390.13,0.1
I022491,O13499,P0080,1,8081.72,0.0
I022492,O13500,P0476,1,1078.88,0.05
I022493,O13500,P0360,1,4434.75,0.05
I022494,O13500,P0150,2,19657.29,0.05
I022495,O13501,P0144,4,5083.64,0.05
I022496,O13501,P0431,4,7800.63,0.05
I022497,O13501,P0226,4,1989.2,0.05
I022498,O13502,P0078,1,18121.01,0.15
I022499,O13503,P0427,2,2376.46,0.1
I022500,O13503,P0094,2,6917.65,0.1
I022501,O13504,P0447,3,13008.01,0.15
I022502,O13505,P0112,3,10276.51,0.0
I022503,O13505,P0258,2,5357.22,0.0
I022504,O13505,P0265,1,16102.0,0.0
I022505,O13505,P0039,2,1954.54,0.0
I022506,O13506,P0355,1,15161.64,0.05
I022507,O13507,P0429,2,4623.76,0.05
I022508,O13508,P0245,1,14211.09,0.1
I022509,O13509,P0211,1,12771.97,0.1
I022510,O13510,P0002,1,685.44,0.05
I022511,O13511,P0353,1,4627.28,0.15
I022512,O13512,P0240,2,16345.25,0.2
I022513,O13513,P0442,1,12851.94,0.15
I022514,O13513,P0274,1,16208.88,0.15
I022515,O13514,P0170,2,10734.0,0.15
I022516,O13514,P0049,1,10387.8,0.15
I022517,O13514,P0301,1,1551.88,0.15
I022518,O13515,P0147,1,5903.16,0.1
I022519,O13516,P0030,1,18850.92,0.05
I022520,O13516,P0399,3,9834.2,0.05
I022521,O13517,P0284,2,9183.48,0.2
I022522,O13518,P0253,2,10206.89,0.1
I022523,O13519,P0304,1,5766.34,0.2
I022524,O13520,P0490,1,17879.27,0.1
I022525,O13521,P0459,1,15147.66,0.1
I022526,O13521,P0294,3,9318.36,0.1
I022527,O13521,P0467,3,7857.91,0.1
I022528,O13522,P0184,3,5176.95,0.0
I022529,O13523,P0159,1,12341.8,0.05
I022530,O13523,P0335,1,3821.2,0.05
I022531,O13524,P0064,3,18152.26,0.05
I022532,O13525,P0185,1,11400.27,0.1
I022533,O13525,P0039,1,1954.54,0.1
I022534,O13526,P0405,4,10874.23,0.1
I022535,O13527,P0406,3,1199.98,0.2
I022536,O13527,P0211,5,12771.97,0.2
I022537,O13528,P0354,1,749.54,0.1
I022538,O13528,P0114,1,2768.84,0.1
I022539,O13529,P0116,2,14318.59,0.2
I022540,O13530,P0168,1,11374.5,0.0
I022541,O13530,P0256,1,10413.89,0.0
I022542,O13531,P0427,1,2376.46,0.1
I022543,O13532,P0218,1,10519.23,0.1
I022544,O13532,P0393,1,1256.74,0.1
I022545,O13532,P0223,2,12111.39,0.1
I022546,O13533,P0198,1,15426.36,0.0
I022547,O13533,P0406,1,1199.98,0.0
I022548,O13533,P0481,2,1854.72,0.0
I022549,O13533,P0269,4,9853.0,0.0
I022550,O13534,P0053,2,11740.23,0.05
I022551,O13534,P0255,1,2178.42,0.05
I022552,O13535,P0062,3,2140.31,0.1
I022553,O13535,P0135,1,13687.78,0.1
I022554,O13536,P0357,1,4004.54,0.1
I022555,O13537,P0448,1,11150.05,0.2
I022556,O13538,P0481,2,1854.72,0.0
I022557,O13539,P0107,2,12811.73,0.05
I022558,O13540,P0261,1,9413.55,0.05
I022559,O13541,P0313,1,15225.55,0.15
I022560,O13541,P0173,1,11347.23,0.15
I022561,O13542,P0455,1,6841.97,0.05
I022562,O13542,P0204,2,3139.42,0.05
I022563,O13542,P0475,2,6070.94,0.05
I022564,O13543,P0419,2,11206.88,0.2
I022565,O13544,P0078,1,18121.01,0.25
I022566,O13545,P0134,4,8950.35,0.0
I022567,O13545,P0307,1,8542.99,0.0
I022568,O13546,P0298,1,14301.55,0.05
I022569,O13546,P0052,4,22717.29,0.05
I022570,O13546,P0397,2,18087.88,0.05
I022571,O13547,P0018,5,8521.23,0.05
I022572,O13548,P0441,1,11253.53,0.2
I022573,O13548,P0170,1,10734.0,0.2
I022574,O13549,P0019,1,7331.38,0.0
I022575,O13549,P0320,1,22881.56,0.0
I022576,O13549,P0231,1,5606.43,0.0
I022577,O13550,P0490,1,17879.27,0.05
I022578,O13551,P0490,4,17879.27,0.15
I022579,O13552,P0107,1,12811.73,0.15
I022580,O13553,P0184,2,5176.95,0.05
I022581,O13553,P0243,2,5300.75,0.05
I022582,O13554,P0321,3,15173.01,0.25
I022583,O13554,P0119,2,14136.98,0.25
I022584,O13554,P0232,1,14966.59,0.25
I022585,O13555,P0382,1,17253.16,0.05
I022586,O13555,P0066,3,4602.72,0.05
I022587,O13555,P0364,1,20513.3,0.05
I022588,O13556,P0292,1,21583.15,0.1
I022589,O13556,P0048,3,881.87,0.1
I022590,O13557,P0315,3,8767.22,0.1
I022591,O13558,P0187,1,6663.59,0.15
I022592,O13559,P0069,1,6827.67,0.05
I022593,O13560,P0029,2,7973.77,0.1
I022594,O13561,P0025,1,21151.19,0.1
I022595,O13562,P0104,1,389.71,0.0
I022596,O13563,P0279,1,820.43,0.15
I022597,O13564,P0379,2,4596.34,0.15
I022598,O13565,P0264,2,11827.53,0.2
I022599,O13565,P0372,2,5715.65,0.2
I022600,O13566,P0419,4,11206.88,0.15
I022601,O13566,P0350,4,14181.21,0.15
I022602,O13567,P0298,1,14301.55,0.1
I022603,O13568,P0445,1,5378.95,0.1
I022604,O13569,P0435,2,11265.94,0.1
I022605,O13570,P0134,1,8950.35,0.0
I022606,O13570,P0030,1,18850.92,0.0
I022607,O13571,P0218,1,10519.23,0.1
I022608,O13571,P0191,1,14335.92,0.1
I022609,O13572,P0145,4,5897.75,0.0
I022610,O13572,P0125,2,8357.18,0.0
I022611,O13573,P0471,1,3362.5,0.1
I022612,O13573,P0077,1,10405.98,0.1
I022613,O13573,P0232,1,14966.59,0.1
I022614,O13574,P0355,1,15161.64,0.0
I022615,O13574,P0459,3,15147.66,0.0
I022616,O13575,P0479,1,2007.3,0.0
I022617,O13576,P0356,2,17911.43,0.15
I022618,O13576,P0399,1,9834.2,0.15
I022619,O13577,P0183,2,208.22,0.15
I022620,O13578,P0202,2,4958.04,0.05
I022621,O13579,P0390,1,2477.97,0.0
I022622,O13580,P0399,1,9834.2,0.25
I022623,O13581,P0178,1,9447.65,0.0
I022624,O13581,P0390,1,2477.97,0.0
I022625,O13582,P0015,2,198.88,0.1
I022626,O13582,P0312,1,8312.33,0.1
I022627,O13582,P0469,1,12828.28,0.1
I022628,O13583,P0398,1,15186.38,0.05
I022629,O13584,P0439,2,11309.42,0.0
I022630,O13585,P0133,1,16221.29,0.1
I022631,O13586,P0212,1,15959.35,0.05
I022632,O13587,P0262,2,12660.19,0.05
I022633,O13588,P0222,2,6948.91,0.1
I022634,O13589,P0130,1,5669.17,0.05
I022635,O13590,P0407,1,775.43,0.1
I022636,O13590,P0237,1,13454.07,0.1
I022637,O13590,P0494,5,9857.51,0.1
I022638,O13591,P0273,1,1414.88,0.05
I022639,O13591,P0034,4,3767.39,0.05
I022640,O13592,P0147,2,5903.16,0.15
I022641,O13592,P0257,2,8094.05,0.15
I022642,O13593,P0217,2,2504.14,0.1
I022643,O13594,P0433,4,11369.56,0.15
I022644,O13595,P0266,1,6946.78,0.05
I022645,O13595,P0248,2,5481.12,0.05
I022646,O13595,P0172,1,13856.39,0.05
I022647,O13596,P0145,3,5897.75,0.25
I022648,O13597,P0295,1,12191.72,0.1
I022649,O13598,P0233,1,9166.88,0.0
I022650,O13599,P0352,1,10103.59,0.25
I022651,O13599,P0112,2,10276.51,0.25
I022652,O13600,P0283,2,10933.03,0.1
I022653,O13601,P0203,2,14797.26,0.15
I022654,O13602,P0238,3,16729.81,0.05
I022655,O13603,P0195,1,18266.79,0.1
I022656,O13604,P0060,1,10597.6,0.15
I022657,O13605,P0151,1,8069.27,0.2
I022658,O13606,P0403,2,10949.03,0.25
I022659,O13607,P0223,2,12111.39,0.3
I022660,O13608,P0119,1,14136.98,0.1
I022661,O13608,P0038,1,13981.96,0.1
I022662,O13608,P0171,1,6118.98,0.1
I022663,O13608,P0436,2,9847.38,0.1
I022664,O13609,P0297,4,14103.76,0.0
I022665,O13610,P0120,2,15630.4,0.1
I022666,O13610,P0048,1,881.87,0.1
I022667,O13611,P0294,1,9318.36,0.05
I022668,O13612,P0364,1,20513.3,0.1
I022669,O13612,P0223,1,12111.39,0.1
I022670,O13613,P0336,1,5532.6,0.05
I022671,O13614,P0349,1,17040.15,0.1
I022672,O13615,P0428,2,15197.13,0.15
I022673,O13616,P0008,2,404.42,0.2
I022674,O13616,P0030,1,18850.92,0.2
I022675,O13617,P0472,2,6339.28,0.15
I022676,O13617,P0046,2,15363.92,0.15
I022677,O13618,P0459,2,15147.66,0.0
I022678,O13619,P0353,2,4627.28,0.0
I022679,O13619,P0422,1,6180.37,0.0
I022680,O13620,P0334,1,5599.91,0.2
I022681,O13620,P0353,1,4627.28,0.2
I022682,O13620,P0455,4,6841.97,0.2
I022683,O13621,P0218,2,10519.23,0.15
I022684,O13621,P0300,1,11744.09,0.15
I022685,O13622,P0478,1,24448.55,0.0
I022686,O13622,P0225,2,925.67,0.0
I022687,O13623,P0149,1,18764.92,0.1
I022688,O13623,P0309,1,879.52,0.1
I022689,O13624,P0414,1,3244.46,0.1
I022690,O13624,P0002,1,685.44,0.1
I022691,O13625,P0264,1,11827.53,0.15
I022692,O13625,P0373,2,8955.67,0.15
I022693,O13625,P0416,1,14378.26,0.15
I022694,O13626,P0385,4,9160.1,0.15
I022695,O13627,P0271,4,10464.94,0.15
I022696,O13627,P0331,3,7610.91,0.15
I022697,O13627,P0125,2,8357.18,0.15
I022698,O13628,P0358,1,17680.82,0.15
I022699,O13628,P0476,1,1078.88,0.15
I022700,O13629,P0360,2,4434.75,0.15
I022701,O13630,P0010,1,8507.4,0.0
I022702,O13631,P0315,1,8767.22,0.15
I022703,O13631,P0262,2,12660.19,0.15
I022704,O13631,P0302,2,10139.5,0.15
I022705,O13632,P0204,1,3139.42,0.1
I022706,O13633,P0212,1,15959.35,0.25
I022707,O13633,P0196,2,3827.41,0.25
I022708,O13633,P0439,1,11309.42,0.25
I022709,O13633,P0008,3,404.42,0.25
I022710,O13634,P0476,1,1078.88,0.15
I022711,O13634,P0347,2,207.7,0.15
I022712,O13635,P0128,1,11542.08,0.05
I022713,O13636,P0208,1,17414.46,0.2
I022714,O13637,P0043,2,230.23,0.05
I022715,O13637,P0023,2,8677.28,0.05
I022716,O13638,P0496,1,20624.48,0.1
I022717,O13639,P0145,2,5897.75,0.0
I022718,O13640,P0071,2,1222.75,0.1
I022719,O13641,P0253,1,10206.89,0.1
I022720,O13642,P0465,1,7131.53,0.1
I022721,O13643,P0489,4,16108.48,0.05
I022722,O13644,P0137,3,2945.06,0.1
I022723,O13644,P0368,1,19421.03,0.1
I022724,O13645,P0045,3,5553.07,0.1
I022725,O13645,P0467,1,7857.91,0.1
I022726,O13646,P0190,3,4813.84,0.0
I022727,O13647,P0108,2,11560.22,0.0
I022728,O13647,P0116,2,14318.59,0.0
I022729,O13648,P0129,2,15750.63,0.2
I022730,O13648,P0268,3,21182.18,0.2
I022731,O13649,P0017,2,9858.5,0.15
I022732,O13650,P0423,5,13857.3,0.0
I022733,O13650,P0466,2,7584.85,0.0
I022734,O13651,P0490,1,17879.27,0.25
I022735,O13652,P0433,1,11369.56,0.1
I022736,O13652,P0381,2,1646.42,0.1
I022737,O13653,P0475,3,6070.94,0.15
I022738,O13654,P0158,2,9904.7,0.1
I022739,O13654,P0401,1,18961.41,0.1
I022740,O13655,P0469,1,12828.28,0.15
I022741,O13655,P0303,1,15132.39,0.15
I022742,O13655,P0373,2,8955.67,0.15
I022743,O13656,P0305,3,5268.03,0.15
I022744,O13657,P0384,5,21014.31,0.0
I022745,O13658,P0457,1,18511.82,0.2
I022746,O13658,P0469,1,12828.28,0.2
I022747,O13659,P0010,1,8507.4,0.15
I022748,O13660,P0225,1,925.67,0.05
I022749,O13660,P0442,1,12851.94,0.05
I022750,O13660,P0121,1,5223.81,0.05
I022751,O13660,P0307,1,8542.99,0.05
I022752,O13661,P0287,1,11017.89,0.05
I022753,O13661,P0434,2,15961.32,0.05
I022754,O13662,P0329,1,6837.04,0.15
I022755,O13663,P0037,1,5389.2,0.15
I022756,O13663,P0114,1,2768.84,0.15
I022757,O13664,P0467,1,7857.91,0.0
I022758,O13664,P0280,3,19260.63,0.0
I022759,O13664,P0403,3,10949.03,0.0
I022760,O13665,P0438,1,9736.72,0.2
I022761,O13665,P0270,2,15544.12,0.2
I022762,O13665,P0266,1,6946.78,0.2
I022763,O13666,P0195,2,18266.79,0.15
I022764,O13666,P0257,1,8094.05,0.15
I022765,O13666,P0345,3,18312.01,0.15
I022766,O13667,P0200,1,9202.06,0.3
I022767,O13668,P0195,2,18266.79,0.1
I022768,O13669,P0263,2,12622.11,0.0
I022769,O13669,P0417,1,7877.14,0.0
I022770,O13669,P0348,1,19194.75,0.0
I022771,O13670,P0034,1,3767.39,0.2
I022772,O13670,P0327,2,7197.89,0.2
I022773,O13671,P0318,4,18336.52,0.15
I022774,O13671,P0409,2,8257.04,0.15
I022775,O13671,P0144,1,5083.64,0.15
I022776,O13672,P0412,4,14362.31,0.0
I022777,O13673,P0406,1,1199.98,0.1
I022778,O13673,P0106,1,5470.36,0.1
I022779,O13674,P0488,1,6474.12,0.0
I022780,O13675,P0409,1,8257.04,0.05
I022781,O13675,P0345,1,18312.01,0.05
I022782,O13676,P0412,1,14362.31,0.2
I022783,O13676,P0475,2,6070.94,0.2
I022784,O13677,P0127,1,12125.3,0.15
I022785,O13677,P0221,1,9748.25,0.15
I022786,O13678,P0300,5,11744.09,0.2
I022787,O13679,P0154,1,13970.67,0.1
I022788,O13679,P0192,1,13132.41,0.1
I022789,O13679,P0200,1,9202.06,0.1
I022790,O13679,P0122,1,20389.93,0.1
I022791,O13680,P0199,2,13045.06,0.15
I022792,O13681,P0076,1,12082.97,0.1
I022793,O13681,P0125,1,8357.18,0.1
I022794,O13682,P0140,1,23423.37,0.1
I022795,O13683,P0055,1,18288.33,0.1
I022796,O13684,P0229,1,971.19,0.0
I022797,O13685,P0263,1,12622.11,0.1
I022798,O13685,P0323,1,19857.8,0.1
I022799,O13686,P0472,1,6339.28,0.2
I022800,O13687,P0257,1,8094.05,0.0
I022801,O13687,P0441,1,11253.53,0.0
I022802,O13688,P0328,3,15667.69,0.05
I022803,O13689,P0419,1,11206.88,0.25
I022804,O13690,P0397,1,18087.88,0.05
I022805,O13691,P0411,4,9751.96,0.2
I022806,O13692,P0020,4,16894.73,0.1
I022807,O13692,P0072,1,8074.69,0.1
I022808,O13693,P0073,1,14367.83,0.2
I022809,O13693,P0439,1,11309.42,0.2
I022810,O13693,P0126,1,12590.35,0.2
I022811,O13694,P0494,1,9857.51,0.0
I022812,O13694,P0213,1,13682.03,0.0
I022813,O13694,P0410,1,8140.59,0.0
I022814,O13695,P0212,1,15959.35,0.15
I022815,O13696,P0314,1,5199.64,0.0
I022816,O13696,P0174,1,14241.6,0.0
I022817,O13696,P0295,1,12191.72,0.0
I022818,O13696,P0004,2,21658.55,0.0
I022819,O13697,P0263,2,12622.11,0.05
I022820,O13697,P0192,3,13132.41,0.05
I022821,O13698,P0273,1,1414.88,0.05
I022822,O13699,P0242,2,12806.32,0.1
I022823,O13699,P0203,1,14797.26,0.1
I022824,O13699,P0393,1,1256.74,0.1
I022825,O13700,P0375,1,1937.18,0.15
I022826,O13701,P0371,2,14987.41,0.05
I022827,O13702,P0282,4,4087.36,0.2
I022828,O13702,P0392,2,10129.56,0.2
I022829,O13702,P0299,1,9253.96,0.2
I022830,O13703,P0455,1,6841.97,0.1
I022831,O13703,P0044,2,4750.75,0.1
I022832,O13703,P0328,3,15667.69,0.1
I022833,O13704,P0205,2,15563.05,0.15
I022834,O13705,P0041,1,11579.02,0.15
I022835,O13705,P0101,2,13448.78,0.15
I022836,O13706,P0039,3,1954.54,0.0
I022837,O13707,P0499,5,2390.13,0.15
I022838,O13707,P0486,1,7416.01,0.15
I022839,O13708,P0343,4,21720.15,0.2
I022840,O13708,P0119,4,14136.98,0.2
I022841,O13708,P0261,1,9413.55,0.2
I022842,O13709,P0399,1,9834.2,0.0
I022843,O13710,P0206,1,13942.45,0.0
I022844,O13710,P0154,1,13970.67,0.0
I022845,O13711,P0003,2,14157.19,0.1
I022846,O13711,P0166,1,4299.84,0.1
I022847,O13711,P0305,2,5268.03,0.1
I022848,O13712,P0079,1,16242.79,0.0
I022849,O13712,P0067,4,18606.26,0.0
I022850,O13713,P0115,1,10805.92,0.05
I022851,O13713,P0104,1,389.71,0.05
I022852,O13714,P0006,1,12139.02,0.2
I022853,O13715,P0225,1,925.67,0.0
I022854,O13715,P0208,2,17414.46,0.0
I022855,O13716,P0132,2,8762.43,0.0
I022856,O13717,P0219,3,1340.09,0.0
I022857,O13718,P0225,1,925.67,0.1
I022858,O13718,P0158,2,9904.7,0.1
I022859,O13719,P0019,1,7331.38,0.05
I022860,O13719,P0355,1,15161.64,0.05
I022861,O13720,P0391,1,16675.09,0.15
I022862,O13720,P0201,3,18090.68,0.15
I022863,O13721,P0135,1,13687.78,0.1
I022864,O13721,P0304,3,5766.34,0.1
I022865,O13721,P0036,1,22992.46,0.1
I022866,O13722,P0281,4,8647.87,0.15
I022867,O13723,P0114,2,2768.84,0.05
I022868,O13724,P0097,2,16913.36,0.1
I022869,O13724,P0226,1,1989.2,0.1
I022870,O13724,P0044,1,4750.75,0.1
I022871,O13725,P0166,2,4299.84,0.05
I022872,O13725,P0314,2,5199.64,0.05
I022873,O13726,P0486,1,7416.01,0.1
I022874,O13727,P0020,1,16894.73,0.15
I022875,O13728,P0417,1,7877.14,0.1
I022876,O13728,P0145,3,5897.75,0.1
I022877,O13728,P0246,1,3212.48,0.1
I022878,O13729,P0197,1,5628.38,0.0
I022879,O13730,P0314,4,5199.64,0.05
I022880,O13730,P0316,5,18765.5,0.05
I022881,O13730,P0309,2,879.52,0.05
I022882,O13731,P0291,2,8891.78,0.2
I022883,O13731,P0280,1,19260.63,0.2
I022884,O13732,P0027,2,6637.92,0.2
I022885,O13733,P0035,3,10869.62,0.2
I022886,O13733,P0484,1,14051.85,0.2
I022887,O13734,P0097,1,16913.36,0.05
I022888,O13735,P0139,1,11137.68,0.0
I022889,O13736,P0488,1,6474.12,0.15
I022890,O13736,P0276,1,15791.95,0.15
I022891,O13737,P0023,4,8677.28,0.15
I022892,O13738,P0276,2,15791.95,0.1
I022893,O13739,P0352,2,10103.59,0.15
I022894,O13739,P0166,1,4299.84,0.15
I022895,O13740,P0451,2,18517.71,0.25
I022896,O13741,P0498,1,1038.57,0.0
I022897,O13742,P0355,2,15161.64,0.0
I022898,O13743,P0135,1,13687.78,0.1
I022899,O13744,P0474,3,2142.32,0.15
I022900,O13745,P0257,1,8094.05,0.1
I022901,O13746,P0308,1,10963.13,0.05
I022902,O13747,P0416,1,14378.26,0.1
I022903,O13747,P0202,1,4958.04,0.1
I022904,O13748,P0197,1,5628.38,0.1
I022905,O13748,P0007,1,20905.26,0.1
I022906,O13749,P0262,1,12660.19,0.0
I022907,O13750,P0258,1,5357.22,0.1
I022908,O13751,P0204,1,3139.42,0.1
I022909,O13752,P0289,1,5068.21,0.2
I022910,O13753,P0356,1,17911.43,0.15
I022911,O13754,P0314,2,5199.64,0.1
I022912,O13755,P0253,1,10206.89,0.2
I022913,O13756,P0074,1,20503.04,0.15
I022914,O13757,P0150,2,19657.29,0.05
I022915,O13758,P0137,1,2945.06,0.1
I022916,O13759,P0428,2,15197.13,0.15
I022917,O13760,P0110,1,239.19,0.2
I022918,O13760,P0063,1,17989.43,0.2
I022919,O13761,P0410,1,8140.59,0.05
I022920,O13761,P0219,1,1340.09,0.05
I022921,O13762,P0422,1,6180.37,0.15
I022922,O13762,P0188,1,6865.34,0.15
I022923,O13762,P0292,5,21583.15,0.15
I022924,O13763,P0162,2,11199.84,0.15
I022925,O13763,P0402,1,5149.65,0.15
I022926,O13764,P0373,2,8955.67,0.0
I022927,O13765,P0415,1,19105.92,0.0
I022928,O13766,P0179,2,12189.37,0.1
I022929,O13767,P0469,1,12828.28,0.1
I022930,O13768,P0080,5,8081.72,0.0
I022931,O13769,P0172,1,13856.39,0.0
I022932,O13770,P0199,1,13045.06,0.2
I022933,O13770,P0453,2,2027.99,0.2
I022934,O13770,P0268,3,21182.18,0.2
I022935,O13771,P0281,1,8647.87,0.05
I022936,O13772,P0433,2,11369.56,0.05
I022937,O13773,P0231,2,5606.43,0.1
I022938,O13774,P0088,2,10596.08,0.0
I022939,O13775,P0473,1,731.76,0.0
I022940,O13775,P0385,1,9160.1,0.0
I022941,O13776,P0149,2,18764.92,0.1
I022942,O13776,P0171,1,6118.98,0.1
I022943,O13777,P0172,1,13856.39,0.15
I022944,O13778,P0151,1,8069.27,0.2
I022945,O13778,P0327,1,7197.89,0.2
I022946,O13779,P0373,1,8955.67,0.2
I022947,O13779,P0471,1,3362.5,0.2
I022948,O13779,P0062,3,2140.31,0.2
I022949,O13780,P0107,2,12811.73,0.1
I022950,O13781,P0354,1,749.54,0.05
I022951,O13782,P0082,1,8524.01,0.1
I022952,O13783,P0449,2,3785.19,0.1
I022953,O13784,P0198,5,15426.36,0.05
I022954,O13784,P0276,3,15791.95,0.05
I022955,O13784,P0388,1,10509.73,0.05
I022956,O13785,P0266,1,6946.78,0.15
I022957,O13786,P0380,1,1803.38,0.0
I022958,O13787,P0202,1,4958.04,0.05
I022959,O13787,P0490,1,17879.27,0.05
I022960,O13787,P0197,1,5628.38,0.05
I022961,O13788,P0351,1,6684.2,0.25
I022962,O13789,P0295,5,12191.72,0.1
I022963,O13790,P0333,1,16891.72,0.0
I022964,O13790,P0339,2,8938.6,0.0
I022965,O13791,P0348,1,19194.75,0.15
I022966,O13791,P0195,4,18266.79,0.15
I022967,O13792,P0447,3,13008.01,0.05
I022968,O13792,P0043,1,230.23,0.05
I022969,O13793,P0308,2,10963.13,0.0
I022970,O13794,P0377,1,7254.24,0.2
I022971,O13794,P0429,1,4623.76,0.2
I022972,O13795,P0119,1,14136.98,0.1
I022973,O13795,P0127,2,12125.3,0.1
I022974,O13796,P0145,2,5897.75,0.15
I022975,O13796,P0403,1,10949.03,0.15
I022976,O13796,P0196,2,3827.41,0.15
I022977,O13797,P0156,4,17438.42,0.2
I022978,O13798,P0276,2,15791.95,0.1
I022979,O13799,P0358,2,17680.82,0.0
I022980,O13800,P0316,1,18765.5,0.05
I022981,O13801,P0232,2,14966.59,0.05
I022982,O13802,P0049,3,10387.8,0.1
I022983,O13803,P0078,1,18121.01,0.1
I022984,O13803,P0046,1,15363.92,0.1
I022985,O13803,P0355,2,15161.64,0.1
I022986,O13804,P0492,3,13278.61,0.1
I022987,O13804,P0116,2,14318.59,0.1
I022988,O13804,P0460,1,1760.09,0.1
I022989,O13805,P0225,2,925.67,0.15
I022990,O13806,P0267,1,13380.29,0.0
I022991,O13807,P0266,1,6946.78,0.0
I022992,O13808,P0297,1,14103.76,0.2
I022993,O13808,P0480,3,12036.43,0.2
I022994,O13809,P0403,1,10949.03,0.2
I022995,O13809,P0147,5,5903.16,0.2
I022996,O13810,P0067,2,18606.26,0.25
I022997,O13810,P0443,1,3024.24,0.25
I022998,O13811,P0346,2,17166.81,0.05
I022999,O13811,P0457,2,18511.82,0.05
I023000,O13811,P0184,1,5176.95,0.05
I023001,O13812,P0374,5,20293.37,0.05
I023002,O13812,P0033,4,2436.78,0.05
I023003,O13812,P0404,2,7190.22,0.05
I023004,O13813,P0121,1,5223.81,0.0
I023005,O13813,P0479,2,2007.3,0.0
I023006,O13813,P0212,1,15959.35,0.0
I023007,O13813,P0437,1,9057.77,0.0
I023008,O13814,P0412,2,14362.31,0.1
I023009,O13815,P0466,1,7584.85,0.15
I023010,O13815,P0462,1,8013.86,0.15
I023011,O13815,P0119,4,14136.98,0.15
I023012,O13816,P0114,3,2768.84,0.1
I023013,O13816,P0207,1,9618.99,0.1
I023014,O13817,P0227,1,1214.17,0.1
I023015,O13818,P0089,1,21527.82,0.15
I023016,O13818,P0048,3,881.87,0.15
I023017,O13819,P0181,1,6969.81,0.0
I023018,O13820,P0003,2,14157.19,0.15
I023019,O13821,P0471,2,3362.5,0.2
I023020,O13822,P0389,1,10740.24,0.1
I023021,O13822,P0138,2,9332.54,0.1
I023022,O13823,P0070,1,3923.76,0.15
I023023,O13824,P0177,1,5666.47,0.1
I023024,O13824,P0129,1,15750.63,0.1
I023025,O13825,P0323,1,19857.8,0.2
I023026,O13825,P0295,2,12191.72,0.2
I023027,O13825,P0251,4,13718.51,0.2
I023028,O13826,P0017,2,9858.5,0.05
I023029,O13826,P0203,1,14797.26,0.05
I023030,O13827,P0049,1,10387.8,0.2
I023031,O13827,P0468,1,17686.56,0.2
I023032,O13827,P0175,1,8354.48,0.2
I023033,O13828,P0220,1,4537.91,0.05
I023034,O13829,P0022,2,16227.09,0.0
I023035,O13829,P0449,4,3785.19,0.0
I023036,O13829,P0325,2,883.29,0.0
I023037,O13830,P0333,2,16891.72,0.0
I023038,O13830,P0081,1,12661.97,0.0
I023039,O13830,P0176,1,13983.62,0.0
I023040,O13830,P0419,2,11206.88,0.0
I023041,O13831,P0039,1,1954.54,0.0
I023042,O13832,P0403,1,10949.03,0.1
I023043,O13833,P0017,1,9858.5,0.1
I023044,O13834,P0381,1,1646.42,0.1
I023045,O13835,P0032,1,12721.46,0.1
I023046,O13835,P0297,1,14103.76,0.1
I023047,O13836,P0093,5,11807.43,0.05
I023048,O13837,P0302,2,10139.5,0.2
I023049,O13837,P0388,4,10509.73,0.2
I023050,O13838,P0019,1,7331.38,0.05
I023051,O13838,P0148,1,3827.6,0.05
I023052,O13839,P0228,2,7442.22,0.2
I023053,O13840,P0274,5,16208.88,0.15
I023054,O13840,P0130,2,5669.17,0.15
I023055,O13841,P0350,1,14181.21,0.05
I023056,O13841,P0459,1,15147.66,0.05
I023057,O13842,P0093,2,11807.43,0.1
I023058,O13842,P0232,1,14966.59,0.1
I023059,O13843,P0388,2,10509.73,0.15
I023060,O13844,P0180,1,5738.9,0.3
I023061,O13845,P0323,5,19857.8,0.05
I023062,O13846,P0261,1,9413.55,0.15
I023063,O13847,P0183,2,208.22,0.0
I023064,O13847,P0341,1,9492.87,0.0
I023065,O13847,P0228,2,7442.22,0.0
I023066,O13847,P0030,4,18850.92,0.0
I023067,O13848,P0309,1,879.52,0.0
I023068,O13848,P0213,1,13682.03,0.0
I023069,O13849,P0071,1,1222.75,0.1
I023070,O13850,P0262,2,12660.19,0.0
I023071,O13850,P0085,1,14574.29,0.0
I023072,O13851,P0484,1,14051.85,0.2
I023073,O13851,P0128,2,11542.08,0.2
I023074,O13851,P0085,1,14574.29,0.2
I023075,O13852,P0430,1,14535.8,0.05
I023076,O13853,P0441,1,11253.53,0.05
I023077,O13854,P0305,1,5268.03,0.05
I023078,O13854,P0286,2,8678.82,0.05
I023079,O13854,P0237,1,13454.07,0.05
I023080,O13855,P0181,1,6969.81,0.05
I023081,O13856,P0087,1,5413.54,0.0
I023082,O13856,P0409,2,8257.04,0.0
I023083,O13857,P0283,4,10933.03,0.1
I023084,O13858,P0353,1,4627.28,0.05
I023085,O13858,P0122,3,20389.93,0.05
I023086,O13858,P0445,3,5378.95,0.05
I023087,O13858,P0134,1,8950.35,0.05
I023088,O13859,P0155,2,16173.54,0.05
I023089,O13860,P0361,1,8061.24,0.05
I023090,O13860,P0297,1,14103.76,0.05
I023091,O13860,P0405,2,10874.23,0.05
I023092,O13860,P0087,2,5413.54,0.05
I023093,O13861,P0326,1,1200.34,0.05
I023094,O13862,P0106,2,5470.36,0.2
I023095,O13863,P0154,2,13970.67,0.1
I023096,O13864,P0294,4,9318.36,0.1
I023097,O13865,P0193,4,3841.48,0.15
I023098,O13865,P0500,1,14456.78,0.15
I023099,O13865,P0308,1,10963.13,0.15
I023100,O13865,P0322,2,179.06,0.15
I023101,O13866,P0101,3,13448.78,0.05
I023102,O13866,P0273,1,1414.88,0.05
I023103,O13866,P0310,1,6739.9,0.05
I023104,O13866,P0435,2,11265.94,0.05
I023105,O13867,P0056,1,5412.25,0.15
I023106,O13868,P0110,2,239.19,0.05
I023107,O13869,P0011,1,6896.23,0.15
I023108,O13870,P0076,1,12082.97,0.0
I023109,O13871,P0389,3,10740.24,0.15
I023110,O13871,P0369,1,2936.18,0.15
I023111,O13872,P0297,1,14103.76,0.1
I023112,O13872,P0045,1,5553.07,0.1
I023113,O13872,P0166,1,4299.84,0.1
I023114,O13873,P0314,2,5199.64,0.0
I023115,O13873,P0424,3,1099.43,0.0
I023116,O13874,P0249,2,11650.12,0.1
I023117,O13875,P0031,3,10837.07,0.15
I023118,O13875,P0134,1,8950.35,0.15
I023119,O13876,P0011,1,6896.23,0.05
I023120,O13876,P0094,1,6917.65,0.05
I023121,O13876,P0092,2,3959.04,0.05
I023122,O13877,P0188,3,6865.34,0.25
I023123,O13877,P0401,3,18961.41,0.25
I023124,O13878,P0080,4,8081.72,0.05
I023125,O13879,P0231,2,5606.43,0.05
I023126,O13880,P0482,1,16166.73,0.15
I023127,O13880,P0271,2,10464.94,0.15
I023128,O13881,P0046,1,15363.92,0.05
I023129,O13881,P0239,1,10044.2,0.05
I023130,O13881,P0291,1,8891.78,0.05
I023131,O13882,P0295,2,12191.72,0.25
I023132,O13882,P0047,1,3795.44,0.25
I023133,O13882,P0270,3,15544.12,0.25
I023134,O13883,P0494,1,9857.51,0.1
I023135,O13883,P0211,1,12771.97,0.1
I023136,O13884,P0419,1,11206.88,0.15
I023137,O13885,P0259,1,9091.06,0.0
I023138,O13886,P0091,4,5800.05,0.2
I023139,O13886,P0353,4,4627.28,0.2
I023140,O13887,P0372,2,5715.65,0.1
I023141,O13887,P0377,1,7254.24,0.1
I023142,O13888,P0318,1,18336.52,0.15
I023143,O13888,P0454,1,13398.41,0.15
I023144,O13888,P0149,1,18764.92,0.15
I023145,O13889,P0485,2,1818.67,0.0
I023146,O13889,P0007,1,20905.26,0.0
I023147,O13890,P0137,1,2945.06,0.1
I023148,O13890,P0155,2,16173.54,0.1
I023149,O13890,P0020,1,16894.73,0.1
I023150,O13890,P0173,2,11347.23,0.1
I023151,O13891,P0112,1,10276.51,0.15
I023152,O13892,P0082,3,8524.01,0.1
I023153,O13892,P0333,2,16891.72,0.1
I023154,O13892,P0384,5,21014.31,0.1
I023155,O13893,P0440,1,10988.87,0.2
I023156,O13893,P0175,1,8354.48,0.2
I023157,O13893,P0210,1,3425.1,0.2
I023158,O13893,P0151,4,8069.27,0.2
I023159,O13894,P0130,1,5669.17,0.25
I023160,O13894,P0157,1,1053.8,0.25
I023161,O13894,P0057,1,14313.59,0.25
I023162,O13895,P0275,2,18205.93,0.05
I023163,O13896,P0110,1,239.19,0.0
I023164,O13896,P0147,1,5903.16,0.0
I023165,O13896,P0027,5,6637.92,0.0
I023166,O13897,P0290,2,5856.65,0.15
I023167,O13897,P0162,1,11199.84,0.15
I023168,O13898,P0027,2,6637.92,0.1
I023169,O13899,P0023,3,8677.28,0.0
I023170,O13900,P0036,2,22992.46,0.0
I023171,O13901,P0257,2,8094.05,0.05
I023172,O13902,P0144,1,5083.64,0.0
I023173,O13903,P0433,3,11369.56,0.1
I023174,O13903,P0028,2,2327.59,0.1
I023175,O13904,P0195,1,18266.79,0.05
I023176,O13904,P0268,1,21182.18,0.05
I023177,O13905,P0441,1,11253.53,0.0
I023178,O13905,P0286,1,8678.82,0.0
I023179,O13905,P0445,2,5378.95,0.0
I023180,O13906,P0479,3,2007.3,0.05
I023181,O13906,P0253,3,10206.89,0.05
I023182,O13907,P0183,2,208.22,0.15
I023183,O13907,P0440,2,10988.87,0.15
I023184,O13908,P0114,2,2768.84,0.15
I023185,O13908,P0242,1,12806.32,0.15
I023186,O13909,P0371,3,14987.41,0.0
I023187,O13910,P0352,3,10103.59,0.0
I023188,O13910,P0140,2,23423.37,0.0
I023189,O13911,P0132,1,8762.43,0.3
I023190,O13912,P0009,1,10894.67,0.1
I023191,O13913,P0043,1,230.23,0.15
I023192,O13914,P0227,1,1214.17,0.05
I023193,O13915,P0444,1,4611.38,0.1
I023194,O13915,P0065,1,11896.67,0.1
I023195,O13915,P0488,2,6474.12,0.1
I023196,O13916,P0427,1,2376.46,0.1
I023197,O13917,P0348,5,19194.75,0.05
I023198,O13918,P0281,1,8647.87,0.15
I023199,O13918,P0445,3,5378.95,0.15
I023200,O13919,P0219,1,1340.09,0.1
I023201,O13920,P0153,2,6065.86,0.25
I023202,O13920,P0471,1,3362.5,0.25
I023203,O13921,P0068,1,658.18,0.0
I023204,O13922,P0138,1,9332.54,0.2
I023205,O13923,P0169,1,5258.15,0.25
I023206,O13923,P0177,4,5666.47,0.25
I023207,O13923,P0315,1,8767.22,0.25
I023208,O13924,P0319,2,17097.24,0.0
I023209,O13925,P0170,1,10734.0,0.05
I023210,O13925,P0406,1,1199.98,0.05
I023211,O13925,P0278,3,4045.44,0.05
I023212,O13926,P0043,1,230.23,0.0
I023213,O13927,P0052,4,22717.29,0.05
I023214,O13928,P0058,1,10856.44,0.1
I023215,O13928,P0094,3,6917.65,0.1
I023216,O13929,P0415,1,19105.92,0.05
I023217,O13930,P0360,3,4434.75,0.2
I023218,O13930,P0090,1,19317.51,0.2
I023219,O13931,P0314,2,5199.64,0.2
I023220,O13931,P0479,2,2007.3,0.2
I023221,O13932,P0140,1,23423.37,0.0
I023222,O13932,P0058,2,10856.44,0.0
I023223,O13932,P0003,1,14157.19,0.0
I023224,O13932,P0115,1,10805.92,0.0
I023225,O13933,P0462,2,8013.86,0.1
I023226,O13934,P0389,1,10740.24,0.0
I023227,O13934,P0322,3,179.06,0.0
I023228,O13934,P0162,1,11199.84,0.0
I023229,O13935,P0470,2,16384.1,0.1
I023230,O13935,P0301,1,1551.88,0.1
I023231,O13936,P0107,1,12811.73,0.05
I023232,O13937,P0475,1,6070.94,0.2
I023233,O13937,P0494,3,9857.51,0.2
I023234,O13938,P0116,1,14318.59,0.2
I023235,O13938,P0203,1,14797.26,0.2
I023236,O13939,P0052,1,22717.29,0.1
I023237,O13939,P0140,2,23423.37,0.1
I023238,O13939,P0495,2,3120.64,0.1
I023239,O13939,P0131,1,2329.3,0.1
I023240,O13940,P0226,3,1989.2,0.25
I023241,O13941,P0096,2,7114.07,0.2
I023242,O13941,P0051,3,13023.34,0.2
I023243,O13942,P0485,4,1818.67,0.0
I023244,O13942,P0385,3,9160.1,0.0
I023245,O13943,P0076,1,12082.97,0.05
I023246,O13943,P0141,1,2669.4,0.05
I023247,O13944,P0237,2,13454.07,0.05
I023248,O13944,P0482,1,16166.73,0.05
I023249,O13945,P0115,1,10805.92,0.05
I023250,O13946,P0244,2,6694.24,0.15
I023251,O13946,P0206,2,13942.45,0.15
I023252,O13947,P0259,2,9091.06,0.05
I023253,O13948,P0374,3,20293.37,0.05
I023254,O13949,P0445,2,5378.95,0.0
I023255,O13949,P0054,2,22196.9,0.0
I023256,O13949,P0382,1,17253.16,0.0
I023257,O13950,P0157,2,1053.8,0.1
I023258,O13950,P0344,1,5745.03,0.1
I023259,O13950,P0135,3,13687.78,0.1
I023260,O13951,P0273,1,1414.88,0.0
I023261,O13951,P0337,4,6259.83,0.0
I023262,O13952,P0180,3,5738.9,0.2
I023263,O13953,P0381,1,1646.42,0.15
I023264,O13953,P0211,2,12771.97,0.15
I023265,O13954,P0426,3,17258.9,0.05
I023266,O13955,P0274,1,16208.88,0.0
I023267,O13955,P0361,1,8061.24,0.0
I023268,O13956,P0303,2,15132.39,0.0
I023269,O13957,P0339,2,8938.6,0.05
I023270,O13958,P0053,1,11740.23,0.1
I023271,O13959,P0246,1,3212.48,0.15
I023272,O13959,P0340,3,6540.28,0.15
I023273,O13959,P0465,2,7131.53,0.15
I023274,O13960,P0182,1,7028.31,0.0
I023275,O13961,P0152,1,11257.85,0.15
I023276,O13962,P0098,2,18024.33,0.1
I023277,O13963,P0256,1,10413.89,0.1
I023278,O13963,P0037,1,5389.2,0.1
I023279,O13964,P0339,2,8938.6,0.25
I023280,O13965,P0315,1,8767.22,0.25
I023281,O13966,P0124,1,15514.19,0.15
I023282,O13966,P0212,1,15959.35,0.15
I023283,O13967,P0122,3,20389.93,0.15
I023284,O13968,P0472,1,6339.28,0.15
I023285,O13968,P0161,1,4912.94,0.15
I023286,O13969,P0413,1,4516.32,0.15
I023287,O13970,P0463,1,7934.67,0.0
I023288,O13971,P0485,2,1818.67,0.3
I023289,O13971,P0486,1,7416.01,0.3
I023290,O13972,P0348,2,19194.75,0.1
I023291,O13973,P0310,3,6739.9,0.1
I023292,O13974,P0103,3,9874.02,0.1
I023293,O13974,P0209,3,17935.22,0.1
I023294,O13974,P0401,1,18961.41,0.1
I023295,O13974,P0499,1,2390.13,0.1
I023296,O13975,P0023,1,8677.28,0.05
I023297,O13976,P0469,1,12828.28,0.1
I023298,O13976,P0145,1,5897.75,0.1
I023299,O13977,P0097,1,16913.36,0.15
I023300,O13977,P0061,1,9428.51,0.15
I023301,O13978,P0383,3,5460.56,0.05
I023302,O13978,P0357,1,4004.54,0.05
I023303,O13978,P0453,1,2027.99,0.05
I023304,O13979,P0099,4,11095.32,0.2
I023305,O13979,P0071,1,1222.75,0.2
I023306,O13979,P0090,3,19317.51,0.2
I023307,O13980,P0445,1,5378.95,0.05
I023308,O13980,P0200,2,9202.06,0.05
I023309,O13981,P0102,4,4552.64,0.2
I023310,O13982,P0014,1,14738.4,0.1
I023311,O13982,P0161,2,4912.94,0.1
I023312,O13982,P0492,1,13278.61,0.1
I023313,O13983,P0016,1,4929.52,0.2
I023314,O13983,P0219,1,1340.09,0.2
I023315,O13983,P0131,1,2329.3,0.2
I023316,O13984,P0059,1,7497.65,0.1
I023317,O13984,P0101,1,13448.78,0.1
I023318,O13984,P0349,1,17040.15,0.1
I023319,O13984,P0415,1,19105.92,0.1
I023320,O13985,P0060,1,10597.6,0.05
I023321,O13985,P0449,2,3785.19,0.05
I023322,O13985,P0437,1,9057.77,0.05
I023323,O13985,P0090,2,19317.51,0.05
I023324,O13986,P0219,4,1340.09,0.15
I023325,O13987,P0444,2,4611.38,0.05
I023326,O13988,P0248,1,5481.12,0.25
I023327,O13989,P0264,3,11827.53,0.15
I023328,O13990,P0029,1,7973.77,0.1
I023329,O13991,P0288,2,16170.77,0.0
I023330,O13992,P0480,2,12036.43,0.1
I023331,O13992,P0288,1,16170.77,0.1
I023332,O13993,P0051,1,13023.34,0.1
I023333,O13994,P0370,1,12293.71,0.25
I023334,O13994,P0204,2,3139.42,0.25
I023335,O13994,P0195,1,18266.79,0.25
I023336,O13995,P0425,1,3871.16,0.15
I023337,O13996,P0496,1,20624.48,0.05
I023338,O13996,P0088,3,10596.08,0.05
I023339,O13997,P0476,4,1078.88,0.05
I023340,O13998,P0294,3,9318.36,0.1
I023341,O13998,P0488,1,6474.12,0.1
I023342,O13999,P0343,2,21720.15,0.0
I023343,O14000,P0303,1,15132.39,0.15
I023344,O14000,P0125,2,8357.18,0.15
I023345,O14001,P0422,1,6180.37,0.0
I023346,O14001,P0165,1,8775.25,0.0
I023347,O14001,P0476,2,1078.88,0.0
I023348,O14002,P0070,1,3923.76,0.1
I023349,O14002,P0426,1,17258.9,0.1
I023350,O14003,P0459,1,15147.66,0.3
I023351,O14003,P0337,2,6259.83,0.3
I023352,O14004,P0011,1,6896.23,0.2
I023353,O14004,P0375,1,1937.18,0.2
I023354,O14005,P0002,4,685.44,0.2
I023355,O14005,P0088,3,10596.08,0.2
I023356,O14006,P0462,3,8013.86,0.15
I023357,O14007,P0025,3,21151.19,0.25
I023358,O14007,P0343,3,21720.15,0.25
I023359,O14007,P0478,2,24448.55,0.25
I023360,O14008,P0160,1,6251.25,0.25
I023361,O14008,P0260,2,9638.98,0.25
I023362,O14009,P0392,1,10129.56,0.0
I023363,O14009,P0136,2,10051.62,0.0
I023364,O14010,P0498,1,1038.57,0.05
I023365,O14011,P0424,2,1099.43,0.25
I023366,O14011,P0270,1,15544.12,0.25
I023367,O14011,P0171,1,6118.98,0.25
I023368,O14012,P0491,2,14558.18,0.05
I023369,O14013,P0218,1,10519.23,0.05
I023370,O14014,P0429,1,4623.76,0.0
I023371,O14015,P0378,1,224.7,0.2
I023372,O14016,P0332,1,9365.5,0.0
I023373,O14017,P0219,1,1340.09,0.1
I023374,O14017,P0282,1,4087.36,0.1
I023375,O14017,P0139,2,11137.68,0.1
I023376,O14018,P0385,3,9160.1,0.05
I023377,O14018,P0002,1,685.44,0.05
I023378,O14019,P0386,1,7920.43,0.0
I023379,O14020,P0410,1,8140.59,0.05
I023380,O14020,P0332,1,9365.5,0.05
I023381,O14021,P0199,1,13045.06,0.15
I023382,O14022,P0272,1,13853.17,0.0
I023383,O14023,P0429,1,4623.76,0.2
I023384,O14024,P0484,4,14051.85,0.15
I023385,O14025,P0039,4,1954.54,0.0
I023386,O14026,P0074,1,20503.04,0.1
I023387,O14027,P0200,4,9202.06,0.15
I023388,O14027,P0068,2,658.18,0.15
I023389,O14028,P0130,2,5669.17,0.25
I023390,O14029,P0008,4,404.42,0.1
I023391,O14030,P0242,2,12806.32,0.15
I023392,O14030,P0108,1,11560.22,0.15
I023393,O14031,P0035,3,10869.62,0.2
I023394,O14031,P0040,1,10694.19,0.2
I023395,O14031,P0217,2,2504.14,0.2
I023396,O14031,P0216,1,4253.32,0.2
I023397,O14032,P0360,2,4434.75,0.1
I023398,O14032,P0415,1,19105.92,0.1
I023399,O14032,P0085,4,14574.29,0.1
I023400,O14032,P0408,1,12252.4,0.1
I023401,O14033,P0294,1,9318.36,0.15
I023402,O14033,P0179,1,12189.37,0.15
I023403,O14033,P0059,2,7497.65,0.15
I023404,O14033,P0146,1,12538.22,0.15
I023405,O14034,P0394,1,9719.2,0.1
I023406,O14035,P0257,2,8094.05,0.15
I023407,O14036,P0430,2,14535.8,0.2
I023408,O14036,P0047,2,3795.44,0.2
I023409,O14037,P0199,4,13045.06,0.15
I023410,O14037,P0295,4,12191.72,0.15
I023411,O14038,P0418,5,12929.12,0.0
I023412,O14038,P0098,2,18024.33,0.0
I023413,O14038,P0303,1,15132.39,0.0
I023414,O14038,P0316,1,18765.5,0.0
I023415,O14039,P0305,3,5268.03,0.25
I023416,O14040,P0304,2,5766.34,0.0
I023417,O14040,P0195,1,18266.79,0.0
I023418,O14040,P0091,1,5800.05,0.0
I023419,O14040,P0087,2,5413.54,0.0
I023420,O14041,P0275,1,18205.93,0.15
I023421,O14042,P0339,1,8938.6,0.05
I023422,O14043,P0166,1,4299.84,0.15
I023423,O14043,P0090,2,19317.51,0.15
I023424,O14044,P0449,1,3785.19,0.0
I023425,O14044,P0319,1,17097.24,0.0
I023426,O14045,P0373,1,8955.67,0.05
I023427,O14046,P0034,1,3767.39,0.0
I023428,O14047,P0084,1,10059.02,0.15
I023429,O14048,P0445,2,5378.95,0.05
I023430,O14048,P0253,3,10206.89,0.05
I023431,O14048,P0440,2,10988.87,0.05
I023432,O14048,P0204,3,3139.42,0.05
I023433,O14049,P0146,1,12538.22,0.25
I023434,O14050,P0168,1,11374.5,0.1
I023435,O14050,P0256,1,10413.89,0.1
I023436,O14050,P0276,1,15791.95,0.1
I023437,O14051,P0135,2,13687.78,0.15
I023438,O14052,P0150,1,19657.29,0.2
I023439,O14053,P0269,1,9853.0,0.25
I023440,O14054,P0360,5,4434.75,0.1
I023441,O14054,P0257,1,8094.05,0.1
I023442,O14055,P0333,1,16891.72,0.15
I023443,O14055,P0057,1,14313.59,0.15
I023444,O14055,P0109,1,7019.11,0.15
I023445,O14056,P0396,2,6181.52,0.05
I023446,O14057,P0402,1,5149.65,0.05
I023447,O14058,P0038,3,13981.96,0.15
I023448,O14059,P0273,2,1414.88,0.1
I023449,O14060,P0213,5,13682.03,0.1
I023450,O14060,P0273,1,1414.88,0.1
I023451,O14061,P0024,2,14146.9,0.05
I023452,O14061,P0170,2,10734.0,0.05
I023453,O14062,P0122,2,20389.93,0.15
I023454,O14063,P0499,1,2390.13,0.25
I023455,O14063,P0019,3,7331.38,0.25
I023456,O14063,P0181,3,6969.81,0.25
I023457,O14064,P0417,1,7877.14,0.1
I023458,O14065,P0368,1,19421.03,0.1
I023459,O14066,P0181,3,6969.81,0.2
I023460,O14066,P0152,1,11257.85,0.2
I023461,O14066,P0221,3,9748.25,0.2
I023462,O14067,P0061,1,9428.51,0.0
I023463,O14068,P0168,1,11374.5,0.05
I023464,O14068,P0041,1,11579.02,0.05
I023465,O14069,P0391,1,16675.09,0.0
I023466,O14069,P0306,1,20887.78,0.0
I023467,O14070,P0362,1,7754.84,0.1
I023468,O14071,P0436,1,9847.38,0.1
I023469,O14072,P0266,3,6946.78,0.2
I023470,O14072,P0176,1,13983.62,0.2
I023471,O14073,P0413,1,4516.32,0.2
I023472,O14073,P0361,2,8061.24,0.2
I023473,O14074,P0041,2,11579.02,0.1
I023474,O14074,P0280,1,19260.63,0.1
I023475,O14075,P0010,1,8507.4,0.15
I023476,O14076,P0203,2,14797.26,0.1
I023477,O14077,P0466,1,7584.85,0.1
I023478,O14078,P0473,1,731.76,0.0
I023479,O14079,P0002,3,685.44,0.0
I023480,O14079,P0015,1,198.88,0.0
I023481,O14079,P0487,1,2276.61,0.0
I023482,O14080,P0012,1,9210.89,0.2
I023483,O14080,P0359,1,17408.84,0.2
I023484,O14080,P0370,1,12293.71,0.2
I023485,O14081,P0476,1,1078.88,0.05
I023486,O14082,P0337,1,6259.83,0.05
I023487,O14083,P0283,1,10933.03,0.1
I023488,O14084,P0117,1,5812.89,0.0
I023489,O14085,P0208,2,17414.46,0.25
I023490,O14086,P0141,4,2669.4,0.0
I023491,O14087,P0272,2,13853.17,0.25
I023492,O14087,P0059,3,7497.65,0.25
I023493,O14088,P0227,1,1214.17,0.15
I023494,O14088,P0469,1,12828.28,0.15
I023495,O14089,P0172,2,13856.39,0.25
I023496,O14090,P0468,3,17686.56,0.0
I023497,O14091,P0067,4,18606.26,0.1
I023498,O14092,P0020,1,16894.73,0.25
I023499,O14092,P0326,1,1200.34,0.25
I023500,O14092,P0045,1,5553.07,0.25
I023501,O14093,P0320,2,22881.56,0.1
I023502,O14093,P0251,1,13718.51,0.1
I023503,O14093,P0157,1,1053.8,0.1
I023504,O14094,P0068,1,658.18,0.1
I023505,O14094,P0066,1,4602.72,0.1
I023506,O14095,P0259,1,9091.06,0.15
I023507,O14096,P0338,1,9789.99,0.05
I023508,O14097,P0367,1,14116.53,0.15
I023509,O14097,P0499,2,2390.13,0.15
I023510,O14098,P0042,2,18369.63,0.05
I023511,O14099,P0385,2,9160.1,0.05
I023512,O14100,P0044,1,4750.75,0.1
I023513,O14101,P0320,5,22881.56,0.0
I023514,O14101,P0274,1,16208.88,0.0
I023515,O14101,P0286,1,8678.82,0.0
I023516,O14102,P0017,5,9858.5,0.0
I023517,O14103,P0155,1,16173.54,0.0
I023518,O14103,P0081,1,12661.97,0.0
I023519,O14104,P0449,1,3785.19,0.15
I023520,O14104,P0152,1,11257.85,0.15
I023521,O14104,P0155,1,16173.54,0.15
I023522,O14104,P0249,1,11650.12,0.15
I023523,O14105,P0361,1,8061.24,0.0
I023524,O14105,P0249,4,11650.12,0.0
I023525,O14106,P0458,2,11252.82,0.0
I023526,O14107,P0289,2,5068.21,0.1
I023527,O14108,P0155,1,16173.54,0.1
I023528,O14109,P0321,1,15173.01,0.05
I023529,O14109,P0490,2,17879.27,0.05
I023530,O14110,P0141,3,2669.4,0.05
I023531,O14110,P0253,1,10206.89,0.05
I023532,O14111,P0500,1,14456.78,0.2
I023533,O14112,P0206,1,13942.45,0.0
I023534,O14113,P0459,1,15147.66,0.25
I023535,O14113,P0089,1,21527.82,0.25
I023536,O14114,P0441,1,11253.53,0.05
I023537,O14114,P0223,3,12111.39,0.05
I023538,O14115,P0180,1,5738.9,0.1
I023539,O14116,P0406,1,1199.98,0.25
I023540,O14117,P0247,1,5866.18,0.1
I023541,O14118,P0467,2,7857.91,0.05
I023542,O14118,P0384,2,21014.31,0.05
I023543,O14119,P0390,3,2477.97,0.3
I023544,O14120,P0400,1,7063.54,0.15
I023545,O14121,P0216,3,4253.32,0.05
I023546,O14122,P0343,1,21720.15,0.1
I023547,O14123,P0351,2,6684.2,0.1
I023548,O14123,P0457,1,18511.82,0.1
I023549,O14124,P0471,1,3362.5,0.1
I023550,O14125,P0075,1,16717.1,0.0
I023551,O14125,P0293,5,5390.99,0.0
I023552,O14126,P0072,1,8074.69,0.1
I023553,O14126,P0099,2,11095.32,0.1
I023554,O14126,P0284,1,9183.48,0.1
I023555,O14127,P0465,1,7131.53,0.05
I023556,O14128,P0350,1,14181.21,0.05
I023557,O14128,P0390,3,2477.97,0.05
I023558,O14129,P0346,1,17166.81,0.1
I023559,O14130,P0163,4,16537.01,0.05
I023560,O14130,P0313,1,15225.55,0.05
I023561,O14131,P0060,4,10597.6,0.2
I023562,O14132,P0189,1,1077.94,0.1
I023563,O14132,P0395,3,16050.27,0.1
I023564,O14133,P0044,1,4750.75,0.0
I023565,O14134,P0145,1,5897.75,0.0
I023566,O14135,P0410,1,8140.59,0.15
I023567,O14136,P0267,2,13380.29,0.2
I023568,O14136,P0121,1,5223.81,0.2
I023569,O14137,P0494,1,9857.51,0.0
I023570,O14138,P0495,1,3120.64,0.1
I023571,O14138,P0261,1,9413.55,0.1
I023572,O14138,P0346,3,17166.81,0.1
I023573,O14138,P0189,2,1077.94,0.1
I023574,O14139,P0067,1,18606.26,0.15
I023575,O14140,P0074,1,20503.04,0.2
I023576,O14141,P0470,1,16384.1,0.0
I023577,O14141,P0464,1,11639.56,0.0
I023578,O14142,P0254,1,1468.59,0.05
I023579,O14143,P0237,1,13454.07,0.0
I023580,O14144,P0349,1,17040.15,0.1
I023581,O14145,P0425,2,3871.16,0.05
I023582,O14145,P0287,3,11017.89,0.05
I023583,O14146,P0468,1,17686.56,0.1
I023584,O14146,P0112,3,10276.51,0.1
I023585,O14147,P0405,3,10874.23,0.15
I023586,O14147,P0144,1,5083.64,0.15
I023587,O14147,P0063,3,17989.43,0.15
I023588,O14148,P0247,3,5866.18,0.25
I023589,O14149,P0033,1,2436.78,0.0
I023590,O14150,P0341,1,9492.87,0.15
I023591,O14150,P0147,1,5903.16,0.15
I023592,O14151,P0460,1,1760.09,0.2
I023593,O14152,P0161,1,4912.94,0.1
I023594,O14153,P0420,1,5156.99,0.15
I023595,O14153,P0371,2,14987.41,0.15
I023596,O14154,P0189,1,1077.94,0.05
I023597,O14154,P0219,1,1340.09,0.05
I023598,O14155,P0034,1,3767.39,0.0
I023599,O14155,P0161,4,4912.94,0.0
I023600,O14155,P0371,1,14987.41,0.0
I023601,O14156,P0457,2,18511.82,0.0
I023602,O14156,P0259,1,9091.06,0.0
I023603,O14157,P0015,1,198.88,0.0
I023604,O14158,P0473,3,731.76,0.2
I023605,O14159,P0281,3,8647.87,0.25
I023606,O14160,P0044,2,4750.75,0.1
I023607,O14161,P0083,2,7026.05,0.15
I023608,O14161,P0114,3,2768.84,0.15
I023609,O14162,P0401,1,18961.41,0.05
I023610,O14162,P0288,1,16170.77,0.05
I023611,O14163,P0426,1,17258.9,0.1
I023612,O14164,P0253,3,10206.89,0.1
I023613,O14164,P0071,2,1222.75,0.1
I023614,O14164,P0208,2,17414.46,0.1
I023615,O14165,P0070,1,3923.76,0.2
I023616,O14165,P0196,1,3827.41,0.2
I023617,O14165,P0259,1,9091.06,0.2
I023618,O14166,P0086,1,12651.01,0.1
I023619,O14167,P0405,2,10874.23,0.15
I023620,O14168,P0398,2,15186.38,0.05
I023621,O14169,P0235,2,17675.52,0.05
I023622,O14170,P0389,3,10740.24,0.05
I023623,O14170,P0039,1,1954.54,0.05
I023624,O14171,P0260,4,9638.98,0.2
I023625,O14171,P0006,1,12139.02,0.2
I023626,O14171,P0351,1,6684.2,0.2
I023627,O14172,P0287,1,11017.89,0.0
I023628,O14173,P0465,1,7131.53,0.15
I023629,O14174,P0201,2,18090.68,0.1
I023630,O14175,P0142,2,7546.26,0.15
I023631,O14175,P0462,2,8013.86,0.15
I023632,O14176,P0224,1,14337.8,0.2
I023633,O14176,P0056,2,5412.25,0.2
I023634,O14177,P0089,1,21527.82,0.1
I023635,O14178,P0214,1,3598.9,0.0
I023636,O14178,P0453,1,2027.99,0.0
I023637,O14179,P0356,2,17911.43,0.25
I023638,O14180,P0248,1,5481.12,0.05
I023639,O14181,P0486,2,7416.01,0.0
I023640,O14182,P0458,1,11252.82,0.1
I023641,O14183,P0303,1,15132.39,0.05
I023642,O14183,P0366,2,12694.5,0.05
I023643,O14183,P0484,1,14051.85,0.05
I023644,O14184,P0043,2,230.23,0.2
I023645,O14184,P0471,1,3362.5,0.2
I023646,O14184,P0117,2,5812.89,0.2
I023647,O14185,P0451,3,18517.71,0.1
I023648,O14186,P0141,2,2669.4,0.0
I023649,O14186,P0301,2,1551.88,0.0
I023650,O14186,P0077,1,10405.98,0.0
I023651,O14187,P0209,1,17935.22,0.05
I023652,O14188,P0188,1,6865.34,0.05
I023653,O14188,P0445,1,5378.95,0.05
I023654,O14189,P0126,1,12590.35,0.15
I023655,O14190,P0317,5,14355.69,0.0
I023656,O14190,P0240,1,16345.25,0.0
I023657,O14191,P0267,2,13380.29,0.05
I023658,O14192,P0362,2,7754.84,0.15
I023659,O14193,P0492,1,13278.61,0.1
I023660,O14194,P0029,1,7973.77,0.1
I023661,O14195,P0228,1,7442.22,0.1
I023662,O14196,P0147,1,5903.16,0.0
I023663,O14196,P0069,2,6827.67,0.0
I023664,O14197,P0415,3,19105.92,0.15
I023665,O14197,P0138,5,9332.54,0.15
I023666,O14198,P0069,2,6827.67,0.25
I023667,O14199,P0051,1,13023.34,0.0
I023668,O14200,P0058,1,10856.44,0.05
I023669,O14200,P0300,2,11744.09,0.05
I023670,O14201,P0487,1,2276.61,0.05
I023671,O14202,P0174,3,14241.6,0.0
I023672,O14203,P0274,2,16208.88,0.05
I023673,O14203,P0052,1,22717.29,0.05
I023674,O14203,P0051,2,13023.34,0.05
I023675,O14204,P0388,1,10509.73,0.0
I023676,O14204,P0294,1,9318.36,0.0
I023677,O14205,P0055,2,18288.33,0.1
I023678,O14206,P0032,1,12721.46,0.1
I023679,O14207,P0373,1,8955.67,0.1
I023680,O14208,P0174,2,14241.6,0.05
I023681,O14209,P0455,1,6841.97,0.25
I023682,O14209,P0322,1,179.06,0.25
I023683,O14209,P0310,2,6739.9,0.25
I023684,O14209,P0035,1,10869.62,0.25
I023685,O14210,P0441,2,11253.53,0.1
I023686,O14210,P0252,1,18803.98,0.1
I023687,O14211,P0334,1,5599.91,0.2
I023688,O14212,P0343,1,21720.15,0.05
I023689,O14212,P0039,1,1954.54,0.05
I023690,O14213,P0302,1,10139.5,0.15
I023691,O14213,P0435,1,11265.94,0.15
I023692,O14214,P0341,1,9492.87,0.0
I023693,O14214,P0108,1,11560.22,0.0
I023694,O14214,P0126,1,12590.35,0.0
I023695,O14215,P0422,1,6180.37,0.15
I023696,O14216,P0471,1,3362.5,0.15
I023697,O14216,P0038,1,13981.96,0.15
I023698,O14216,P0083,1,7026.05,0.15
I023699,O14217,P0362,1,7754.84,0.05
I023700,O14217,P0251,1,13718.51,0.05
I023701,O14217,P0428,2,15197.13,0.05
I023702,O14218,P0217,2,2504.14,0.3
I023703,O14219,P0206,2,13942.45,0.1
I023704,O14219,P0475,1,6070.94,0.1
I023705,O14220,P0137,1,2945.06,0.05
I023706,O14221,P0103,1,9874.02,0.05
I023707,O14222,P0331,2,7610.91,0.0
I023708,O14223,P0002,1,685.44,0.05
I023709,O14223,P0366,1,12694.5,0.05
I023710,O14223,P0116,1,14318.59,0.05
I023711,O14224,P0350,2,14181.21,0.1
I023712,O14225,P0356,2,17911.43,0.1
I023713,O14226,P0351,1,6684.2,0.1
I023714,O14227,P0303,1,15132.39,0.2
I023715,O14228,P0421,2,3134.29,0.0
I023716,O14229,P0473,1,731.76,0.05
I023717,O14230,P0076,2,12082.97,0.2
I023718,O14231,P0425,3,3871.16,0.0
I023719,O14232,P0458,2,11252.82,0.05
I023720,O14233,P0133,4,16221.29,0.05
I023721,O14234,P0148,2,3827.6,0.15
I023722,O14234,P0029,1,7973.77,0.15
I023723,O14235,P0077,1,10405.98,0.1
I023724,O14236,P0359,1,17408.84,0.1
I023725,O14237,P0407,2,775.43,0.25
I023726,O14237,P0421,2,3134.29,0.25
I023727,O14238,P0497,2,5343.08,0.1
I023728,O14238,P0145,1,5897.75,0.1
I023729,O14239,P0467,1,7857.91,0.25
I023730,O14239,P0019,1,7331.38,0.25
I023731,O14240,P0237,2,13454.07,0.0
I023732,O14240,P0472,3,6339.28,0.0
I023733,O14240,P0123,3,12283.66,0.0
I023734,O14241,P0016,2,4929.52,0.05
I023735,O14242,P0288,3,16170.77,0.2
I023736,O14243,P0270,1,15544.12,0.0
I023737,O14243,P0475,1,6070.94,0.0
I023738,O14244,P0137,1,2945.06,0.0
I023739,O14245,P0014,1,14738.4,0.05
I023740,O14246,P0266,2,6946.78,0.25
I023741,O14247,P0463,1,7934.67,0.05
I023742,O14247,P0406,1,1199.98,0.05
I023743,O14248,P0193,4,3841.48,0.25
I023744,O14248,P0317,2,14355.69,0.25
I023745,O14249,P0097,1,16913.36,0.15
I023746,O14250,P0242,1,12806.32,0.1
I023747,O14250,P0272,1,13853.17,0.1
I023748,O14251,P0015,4,198.88,0.0
I023749,O14252,P0179,1,12189.37,0.1
I023750,O14252,P0425,2,3871.16,0.1
I023751,O14253,P0314,2,5199.64,0.1
I023752,O14253,P0001,1,12680.89,0.1
I023753,O14254,P0088,1,10596.08,0.15
I023754,O14255,P0036,3,22992.46,0.1
I023755,O14256,P0188,2,6865.34,0.25
I023756,O14256,P0017,3,9858.5,0.25
I023757,O14257,P0450,1,2255.15,0.0
I023758,O14258,P0317,1,14355.69,0.2
I023759,O14258,P0129,1,15750.63,0.2
I023760,O14258,P0385,2,9160.1,0.2
I023761,O14259,P0087,2,5413.54,0.05
I023762,O14259,P0478,1,24448.55,0.05
I023763,O14260,P0444,1,4611.38,0.1
I023764,O14260,P0184,2,5176.95,0.1
I023765,O14261,P0150,1,19657.29,0.2
I023766,O14261,P0486,2,7416.01,0.2
I023767,O14262,P0490,1,17879.27,0.15
I023768,O14263,P0328,2,15667.69,0.25
I023769,O14264,P0134,2,8950.35,0.3
I023770,O14264,P0483,1,14346.17,0.3
I023771,O14265,P0076,1,12082.97,0.1
I023772,O14265,P0056,4,5412.25,0.1
I023773,O14265,P0311,4,13470.81,0.1
I023774,O14265,P0269,1,9853.0,0.1
I023775,O14266,P0259,4,9091.06,0.1
I023776,O14266,P0304,1,5766.34,0.1
I023777,O14267,P0205,1,15563.05,0.05
I023778,O14268,P0215,2,2961.47,0.05
I023779,O14268,P0169,1,5258.15,0.05
I023780,O14268,P0042,1,18369.63,0.05
I023781,O14269,P0351,2,6684.2,0.05
I023782,O14269,P0035,2,10869.62,0.05
I023783,O14270,P0276,2,15791.95,0.15
I023784,O14270,P0081,1,12661.97,0.15
I023785,O14271,P0218,1,10519.23,0.1
I023786,O14272,P0037,2,5389.2,0.15
I023787,O14272,P0281,4,8647.87,0.15
I023788,O14273,P0124,2,15514.19,0.15
I023789,O14273,P0103,1,9874.02,0.15
I023790,O14273,P0150,2,19657.29,0.15
I023791,O14274,P0295,1,12191.72,0.2
I023792,O14275,P0182,1,7028.31,0.0
I023793,O14275,P0393,4,1256.74,0.0
I023794,O14276,P0158,1,9904.7,0.2
I023795,O14276,P0466,1,7584.85,0.2
I023796,O14276,P0045,1,5553.07,0.2
I023797,O14277,P0226,1,1989.2,0.1
I023798,O14277,P0435,2,11265.94,0.1
I023799,O14277,P0483,1,14346.17,0.1
I023800,O14278,P0428,1,15197.13,0.2
I023801,O14278,P0465,1,7131.53,0.2
I023802,O14279,P0393,1,1256.74,0.25
I023803,O14279,P0033,3,2436.78,0.25
I023804,O14280,P0018,1,8521.23,0.1
I023805,O14280,P0188,3,6865.34,0.1
I023806,O14280,P0457,3,18511.82,0.1
I023807,O14281,P0467,1,7857.91,0.15
I023808,O14282,P0440,2,10988.87,0.2
I023809,O14283,P0263,1,12622.11,0.05
I023810,O14284,P0447,1,13008.01,0.1
I023811,O14285,P0218,2,10519.23,0.05
I023812,O14285,P0205,4,15563.05,0.05
I023813,O14286,P0366,2,12694.5,0.0
I023814,O14287,P0015,1,198.88,0.15
I023815,O14287,P0011,1,6896.23,0.15
I023816,O14287,P0215,1,2961.47,0.15
I023817,O14288,P0367,2,14116.53,0.1
I023818,O14289,P0108,2,11560.22,0.05
I023819,O14289,P0115,1,10805.92,0.05
I023820,O14290,P0492,1,13278.61,0.05
I023821,O14290,P0252,1,18803.98,0.05
I023822,O14291,P0374,2,20293.37,0.05
I023823,O14292,P0457,1,18511.82,0.05
I023824,O14293,P0392,1,10129.56,0.3
I023825,O14293,P0417,3,7877.14,0.3
I023826,O14294,P0063,1,17989.43,0.25
I023827,O14294,P0431,1,7800.63,0.25
I023828,O14294,P0322,1,179.06,0.25
I023829,O14295,P0304,2,5766.34,0.2
I023830,O14295,P0351,1,6684.2,0.2
I023831,O14296,P0050,1,12181.9,0.0
I023832,O14296,P0273,2,1414.88,0.0
I023833,O14296,P0369,2,2936.18,0.0
I023834,O14297,P0110,2,239.19,0.2
I023835,O14297,P0040,1,10694.19,0.2
I023836,O14298,P0400,1,7063.54,0.15
I023837,O14299,P0374,1,20293.37,0.25
I023838,O14299,P0257,2,8094.05,0.25
I023839,O14300,P0153,3,6065.86,0.1
I023840,O14300,P0474,1,2142.32,0.1
I023841,O14301,P0058,1,10856.44,0.1
I023842,O14301,P0100,1,7091.79,0.1
I023843,O14302,P0052,1,22717.29,0.1
I023844,O14303,P0271,1,10464.94,0.1
I023845,O14303,P0356,1,17911.43,0.1
I023846,O14304,P0417,1,7877.14,0.05
I023847,O14304,P0347,1,207.7,0.05
I023848,O14305,P0026,1,8043.88,0.0
I023849,O14305,P0242,1,12806.32,0.0
I023850,O14305,P0224,3,14337.8,0.0
I023851,O14306,P0156,1,17438.42,0.15
I023852,O14307,P0244,1,6694.24,0.2
I023853,O14307,P0259,1,9091.06,0.2
I023854,O14308,P0059,1,7497.65,0.15
I023855,O14308,P0237,1,13454.07,0.15
I023856,O14309,P0324,3,2232.66,0.2
I023857,O14309,P0044,1,4750.75,0.2
I023858,O14310,P0406,1,1199.98,0.1
I023859,O14311,P0443,5,3024.24,0.1
I023860,O14311,P0366,2,12694.5,0.1
I023861,O14312,P0218,1,10519.23,0.3
I023862,O14312,P0300,3,11744.09,0.3
I023863,O14312,P0352,1,10103.59,0.3
I023864,O14312,P0345,1,18312.01,0.3
I023865,O14313,P0368,1,19421.03,0.3
I023866,O14313,P0262,3,12660.19,0.3
I023867,O14314,P0061,2,9428.51,0.1
I023868,O14314,P0489,2,16108.48,0.1
I023869,O14315,P0279,1,820.43,0.05
I023870,O14316,P0444,2,4611.38,0.05
I023871,O14316,P0014,1,14738.4,0.05
I023872,O14317,P0212,1,15959.35,0.15
I023873,O14318,P0332,1,9365.5,0.05
I023874,O14318,P0448,1,11150.05,0.05
I023875,O14318,P0445,1,5378.95,0.05
I023876,O14319,P0350,2,14181.21,0.3
I023877,O14320,P0077,3,10405.98,0.15
I023878,O14321,P0150,1,19657.29,0.0
I023879,O14322,P0460,1,1760.09,0.05
I023880,O14323,P0332,1,9365.5,0.05
I023881,O14324,P0277,1,14027.28,0.0
I023882,O14325,P0458,3,11252.82,0.1
I023883,O14326,P0197,1,5628.38,0.0
I023884,O14326,P0135,2,13687.78,0.0
I023885,O14327,P0349,5,17040.15,0.05
I023886,O14328,P0445,3,5378.95,0.15
I023887,O14329,P0126,1,12590.35,0.0
I023888,O14330,P0428,2,15197.13,0.2
I023889,O14330,P0081,2,12661.97,0.2
I023890,O14330,P0086,3,12651.01,0.2
I023891,O14331,P0052,1,22717.29,0.05
I023892,O14332,P0144,1,5083.64,0.1
I023893,O14333,P0049,3,10387.8,0.25
I023894,O14333,P0069,1,6827.67,0.25
I023895,O14334,P0269,2,9853.0,0.0
I023896,O14335,P0298,3,14301.55,0.0
I023897,O14335,P0243,1,5300.75,0.0
I023898,O14336,P0284,2,9183.48,0.0
I023899,O14337,P0166,1,4299.84,0.05
I023900,O14338,P0078,1,18121.01,0.15
I023901,O14339,P0110,2,239.19,0.1
I023902,O14339,P0190,1,4813.84,0.1
I023903,O14340,P0071,4,1222.75,0.05
I023904,O14341,P0079,2,16242.79,0.1
I023905,O14341,P0192,1,13132.41,0.1
I023906,O14342,P0256,2,10413.89,0.1
I023907,O14343,P0451,4,18517.71,0.05
I023908,O14343,P0368,3,19421.03,0.05
I023909,O14344,P0183,1,208.22,0.05
I023910,O14345,P0203,2,14797.26,0.05
I023911,O14346,P0206,1,13942.45,0.1
I023912,O14346,P0379,1,4596.34,0.1
I023913,O14347,P0220,4,4537.91,0.05
I023914,O14348,P0352,1,10103.59,0.05
I023915,O14349,P0498,1,1038.57,0.05
I023916,O14350,P0257,2,8094.05,0.05
I023917,O14350,P0111,2,4168.73,0.05
I023918,O14351,P0130,4,5669.17,0.05
I023919,O14351,P0231,3,5606.43,0.05
I023920,O14352,P0072,1,8074.69,0.05
I023921,O14352,P0411,1,9751.96,0.05
I023922,O14352,P0107,3,12811.73,0.05
I023923,O14353,P0490,5,17879.27,0.25
I023924,O14353,P0208,1,17414.46,0.25
I023925,O14354,P0024,3,14146.9,0.05
I023926,O14355,P0175,4,8354.48,0.1
I023927,O14356,P0237,2,13454.07,0.2
I023928,O14357,P0459,2,15147.66,0.0
I023929,O14358,P0108,1,11560.22,0.1
I023930,O14359,P0370,2,12293.71,0.2
I023931,O14360,P0389,1,10740.24,0.0
I023932,O14361,P0417,4,7877.14,0.15
I023933,O14361,P0430,1,14535.8,0.15
I023934,O14362,P0145,3,5897.75,0.1
I023935,O14362,P0025,1,21151.19,0.1
I023936,O14363,P0097,3,16913.36,0.2
I023937,O14363,P0421,2,3134.29,0.2
I023938,O14363,P0232,2,14966.59,0.2
I023939,O14364,P0421,1,3134.29,0.0
I023940,O14364,P0095,1,708.58,0.0
I023941,O14364,P0302,3,10139.5,0.0
I023942,O14365,P0247,1,5866.18,0.0
I023943,O14366,P0088,5,10596.08,0.0
I023944,O14366,P0435,1,11265.94,0.0
I023945,O14367,P0321,1,15173.01,0.25
I023946,O14368,P0230,2,16237.69,0.2
I023947,O14368,P0182,1,7028.31,0.2
I023948,O14369,P0346,2,17166.81,0.1
I023949,O14369,P0269,3,9853.0,0.1
I023950,O14370,P0449,1,3785.19,0.1
I023951,O14371,P0437,1,9057.77,0.05
I023952,O14372,P0040,2,10694.19,0.05
I023953,O14373,P0238,1,16729.81,0.05
I023954,O14374,P0462,2,8013.86,0.15
I023955,O14375,P0207,1,9618.99,0.1
I023956,O14376,P0429,1,4623.76,0.1
I023957,O14376,P0194,3,4785.07,0.1
I023958,O14377,P0490,1,17879.27,0.2
I023959,O14377,P0041,2,11579.02,0.2
I023960,O14378,P0148,1,3827.6,0.0
I023961,O14379,P0061,1,9428.51,0.0
I023962,O14380,P0032,3,12721.46,0.2
I023963,O14380,P0061,1,9428.51,0.2
I023964,O14381,P0112,1,10276.51,0.1
I023965,O14381,P0115,1,10805.92,0.1
I023966,O14382,P0152,2,11257.85,0.15
I023967,O14382,P0433,1,11369.56,0.15
I023968,O14383,P0474,3,2142.32,0.1
I023969,O14384,P0172,1,13856.39,0.1
I023970,O14385,P0203,1,14797.26,0.0
I023971,O14385,P0397,2,18087.88,0.0
I023972,O14386,P0367,1,14116.53,0.1
I023973,O14387,P0256,1,10413.89,0.0
I023974,O14388,P0441,1,11253.53,0.05
I023975,O14389,P0046,1,15363.92,0.0
I023976,O14389,P0127,3,12125.3,0.0
I023977,O14389,P0163,2,16537.01,0.0
I023978,O14389,P0222,2,6948.91,0.0
I023979,O14390,P0145,2,5897.75,0.05
I023980,O14391,P0496,1,20624.48,0.2
I023981,O14392,P0161,1,4912.94,0.25
I023982,O14392,P0242,4,12806.32,0.25
I023983,O14393,P0217,2,2504.14,0.0
I023984,O14393,P0287,2,11017.89,0.0
I023985,O14393,P0317,2,14355.69,0.0
I023986,O14394,P0183,3,208.22,0.2
I023987,O14394,P0279,1,820.43,0.2
I023988,O14395,P0462,2,8013.86,0.2
I023989,O14396,P0162,1,11199.84,0.1
I023990,O14396,P0356,1,17911.43,0.1
I023991,O14396,P0321,1,15173.01,0.1
I023992,O14397,P0390,1,2477.97,0.1
I023993,O14397,P0468,4,17686.56,0.1
I023994,O14398,P0213,1,13682.03,0.05
I023995,O14399,P0269,1,9853.0,0.15
I023996,O14399,P0156,1,17438.42,0.15
I023997,O14399,P0067,1,18606.26,0.15
I023998,O14400,P0146,5,12538.22,0.05
I023999,O14400,P0252,1,18803.98,0.05
I024000,O14401,P0383,2,5460.56,0.0
I024001,O14402,P0413,1,4516.32,0.25
I024002,O14403,P0253,1,10206.89,0.2
I024003,O14403,P0087,1,5413.54,0.2
I024004,O14404,P0274,1,16208.88,0.05
I024005,O14404,P0086,4,12651.01,0.05
I024006,O14404,P0155,1,16173.54,0.05
I024007,O14405,P0265,1,16102.0,0.0
I024008,O14405,P0131,2,2329.3,0.0
I024009,O14405,P0146,1,12538.22,0.0
I024010,O14405,P0397,1,18087.88,0.0
I024011,O14406,P0407,2,775.43,0.25
I024012,O14407,P0237,1,13454.07,0.0
I024013,O14407,P0299,1,9253.96,0.0
I024014,O14408,P0333,1,16891.72,0.0
I024015,O14409,P0421,1,3134.29,0.05
I024016,O14409,P0113,1,1476.37,0.05
I024017,O14410,P0205,1,15563.05,0.15
I024018,O14411,P0189,2,1077.94,0.2
I024019,O14411,P0413,2,4516.32,0.2
I024020,O14412,P0116,3,14318.59,0.1
I024021,O14413,P0025,1,21151.19,0.1
I024022,O14413,P0215,5,2961.47,0.1
I024023,O14413,P0327,2,7197.89,0.1
I024024,O14414,P0209,2,17935.22,0.0
I024025,O14415,P0062,1,2140.31,0.05
I024026,O14415,P0445,1,5378.95,0.05
I024027,O14416,P0216,1,4253.32,0.0
I024028,O14416,P0370,2,12293.71,0.0
I024029,O14416,P0149,2,18764.92,0.0
I024030,O14417,P0069,1,6827.67,0.05
I024031,O14418,P0123,1,12283.66,0.0
I024032,O14419,P0146,3,12538.22,0.2
I024033,O14420,P0223,2,12111.39,0.15
I024034,O14421,P0230,2,16237.69,0.1
I024035,O14422,P0146,1,12538.22,0.25
I024036,O14423,P0096,2,7114.07,0.05
I024037,O14424,P0388,1,10509.73,0.25
I024038,O14425,P0497,1,5343.08,0.0
I024039,O14426,P0196,1,3827.41,0.15
I024040,O14427,P0365,1,1546.12,0.05
I024041,O14427,P0491,1,14558.18,0.05
I024042,O14428,P0052,1,22717.29,0.0
I024043,O14428,P0063,1,17989.43,0.0
I024044,O14428,P0261,2,9413.55,0.0
I024045,O14428,P0194,1,4785.07,0.0
I024046,O14429,P0317,1,14355.69,0.15
I024047,O14430,P0099,1,11095.32,0.1
I024048,O14430,P0224,3,14337.8,0.1
I024049,O14431,P0165,1,8775.25,0.25
I024050,O14432,P0305,1,5268.03,0.05
I024051,O14432,P0430,1,14535.8,0.05
I024052,O14432,P0397,2,18087.88,0.05
I024053,O14433,P0391,1,16675.09,0.15
I024054,O14434,P0293,1,5390.99,0.25
I024055,O14435,P0054,2,22196.9,0.1
I024056,O14436,P0037,3,5389.2,0.1
I024057,O14436,P0091,1,5800.05,0.1
I024058,O14436,P0113,1,1476.37,0.1
I024059,O14436,P0348,1,19194.75,0.1
I024060,O14437,P0494,1,9857.51,0.05
I024061,O14438,P0216,1,4253.32,0.3
I024062,O14439,P0238,4,16729.81,0.1
I024063,O14439,P0139,1,11137.68,0.1
I024064,O14440,P0047,1,3795.44,0.25
I024065,O14440,P0206,2,13942.45,0.25
I024066,O14440,P0420,1,5156.99,0.25
I024067,O14441,P0454,1,13398.41,0.1
I024068,O14441,P0275,1,18205.93,0.1
I024069,O14441,P0332,1,9365.5,0.1
I024070,O14442,P0032,1,12721.46,0.2
I024071,O14442,P0033,1,2436.78,0.2
I024072,O14442,P0295,2,12191.72,0.2
I024073,O14443,P0435,1,11265.94,0.1
I024074,O14444,P0106,1,5470.36,0.0
I024075,O14445,P0274,1,16208.88,0.1
I024076,O14445,P0405,3,10874.23,0.1
I024077,O14446,P0491,1,14558.18,0.2
I024078,O14447,P0390,1,2477.97,0.0
I024079,O14448,P0018,1,8521.23,0.05
I024080,O14449,P0208,1,17414.46,0.25
I024081,O14450,P0036,3,22992.46,0.05
I024082,O14450,P0221,3,9748.25,0.05
I024083,O14450,P0302,2,10139.5,0.05
I024084,O14451,P0121,3,5223.81,0.05
I024085,O14451,P0418,1,12929.12,0.05
I024086,O14452,P0299,3,9253.96,0.05
I024087,O14453,P0083,1,7026.05,0.05
I024088,O14453,P0234,2,6819.79,0.05
I024089,O14454,P0410,2,8140.59,0.05
I024090,O14455,P0386,1,7920.43,0.2
I024091,O14456,P0204,2,3139.42,0.05
I024092,O14456,P0467,1,7857.91,0.05
I024093,O14456,P0373,2,8955.67,0.05
I024094,O14456,P0182,1,7028.31,0.05
I024095,O14457,P0216,1,4253.32,0.15
I024096,O14458,P0475,2,6070.94,0.05
I024097,O14458,P0080,2,8081.72,0.05
I024098,O14459,P0321,1,15173.01,0.05
I024099,O14460,P0414,1,3244.46,0.15
I024100,O14461,P0139,1,11137.68,0.0
I024101,O14461,P0488,3,6474.12,0.0
I024102,O14462,P0401,2,18961.41,0.15
I024103,O14462,P0469,3,12828.28,0.15
I024104,O14462,P0172,2,13856.39,0.15
I024105,O14463,P0174,1,14241.6,0.1
I024106,O14463,P0453,2,2027.99,0.1
I024107,O14463,P0320,2,22881.56,0.1
I024108,O14463,P0050,2,12181.9,0.1
I024109,O14464,P0383,1,5460.56,0.1
I024110,O14464,P0166,1,4299.84,0.1
I024111,O14465,P0363,3,11446.48,0.1
I024112,O14465,P0356,1,17911.43,0.1
I024113,O14466,P0369,1,2936.18,0.1
I024114,O14467,P0070,2,3923.76,0.0
I024115,O14467,P0393,2,1256.74,0.0
I024116,O14467,P0464,3,11639.56,0.0
I024117,O14468,P0410,1,8140.59,0.05
I024118,O14468,P0463,1,7934.67,0.05
I024119,O14468,P0216,3,4253.32,0.05
I024120,O14469,P0392,1,10129.56,0.0
I024121,O14470,P0405,1,10874.23,0.15
I024122,O14471,P0292,1,21583.15,0.15
I024123,O14472,P0483,1,14346.17,0.15
I024124,O14472,P0389,1,10740.24,0.15
I024125,O14473,P0037,1,5389.2,0.15
I024126,O14474,P0443,1,3024.24,0.2
I024127,O14474,P0258,1,5357.22,0.2
I024128,O14475,P0204,1,3139.42,0.15
I024129,O14475,P0384,1,21014.31,0.15
I024130,O14475,P0034,1,3767.39,0.15
I024131,O14476,P0308,5,10963.13,0.05
I024132,O14477,P0318,1,18336.52,0.05
I024133,O14478,P0294,1,9318.36,0.1
I024134,O14479,P0002,1,685.44,0.1
I024135,O14479,P0249,2,11650.12,0.1
I024136,O14480,P0492,1,13278.61,0.05
I024137,O14481,P0002,1,685.44,0.05
I024138,O14481,P0294,1,9318.36,0.05
I024139,O14481,P0060,1,10597.6,0.05
I024140,O14482,P0412,1,14362.31,0.15
I024141,O14483,P0226,4,1989.2,0.05
I024142,O14484,P0353,2,4627.28,0.15
I024143,O14485,P0006,1,12139.02,0.05
I024144,O14486,P0321,3,15173.01,0.1
I024145,O14487,P0228,1,7442.22,0.05
I024146,O14488,P0167,3,2741.53,0.2
I024147,O14488,P0397,1,18087.88,0.2
I024148,O14489,P0221,1,9748.25,0.05
I024149,O14490,P0160,3,6251.25,0.25
I024150,O14491,P0094,2,6917.65,0.1
I024151,O14491,P0066,3,4602.72,0.1
I024152,O14492,P0160,3,6251.25,0.0
I024153,O14492,P0433,3,11369.56,0.0
I024154,O14493,P0247,1,5866.18,0.15
I024155,O14494,P0206,2,13942.45,0.15
I024156,O14495,P0381,1,1646.42,0.05
I024157,O14496,P0180,1,5738.9,0.05
I024158,O14496,P0476,2,1078.88,0.05
I024159,O14496,P0401,1,18961.41,0.05
I024160,O14497,P0483,1,14346.17,0.1
I024161,O14498,P0497,4,5343.08,0.15
I024162,O14498,P0316,1,18765.5,0.15
I024163,O14499,P0374,2,20293.37,0.2
I024164,O14499,P0407,1,775.43,0.2
I024165,O14500,P0237,1,13454.07,0.0
I024166,O14501,P0315,1,8767.22,0.0
I024167,O14502,P0397,1,18087.88,0.15
I024168,O14502,P0336,1,5532.6,0.15
I024169,O14502,P0215,1,2961.47,0.15
I024170,O14503,P0070,1,3923.76,0.05
I024171,O14504,P0260,1,9638.98,0.05
I024172,O14505,P0044,1,4750.75,0.15
I024173,O14505,P0255,2,2178.42,0.15
I024174,O14506,P0169,4,5258.15,0.0
I024175,O14506,P0026,1,8043.88,0.0
I024176,O14506,P0096,5,7114.07,0.0
I024177,O14507,P0452,1,14623.62,0.1
I024178,O14507,P0483,1,14346.17,0.1
I024179,O14508,P0120,1,15630.4,0.1
I024180,O14509,P0012,1,9210.89,0.05
I024181,O14509,P0267,1,13380.29,0.05
I024182,O14509,P0098,1,18024.33,0.05
I024183,O14509,P0158,1,9904.7,0.05
I024184,O14510,P0368,1,19421.03,0.0
I024185,O14511,P0188,1,6865.34,0.05
I024186,O14512,P0489,1,16108.48,0.1
I024187,O14513,P0350,1,14181.21,0.0
I024188,O14514,P0023,2,8677.28,0.1
I024189,O14515,P0360,2,4434.75,0.05
I024190,O14515,P0152,2,11257.85,0.05
I024191,O14516,P0126,1,12590.35,0.2
I024192,O14517,P0389,1,10740.24,0.0
I024193,O14518,P0356,1,17911.43,0.15
I024194,O14518,P0283,3,10933.03,0.15
I024195,O14519,P0254,1,1468.59,0.15
I024196,O14519,P0390,2,2477.97,0.15
I024197,O14520,P0064,2,18152.26,0.1
I024198,O14520,P0161,2,4912.94,0.1
I024199,O14520,P0488,2,6474.12,0.1
I024200,O14521,P0314,1,5199.64,0.1
I024201,O14522,P0150,1,19657.29,0.0
I024202,O14523,P0492,1,13278.61,0.1
I024203,O14524,P0265,1,16102.0,0.1
I024204,O14525,P0075,1,16717.1,0.2
I024205,O14526,P0414,1,3244.46,0.2
I024206,O14526,P0453,1,2027.99,0.2
I024207,O14527,P0360,2,4434.75,0.0
I024208,O14528,P0417,1,7877.14,0.3
I024209,O14528,P0219,1,1340.09,0.3
I024210,O14528,P0116,1,14318.59,0.3
I024211,O14529,P0194,2,4785.07,0.1
I024212,O14529,P0390,2,2477.97,0.1
I024213,O14530,P0211,1,12771.97,0.2
I024214,O14531,P0010,3,8507.4,0.0
I024215,O14532,P0139,1,11137.68,0.15
I024216,O14533,P0160,2,6251.25,0.1
I024217,O14534,P0124,1,15514.19,0.0
I024218,O14534,P0057,1,14313.59,0.0
I024219,O14535,P0247,2,5866.18,0.0
I024220,O14536,P0381,1,1646.42,0.05
I024221,O14537,P0246,2,3212.48,0.0
I024222,O14537,P0235,1,17675.52,0.0
I024223,O14538,P0006,3,12139.02,0.1
I024224,O14538,P0495,2,3120.64,0.1
I024225,O14539,P0146,1,12538.22,0.05
I024226,O14539,P0058,1,10856.44,0.05
I024227,O14539,P0204,3,3139.42,0.05
I024228,O14540,P0424,2,1099.43,0.25
I024229,O14541,P0495,2,3120.64,0.1
I024230,O14542,P0204,2,3139.42,0.15
I024231,O14543,P0204,1,3139.42,0.1
I024232,O14544,P0303,1,15132.39,0.05
I024233,O14544,P0166,1,4299.84,0.05
I024234,O14544,P0113,2,1476.37,0.05
I024235,O14545,P0486,1,7416.01,0.15
I024236,O14546,P0069,3,6827.67,0.1
I024237,O14547,P0285,4,11518.27,0.3
I024238,O14547,P0229,1,971.19,0.3
I024239,O14547,P0440,2,10988.87,0.3
I024240,O14548,P0444,1,4611.38,0.1
I024241,O14549,P0224,1,14337.8,0.2
I024242,O14550,P0396,1,6181.52,0.05
I024243,O14551,P0094,1,6917.65,0.1
I024244,O14551,P0351,1,6684.2,0.1
I024245,O14551,P0021,1,18265.35,0.1
I024246,O14552,P0087,3,5413.54,0.05
I024247,O14552,P0224,2,14337.8,0.05
I024248,O14552,P0460,2,1760.09,0.05
I024249,O14553,P0311,2,13470.81,0.15
I024250,O14554,P0427,1,2376.46,0.15
I024251,O14554,P0425,3,3871.16,0.15
I024252,O14555,P0322,1,179.06,0.1
I024253,O14555,P0240,1,16345.25,0.1
I024254,O14555,P0246,1,3212.48,0.1
I024255,O14555,P0210,2,3425.1,0.1
I024256,O14556,P0143,1,2154.67,0.15
I024257,O14557,P0391,1,16675.09,0.05
I024258,O14557,P0137,1,2945.06,0.05
I024259,O14558,P0125,1,8357.18,0.2
I024260,O14559,P0239,1,10044.2,0.25
I024261,O14559,P0322,4,179.06,0.25
I024262,O14560,P0036,1,22992.46,0.15
I024263,O14561,P0416,2,14378.26,0.05
I024264,O14561,P0177,1,5666.47,0.05
I024265,O14562,P0458,2,11252.82,0.2
I024266,O14562,P0061,1,9428.51,0.2
I024267,O14563,P0237,1,13454.07,0.3
I024268,O14563,P0383,3,5460.56,0.3
I024269,O14564,P0211,2,12771.97,0.1
I024270,O14564,P0179,3,12189.37,0.1
I024271,O14564,P0273,2,1414.88,0.1
I024272,O14565,P0218,3,10519.23,0.15
I024273,O14566,P0219,1,1340.09,0.2
I024274,O14567,P0472,1,6339.28,0.15
I024275,O14568,P0232,1,14966.59,0.05
I024276,O14569,P0225,2,925.67,0.1
I024277,O14570,P0092,1,3959.04,0.1
I024278,O14571,P0130,2,5669.17,0.1
I024279,O14571,P0046,3,15363.92,0.1
I024280,O14571,P0045,3,5553.07,0.1
I024281,O14571,P0082,1,8524.01,0.1
I024282,O14572,P0166,2,4299.84,0.15
I024283,O14572,P0065,1,11896.67,0.15
I024284,O14573,P0419,2,11206.88,0.05
I024285,O14574,P0226,2,1989.2,0.0
I024286,O14575,P0072,1,8074.69,0.0
I024287,O14575,P0469,4,12828.28,0.0
I024288,O14575,P0049,2,10387.8,0.0
I024289,O14576,P0434,1,15961.32,0.0
I024290,O14577,P0142,1,7546.26,0.05
I024291,O14578,P0144,3,5083.64,0.0
I024292,O14578,P0241,1,9473.89,0.0
I024293,O14579,P0248,1,5481.12,0.05
I024294,O14580,P0351,2,6684.2,0.1
I024295,O14580,P0420,1,5156.99,0.1
I024296,O14581,P0484,1,14051.85,0.15
I024297,O14582,P0476,1,1078.88,0.1
I024298,O14583,P0406,4,1199.98,0.1
I024299,O14583,P0325,1,883.29,0.1
I024300,O14583,P0359,3,17408.84,0.1
I024301,O14584,P0033,2,2436.78,0.05
I024302,O14585,P0313,1,15225.55,0.0
I024303,O14585,P0205,1,15563.05,0.0
I024304,O14585,P0168,1,11374.5,0.0
I024305,O14586,P0063,1,17989.43,0.0
I024306,O14586,P0037,2,5389.2,0.0
I024307,O14586,P0458,1,11252.82,0.0
I024308,O14587,P0436,2,9847.38,0.3
I024309,O14588,P0357,3,4004.54,0.25
I024310,O14588,P0336,1,5532.6,0.25
I024311,O14588,P0254,2,1468.59,0.25
I024312,O14589,P0292,5,21583.15,0.05
I024313,O14590,P0117,4,5812.89,0.05
I024314,O14591,P0418,1,12929.12,0.2
I024315,O14591,P0030,2,18850.92,0.2
I024316,O14591,P0188,1,6865.34,0.2
I024317,O14592,P0005,1,2113.83,0.0
I024318,O14593,P0455,2,6841.97,0.0
I024319,O14593,P0313,1,15225.55,0.0
I024320,O14594,P0423,1,13857.3,0.0
I024321,O14595,P0442,1,12851.94,0.2
I024322,O14595,P0156,1,17438.42,0.2
I024323,O14596,P0435,1,11265.94,0.0
I024324,O14596,P0426,1,17258.9,0.0
I024325,O14596,P0191,1,14335.92,0.0
I024326,O14597,P0073,1,14367.83,0.0
I024327,O14597,P0135,1,13687.78,0.0
I024328,O14598,P0467,1,7857.91,0.15
I024329,O14598,P0180,1,5738.9,0.15
I024330,O14598,P0397,1,18087.88,0.15
I024331,O14599,P0469,2,12828.28,0.1
I024332,O14599,P0084,1,10059.02,0.1
I024333,O14600,P0279,1,820.43,0.1
I024334,O14601,P0358,3,17680.82,0.25
I024335,O14602,P0049,2,10387.8,0.1
I024336,O14602,P0058,4,10856.44,0.1
I024337,O14603,P0265,1,16102.0,0.1
I024338,O14604,P0097,3,16913.36,0.1
I024339,O14605,P0399,2,9834.2,0.15
I024340,O14606,P0433,2,11369.56,0.05
I024341,O14606,P0242,1,12806.32,0.05
I024342,O14607,P0404,1,7190.22,0.15
I024343,O14608,P0198,1,15426.36,0.15
I024344,O14608,P0109,1,7019.11,0.15
I024345,O14608,P0205,2,15563.05,0.15
I024346,O14609,P0388,1,10509.73,0.05
I024347,O14609,P0366,2,12694.5,0.05
I024348,O14609,P0037,1,5389.2,0.05
I024349,O14610,P0248,1,5481.12,0.1
I024350,O14610,P0177,1,5666.47,0.1
I024351,O14611,P0103,1,9874.02,0.15
I024352,O14611,P0201,3,18090.68,0.15
I024353,O14612,P0232,1,14966.59,0.25
I024354,O14613,P0282,2,4087.36,0.25
I024355,O14614,P0007,1,20905.26,0.05
I024356,O14615,P0059,1,7497.65,0.1
I024357,O14616,P0189,1,1077.94,0.1
I024358,O14616,P0235,2,17675.52,0.1
I024359,O14616,P0131,1,2329.3,0.1
I024360,O14617,P0454,4,13398.41,0.05
I024361,O14618,P0002,1,685.44,0.05
I024362,O14619,P0308,1,10963.13,0.25
I024363,O14620,P0075,2,16717.1,0.0
I024364,O14621,P0081,1,12661.97,0.2
I024365,O14621,P0129,2,15750.63,0.2
I024366,O14622,P0136,1,10051.62,0.1
I024367,O14623,P0355,3,15161.64,0.1
I024368,O14624,P0122,1,20389.93,0.15
I024369,O14624,P0121,2,5223.81,0.15
I024370,O14625,P0271,1,10464.94,0.1
I024371,O14625,P0241,2,9473.89,0.1
I024372,O14626,P0307,3,8542.99,0.3
I024373,O14627,P0085,2,14574.29,0.2
I024374,O14628,P0374,1,20293.37,0.05
I024375,O14628,P0136,3,10051.62,0.05
I024376,O14628,P0496,1,20624.48,0.05
I024377,O14629,P0167,2,2741.53,0.15
I024378,O14630,P0288,1,16170.77,0.1
I024379,O14630,P0337,1,6259.83,0.1
I024380,O14630,P0175,3,8354.48,0.1
I024381,O14631,P0013,4,1067.21,0.05
I024382,O14631,P0074,3,20503.04,0.05
I024383,O14632,P0217,1,2504.14,0.05
I024384,O14632,P0050,1,12181.9,0.05
I024385,O14632,P0274,2,16208.88,0.05
I024386,O14633,P0167,1,2741.53,0.0
I024387,O14633,P0428,1,15197.13,0.0
I024388,O14633,P0486,2,7416.01,0.0
I024389,O14634,P0013,1,1067.21,0.1
I024390,O14635,P0416,1,14378.26,0.1
I024391,O14636,P0449,3,3785.19,0.15
I024392,O14637,P0057,2,14313.59,0.05
I024393,O14638,P0248,1,5481.12,0.15
I024394,O14639,P0460,1,1760.09,0.1
I024395,O14639,P0063,4,17989.43,0.1
I024396,O14640,P0141,1,2669.4,0.05
I024397,O14640,P0027,2,6637.92,0.05
I024398,O14641,P0366,1,12694.5,0.15
I024399,O14641,P0072,2,8074.69,0.15
I024400,O14642,P0156,1,17438.42,0.1
I024401,O14643,P0013,1,1067.21,0.25
I024402,O14644,P0196,1,3827.41,0.05
I024403,O14645,P0187,3,6663.59,0.25
I024404,O14646,P0431,1,7800.63,0.1
I024405,O14647,P0093,3,11807.43,0.1
I024406,O14647,P0349,3,17040.15,0.1
I024407,O14648,P0475,2,6070.94,0.2
I024408,O14648,P0185,1,11400.27,0.2
I024409,O14649,P0432,2,1677.91,0.0
I024410,O14650,P0055,1,18288.33,0.1
I024411,O14651,P0269,1,9853.0,0.0
I024412,O14651,P0094,1,6917.65,0.0
I024413,O14652,P0316,1,18765.5,0.1
I024414,O14653,P0008,2,404.42,0.0
I024415,O14654,P0007,2,20905.26,0.3
I024416,O14654,P0396,1,6181.52,0.3
I024417,O14655,P0377,1,7254.24,0.0
I024418,O14656,P0259,1,9091.06,0.25
I024419,O14656,P0215,2,2961.47,0.25
I024420,O14657,P0346,1,17166.81,0.1
I024421,O14658,P0041,5,11579.02,0.2
I024422,O14659,P0118,2,11312.75,0.05
I024423,O14659,P0243,2,5300.75,0.05
I024424,O14659,P0102,2,4552.64,0.05
I024425,O14660,P0439,2,11309.42,0.05
I024426,O14660,P0449,1,3785.19,0.05
I024427,O14661,P0063,1,17989.43,0.0
I024428,O14662,P0067,2,18606.26,0.1
I024429,O14662,P0225,1,925.67,0.1
I024430,O14662,P0407,1,775.43,0.1
I024431,O14662,P0433,2,11369.56,0.1
I024432,O14663,P0415,1,19105.92,0.05
I024433,O14664,P0078,3,18121.01,0.2
I024434,O14665,P0387,2,11008.74,0.0
I024435,O14665,P0479,1,2007.3,0.0
I024436,O14665,P0465,3,7131.53,0.0
I024437,O14665,P0496,4,20624.48,0.0
I024438,O14666,P0372,1,5715.65,0.0
I024439,O14666,P0280,4,19260.63,0.0
I024440,O14666,P0053,1,11740.23,0.0
I024441,O14667,P0204,1,3139.42,0.05
I024442,O14668,P0334,1,5599.91,0.0
I024443,O14668,P0450,1,2255.15,0.0
I024444,O14669,P0327,2,7197.89,0.2
I024445,O14670,P0385,1,9160.1,0.0
I024446,O14671,P0435,1,11265.94,0.15
I024447,O14671,P0092,2,3959.04,0.15
I024448,O14672,P0290,5,5856.65,0.1
I024449,O14673,P0098,2,18024.33,0.15
I024450,O14673,P0244,2,6694.24,0.15
I024451,O14674,P0437,2,9057.77,0.1
I024452,O14675,P0046,1,15363.92,0.1
I024453,O14676,P0137,2,2945.06,0.1
I024454,O14677,P0445,1,5378.95,0.05
I024455,O14677,P0464,1,11639.56,0.05
I024456,O14677,P0188,3,6865.34,0.05
I024457,O14678,P0443,1,3024.24,0.0
I024458,O14678,P0075,1,16717.1,0.0
I024459,O14679,P0170,1,10734.0,0.1
I024460,O14679,P0290,1,5856.65,0.1
I024461,O14679,P0397,1,18087.88,0.1
I024462,O14680,P0083,2,7026.05,0.2
I024463,O14680,P0248,1,5481.12,0.2
I024464,O14680,P0318,3,18336.52,0.2
I024465,O14681,P0144,5,5083.64,0.15
I024466,O14682,P0444,1,4611.38,0.05
I024467,O14683,P0489,1,16108.48,0.2
I024468,O14684,P0243,1,5300.75,0.1
I024469,O14685,P0114,4,2768.84,0.05
I024470,O14686,P0260,1,9638.98,0.2
I024471,O14686,P0193,1,3841.48,0.2
I024472,O14686,P0093,1,11807.43,0.2
I024473,O14687,P0349,1,17040.15,0.1
I024474,O14687,P0476,1,1078.88,0.1
I024475,O14687,P0213,1,13682.03,0.1
I024476,O14688,P0466,1,7584.85,0.1
I024477,O14689,P0405,1,10874.23,0.05
I024478,O14690,P0239,1,10044.2,0.15
I024479,O14690,P0338,1,9789.99,0.15
I024480,O14690,P0033,1,2436.78,0.15
I024481,O14690,P0025,2,21151.19,0.15
I024482,O14691,P0325,2,883.29,0.1
I024483,O14691,P0071,3,1222.75,0.1
I024484,O14692,P0312,1,8312.33,0.05
I024485,O14693,P0106,1,5470.36,0.05
I024486,O14694,P0064,1,18152.26,0.05
I024487,O14695,P0330,3,621.58,0.1
I024488,O14696,P0442,2,12851.94,0.15
I024489,O14696,P0217,2,2504.14,0.15
I024490,O14696,P0121,1,5223.81,0.15
I024491,O14697,P0469,2,12828.28,0.05
I024492,O14698,P0147,1,5903.16,0.15
I024493,O14699,P0432,1,1677.91,0.2
I024494,O14700,P0287,1,11017.89,0.05
I024495,O14701,P0371,1,14987.41,0.05
I024496,O14701,P0367,1,14116.53,0.05
I024497,O14702,P0363,1,11446.48,0.1
I024498,O14703,P0230,2,16237.69,0.15
I024499,O14704,P0090,1,19317.51,0.0
I024500,O14705,P0302,1,10139.5,0.05
I024501,O14706,P0291,1,8891.78,0.0
I024502,O14707,P0357,1,4004.54,0.1
I024503,O14707,P0058,1,10856.44,0.1
I024504,O14708,P0211,1,12771.97,0.25
I024505,O14708,P0125,3,8357.18,0.25
I024506,O14708,P0306,3,20887.78,0.25
I024507,O14709,P0411,2,9751.96,0.0
I024508,O14709,P0334,2,5599.91,0.0
I024509,O14710,P0167,3,2741.53,0.05
I024510,O14711,P0209,1,17935.22,0.15
I024511,O14711,P0465,3,7131.53,0.15
I024512,O14712,P0398,3,15186.38,0.15
I024513,O14713,P0192,1,13132.41,0.1
I024514,O14714,P0357,1,4004.54,0.05
I024515,O14714,P0297,1,14103.76,0.05
I024516,O14714,P0169,2,5258.15,0.05
I024517,O14714,P0082,3,8524.01,0.05
I024518,O14715,P0332,4,9365.5,0.0
I024519,O14715,P0299,1,9253.96,0.0
I024520,O14715,P0354,1,749.54,0.0
I024521,O14715,P0095,1,708.58,0.0
I024522,O14716,P0422,4,6180.37,0.05
I024523,O14716,P0276,1,15791.95,0.05
I024524,O14716,P0328,2,15667.69,0.05
I024525,O14717,P0057,2,14313.59,0.1
I024526,O14718,P0356,1,17911.43,0.05
I024527,O14718,P0007,1,20905.26,0.05
I024528,O14719,P0029,1,7973.77,0.2
I024529,O14720,P0120,2,15630.4,0.1
I024530,O14720,P0121,1,5223.81,0.1
I024531,O14720,P0370,1,12293.71,0.1
I024532,O14721,P0077,2,10405.98,0.0
I024533,O14722,P0389,1,10740.24,0.0
I024534,O14722,P0163,2,16537.01,0.0
I024535,O14723,P0231,3,5606.43,0.05
I024536,O14724,P0198,1,15426.36,0.1
I024537,O14725,P0177,2,5666.47,0.25
I024538,O14726,P0459,1,15147.66,0.0
I024539,O14727,P0222,1,6948.91,0.2
I024540,O14727,P0227,2,1214.17,0.2
I024541,O14727,P0086,3,12651.01,0.2
I024542,O14728,P0092,1,3959.04,0.1
I024543,O14728,P0363,1,11446.48,0.1
I024544,O14728,P0355,1,15161.64,0.1
I024545,O14729,P0216,1,4253.32,0.05
I024546,O14730,P0449,3,3785.19,0.1
I024547,O14731,P0128,3,11542.08,0.15
I024548,O14732,P0401,3,18961.41,0.05
I024549,O14733,P0408,2,12252.4,0.2
I024550,O14733,P0336,1,5532.6,0.2
I024551,O14734,P0267,3,13380.29,0.1
I024552,O14735,P0448,1,11150.05,0.0
I024553,O14736,P0231,2,5606.43,0.1
I024554,O14737,P0067,2,18606.26,0.15
I024555,O14737,P0163,1,16537.01,0.15
I024556,O14737,P0372,2,5715.65,0.15
I024557,O14738,P0226,2,1989.2,0.1
I024558,O14738,P0102,3,4552.64,0.1
I024559,O14738,P0019,1,7331.38,0.1
I024560,O14738,P0160,1,6251.25,0.1
I024561,O14739,P0126,1,12590.35,0.1
I024562,O14740,P0022,1,16227.09,0.0
I024563,O14740,P0319,1,17097.24,0.0
I024564,O14741,P0376,3,21096.71,0.1
I024565,O14741,P0051,1,13023.34,0.1
I024566,O14742,P0034,1,3767.39,0.05
I024567,O14743,P0371,1,14987.41,0.0
I024568,O14744,P0456,1,5984.52,0.15
I024569,O14745,P0047,1,3795.44,0.05
I024570,O14746,P0139,1,11137.68,0.05
I024571,O14747,P0455,2,6841.97,0.1
I024572,O14748,P0221,1,9748.25,0.1
I024573,O14748,P0469,4,12828.28,0.1
I024574,O14748,P0139,1,11137.68,0.1
I024575,O14749,P0404,1,7190.22,0.15
I024576,O14749,P0238,3,16729.81,0.15
I024577,O14749,P0378,1,224.7,0.15
I024578,O14750,P0098,1,18024.33,0.2
I024579,O14750,P0344,2,5745.03,0.2
I024580,O14750,P0128,1,11542.08,0.2
I024581,O14751,P0131,1,2329.3,0.0
I024582,O14751,P0162,2,11199.84,0.0
I024583,O14752,P0164,1,744.63,0.05
I024584,O14752,P0425,1,3871.16,0.05
I024585,O14753,P0267,3,13380.29,0.05
I024586,O14753,P0353,3,4627.28,0.05
I024587,O14754,P0157,1,1053.8,0.1
I024588,O14754,P0091,1,5800.05,0.1
I024589,O14754,P0197,3,5628.38,0.1
I024590,O14755,P0091,2,5800.05,0.0
I024591,O14756,P0390,1,2477.97,0.15
I024592,O14756,P0026,1,8043.88,0.15
I024593,O14757,P0390,1,2477.97,0.0
I024594,O14757,P0284,2,9183.48,0.0
I024595,O14757,P0067,1,18606.26,0.0
I024596,O14758,P0250,1,17490.25,0.25
I024597,O14758,P0187,1,6663.59,0.25
I024598,O14759,P0398,1,15186.38,0.2
I024599,O14759,P0201,1,18090.68,0.2
I024600,O14759,P0138,2,9332.54,0.2
I024601,O14760,P0336,2,5532.6,0.25
I024602,O14761,P0436,2,9847.38,0.0
I024603,O14762,P0365,4,1546.12,0.05
I024604,O14762,P0347,2,207.7,0.05
I024605,O14763,P0388,1,10509.73,0.25
I024606,O14764,P0123,1,12283.66,0.3
I024607,O14765,P0238,1,16729.81,0.05
I024608,O14765,P0121,1,5223.81,0.05
I024609,O14765,P0442,1,12851.94,0.05
I024610,O14765,P0022,2,16227.09,0.05
I024611,O14766,P0072,1,8074.69,0.1
I024612,O14766,P0140,1,23423.37,0.1
I024613,O14767,P0410,1,8140.59,0.05
I024614,O14768,P0456,2,5984.52,0.2
I024615,O14769,P0227,1,1214.17,0.0
I024616,O14770,P0470,1,16384.1,0.15
I024617,O14770,P0313,1,15225.55,0.15
I024618,O14770,P0001,1,12680.89,0.15
I024619,O14770,P0079,1,16242.79,0.15
I024620,O14771,P0005,1,2113.83,0.05
I024621,O14771,P0118,2,11312.75,0.05
I024622,O14771,P0373,1,8955.67,0.05
I024623,O14771,P0200,5,9202.06,0.05
I024624,O14772,P0159,1,12341.8,0.05
I024625,O14773,P0130,1,5669.17,0.1
I024626,O14774,P0218,2,10519.23,0.1
I024627,O14774,P0097,1,16913.36,0.1
I024628,O14775,P0423,1,13857.3,0.1
I024629,O14775,P0069,2,6827.67,0.1
I024630,O14776,P0330,1,621.58,0.15
I024631,O14777,P0018,1,8521.23,0.05
I024632,O14778,P0408,2,12252.4,0.15
I024633,O14778,P0188,1,6865.34,0.15
I024634,O14779,P0427,4,2376.46,0.1
I024635,O14780,P0230,3,16237.69,0.0
I024636,O14781,P0369,2,2936.18,0.2
I024637,O14781,P0028,1,2327.59,0.2
I024638,O14781,P0051,2,13023.34,0.2
I024639,O14782,P0371,1,14987.41,0.05
I024640,O14782,P0022,2,16227.09,0.05
I024641,O14783,P0099,1,11095.32,0.2
I024642,O14783,P0104,2,389.71,0.2
I024643,O14784,P0316,1,18765.5,0.15
I024644,O14784,P0429,3,4623.76,0.15
I024645,O14785,P0182,1,7028.31,0.1
I024646,O14786,P0442,1,12851.94,0.15
I024647,O14786,P0024,2,14146.9,0.15
I024648,O14786,P0496,1,20624.48,0.15
I024649,O14787,P0199,1,13045.06,0.3
I024650,O14788,P0270,1,15544.12,0.05
I024651,O14789,P0269,1,9853.0,0.1
I024652,O14790,P0486,4,7416.01,0.0
I024653,O14791,P0450,3,2255.15,0.2
I024654,O14792,P0312,1,8312.33,0.1
I024655,O14793,P0445,2,5378.95,0.0
I024656,O14794,P0468,2,17686.56,0.1
I024657,O14794,P0218,1,10519.23,0.1
I024658,O14795,P0160,1,6251.25,0.1
I024659,O14796,P0143,1,2154.67,0.05
I024660,O14796,P0170,3,10734.0,0.05
I024661,O14796,P0227,1,1214.17,0.05
I024662,O14797,P0225,1,925.67,0.0
I024663,O14797,P0389,1,10740.24,0.0
I024664,O14798,P0352,1,10103.59,0.05
I024665,O14798,P0078,1,18121.01,0.05
I024666,O14799,P0189,1,1077.94,0.05
I024667,O14799,P0414,1,3244.46,0.05
I024668,O14799,P0485,1,1818.67,0.05
I024669,O14800,P0181,1,6969.81,0.15
I024670,O14801,P0097,1,16913.36,0.05
I024671,O14801,P0132,1,8762.43,0.05
I024672,O14802,P0405,4,10874.23,0.25
I024673,O14803,P0298,1,14301.55,0.05
I024674,O14804,P0087,1,5413.54,0.2
I024675,O14805,P0349,4,17040.15,0.05
I024676,O14806,P0263,2,12622.11,0.3
I024677,O14807,P0347,1,207.7,0.15
I024678,O14807,P0423,2,13857.3,0.15
I024679,O14807,P0138,1,9332.54,0.15
I024680,O14807,P0493,1,17331.35,0.15
I024681,O14808,P0168,3,11374.5,0.1
I024682,O14808,P0429,1,4623.76,0.1
I024683,O14809,P0050,2,12181.9,0.2
I024684,O14810,P0340,1,6540.28,0.2
I024685,O14811,P0383,1,5460.56,0.3
I024686,O14812,P0225,1,925.67,0.0
I024687,O14812,P0388,1,10509.73,0.0
I024688,O14813,P0354,4,749.54,0.1
I024689,O14814,P0243,2,5300.75,0.05
I024690,O14814,P0188,1,6865.34,0.05
I024691,O14814,P0366,1,12694.5,0.05
I024692,O14815,P0333,1,16891.72,0.05
I024693,O14816,P0258,2,5357.22,0.1
I024694,O14817,P0408,3,12252.4,0.1
I024695,O14818,P0053,2,11740.23,0.15
I024696,O14818,P0031,2,10837.07,0.15
I024697,O14818,P0243,3,5300.75,0.15
I024698,O14818,P0073,2,14367.83,0.15
I024699,O14819,P0423,1,13857.3,0.05
I024700,O14819,P0273,1,1414.88,0.05
I024701,O14820,P0338,4,9789.99,0.1
I024702,O14821,P0222,1,6948.91,0.25
I024703,O14821,P0270,2,15544.12,0.25
I024704,O14822,P0294,1,9318.36,0.0
I024705,O14822,P0023,1,8677.28,0.0
I024706,O14823,P0243,1,5300.75,0.05
I024707,O14823,P0274,1,16208.88,0.05
I024708,O14823,P0039,1,1954.54,0.05
I024709,O14824,P0045,3,5553.07,0.0
I024710,O14825,P0413,1,4516.32,0.0
I024711,O14826,P0275,1,18205.93,0.0
I024712,O14827,P0169,3,5258.15,0.05
I024713,O14828,P0306,2,20887.78,0.2
I024714,O14829,P0417,4,7877.14,0.05
I024715,O14830,P0415,1,19105.92,0.05
I024716,O14830,P0244,1,6694.24,0.05
I024717,O14831,P0320,2,22881.56,0.2
I024718,O14831,P0265,1,16102.0,0.2
I024719,O14831,P0412,1,14362.31,0.2
I024720,O14832,P0272,2,13853.17,0.0
I024721,O14833,P0403,1,10949.03,0.05
I024722,O14834,P0415,1,19105.92,0.15
I024723,O14834,P0194,1,4785.07,0.15
I024724,O14834,P0150,2,19657.29,0.15
I024725,O14834,P0318,1,18336.52,0.15
I024726,O14835,P0425,2,3871.16,0.15
I024727,O14836,P0120,2,15630.4,0.05
I024728,O14837,P0205,1,15563.05,0.0
I024729,O14838,P0047,3,3795.44,0.05
I024730,O14839,P0163,1,16537.01,0.15
I024731,O14839,P0250,1,17490.25,0.15
I024732,O14840,P0427,1,2376.46,0.15
I024733,O14840,P0325,1,883.29,0.15
I024734,O14840,P0348,1,19194.75,0.15
I024735,O14841,P0067,1,18606.26,0.1
I024736,O14842,P0280,1,19260.63,0.05
I024737,O14843,P0411,1,9751.96,0.15
I024738,O14843,P0163,1,16537.01,0.15
I024739,O14844,P0186,2,14403.22,0.25
I024740,O14844,P0325,2,883.29,0.25
I024741,O14844,P0319,2,17097.24,0.25
I024742,O14845,P0038,1,13981.96,0.15
I024743,O14845,P0155,2,16173.54,0.15
I024744,O14846,P0370,2,12293.71,0.05
I024745,O14846,P0312,1,8312.33,0.05
I024746,O14847,P0145,2,5897.75,0.25
I024747,O14847,P0355,2,15161.64,0.25
I024748,O14848,P0422,1,6180.37,0.1
I024749,O14849,P0248,3,5481.12,0.0
I024750,O14850,P0350,1,14181.21,0.05
I024751,O14851,P0222,1,6948.91,0.15
I024752,O14852,P0267,1,13380.29,0.2
I024753,O14853,P0283,1,10933.03,0.1
I024754,O14854,P0421,4,3134.29,0.0
I024755,O14854,P0242,3,12806.32,0.0
I024756,O14855,P0378,2,224.7,0.0
I024757,O14856,P0297,1,14103.76,0.05
I024758,O14856,P0269,2,9853.0,0.05
I024759,O14856,P0353,1,4627.28,0.05
I024760,O14857,P0378,4,224.7,0.0
I024761,O14857,P0199,1,13045.06,0.0
I024762,O14858,P0144,1,5083.64,0.1
I024763,O14858,P0215,1,2961.47,0.1
I024764,O14858,P0059,1,7497.65,0.1
I024765,O14859,P0368,1,19421.03,0.15
I024766,O14860,P0253,1,10206.89,0.1
I024767,O14860,P0350,1,14181.21,0.1
I024768,O14861,P0373,1,8955.67,0.2
I024769,O14862,P0485,1,1818.67,0.15
I024770,O14863,P0126,1,12590.35,0.05
I024771,O14863,P0352,2,10103.59,0.05
I024772,O14864,P0252,1,18803.98,0.05
I024773,O14864,P0428,1,15197.13,0.05
I024774,O14865,P0412,4,14362.31,0.05
I024775,O14866,P0425,1,3871.16,0.1
I024776,O14867,P0025,2,21151.19,0.15
I024777,O14868,P0434,3,15961.32,0.0
I024778,O14868,P0106,2,5470.36,0.0
I024779,O14869,P0375,3,1937.18,0.0
I024780,O14870,P0072,1,8074.69,0.0
I024781,O14870,P0388,2,10509.73,0.0
I024782,O14870,P0185,2,11400.27,0.0
I024783,O14871,P0081,1,12661.97,0.0
I024784,O14872,P0211,1,12771.97,0.15
I024785,O14872,P0457,1,18511.82,0.15
I024786,O14872,P0289,1,5068.21,0.15
I024787,O14873,P0451,3,18517.71,0.0
I024788,O14873,P0240,1,16345.25,0.0
I024789,O14874,P0114,1,2768.84,0.1
I024790,O14874,P0250,1,17490.25,0.1
I024791,O14874,P0498,1,1038.57,0.1
I024792,O14874,P0046,2,15363.92,0.1
I024793,O14875,P0467,1,7857.91,0.1
I024794,O14876,P0150,1,19657.29,0.3
I024795,O14876,P0186,1,14403.22,0.3
I024796,O14877,P0025,2,21151.19,0.15
I024797,O14878,P0345,1,18312.01,0.15
I024798,O14879,P0417,1,7877.14,0.0
I024799,O14880,P0350,1,14181.21,0.2
I024800,O14881,P0414,1,3244.46,0.05
I024801,O14881,P0435,1,11265.94,0.05
I024802,O14882,P0116,3,14318.59,0.05
I024803,O14882,P0333,1,16891.72,0.05
I024804,O14882,P0443,4,3024.24,0.05
I024805,O14883,P0448,3,11150.05,0.1
I024806,O14884,P0067,4,18606.26,0.15
I024807,O14884,P0128,4,11542.08,0.15
I024808,O14884,P0446,1,18710.12,0.15
I024809,O14885,P0490,1,17879.27,0.05
I024810,O14886,P0016,1,4929.52,0.15
I024811,O14887,P0417,2,7877.14,0.05
I024812,O14888,P0041,1,11579.02,0.0
I024813,O14888,P0310,3,6739.9,0.0
I024814,O14888,P0238,1,16729.81,0.0
I024815,O14888,P0035,1,10869.62,0.0
I024816,O14889,P0458,4,11252.82,0.15
I024817,O14890,P0275,1,18205.93,0.25
I024818,O14891,P0485,3,1818.67,0.2
I024819,O14891,P0081,1,12661.97,0.2
I024820,O14892,P0003,3,14157.19,0.0
I024821,O14892,P0327,2,7197.89,0.0
I024822,O14893,P0189,1,1077.94,0.05
I024823,O14894,P0305,4,5268.03,0.05
I024824,O14894,P0129,1,15750.63,0.05
I024825,O14894,P0188,5,6865.34,0.05
I024826,O14895,P0151,2,8069.27,0.1
I024827,O14896,P0197,1,5628.38,0.0
I024828,O14897,P0170,1,10734.0,0.1
I024829,O14898,P0064,3,18152.26,0.25
I024830,O14899,P0132,1,8762.43,0.1
I024831,O14899,P0461,2,6940.51,0.1
I024832,O14899,P0188,3,6865.34,0.1
I024833,O14900,P0259,2,9091.06,0.05
I024834,O14901,P0135,1,13687.78,0.15
I024835,O14901,P0461,1,6940.51,0.15
I024836,O14902,P0500,1,14456.78,0.05
I024837,O14902,P0488,5,6474.12,0.05
I024838,O14902,P0149,1,18764.92,0.05
I024839,O14902,P0405,1,10874.23,0.05
I024840,O14903,P0150,4,19657.29,0.0
I024841,O14903,P0031,1,10837.07,0.0
I024842,O14903,P0450,2,2255.15,0.0
I024843,O14904,P0176,1,13983.62,0.05
I024844,O14905,P0215,2,2961.47,0.15
I024845,O14906,P0111,1,4168.73,0.05
I024846,O14906,P0060,1,10597.6,0.05
I024847,O14907,P0474,1,2142.32,0.05
I024848,O14908,P0379,1,4596.34,0.05
I024849,O14909,P0393,1,1256.74,0.2
I024850,O14909,P0133,2,16221.29,0.2
I024851,O14909,P0076,2,12082.97,0.2
I024852,O14910,P0499,1,2390.13,0.05
I024853,O14910,P0189,1,1077.94,0.05
I024854,O14911,P0256,3,10413.89,0.05
I024855,O14911,P0382,1,17253.16,0.05
I024856,O14911,P0389,1,10740.24,0.05
I024857,O14912,P0292,1,21583.15,0.25
I024858,O14912,P0092,1,3959.04,0.25
I024859,O14912,P0301,1,1551.88,0.25
I024860,O14913,P0081,3,12661.97,0.3
I024861,O14914,P0381,3,1646.42,0.1
I024862,O14914,P0279,2,820.43,0.1
I024863,O14915,P0391,2,16675.09,0.25
I024864,O14915,P0290,1,5856.65,0.25
I024865,O14916,P0219,5,1340.09,0.15
I024866,O14917,P0336,2,5532.6,0.05
I024867,O14917,P0155,1,16173.54,0.05
I024868,O14918,P0342,1,8867.09,0.15
I024869,O14919,P0171,1,6118.98,0.15
I024870,O14919,P0192,1,13132.41,0.15
I024871,O14919,P0007,1,20905.26,0.15
I024872,O14920,P0163,1,16537.01,0.15
I024873,O14920,P0236,5,13763.86,0.15
I024874,O14920,P0071,1,1222.75,0.15
I024875,O14921,P0380,1,1803.38,0.1
I024876,O14922,P0389,1,10740.24,0.1
I024877,O14922,P0473,1,731.76,0.1
I024878,O14923,P0360,1,4434.75,0.2
I024879,O14923,P0472,2,6339.28,0.2
I024880,O14924,P0376,1,21096.71,0.15
I024881,O14925,P0067,2,18606.26,0.15
I024882,O14926,P0451,1,18517.71,0.05
I024883,O14926,P0168,1,11374.5,0.05
I024884,O14926,P0254,4,1468.59,0.05
I024885,O14927,P0324,3,2232.66,0.25
I024886,O14928,P0195,1,18266.79,0.15
I024887,O14928,P0203,1,14797.26,0.15
I024888,O14929,P0423,1,13857.3,0.1
I024889,O14929,P0100,5,7091.79,0.1
I024890,O14930,P0034,2,3767.39,0.1
I024891,O14930,P0424,1,1099.43,0.1
I024892,O14931,P0469,1,12828.28,0.1
I024893,O14932,P0151,1,8069.27,0.15
I024894,O14932,P0163,3,16537.01,0.15
I024895,O14933,P0052,1,22717.29,0.15
I024896,O14934,P0164,1,744.63,0.2
I024897,O14934,P0170,1,10734.0,0.2
I024898,O14934,P0127,2,12125.3,0.2
I024899,O14934,P0369,4,2936.18,0.2
I024900,O14935,P0493,1,17331.35,0.05
I024901,O14936,P0119,1,14136.98,0.1
I024902,O14937,P0005,1,2113.83,0.05
I024903,O14938,P0404,1,7190.22,0.1
I024904,O14939,P0289,1,5068.21,0.1
I024905,O14939,P0323,1,19857.8,0.1
I024906,O14939,P0136,1,10051.62,0.1
I024907,O14940,P0120,4,15630.4,0.15
I024908,O14941,P0477,1,13272.75,0.1
I024909,O14941,P0028,1,2327.59,0.1
I024910,O14941,P0391,1,16675.09,0.1
I024911,O14942,P0147,2,5903.16,0.2
I024912,O14942,P0215,1,2961.47,0.2
I024913,O14943,P0184,2,5176.95,0.0
I024914,O14943,P0385,2,9160.1,0.0
I024915,O14944,P0284,1,9183.48,0.2
I024916,O14944,P0161,1,4912.94,0.2
I024917,O14945,P0344,1,5745.03,0.05
I024918,O14946,P0165,3,8775.25,0.15
I024919,O14947,P0466,1,7584.85,0.1
I024920,O14947,P0148,1,3827.6,0.1
I024921,O14948,P0034,2,3767.39,0.15
I024922,O14949,P0406,1,1199.98,0.1
I024923,O14950,P0322,1,179.06,0.15
I024924,O14950,P0070,4,3923.76,0.15
I024925,O14951,P0319,2,17097.24,0.15
I024926,O14952,P0074,1,20503.04,0.05
I024927,O14952,P0330,1,621.58,0.05
I024928,O14953,P0344,1,5745.03,0.05
I024929,O14954,P0331,1,7610.91,0.2
I024930,O14955,P0084,1,10059.02,0.2
I024931,O14956,P0039,1,1954.54,0.15
I024932,O14957,P0490,1,17879.27,0.05
I024933,O14958,P0449,1,3785.19,0.05
I024934,O14959,P0418,1,12929.12,0.0
I024935,O14960,P0136,1,10051.62,0.25
I024936,O14961,P0387,2,11008.74,0.1
I024937,O14961,P0117,1,5812.89,0.1
I024938,O14962,P0478,3,24448.55,0.1
I024939,O14963,P0363,1,11446.48,0.15
I024940,O14964,P0127,1,12125.3,0.1
I024941,O14964,P0277,2,14027.28,0.1
I024942,O14964,P0474,1,2142.32,0.1
I024943,O14965,P0157,1,1053.8,0.05
I024944,O14966,P0393,2,1256.74,0.1
I024945,O14967,P0022,3,16227.09,0.15
I024946,O14967,P0086,1,12651.01,0.15
I024947,O14968,P0302,1,10139.5,0.2
I024948,O14969,P0217,1,2504.14,0.0
I024949,O14970,P0073,1,14367.83,0.0
I024950,O14971,P0315,1,8767.22,0.05
I024951,O14972,P0237,3,13454.07,0.0
I024952,O14972,P0051,3,13023.34,0.0
I024953,O14973,P0049,2,10387.8,0.1
I024954,O14974,P0277,2,14027.28,0.2
I024955,O14974,P0497,1,5343.08,0.2
I024956,O14975,P0432,1,1677.91,0.05
I024957,O14976,P0258,4,5357.22,0.1
I024958,O14976,P0131,1,2329.3,0.1
I024959,O14976,P0126,1,12590.35,0.1
I024960,O14977,P0042,2,18369.63,0.1
I024961,O14977,P0400,1,7063.54,0.1
I024962,O14977,P0352,2,10103.59,0.1
I024963,O14978,P0447,1,13008.01,0.2
I024964,O14979,P0090,1,19317.51,0.25
I024965,O14979,P0122,1,20389.93,0.25
I024966,O14980,P0067,1,18606.26,0.1
I024967,O14980,P0167,4,2741.53,0.1
I024968,O14981,P0066,3,4602.72,0.0
I024969,O14982,P0323,2,19857.8,0.05
I024970,O14982,P0257,1,8094.05,0.05
I024971,O14983,P0206,1,13942.45,0.05
I024972,O14983,P0474,1,2142.32,0.05
I024973,O14983,P0472,1,6339.28,0.05
I024974,O14983,P0118,1,11312.75,0.05
I024975,O14984,P0181,1,6969.81,0.1
I024976,O14985,P0473,1,731.76,0.15
I024977,O14985,P0483,1,14346.17,0.15
I024978,O14986,P0493,2,17331.35,0.0
I024979,O14986,P0025,1,21151.19,0.0
I024980,O14987,P0435,2,11265.94,0.05
I024981,O14987,P0325,1,883.29,0.05
I024982,O14988,P0285,2,11518.27,0.1
I024983,O14988,P0314,1,5199.64,0.1
I024984,O14988,P0143,5,2154.67,0.1
I024985,O14989,P0229,1,971.19,0.15
I024986,O14989,P0064,1,18152.26,0.15
I024987,O14990,P0316,3,18765.5,0.05
I024988,O14990,P0274,2,16208.88,0.05
I024989,O14990,P0391,1,16675.09,0.05
I024990,O14991,P0493,2,17331.35,0.1
I024991,O14992,P0383,1,5460.56,0.1
I024992,O14992,P0480,2,12036.43,0.1
I024993,O14993,P0189,1,1077.94,0.25
I024994,O14994,P0416,2,14378.26,0.2
I024995,O14994,P0172,2,13856.39,0.2
I024996,O14995,P0364,4,20513.3,0.2
I024997,O14996,P0432,1,1677.91,0.0
I024998,O14997,P0303,3,15132.39,0.2
I024999,O14998,P0233,1,9166.88,0.05
I025000,O14999,P0379,2,4596.34,0.1
I025001,O15000,P0017,1,9858.5,0.1
I025002,O15000,P0088,1,10596.08,0.1
